id,title,description,link,image_link,additional_image_link,availability,price,sale_price,brand,mpn,condition,google_product_category,product_type,item_group_id
CHB-4242,15 Säcke aus 100 % trockenem Birkenholz von 8 kg – 25 cm,"Zusätzliche Informationen Marke Birkenholz Feuchtigkeitsprozentsatz <20 % Länge der Scheite 25cm Querschnitt von Scheiten 8 bis 12 cm Gewicht 120kg Die Lautstärke 0,35 m3 Material Brennholz Benzin Birkenholz",https://chaufobois.fr/product/15-sacs-de-bois-de-bouleau-100-sec-de-8-kg-25cm/,https://chaufobois.fr/wp-content/uploads/2022/11/berkenhout-in-netten.jpeg,"https://chaufobois.fr/wp-content/uploads/2022/11/Capture-decran-2021-12-30-a-04.18.13.png,https://chaufobois.fr/wp-content/uploads/2022/11/Capture-decran-2021-12-30-a-04.17.30.png,https://chaufobois.fr/wp-content/uploads/2022/11/Capture-decran-2021-12-30-a-04.17.47.png",in stock,139.00 EUR,120.00 EUR,Chaufobois,CHB-4242,new,Home & Garden > Fireplace & Wood Stove Accessories > Firewood & Fuel,BRENNHOLZ,
CHB-4241,80 Säcke Birkenholz – 25 cm – 100 % trocken,"Zusätzliche Informationen Marke Birkenholz Feuchtigkeitsprozentsatz <20 % Länge der Scheite 25cm Querschnitt von Scheiten 8 bis 12 cm Gewicht 640kg Die Lautstärke 1,50 m3 Material Birke Benzin Birkenholz",https://chaufobois.fr/product/80-sacs-de-bois-de-bouleau-25cm-100-sec/,https://chaufobois.fr/wp-content/uploads/2022/11/2-kuub-berkenhout-in-netten_6-1.png,https://chaufobois.fr/wp-content/uploads/2022/11/2-kuub-berkenhout-in-netten_6.png,in stock,349.00 EUR,320.00 EUR,Chaufobois,CHB-4241,new,Home & Garden > Fireplace & Wood Stove Accessories > Firewood & Fuel,BRENNHOLZ,
CHB-4240,40 Säcke Erlenholz – 2 m3 – 25 cm,"40 Säcke getrocknetes Brennholz aus Erle. Erle ist ein Hartholz, das wunderbar sauber brennt. Die Säcke wiegen 8 kg. Das Holz ist durchschnittlich 25 cm lang und gespalten. Zusätzliche Informationen Marke Erlenholz Feuchtigkeitsprozentsatz <20 % Länge der Scheite 25cm Querschnitt von Scheiten 8 bis 12 cm Gewicht 320 Kilogramm Die Lautstärke 0,70 m3 Material Erlenholz Benzin Erlenholz",https://chaufobois.fr/product/40-sacs-de-bois-daulne-2-m3-25cm/,https://chaufobois.fr/wp-content/uploads/2022/11/40-zakken-elzenhout.png,https://chaufobois.fr/wp-content/uploads/2022/11/40-zakken-elzenhout-1.png,in stock,219.00 EUR,200.00 EUR,Chaufobois,CHB-4240,new,Home & Garden > Fireplace & Wood Stove Accessories > Firewood & Fuel,BRENNHOLZ,
CHB-4239,40 Säcke trockenes Holz – 100 % Esche – 8 kg,"Eschenholz kann mit Eichenholz verglichen werden. Eschenholz ist gleichermaßen hart und brennt langsam. Der Vorteil von Esche besteht darin, dass dieses Holz keine Säuren enthält. Dadurch entsteht eine ruhige Flamme und das Holz spritzt überhaupt nicht. Gut getrocknete Esche ist eine Augenweide. Esche entzündet sich leicht und verbrennt sauber. Eschenholz ist sehr ertragreich und raucht nicht. Es wird empfohlen, zum Anzünden des Feuers Anzündholz und Feueranzünder zu verwenden. Dies verhindert unnötige Rauch- und Rußbildung in Ihrem Ofen. Zusätzliche Informationen Artikelnummer Marke Eschenholz Abmessungen (H x B x T) 1,00x 1,20x 0,85m Feuchtigkeitsprozentsatz <20 % Länge der Scheite 25cm Querschnitt von Scheiten 8 bis 12 cm Gewicht 320 Kilogramm Die Lautstärke 0,70 m3 Material Eschenholz Benzin Eschenholz",https://chaufobois.fr/product/40-sacs-de-bois-sec-100-frene-8-kg/,https://chaufobois.fr/wp-content/uploads/2022/11/30-zakken-essenhout.jpeg,"https://chaufobois.fr/wp-content/uploads/2022/11/15-zakken-essn-haardhout_1.jpeg,https://chaufobois.fr/wp-content/uploads/2022/11/Capture-decran-2021-12-30-a-03.39.39.png",in stock,279.00 EUR,,Chaufobois,CHB-4239,new,Home & Garden > Fireplace & Wood Stove Accessories > Firewood & Fuel,BRENNHOLZ,
CHB-4238,Halbpalette – Ofengetrocknete Esche – 25 cm,"Dicht gestapelte Palette mit einem Kubikmeter ofengetrocknetem Eschenbrennholz. Dank der heißen Flamme sorgt es für einen hohen Wirkungsgrad, wodurch sich Eschenholz ideal zum Heizen eignet. Zusätzliche Informationen Marke Eschenholz Abmessungen (H x B x T) 100 x 85 x 120 cm inklusive Palette Feuchtigkeitsprozentsatz 18 % Länge der Scheite 25cm Querschnitt von Scheiten 8 bis 12 cm Gewicht 450 Kilogramm Lautstärke 1,02 Kubikmeter inklusive Palette Material Hartholz-Esche Die Besonderheiten Laut unseren Kunden das beste Brennholz zum Verbrennen Benzin Esche",https://chaufobois.fr/product/demi-palette-frene-seche-au-four-25cm/,https://chaufobois.fr/wp-content/uploads/2022/11/kuub-essenhout_1.png,"https://chaufobois.fr/wp-content/uploads/2022/11/halve-pallet-essenhout.png,https://chaufobois.fr/wp-content/uploads/2022/11/Capture-decran-2021-12-30-a-03.39.39.png,https://chaufobois.fr/wp-content/uploads/2022/11/Capture-decran-2021-12-30-a-03.39.21.png",in stock,279.00 EUR,210.00 EUR,Chaufobois,CHB-4238,new,Home & Garden > Fireplace & Wood Stove Accessories > Firewood & Fuel,BRENNHOLZ,
CHB-4237,"HALBPALETTE – 25 CM – HARTHOLZMISCHUNG – PALETTE 1 M3 – 1,5 STER","Technisches Datenblatt Luftfeuchtigkeit: 20 und 25 % Holzart: Hainbuche, Eiche, Buche und Esche Volumen in M3: 1 m3 Volumen in Ster: 1,5 Ster Trocknungstechnik: Natürlich im Freien Holzart: Hartholz Länge: 25 cm Verpackung: Halbpalette Herkunft: Frankreich Mischung aus Harthölzern, natürlich trocknend, zur Belüftung im Freien gelagert. Dank der Holzmischung können Sie sowohl Flammen als auch Glut erzeugen. Diese Hölzer eignen sich hervorragend zum Heizen und haben einen hohen Heizwert. Die Scheite werden auf 25 cm geschnitten und dann auf einer Palette gelagert, die sauberer ist und die bestellte Kubikmeterzahl garantiert. Praktisch durch sein kleines Format für Menschen mit wenig Stauraum oder für den kleinen gelegentlichen Ausbruch. Dieses Holz wird in Frankreich hergestellt und ist 100 % natürlich. Es ist ideal für Holzöfen und Einsätze für Holzscheite mit einer Länge von bis zu 25 cm.",https://chaufobois.fr/product/demi-palette-25-cm-melange-de-bois-durs-palette-1-m3-1-5-steres/,https://chaufobois.fr/wp-content/uploads/2022/11/palette-bois-buches-25-cm-2-steres.jpg,"https://chaufobois.fr/wp-content/uploads/2022/11/rsz_openhaardhout-gigant-20-1-1-354x531-1.jpeg,https://chaufobois.fr/wp-content/uploads/2022/11/UTB8PhD3NODEXKJk43Oqq6Az3XXav.jpeg",in stock,220.00 EUR,170.00 EUR,Chaufobois,CHB-4237,new,Home & Garden > Fireplace & Wood Stove Accessories > Firewood & Fuel,BRENNHOLZ > HOLZSCHEITE,
CHB-4236,Verdichtete Nachtscheite – Langlebiges komprimiertes Holz,"Eigenschaften von Nacht-Pressholzscheit – Langlebiges komprimiertes Holz Funktionen Verpackung Die Packung mit 12 Briketts oder der Quart mit 21 Packungen oder die Palette mit 84 Packungen Länge 10,5 cm Abschnitt 6,5x16cm Luftfeuchtigkeitsrate <12 % Lagerung Trocken, zum Beispiel in einer Garage Zusammensetzung Unbehandeltes Sägemehl und Hobelspäne aus der Verwertung trockener Holzabfälle Zusatzstoffe Ohne Zusatzstoffe, 100 % natürlich Ascherate <4 % Brenndauer Je nach Gerät 6 bis 8 Stunden Heizleistung 4,8 kWh/kg Palette Palettenabmessungen 100 cm x 120 cm am Boden und 120 cm in der Höhe Palettenkapazität 84 Pakete Paket Gewicht pro Paket 12kg +/- 5% Verpackungsabmessungen 44x20x16cm Paketkapazität 12 Briketts Funktionen Verpackung Die Packung mit 12 Briketts oder der Quart mit 21 Packungen oder die Palette mit 84 Packungen Länge 10,5 cm Abschnitt 6,5x16cm Luftfeuchtigkeitsrate <12 % Lagerung Trocken, zum Beispiel in einer Garage Zusammensetzung Unbehandeltes Sägemehl und Hobelspäne aus der Verwertung trockener Holzabfälle Zusatzstoffe Ohne Zusatzstoffe, 100 % natürlich Ascherate <4 % Brenndauer Je nach Gerät 6 bis 8 Stunden Heizleistung 4,8 kWh/kg Palette Palettenabmessungen 100 cm x 120 cm am Boden und 120 cm in der Höhe Palettenkapazität 84 Pakete Paket Gewicht pro Paket 12kg +/- 5% Verpackungsabmessungen 44x20x16cm Paketkapazität 12 Briketts Funktionen Verpackung Die Packung mit 12 Briketts oder der Quart mit 21 Packungen oder die Palette mit 84 Packungen Länge 10,5 cm Abschnitt 6,5x16cm Luftfeuchtigkeitsrate <12 % Lagerung Trocken, zum Beispiel in einer Garage Zusammensetzung Unbehandeltes Sägemehl und Hobelspäne aus der Verwertung trockener Holzabfälle Zusatzstoffe Ohne Zusatzstoffe, 100 % natürlich Ascherate <4 % Brenndauer Je nach Gerät 6 bis 8 Stunden Heizleistung 4,8 kWh/kg Palette Palettenabmessungen 100 cm x 120 cm am Boden und 120 cm in der Höhe Palettenkapazität 84 Pakete Paket Gewicht pro Paket 12kg +/- 5% Verpackungsabmessungen 44x20x16cm Paketkapazität 12 Briketts",https://chaufobois.fr/product/buches-densifiees-de-nuit-bois-compresse-longue-duree/,https://chaufobois.fr/wp-content/uploads/2022/11/SBN-REF-Buche-densifiee-de-Nuit-Bois-compresse-longue-duree.jpeg,https://chaufobois.fr/wp-content/uploads/2022/11/3-paves-buche-de-nuit-en-bois-densifie-compresse-longue-duree.jpeg,in stock,424.00 EUR,400.00 EUR,Chaufobois,CHB-4236,new,Home & Garden > Fireplace & Wood Stove Accessories > Firewood & Fuel,VERDICHTETES HOLZ > HOLZSCHEITE,
CHB-4235,Pellet-Aufbewahrung – CLOVER,"Mit einem sehr schlichten Design ist der Pelletspeicher CLOVER vor allem praktisch. Ausgestattet mit 4 herausnehmbaren und einfach zu handhabenden Fächern können mehr als 32 kg Pellets verteilt werden. Dadurch kann der Ofen regelmäßig befüllt werden, ohne dass schwere Lasten transportiert werden müssen. Produktvorteile: 4 herausnehmbare Fächer, die jeweils mehr als 8 kg tragen können Auf Rollen, um den Lagerraum möglichst nah an den Pelletlagerplatz zu bringen Inklusive Holzdeckel Griff zum Halten jedes Fachs Anti-Staub-Boden Französische Herstellung",https://chaufobois.fr/product/rangement-a-granules-clover/,https://chaufobois.fr/wp-content/uploads/2022/11/clover-rangement-a-granules..-1.jpeg,https://chaufobois.fr/wp-content/uploads/2022/11/clover-rangement-a-granules.-1.jpeg,in stock,307.00 EUR,230.00 EUR,Chaufobois,CHB-4235,new,Home & Garden > Fireplace & Wood Stove Accessories > Firewood & Fuel,HOLZPELLETS (PELLET),
CHB-4234,Palette 2 m3 – Brennholz 33 cm (Holzmischung) – 3 Ster,"Diese etwa 2 Meter hohe Holzpalette ist leicht zu lagern (Zugänglichkeit vorausgesetzt) ​​und garantiert Ihnen die exakte Menge an bestellten Kubikmetern. Die Palette enthält mehrere Holzarten, ausschließlich Harthölzer: 60 % Esche, 20 % Buche und 20 % Hainbuche. Dies ist daher ideal für ein gutes Gleichgewicht zwischen Glut und lebendigen Flammen. Das Holz wird in 33-35 cm große Scheite gespalten, die ideale Größe für einen Holzofen oder einen kleinen Einsatz. Welche Holzarten werden zum Heizen bevorzugt? Für Ihren Holzofen eignen sich verschiedene Holzarten: Buche, Eiche, Hainbuche und Esche. Dies sind Hartholzarten und eignen sich ideal zum Heizen, da sie einen hohen Heizwert haben und die Holzscheite eine gute Glut und schöne Flammen erzeugen. Einige verwenden helle Holzarten, wie zum Beispiel Erle. Allerdings verbrauchen sie ihr Holz viel schneller, weil dieses Holz schneller brennt und weniger Wärme abgibt.",https://chaufobois.fr/product/palette-2-m3-bois-de-chauffage-33-cm-melange-dessences-3-steres/,https://chaufobois.fr/wp-content/uploads/2022/11/A-38.jpg,https://chaufobois.fr/wp-content/uploads/2022/11/1MM-1.jpeg,in stock,250.00 EUR,200.00 EUR,Chaufobois,CHB-4234,new,Home & Garden > Fireplace & Wood Stove Accessories > Firewood & Fuel,BRENNHOLZ > HOLZSCHEITE,
CHB-4233,Brennholz (Palette) – 1 M – 3 STER,"BRENNHOLZPALETTE – 1 M – 3 STER Hochwertiges Scheitholz Ein hochwertiges Holzscheit zur sofortigen Verwendung im Heizgerät, das die beste Leistung des Heizgeräts garantiert, ohne Rauch und minimale Verstopfung des Schornsteins. Die Vorteile von kammergetrocknetem Holz: durch Trocknen und Sieben teilweise entrindet ohne Parasiten, Insekten, Pilze leuchtet sehr leicht auf nur vierteljährlich brennt ohne Rauch verstopft den Schornstein nicht keine Wärmeverluste Die Mischung besteht nur aus Buche, Hainbuche und Eiche, den heizwertreichsten Holzarten für Brennholz. Ein Ster künstlich getrocknetes Holz entspricht 1,3 Ster halbtrockenem Holz hinsichtlich der freigesetzten Wärmeenergie. Das Volumen eines Stapels gelagerten Holzes entspricht in 33 cm einem Volumen von 0,7 m3. Auch wenn das Holz auf eine Länge von 25 cm geschnitten wird, beträgt das Volumen eines Kubikmeters Holz 0,6 m3, und wenn es schließlich auf eine Länge von 50 cm geschnitten wird, beträgt das Volumen eines Kubikmeters Holz 0,8 m3. Je kürzer das Brennholz geschnitten wird, desto besser lässt es sich stapeln und es gibt weniger Lücken zwischen den Scheiten. Das scheinbare Volumen nimmt ab, aber die Holzmenge bleibt gleich. Luftfeuchtigkeit kontrolliert und garantiert unter 10 %. (NF-Brennholzstandard) Länge: 1m Verpackung: Palette Weitere Informationen im Abschnitt Lieferung.",https://chaufobois.fr/product/bois-de-chauffage-palette-1-m-3-steres/,https://chaufobois.fr/wp-content/uploads/2022/11/bois-de-chauffage-25-cm-melange-de-bois-durs-palette-2-m3-3-steres-1-1-1.jpeg,,in stock,150.00 EUR,120.00 EUR,Chaufobois,CHB-4233,new,Home & Garden > Fireplace & Wood Stove Accessories > Firewood & Fuel,BRENNHOLZ > HOLZSCHEITE,
CHB-4232,PRO 15 PS BRF ELECTROPOWER Astschredder,"Allgemeine Informationen Gesetzliche Konformitätsgarantie: 2 Jahr(e) Garantie für Profis: 1 Jahr(e) Gewicht: 391 kg Abmessungen (LxBxH): 160 x 87 x 115 cm Lieferung in Holzkiste: ja Loncin-Motor – OVH 15CV, 420 ccm Elektrostart und manueller Kupplungsstarter. 1 Zahnwalze zur Holzzuführung mit einstellbarer Geschwindigkeit. 2 Drehrichtungen (vorwärts, rückwärts und Stopp), alle über einen hydraulischen Kreislauf. Maximale Schnittkapazität 120 mm. 59-cm-Rotorscheibe mit 2 22-cm-Schneidmessern mit 1 Gegenmesser + 10 Zerkleinerungshämmern für BRF. Übertragung mit Riemen. Verstellbarer Auswurfkanal. 2 Not-Aus-Systeme: Locher und Sicherheitsbügel. 2 Sicherheitsschütze: am Rotorschutzdeckel und am Rollenzugang. Motorschutz aus Stahl. Standardmäßige 52-mm-Kugelkupplungsstange. Große aufblasbare All-Terrain-Räder: 16 x 8,00-7 Motoröl (1,1 l) und Hydrauliköl (4 l) nicht im Lieferumfang enthalten. Lieferung in Holzkiste (L x B x H): 160 x 87 x 115 cm Bruttogewicht: 391 kg Einfache Montage: Rutschen und Abflüsse, 2 Hydraulikventile, Motorschutz und Zugstange. Anschließen der Batterie. Anleitung auf Französisch. Mit diesem thermischen Zweighäcksler von ELECTROPOWER mit einer Kapazität von 120 mm können Sie große Pflanzenhäckslerarbeiten durchführen. Dank seines Schleifsystems erhalten Sie ein echtes BRF (fragmentiertes Zweigholz). Blätter und Zweige, ideal für den Garten! Die Mahlwalze mit variabler Geschwindigkeit erleichtert das Zerkleinern von Holz. Das Ganze ist auf einem Riemen montiert, alle Rotorteile können zur besseren Wartung oder Reparatur demontiert werden. Es ist mit einem hohen Auswurfkanal ausgestattet, verstellbar und mit einstellbarer Neigung. Es lässt sich leicht auf Privatgrundstücken bewegen oder auf einem Anhänger installieren. 2 Jahre Garantie für Privatpersonen – 1 Jahr für Gewerbetreibende",https://chaufobois.fr/product/broyeur-de-branches-pro-15cv-brf-electropower/,https://chaufobois.fr/wp-content/uploads/2022/11/108-Broyeur-de-branches-PRO-15cv-BRF-ELECTROPOWER.jpeg,"https://chaufobois.fr/wp-content/uploads/2022/11/112-Broyeur-de-branches-PRO-15cv-BRF-ELECTROPOWER.jpeg,https://chaufobois.fr/wp-content/uploads/2022/11/109-Broyeur-de-branches-PRO-15cv-BRF-ELECTROPOWER.jpeg,https://chaufobois.fr/wp-content/uploads/2022/11/113-Broyeur-de-branches-PRO-15cv-BRF-ELECTROPOWER.jpeg",in stock,3000.00 EUR,2200.00 EUR,Chaufobois,CHB-4232,new,Home & Garden > Fireplace & Wood Stove Accessories,Pflanzenhäcksler,
CHB-4194,15-PS-Astzerkleinerer mit Elektrostart – ELECTROPOWER mit hoher Durchflussrate,"Der schleppbare Holzhäcksler ELECTROPOWER MEP-B15DY ist mit einem leistungsstarken 4-Takt-OHV-Motor mit 420 CC und 15 PS und Elektrostart ausgestattet Das Häckselgut wird durch zwei 30 cm lange HR-Stahlmesser gewonnen, die Äste mit einem Durchmesser von bis zu 12 cm zerkleinern. Dieser professionelle Pflanzenhäcksler ist eines der effizientesten Modelle seiner Produktreihe zu einem sehr günstigen Preis. Perfekt geeignet für anspruchsvolle Personen mit großen Außenbereichen bei der jährlichen Wartung oder für professionelle Anwender, die einen mobilen thermischen Gartenhäcksler mit großer Kapazität wünschen, der aber mit einem leichten Fahrzeug leicht zu transportieren ist. Dank seiner landwirtschaftlichen Achse kann er über kurze Distanzen auf Forststraßen oder Wegen gezogen werden. Für längere Distanzen können Sie ihn auch auf einem Straßenanhänger transportieren. Einfach zu bedienen und zu warten dank Elektrostart und leicht zugänglichen Schmierstellen sowie Benzinmotor, der den aktuellen Standards entspricht. Entwickelt für den intensiven und dauerhaften Gebrauch. VORTEIL: Reduzierung Ihrer Pflanzenabfälle, kein Verbrennen mehr. Mulchen Sie Ihre Blumenbeete und sparen Sie Wasser. Kompostierung oder grünes Recycling, Nährstoffversorgung für Ihre Plantagen. AUSRÜSTUNG: Sicherheitsbügel „Not-Aus“. Anhängebar mit Standardbefestigung Ø 52 mm Großer ausziehbarer Stabilisierungsfuß Schleifrotor gelagert mit Schmiernippeln Landwirtschaftliche Räder 420-cm³-OHV-Motor mit elektronischer Zündung und Elektrostarter der Marke LONCIN Sicherheit bei Ölknappheit Angetrieben durch zwei Riemen Auswurftunnel um 180° verstellbar 3 JAHRE GESETZLICHE KONFORMITÄTSGARANTIE",https://chaufobois.fr/product/broyeur-de-branches-15cv-a-demarrage-electrique-grand-debit-electropower/,https://chaufobois.fr/wp-content/uploads/2022/11/broyeur-vegetaux-15-5-cv-18079.jpeg,"https://chaufobois.fr/wp-content/uploads/2022/11/broyeur-de-branches2.jpeg,https://chaufobois.fr/wp-content/uploads/2022/11/broyeur-de-branches3.jpeg,https://chaufobois.fr/wp-content/uploads/2022/11/broyeur-de-branches-a-demarrage-electrique-grand-debit-moteur-ohv-15-cv-1.jpg,https://chaufobois.fr/wp-content/uploads/2022/11/broyeur-de-branches-a-demarrage-electrique-grand-debit-moteur-ohv-15-cv-2.jpg",in stock,2030.00 EUR,1800.00 EUR,Chaufobois,CHB-4194,new,Home & Garden > Fireplace & Wood Stove Accessories,Pflanzenhäcksler,
CHB-4193,"Benzin-Gartenhäcksler 196cc, 100mm ST PIERRE DU CHAMP","Technisches Datenblatt Schnittleistung (mm) 100 Tankinhalt (L) 3,8 l Fassungsvermögen des Öltanks 600 ml Verbrauch (l/h) 1.8 Hubraum (cm³) 196 cm³ Durchmesser Raddurchmesser: 254 mm Abmessungen – Trommelabmessungen: 240 mm – Klingenmaße: 150 x 55 mm – Einfülltrichter: 380 x 440 mm Schleifwerkzeug Doppelte Wende- und nachschärfbare Klinge Gewicht 95,5 kg Maximale Leistung 4,8 KW bei 3600/min, 6,5 PS Sicherheit bei Ölknappheit Ja Kraftstoffart – Reines bleifreies Benzin SP95 oder SP98 – Wichtig: Verwenden Sie kein SP95 E10 und E85 auf Basis von Ethanol Starttyp Per Launcher Motortyp Loncin – 4T Einzylinder luftgekühlt + Produkt -Einfülltrichter und Auswurfschacht sind zum einfachen Öffnen auf Scharnieren montiert -Runder Auswurfkanal, um Staus zu vermeiden -Aufgeblasene Räder erleichtern die Fortbewegung auf unebenem Gelände -Antrieb durch doppelt gezahnten Trapezriemen -Umkehrbares Gegenmesser, verstellbar und nachschärfbar Garantie 2 Jahre Technisches DatenblattSchneidkapazität (mm)100Tankinhalt (L)3,8LÖltankinhalt600 mlVerbrauch (L/h)1,8Hubraum (cm³)196 cm³DurchmesserRaddurchmesser: 254 mmAbmessungen – Trommelabmessungen: 240 mm – Klingenmaße: 150 x 55 mm – Einfülltrichter: 380 x 440 mm Schleifwerkzeug Wende- und nachschärfbares Doppelmesser Gewicht 95,5 kg max. Leistung 4,8 KW bei 3600/min, 6,5 PS Ölmangelsicherheit Ja Kraftstoffart – Reines bleifreies Benzin SP95 oder SP98 – Wichtig: Verwenden Sie kein SP95 E10 und E85 auf Basis von Ethanol. Starttyp: Nach Werfer. Motortyp: Loncin – 4T-Einzylinder, luftgekühlt + Produkt. Einfülltrichter und Auswurfschacht sind zum einfachen Öffnen auf Scharnieren montiert -Runder Auswurfkanal, um Staus zu vermeiden -Aufgeblasene Räder erleichtern die Fortbewegung auf unebenem Gelände -Antrieb durch doppelt gezahnten Trapezriemen -Umkehrbares Gegenmesser, verstellbar und nachschärfbar. 2 Jahre Garantie",https://chaufobois.fr/product/broyeur-de-vegetaux-thermique-196cc-100mm-st-pierre-du-champ/,https://chaufobois.fr/wp-content/uploads/2022/11/94-Broyeur-de-vegetaux-Thermique-196cc-100mm-ST-PIERRE-DU-CHAMP.jpeg,"https://chaufobois.fr/wp-content/uploads/2022/11/92-Broyeur-de-vegetaux-Thermique-196cc-100mm-ST-PIERRE-DU-CHAMP.jpeg,https://chaufobois.fr/wp-content/uploads/2022/11/93-Broyeur-de-vegetaux-Thermique-196cc-100mm-ST-PIERRE-DU-CHAMP.jpeg",in stock,730.00 EUR,599.97 EUR,Chaufobois,CHB-4193,new,Home & Garden > Fireplace & Wood Stove Accessories,Pflanzenhäcksler,
CHB-4192,"Kiste mit ultratrockenem Eichenbrennholz (1,1 m3)","Das ursprüngliche Gefühl wunderbarer Wärme in einem knisternden Feuer. Das Anzünden Ihres Holzofens soll angenehm sein und nicht zu Stress durch feuchte oder minderwertige Hölzer führen. Eine stabile Verbrennung sorgt für Ihre Sicherheit (feuchtes Holz setzt viel CO2 frei), sorgt für angenehme Wärme und ermöglicht sorgenfreies Genießen. Qualität ist wichtiger als ein niedriger Preis. Dies gilt für alles, was Sie kaufen. Aufgrund unseres großen Volumens ist es uns jedoch gelungen, Ihnen das bestmögliche Holz zum besten Preis anzubieten. Eiche Durch seine Härte ist eine lange Brenndauer gewährleistet. Neben der hohen Effizienz sorgt das Verbrennen von Eichenholz für einen köstlichen Duft und eine schöne traditionelle Flamme. Eigenschaften von Eichenholz Hartholzart; Brennt langsam Helle Flammen; Sie brennen mit mindestens 4 Scheitholz; Das ultimative Brennholz für große Öfen und Kamine.",https://chaufobois.fr/product/caisse-de-bois-de-chauffage-chene-ultra-sec-11m3/,https://chaufobois.fr/wp-content/uploads/2022/11/Caisse-de-bois-de-chauffage-Chene-ultra-sec-11m3-1.jpeg,https://chaufobois.fr/wp-content/uploads/2022/11/HOTDEVIL-HAARDHOUTEIKSAMPLE.jpg,in stock,160.00 EUR,130.00 EUR,Chaufobois,CHB-4192,new,Home & Garden > Fireplace & Wood Stove Accessories > Firewood & Fuel,BRENNHOLZ > HOLZSCHEITE,
CHB-4191,Eichen-Kleinholzscheite – 50 cm,"Die 50 cm großen Kleinholzscheite garantieren einfaches Anzünden und schöne Flammen. Der Temperaturanstieg erfolgt extrem schnell und ermöglicht Ihnen das Erreichen der idealen Heizstufe für authentisches, perfektes und natürliches Kochen. Aus Buchenholz gefertigt, es gibt keinen Funkenflug und glühenden Holzsplitter. Sie sind sauber zu handhaben, hinterlassen ein gesundes Inneres und respektieren gleichzeitig die Lebensmittelhygiene. Sie sind ideal für Pizzerien und Restaurants.",https://chaufobois.fr/product/charbonettes-en-chene-50-cm/,https://chaufobois.fr/wp-content/uploads/2022/11/55-Charbonettes-en-chene-50-cm.jpeg,,in stock,100.00 EUR,,Chaufobois,CHB-4191,new,Home & Garden > Fireplace & Wood Stove Accessories > Firewood & Fuel,BRENNHOLZ,
CHB-4190,Ultratrockenes Brennholz aus Eichenpalette (700 kg),"Brennholz Eiche (Palette) Bois de Fonnegre, Ihre Garantie für perfektes Brennholz! Eiche ist eine Hartholzart von bekannter und bewährter Qualität. Neben einer hohen Effizienz sorgt das Kochen auch für einen angenehmen Geruch und eine schöne traditionelle Flamme. Eigenschaften von Brennholz aus Eiche (Palette): Geeignet für einen großen Kaminofen Langsames Brennen – heller Flammeneffekt Ofentrocknung – sofort brennen Brennholz Die Verbrennung Ihres Holzofens soll angenehm sein und keinen Stress durch feuchtes oder minderwertiges Holz verursachen. Eine stabile Verbrennung garantiert Ihre Sicherheit (nasses Holz setzt viel CO2 frei), sorgt für angenehme Wärme und sorgt für sorgenfreien Genuss. Qualität ist wichtiger als ein niedriger Preis. Das ist so ziemlich alles, was Sie kaufen. Aufgrund unseres großen Volumens konnten wir jedoch Schnittholz von bester Qualität zum besten Preis anbieten. Für die Produktion unserer Kaminholzkisten arbeiten wir mit einem Hersteller zusammen, der unter anderem mehr als 850 Restaurants und Hotelketten in Deutschland beliefert. Sie können es sich nicht leisten, Holz von fragwürdiger Qualität und Feuchtigkeit zu liefern, da Rauch und instabile Verbrennung in einem Restaurant natürlich nicht in Frage kommen.",https://chaufobois.fr/product/bois-de-chauffage-chene-ultra-sec-palette-700kg/,https://chaufobois.fr/wp-content/uploads/2022/11/HOTDEVIL-HAARDHOUTNETZAKEIK-1.jpg,"https://chaufobois.fr/wp-content/uploads/2022/11/HOTDEVIL-HAARDHOUTNETZAKEIKSAMPLE-1.jpg,https://chaufobois.fr/wp-content/uploads/2022/11/HOTDEVIL-HAARDHOUTEIKSAMPLE.jpg,https://chaufobois.fr/wp-content/uploads/2022/11/firewood-WOODcom-3.jpg",in stock,306.00 EUR,285.00 EUR,Chaufobois,CHB-4190,new,Home & Garden > Fireplace & Wood Stove Accessories > Firewood & Fuel,BRENNHOLZ,
CHB-4189,Holzhackschnitzel (Palette) (+/- 3m3),"Hackschnitzel Hackschnitzel im Garten sorgen dafür, dass der Boden zwischen Ihren Pflanzen weniger schnell austrocknet und beugen Unkraut auf umweltfreundliche Weise vor. Unsere Hackschnitzel werden nachhaltig produziert. Sie stellen somit eine wirtschaftliche und schöne Alternative zu klassischen Bodendeckern wie Zierrinde dar. Für Rabatten und Blumentöpfe eignen sich Holzspäne sehr gut. Sie bilden eine Art Mulchschicht, die für alle Arten von Bodenlebewesen sehr gut geeignet ist. Dadurch erhalten Sie mehr Humus im Boden und verbessern so dessen Struktur. Langlebige Chips Gut für Pflanzen!",https://chaufobois.fr/product/copeaux-de-bois-palette-3m3/,https://chaufobois.fr/wp-content/uploads/2022/11/Houtsnippers-Naturel-WOODcom.jpg,"https://chaufobois.fr/wp-content/uploads/2022/11/Capture-decran-2021-11-24-a-17.23.30.png,https://chaufobois.fr/wp-content/uploads/2022/11/Capture-decran-2021-11-24-a-17.23.12.png",in stock,299.00 EUR,250.00 EUR,Chaufobois,CHB-4189,new,Home & Garden > Fireplace & Wood Stove Accessories > Firewood & Fuel,Holzabfälle,
CHB-4188,"Rinde Pinus Maritima (10-20 mm) Palette 2,15 Kuub","Die französische Pinus maritima 10-20 mm ist eine rotbraune Zierrinde, die sich sehr schön in einem Garten oder Park macht und von ausgezeichneter Qualität ist! Hervorragende Qualität vom spezialisierten Zierrindenhersteller in den Landes. Unsere Rinde ist praktisch in 60-Liter-Beuteln verpackt, sodass Sie die Rinde direkt am gewünschten Ort verarbeiten können. Das erspart Ihnen viel Zeit, Schmutz auf der Einfahrt und verlorenes Material. Wenn Sie ein paar Tüten zu viel haben, können Sie diese sicher aufbewahren und dann ausstreuen. Einige Merkmale der französischen Baumrinde von Pinus Maritima: Lebensdauer: 5 Jahre Format: Doppelsieb 10-20 mm Farbe: Terrakotta, Rotbraun Anwendungen: Einfahrten, Rabatten, Vorgärten, unter Spielzeug, Gehwege Sie können Bodendecker für verschiedene Zwecke verwenden: Regulierung der Bodentemperatur: Im Frühling und Herbst kann der Boden mehr Wärme speichern und im Sommer werden die Unterschiede zwischen Tag- und Nachttemperatur verringert; Bekämpfung des Keimens von Unkraut, da das Tageslicht den Boden nicht erreichen kann; Wassereinlagerungen durch Verlangsamung der Verdunstung; Fügen Sie organische Stoffe und Nährstoffe hinzu, indem Sie Bodenbelagsmaterial abbauen. Insekten vertreiben; Verbessern Sie die Wachstumsbedingungen, indem Sie das Sonnenlicht nach oben zu den Pflanzen reflektieren und eine saubere, trockene Oberfläche für auf dem Boden wachsende Früchte wie Kürbisse und Melonen schaffen. Kampf gegen Erosion: schützt den Boden vor Auswaschung durch Regen; Verbesserung der Bodenstruktur Sträucher und Stauden können für etwas mehr Ordnung dichter beieinander gepflanzt werden. Obwohl es anfangs teurer ist, ist die Wahrscheinlichkeit von Unkraut deutlich geringer und der Wartungsaufwand ist ebenfalls geringer.",https://chaufobois.fr/product/decorces-pinus-maritima-10-20mm-palette-215-kuub/,https://chaufobois.fr/wp-content/uploads/2022/11/VANISRAEL-PINUSMARITIMA1020_215KUUBHALF.jpg,"https://chaufobois.fr/wp-content/uploads/2022/11/VANISRAEL-PINUSMARITIMA2040_PROFI_215KUUB.jpg,https://chaufobois.fr/wp-content/uploads/2022/11/HOTDEVIL-PINUSMARITIMA1525SAMPLE.jpg",in stock,325.00 EUR,285.00 EUR,Chaufobois,CHB-4188,new,Home & Garden > Fireplace & Wood Stove Accessories > Firewood & Fuel,Holzabfälle,
CHB-4187,ECO-Holzwolle-Feuerstarterbeutel (1 kg) (4 Stück),"ECO-Box-Feuerstarter Möchten Sie Ihr Brennholz und Ihren Grill schnell und einfach herstellen? ECO-STARTER © umweltfreundliche Beleuchtungsschleifen sind der perfekte Starter, die Starthilfe der Wahl für Ihren Ofen, Kamin, Backofen und Grill. Darüber hinaus sind die Wokkels aus ausgesuchtem, reinem Nadelholz gefertigt und mit natürlichem Wachs getränkt. Darüber hinaus garantieren sie eine intensive, lange und anhaltende Verbrennung. Diese Feueranzünder aus Naturmaterialien sind eine bessere Alternative zu herkömmlichen Feueranzündern. Ganz ehrlich, die idealen umweltfreundlichen Lichtschleifen für den perfekten Start! Darüber hinaus können Sie den Komfort und die Wärme Ihres Ofens, Kamins oder Ofens genießen. Andererseits kann es auch auf dem Grill zum Erhitzen von Holzkohle oder Briketts verwendet werden. Merkmale des Eco Bag Feueranzünders: Naturfreundliches recyceltes Nadelholz Niedrigster Preis Lange Brenndauer 8 bis 10 Min. Kein zugesetztes Bindemittel Schießen Sie innerhalb von 3 Sekunden. schöne große Flamme. Reinigt die Hände – geruchlos Umweltfreundlicher FSC-Manager – für den perfekten Start Karton = 12 Beutel à 1 kg Machen Sie ein ökologisches Feuer Topfire versus Bottomfire: 72 % weniger Partikelemissionen! Normalerweise wird ein Feuer dadurch entfacht, dass die Feueranzünder und das Anzündholz unten platziert werden und dann die größeren Holzscheite darauf gelegt werden. Es ist jedoch besser, in die entgegengesetzte Richtung vorzugehen. Sie beginnen mit den Scheiten (das größte unten). Darüber legen Sie das Anzündholz und dann die Feueranzünder. Größere Holzscheite können sich erhitzen und rauchen deutlich weniger. Der Feinstaubausstoß wird dadurch erheblich reduziert. Legen Sie rechtzeitig Holz nach, wenn noch eine schöne Flamme brennt und das Feuer noch heiß ist.",https://chaufobois.fr/product/sac-allume-feu-eco-laine-de-bois-1kg-4pcs/,https://chaufobois.fr/wp-content/uploads/2022/11/WOODCOM-ECOSTARTER_1KG.jpg,https://chaufobois.fr/wp-content/uploads/2022/11/HOTDEVIL-AANMAAKKRULLENSAMPLE-1.jpg,in stock,4.85 EUR,,Chaufobois,CHB-4187,new,Home & Garden > Fireplace & Wood Stove Accessories > Firewood & Fuel,Feuerstarter,
CHB-4186,ECO-Feuerstarterbox aus Holzwolle – 12 kg,"ECO-Box-Feuerstarter Möchten Sie Ihr Brennholz und Ihren Grill schnell und einfach herstellen? ECO-STARTER © umweltfreundliche Beleuchtungsschleifen sind der perfekte Starter, die Starthilfe der Wahl für Ihren Ofen, Kamin, Backofen und Grill. Darüber hinaus sind die Wokkels aus ausgesuchtem, reinem Nadelholz gefertigt und mit natürlichem Wachs getränkt. Darüber hinaus garantieren sie eine intensive, lange und anhaltende Verbrennung. Diese Feueranzünder aus Naturmaterialien sind eine bessere Alternative zu herkömmlichen Feueranzündern. Ganz ehrlich, die idealen umweltfreundlichen Lichtschleifen für den perfekten Start! Darüber hinaus können Sie den Komfort und die Wärme Ihres Ofens, Kamins oder Ofens genießen. Andererseits kann es auch auf dem Grill zum Erhitzen von Holzkohle oder Briketts verwendet werden. Merkmale des Eco Bag Feueranzünders: Naturfreundliches recyceltes Nadelholz Niedrigster Preis Lange Brenndauer 8 bis 10 Min. Kein zugesetztes Bindemittel Schießen Sie innerhalb von 3 Sekunden. schöne große Flamme. Reinigt die Hände – geruchlos Umweltfreundlicher FSC-Manager – für den perfekten Start Karton = 12 Beutel à 1 kg Machen Sie ein ökologisches Feuer Topfire versus Bottomfire: 72 % weniger Partikelemissionen! Normalerweise wird ein Feuer dadurch entfacht, dass die Feueranzünder und das Anzündholz unten platziert werden und dann die größeren Holzscheite darauf gelegt werden. Es ist jedoch besser, in die entgegengesetzte Richtung vorzugehen. Sie beginnen mit den Scheiten (das größte unten). Darüber legen Sie das Anzündholz und dann die Feueranzünder. Größere Holzscheite können sich erhitzen und rauchen deutlich weniger. Der Feinstaubausstoß wird dadurch erheblich reduziert. Legen Sie rechtzeitig Holz nach, wenn noch eine schöne Flamme brennt und das Feuer noch heiß ist.",https://chaufobois.fr/product/boite-allume-feu-eco-laine-de-bois-12kg/,https://chaufobois.fr/wp-content/uploads/2022/11/ECO-STARTER-aanmaakkrullen-doos-12Kg-.png,"https://chaufobois.fr/wp-content/uploads/2022/11/WOODCOM-ECOSTARTER_1KG.jpg,https://chaufobois.fr/wp-content/uploads/2022/11/HOTDEVIL-AANMAAKKRULLENSAMPLE-1.jpg",in stock,89.00 EUR,72.00 EUR,Chaufobois,CHB-4186,new,Home & Garden > Fireplace & Wood Stove Accessories > Firewood & Fuel,Feuerstarter,
CHB-4185,Kohle 100 % Anthrazit Halbpalette (A20-30 mm) (500 kg),"Kohle 100 % Anthrazit (A20-30 mm) Diese rauchfreien Kohlen stammen von der deutschen Firma Ibbenbüren. Natürlicher, rauchfreier Brennstoff, ideal für Öfen, Kessel und andere geschlossene Geräte. Die Anthrazitkohle bildet eine Masse, die ein intensives und langanhaltendes Verbrennungsbett erzeugt, ideal, wenn Sie auf der Suche nach effizienter Wärme sind. Diese Kohlen sind ein hochwertiger Brennstoff, der mit hoher Hitze und geringer Flamme verbrennt und sehr wenig Asche hinterlässt. Dank der rauchfreien Eigenschaften von Anthrazit belastet diese Kohle die Umwelt nicht. Da sie eine sehr saubere Verbrennung gewährleisten, können sie auch in Fensteröfen eingesetzt werden. Diese hochwertige Anthrazitkohle gilt als zuverlässiger, fester und rauchfreier Brennstoff. Beim Brennen können Sie sich auf eine gleichmäßige Flamme und gleichbleibend gute Temperaturen verlassen. Sie brennen heißer und länger als normale Ibbenbürener Kohle. Eigenschaften von 100 % Anthrazitkohle (A20-30 mm) Größe: 20 – 30 mm Anthrazit geeignet zum Beheizen von Kohleöfen (größere Durchlauferhitzer) oder Einbaukassetten",https://chaufobois.fr/product/charbon-100-anthracite-demi-palette-a20-30mm-500kg/,https://chaufobois.fr/wp-content/uploads/2022/11/HOTDEVIL-ANTRACIET20-30ZAK.jpg,,in stock,359.00 EUR,329.00 EUR,Chaufobois,CHB-4185,new,Home & Garden > Fireplace & Wood Stove Accessories > Firewood & Fuel,Briketts & Kohle,
CHB-4184,"Kohle, 100 % Anthrazit, Palette (A12–22 mm)","Kohle 100 % Anthrazit (A12-22 mm) Wir haben diese Kohlesorten immer in 25-kg-Säcken auf Lager Erhältlich in der Größe: 12–22 mm Direkt vom Kolenterminal zu Ihnen nach Hause. Steinkohlenart mit der höchsten Verbrennungsenergie. Diese etwas härtere Kohle gibt wenig Asche und viel Wärme ab. Es ist eine schöne, glänzende Kohle, die praktisch keinen Staub produziert. Perfekt geeignet für Kohleöfen, Brenner, Einbaukassetten. Eigenschaften von 100 % Anthrazitkohle (A12-22 mm) Anthrazit geeignet zum Beheizen eines Kohleofens mit Ausgießer (Trichter) Abmessungen: 12 – 22 mm Diebstahl: 7 – 24 % 40 Säcke à 25 kg",https://chaufobois.fr/product/charbon-100-anthracite-palette-a12-22mm/,https://chaufobois.fr/wp-content/uploads/2022/11/HOTDEVIL-KOLENPALET-1.jpg,https://chaufobois.fr/wp-content/uploads/2022/11/HOTDEVIL-ANTRACIET12-22ZAK.jpg,in stock,506.00 EUR,480.00 EUR,Chaufobois,CHB-4184,new,Home & Garden > Fireplace & Wood Stove Accessories > Firewood & Fuel,Briketts & Kohle,
CHB-4183,Nestro Buchenholzbriketts (1000 kg),"ZUSÄTZLICHE INFORMATIONEN Gewicht 1000 kg Abmessungen 120 × 100 × 130 cm Lieferung Lieferung nach Hause Scheitlänge Holzofen, große Öfen, mittlere Öfen Brenndauer – Flammen Langsames Brennen – lebendiges Leuchten Ascherückstände <2 % Heizwert 5,4 kWh Durchmesser +/- 9cm Dichte +/- 1,05 kg/dm3 Länge +/- 28cm Luftfeuchtigkeit 5 % Holzart Buche Die Lautstärke Komplette Palette Inhalt jeweils 10kg LängexBreitexHöhe 24x10x48",https://chaufobois.fr/product/briquettes-de-bois-nestro-hetre-palette-1000kg/,https://chaufobois.fr/wp-content/uploads/2022/11/NESTRO_BEUK_10KG_PALLET.jpg,"https://chaufobois.fr/wp-content/uploads/2022/11/NESTRO_BEUK_10KG_PACK.jpg,https://chaufobois.fr/wp-content/uploads/2022/11/NESTRO_BEUK_10KG_SAMPLE.jpg",in stock,399.00 EUR,350.00 EUR,Chaufobois,CHB-4183,new,Home & Garden > Fireplace & Wood Stove Accessories > Firewood & Fuel,Briketts & Kohle,
CHB-4182,Pini Kay Briketts aus 100 % Eichenholz – halbe Palette (480 kg),"ZUSÄTZLICHE INFORMATIONEN Gewicht 480 kg Abmessungen 120 × 80 × 75 cm Lieferung Lieferung nach Hause Scheitlänge Holzofen, große Öfen, mittlere Öfen, Specksteinöfen Brenndauer – Flammen Schnelles Brennen – schöne große Flammen Ascherückstände <2 % Heizwert 5,4 kWh Durchmesser +/- 5cm Dichte +/- 1,05 kg/dm3 Länge +/- 30cm Luftfeuchtigkeit 5 % Holzart Eiche Die Lautstärke Halbe Palette Inhalt jeweils 10kg LängexBreitexHöhe 32x12x60",https://chaufobois.fr/product/briquettes-de-bois-pini-kay-100-chene-demi-palette-480kg/,https://chaufobois.fr/wp-content/uploads/2022/11/HOTDEVIL-HOUTBRIKETTENPINIKAYEIK4.jpg,"https://chaufobois.fr/wp-content/uploads/2022/11/HOTDEVIL-HOUTBRIKETTENPINIKAYEIK8PACK-1-1.jpg,https://chaufobois.fr/wp-content/uploads/2022/11/HOTDEVIL-HOUTBRIKETTENPINIKAYEIK4SAMPLE-1-1.jpg",in stock,229.00 EUR,,Chaufobois,CHB-4182,new,Home & Garden > Fireplace & Wood Stove Accessories > Firewood & Fuel,Briketts & Kohle,
CHB-4181,Gemischte 100 % Eichenholzbriketts + Palettenbraunkohlebriketts (930 kg),"Gemischte Pinikay-Briketts aus 100 % Eichenholz + Braunkohlebriketts (930 kg) Diese ausgewogene Kombination bietet Ihnen das Beste aus beiden Heizmodi. Schnelles Erhitzen und superleichtes Anzünden von Pinikay. Ideal, wenn Sie abends Feierabend machen möchten und Ihre Heizung schnell und effizient aufheizen soll. Dank seines Sauerstofflochs sorgt der Pinikay für einen direkten Wärmeaustausch und eine hohe Temperatur in Ihrem Ofen, der somit bereits in weniger als 5 Minuten heiß ist. Braunkohlebriketts sorgen dauerhaft für konstante, intensive und wirtschaftliche Wärme. Sie halten Ihr Feuer lange an, ohne dass Sie nachtanken müssen. Reduzieren Sie abends, wenn Sie zu Bett gehen, den Sauerstoffgehalt und Ihr Ofen gibt die ganze Nacht über weiterhin Wärme ab. Am Morgen werden Sie in angenehmer Wärme aufwachen. Eigenschaften der Pinikay-Briketts aus 100 % Eiche: Geeignet für mittlere bis große Öfen und Kamine, Specksteinöfen Schnelle Hitze – schöne große Flammen Keine Feuchtigkeit – sofortige Wärme 100 % getrocknetes Eichenholz Eigenschaften von Braunkohlebriketts Passend für mittelgroße bis große Öfen und Kamine Langsame Hitze – feuriges Leuchten Keine Feuchtigkeit – sofortige Wärme Niedriger Schwefelgehalt Effektiv und sehr wirtschaftlich Braunkohle: Braunkohle ist ein fossiler Brennstoff, der aus Pflanzenresten hergestellt wird, die in den tiefen Erdschichten in Kohlenstoff und andere chemische Verbindungen umgewandelt werden. Braunkohle bezieht sich manchmal auf Braunkohle, nämlich Braunkohle. Allerdings ist Braunkohle ein geologischer Begriff und bezeichnet ein geologisches Lagerstättenmaterial, das auch in nicht abbaubaren Mengen vorkommt. Braunkohle ist jedoch ein umgangssprachlicher Begriff, der immer auf ein Mineral hinweist. Braunkohle besteht aus Ablagerungen von Pflanzenresten, die in der geologischen Vergangenheit über einen langen Zeitraum hohem Druck und Hitze ausgesetzt waren. Durch die zunehmende Einwirkung von Torfdruck und Temperatur entsteht bei der Umwandlung zunächst Braunkohle.",https://chaufobois.fr/product/mixte-de-briquettes-de-bois-100-chene-briquettes-de-lignite-palette-930kg/,https://chaufobois.fr/wp-content/uploads/2022/11/HOTDEVIL-COMBIPINIBRUINKOOL-1.jpg,"https://chaufobois.fr/wp-content/uploads/2022/11/WOODCOM-HOUTBRIKETTENBRUINKOOLPACKPLASTICUNIT-1.jpg,https://chaufobois.fr/wp-content/uploads/2022/11/HOTDEVIL-HOUTBRIKETTENBRUINSAMPLE-1.jpg,https://chaufobois.fr/wp-content/uploads/2022/11/HOTDEVIL-HOUTBRIKETTENPINIKAYEIK4SAMPLE-1.jpg",in stock,433.00 EUR,400.00 EUR,Chaufobois,CHB-4181,new,Home & Garden > Fireplace & Wood Stove Accessories > Firewood & Fuel,Briketts & Kohle,
CHB-4180,Ruf Holzbriketts 100 % Eichenpalette (960 kg),"Ruf Briketts aus 100 % Eichenholz WIE WERDEN RUF-EICHENBRIKETTS HERGESTELLT? RUF-Eichenbriketts werden unter sehr hohem Druck und Temperatur gepresst. Sie werden so gepresst, dass ein Bündel entsteht, auf dem der Name RUF aufgedruckt ist. Auf diese Weise wissen Sie, dass Sie „das Richtige“ haben. Für die Pressung dieser Holzbriketts werden ausschließlich reine, unbehandelte Eichenholz-Sägemehle aus der Möbelindustrie verwendet. Auf diese Weise werden alle Teile des Baumes vollständig genutzt und es geht nichts verloren. RUF-Eichenbriketts enthalten außerdem keine Bindemittel. Alles ist rein natürlich. RUF-Eichenholzbriketts (und alle unsere Holzbriketts im Allgemeinen) sind an Lignin gebunden, das sich in der Zellwand des Holzes befindet und beim Pressen freigesetzt wird. Die hohe Dichte des Eichenholzes und die Pressung sorgen dafür, dass der RUF sehr langsam und sehr lange brennt. Sie sind sehr kompakt und daher leicht zu erhitzen.",https://chaufobois.fr/product/briquettes-de-bois-ruf-100-chene-palette-960kg/,https://chaufobois.fr/wp-content/uploads/2022/11/HOTDEVIL-HOUTBRIKETTENRUFEIK-1.jpg,"https://chaufobois.fr/wp-content/uploads/2022/11/HOTDEVIL-HOUTBRIKETTENRUFEIKPACK-1.jpg,https://chaufobois.fr/wp-content/uploads/2022/11/HOTDEVIL-HOUTBRIKETTENRUFEIKSAMPLE-1.jpg,https://chaufobois.fr/wp-content/uploads/2022/11/HOTDEVIL-HOUTBRIKETTENRUFEIK_PALLET_NEW-1.jpg",in stock,365.00 EUR,310.00 EUR,Chaufobois,CHB-4180,new,Home & Garden > Fireplace & Wood Stove Accessories > Firewood & Fuel,Briketts & Kohle,
CHB-4179,Ultratrocken verpacktes Brennholz – Holzart: 100 % Eiche,"Palette mit 84 Säcken Eichenholz-Brennholz (Sack) Bois de Fonnegre, Ihre Garantie für perfektes Brennholz! Eiche ist eine Hartholzart von bekannter und bewährter Qualität. Neben einer hohen Effizienz sorgt das Kochen auch für einen angenehmen Geruch und eine schöne traditionelle Flamme. Eigenschaften von Eichenholz (Sack): Geeignet für einen großen Kaminofen Langsames Brennen – heller Flammeneffekt Ofentrocknung – sofort brennen Brennholz Die Verbrennung Ihres Holzofens soll angenehm sein und keinen Stress durch feuchtes oder minderwertiges Holz verursachen. Eine stabile Verbrennung garantiert Ihre Sicherheit (nasses Holz setzt viel CO2 frei), sorgt für angenehme Wärme und sorgt für sorgenfreien Genuss. Qualität ist wichtiger als ein niedriger Preis. Das ist so ziemlich alles, was Sie kaufen. Aufgrund unseres großen Volumens konnten wir jedoch Schnittholz von bester Qualität zum besten Preis anbieten. Für die Produktion unserer Kaminholzkisten arbeiten wir mit einem Hersteller zusammen, der unter anderem mehr als 850 Restaurants und Hotelketten in Deutschland beliefert. Sie können es sich nicht leisten, Holz von fragwürdiger Qualität und Feuchtigkeit zu liefern, da Rauch und instabile Verbrennung in einem Restaurant natürlich nicht in Frage kommen.",https://chaufobois.fr/product/bois-de-chauffage-en-sac-ultra-sec-essence-100-chene/,https://chaufobois.fr/wp-content/uploads/2022/11/54-Bois-de-chauffage-en-sac-ultra-sec-Essence-Charme.jpeg,https://chaufobois.fr/wp-content/uploads/2022/11/Caisse-de-bois-de-chauffage-en-sac-Charme-ultra-sec3.jpg,in stock,200.00 EUR,,Chaufobois,CHB-4179,new,Home & Garden > Fireplace & Wood Stove Accessories > Firewood & Fuel,BRENNHOLZ > HOLZSCHEITE,
CHB-4178,"Ultratrockenes, verpacktes Brennholz – Holzart: 100 % Hainbuche","Kiste mit ultratrockenem Hainbuchen-Brennholz in Säcken Hainbuche ist eine Holzart, deren spezifisches Gewicht so hart und hoch ist wie die von Eiche. Dadurch brennt es genauso lange und gleichmäßig wie Eichenholz und verfällt nicht. Ein weiterer Vorteil dieser Holzart besteht darin, dass die Rinde sehr dünn und sauber ist, wodurch das Verfahren schneller erfolgt und die Gefahr einer Verschmutzung der Fenster verringert wird. In Deutschland ist es daher das begehrteste Brennholz. CHARMANTES HOLZ Hainbuchenholz gehört zu den sehr harten Holzarten und ist daher ideal für große Öfen und Kamine. Sie können ein heißes und lebendiges Feuer perfekt anheizen. Geringe Luftfeuchtigkeit und praktisch keine Harze verursachen kaum Risse und Spritzer und sind sehr angenehm; traditionelles Flammenspiel. Dank der hohen Effizienz können Sie große Räume komfortabel heizen Eigenschaften von Hainbuchenholz Hartholzart; Lange Brenndauer; Schöne und ruhige Flammen; Sie verbrennen 4 bis 5 Holzscheite gleichzeitig; Perfekt für ein sehr starkes Feuer Geeignet für mittlere bis große Öfen und Kamine.",https://chaufobois.fr/product/bois-de-chauffage-en-sac-ultra-sec-essence-100-charme/,https://chaufobois.fr/wp-content/uploads/2022/11/54-Bois-de-chauffage-en-sac-ultra-sec-Essence-Charme.jpeg,https://chaufobois.fr/wp-content/uploads/2022/11/Caisse-de-bois-de-chauffage-en-sac-Charme-ultra-sec3.jpg,in stock,235.00 EUR,175.00 EUR,Chaufobois,CHB-4178,new,Home & Garden > Fireplace & Wood Stove Accessories > Firewood & Fuel,BRENNHOLZ > HOLZSCHEITE,
CHB-4177,Tecsabuch Crépito Pressholzscheite: 100 % natürlich (1T-Palette),"Die tecsabuch-Pressholzscheite sind 100 % natürlich und stammen aus der Verwertung von Nebenprodukten aus Sägewerken und der Holzindustrie. Dabei handelt es sich ausschließlich um Sägespäne und Hobelspäne aus unbehandeltem Hartholz (hauptsächlich Eiche). Die komprimierten Holzscheite von Tecsabuch sind für den Betrieb aller Arten von Holzgeräten bestimmt: Holzöfen, Holzöfen, Einsätze, geschlossene Feuerstellen, offene Feuerstellen, Heizkessel und Öfen. Sie erfordern keine Installation einer speziellen Heizung. Sie werden verwendet, um traditionelle Holzscheite zu ersetzen oder zu ergänzen. PRODUKTQUALITÄT Das tecsabuch entsteht aus einem einzigartigen industriellen Verfahren, dessen Qualität sich seit über 15 Jahren bewährt hat. Sie garantieren den Kunden optimale Sicherheit und Bedienkomfort und bieten eine hervorragende Brennleistung. Der Energieertrag von tecsabuch Pressholzscheiten ist viermal höher als der von herkömmlichem Brennholz. Tecsabuch ermöglicht eine Vierteilung des Speichervolumens. LOGISTISCHE ASPEKTE 1 Palette = 1 Tonne, bzw. 100 Folienpakete à 10 kg Ab Werk: ab 12 Paletten Lieferung an den Händler: voller LKW mit 24 Paletten VERFÜGBARKEIT Crépito® bietet Ihnen Versorgungssicherheit das ganze Jahr über und insbesondere in der Saison. Unser über das gesamte Staatsgebiet verteiltes Netzwerk von Partnerproduzenten ermöglicht die Optimierung der Logistikkosten und den garantierten Zugang zu hochwertigen Rohstoffen. Alle unsere Partner sorgen für eine verantwortungsvolle Nutzung der Wälder und engagieren sich für eine nachhaltige Entwicklung: wirtschaftlich, sozial und ökologisch. HANDELSPOLITIK Crépito® garantiert in der Saison einen stabilen nationalen Preis. Diese originelle Politik, die eine echte Sichtbarkeit der Energieausgaben beinhaltet, trägt dazu bei, das Vertrauen der Verbraucher und die Attraktivität der Holzheizung zu stärken. TECHNISCHE EIGENSCHAFTEN Dichte: 970 kg.m Luftfeuchtigkeit: ± 10 % PCI: 4,8 kWh. kg Ascheanteil: < 1,5 % Zusammensetzung: Hobelspäne und Sägespäne aus unbehandelten Harthölzern (meist Eiche) Abmessungen (H x L x L) cm: 8 x 15 x ca. 23 Durchschnittliches Stückgewicht: 2,5 kg Brenndauer: durchschnittlich 2 Stunden",https://chaufobois.fr/product/buches-de-bois-compressees-tecsabuch-crepito-100-naturelles-palette-de-1t/,https://chaufobois.fr/wp-content/uploads/2022/11/64-Buches-de-bois-compressees-Tecsabuch-Crepito-100aturelles-Palette-de-1T.jpeg,https://chaufobois.fr/wp-content/uploads/2022/11/63-Buches-de-bois-compressees-Tecsabuch-Crepito-100aturelles-Palette-de-1T.jpeg,in stock,288.00 EUR,250.00 EUR,Chaufobois,CHB-4177,new,Home & Garden > Fireplace & Wood Stove Accessories > Firewood & Fuel,HOLZSCHEITE,
CHB-4176,Premium-Crépito®-Scheite – 30 cm,"Crépito® Premium Logs werden aus den besten Hartholzarten (Gruppe 1: Eiche, Buche, Hainbuche) hergestellt, die für ihren hohen Heizwert bekannt sind. Sie stammen aus nachhaltig bewirtschafteten heimischen Wäldern. Die Kalibrierung von Crépito® Premium Logs in kleinen regelmäßigen Abschnitten von maximal 14 cm (Länge 25, 30 oder 40 cm) entspricht den technischen Daten neuer Holzheizgeräte und ermöglicht maximale Energieeffizienz. Es trägt somit zur Optimierung des Gerätes und der Leitung bei. Die Trocknung auf einen Feuchtigkeitsgrad von weniger als 20 % garantiert eine optimale Verbrennung (im Vergleich zu ≈ 35 %, der handelsüblichen Rate für Holz der NF H2-Qualität, die einem Jahr Trocknung entspricht). Produktionsbezogene Materialien werden zu 100 % recycelt. Sie versorgen den Heizraum der Produktionsstätte. Crépito® Premium Logs sind sauber und konsistent, einfach zu verwenden und zu lagern! Gespaltener und weitgehend entrindeter Holzstamm",https://chaufobois.fr/product/buches-premium-crepito-30-cm/,https://chaufobois.fr/wp-content/uploads/2022/11/61-Buches-Premium-CrepitoR-25-cm.jpeg,,in stock,285.00 EUR,210.00 EUR,Chaufobois,CHB-4176,new,Home & Garden > Fireplace & Wood Stove Accessories > Firewood & Fuel,BRENNHOLZ > HOLZSCHEITE,
CHB-4175,Premium-Crépito®-Scheite – 25 cm,"Premium-Holzscheite haben einen hohen Heizwert und enthalten weniger als 20 % Feuchtigkeit. Sie werden in einer Entrindungstrommel gespalten und gereinigt und bieten eine beschleunigte Verbrennung. Premium-Holzscheite sorgen mit einem sehr geringen Aschegehalt schnell für angenehme Wärme. Sie sind sauber und konsistent, einfach zu verwenden und zu lagern.",https://chaufobois.fr/product/buches-premium-crepito-25-cm/,https://chaufobois.fr/wp-content/uploads/2022/11/61-Buches-Premium-CrepitoR-25-cm.jpeg,,in stock,338.00 EUR,270.00 EUR,Chaufobois,CHB-4175,new,Home & Garden > Fireplace & Wood Stove Accessories > Firewood & Fuel,BRENNHOLZ > HOLZSCHEITE,
CHB-4174,4 – Paletten (2 Weißeiche + 2 Buche/Hainbuche) – 40 cm Scheite,"Extra trocken (mindestens 18 Monate) Die Weißeichen- und Buchen-/Hainbuchenstämme stammen aus nachhaltig bewirtschafteten französischen Wäldern aus der Franche Comté, den Vogesen und dem Jura. Weißeiche ist ein dichtes Holz, das bei Gebrauch eine schöne Glut erzeugt. Es bietet eine optimale Verbrennung für einen hohen Heizwert. Die Verbrennung von Buche oder Hainbuche erzeugt schöne, gleichmäßige Flammen mit einem höheren Heizwert als Eiche. Extra trocken (mindestens 18 Monate) Die Weißeichen- und Buchen-/Hainbuchenstämme stammen aus nachhaltig bewirtschafteten französischen Wäldern aus der Franche Comté, den Vogesen und dem Jura. Weißeiche ist ein dichtes Holz, das bei Gebrauch eine schöne Glut erzeugt. Es bietet eine optimale Verbrennung für einen hohen Heizwert. Die Verbrennung von Buche oder Hainbuche erzeugt schöne, gleichmäßige Flammen mit einem höheren Heizwert als Eiche. Extra trocken (mindestens 18 Monate) Die Weißeichen- und Buchen-/Hainbuchenstämme stammen aus nachhaltig bewirtschafteten französischen Wäldern aus der Franche Comté, den Vogesen und dem Jura. Weißeiche ist ein dichtes Holz, das bei Gebrauch eine schöne Glut erzeugt. Es bietet eine optimale Verbrennung für einen hohen Heizwert. Die Verbrennung von Buche oder Hainbuche erzeugt schöne, gleichmäßige Flammen mit einem höheren Heizwert als Eiche. Extra trocken (mindestens 18 Monate) Die Weißeichen- und Buchen-/Hainbuchenstämme stammen aus nachhaltig bewirtschafteten französischen Wäldern aus der Franche Comté, den Vogesen und dem Jura. Weißeiche ist ein dichtes Holz, das bei Gebrauch eine schöne Glut erzeugt. Es bietet eine optimale Verbrennung für einen hohen Heizwert. Die Verbrennung von Buche oder Hainbuche erzeugt schöne, gleichmäßige Flammen mit einem höheren Heizwert als Eiche.",https://chaufobois.fr/product/4-palettes-2-chene-blanc-2-hetre-charme-buches-de-40-cm/,https://chaufobois.fr/wp-content/uploads/2022/11/151-4-Palettes-2-chene-blanc-2-HetreCharme-Buches-de-40-cm.jpeg,https://chaufobois.fr/wp-content/uploads/2022/11/150-4-Palettes-2-chene-blanc-2-HetreCharme-Buches-de-40-cm.jpeg,in stock,610.00 EUR,560.00 EUR,Chaufobois,CHB-4174,new,Home & Garden > Fireplace & Wood Stove Accessories > Firewood & Fuel,BRENNHOLZ > HOLZSCHEITE,
CHB-4173,Brennholzkiste: Ultratrockene Eiche (2m3),"Das ursprüngliche Gefühl wunderbarer Wärme in einem knisternden Feuer Das Anzünden Ihres Holzofens soll angenehm sein und nicht zu Stress durch feuchte oder minderwertige Hölzer führen. Eine stabile Verbrennung sorgt für Ihre Sicherheit (feuchtes Holz setzt viel CO2 frei), sorgt für angenehme Wärme und ermöglicht sorgenfreies Genießen. Qualität ist wichtiger als ein niedriger Preis. Dies gilt für alles, was Sie kaufen. Aufgrund unseres großen Volumens ist es uns jedoch gelungen, Ihnen das bestmögliche Holz zum besten Preis anzubieten. Eiche Durch seine Härte ist eine lange Brenndauer gewährleistet. Neben der hohen Effizienz sorgt das Verbrennen von Eichenholz für einen köstlichen Duft und eine schöne traditionelle Flamme. Eigenschaften von Eichenholz Hartholzart; Brennt langsam Helle Flammen; Sie brennen mit mindestens 4 Scheitholz; Das ultimative Brennholz für große Öfen und Kamine.",https://chaufobois.fr/product/caisse-de-bois-de-chauffage-chene-ultra-sec-2m3/,https://chaufobois.fr/wp-content/uploads/2022/11/Caisse-de-bois-de-chauffage-Chene-ultra-sec-2m3-1.jpeg,,in stock,350.00 EUR,310.00 EUR,Chaufobois,CHB-4173,new,Home & Garden > Fireplace & Wood Stove Accessories > Firewood & Fuel,BRENNHOLZ > HOLZSCHEITE,
CHB-4172,Brennholzkiste 25cm-Hartholz (2m3),"Diese ca. 2 Meter hohe Holzpalette ist leicht zu lagern (Zugänglichkeit vorausgesetzt) ​​und garantiert die bestellte Meterzahl. Die Palette enthält mehrere Arten, ausschließlich Harthölzer. Dies ist daher ideal für ein gutes Gleichgewicht zwischen Glut und lebendigen Flammen. Das Holz wird in 25 cm lange Scheite gespalten, die ideale Größe für einen Kamin oder Einsatz.",https://chaufobois.fr/product/caisse-de-bois-de-chauffage-25cm-bois-durs-2m3/,https://chaufobois.fr/wp-content/uploads/2022/11/bois-de-chauffage-25-cm-melange-de-bois-durs-palette-2-m3-3-steres-1-1-1.jpeg,,in stock,180.00 EUR,,Chaufobois,CHB-4172,new,Home & Garden > Fireplace & Wood Stove Accessories > Firewood & Fuel,BRENNHOLZ,
CHB-4171,Palette aus reinem Buchenholz – 33 cm – 3 Ster,"BRENNHOLZPALETTE – 33 CM – 3 STERN „Nur Buche“ * Eine Palette Brennholz = 3 Ster Hochwertiges Scheitholz Ein hochwertiges Holzscheit zur sofortigen Verwendung im Heizgerät, das die beste Leistung des Heizgeräts garantiert, ohne Rauch und minimale Verstopfung des Schornsteins. Die Vorteile von kammergetrocknetem Holz: durch Trocknen und Sieben teilweise entrindet ohne Parasiten, Insekten, Pilze leuchtet sehr leicht auf nur vierteljährlich brennt ohne Rauch verstopft den Schornstein nicht keine Wärmeverluste Die Mischung besteht nur aus Buche, Hainbuche und Eiche, den heizwertreichsten Holzarten für Brennholz. Ein Ster künstlich getrocknetes Holz entspricht 1,3 Ster halbtrockenem Holz hinsichtlich der freigesetzten Wärmeenergie. Das Volumen eines Stapels gelagerten Holzes entspricht in 33 cm einem Volumen von 0,7 m3. Auch wenn das Holz auf eine Länge von 33 cm geschnitten wird, beträgt das Volumen eines Holzsters 0,6 m3, und wenn es schließlich auf eine Länge von 50 cm geschnitten wird, beträgt das Volumen eines Holzsters 0,8 m3. Je kürzer das Brennholz geschnitten wird, desto besser lässt es sich stapeln und es gibt weniger Lücken zwischen den Scheiten. Das scheinbare Volumen nimmt ab, aber die Holzmenge bleibt gleich. Luftfeuchtigkeit kontrolliert und garantiert unter 10 %. (NF-Brennholzstandard) Länge: 33 cm Lieferung auf Palette, weitere Informationen im Abschnitt Lieferung BRENNHOLZPALETTE – 33 CM – 3 STERN „Nur Buche“ * Eine Palette Brennholz = 3 Ster Hochwertiges Scheitholz Ein hochwertiges Holzscheit zur sofortigen Verwendung im Heizgerät, das die beste Leistung des Heizgeräts garantiert, ohne Rauch und minimale Verstopfung des Schornsteins. Die Vorteile von kammergetrocknetem Holz: durch Trocknen und Sieben teilweise entrindet ohne Parasiten, Insekten, Pilze leuchtet sehr leicht auf nur vierteljährlich brennt ohne Rauch verstopft den Schornstein nicht keine Wärmeverluste Die Mischung besteht nur aus Buche, Hainbuche und Eiche, den heizwertreichsten Holzarten für Brennholz. Ein Ster künstlich getrocknetes Holz entspricht 1,3 Ster halbtrockenem Holz hinsichtlich der freigesetzten Wärmeenergie. Das Volumen eines Stapels gelagerten Holzes entspricht in 33 cm einem Volumen von 0,7 m3. Auch wenn das Holz auf eine Länge von 33 cm geschnitten wird, beträgt das Volumen eines Holzsters 0,6 m3, und wenn es schließlich auf eine Länge von 50 cm geschnitten wird, beträgt das Volumen eines Holzsters 0,8 m3. Je kürzer das Brennholz geschnitten wird, desto besser lässt es sich stapeln und es gibt weniger Lücken zwischen den Scheiten. Das scheinbare Volumen nimmt ab, aber die Holzmenge bleibt gleich. Luftfeuchtigkeit kontrolliert und garantiert unter 10 %. (NF-Brennholzstandard) Länge: 33 cm Lieferung auf Palette, weitere Informationen im Abschnitt Lieferung BRENNHOLZPALETTE – 33 CM – 3 STERN „Nur Buche“ * Eine Palette Brennholz = 3 Ster Hochwertiges Scheitholz Ein hochwertiges Holzscheit zur sofortigen Verwendung im Heizgerät, das die beste Leistung des Heizgeräts garantiert, ohne Rauch und minimale Verstopfung des Schornsteins. Die Vorteile von kammergetrocknetem Holz: durch Trocknen und Sieben teilweise entrindet ohne Parasiten, Insekten, Pilze leuchtet sehr leicht auf nur vierteljährlich brennt ohne Rauch verstopft den Schornstein nicht keine Wärmeverluste Die Mischung besteht nur aus Buche, Hainbuche und Eiche, den heizwertreichsten Holzarten für Brennholz. Ein Ster künstlich getrocknetes Holz entspricht 1,3 Ster halbtrockenem Holz hinsichtlich der freigesetzten Wärmeenergie. Das Volumen eines Stapels gelagerten Holzes entspricht in 33 cm einem Volumen von 0,7 m3. Auch wenn das Holz auf eine Länge von 33 cm geschnitten wird, beträgt das Volumen eines Holzsters 0,6 m3, und wenn es schließlich auf eine Länge von 50 cm geschnitten wird, beträgt das Volumen eines Holzsters 0,8 m3. Je kürzer das Brennholz geschnitten wird, desto besser lässt es sich stapeln und es gibt weniger Lücken zwischen den Scheiten. Das scheinbare Volumen nimmt ab, aber die Holzmenge bleibt gleich. Luftfeuchtigkeit kontrolliert und garantiert unter 10 %. (NF-Brennholzstandard) Länge: 33 cm Lieferung auf Palette, weitere Informationen im Abschnitt Lieferung BRENNHOLZPALETTE – 33 CM – 3 STERN „Nur Buche“ * Eine Palette Brennholz = 3 Ster Hochwertiges Scheitholz Ein hochwertiges Holzscheit zur sofortigen Verwendung im Heizgerät, das die beste Leistung des Heizgeräts garantiert, ohne Rauch und minimale Verstopfung des Schornsteins. Die Vorteile von kammergetrocknetem Holz: durch Trocknen und Sieben teilweise entrindet ohne Parasiten, Insekten, Pilze leuchtet sehr leicht auf nur vierteljährlich brennt ohne Rauch verstopft den Schornstein nicht keine Wärmeverluste Die Mischung besteht nur aus Buche, Hainbuche und Eiche, den heizwertreichsten Holzarten für Brennholz. Ein Ster künstlich getrocknetes Holz entspricht 1,3 Ster halbtrockenem Holz hinsichtlich der freigesetzten Wärmeenergie. Das Volumen eines Stapels gelagerten Holzes entspricht in 33 cm ei",https://chaufobois.fr/product/palette-pure-en-bois-de-hetre-33-cm-3-steres/,https://chaufobois.fr/wp-content/uploads/2022/11/bois-de-chauffage-25-cm-melange-de-bois-durs-palette-2-m3-3-steres-1-1-1.jpeg,https://chaufobois.fr/wp-content/uploads/2022/11/1MM-1.jpeg,in stock,240.00 EUR,200.00 EUR,Chaufobois,CHB-4171,new,Home & Garden > Fireplace & Wood Stove Accessories > Firewood & Fuel,BRENNHOLZ > HOLZSCHEITE,
CHB-4168,Premium-Crépito®-Pellets,"Crépito® Pellets Premium-Holzpellets sind 100 % natürlich und stammen aus der Rückgewinnung von Nebenprodukten der Holzindustrie. Ihre Herstellung erfolgt garantiert ohne Zusatzstoffe oder zugesetzte Bindemittel. Crépito®-Holzpellets bieten dank der Echtzeit-Qualitätskontrolle des Prozesses und der Herstellungswerkzeuge eine hervorragende Heizleistung und garantieren so maximale Effizienz von Pelletheizgeräten. 100 % NATÜRLICH Crépito® Pellets Premium-Holzpellets sind 100 % natürlich und stammen aus der Rückgewinnung von Nebenprodukten der Holzindustrie. Ihre Herstellung erfolgt garantiert ohne Zusatzstoffe oder zugesetzte Bindemittel. EFFIZIENT Crépito®-Holzpellets bieten eine hervorragende Heizleistung, die durch Echtzeit-Qualitätskontrolle des Prozesses und der Herstellungswerkzeuge erzielt wird, und garantieren so maximale Effizienz von Pelletheizgeräten. ZERTIFIZIERT Crépito® Pellets Premium sind DINplus- und NF-zertifiziert und garantieren optimale Sicherheit und Anwendungskomfort. Dank einer konstanten und gleichmäßigen Partikelgröße fließt das Granulat perfekt über die Endlosschnecke in das Gerätesystem. Der sehr geringe Staub- und Feuchtigkeitsgehalt des Crépito®-Granulats verhindert ein Verklemmen oder Verstopfen und garantiert eine Langlebigkeit des Geräts.",https://chaufobois.fr/product/pellets-premium-crepito/,https://chaufobois.fr/wp-content/uploads/2022/11/49-Pellets-Premium-CrepitoR.png,,in stock,310.00 EUR,280.00 EUR,Chaufobois,CHB-4168,new,Home & Garden > Fireplace & Wood Stove Accessories > Firewood & Fuel,HOLZPELLETS (PELLET),
CHB-4167,HELIOS Pellet – 1/2 Palette mit 35 Säcken à 15 kg,"HELIOS Pellet ist ein Holzpellet von guter Qualität. Wir vermarkten es seit über 10 Jahren und unsere Kunden sind rundum zufrieden damit. Es zu testen bedeutet, es niemals zu verlassen!!! Die 15-kg-Säcke sind transparent, wodurch Sie sofort den Staubgehalt und die helle Farbe dieses Granulats erkennen können. Es erfüllt alle Anforderungen der DIN-Plus- und EN-Plus-A1-Zertifikate: zum Beispiel eine Luftfeuchtigkeit < 10 %, einen Aschegehalt < 0,7 % und einen Staubgehalt < 0,5 % sowie strenge Vorschriften zur Herstellung und Lagerung von Pellets. Dieses Pellet eignet sich perfekt für Ihren Ofen, Kamineinsatz oder Heizkessel, ohne diesen zu verstopfen.",https://chaufobois.fr/product/pellet-helios-1-2-palette-de-35-sacs-de-15kg/,https://chaufobois.fr/wp-content/uploads/2022/11/pellet-helios-12-palette-de-35-sacs-de-15-kg-1.jpeg,,in stock,250.00 EUR,230.00 EUR,Chaufobois,CHB-4167,new,Home & Garden > Fireplace & Wood Stove Accessories > Firewood & Fuel,HOLZPELLETS (PELLET),
CHB-4166,BADGER Pellet – 1/2 Palette mit 35 Säcken à 15 kg,"Badger-Pellets werden in Belgien mit gleichbleibender Qualität hergestellt. Das Holz stammt von Nadelbäumen aus nachhaltig bewirtschafteten Wäldern, denn sie achten auf die Umwelt. Diese Pellets sind 100 % natürlich, ohne Leim oder Zusatzstoffe und erfüllen die Anforderungen der DIN Plus- und EN Plus-Normen. Mit regelmäßigen Kontrollen, die vom Herstellungsprozess über die Rohstoffversorgung bis hin zur Fertigung reichen. Sie erhalten garantiert ein hochwertiges Hochleistungspellet, das zu Ihrer Heizungsanlage passt, ohne diese zu verstopfen. Diese Beutel bestehen aus Recyclingpapier und sind leicht recycelbar. Daher ist es einfacher, sie in den Papierkorb zu werfen. Wenn Sie sich für dieses Pellet entscheiden, erhalten Sie garantiert ein hochwertiges Pellet, das seit mehr als 10 Jahren auf dem Markt bekannt ist.",https://chaufobois.fr/product/pellet-badger-1-2-palette-de-35-sacs-de-15-kg/,https://chaufobois.fr/wp-content/uploads/2022/11/pellets-badger-12-palette-de-35-sacs-de-15-kg-1.jpeg,,in stock,210.00 EUR,,Chaufobois,CHB-4166,new,Home & Garden > Fireplace & Wood Stove Accessories > Firewood & Fuel,HOLZPELLETS (PELLET),
CHB-4165,"Extra trockene Scheite 30 cm, 1,45 Ster, 1,3 m³ Schüttgut",Produktname Scheite Länge (in cm) 30 Gewicht des Rohprodukts (in kg) 465 Art der Verpackung Auf Palette Verpacktes Produkt: Höhe (in cm) 125 Verpacktes Produkt: Breite (in cm) 120 Verpacktes Produkt: Tiefe (in cm) 100 Verpacktes Produkt: Gewicht (in kg) 485,https://chaufobois.fr/product/buches-extra-sec-30-cm-1-45-steres-1-3m%c2%b3-vrac/,https://chaufobois.fr/wp-content/uploads/2022/11/Sans-titre-10.png,,in stock,179.00 EUR,120.00 EUR,Chaufobois,CHB-4165,new,Home & Garden > Fireplace & Wood Stove Accessories > Firewood & Fuel,HOLZSCHEITE,
CHB-4136,"Scheite L.50 cm, Palette 1,5 Ster",Produktname Scheite Länge (in cm) 50 Gewicht des Rohprodukts (in kg) 0 Art der Verpackung Auf Palette Verpacktes Produkt: Höhe (in cm) 110 Verpacktes Produkt: Breite (in cm) 100 Verpacktes Produkt: Tiefe (in cm) 120 Verpacktes Produkt: Gewicht (in kg) 500,https://chaufobois.fr/product/buches-l-50-cm-palette-1-5-steres/,https://chaufobois.fr/wp-content/uploads/2022/11/A-51.jpg,,in stock,138.00 EUR,108.00 EUR,Chaufobois,CHB-4136,new,Home & Garden > Fireplace & Wood Stove Accessories > Firewood & Fuel,HOLZSCHEITE,
CHB-4135,"Extra trockene Scheite 30 cm, 2,24 Ster, 2 m³ Schüttgut",Produktname Scheite Länge (in cm) 30 Gewicht des Rohprodukts (in kg) 730 Art der Verpackung Auf Palette Verpacktes Produkt: Höhe (in cm) 185 Verpacktes Produkt: Breite (in cm) 120 Verpacktes Produkt: Tiefe (in cm) 100 Verpacktes Produkt: Gewicht (in kg) 750,https://chaufobois.fr/product/buches-extra-sec-30-cm-224-steres-2m%c2%b3-vrac/,https://chaufobois.fr/wp-content/uploads/2022/11/Sans-titre-9.png,,in stock,259.00 EUR,159.00 EUR,Chaufobois,CHB-4135,new,Home & Garden > Fireplace & Wood Stove Accessories > Firewood & Fuel,HOLZSCHEITE,
CHB-4134,"Brennholz – Scheite 40 cm, 8,30 m³, 11,25 Ster + 40 Säcke Anzündholz",Produktname Scheite Hauptthema Holz Länge (in cm) 40 Gewicht des Rohprodukts (in kg) 4041.8 Art der Verpackung Auf Palette Verpacktes Produkt: Höhe (in cm) 198 Verpacktes Produkt: Breite (in cm) 120 Verpacktes Produkt: Tiefe (in cm) 100 Verpacktes Produkt: Gewicht (in kg) 4041.8,https://chaufobois.fr/product/bois-de-chauffage-buches-40-cm-8-30m%c2%b3-11-25-steres-40-sacs-bois-dallumage/,https://chaufobois.fr/wp-content/uploads/2022/11/Sans-titre-17-copie-600x401-1.png,,in stock,1519.00 EUR,875.00 EUR,Chaufobois,CHB-4134,new,Home & Garden > Fireplace & Wood Stove Accessories > Firewood & Fuel,HOLZSCHEITE,
CHB-4133,"Brennholz – Scheite 25 cm, 5,67 m³, 9,45 Ster + 24 Säcke Anzündholz",Produktname Scheite Hauptthema Holz Länge (in cm) 25 Gewicht des Rohprodukts (in kg) 3343.08 Art der Verpackung Auf Palette Verpacktes Produkt: Höhe (in cm) 198 Verpacktes Produkt: Breite (in cm) 120 Verpacktes Produkt: Tiefe (in cm) 100 Verpacktes Produkt: Gewicht (in kg) 3343.08,https://chaufobois.fr/product/bois-de-chauffage-buches-25-cm-5-67m%c2%b3-9-45-steres-24-sacs-bois-dallumage/,https://chaufobois.fr/wp-content/uploads/2022/11/Sans-titre-17-copie-600x401-1.png,,in stock,1246.00 EUR,715.00 EUR,Chaufobois,CHB-4133,new,Home & Garden > Fireplace & Wood Stove Accessories > Firewood & Fuel,HOLZSCHEITE,
CHB-4132,"Extra trockene Scheite 25 cm, 2,6 Ster, 2 m³ Schüttgut",Produktname Scheite Länge (in cm) 25 Gewicht des Rohprodukts (in kg) 848 Art der Verpackung Auf Palette Verpacktes Produkt: Höhe (in cm) 185 Verpacktes Produkt: Breite (in cm) 100 Verpacktes Produkt: Tiefe (in cm) 120 Verpacktes Produkt: Gewicht (in kg) 868,https://chaufobois.fr/product/buches-extra-sec-25-cm-2-6-steres-2m%c2%b3-vrac/,https://chaufobois.fr/wp-content/uploads/2022/11/Sans-titre-9.png,,in stock,299.00 EUR,185.00 EUR,Chaufobois,CHB-4132,new,Home & Garden > Fireplace & Wood Stove Accessories > Firewood & Fuel,HOLZSCHEITE,
CHB-4131,"Brennholz – Scheite 40 cm, 3,32 m³, 4,5 Ster + 16 Säcke Anzündholz","Hergestellt aus den besten Hartholzarten (Eiche, Hainbuche, Buche). Auf weniger als 20 % Luftfeuchtigkeit getrocknetes, entrindetes und moosfreies Holz. Hohe Heizleistung. Brennholz zertifiziert nach NF H1G1 und CERIC-geprüft Produktname Scheite Hauptthema Holz Länge (in cm) 40 Gewicht des Rohprodukts (in kg) 1616,72 Art der Verpackung Auf Palette Verpacktes Produkt: Höhe (in cm) 198 Verpacktes Produkt: Breite (in cm) 120 Verpacktes Produkt: Tiefe (in cm) 100 Verpacktes Produkt: Gewicht (in kg) 1616,72 Hergestellt aus den besten Hartholzarten (Eiche, Hainbuche, Buche). Auf weniger als 20 % Luftfeuchtigkeit getrocknetes, entrindetes und moosfreies Holz. Hohe Heizleistung. Brennholz zertifiziert nach NF H1G1 und CERIC-geprüft Produktname Scheite Hauptthema Holz Länge (in cm) 40 Gewicht des Rohprodukts (in kg) 1616,72 Art der Verpackung Auf Palette Verpacktes Produkt: Höhe (in cm) 198 Verpacktes Produkt: Breite (in cm) 120 Verpacktes Produkt: Tiefe (in cm) 100 Verpacktes Produkt: Gewicht (in kg) 1616,72 Hergestellt aus den besten Hartholzarten (Eiche, Hainbuche, Buche). Auf weniger als 20 % Luftfeuchtigkeit getrocknetes, entrindetes und moosfreies Holz. Hohe Heizleistung. Brennholz zertifiziert nach NF H1G1 und CERIC-geprüft Produktname Scheite Hauptthema Holz Länge (in cm) 40 Gewicht des Rohprodukts (in kg) 1616,72 Art der Verpackung Auf Palette Verpacktes Produkt: Höhe (in cm) 198 Verpacktes Produkt: Breite (in cm) 120 Verpacktes Produkt: Tiefe (in cm) 100 Verpacktes Produkt: Gewicht (in kg) 1616,72",https://chaufobois.fr/product/bois-de-chauffage-buches-40-cm-3-32m%c2%b3-4-5-steres-16-sacs-bois-dallumage/,https://chaufobois.fr/wp-content/uploads/2022/11/1-1.png,https://chaufobois.fr/wp-content/uploads/2022/11/2.png,in stock,638.00 EUR,382.00 EUR,Chaufobois,CHB-4131,new,Home & Garden > Fireplace & Wood Stove Accessories > Firewood & Fuel,HOLZSCHEITE,
CHB-4130,"Scheite 25 cm, 3,78 m³, 6,30 Ster + 16 Säcke Anzündholz","Hergestellt aus den besten Hartholzarten (Eiche, Hainbuche, Buche). Auf weniger als 20 % Luftfeuchtigkeit getrocknetes, entrindetes und moosfreies Holz. Hohe Heizleistung. Brennholz zertifiziert nach NF H1G1 und CERIC-geprüft Produktname Scheite Hauptthema Holz Länge (in cm) 25 Gewicht des Rohprodukts (in kg) 2228,72 Art der Verpackung Auf Palette Verpacktes Produkt: Höhe (in cm) 198 Verpacktes Produkt: Breite (in cm) 120 Verpacktes Produkt: Tiefe (in cm) 100 Verpacktes Produkt: Gewicht (in kg) 2228,72 Hergestellt aus den besten Hartholzarten (Eiche, Hainbuche, Buche). Auf weniger als 20 % Luftfeuchtigkeit getrocknetes, entrindetes und moosfreies Holz. Hohe Heizleistung. Brennholz zertifiziert nach NF H1G1 und CERIC-geprüft Produktname Scheite Hauptthema Holz Länge (in cm) 25 Gewicht des Rohprodukts (in kg) 2228,72 Art der Verpackung Auf Palette Verpacktes Produkt: Höhe (in cm) 198 Verpacktes Produkt: Breite (in cm) 120 Verpacktes Produkt: Tiefe (in cm) 100 Verpacktes Produkt: Gewicht (in kg) 2228,72 Hergestellt aus den besten Hartholzarten (Eiche, Hainbuche, Buche). Auf weniger als 20 % Luftfeuchtigkeit getrocknetes, entrindetes und moosfreies Holz. Hohe Heizleistung. Brennholz zertifiziert nach NF H1G1 und CERIC-geprüft Produktname Scheite Hauptthema Holz Länge (in cm) 25 Gewicht des Rohprodukts (in kg) 2228,72 Art der Verpackung Auf Palette Verpacktes Produkt: Höhe (in cm) 198 Verpacktes Produkt: Breite (in cm) 120 Verpacktes Produkt: Tiefe (in cm) 100 Verpacktes Produkt: Gewicht (in kg) 2228,72",https://chaufobois.fr/product/buches-25-cm-3-78m%c2%b3-6-30-steres-16-sacs-bois-dallumage/,https://chaufobois.fr/wp-content/uploads/2022/11/Sans-titre-17-copie-600x401-2.png,,in stock,840.00 EUR,504.00 EUR,Chaufobois,CHB-4130,new,Home & Garden > Fireplace & Wood Stove Accessories > Firewood & Fuel,HOLZSCHEITE,
CHB-4129,"Brennholz – Scheite 25 cm, 1,89 m³, 3,15 Ster + 8 Säcke Anzündholz","Hergestellt aus den besten Hartholzarten (Eiche, Hainbuche, Buche). Auf weniger als 20 % Luftfeuchtigkeit getrocknetes, entrindetes und moosfreies Holz. Hohe Heizleistung. Brennholz zertifiziert nach NF H1G1 und CERIC-geprüft Produktname Scheite Hauptthema Holz Länge (in cm) 25 Gewicht des Rohprodukts (in kg) 1114.36 Art der Verpackung Auf Palette Verpacktes Produkt: Höhe (in cm) 198 Verpacktes Produkt: Breite (in cm) 120 Verpacktes Produkt: Tiefe (in cm) 100 Verpacktes Produkt: Gewicht (in kg) 1129,36 Hergestellt aus den besten Hartholzarten (Eiche, Hainbuche, Buche). Auf weniger als 20 % Luftfeuchtigkeit getrocknetes, entrindetes und moosfreies Holz. Hohe Heizleistung. Brennholz zertifiziert nach NF H1G1 und CERIC-geprüft Produktname Scheite Hauptthema Holz Länge (in cm) 25 Gewicht des Rohprodukts (in kg) 1114.36 Art der Verpackung Auf Palette Verpacktes Produkt: Höhe (in cm) 198 Verpacktes Produkt: Breite (in cm) 120 Verpacktes Produkt: Tiefe (in cm) 100 Verpacktes Produkt: Gewicht (in kg) 1129,36 Hergestellt aus den besten Hartholzarten (Eiche, Hainbuche, Buche). Auf weniger als 20 % Luftfeuchtigkeit getrocknetes, entrindetes und moosfreies Holz. Hohe Heizleistung. Brennholz zertifiziert nach NF H1G1 und CERIC-geprüft Produktname Scheite Hauptthema Holz Länge (in cm) 25 Gewicht des Rohprodukts (in kg) 1114.36 Art der Verpackung Auf Palette Verpacktes Produkt: Höhe (in cm) 198 Verpacktes Produkt: Breite (in cm) 120 Verpacktes Produkt: Tiefe (in cm) 100 Verpacktes Produkt: Gewicht (in kg) 1129,36",https://chaufobois.fr/product/bois-de-chauffage-buches-25-cm-1-89m%c2%b3-3-15-steres-8-sacs-bois-dallumage/,https://chaufobois.fr/wp-content/uploads/2022/11/Sans-titre-17-copie-600x401-2.png,,in stock,425.00 EUR,285.00 EUR,Chaufobois,CHB-4129,new,Home & Garden > Fireplace & Wood Stove Accessories > Firewood & Fuel,HOLZSCHEITE,
CHB-4128,"Scheite 40 cm, 1,66 m³, 2,25 Ster + 8 Säcke Anzündholz","Hergestellt aus den besten Hartholzarten (Eiche, Hainbuche, Buche). Auf weniger als 20 % Luftfeuchtigkeit getrocknetes, entrindetes und moosfreies Holz. Hohe Heizleistung. Brennholz zertifiziert nach NF H1G1 und CERIC-geprüft Produktname Scheite Hauptthema Holz Länge (in cm) 40 Gewicht des Rohprodukts (in kg) 808.36 Art der Verpackung Auf Palette Verpacktes Produkt: Höhe (in cm) 198 Verpacktes Produkt: Breite (in cm) 120 Verpacktes Produkt: Tiefe (in cm) 100 Verpacktes Produkt: Gewicht (in kg) 823,36 Hergestellt aus den besten Hartholzarten (Eiche, Hainbuche, Buche). Auf weniger als 20 % Luftfeuchtigkeit getrocknetes, entrindetes und moosfreies Holz. Hohe Heizleistung. Brennholz zertifiziert nach NF H1G1 und CERIC-geprüft Produktname Scheite Hauptthema Holz Länge (in cm) 40 Gewicht des Rohprodukts (in kg) 808.36 Art der Verpackung Auf Palette Verpacktes Produkt: Höhe (in cm) 198 Verpacktes Produkt: Breite (in cm) 120 Verpacktes Produkt: Tiefe (in cm) 100 Verpacktes Produkt: Gewicht (in kg) 823,36 Hergestellt aus den besten Hartholzarten (Eiche, Hainbuche, Buche). Auf weniger als 20 % Luftfeuchtigkeit getrocknetes, entrindetes und moosfreies Holz. Hohe Heizleistung. Brennholz zertifiziert nach NF H1G1 und CERIC-geprüft Produktname Scheite Hauptthema Holz Länge (in cm) 40 Gewicht des Rohprodukts (in kg) 808.36 Art der Verpackung Auf Palette Verpacktes Produkt: Höhe (in cm) 198 Verpacktes Produkt: Breite (in cm) 120 Verpacktes Produkt: Tiefe (in cm) 100 Verpacktes Produkt: Gewicht (in kg) 823,36",https://chaufobois.fr/product/buches-40-cm-1-66m%c2%b3-2-25-steres-8-sacs-bois-dallumage/,https://chaufobois.fr/wp-content/uploads/2022/11/Sans-titre-17-copie-600x401-2.png,,in stock,323.00 EUR,195.00 EUR,Chaufobois,CHB-4128,new,Home & Garden > Fireplace & Wood Stove Accessories > Firewood & Fuel,HOLZSCHEITE,
CHB-4127,"Brennholz – 25 cm – hohe Leistung – 2 m3 – 2,60 Ster","Referenz BUCHE_25_BALLOT2000 Technisches Datenblatt Zusammensetzung: 100 % Harthölzer: Eiche – Hainbuche – Buche – Esche Zertifikate: NF Brennwert: Mehr als 3,9 kWh/kg Luftfeuchtigkeit: Weniger als 20 % Ascheanteil: Weniger als 1,5 % Holzart: Eiche – Hainbuche – Buche – Esche Volumen in M3: 2 m3 Volumen in Ster: 2,6 Ster Abmessungen der Palette: 100 x 120 x 185 cm Trocknungstechnik: Im Ofen Holzart: Hartholz Länge: 25 cm Durchmesser: von 5 cm bis 15 cm Verpackung: Palette Herkunft: Frankreich Wenn Sie sauberes, entrindetes Holz suchen, das leicht zu handhaben ist, ist dies das Holz, das Sie brauchen. Die Holzscheite müssen nicht mehr gespalten werden, da die Abschnitte klein sind (5 bis 15 cm). Hartes, sauberes Holz (in einer Entrindungstrommel gebürstet) und ultratrocken mit einer Luftfeuchtigkeit von 20 % (Gruppe H1 G1). Ein Hochleistungsholz für weniger Partikelemissionen. Dank staub- und schmutzfreier Holzscheite erzielen Sie eine optimale Verbrennung, ohne Ihr Gerät zu verstopfen. Sie erzeugen zwei- bis dreimal weniger Esche als Holz mit 35 % Luftfeuchtigkeit. Bei einem guten Heizwert erfolgt die Zündung schnell und Sie haben während des gesamten Feuers eine konstante Hitze. Dieses Holz ist NF-zertifiziert, 100 % französisch. Es wird regelmäßig im CERIC-Labor überprüft. Referenz BUCHE_25_BALLOT2000",https://chaufobois.fr/product/bois-de-chauffage-25-cm-haute-performance-2-m3-2-60-steres/,https://chaufobois.fr/wp-content/uploads/2022/11/A-42.jpg,,in stock,353.00 EUR,253.00 EUR,Chaufobois,CHB-4127,new,Home & Garden > Fireplace & Wood Stove Accessories > Firewood & Fuel,BRENNHOLZ,
CHB-4126,"Brennholz – 25 cm – Palette 2 m3 – 3,3 Ster","Referenz BUCHE_2M3_25 Technisches Datenblatt Zertifikate: PEFC Luftfeuchtigkeit: 25 bis 30 % Holzart: Mischung aus Harthölzern Volumen in M3: 2 m3 Volumen in Ster: 3,3 Ster Abmessungen der Palette: L120xB95xH200cm Trocknungstechnik: Natürlich im Freien Holzart: Hartholz Länge: 25 cm Verpackung: Palette Herkunft: Belgien Diese ca. 2 Meter hohe Holzpalette ist leicht zu lagern (Zugänglichkeit vorausgesetzt) und garantiert die bestellte Meterzahl. 25 cm lange Scheite, speziell für kleine Öfen oder Holzkamine konzipiert. Je trockener das Holz, desto höher ist der Heizwert und desto schneller steigt die Temperatur. Durch die Verbrennung von trockenem Holz verstopfen Sie Ihre Heizung nicht und setzen weniger umweltschädliche Dämpfe frei. Wenn Sie sich für das Heizen mit Holz entscheiden, entscheiden Sie sich für eine ökologische Heizung und sparen gleichzeitig Geld. Referenz BUCHE_2M3_25",https://chaufobois.fr/product/bois-de-chauffage-25-cm-palette-2-m3-3-3-steres/,https://chaufobois.fr/wp-content/uploads/2022/11/A-41.jpg,,in stock,319.00 EUR,219.00 EUR,Chaufobois,CHB-4126,new,Home & Garden > Fireplace & Wood Stove Accessories > Firewood & Fuel,BRENNHOLZ,
CHB-4125,"BRENNHOLZ – 30 CM – HOHE LEISTUNG – 2 M3 – 2,24 STER","Referenz BUCHE_30_BALLOT2000 Technisches Datenblatt Zusammensetzung: 100 % Harthölzer: Eiche – Hainbuche – Buche – Esche Zertifikate: NF Brennwert: Mehr als 3,9 kWh/kg Luftfeuchtigkeit: Weniger als 20 % Ascheanteil: Weniger als 1,5 % Holzart: Eiche – Hainbuche – Buche – Esche Volumen in M3: 2 m3 Volumen in Ster: 2,24 Ster Abmessungen der Palette: 100 x 120 x 185 cm Trocknungstechnik: Im Ofen Holzart: Hartholz Länge: 30 cm Durchmesser: von 5 cm bis 15 cm Verpackung: Palette Herkunft: Frankreich Wenn Sie sauberes, entrindetes Holz suchen, das leicht zu handhaben ist, ist dies das Holz, das Sie brauchen. Holz in gut gespaltenen 30-cm-Scheiten, kleiner Querschnitt, ideal für kleine Heizgeräte: Öfen oder Einsätze. Ein Hochleistungsholz für weniger Partikelemissionen. Da die Holzscheite in großen Mengen auf dieser Palette gelagert werden, haben Sie sie immer griffbereit. Weniger Einschränkungen als bei anderem Holz, da dieses Holz teilweise entrindet ist und daher weniger staubig ist. (in der Entrindungstrommel gebürstet) Durch die einfachere Handhabung profitieren Sie von einer konstanten Wärme, ohne Ihr Gerät zu verstopfen. Hartholz, ultratrocken, gebrauchsfertig, NF, 100 % französisch. (Gruppe H1 G1) Referenz BUCHE_30_BALLOT2000",https://chaufobois.fr/product/bois-de-chauffage-30-cm-haute-performance-2-m3-2-24-steres/,https://chaufobois.fr/wp-content/uploads/2022/11/A-40.jpg,,in stock,313.00 EUR,213.00 EUR,Chaufobois,CHB-4125,new,Home & Garden > Fireplace & Wood Stove Accessories > Firewood & Fuel,BRENNHOLZ,
CHB-4124,"BRENNHOLZ – 45 CM – HARTHOLZMISCHUNG – 2 M3 PALETTE – 2,6 STER","Referenz BUCHE_2M3_45 Technisches Datenblatt Zertifikate: PEFC Luftfeuchtigkeit: 25 bis 30 % Holzart: Mischung aus Harthölzern Volumen in M3: 2 m3 Volumen in Ster: 2,6 Ster Abmessungen der Palette: L120xB95xH200cm Trocknungstechnik: Natürlich im Freien Holzart: Hartholz Länge: 45 cm Verpackung: Palette Herkunft: Belgien Diese ca. 2 Meter hohe Holzpalette ist leicht zu lagern (Zugänglichkeit vorausgesetzt) und garantiert die bestellte Meterzahl. Die Palette enthält mehrere Arten, ausschließlich Harthölzer. Dies ist daher ideal für ein gutes Gleichgewicht zwischen Glut und lebendigen Flammen. Das Holz wird in 45 cm lange Scheite gespalten, die ideale Größe für einen Kamin oder Einsatz. Schweres Holz oder leichtes Holz? Helle Hölzer lassen sich leicht anzünden, verbrennen aber zu schnell (Pappel, Ahorn, Linde, Erle usw.) Schweres Holz ist schwieriger anzuzünden, hat aber einen hohen Heizwert und brennt langsam. Es wird dringend empfohlen, das Verbrennen von Nadelbäumen in Ihrem Holzofen zu vermeiden, da diese Ihr Heizsystem verstopfen, viel Rauch erzeugen und bei der Verbrennung (offene Feuerstelle) Spritzer abgeben. Sie sollten das Verbrennen von platzendem Holz wie Kastanie und Platane vermeiden, da es Glut versprüht, insbesondere nicht in offenen Feuerstellen. Auch Hölzer, die verstopfen, wie Nadelhölzer und Hölzer, die zu feucht sind, sollten Sie meiden, weil sie zu viel Rauch entwickeln und sich Harz in den Kanälen ablagern. Referenz BUCHE_2M3_45",https://chaufobois.fr/product/bois-de-chauffage-45-cm-melange-de-bois-durs-palette-2-m3-2-6-steres/,https://chaufobois.fr/wp-content/uploads/2022/11/A-7-1.png,,in stock,309.00 EUR,209.00 EUR,Chaufobois,CHB-4124,new,Home & Garden > Fireplace & Wood Stove Accessories > Firewood & Fuel,BRENNHOLZ,
CHB-4123,"BRENNHOLZ – 33 CM – HARTHOLZMISCHUNG – 2 M3 PALETTE – 2,9 STER","Referenz BUCHE_2M3_33 Technisches Datenblatt Zertifikate: PEFC Luftfeuchtigkeit: 25 bis 30 % Holzart: Esche, Buche, Hainbuche, Eiche Volumen in M3: 2 m3 Volumen in Ster: 2,9 Ster Abmessungen der Palette: L120xB95xH200cm Trocknungstechnik: Natürlich im Freien Holzart: Hartholz Länge: 33 cm Verpackung: Palette Herkunft: Belgien Diese etwa 2 Meter hohe Holzpalette ist leicht zu lagern (Zugänglichkeit vorausgesetzt) und garantiert Ihnen die exakte Menge an bestellten Kubikmetern. Die Palette enthält mehrere Holzarten, ausschließlich Harthölzer: 60 % Esche, 20 % Buche und 20 % Hainbuche. Dies ist daher ideal für ein gutes Gleichgewicht zwischen Glut und lebendigen Flammen. Das Holz wird in 33-35 cm große Scheite gespalten, die ideale Größe für einen Holzofen oder einen kleinen Einsatz. Welche Holzarten werden zum Heizen bevorzugt? Für Ihren Holzofen eignen sich verschiedene Holzarten: Buche, Eiche, Hainbuche und Esche. Dies sind Hartholzarten und eignen sich ideal zum Heizen, da sie einen hohen Heizwert haben und die Holzscheite eine gute Glut und schöne Flammen erzeugen. Einige verwenden helle Holzarten, wie zum Beispiel Erle. Allerdings verbrauchen sie ihr Holz viel schneller, weil dieses Holz schneller brennt und weniger Wärme abgibt. Referenz BUCHE_2M3_33",https://chaufobois.fr/product/bois-de-chauffage-33-cm-melange-de-bois-durs-palette-2-m3-2-9-steres/,https://chaufobois.fr/wp-content/uploads/2022/11/A-39.jpg,,in stock,299.00 EUR,199.00 EUR,Chaufobois,CHB-4123,new,Home & Garden > Fireplace & Wood Stove Accessories > Firewood & Fuel,BRENNHOLZ,
CHB-4122,BRENNHOLZ – 30 CM – HARTHOLZMISCHUNG – PALETTE 2 M3 – 3 STER,"Referenz BUCHE_2M3_30 Technisches Datenblatt Luftfeuchtigkeit: 25 bis 30 % Holzart: Esche, Buche, Hainbuche, Eiche Volumen in M3: 2 m3 Volumen in Ster: 3 Ster Abmessungen der Palette: L120xB95xH200cm Trocknungstechnik: Natürlich im Freien Holzart: Hartholz Länge: 30 cm Verpackung: Palette Herkunft: Belgien Mischung aus Harthölzern, natürlich trocknend, zur Belüftung im Freien gelagert. Die Palette enthält mehrere Hartholzarten: Esche, Buche, Eiche und Hainbuche. Dies ist daher ideal für ein gutes Gleichgewicht zwischen Glut und lebendigen Flammen. Es wird Holzscheite geben, die leichter anzuzünden sind, und andere, die das Feuer länger am Brennen halten. Das Holz wird in 30 cm lange Scheite gespalten, die ideale Größe für einen kleinen Ofen oder einen kleinen Holzeinsatz. Welche Holzart sollte zum Heizen bevorzugt werden? Für Ihren Holzofen eignen sich verschiedene Holzarten: Buche, Eiche, Hainbuche und Esche. Dies sind Hartholzarten und eignen sich ideal zum Heizen, da sie einen hohen Heizwert haben und die Holzscheite eine gute Glut und schöne Flammen erzeugen. Einige verwenden helle Holzarten, wie zum Beispiel Erle. Allerdings verbrauchen sie ihr Holz viel schneller, weil dieses Holz schneller brennt und weniger Wärme abgibt. Referenz BUCHE_2M3_30",https://chaufobois.fr/product/bois-de-chauffage-30-cm-melange-de-bois-durs-palette-2-m3-3-steres/,https://chaufobois.fr/wp-content/uploads/2022/11/A-38.jpg,,in stock,297.00 EUR,197.00 EUR,Chaufobois,CHB-4122,new,Home & Garden > Fireplace & Wood Stove Accessories > Firewood & Fuel,BRENNHOLZ,
CHB-4121,"BRENNHOLZ – 50 CM – HARTHOLZMISCHUNG – PALETTE 2 M3 – 2,5 STER","Referenz BUCHE_2M3_50 Technisches Datenblatt Luftfeuchtigkeit: 20 bis 25 % Holzart: Mischung aus Harthölzern Volumen in M3: 2 m3 Volumen in Ster: 2,5 Ster Abmessungen der Palette: L120xB95xH200cm Trocknungstechnik: Natürlich im Freien Holzart: Hartholz Länge: 50 cm Verpackung: Palette Herkunft: Belgien Diese ca. 2 Meter hohe Holzpalette ist leicht zu lagern (Zugänglichkeit vorausgesetzt) und garantiert die bestellte Meterzahl. Diese Holzscheite sind in 50 cm gespalten, ideal für Kamine und Einsätze. Denken Sie daran, dass Sie Ihr Holz zum ordnungsgemäßen Trocknen an einem trockenen, belüfteten und vor Feuchtigkeit geschützten Ort lagern müssen. Ideal ist es unter einem hofähnlichen Unterstand (vorne offen und an den Seiten und oben geschlossen), damit die Luft gut zwischen dem Holz zirkulieren kann und kein Regen eindringt. Referenz BUCHE_2M3_50",https://chaufobois.fr/product/bois-de-chauffage-50-cm-melange-de-bois-durs-palette-2-m3-2-5-steres/,https://chaufobois.fr/wp-content/uploads/2022/11/A-37.jpg,,in stock,297.00 EUR,197.00 EUR,Chaufobois,CHB-4121,new,Home & Garden > Fireplace & Wood Stove Accessories > Firewood & Fuel,BRENNHOLZ,
CHB-4120,"BRENNHOLZ – 40 CM – HOHE LEISTUNG – 2 M3 – 1,85 STER","Referenz BUCHE_40_BALLOT2000 Technisches Datenblatt Zusammensetzung: 100 % Harthölzer: Eiche – Hainbuche – Buche – Esche Zertifikate: NF Brennwert: Mehr als 3,9 kWh/kg Luftfeuchtigkeit: Weniger als 20 % Ascheanteil: Weniger als 1,5 % Holzart: Eiche – Hainbuche – Buche – Esche Volumen in M3: 2 m3 Volumen in Ster: 1,85 Ster Abmessungen der Palette: 100 x 120 x 185 cm Trocknungstechnik: Im Ofen Holzart: Hartholz Länge: 40 cm Durchmesser: von 5 cm bis 15 cm Verpackung: Palette Herkunft: Frankreich Wenn Sie sauberes, entrindetes Holz suchen, das leicht zu handhaben ist, ist dies das Holz, das Sie brauchen. Hartes Holz, ultratrocken, gut gespalten, kleiner Abschnitt und sauber. (Gruppe H1 G1 und in Entrindungstrommel gebürstet) Ein Hochleistungsholz für weniger Partikelemissionen. Einfach zu verwenden, da die Holzscheite in großen Mengen auf einer Palette platziert werden. Einfaches, schnelles Anzünden und konstante Hitze im gesamten Feuer. Kleine Tipps zur richtigen Verwendung dieses Holzes: Platzieren Sie ein oder zwei Holzscheite in der Mitte Ihres Kamins Fügen Sie Anzündholz und einen Feueranzünder hinzu Zünden Sie den Feueranzünder mit einem Streichholz an Alles was Sie tun müssen, ist ein gutes Feuer zu genießen. Referenz BUCHE_40_BALLOT2000",https://chaufobois.fr/product/bois-de-chauffage-40-cm-haute-performance-2-m3-1-85-steres/,https://chaufobois.fr/wp-content/uploads/2022/11/A-36.jpg,,in stock,273.00 EUR,175.00 EUR,Chaufobois,CHB-4120,new,Home & Garden > Fireplace & Wood Stove Accessories > Firewood & Fuel,BRENNHOLZ,
CHB-4119,"BRENNHOLZ – 33 CM – TROCKEN – HARTHOLZMISCHUNG – PALETTE 1 M3 – 1,5 STER","Referenz BUCHE_1M3_33 Technisches Datenblatt Luftfeuchtigkeit: 20 und 25 % Holzart: Hainbuche, Eiche, Buche und Esche Volumen in M3: 1 m3 Volumen in Ster: 1,5 Ster Trocknungstechnik: Natürlich im Freien Holzart: Hartholz Länge: 33 cm Verpackung: Halbpalette Herkunft: Frankreich Diese Holzkisten bestehen aus Harthölzermischungen, werden auf natürliche Weise an der Luft getrocknet und im Freien gelagert, damit sie belüftet bleiben. Durch die Holzmischung können Sie sowohl Flammen als auch Glut erzeugen. Diese Hölzer eignen sich zum Erhitzen oder Abflammen zum Vergnügen und haben einen hervorragenden Brennwert. Die Scheite werden auf 33 cm Länge geschnitten und dann auf einer Palette gelagert, wodurch die bestellte Kubikmeterzahl garantiert ist. Sein kleines Format ist ideal für Menschen mit wenig Stauraum oder für einen kleinen gelegentlichen Ausbruch. Dieses Holz wird in Belgien hergestellt und ist 100 % natürlich. Es ist ideal für Holzöfen und Einsätze für Holzscheite bis 33 cm. Referenz BUCHE_1M3_33",https://chaufobois.fr/product/bois-de-chauffage-33-cm-sec-melange-de-bois-durs-palette-1-m3-1-5-steres/,https://chaufobois.fr/wp-content/uploads/2022/11/A-35.jpg,,in stock,209.00 EUR,125.00 EUR,Chaufobois,CHB-4119,new,Home & Garden > Fireplace & Wood Stove Accessories > Firewood & Fuel,BRENNHOLZ,
CHB-4118,"BRENNHOLZ – 45 CM – TROCKEN – HARTHOLZMISCHUNG – PALETTE 1 M3 – 1,3 STER","Referenz BUCHE_1M3_45 Technisches Datenblatt Luftfeuchtigkeit: 20 bis 25 % Holzarten: Hainbuche, Eiche, Esche und Buche Volumen in M3: 1 m3 Volumen in Ster: 1,3 Ster Trocknungstechnik: Natürlich im Freien Holzart: Hartholz Länge: 45 cm Verpackung: Halbpalette Herkunft: Frankreich Mischung aus Harthölzern, natürlich trocknend, zur Belüftung im Freien gelagert. Dank der Holzmischung können Sie sowohl Flammen als auch Glut erzeugen. Diese Hölzer eignen sich hervorragend zum Heizen und haben einen hohen Heizwert. Die Scheite werden in 45 cm große Stücke geschnitten und dann auf einer Palette gelagert, die sauberer ist und die bestellte Kubikmeterzahl garantiert. Praktisch durch sein kleines Format für Menschen mit wenig Stauraum oder für den kleinen gelegentlichen Ausbruch. Dieses Holz wird in Frankreich hergestellt und ist 100 % natürlich. Es ist ideal für Holzöfen und Einsätze für Holzscheite mit einer Länge von bis zu 45 cm. Referenz BUCHE_1M3_45",https://chaufobois.fr/product/bois-de-chauffage-45-cm-sec-melange-de-bois-durs-palette-1-m3-1-3-steres/,https://chaufobois.fr/wp-content/uploads/2022/11/A-35.jpg,,in stock,209.00 EUR,125.00 EUR,Chaufobois,CHB-4118,new,Home & Garden > Fireplace & Wood Stove Accessories > Firewood & Fuel,BRENNHOLZ,
CHB-4084,"BRENNHOLZ – 30 CM – TROCKEN – HARTHOLZMISCHUNG – PALETTE 1 M3 – 1,5 STER","Referenz BUCHE_1M3_30 Technisches Datenblatt Luftfeuchtigkeit: 20 und 25 % Holzart: Hainbuche, Eiche, Buche und Esche Volumen in M3: 1 m3 Volumen in Ster: 1,5 Ster Trocknungstechnik: Natürlich im Freien Holzart: Hartholz Länge: 30 cm Verpackung: Halbpalette Herkunft: Frankreich Mischung aus Harthölzern, natürlich trocknend, zur Belüftung im Freien gelagert. Dank der Holzmischung können Sie sowohl Flammen als auch Glut erzeugen. Diese Hölzer eignen sich hervorragend zum Heizen und haben einen hohen Heizwert. Die Scheite werden in 30 cm große Stücke geschnitten und dann auf einer Palette gelagert, die sauberer ist und die bestellte Kubikmeterzahl garantiert. Praktisch durch sein kleines Format für Menschen mit wenig Stauraum oder für den kleinen gelegentlichen Ausbruch. Dieses Holz wird in Frankreich hergestellt und ist 100 % natürlich. Es ist ideal für Holzöfen und Einsätze für Holzscheite mit einer Länge von bis zu 30 cm. Referenz BUCHE_1M3_30",https://chaufobois.fr/product/bois-de-chauffage-30-cm-sec-melange-de-bois-durs-palette-1-m3-1-5-steres/,https://chaufobois.fr/wp-content/uploads/2022/11/A-34.jpg,,in stock,207.00 EUR,120.00 EUR,Chaufobois,CHB-4084,new,Home & Garden > Fireplace & Wood Stove Accessories > Firewood & Fuel,BRENNHOLZ,
CHB-4083,"BRENNHOLZ – 50 CM – TROCKEN – HARTHOLZMISCHUNG – PALETTE 1 M3 – 1,3 STER","Referenz BUCHE_1M3_50 Technisches Datenblatt Luftfeuchtigkeit: zwischen 20 und 25 % Holzart: Esche, Buche, Hainbuche, Eiche Volumen in M3: 1 m3 Volumen in Ster: 1,3 Ster Trocknungstechnik: Natürlich im Freien Holzart: Hartholz Länge: 50 cm Verpackung: Halbpalette Herkunft: Belgien Mischung aus Harthölzern, natürlich trocknend, zur Belüftung im Freien gelagert. Durch die Mischung der Holzarten ist es möglich, sowohl Flammen als auch Glut zu erzeugen. Die Scheite werden gespalten und in Längen von 50 cm geschnitten und anschließend auf einer Palette gelagert, sodass Sie im Gegensatz zu Massenware garantiert die bestellte Menge Holz erhalten. Die 1-m3-Boxen sind aufgrund ihrer geringen Größe praktisch für Menschen, die nicht zu viel Holz lagern möchten oder die Holzheizung nicht intensiv nutzen. Dieses Brennholz wird in Belgien hergestellt. Es eignet sich perfekt für große Kamine in Holzöfen und -einsätzen. Referenz BUCHE_1M3_50",https://chaufobois.fr/product/bois-de-chauffage-50-cm-sec-melange-de-bois-durs-palette-1-m3-1-3-steres/,https://chaufobois.fr/wp-content/uploads/2022/11/A-33.jpg,,in stock,193.00 EUR,105.00 EUR,Chaufobois,CHB-4083,new,Home & Garden > Fireplace & Wood Stove Accessories > Firewood & Fuel,BRENNHOLZ,
CHB-4082,Pellet Moulin Bois Energie – Palette mit 65 Säcken à 15 kg,"Referenz: PELLET_PALETTE_MOULINBOISENERGIE Technisches Datenblatt Zertifikate: EN Plus A1, PEFC Heizwert: Mehr als 5 kWh/kg Luftfeuchtigkeit: 8 % Ascheanteil: Weniger als 0,5 % Staubrate: Weniger als 0,5 % Verpackung: Palette Herkunft: Frankreich Moulin Bois Energie mit Sitz in der Auvergne bietet Holzpellets an, die strengen Standards und regelmäßigen Qualitätskontrollen unterliegen. Ein Produkt von sehr guter Qualität, das 100 % natürlichen, effizienten und ökologischen Kraftstoff garantiert. Dieses Pellet ist nach der europäischen Norm EN Plus A1 zertifiziert, die die Kontrolle der Herstellung sowie der Lagerung von Pellets gewährleistet. Es ist perfekt für den verstopfungsfreien Einsatz in Öfen, Heizkesseln und Pelleteinsätzen geeignet. MOULIN BOIS ENERGIE ist ein Unternehmen, das sich der Produktion grüner Energie widmet. Es durchläuft zahlreiche Qualitätskontrollen, um leistungsstarke, natürliche und umweltfreundliche Pellets zu gewährleisten. Wenn Sie sich für dieses Pellet entscheiden, entscheiden Sie sich für französische Qualität zu einem sehr guten Preis. Referenz: PELLET_PALETTE_MOULINBOISENERGIE",https://chaufobois.fr/product/pellet-moulin-bois-energie-palette-de-65-sacs-de-15-kg/,https://chaufobois.fr/wp-content/uploads/2022/11/A-32.jpg,,in stock,394.00 EUR,294.00 EUR,Chaufobois,CHB-4082,new,Home & Garden > Fireplace & Wood Stove Accessories > Firewood & Fuel,HOLZPELLETS (PELLET),
CHB-4051,Pellet Natural Energie – Palette mit 70 Säcken à 15 kg,"Referenz PELLET_PALETTE_NATURALENERGIE Technisches Datenblatt Zertifikate: DIN Plus Brennwert: Mehr als 4,6 kWh/kg Luftfeuchtigkeit: Weniger als 10 % Ascheanteil: Weniger als 0,7 % Staubrate: Weniger als 1 % Durchmesser: 6 mm Verpackung: Palette Herkunft: Frankreich Referenz PELLET_PALETTE_NATURALENERGIE",https://chaufobois.fr/product/pellet-natural-energie-palette-de-70-sacs-de-15-kg/,https://chaufobois.fr/wp-content/uploads/2022/11/A-31.jpg,,in stock,379.00 EUR,279.00 EUR,Chaufobois,CHB-4051,new,Home & Garden > Fireplace & Wood Stove Accessories > Firewood & Fuel,HOLZPELLETS (PELLET),
CHB-4050,Pellet Sunpower – Palette mit 70 Säcken à 15 kg,"Referenz: PELLET_PALETTE_SUNPOWER Technisches Datenblatt Zusammensetzung: 100 % Nadelholz Zertifikate: DIN Plus, EN Plus A1, NF Brennwert: Mehr als 4,6 kWh/kg Luftfeuchtigkeit: Weniger als 10 % Ascheanteil: Weniger als 0,7 % Durchmesser: 6 mm Verpackung: Palette Herkunft: Frankreich SUN POWER-Holzpellets sind von sehr guter Qualität und zu einem sehr attraktiven Preis. Dieses Pellet erfüllt die strengsten Normen wie DIN Plus (Deutsche Norm), EN Plus A1 (Europäische Norm) und NF (Französische Norm) hinsichtlich Produktqualität, Herstellung, Holzherkunft und Lagerung. Das zu 100 % aus Weichholz gefertigte Holz ist von hoher Qualität für eine bessere Leistung. Es ist ideal für alle Pelletheizungen: Öfen, Einsätze und Heizkessel. Sein Heizwert beträgt standardmäßig > 4,6 kWh/kg für konstante Wärme bei geringerem Verbrauch. Ein niedriger Ascheanteil < 0,7 %, damit Ihre Heizung nicht verstopft und Sie den Tank nicht zu oft entleeren müssen. Endlich ein hochwertiges NF Biocombustibles-Pellet für ein 100 % französisches Pellet. Diese von AFNOR zertifizierte Qualität garantiert eine homogene Größe der Pellets, einen hohen Heizwert, einen Feuchtigkeitsgehalt < 10 % und einen niedrigen Aschegehalt. Wenn Sie sich für dieses Pellet entscheiden, profitieren Sie von guter Qualität mit hoher Leistung und einem französischen Produkt zum günstigen Preis. Referenz: PELLET_PALETTE_SUNPOWER",https://chaufobois.fr/product/pellet-sunpower-palette-de-70-sacs-de-15-kg/,https://chaufobois.fr/wp-content/uploads/2022/11/pellet-sunpower-palette-de-70-sacs-de-15-kg.jpg,,in stock,367.00 EUR,267.00 EUR,Chaufobois,CHB-4050,new,Home & Garden > Fireplace & Wood Stove Accessories > Firewood & Fuel,HOLZPELLETS (PELLET),
CHB-4049,Pellet DIN Pellets – Palette mit 65 Säcken à 15 kg,"Referenz: PELLET_PALETTE_DINPELLETS Technisches Datenblatt Zusammensetzung: 100 % Nadelholz Zertifikate: DIN Plus Brennwert: Mehr als 4,8 kWh/kg Luftfeuchtigkeit: Weniger als 10 % Ascheanteil: Weniger als 0,5 % Staubrate: Weniger als 1 % Länge: 20 bis 45 mm Durchmesser: 6 mm Verpackung: Palette Herkunft: Frankreich Die Holzpellets von DIN Pellets werden im Norden Frankreichs hergestellt. Sie stammen aus Sägespänen aus der eigenen Fabrik, deren Sägespäne ohne Zusatzstoffe, Leim oder Chemikalien verdichtet werden. Diese Pellets sind DIN Plus-zertifiziert, deutscher Standard und erfüllen strenge Herstellungskriterien. Die Qualität dieser Pellets liegt im Standardbereich und passt perfekt zu allen Pelletöfen, Einsätzen oder Heizkesseln, ohne diese zu verstopfen. Aufgrund ihrer Herstellungsweise weisen diese Pellets einen sehr niedrigen Feuchtigkeitsgehalt auf, um eine bessere Verbrennung und konstante Wärme zu gewährleisten. Dieses Pellet ist zu 100 % französisch. Mit dem Kauf entscheiden Sie sich für ein ökologisches und wirtschaftliches Heizmittel. Referenz: PELLET_PALETTE_DINPELLETS",https://chaufobois.fr/product/pellet-din-pellets-palette-de-65-sacs-15-kg/,https://chaufobois.fr/wp-content/uploads/2022/11/A-29.jpg,,in stock,357.00 EUR,257.00 EUR,Chaufobois,CHB-4049,new,Home & Garden > Fireplace & Wood Stove Accessories > Firewood & Fuel,HOLZPELLETS (PELLET),
CHB-4048,Palette mit WOODSTOCK-Granulat x 3 (198 Beutel) à 15 kg,Produktname Holzpellets Gewicht des Rohprodukts (in kg) 990 Verpacktes Produkt: Höhe (in cm) 162 Verpacktes Produkt: Breite (in cm) 100 Verpacktes Produkt: Tiefe (in cm) 100 Verpacktes Produkt: Gewicht (in kg) 1013 Angabe der Sortiergeste (Triman) Nein Rechtliche Hinweise Für die Verwendung dieses Produkts sind keine besonderen Vorsichtsmaßnahmen erforderlich.,https://chaufobois.fr/product/palette-de-granules-woodstock-x-3-198-sacs-de-15-kg/,https://chaufobois.fr/wp-content/uploads/2022/11/1-2.png,,in stock,1167.00 EUR,630.00 EUR,Chaufobois,CHB-4048,new,Home & Garden > Fireplace & Wood Stove Accessories > Firewood & Fuel,HOLZPELLETS (PELLET),
CHB-4021,WOODSTOCK Holzpellets 1 Palette mit 78 Säcken à 15 kg,"Beschreibung Ideal für Pelletöfen, Pelleteinsätze und Pelletkessel Optimale Wärmeerzeugung: Sehr niedrige Luftfeuchtigkeit und Staubbelastung für unübertroffene Leistung. „Saubere“ Verbrennung: kein Schaden für den Planeten: wenig Asche Konstante und regelmäßige Partikelgröße: Erleichtert den automatischen Durchfluss im Gerät Zertifiziert: DINplus – NF Kontrollierte und kontrollierte Rohstoffe: Ökoprodukt, das aus der Aufwertung von Sägewerksmaterialien entwickelt wurde, allesamt aus Holz aus nachhaltig bewirtschafteten Wäldern. Premium-Qualität: Das Ergebnis von Laborforschungen und den Anforderungen aktueller Qualitätsstandards überlegen. Eigenschaften: DINplus – NF-Zertifizierung Zusammensetzung: 100 % Frischholz PCI brutto(1): 4,8 kWh.kg-1 ≤ PCI ≤ 5,3 kWh.kg-1 Scheindichte ≥ 650 kg/m-3 Bußgeldsatz <0,5 % Ascheanteil bei 550 °C ≤ 0,5 % Luftfeuchtigkeit ≤8 % Haltbarkeit ≥97,5 % Länge 3,15 mm < Länge < 40 mm Durchmesser 6 mm ±1 Premium-Qualität Anwendung: Jede Art von Pelletgerät CERIC-Laborkontrolle",https://chaufobois.fr/product/granules-de-bois-woodstock-1-palette-de-78-sacs-de-15-kg/,https://chaufobois.fr/wp-content/uploads/2022/11/54110001wd-3760167700003-visuel_produit_2-woodstock-granules_15kg_2.png,"https://chaufobois.fr/wp-content/uploads/2022/11/wbg15pal78-3760167707125-visuel_produit_2-palette_granules_78sacs-ldd-1.jpg,https://chaufobois.fr/wp-content/uploads/2022/11/54110001wd-3760167700003-visuel_produit_detail_1-vrac-granules-pellets-woodstock.png",in stock,495.00 EUR,277.98 EUR,Chaufobois,CHB-4021,new,Home & Garden > Fireplace & Wood Stove Accessories > Firewood & Fuel,HOLZPELLETS (PELLET),
CHB-4020,Palette mit WOODSTOCK-Granulat x 4 (264 Beutel) à 15 kg,Produktname Holzpellets Gewicht des Rohprodukts (in kg) 990 Verpacktes Produkt: Höhe (in cm) 162 Verpacktes Produkt: Breite (in cm) 100 Verpacktes Produkt: Tiefe (in cm) 100 Verpacktes Produkt: Gewicht (in kg) 1013 Angabe der Sortiergeste (Triman) Nein Rechtliche Hinweise Für die Verwendung dieses Produkts sind keine besonderen Vorsichtsmaßnahmen erforderlich.,https://chaufobois.fr/product/palette-de-granules-woodstock-x-4-264-sacs-de-15-kg/,https://chaufobois.fr/wp-content/uploads/2022/11/1-3.png,,in stock,1556.00 EUR,805.00 EUR,Chaufobois,CHB-4020,new,Home & Garden > Fireplace & Wood Stove Accessories > Firewood & Fuel,HOLZPELLETS (PELLET),
CHB-4019,SUNFIRE Pellet – Palette mit 70 Säcken à 15 kg,"Referenz: PELLET_PALETTE_SUNFIRE Technisches Datenblatt Zusammensetzung: Weichholz und Hartholz Zertifikate: NF Brennwert: Mehr als 4,6 kWh/kg Luftfeuchtigkeit: Weniger als 10 % Ascheanteil: Weniger als 1,2 % Verpackung: Palette Herkunft: Frankreich Sie suchen ein in Frankreich hergestelltes Pellet von guter Qualität zu einem attraktiven Preis: Das SUN FIRE ist wie für Sie gemacht. Es handelt sich um ein hochwertiges NF-Biokraftstoff-Pellet, das zu 100 % aus natürlichem Weichholz- und Hartholz-Sägemehl von einem französischen Sägewerk besteht, das sich seit 10 Jahren auf Holzenergie spezialisiert hat. Es ist von AFNOR zertifiziert, was eine einheitliche Pelletgröße, einen Heizwert von mindestens 4,6 kWh/kg, einen Feuchtigkeitsgrad < 10 % und einen Aschegehalt von weniger als 1,2 % garantiert. Dieses Pellet in Standardqualität ist ideal für alle Pelletheizungen (Einsätze, Heizkessel und Öfen). Wenn Sie sich für dieses Pellet entscheiden, erhalten Sie ein Produkt von guter Qualität, 100 % natürlich, 100 % französisch und zu einem günstigen Preis. Referenz: PELLET_PALETTE_SUNFIRE",https://chaufobois.fr/product/pellet-sunfire-palette-de-70-sacs-de-15-kg/,https://chaufobois.fr/wp-content/uploads/2022/11/A-28.jpg,,in stock,357.00 EUR,257.00 EUR,Chaufobois,CHB-4019,new,Home & Garden > Fireplace & Wood Stove Accessories > Firewood & Fuel,HOLZPELLETS (PELLET),
CHB-4018,STARFOREST Pellet – Palette mit 70 Säcken à 15 kg,"Referenz: PELLET_PALETTE_STARFOREST Technisches Datenblatt Zusammensetzung: 100 % Nadelholz Zertifikate: DIN Plus Heizwert: Mehr als 5 kWh/kg Luftfeuchtigkeit: Weniger als 10 % Ascheanteil: Weniger als 0,7 % Staubrate: Weniger als 0,5 % Durchmesser: 6 mm Verpackung: Palette Herkunft: Frankreich STARFOREST-Pellets garantieren eine gute Verbrennung, sie eignen sich perfekt für Pelletöfen, Einsätze und Kessel. Sie sind von sehr guter Qualität und zu einem sehr günstigen Preis. Wenn Sie sich für ein französisches Pellet entscheiden, tragen Sie zur CO2-Reduzierung bei. Sie werden im Osten Frankreichs hergestellt, genauer gesagt in der Champagne-Ardenne. Mit einem geringen Staub- und Aschegehalt und einem hohen Heizwert verstopfen Sie Ihre Heizung nicht. Wenn Sie ein DIN Plus-Pellet wünschen, das zu 100 % aus Harz besteht, in Frankreich hergestellt, umweltfreundlich und mit einem recycelbaren Beutel in hübschen Farben versehen ist, ist die Marke STARFOREST genau das Richtige für Sie. Dieses Pellet ist von sehr guter Qualität mit einem hohen Heizwert >5 kWh/kg. Aus diesem Grund bedeutet die Wahl dieses Pellets, dass Sie sich für ein Pellet entscheiden, das vielleicht etwas teurer ist, aber am Ende werden Sie dank seiner PCI Verbrauch und Leistung zurückgewinnen und somit Geld sparen :) Referenz: PELLET_PALETTE_STARFOREST",https://chaufobois.fr/product/pellet-starforest-palette-de-70-sacs-de-15-kg/,https://chaufobois.fr/wp-content/uploads/2022/11/A-27.jpg,,in stock,355.00 EUR,255.00 EUR,Chaufobois,CHB-4018,new,Home & Garden > Fireplace & Wood Stove Accessories > Firewood & Fuel,HOLZPELLETS (PELLET),
CHB-4017,BIO ENERGIE Pellet – Palette mit 66 Säcken à 15 kg,"Referenz: PELLET_PALETTE_BIOENERGIE Technisches Datenblatt Zertifikate: DIN Plus, EN Plus A1 Brennwert: Mehr als 4,6 kWh/kg Luftfeuchtigkeit: Weniger als 8 % Ascheanteil: Weniger als 0,5 % Staubrate: Weniger als 0,7 % Verpackung: Palette Herkunft: Deutschland Bio-Energy-Pellets, hergestellt aus Holz aus nachhaltig bewirtschafteten deutschen Wäldern. Sie bestehen zu 100 % aus harzhaltigem Holz und werden in einem Unternehmen hergestellt, das sich um die Umwelt kümmert und erneuerbare Energien entwickeln möchte. Sie sind nach DIN Plus, EN Plus A1 und PEFC zertifiziert und somit für alle Pelletheizungssysteme geeignet. Sie verstopfen weder Ihren Ofen noch Ihren Heizkessel. Referenz: PELLET_PALETTE_BIOENERGIE",https://chaufobois.fr/product/pellet-bio-energie-palette-de-66-sacs-de-15-kg/,https://chaufobois.fr/wp-content/uploads/2022/11/A-26.jpg,,in stock,369.00 EUR,269.00 EUR,Chaufobois,CHB-4017,new,Home & Garden > Fireplace & Wood Stove Accessories > Firewood & Fuel,HOLZPELLETS (PELLET),
CHB-4016,HELIOS PELLET – PALETTE MIT 65 SÄCKEN à 15 KG,"Referenz: PELLET_PALETTE_HELIOS Technisches Datenblatt Zusammensetzung: 100 % Nadelholz Zertifikate: DIN Plus, EN Plus A1 Brennwert: Mehr als 4,7 kWh/kg Luftfeuchtigkeit: Weniger als 10 % Ascheanteil: Weniger als 0,7 % Staubrate: Weniger als 0,5 % Durchmesser: 6 mm Verpackung: Palette Herkunft: Belgien Das HELIOS-Pellet hat eine bessere Qualität als die Pellets, die Sie in Supermärkten finden und die wir seit mehr als 10 Jahren kennen. Dank des transparenten Beutels erkennen Sie schnell den Staubgehalt (< 0,5 %) und die sehr helle Farbe des Granulats. Sein Heizwert von über 4,7 kWh/kg macht es zu einem universellen Produkt zu einem attraktiven Preis. Dieses Pellet ist ideal für Holzpelletöfen, Einsätze und Heizkessel. Wir vermarkten dieses Pellet seit mehr als 10 Jahren und unsere Kunden sind vollkommen zufrieden damit, es auszuprobieren bedeutet, es zu übernehmen. Der Lagerort der Pellets muss trocken und gemäßigt sein. Die Säcke müssen mit einer Palette vom Boden angehoben und von den Wänden abgenommen werden. Sie dürfen auf keinen Fall mit Feuchtigkeit in Berührung kommen, da sie sonst unbrauchbar werden. Referenz: PELLET_PALETTE_HELIOS",https://chaufobois.fr/product/pellet-helios-palette-de-65-sacs-de-15-kg/,https://chaufobois.fr/wp-content/uploads/2022/11/A-25.jpg,,in stock,369.00 EUR,269.00 EUR,Chaufobois,CHB-4016,new,Home & Garden > Fireplace & Wood Stove Accessories > Firewood & Fuel,HOLZPELLETS (PELLET),
CHB-3997,PELLET BADGER – PALETTE MIT 65 SÄCKEN à 15 KG,"Referenz: PELLET_PALETTE_BADGER Technisches Datenblatt Zusammensetzung: 100 % Nadelholz Zertifikate: DIN Plus, EN Plus A1 Brennwert: Mehr als 4,6 kWh/kg Luftfeuchtigkeit: Weniger als 10 % Ascheanteil: Weniger als 0,7 % Staubrate: Weniger als 0,5 % Durchmesser: 6 mm Verpackung: Palette Herkunft: Belgien In Belgien hergestellte Badger-Holzpellets von gleichbleibender Qualität, Holz aus Nadelhölzern aus nachhaltig bewirtschafteten Wäldern, die sich um die Umwelt kümmern. Diese Pellets sind 100 % natürlich, ohne Leim oder Zusatzstoffe und erfüllen die Anforderungen der DIN Plus- und EN Plus-Normen. Mit regelmäßigen Kontrollen, die vom Herstellungsprozess über die Rohstoffversorgung bis hin zur Fertigung reichen. Sie erhalten garantiert ein hochwertiges Hochleistungspellet, das zu Ihrer Heizungsanlage passt, ohne diese zu verstopfen. Diese Beutel bestehen aus Recyclingpapier und sind leicht recycelbar. Daher ist es einfacher, sie in den Papierkorb zu werfen. Wenn Sie sich für dieses Pellet entscheiden, erhalten Sie garantiert ein hochwertiges Pellet, das seit mehr als 10 Jahren auf dem Markt bekannt ist. Referenz: PELLET_PALETTE_BADGER Technisches Datenblatt Zusammensetzung: 100 % Nadelholz Zertifikate: DIN Plus, EN Plus A1 Brennwert: Mehr als 4,6 kWh/kg Luftfeuchtigkeit: Weniger als 10 % Ascheanteil: Weniger als 0,7 % Staubrate: Weniger als 0,5 % Durchmesser: 6 mm Verpackung: Palette Herkunft: Belgien Referenz: PELLET_PALETTE_BADGER Technisches Datenblatt Zusammensetzung: 100 % Nadelholz Zertifikate: DIN Plus, EN Plus A1 Brennwert: Mehr als 4,6 kWh/kg Luftfeuchtigkeit: Weniger als 10 % Ascheanteil: Weniger als 0,7 % Staubrate: Weniger als 0,5 % Durchmesser: 6 mm Verpackung: Palette Herkunft: Belgien Referenz: PELLET_PALETTE_BADGER Technisches Datenblatt Zusammensetzung: 100 % Nadelholz Zertifikate: DIN Plus, EN Plus A1 Brennwert: Mehr als 4,6 kWh/kg Luftfeuchtigkeit: Weniger als 10 % Ascheanteil: Weniger als 0,7 % Staubrate: Weniger als 0,5 % Durchmesser: 6 mm Verpackung: Palette Herkunft: Belgien Referenz: PELLET_PALETTE_BADGER Technisches Datenblatt Zusammensetzung: 100 % Nadelholz Zertifikate: DIN Plus, EN Plus A1 Brennwert: Mehr als 4,6 kWh/kg Luftfeuchtigkeit: Weniger als 10 % Ascheanteil: Weniger als 0,7 % Staubrate: Weniger als 0,5 % Durchmesser: 6 mm Verpackung: Palette Herkunft: Belgien Referenz: PELLET_PALETTE_BADGER Technisches Datenblatt Zusammensetzung: 100 % Nadelholz Zertifikate: DIN Plus, EN Plus A1 Brennwert: Mehr als 4,6 kWh/kg Luftfeuchtigkeit: Weniger als 10 % Ascheanteil: Weniger als 0,7 % Staubrate: Weniger als 0,5 % Durchmesser: 6 mm Verpackung: Palette Herkunft: Belgien Referenz: PELLET_PALETTE_BADGER Technisches Datenblatt Zusammensetzung: 100 % Nadelholz Zertifikate: DIN Plus, EN Plus A1 Brennwert: Mehr als 4,6 kWh/kg Luftfeuchtigkeit: Weniger als 10 % Ascheanteil: Weniger als 0,7 % Staubrate: Weniger als 0,5 % Durchmesser: 6 mm Verpackung: Palette Herkunft: Belgien Referenz: PELLET_PALETTE_BADGER Technisches Datenblatt Zusammensetzung: 100 % Nadelholz Zertifikate: DIN Plus, EN Plus A1 Brennwert: Mehr als 4,6 kWh/kg Luftfeuchtigkeit: Weniger als 10 % Ascheanteil: Weniger als 0,7 % Staubrate: Weniger als 0,5 % Durchmesser: 6 mm Verpackung: Palette Herkunft: Belgien Referenz: PELLET_PALETTE_BADGER In Belgien hergestellte Badger-Holzpellets von gleichbleibender Qualität, Holz aus Nadelhölzern aus nachhaltig bewirtschafteten Wäldern, die sich um die Umwelt kümmern. Diese Pellets sind 100 % natürlich, ohne Leim oder Zusatzstoffe und erfüllen die Anforderungen der DIN Plus- und EN Plus-Normen. Mit regelmäßigen Kontrollen, die vom Herstellungsprozess über die Rohstoffversorgung bis hin zur Fertigung reichen. Sie erhalten garantiert ein hochwertiges Hochleistungspellet, das zu Ihrer Heizungsanlage passt, ohne diese zu verstopfen. Diese Beutel bestehen aus Recyclingpapier und sind leicht recycelbar. Daher ist es einfacher, sie in den Papierkorb zu werfen. Wenn Sie sich für dieses Pellet entscheiden, erhalten Sie garantiert ein hochwertiges Pellet, das seit mehr als 10 Jahren auf dem Markt bekannt ist. In Belgien hergestellte Badger-Holzpellets von gleichbleibender Qualität, Holz aus Nadelhölzern aus nachhaltig bewirtschafteten Wäldern, die sich um die Umwelt kümmern. Diese Pellets sind 100 % natürlich, ohne Leim oder Zusatzstoffe und erfüllen die Anforderungen der DIN Plus- und EN Plus-Normen. Mit regelmäßigen Kontrollen, die vom Herstellungsprozess über die Rohstoffversorgung bis hin zur Fertigung reichen. Sie erhalten garantiert ein hochwertiges Hochleistungspellet, das zu Ihrer Heizungsanlage passt, ohne diese zu verstopfen. Diese Beutel bestehen aus Recyclingpapier und sind leicht recycelbar. Daher ist es einfacher, sie in den Papierkorb zu werfen. Wenn Sie sich für dieses Pellet entscheiden, erhalten Sie garantiert ein hochwertiges Pellet, das seit mehr als 10 Jahren auf dem Markt bekannt ist. In Belgien hergestellte Badger-Holzpellets von gleichbleibender Qualität, Holz aus Nadelhölzern a",https://chaufobois.fr/product/pellet-badger-palette-de-65-sacs-de-15-kg/,https://chaufobois.fr/wp-content/uploads/2022/11/A-24.jpg,,in stock,349.00 EUR,253.90 EUR,Chaufobois,CHB-3997,new,Home & Garden > Fireplace & Wood Stove Accessories > Firewood & Fuel,HOLZPELLETS (PELLET),
CHB-3996,VAN ROJE Pellet – Palette mit 65 Säcken à 15 kg,"Referenz: PELLET_PALETTE_VANROJE Technisches Datenblatt Zusammensetzung: 100 % Nadelholz Zertifikate: DIN Plus, EN Plus A1, PEFC Brennwert: Mehr als 4,9 kWh/kg Luftfeuchtigkeit: Weniger als 7,8 % Ascheanteil: Weniger als 0,39 % Staubrate: Weniger als 0,23 % Durchmesser: 6 mm Verpackung: Palette Herkunft: Deutschland VanRoje-Pellets sind unsere hochwertigsten Holzpellets. VANROJE-Holzpellets übertreffen die Anforderungen der Normen DIN Plus und EN Plus und sind außerdem PEFC-zertifiziert (nachhaltige Waldbewirtschaftung). Sein Brennwert liegt 7 % über der DIN-Plus-Norm. Es garantiert Ihnen 44 % weniger Asche und 77 % weniger Staub im Vergleich zu einem Standardpellet. 100 % harzhaltig, frei von Zusatzstoffen und CO2-neutral ist dieses Holzpellet ideal für Ihren Ofen oder Heizkessel. Es sorgt für einen schnellen Temperaturanstieg, hält die Wärme konstant und Sie verbrauchen weniger Pellets als bei einer anderen Marke. Ein hochwertiges deutsches Pellet! Sie haben sich für den Einbau einer Holzpelletheizung entschieden und hatten Recht! Es ist nicht nur eine Heizung mit erneuerbarer Energie, sondern auch wirtschaftlich. Mit dem VANROJE-Pellet profitieren Sie von einem schnellen Temperaturanstieg und dank seines geringen Staub- und Aschegehalts profitieren Sie nur von seiner Wärme, ohne es täglich reinigen zu müssen. Referenz: PELLET_PALETTE_VANROJE",https://chaufobois.fr/product/pellet-van-roje-palette-de-65-sacs-de-15-kg/,https://chaufobois.fr/wp-content/uploads/2022/11/A-23.jpg,,in stock,340.00 EUR,240.00 EUR,Chaufobois,CHB-3996,new,Home & Garden > Fireplace & Wood Stove Accessories > Firewood & Fuel,HOLZPELLETS (PELLET),
CHB-3995,PELLET LIMOUZI – PALETTE MIT 66 SÄCKEN à 15 KG,"Marke: GDM Pellets Referenz: PELLET_PALETTE_LIMOUZI Technisches Datenblatt Zertifikate: DIN Plus, PEFC Heizwert: Zwischen 4,6 und 5 KWh/KG Luftfeuchtigkeit: weniger als 8 % Ascheanteil: weniger als 0,5 % Staubrate: weniger als 0,4 % Art: Harzig Holzart: 100 % Nadelholz Durchmesser: 6 mm Verpackung: Palette Herkunft: Frankreich Dank der frischen, konstanten Rohware aus dem eigenen Sägewerk sind diese Pellets von sehr guter Qualität. Sie haben eine niedrige Luftfeuchtigkeit von < 8 %, LIMOUZI-Pellets verstopfen weder Ihren Ofen noch Ihren Heizkessel. Dank eines Heizwerts zwischen 4,6 und 5 KWh/kg profitieren Sie von einer langsamen und vollständigen Verbrennung, die Ihren Verbrauch senkt. LIMOUZI-Pellets werden aus Sägemehl aus nachhaltig bewirtschafteten Wäldern hergestellt und sind zu 100 % harzhaltig, daher die PEFC-Zertifizierung. Regelmäßig werden zahlreiche Qualitätskontrollen durchgeführt: Qualität der Rohstoffe, Trocknungsprozess, Presse, Sieb und Kühler. Die gesamte Fertigungskette. Sie sind DIN Plus zertifiziert und 100 % natürlich, ohne Zusatzstoffe. Viermal täglich werden Tests vor Ort und im Labor mit Rückverfolgbarkeit des Produkts durchgeführt. Beutel im praktischen Format, recycelbar aus Polyethylen, widerstandsfähiger und leicht zu entleeren. Marke: GDM PelletsReferenz: PELLET_PALETTE_LIMOUZI",https://chaufobois.fr/product/pellet-limouzi-palette-de-66-sacs-de-15-kg/,https://chaufobois.fr/wp-content/uploads/2022/11/A-22.jpg,,in stock,330.00 EUR,253.90 EUR,Chaufobois,CHB-3995,new,Home & Garden > Fireplace & Wood Stove Accessories > Firewood & Fuel,HOLZPELLETS (PELLET),
CHB-3994,GREEN ENERGY-Pellet – Palette mit 65 Säcken à 15 kg,"Für eine wirtschaftliche Heizung entscheiden wir uns oft für Holzpellets. Diese in den Benelux-Ländern hergestellten Pellets sind von hoher Qualität, da sie über die doppelte DIN Plus- und En Plus-Zertifizierung verfügen. Die Qualitätsmessungen liegen mit einem Aschegehalt von 0,7 % und einem Staubgehalt von 0,5 % im Marktstandard. Referenz: PELLET_PALETTE_GREENENERGY Technisches Datenblatt Zusammensetzung: Weichholz und Hartholz Zertifikate: DIN Plus, EN Plus A1 Brennwert: Mehr als 4,6 kWh/kg Ascheanteil: Weniger als 0,7 % Staubrate: Weniger als 0,5 % Durchmesser: 6 mm Verpackung: Palette Herkunft: Niederlande Referenz: PELLET_PALETTE_GREENENERGY",https://chaufobois.fr/product/pellet-green-energy-palette-de-65-sacs-de-15-kg/,https://chaufobois.fr/wp-content/uploads/2022/11/A-21.jpg,,in stock,313.00 EUR,213.00 EUR,Chaufobois,CHB-3994,new,Home & Garden > Fireplace & Wood Stove Accessories > Firewood & Fuel,HOLZPELLETS (PELLET),
CHB-3993,VERDICHTETES HOLZ – HARTHOLZ – 1-TONNEN-PALETTE,"Referenz DENSIFIE_PALETTE_FEUILLUS Technisches Datenblatt Gewicht: ca. 8,55 kg pro Set Brennwert: Mehr als 4,5 kWh/kg Holzart: Hartholz (Eiche, Hainbuche, Buche, Pappel) Länge: ca. 30 cm Durchmesser: ca. 8 cm Verpackung: Palette Herkunft: Frankreich Menge: 117 Sätze mit je 5 Scheiten Das verdichtete MAXI BUCHE-Holz wird in Frankreich hergestellt und besteht zu 100 % aus Naturholz und zu 100 % aus Hartholz. Ideal für den Einsatz in allen Holzheizsystemen: Kamine, Öfen und Einsätze. Eine Palette verdichtetes Holz entspricht 4 Kubikmetern ultratrockenem Holz. Ein Scheit verdichtetes Holz ist hinsichtlich der Verbrennung 4 Scheite herkömmliches Holz wert. Ein Scheit brennt in +/- 1 Stunde. Wenn Sie ein französisches, wirtschaftliches und ökologisches Produkt wünschen, ist dieses verdichtete Produkt genau das Richtige für Sie!!! Hier einige Tipps zur Anwendung: Legen Sie ein paar Papierbällchen und Anzündholz in Ihre Heizung. Machen Sie das Feuer und warten Sie, bis die Glut erscheint. Legen Sie jeweils nur einen Holzscheit auf, um die Leistung zu optimieren und sanfte Wärme zu erhalten. Passen Sie die Luft an Ihrem Gerät an, um die Intensität des Feuers zu bestimmen. Sie können herkömmliches Trockenholz problemlos mit Ihrem verdichteten Holz mischen. Genießen Sie jetzt die Wärme, die es Ihnen bietet. Denken Sie daran, dass verdichtetes Holz Feuchtigkeit hasst. Sie müssen für einen trockenen und gemäßigten Unterschlupf sorgen. Da verdichtetes Holz sauber und staubfrei ist, finden Sie dafür auch einen Platz neben Ihrem Ofen. Referenz DENSIFIE_PALETTE_FEUILLUS",https://chaufobois.fr/product/bois-densifie-feuillus-palette-de-1-tonne/,https://chaufobois.fr/wp-content/uploads/2022/11/A-20.jpg,"https://chaufobois.fr/wp-content/uploads/2022/11/B-15.jpg,https://chaufobois.fr/wp-content/uploads/2022/11/C-7.jpg",in stock,359.00 EUR,250.00 EUR,Chaufobois,CHB-3993,new,Home & Garden > Fireplace & Wood Stove Accessories > Firewood & Fuel,VERDICHTETES HOLZ,
CHB-3992,WOODSTOCK verdichtete Holzpalette 8 x 84,Produktname Heizscheite WOODSTOCK verdichtete Holzpalette 8 x 84,https://chaufobois.fr/product/palette-bois-densifies-woodstock-8-x-84/,https://chaufobois.fr/wp-content/uploads/2022/11/1.jpeg,https://chaufobois.fr/wp-content/uploads/2022/11/B-13.jpg,in stock,579.00 EUR,379.00 EUR,Chaufobois,CHB-3992,new,Home & Garden > Fireplace & Wood Stove Accessories > Firewood & Fuel,VERDICHTETES HOLZ,
CHB-3991,"WOODSTOCK Heizholzscheite 4 Paletten, 416 Säcke à 5 Holzscheite","Produktname Heizscheite Produktverwendung Für Heizkessel, Kamin und Holzofen Hauptthema Weichholz Länge (in cm) 27 Gewicht des Rohprodukts (in kg) 4014.4 Durchmesser (in cm) 8.5 Ascheproduktion (in %) 1.5 PCI (unterer Heizwert) (in kW-h/t) 5000 Luftfeuchtigkeit (in %) 10 Verpacktes Produkt: Höhe (in cm) 125 Verpacktes Produkt: Breite (in cm) 100 Verpacktes Produkt: Tiefe (in cm) 480 Verpacktes Produkt: Gewicht (in kg) 4014.4",https://chaufobois.fr/product/buches-calorifiques-woodstock-4-palettes-416-sacs-de-5-buches/,https://chaufobois.fr/wp-content/uploads/2022/11/2-7.png,,in stock,1515.00 EUR,909.00 EUR,Chaufobois,CHB-3991,new,Home & Garden > Fireplace & Wood Stove Accessories > Firewood & Fuel,VERDICHTETES HOLZ,
CHB-3990,Verdichtetes Holz – Nachtscheite – Palette mit 960 kg,"Kali-Marke Referenz: DENSIFIE_PALETTE_KALIDURE Technisches Datenblatt Brennwert: 4,9 kWh/g Luftfeuchtigkeit: Weniger als 7 % Ascheanteil: Weniger als 1,5 % Holzart: Harthölzer und Miscanthus Länge: 28 bis 29 cm Durchmesser: 8,5 cm Verpackung: Palette Herkunft: Frankreich Diese langlebig brennenden Holzscheite sind am Ende des Feuers sehr praktisch. Sie werden auf ein Glutbett gelegt, indem Sie die Lufteinlässe Ihres Geräts schließen. Sie dauern zwischen 6 und 8 Stunden, damit Sie während Ihrer Abwesenheit oder nachts beruhigt sein können. Eine sehr niedrige Luftfeuchtigkeit von weniger als 7 % und ein hoher Heizwert von 4,9 kWh/kg. Ohne Plastik oder fast: Die Holzscheite sind nur umrandet, um zu viel Verpackung zu vermeiden Durch die Verwendung dieser Holzscheite tragen Sie zur Reinigung des Kanals bei, da der Miscanthus den Ruß trocknet. Was ist Miscanthus? Miscanthus, auch „Elefantengras“, „Eulalie“ oder „Chinaschilf“ genannt, ist eine ausdauernde krautige Pflanze aus der Familie der Gräser, die in Afrika und Südasien beheimatet ist. Sie wächst in Sümpfen, Hängen und Hängen und ist eine robuste Pflanze, die weder Krankheiten noch Nagetierbefall ausgesetzt ist. Die am Ende des Winters geernteten Zuckerrohre enthalten weniger als 17 % Feuchtigkeit und können daher ohne Trocknungszeit als Brennstoff verwendet werden. Der Brennwert von Miscanthus ist höher als der von Hackschnitzeln und stößt wenig CO2 aus. Der Msicanthus ist eine völlig ökologische Pflanze, die zum Wachstum keine chemischen Produkte benötigt und die Artenvielfalt fördert, indem sie das Gedeihen von Insekten ermöglicht. Marke: KaliReferenz: DENSIFIE_PALETTE_KALIDURE",https://chaufobois.fr/product/bois-densifie-buches-de-nuit-palette-de-960-kg/,https://chaufobois.fr/wp-content/uploads/2022/11/A-15.jpg,,in stock,323.00 EUR,269.00 EUR,Chaufobois,CHB-3990,new,Home & Garden > Fireplace & Wood Stove Accessories > Firewood & Fuel,VERDICHTETES HOLZ,
CHB-3989,VERDICHTETES HOLZ – HARTHOLZ + NADELHOLZ – 960-KG-PALETTE,"Sauberes, wirtschaftliches und ökologisches Brennholz: verdichtetes Holz Ultratrockenes Holz mit einer Luftfeuchtigkeit von weniger als 8 %. Ein hoher Heizwert, der drei- bis viermal höher ist als bei herkömmlichem Holz. Eine Brenndauer von 1h30 bis 2h und kein Verstopfen durch den geringen Aschegehalt von weniger als 1,5 %. Nahezu plastikfrei: Die Holzscheite sind nur umrandet, um zu viel Verpackung zu vermeiden. Diese Holzscheite bieten Ihnen konstante Wärme und sorgen für stabilen, hochwertigen Komfort. Wir erinnern Sie daran, dass verdichtetes Holz in Innenräumen gelagert und vor jeglicher Feuchtigkeit geschützt werden muss. Kali-Marke Referenz: DENSIFIE_PALETTE_KALIMAX Technisches Datenblatt Brennwert: 4,9 kWh/kg Luftfeuchtigkeit: Weniger als 8 % Ascheanteil: Weniger als 1,5 % Holzart: Harthölzer und Nadelhölzer Länge: 26 bis 29 cm Verpackung: Palette Herkunft: Frankreich Marke: KaliReferenz: DENSIFIE_PALETTE_KALIMAX",https://chaufobois.fr/product/bois-densifie-feuillus-resineux-palette-de-960-kg/,https://chaufobois.fr/wp-content/uploads/2022/11/A-14.jpg,,in stock,313.00 EUR,259.00 EUR,Chaufobois,CHB-3989,new,Home & Garden > Fireplace & Wood Stove Accessories > Firewood & Fuel,VERDICHTETES HOLZ,
CHB-3988,VERDICHTETES HOLZ – NADELHOLZ – 960-KG-PALETTE,"Verdichtetes Holz ist sehr praktisch in der Handhabung und leicht zu lagern, sein Heizwert ist dreimal höher als der eines herkömmlichen Scheitholzes. Ein Stück verdichtetes Holz ermöglicht eine Verbrennung von 1 bis 2 Stunden. Alle unsere verdichteten Hölzer sind ohne Leim oder Zusatzstoffe und 100 % natürlich. Bei der Lagerung ist es unbedingt erforderlich, dass die Holzscheite vor Feuchtigkeit geschützt sind und warum nicht in der Nähe Ihres Kamins, denn unter der Plastikfolie sind die Holzscheite sauber und staubfrei. Verdichtetes Holz wird in allen Heizarten verwendet: geschlossene Feuerstelle, offene Feuerstelle oder Einsatzholz, zusätzlich zu herkömmlichem Holz oder als Ersatz. Es gibt verdichtetes Holz aus Weichholz und verdichtetes Holz aus Hartholz. Nadelholz entzündet sich schnell und erzeugt schöne Flammen. Sie brennen etwas schneller als Harthölzer. Harthölzer brennen etwas weniger, halten aber etwas länger. Um Ihr verdichtetes Holz sorgfältig auszuwählen, müssen Sie: Sein Heizwert liegt zwischen 4,5 kWh/kg und 5,5 kWh/kg, Eine Luftfeuchtigkeit von weniger als oder gleich 12 %, Eine Ascherate unter 1,5 % Referenz DENSIFIE_PALETTE_RESINEUX Technisches Datenblatt Gewicht: ca. 10 kg pro Charge Heizwert: Mehr als 5 kWh/kg Holzart: Weichholz Länge: ca. 30 cm Durchmesser: ca. 9 cm Verpackung: Palette Herkunft: Litauen Menge: 96 Sätze mit je 5 Scheiten Referenz DENSIFIE_PALETTE_RESINEUX",https://chaufobois.fr/product/bois-densifie-resineux-palette-de-960-kg/,https://chaufobois.fr/wp-content/uploads/2022/11/A-13.jpg,https://chaufobois.fr/wp-content/uploads/2022/11/B-12.jpg,in stock,303.00 EUR,249.00 EUR,Chaufobois,CHB-3988,new,Home & Garden > Fireplace & Wood Stove Accessories > Firewood & Fuel,VERDICHTETES HOLZ,
CHB-3987,VERDICHTETES HOLZ – NACHTSCHEITE – 1/2 PALETTE à 480 KG,"Verdichtetes Holz ist im Kleinformat sehr praktisch für Menschen, die nicht viel Lagerraum oder geringen Verbrauch haben. Diese langlebig brennenden Holzscheite sind am Ende des Feuers sehr praktisch. Sie werden auf ein Glutbett gelegt, indem Sie die Lufteinlässe Ihres Geräts schließen. Sie dauern zwischen 6 und 8 Stunden, damit Sie während Ihrer Abwesenheit oder nachts beruhigt sein können. Eine sehr niedrige Luftfeuchtigkeit von weniger als 7 % und ein hoher Heizwert von 4,9 kWh/kg. Ohne Plastik oder fast: Die Holzscheite sind nur umrandet, um zu viel Verpackung zu vermeiden Durch die Verwendung dieser Holzscheite tragen Sie zur Reinigung des Kanals bei, da der Miscanthus den Ruß trocknet. Miscanthus in wenigen Worten: „Elefantengras“, „Eulalie“ oder „Chinaschilf“, ist eine mehrjährige krautige Pflanze aus der Familie der Gräser, die in Afrika und Südasien beheimatet ist. Sie wächst in Sümpfen, Hängen und Hängen und ist eine robuste Pflanze, die weder Krankheiten noch Nagetierbefall ausgesetzt ist. Die am Ende des Winters geernteten Zuckerrohre enthalten weniger als 17 % Feuchtigkeit und können daher ohne Trocknungszeit als Brennstoff verwendet werden. Der Brennwert von Miscanthus ist höher als der von Hackschnitzeln und stößt wenig CO2 aus. Der Msicanthus ist eine völlig ökologische Pflanze, die zum Wachstum keine chemischen Produkte benötigt und die Artenvielfalt fördert, indem sie das Gedeihen von Insekten ermöglicht. Kali-Marke Referenz: DENSIFIE_DEMIPALETTE_KALIDURE Technisches Datenblatt Verpackung: Halbpalette Herkunft: Frankreich Marke: KaliReferenz: DENSIFIE_DEMIPALETTE_KALIDURE",https://chaufobois.fr/product/bois-densifie-buches-de-nuit-1-2-palette-de-480-kg/,https://chaufobois.fr/wp-content/uploads/2022/11/A-12.jpg,,in stock,223.00 EUR,175.00 EUR,Chaufobois,CHB-3987,new,Home & Garden > Fireplace & Wood Stove Accessories > Firewood & Fuel,VERDICHTETES HOLZ,
CHB-3986,VERDICHTETES HOLZ – HARTHOLZ + NADELHOLZ – 1/2 PALETTE à 480 KG,"Verdichtetes Holz ist im Kleinformat sehr praktisch für Menschen, die nicht viel Lagerraum oder geringen Verbrauch haben. Sauberes, wirtschaftliches und ökologisches Brennholz: verdichtetes Holz Ultratrockenes Holz mit einer Luftfeuchtigkeit von weniger als 8 %. Ein hoher Heizwert, der drei- bis viermal höher ist als bei herkömmlichem Holz. Eine Brenndauer von 1h30 bis 2h und kein Verstopfen durch den geringen Aschegehalt von weniger als 1,5 %. Nahezu plastikfrei: Die Holzscheite sind nur umrandet, um zu viel Verpackung zu vermeiden. Diese Holzscheite bieten Ihnen konstante Wärme und sorgen für stabilen, hochwertigen Komfort. Wir erinnern Sie daran, dass verdichtetes Holz in Innenräumen gelagert und vor jeglicher Feuchtigkeit geschützt werden muss. Kali-Marke Referenz: DENSIFIE_DEMIPALETTE_KALIMAX Technisches Datenblatt Verpackung: Halbpalette Herkunft: Frankreich Marke: KaliReferenz: DENSIFIE_DEMIPALETTE_KALIMAX Technisches Datenblatt Verpackung: Halbpalette Herkunft: Frankreich",https://chaufobois.fr/product/bois-densifie-feuillus-resineux-1-2-palette-de-480-kg/,https://chaufobois.fr/wp-content/uploads/2022/11/A-11.jpg,,in stock,224.00 EUR,180.00 EUR,Chaufobois,CHB-3986,new,Home & Garden > Fireplace & Wood Stove Accessories > Firewood & Fuel,VERDICHTETES HOLZ,
CHB-3985,"WOODSTOCK Heizholzscheite 3 Paletten, 312 Säcke à 5 Holzscheite","Produktname Heizscheite Produktverwendung Für Heizkessel, Kamin und Holzofen Hauptthema Weichholz Länge (in cm) 27 Gewicht des Rohprodukts (in kg) 3010.8 Durchmesser (in cm) 8.5 Ascheproduktion (in %) 1.5 PCI (unterer Heizwert) (in kW-h/t) 4800 Luftfeuchtigkeit (in %) 10 Verpacktes Produkt: Höhe (in cm) 125 Verpacktes Produkt: Breite (in cm) 100 Verpacktes Produkt: Tiefe (in cm) 360 Verpacktes Produkt: Gewicht (in kg) 3010.8",https://chaufobois.fr/product/buches-calorifiques-woodstock-3-palettes-312-sacs-de-5-buches/,https://chaufobois.fr/wp-content/uploads/2022/11/Sans-titre-18-copie.jpg,https://chaufobois.fr/wp-content/uploads/2022/11/Sans-titre-13-copie.png,in stock,1149.00 EUR,759.00 EUR,Chaufobois,CHB-3985,new,Home & Garden > Fireplace & Wood Stove Accessories > Firewood & Fuel,VERDICHTETES HOLZ,
CHB-3984,"WOODSTOCK Heizholzscheite 1 Palette, 104 Säcke à 5 Holzscheite","Produktname Heizscheite Produktverwendung Für Heizkessel, Kamin und Holzofen Hauptthema Weichholz Länge (in cm) 27 Gewicht des Rohprodukts (in kg) 1003.6 Durchmesser (in cm) 8.5 Ascheproduktion (in %) 1.5 PCI (unterer Heizwert) (in kW-h/t) 4800 Luftfeuchtigkeit (in %) 10 Verpacktes Produkt: Höhe (in cm) 168 Verpacktes Produkt: Breite (in cm) 100 Verpacktes Produkt: Tiefe (in cm) 120 Verpacktes Produkt: Gewicht (in kg) 1003.6",https://chaufobois.fr/product/buches-calorifiques-woodstock-1-palette-104-sacs-de-5-buches/,https://chaufobois.fr/wp-content/uploads/2022/11/1-5.png,https://chaufobois.fr/wp-content/uploads/2022/11/Sans-titre-13-copie.png,in stock,408.00 EUR,270.00 EUR,Chaufobois,CHB-3984,new,Home & Garden > Fireplace & Wood Stove Accessories > Firewood & Fuel,VERDICHTETES HOLZ,
CHB-3983,"WOODSTOCK Heizholzscheite, 2 Paletten, 208 Säcke mit je 5 Holzscheiten","Produktname Heizscheite Produktverwendung Für Heizkessel, Kamin und Holzofen Hauptthema Weichholz Länge (in cm) 27 Gewicht des Rohprodukts (in kg) 2007.2 Durchmesser (in cm) 8.5 Ascheproduktion (in %) 1.5 PCI (unterer Heizwert) (in kW-h/t) 4800 Luftfeuchtigkeit (in %) 10 Verpacktes Produkt: Höhe (in cm) 125 Verpacktes Produkt: Breite (in cm) 100 Verpacktes Produkt: Tiefe (in cm) 240 Verpacktes Produkt: Gewicht (in kg) 2007.2",https://chaufobois.fr/product/buches-calorifiques-woodstock-2-palettes-208-sacs-de-5-buches/,https://chaufobois.fr/wp-content/uploads/2022/11/Sans-titre-13-copie.png,,in stock,778.00 EUR,505.00 EUR,Chaufobois,CHB-3983,new,Home & Garden > Fireplace & Wood Stove Accessories > Firewood & Fuel,VERDICHTETES HOLZ,
CHB-3982,Raumluftunabhängiger Pelletofen EMAFLAM REVA 9 kW Schwarz + Kostenlose WiFi-Box,"MarkeEMAFLAMTechnische Eigenschaften Gesamtleistung: 9,5 kW Reduzierte Leistung: 3 kW Wirkungsgrad bei reduzierter Leistung: 93,4 % Rauchtemperatur bei Nennleistung: 150 C° Rauchtemperatur bei reduzierter Leistung: 130 C° CO bei 13 % O2 bei reduzierter Leistung: 0,0186 % Rauchgeschwindigkeit bei Nennleistung: 5,5 g/s Rauchgeschwindigkeit bei reduzierter Leistung: 4,5 g/s Min. – Max. Entwurf: 10 – 14 Pa Pelletverbrauch bei Nennleistung: 1,9 kg/h Pelletverbrauch bei reduzierter Leistung: 0,8 kg/h Versorgungsspannung und -frequenz: 230 V – 50 Hz Ventilatordurchfluss: 162 m3/h BeladungVon oben Art des OfensAktionspaketArt der ProgrammierungTag/wöchentlichEnergieklasseA+BrennstoffPelletsTankkapazität20 kgFernsteuerbar (optional)JaArt der RegelungElektronischFormQuadratischStromverbrauch (min. – max.)120 – 460 WECO-Emission20,0148%FarbeSchwarzPelletsgröße6x20 mmMaximale Leistung9 kWKanalfähigNeinAutonomie24 StundenWirkungsgrad91 %Nennleistung8,2 kWLufteinlassdurchmesser50 mmWeiteres ProduktRaumluftunabhängigPromo-PackungstypPelletofen + WLANRaumluftunabhängigJaDüsenauslassdurchmesser80 mmRauchabsaugungHintenOberflächeSchwarzProduktabmessungenL 534 x T 575 x H 1130 mm",https://chaufobois.fr/product/poele-a-granules-etanche-emaflam-reva-9-kw-noir-boitier-wifi-offert/,https://chaufobois.fr/wp-content/uploads/2022/11/B-5.jpg,"https://chaufobois.fr/wp-content/uploads/2022/11/C-5.jpg,https://chaufobois.fr/wp-content/uploads/2022/11/D-5.jpg,https://chaufobois.fr/wp-content/uploads/2022/11/E-5.jpg,https://chaufobois.fr/wp-content/uploads/2022/11/F-4.jpg,https://chaufobois.fr/wp-content/uploads/2022/11/G-3.jpg",in stock,1468.00 EUR,770.00 EUR,Chaufobois,CHB-3982,new,Home & Garden > Fireplaces,OFEN & KAMIN,
CHB-3980,Raumluftunabhängiger Pelletofen Roméo + Ventouse-Set Dinak 9 kW,"Top Chaleur bietet Ihnen eine kostengünstige Lösung, um Ihren raumluftunabhängigen Pelletofen zu installieren und sicher anzuschließen. Dieses Paket gewährleistet eine perfekte Kompatibilität der Geräte von Etna und Dinak (seit über 30 Jahren Spezialist für Rauchrohre in Europa) sowie eine schnelle Implementierung. Zusammensetzung der Packung 1 raumluftunabhängiger Pelletofen Romeo 9,2 kW 1 T 90° Anschluss F für Rauch mit Spülpuffer 1 T-Anschluss M für Luftversorgung 1 Luftzufuhr-Anschlussschlauch 1 Rohr von 930 mm 1 Rohr 430 mm 1 90°-Bogen 1 Abschlussrosette 1 verstellbarer horizontaler Auslass (1 Edelstahlrosette im Lieferumfang enthalten) 6 Union-Halsketten 1 verstellbarer flacher Wandkragen 1 kurzes Blinkhalsband Bitte beachten Sie: Dieses Paket enthält NICHT die Air 1F1-Hülse und die optionalen Dichtungen. Über den raumluftunabhängigen Ofen Roméo 9,2 kW Der raumluftunabhängige Pelletofen Romeo 9 kW ist ein Produkt aus der Etna Luxe-Reihe. Dank der Qualität seiner Materialien und seines geräuschlosen Betriebs ist er ein wahrer Spitzenreiter im Sortiment und kann bis zu 100 m² heizen. Sein großer Tank bietet eine Lagerkapazität von 20 Kilo Pellets und eine Heizautonomie von mehr als 24 Stunden. Der Roméo-Ofen wurde im technischen Labor von Top Chaleur getestet und steht auf dem Podium für die leisesten Pellet-Heizlösungen. Sein rundes und raffiniertes Design ermöglicht die Platzierung in Ecken. Es ist einfach zu bedienen und programmierbar und kann ferngesteuert werden. Dank seines geräuscharmen Systems, seiner Tür und seines Tiegels aus Gusseisen sowie seinem schlanken Design verfügt dieser Pelletofen über alle Voraussetzungen für eine High-End-Ausstattung. Die Stärken Beheizt bis zu 100 m² Hoher Wirkungsgrad: 91 % Geringer Pelletverbrauch Ideal für BBC- oder RT 2012-Häuser Einfache und schnelle Programmierung: Tag-/Wochen-/Wochenendmodus 20 kg Pellettank Heizautonomie bis zu 24 Stunden ununterbrochen Hochwertige Ausführungen: geneigte Oberseite, Tür aus Gusseisen Leiser Betrieb: Betrieb durch natürliche Konvektion und Gusseisentiegel, der den Fall des Granulats dämpft Schnelle Installation: Es ist keine externe Luftzufuhr in den Raum erforderlich Freier Installationsort: Ventouse-Montage ermöglicht die Installation in Zone 2 (vertikale Leitungen) oder 3 (horizontale Leitungen) Rundes und schlankes Design: ermöglicht die Platzierung in Ecken Fernbedienung im Lieferumfang enthalten: Fernbedienung Packungsgarantie für 2 Jahre Die Meinung unseres Experten zum raumluftunabhängigen Pelletofen Auf den ersten Blick verführt! Der raumluftunabhängige Pelletofen Roméo überzeugte uns zunächst durch sein rundes Design, seine einzigartige Neigung und sein großes Fenster, durch das man die Flamme deutlich sehen kann. Es hat den Vorteil, dass es sich in alle Innenräume, auch in Ecken, integrieren lässt. Seine Vorteile hören hier nicht auf! Uns gefällt die einfache Installation: Es ist nicht erforderlich, eine externe Luftzufuhr in den Raum zu schaffen oder mehrere Stockwerke zu überqueren, um den Rauchabzug auf dem Dach zu platzieren. Die Ventouse-Installation mit dem Dinak-Kit ist einfach, schnell und für jedermann zugänglich. Im Einsatz schätzten wir den funktionalen und intuitiven Programmierbildschirm sowie die Heizleistung für mehrere Tage im Winter. Das Plus: seine hochwertige Verarbeitung. Die gusseiserne Tür ermöglicht eine längere Wärmeverteilung, indem sie sie speichert und abgibt, selbst nachdem das Feuer erloschen ist. Darüber hinaus ermöglicht der vorne positionierte Ventilator eine gleichmäßige Wärmeverteilung im Raum. Über das Dinak Ventouse-Set Die Stärken Anwendungssicherheit: Garantierte normgerechte Installation, verstärkte Steifigkeit Schnelle Installation: für alle zugänglich Ästhetische Verbindung: kratzfeste mattschwarze Oberflächen, hochwertige Edelstahlqualität, einfache und diskrete Verbindungsmanschetten Zu wissen Die Positionierung der Leitung muss den Installationsanforderungen in Zone 3 (Fassadenauslass) entsprechen. Der raumluftunabhängige Pelletofen Romeo 9 kW ist ein Produkt aus der Etna Luxe-Reihe. Dank der Qualität seiner Materialien und seines geräuschlosen Betriebs ist er ein wahrer Spitzenreiter im Sortiment und kann bis zu 100 m² heizen. Sein großer Tank bietet eine Lagerkapazität von 20 Kilo Pellets und eine Heizautonomie von mehr als 24 Stunden. Der Roméo-Ofen wurde im technischen Labor von Top Chaleur getestet und steht auf dem Podium für die leisesten Pellet-Heizlösungen. Sein rundes und raffiniertes Design ermöglicht die Platzierung in Ecken. Es ist einfach zu bedienen und programmierbar und kann ferngesteuert werden. Dank seines geräuscharmen Systems, seiner Tür und seines Tiegels aus Gusseisen sowie seinem schlanken Design verfügt dieser Pelletofen über alle Voraussetzungen für eine High-End-Ausstattung. Die Marke ETNA Luxe Als anerkannte italienische Marke ist Etna Luxe bestrebt, durch die Auswahl der besten Technologien und Innovationen effiziente und ökologische Heizlös",https://chaufobois.fr/product/poele-a-granules-etanche-romeo-kit-ventouse-dinak-9kw/,https://chaufobois.fr/wp-content/uploads/2022/11/A-2.jpg,"https://chaufobois.fr/wp-content/uploads/2022/11/B-2.jpg,https://chaufobois.fr/wp-content/uploads/2022/11/C-2.jpg,https://chaufobois.fr/wp-content/uploads/2022/11/D-2.jpg,https://chaufobois.fr/wp-content/uploads/2022/11/E-2.jpg,https://chaufobois.fr/wp-content/uploads/2022/11/F-1.jpg,https://chaufobois.fr/wp-content/uploads/2022/11/G-1.jpg,https://chaufobois.fr/wp-content/uploads/2022/11/H-1.jpg,https://chaufobois.fr/wp-content/uploads/2022/11/I-1.jpg,https://chaufobois.fr/wp-content/uploads/2022/11/J.jpg,https://chaufobois.fr/wp-content/uploads/2022/11/K.jpg,https://chaufobois.fr/wp-content/uploads/2022/11/L.png",in stock,2139.00 EUR,,Chaufobois,CHB-3980,new,Home & Garden > Fireplaces,OFEN & KAMIN,
CHB-3979-5255,Vittoria Plus raumluftunabhängiger Pelletofen 14 kW - Weiß,"Der raumluftunabhängige Vittoria 14 kW ist ein Pelletofen, der ein Haus von bis zu 136 m² heizen kann. Dieses Heizgerät verfügt über einen hohen Wirkungsgrad von 88 % und zeichnet sich durch seine Autonomie (bis zu 34 Stunden kontinuierlich) aus. Es ist programmierbar und kann ferngesteuert werden. Die Ventouse-Montage ermöglicht zusätzliche Einsparungen bei den Rauchabzügen. Dieser Ofen kann mit dem WLAN-Modul ETNA Typ S ferngesteuert werden. Beheizt bis zu 136 m² Raumluftunabhängiger Pelletofen Ideal für BBC- oder RT 2012-Häuser Hoher Wirkungsgrad: 93,4 % Freiheit beim Installationsort Installation als Ventouse 2- bis 4-mal günstiger bei Rauchrohren Großes Pellettankvolumen: 25 kg Tages-, Wochen- und Wochenendprogramme Geringer Pelletverbrauch Sicherheitssystem und Brandschutz Herausnehmbare Ascheschublade 15 bis 60 Minuten, um den Ofen anzuschließen WLAN-kompatibel: optional Optionale Fernbedienung 2 Jahre Garantie Raumluftunabhängiger Pelletofen Der geschlossene Pelletofen bezieht die für die Verbrennung notwendige Luft direkt von außerhalb Ihres Hauses. Mit einem höheren Wirkungsgrad als bei nicht raumluftunabhängigen Modellen wird der Pelletverbrauch reduziert. Freiheit beim Installationsort Raumluftunabhängige Öfen sind die einzigen Öfen, die man als Ventouse befestigen kann. Sie haben dann die freie Wahl, Ihren Rauch durch das Dach oder horizontal an der Fassade abzuführen, da der Ofen in Zone 2 (vertikale Kanäle) oder Zone 3 (horizontale Kanäle) installiert werden kann. Somit ist es in Zone 3 nicht mehr notwendig, Ihren Ofen direkt neben einem vorhandenen Schornstein zu installieren oder mehrere Stockwerke zu durchqueren, um den Rauch abzuleiten. 2- bis 4-mal günstiger bei Rauchrohren Der Fassadenauslass hat den Vorteil, dass nur eine kurze Kanallänge installiert werden muss und kein externer Lufteinlass in Ihren Raum geschaffen werden muss (die Außenluft wird in den Kanal gedrückt). Dadurch sind die Kosten für die Leitungen bis zu viermal geringer als bei einer herkömmlichen Installation, insbesondere dank unserer Ventouse-Sets. Schnelle und einfache Programmierung Dieser raumluftunabhängige Pelletofen der neuen Generation verfügt über ein einfach zu bedienendes Bedienfeld oben, mit dem Sie Ihre Heizung über 7 Tage programmieren können. Sie können beispielsweise ein typisches Programm verwenden: 20° Montag bis Freitag von 6.00 bis 8.00 Uhr (nach dem Aufwachen); 20°C Montag bis Freitag ab 17:00 Uhr bis 21 Uhr (Rückkehr von der Arbeit); 20° samstags und sonntags von 9 bis 21 Uhr. Je nach Wunsch können Sie sich auch für eine manuelle Wärmeregelung entscheiden. Automatische Temperaturregulierung Dieser Ofen ist mit einem Umgebungssensor ausgestattet, mit dem Sie die Umgebungstemperatur Ihres Raumes regulieren können. So vermeiden Sie eine Überhitzung oder die Belästigung, dass ein Raum während Ihrer Abwesenheit gekühlt wird. Beim Vittoria-Pelletofen stehen zwei Funktionen zur Verfügung: Standby oder Modulation. Im Standby-Modus stoppt der Ofen, sobald die gewünschte Temperatur erreicht ist, und startet automatisch wieder, sobald die Temperatur sinkt. Im Modulationsmodus reguliert es sich automatisch, jedoch ohne jemals anzuhalten. Die Wahl zwischen diesen beiden Modi erfolgt entsprechend Ihrem Heizbedarf. Geringer Pelletverbrauch Mit einer Speicherkapazität von 25 kg Pellets ist der Pelletofen Vittoria 34 Stunden lang ununterbrochen autonom. Dies entspricht einer Heizzeit von mehreren Tagen im Winter, da der Betrieb nur wenige Stunden dauert, um Ihren Raum zu heizen. Durch die Nutzung einer verantwortungsvollen und nachhaltigen Wärmequelle erzielen Sie erhebliche Energieeinsparungen. Absolute Sicherheit Aus sicherheitstechnischer Sicht verringern versiegelte Pelletöfen das Risiko eines Rauchrückflusses, die Brandgefahr und minimieren die Staubemissionen. Dank des Brandschutzes und der automatischen Abschaltfunktion für den Fall, dass sich die Tür unerwartet öffnet, können Sie Ihren Pelletofen mit vollem Vertrauen nutzen. 15 bis 60 Minuten, um den Ofen anzuschließen Der Hauptvorteil einer Ventouse-Montage (also mit horizontalem Rauchabzug und nicht vertikal wie bei einem herkömmlichen nicht raumluftunabhängigen Pelletofen) besteht darin, dass der Ofen schnell angeschlossen werden kann. Um den Rauchabzug auf dem Dach zu platzieren, muss der Installateur keine bestehende Leitung verrohren oder mehrere Stockwerke überqueren. Der Bedarf an Leitungen ist bei versiegelten Pelletöfen minimal und die Installation wird erheblich vereinfacht. WLAN-Option Mit Ihrem Android- oder IOS-Telefon (Apple) können Sie: Schalten Sie den Ofen von überall aus ein/aus Leistung erhöhen/verringern Temperatur erhöhen/senken Umgebungstemperatur anzeigen Diese Anwendung kann auf mehreren Telefonen installiert werden und erfordert die Installation des Etna Wifi-Moduls auf Ihrem Ofen. Die Marke ETNA ETNA ist eine der größten Marken für Holzheizungen. Die Designqualität seiner Produkte ist das Ergebnis des anerkannten Know-hows der i",https://chaufobois.fr/product/poele-a-granules-vittoria-plus-etanche-14kw/,https://chaufobois.fr/wp-content/uploads/2022/11/A-1-1024x1024-1.png,"https://chaufobois.fr/wp-content/uploads/2022/11/A-2.png,https://chaufobois.fr/wp-content/uploads/2022/11/A-3.png,https://chaufobois.fr/wp-content/uploads/2022/11/B-1.jpg,https://chaufobois.fr/wp-content/uploads/2022/11/C-1.jpg,https://chaufobois.fr/wp-content/uploads/2022/11/D-1.jpg,https://chaufobois.fr/wp-content/uploads/2022/11/E-1.jpg",in stock,1579.00 EUR,1009.00 EUR,Chaufobois,CHB-3979-5255,new,Home & Garden > Fireplaces,OFEN & KAMIN,CHB-3979
CHB-3979-5256,Vittoria Plus raumluftunabhängiger Pelletofen 14 kW - Anthrazit,"Der raumluftunabhängige Vittoria 14 kW ist ein Pelletofen, der ein Haus von bis zu 136 m² heizen kann. Dieses Heizgerät verfügt über einen hohen Wirkungsgrad von 88 % und zeichnet sich durch seine Autonomie (bis zu 34 Stunden kontinuierlich) aus. Es ist programmierbar und kann ferngesteuert werden. Die Ventouse-Montage ermöglicht zusätzliche Einsparungen bei den Rauchabzügen. Dieser Ofen kann mit dem WLAN-Modul ETNA Typ S ferngesteuert werden. Beheizt bis zu 136 m² Raumluftunabhängiger Pelletofen Ideal für BBC- oder RT 2012-Häuser Hoher Wirkungsgrad: 93,4 % Freiheit beim Installationsort Installation als Ventouse 2- bis 4-mal günstiger bei Rauchrohren Großes Pellettankvolumen: 25 kg Tages-, Wochen- und Wochenendprogramme Geringer Pelletverbrauch Sicherheitssystem und Brandschutz Herausnehmbare Ascheschublade 15 bis 60 Minuten, um den Ofen anzuschließen WLAN-kompatibel: optional Optionale Fernbedienung 2 Jahre Garantie Raumluftunabhängiger Pelletofen Der geschlossene Pelletofen bezieht die für die Verbrennung notwendige Luft direkt von außerhalb Ihres Hauses. Mit einem höheren Wirkungsgrad als bei nicht raumluftunabhängigen Modellen wird der Pelletverbrauch reduziert. Freiheit beim Installationsort Raumluftunabhängige Öfen sind die einzigen Öfen, die man als Ventouse befestigen kann. Sie haben dann die freie Wahl, Ihren Rauch durch das Dach oder horizontal an der Fassade abzuführen, da der Ofen in Zone 2 (vertikale Kanäle) oder Zone 3 (horizontale Kanäle) installiert werden kann. Somit ist es in Zone 3 nicht mehr notwendig, Ihren Ofen direkt neben einem vorhandenen Schornstein zu installieren oder mehrere Stockwerke zu durchqueren, um den Rauch abzuleiten. 2- bis 4-mal günstiger bei Rauchrohren Der Fassadenauslass hat den Vorteil, dass nur eine kurze Kanallänge installiert werden muss und kein externer Lufteinlass in Ihren Raum geschaffen werden muss (die Außenluft wird in den Kanal gedrückt). Dadurch sind die Kosten für die Leitungen bis zu viermal geringer als bei einer herkömmlichen Installation, insbesondere dank unserer Ventouse-Sets. Schnelle und einfache Programmierung Dieser raumluftunabhängige Pelletofen der neuen Generation verfügt über ein einfach zu bedienendes Bedienfeld oben, mit dem Sie Ihre Heizung über 7 Tage programmieren können. Sie können beispielsweise ein typisches Programm verwenden: 20° Montag bis Freitag von 6.00 bis 8.00 Uhr (nach dem Aufwachen); 20°C Montag bis Freitag ab 17:00 Uhr bis 21 Uhr (Rückkehr von der Arbeit); 20° samstags und sonntags von 9 bis 21 Uhr. Je nach Wunsch können Sie sich auch für eine manuelle Wärmeregelung entscheiden. Automatische Temperaturregulierung Dieser Ofen ist mit einem Umgebungssensor ausgestattet, mit dem Sie die Umgebungstemperatur Ihres Raumes regulieren können. So vermeiden Sie eine Überhitzung oder die Belästigung, dass ein Raum während Ihrer Abwesenheit gekühlt wird. Beim Vittoria-Pelletofen stehen zwei Funktionen zur Verfügung: Standby oder Modulation. Im Standby-Modus stoppt der Ofen, sobald die gewünschte Temperatur erreicht ist, und startet automatisch wieder, sobald die Temperatur sinkt. Im Modulationsmodus reguliert es sich automatisch, jedoch ohne jemals anzuhalten. Die Wahl zwischen diesen beiden Modi erfolgt entsprechend Ihrem Heizbedarf. Geringer Pelletverbrauch Mit einer Speicherkapazität von 25 kg Pellets ist der Pelletofen Vittoria 34 Stunden lang ununterbrochen autonom. Dies entspricht einer Heizzeit von mehreren Tagen im Winter, da der Betrieb nur wenige Stunden dauert, um Ihren Raum zu heizen. Durch die Nutzung einer verantwortungsvollen und nachhaltigen Wärmequelle erzielen Sie erhebliche Energieeinsparungen. Absolute Sicherheit Aus sicherheitstechnischer Sicht verringern versiegelte Pelletöfen das Risiko eines Rauchrückflusses, die Brandgefahr und minimieren die Staubemissionen. Dank des Brandschutzes und der automatischen Abschaltfunktion für den Fall, dass sich die Tür unerwartet öffnet, können Sie Ihren Pelletofen mit vollem Vertrauen nutzen. 15 bis 60 Minuten, um den Ofen anzuschließen Der Hauptvorteil einer Ventouse-Montage (also mit horizontalem Rauchabzug und nicht vertikal wie bei einem herkömmlichen nicht raumluftunabhängigen Pelletofen) besteht darin, dass der Ofen schnell angeschlossen werden kann. Um den Rauchabzug auf dem Dach zu platzieren, muss der Installateur keine bestehende Leitung verrohren oder mehrere Stockwerke überqueren. Der Bedarf an Leitungen ist bei versiegelten Pelletöfen minimal und die Installation wird erheblich vereinfacht. WLAN-Option Mit Ihrem Android- oder IOS-Telefon (Apple) können Sie: Schalten Sie den Ofen von überall aus ein/aus Leistung erhöhen/verringern Temperatur erhöhen/senken Umgebungstemperatur anzeigen Diese Anwendung kann auf mehreren Telefonen installiert werden und erfordert die Installation des Etna Wifi-Moduls auf Ihrem Ofen. Die Marke ETNA ETNA ist eine der größten Marken für Holzheizungen. Die Designqualität seiner Produkte ist das Ergebnis des anerkannten Know-hows der i",https://chaufobois.fr/product/poele-a-granules-vittoria-plus-etanche-14kw/,https://chaufobois.fr/wp-content/uploads/2022/11/A-1-1024x1024-1.png,"https://chaufobois.fr/wp-content/uploads/2022/11/A-2.png,https://chaufobois.fr/wp-content/uploads/2022/11/A-3.png,https://chaufobois.fr/wp-content/uploads/2022/11/B-1.jpg,https://chaufobois.fr/wp-content/uploads/2022/11/C-1.jpg,https://chaufobois.fr/wp-content/uploads/2022/11/D-1.jpg,https://chaufobois.fr/wp-content/uploads/2022/11/E-1.jpg",in stock,1579.00 EUR,1009.00 EUR,Chaufobois,CHB-3979-5256,new,Home & Garden > Fireplaces,OFEN & KAMIN,CHB-3979
CHB-3979-5257,Vittoria Plus raumluftunabhängiger Pelletofen 14 kW - Bordeaux,"Der raumluftunabhängige Vittoria 14 kW ist ein Pelletofen, der ein Haus von bis zu 136 m² heizen kann. Dieses Heizgerät verfügt über einen hohen Wirkungsgrad von 88 % und zeichnet sich durch seine Autonomie (bis zu 34 Stunden kontinuierlich) aus. Es ist programmierbar und kann ferngesteuert werden. Die Ventouse-Montage ermöglicht zusätzliche Einsparungen bei den Rauchabzügen. Dieser Ofen kann mit dem WLAN-Modul ETNA Typ S ferngesteuert werden. Beheizt bis zu 136 m² Raumluftunabhängiger Pelletofen Ideal für BBC- oder RT 2012-Häuser Hoher Wirkungsgrad: 93,4 % Freiheit beim Installationsort Installation als Ventouse 2- bis 4-mal günstiger bei Rauchrohren Großes Pellettankvolumen: 25 kg Tages-, Wochen- und Wochenendprogramme Geringer Pelletverbrauch Sicherheitssystem und Brandschutz Herausnehmbare Ascheschublade 15 bis 60 Minuten, um den Ofen anzuschließen WLAN-kompatibel: optional Optionale Fernbedienung 2 Jahre Garantie Raumluftunabhängiger Pelletofen Der geschlossene Pelletofen bezieht die für die Verbrennung notwendige Luft direkt von außerhalb Ihres Hauses. Mit einem höheren Wirkungsgrad als bei nicht raumluftunabhängigen Modellen wird der Pelletverbrauch reduziert. Freiheit beim Installationsort Raumluftunabhängige Öfen sind die einzigen Öfen, die man als Ventouse befestigen kann. Sie haben dann die freie Wahl, Ihren Rauch durch das Dach oder horizontal an der Fassade abzuführen, da der Ofen in Zone 2 (vertikale Kanäle) oder Zone 3 (horizontale Kanäle) installiert werden kann. Somit ist es in Zone 3 nicht mehr notwendig, Ihren Ofen direkt neben einem vorhandenen Schornstein zu installieren oder mehrere Stockwerke zu durchqueren, um den Rauch abzuleiten. 2- bis 4-mal günstiger bei Rauchrohren Der Fassadenauslass hat den Vorteil, dass nur eine kurze Kanallänge installiert werden muss und kein externer Lufteinlass in Ihren Raum geschaffen werden muss (die Außenluft wird in den Kanal gedrückt). Dadurch sind die Kosten für die Leitungen bis zu viermal geringer als bei einer herkömmlichen Installation, insbesondere dank unserer Ventouse-Sets. Schnelle und einfache Programmierung Dieser raumluftunabhängige Pelletofen der neuen Generation verfügt über ein einfach zu bedienendes Bedienfeld oben, mit dem Sie Ihre Heizung über 7 Tage programmieren können. Sie können beispielsweise ein typisches Programm verwenden: 20° Montag bis Freitag von 6.00 bis 8.00 Uhr (nach dem Aufwachen); 20°C Montag bis Freitag ab 17:00 Uhr bis 21 Uhr (Rückkehr von der Arbeit); 20° samstags und sonntags von 9 bis 21 Uhr. Je nach Wunsch können Sie sich auch für eine manuelle Wärmeregelung entscheiden. Automatische Temperaturregulierung Dieser Ofen ist mit einem Umgebungssensor ausgestattet, mit dem Sie die Umgebungstemperatur Ihres Raumes regulieren können. So vermeiden Sie eine Überhitzung oder die Belästigung, dass ein Raum während Ihrer Abwesenheit gekühlt wird. Beim Vittoria-Pelletofen stehen zwei Funktionen zur Verfügung: Standby oder Modulation. Im Standby-Modus stoppt der Ofen, sobald die gewünschte Temperatur erreicht ist, und startet automatisch wieder, sobald die Temperatur sinkt. Im Modulationsmodus reguliert es sich automatisch, jedoch ohne jemals anzuhalten. Die Wahl zwischen diesen beiden Modi erfolgt entsprechend Ihrem Heizbedarf. Geringer Pelletverbrauch Mit einer Speicherkapazität von 25 kg Pellets ist der Pelletofen Vittoria 34 Stunden lang ununterbrochen autonom. Dies entspricht einer Heizzeit von mehreren Tagen im Winter, da der Betrieb nur wenige Stunden dauert, um Ihren Raum zu heizen. Durch die Nutzung einer verantwortungsvollen und nachhaltigen Wärmequelle erzielen Sie erhebliche Energieeinsparungen. Absolute Sicherheit Aus sicherheitstechnischer Sicht verringern versiegelte Pelletöfen das Risiko eines Rauchrückflusses, die Brandgefahr und minimieren die Staubemissionen. Dank des Brandschutzes und der automatischen Abschaltfunktion für den Fall, dass sich die Tür unerwartet öffnet, können Sie Ihren Pelletofen mit vollem Vertrauen nutzen. 15 bis 60 Minuten, um den Ofen anzuschließen Der Hauptvorteil einer Ventouse-Montage (also mit horizontalem Rauchabzug und nicht vertikal wie bei einem herkömmlichen nicht raumluftunabhängigen Pelletofen) besteht darin, dass der Ofen schnell angeschlossen werden kann. Um den Rauchabzug auf dem Dach zu platzieren, muss der Installateur keine bestehende Leitung verrohren oder mehrere Stockwerke überqueren. Der Bedarf an Leitungen ist bei versiegelten Pelletöfen minimal und die Installation wird erheblich vereinfacht. WLAN-Option Mit Ihrem Android- oder IOS-Telefon (Apple) können Sie: Schalten Sie den Ofen von überall aus ein/aus Leistung erhöhen/verringern Temperatur erhöhen/senken Umgebungstemperatur anzeigen Diese Anwendung kann auf mehreren Telefonen installiert werden und erfordert die Installation des Etna Wifi-Moduls auf Ihrem Ofen. Die Marke ETNA ETNA ist eine der größten Marken für Holzheizungen. Die Designqualität seiner Produkte ist das Ergebnis des anerkannten Know-hows der i",https://chaufobois.fr/product/poele-a-granules-vittoria-plus-etanche-14kw/,https://chaufobois.fr/wp-content/uploads/2022/11/A-1-1024x1024-1.png,"https://chaufobois.fr/wp-content/uploads/2022/11/A-2.png,https://chaufobois.fr/wp-content/uploads/2022/11/A-3.png,https://chaufobois.fr/wp-content/uploads/2022/11/B-1.jpg,https://chaufobois.fr/wp-content/uploads/2022/11/C-1.jpg,https://chaufobois.fr/wp-content/uploads/2022/11/D-1.jpg,https://chaufobois.fr/wp-content/uploads/2022/11/E-1.jpg",in stock,1579.00 EUR,1009.00 EUR,Chaufobois,CHB-3979-5257,new,Home & Garden > Fireplaces,OFEN & KAMIN,CHB-3979
CHB-3978,"Roméo 9 kW raumluftunabhängiger, leiser Pelletofen","Der raumluftunabhängige Pelletofen Romeo 9 kW ist ein Produkt aus der Etna Luxe-Reihe. Dank der Qualität seiner Materialien und seines geräuschlosen Betriebs ist er ein wahrer Spitzenreiter im Sortiment und kann bis zu 100 m² heizen. Sein großer Tank bietet eine Lagerkapazität von 20 Kilo Pellets und eine Heizautonomie von mehr als 24 Stunden. Der Roméo-Ofen wurde im technischen Labor von Top Chaleur getestet und steht auf dem Podium für die leisesten Pellet-Heizlösungen. Sein rundes und raffiniertes Design ermöglicht die Platzierung in Ecken. Es ist einfach zu bedienen und programmierbar und kann ferngesteuert werden. Dank seines geräuscharmen Systems, seiner Tür und seines Tiegels aus Gusseisen sowie seinem schlanken Design verfügt dieser Pelletofen über alle Voraussetzungen für eine High-End-Ausstattung. Raumluftunabhängiger Pelletofen Der geschlossene Pelletofen bezieht die für die Verbrennung notwendige Luft direkt von außerhalb Ihres Hauses. Mit einem höheren Wirkungsgrad als bei nicht raumluftunabhängigen Modellen wird der Pelletverbrauch reduziert. Vor allem versiegelte Pelletöfen ermöglichen die sogenannte horizontale oder vertikale „Ventouse“-Montage. Lautloses System Sobald der schnelle Wärmebedarf gedeckt ist, schaltet der Kaminofen Romeo automatisch auf den natürlichen Konvektionsbetrieb um. Diese Technologie sorgt für einen äußerst leisen Betrieb und eine gleichmäßige Wärmeverteilung in Ihrem Wohnzimmer. Der Romeo hält somit die gewünschte Temperatur in Ihrem Innenraum aufrecht, indem er seine Wärme auf natürliche Weise nach oben und um den Ofen herum abgibt. Auch der gusseiserne Tiegel, mit dem der Roméo-Ofen ausgestattet ist, trägt zu einem leiseren Betrieb bei, indem er den Fall der Pellets dämpft. Freiheit beim Installationsort Raumluftunabhängige Öfen sind die einzigen Öfen, die man als Ventouse befestigen kann. Sie haben dann die freie Wahl, Ihren Rauch durch das Dach oder horizontal an der Fassade abzuführen, da der Ofen in Zone 2 (vertikale Kanäle) oder Zone 3 (horizontale Kanäle) installiert werden kann. Somit ist es in Zone 3 nicht mehr notwendig, Ihren Ofen direkt neben einem vorhandenen Schornstein zu installieren oder mehrere Stockwerke zu durchqueren, um den Rauch abzuleiten. 2- bis 4-mal günstiger bei Rauchrohren Der Fassadenauslass hat den Vorteil, dass nur eine kurze Kanallänge installiert werden muss und kein externer Lufteinlass in Ihren Raum geschaffen werden muss (die Außenluft wird in den Kanal gedrückt). Dadurch sind die Kosten für die Leitungen bis zu viermal geringer als bei einer herkömmlichen Installation, insbesondere dank unserer Ventouse-Sets. Schnelle Installation Der große Vorteil eines Fassadenausgangs besteht darin, dass der Installateur nicht eine vorhandene Leitung verrohren oder mehrere Stockwerke überqueren muss, um Ihren Rauchabzug auf dem Dach zu platzieren. Der Bedarf an Leitungen ist bei versiegelten Pelletöfen minimal und die Installation wird erheblich vereinfacht: 15 bis 60 Minuten reichen aus, um den Ofen anzuschließen. Großer Pellettank für große Autonomie Mit einer Speicherkapazität von 20 kg Pellets ist der Pelletofen Roméo 24 Stunden lang autonom. Dies entspricht einer Heizzeit von mehreren Tagen im Winter, da der Betrieb nur wenige Stunden dauert, um Ihren Raum zu heizen. Einfache und schnelle Programmierung Dieser Pelletofen der neuen Generation verfügt über ein benutzerfreundliches Bedienfeld auf der Oberseite des Geräts, mit dem Sie Ihre Heizung über 7 Tage programmieren können. Sie können zum Beispiel (je nach Modell) ein Programm verwenden wie: 20°C Montag bis Freitag von 6 bis 8 Uhr (nach dem Aufwachen) 20°C Montag bis Freitag ab 17:00 Uhr bis 21 Uhr (Rückkehr von der Arbeit) 20°C samstags und sonntags von 9 bis 21 Uhr. Je nach Wunsch können Sie sich auch für eine manuelle Wärmeregelung entscheiden. Dieser Ofen ist mit einer Umgebungssonde ausgestattet, Sie können zwischen zwei Funktionen wählen: Standby oder Modulation. Im Standby-Modus stoppt der Ofen, sobald die gewünschte Temperatur erreicht ist, und startet automatisch wieder, sobald die Temperatur sinkt. Im Modulationsmodus reguliert es sich automatisch, jedoch ohne jemals anzuhalten. Die Wahl zwischen diesen beiden Modi erfolgt entsprechend Ihrem Heizbedarf. Rückansicht des Ofens FotorezensionenFinden Sie heraus, was unsere Kunden nach mehrmonatigem Gebrauch vom Pelletofen Romeo denken! Die auf den Fotos dargestellten Posen wurden nicht von Top Chaleur erstellt. Ludovic C. „Sehr zufrieden mit dem Pelletofen, heizt unser Haus sehr gut, absolut perfekt. Vielen Dank für die Beratung durch den Verkäufer.“ Frank M. „Super Produkt. Ideal für meine Heizfläche.“ Die Marke ETNA Luxe Als anerkannte italienische Marke ist Etna Luxe bestrebt, durch die Auswahl der besten Technologien und Innovationen effiziente und ökologische Heizlösungen anzubieten. Die ETNA Luxe-Geräte passen sich allen Innenräumen an und sind eine Mischung aus traditionellem italienischem Know-how und zeitgenössischer Mod",https://chaufobois.fr/product/poele-a-granules-silencieux-etanche-romeo-9kw/,https://chaufobois.fr/wp-content/uploads/2022/11/A-1.jpg,"https://chaufobois.fr/wp-content/uploads/2022/11/A.png,https://chaufobois.fr/wp-content/uploads/2022/11/B.jpg,https://chaufobois.fr/wp-content/uploads/2022/11/C.jpg,https://chaufobois.fr/wp-content/uploads/2022/11/D.jpg,https://chaufobois.fr/wp-content/uploads/2022/11/E.jpg,https://chaufobois.fr/wp-content/uploads/2022/11/F.jpg,https://chaufobois.fr/wp-content/uploads/2022/11/G.jpg,https://chaufobois.fr/wp-content/uploads/2022/11/H.jpg,https://chaufobois.fr/wp-content/uploads/2022/11/I.jpg,https://chaufobois.fr/wp-content/uploads/2022/11/J.png",in stock,1599.00 EUR,,Chaufobois,CHB-3978,new,Home & Garden > Fireplaces,OFEN & KAMIN,
CHB-3977-5252,Pelletofen Ricanto mit Warmluftverteilung 10 kW - Weiß,"Mit einer Leistung von 10 kW heizt der Pelletofen mit Warmluftverteilung Ricanto den Raum, in dem er steht, sowie dank seiner 2 kanalisierbaren Ausgänge zwei weitere Räume. Aufgrund seines hohen Wirkungsgrades von 96 % und seiner Programmierfunktionen verbraucht er wenig Pellets. Sein modernes Design und seine Abmessungen (Tiefe: 24,8 cm) machen ihn zu einem idealen Ofen, um maximal Platz zu sparen. Stärken: Beheizt bis zu 100 m² 2 kanalierbare Ausgänge Außergewöhnliche Ausbeute von 96 % Geringer Pelletverbrauch Tages-, Wochen- und Wochenendprogramme Leicht abnehmbarer Aschenbecher aus Gusseisen Fernbedienung im Lieferumfang enthalten 2 Jahre Garantie Kanalisierter Pelletofen Dank seiner zwei kanalisierbaren Ausgänge ist der Pelletofen Ricanto in der Lage, zusätzlich zu dem Raum, in dem er aufgestellt ist, zwei weitere Räume zu heizen. Diese Steckdosen befinden sich an der Rückseite des Ofens und sind anschlussfertig. Geringer Pelletverbrauch Sein außergewöhnlicher Wirkungsgrad von 96 % macht ihn zu einem sparsamen Pelletofen, da er weniger Brennstoff benötigt als ein klassischer Pelletofen, um eine ideale Temperatur in Ihrem Raum zu erreichen. Einfache und schnelle Programmierung Dank seiner Programmiermodi und der mitgelieferten Fernbedienung können Sie Ihre Zeitfenster ganz einfach verwalten, sodass Ihr Ofen Ihr Zuhause zu den für Sie passenden Zeiten heizt. Zum Beispiel: 20°C von 7.00 bis 9.00 Uhr Montag bis Freitag (zum Aufwachen) 20°C ab 17:00 Uhr bis 20 Uhr Montag bis Freitag (für die Rückkehr von der Arbeit) 20° von 9 bis 17 Uhr. am Wochenende Leicht abnehmbarer Aschenbecher aus Gusseisen Der Pelletofen Ricanto ist mit einem ausziehbaren Aschenbecher ausgestattet, der die Reinigung des Ofens und der Brennkammer erleichtert. Es hat auch den Vorteil, dass es aus Gusseisen besteht. Im Gegensatz zu Aschenbechern aus Edelstahl ermöglichen Aschenbecher aus Gusseisen, die dichter sind, einen geräuschärmeren Betrieb des Ofens. Sie vermeiden das Geräusch des Edelstahls, das jedes Mal mitschwingt, wenn die Holzpellets in den Aschenbecher fallen. Ausgang hinten oder oben Der Pelletofen Ricanto verfügt über zwei Möglichkeiten zur Rauchabsaugung: an der Rückseite oder an der Oberseite des Geräts. Diese zweite Option, die von Herstellern seltener angeboten wird, ermöglicht es Ihnen, Ihren Ofen näher an der Wand oder in einer Ecke zu platzieren. Dadurch sparen Sie Platz, da Sie keine Rauchabzüge an der Rückseite des Ofens mehr benötigen. Die oberen und hinteren Auslässe des Geräts haben einen Durchmesser von 80 mm. Die Marke ETNA ETNA ist eine der größten Marken für Holzheizungen. Die Designqualität seiner Produkte ist das Ergebnis des anerkannten Know-hows der italienischen Fertigung. Das Design ist so konzipiert, dass es sich an alle Innenräume anpasst: von Häusern, die den Hainbuche des Alten bewahren, bis hin zu den modernsten Häusern. Jedes Jahr gehören die Pelletöfen von ETNA zu den Bestsellern auf TopChaleur.com und statten Tausende von Haushalten aus. Das gesamte Sortiment der Marke wird nach aktuellen europäischen Normen (CE) hergestellt. Weitere Einzelheiten finden Sie in der Produktanleitung. Technische Eigenschaften Gewicht 79 kg Marke ÄTNA Treibstoff Pellets Höhe 93cm Länge 93,3 cm Tiefe 10,25"" Garantie 2 Jahre Ertrag 95,93 % Max. Min. Leistung 3 kW Leistung in kW 10 kW Nennleistung min 3 kW Maximale Nennleistung 9 kW Heizvolumen 225 m3 Rauchabzug Hinten oder oben Grüne Flamme 7 Autonomie bei min 5 Stunden Maximale Autonomie 16 Uhr Installation als Ventouse Nein Pelletverbrauch 0,62 kg pro Stunde Pellettank 10 kg Fernbedienung Ja WLAN Nein Wassertank Nein L Durchmesser des Rauchaustritts 80mm Gerätetyp Pelletofen Mit einer Leistung von 10 kW heizt der Pelletofen mit Warmluftverteilung Ricanto den Raum, in dem er steht, sowie dank seiner 2 kanalisierbaren Ausgänge zwei weitere Räume. Aufgrund seines hohen Wirkungsgrades von 96 % und seiner Programmierfunktionen verbraucht er wenig Pellets. Sein modernes Design und seine Abmessungen (Tiefe: 24,8 cm) machen ihn zu einem idealen Ofen, um maximal Platz zu sparen. Stärken: Beheizt bis zu 100 m² 2 kanalierbare Ausgänge Außergewöhnliche Ausbeute von 96 % Geringer Pelletverbrauch Tages-, Wochen- und Wochenendprogramme Leicht abnehmbarer Aschenbecher aus Gusseisen Fernbedienung im Lieferumfang enthalten 2 Jahre Garantie Kanalisierter Pelletofen Dank seiner zwei kanalisierbaren Ausgänge ist der Pelletofen Ricanto in der Lage, zusätzlich zu dem Raum, in dem er aufgestellt ist, zwei weitere Räume zu heizen. Diese Steckdosen befinden sich an der Rückseite des Ofens und sind anschlussfertig. Geringer Pelletverbrauch Sein außergewöhnlicher Wirkungsgrad von 96 % macht ihn zu einem sparsamen Pelletofen, da er weniger Brennstoff benötigt als ein klassischer Pelletofen, um eine ideale Temperatur in Ihrem Raum zu erreichen. Einfache und schnelle Programmierung Dank seiner Programmiermodi und der mitgelieferten Fernbedienung können Sie Ihre Zeitfenster ganz einfach verwalt",https://chaufobois.fr/product/poele-a-granules-ricanto-canalisable-10kw/,https://chaufobois.fr/wp-content/uploads/2022/11/1.png,"https://chaufobois.fr/wp-content/uploads/2022/11/2-3.jpg,https://chaufobois.fr/wp-content/uploads/2022/11/3-6.jpg,https://chaufobois.fr/wp-content/uploads/2022/11/4-3.jpg,https://chaufobois.fr/wp-content/uploads/2022/11/5-1.jpg,https://chaufobois.fr/wp-content/uploads/2022/11/6-1.jpg,https://chaufobois.fr/wp-content/uploads/2022/11/7-1.jpg,https://chaufobois.fr/wp-content/uploads/2022/11/8-3-1.jpg,https://chaufobois.fr/wp-content/uploads/2022/11/9-1.jpg,https://chaufobois.fr/wp-content/uploads/2022/11/10.jpg,https://chaufobois.fr/wp-content/uploads/2022/11/3-3.png",in stock,1369.00 EUR,885.00 EUR,Chaufobois,CHB-3977-5252,new,Home & Garden > Fireplaces,OFEN & KAMIN,CHB-3977
CHB-3977-5251,Pelletofen Ricanto mit Warmluftverteilung 10 kW - Anthrazit,"Mit einer Leistung von 10 kW heizt der Pelletofen mit Warmluftverteilung Ricanto den Raum, in dem er steht, sowie dank seiner 2 kanalisierbaren Ausgänge zwei weitere Räume. Aufgrund seines hohen Wirkungsgrades von 96 % und seiner Programmierfunktionen verbraucht er wenig Pellets. Sein modernes Design und seine Abmessungen (Tiefe: 24,8 cm) machen ihn zu einem idealen Ofen, um maximal Platz zu sparen. Stärken: Beheizt bis zu 100 m² 2 kanalierbare Ausgänge Außergewöhnliche Ausbeute von 96 % Geringer Pelletverbrauch Tages-, Wochen- und Wochenendprogramme Leicht abnehmbarer Aschenbecher aus Gusseisen Fernbedienung im Lieferumfang enthalten 2 Jahre Garantie Kanalisierter Pelletofen Dank seiner zwei kanalisierbaren Ausgänge ist der Pelletofen Ricanto in der Lage, zusätzlich zu dem Raum, in dem er aufgestellt ist, zwei weitere Räume zu heizen. Diese Steckdosen befinden sich an der Rückseite des Ofens und sind anschlussfertig. Geringer Pelletverbrauch Sein außergewöhnlicher Wirkungsgrad von 96 % macht ihn zu einem sparsamen Pelletofen, da er weniger Brennstoff benötigt als ein klassischer Pelletofen, um eine ideale Temperatur in Ihrem Raum zu erreichen. Einfache und schnelle Programmierung Dank seiner Programmiermodi und der mitgelieferten Fernbedienung können Sie Ihre Zeitfenster ganz einfach verwalten, sodass Ihr Ofen Ihr Zuhause zu den für Sie passenden Zeiten heizt. Zum Beispiel: 20°C von 7.00 bis 9.00 Uhr Montag bis Freitag (zum Aufwachen) 20°C ab 17:00 Uhr bis 20 Uhr Montag bis Freitag (für die Rückkehr von der Arbeit) 20° von 9 bis 17 Uhr. am Wochenende Leicht abnehmbarer Aschenbecher aus Gusseisen Der Pelletofen Ricanto ist mit einem ausziehbaren Aschenbecher ausgestattet, der die Reinigung des Ofens und der Brennkammer erleichtert. Es hat auch den Vorteil, dass es aus Gusseisen besteht. Im Gegensatz zu Aschenbechern aus Edelstahl ermöglichen Aschenbecher aus Gusseisen, die dichter sind, einen geräuschärmeren Betrieb des Ofens. Sie vermeiden das Geräusch des Edelstahls, das jedes Mal mitschwingt, wenn die Holzpellets in den Aschenbecher fallen. Ausgang hinten oder oben Der Pelletofen Ricanto verfügt über zwei Möglichkeiten zur Rauchabsaugung: an der Rückseite oder an der Oberseite des Geräts. Diese zweite Option, die von Herstellern seltener angeboten wird, ermöglicht es Ihnen, Ihren Ofen näher an der Wand oder in einer Ecke zu platzieren. Dadurch sparen Sie Platz, da Sie keine Rauchabzüge an der Rückseite des Ofens mehr benötigen. Die oberen und hinteren Auslässe des Geräts haben einen Durchmesser von 80 mm. Die Marke ETNA ETNA ist eine der größten Marken für Holzheizungen. Die Designqualität seiner Produkte ist das Ergebnis des anerkannten Know-hows der italienischen Fertigung. Das Design ist so konzipiert, dass es sich an alle Innenräume anpasst: von Häusern, die den Hainbuche des Alten bewahren, bis hin zu den modernsten Häusern. Jedes Jahr gehören die Pelletöfen von ETNA zu den Bestsellern auf TopChaleur.com und statten Tausende von Haushalten aus. Das gesamte Sortiment der Marke wird nach aktuellen europäischen Normen (CE) hergestellt. Weitere Einzelheiten finden Sie in der Produktanleitung. Technische Eigenschaften Gewicht 79 kg Marke ÄTNA Treibstoff Pellets Höhe 93cm Länge 93,3 cm Tiefe 10,25"" Garantie 2 Jahre Ertrag 95,93 % Max. Min. Leistung 3 kW Leistung in kW 10 kW Nennleistung min 3 kW Maximale Nennleistung 9 kW Heizvolumen 225 m3 Rauchabzug Hinten oder oben Grüne Flamme 7 Autonomie bei min 5 Stunden Maximale Autonomie 16 Uhr Installation als Ventouse Nein Pelletverbrauch 0,62 kg pro Stunde Pellettank 10 kg Fernbedienung Ja WLAN Nein Wassertank Nein L Durchmesser des Rauchaustritts 80mm Gerätetyp Pelletofen Mit einer Leistung von 10 kW heizt der Pelletofen mit Warmluftverteilung Ricanto den Raum, in dem er steht, sowie dank seiner 2 kanalisierbaren Ausgänge zwei weitere Räume. Aufgrund seines hohen Wirkungsgrades von 96 % und seiner Programmierfunktionen verbraucht er wenig Pellets. Sein modernes Design und seine Abmessungen (Tiefe: 24,8 cm) machen ihn zu einem idealen Ofen, um maximal Platz zu sparen. Stärken: Beheizt bis zu 100 m² 2 kanalierbare Ausgänge Außergewöhnliche Ausbeute von 96 % Geringer Pelletverbrauch Tages-, Wochen- und Wochenendprogramme Leicht abnehmbarer Aschenbecher aus Gusseisen Fernbedienung im Lieferumfang enthalten 2 Jahre Garantie Kanalisierter Pelletofen Dank seiner zwei kanalisierbaren Ausgänge ist der Pelletofen Ricanto in der Lage, zusätzlich zu dem Raum, in dem er aufgestellt ist, zwei weitere Räume zu heizen. Diese Steckdosen befinden sich an der Rückseite des Ofens und sind anschlussfertig. Geringer Pelletverbrauch Sein außergewöhnlicher Wirkungsgrad von 96 % macht ihn zu einem sparsamen Pelletofen, da er weniger Brennstoff benötigt als ein klassischer Pelletofen, um eine ideale Temperatur in Ihrem Raum zu erreichen. Einfache und schnelle Programmierung Dank seiner Programmiermodi und der mitgelieferten Fernbedienung können Sie Ihre Zeitfenster ganz einfach verwalt",https://chaufobois.fr/product/poele-a-granules-ricanto-canalisable-10kw/,https://chaufobois.fr/wp-content/uploads/2022/11/1.png,"https://chaufobois.fr/wp-content/uploads/2022/11/2-3.jpg,https://chaufobois.fr/wp-content/uploads/2022/11/3-6.jpg,https://chaufobois.fr/wp-content/uploads/2022/11/4-3.jpg,https://chaufobois.fr/wp-content/uploads/2022/11/5-1.jpg,https://chaufobois.fr/wp-content/uploads/2022/11/6-1.jpg,https://chaufobois.fr/wp-content/uploads/2022/11/7-1.jpg,https://chaufobois.fr/wp-content/uploads/2022/11/8-3-1.jpg,https://chaufobois.fr/wp-content/uploads/2022/11/9-1.jpg,https://chaufobois.fr/wp-content/uploads/2022/11/10.jpg,https://chaufobois.fr/wp-content/uploads/2022/11/3-3.png",in stock,1369.00 EUR,885.00 EUR,Chaufobois,CHB-3977-5251,new,Home & Garden > Fireplaces,OFEN & KAMIN,CHB-3977
CHB-3977-5253,Pelletofen Ricanto mit Warmluftverteilung 10 kW - Bordeaux,"Mit einer Leistung von 10 kW heizt der Pelletofen mit Warmluftverteilung Ricanto den Raum, in dem er steht, sowie dank seiner 2 kanalisierbaren Ausgänge zwei weitere Räume. Aufgrund seines hohen Wirkungsgrades von 96 % und seiner Programmierfunktionen verbraucht er wenig Pellets. Sein modernes Design und seine Abmessungen (Tiefe: 24,8 cm) machen ihn zu einem idealen Ofen, um maximal Platz zu sparen. Stärken: Beheizt bis zu 100 m² 2 kanalierbare Ausgänge Außergewöhnliche Ausbeute von 96 % Geringer Pelletverbrauch Tages-, Wochen- und Wochenendprogramme Leicht abnehmbarer Aschenbecher aus Gusseisen Fernbedienung im Lieferumfang enthalten 2 Jahre Garantie Kanalisierter Pelletofen Dank seiner zwei kanalisierbaren Ausgänge ist der Pelletofen Ricanto in der Lage, zusätzlich zu dem Raum, in dem er aufgestellt ist, zwei weitere Räume zu heizen. Diese Steckdosen befinden sich an der Rückseite des Ofens und sind anschlussfertig. Geringer Pelletverbrauch Sein außergewöhnlicher Wirkungsgrad von 96 % macht ihn zu einem sparsamen Pelletofen, da er weniger Brennstoff benötigt als ein klassischer Pelletofen, um eine ideale Temperatur in Ihrem Raum zu erreichen. Einfache und schnelle Programmierung Dank seiner Programmiermodi und der mitgelieferten Fernbedienung können Sie Ihre Zeitfenster ganz einfach verwalten, sodass Ihr Ofen Ihr Zuhause zu den für Sie passenden Zeiten heizt. Zum Beispiel: 20°C von 7.00 bis 9.00 Uhr Montag bis Freitag (zum Aufwachen) 20°C ab 17:00 Uhr bis 20 Uhr Montag bis Freitag (für die Rückkehr von der Arbeit) 20° von 9 bis 17 Uhr. am Wochenende Leicht abnehmbarer Aschenbecher aus Gusseisen Der Pelletofen Ricanto ist mit einem ausziehbaren Aschenbecher ausgestattet, der die Reinigung des Ofens und der Brennkammer erleichtert. Es hat auch den Vorteil, dass es aus Gusseisen besteht. Im Gegensatz zu Aschenbechern aus Edelstahl ermöglichen Aschenbecher aus Gusseisen, die dichter sind, einen geräuschärmeren Betrieb des Ofens. Sie vermeiden das Geräusch des Edelstahls, das jedes Mal mitschwingt, wenn die Holzpellets in den Aschenbecher fallen. Ausgang hinten oder oben Der Pelletofen Ricanto verfügt über zwei Möglichkeiten zur Rauchabsaugung: an der Rückseite oder an der Oberseite des Geräts. Diese zweite Option, die von Herstellern seltener angeboten wird, ermöglicht es Ihnen, Ihren Ofen näher an der Wand oder in einer Ecke zu platzieren. Dadurch sparen Sie Platz, da Sie keine Rauchabzüge an der Rückseite des Ofens mehr benötigen. Die oberen und hinteren Auslässe des Geräts haben einen Durchmesser von 80 mm. Die Marke ETNA ETNA ist eine der größten Marken für Holzheizungen. Die Designqualität seiner Produkte ist das Ergebnis des anerkannten Know-hows der italienischen Fertigung. Das Design ist so konzipiert, dass es sich an alle Innenräume anpasst: von Häusern, die den Hainbuche des Alten bewahren, bis hin zu den modernsten Häusern. Jedes Jahr gehören die Pelletöfen von ETNA zu den Bestsellern auf TopChaleur.com und statten Tausende von Haushalten aus. Das gesamte Sortiment der Marke wird nach aktuellen europäischen Normen (CE) hergestellt. Weitere Einzelheiten finden Sie in der Produktanleitung. Technische Eigenschaften Gewicht 79 kg Marke ÄTNA Treibstoff Pellets Höhe 93cm Länge 93,3 cm Tiefe 10,25"" Garantie 2 Jahre Ertrag 95,93 % Max. Min. Leistung 3 kW Leistung in kW 10 kW Nennleistung min 3 kW Maximale Nennleistung 9 kW Heizvolumen 225 m3 Rauchabzug Hinten oder oben Grüne Flamme 7 Autonomie bei min 5 Stunden Maximale Autonomie 16 Uhr Installation als Ventouse Nein Pelletverbrauch 0,62 kg pro Stunde Pellettank 10 kg Fernbedienung Ja WLAN Nein Wassertank Nein L Durchmesser des Rauchaustritts 80mm Gerätetyp Pelletofen Mit einer Leistung von 10 kW heizt der Pelletofen mit Warmluftverteilung Ricanto den Raum, in dem er steht, sowie dank seiner 2 kanalisierbaren Ausgänge zwei weitere Räume. Aufgrund seines hohen Wirkungsgrades von 96 % und seiner Programmierfunktionen verbraucht er wenig Pellets. Sein modernes Design und seine Abmessungen (Tiefe: 24,8 cm) machen ihn zu einem idealen Ofen, um maximal Platz zu sparen. Stärken: Beheizt bis zu 100 m² 2 kanalierbare Ausgänge Außergewöhnliche Ausbeute von 96 % Geringer Pelletverbrauch Tages-, Wochen- und Wochenendprogramme Leicht abnehmbarer Aschenbecher aus Gusseisen Fernbedienung im Lieferumfang enthalten 2 Jahre Garantie Kanalisierter Pelletofen Dank seiner zwei kanalisierbaren Ausgänge ist der Pelletofen Ricanto in der Lage, zusätzlich zu dem Raum, in dem er aufgestellt ist, zwei weitere Räume zu heizen. Diese Steckdosen befinden sich an der Rückseite des Ofens und sind anschlussfertig. Geringer Pelletverbrauch Sein außergewöhnlicher Wirkungsgrad von 96 % macht ihn zu einem sparsamen Pelletofen, da er weniger Brennstoff benötigt als ein klassischer Pelletofen, um eine ideale Temperatur in Ihrem Raum zu erreichen. Einfache und schnelle Programmierung Dank seiner Programmiermodi und der mitgelieferten Fernbedienung können Sie Ihre Zeitfenster ganz einfach verwalt",https://chaufobois.fr/product/poele-a-granules-ricanto-canalisable-10kw/,https://chaufobois.fr/wp-content/uploads/2022/11/1.png,"https://chaufobois.fr/wp-content/uploads/2022/11/2-3.jpg,https://chaufobois.fr/wp-content/uploads/2022/11/3-6.jpg,https://chaufobois.fr/wp-content/uploads/2022/11/4-3.jpg,https://chaufobois.fr/wp-content/uploads/2022/11/5-1.jpg,https://chaufobois.fr/wp-content/uploads/2022/11/6-1.jpg,https://chaufobois.fr/wp-content/uploads/2022/11/7-1.jpg,https://chaufobois.fr/wp-content/uploads/2022/11/8-3-1.jpg,https://chaufobois.fr/wp-content/uploads/2022/11/9-1.jpg,https://chaufobois.fr/wp-content/uploads/2022/11/10.jpg,https://chaufobois.fr/wp-content/uploads/2022/11/3-3.png",in stock,1369.00 EUR,885.00 EUR,Chaufobois,CHB-3977-5253,new,Home & Garden > Fireplaces,OFEN & KAMIN,CHB-3977
CHB-3976,Vulcano SMS 9kW Pelletofen,"Mit seiner Leistung von 8,74 kW bietet der Pelletofen Vulcano SMS ganz einfach das beste Preis-Leistungs-Verhältnis, das Sie unter den Öfen mit einer Leistung von 9 kW finden. Es vereint Wirtschaftlichkeit und Leistung, da es nur wenige Pellets verbraucht und bis zu 90 m² heizen kann. Seine Wartung ist dank seines vereinfachten Wartungssystems sehr einfach. Das Tüpfelchen auf dem i ist, dass dieser Pelletofen über einen Rauchabzug auf der Oberseite (zusätzlich zu dem auf der Rückseite) verfügt, sodass Sie in Ihrem Innenraum Platz sparen können. Dieser Ofen kann mit dem ETNA Vulcano Wifi-Modul ferngesteuert werden. Ein Pelletofen mit Rauchabzug oben Zur Rauchabsaugung verfügt der Vulcano 9 kW SMS, wie die meisten Pelletöfen, über einen Rauchabzug an der Geräterückseite. Seltener ist das Gerät auch mit einem Auslass an der Oberseite des Ofens ausgestattet. Das ist von Vorteil, denn es spart Platz in Ihrem Innenraum. Tatsächlich ist für die Installation der Rauchabzüge (1) weniger Platz zwischen der Wand und der Rückseite des Geräts erforderlich. (1) Die Installation Ihres Ofens muss den aktuellen Normen entsprechen. Beachten Sie die Geräteanweisungen, um sicherzustellen, dass bei der Installation Sicherheitsabstände eingehalten werden. Vereinfachtes Wartungssystem für eine lange Lebensdauer Die Wartung eines Pelletofens ist wichtig, um die Lebensdauer Ihres Geräts zu verlängern. Aus diesem Grund ist der Vulcano 9 SMS mit einem Simplified Maintenance System (SMS) ausgestattet, das eine einfache Wartung des Geräts ermöglicht. Ziehen Sie einfach die Wartungsklappe über der Brennkammer ab, um an den Wärmetauscher zu gelangen. Direkt zugänglich unter dem Aschenbecher können der Rauchverschluss und der Ventilator einfacher gewartet werden. Geringer Pelletverbrauch Die hervorragende Designqualität dieses italienischen Pelletofens macht ihn zu einem der effizientesten auf dem Markt. Als gut gilt ein Wirkungsgrad von mehr als 80 %: Der Vulcano 9 kW SMS hält einen Wirkungsgradrekord von 90,65 %! Er ist DIE Lösung, um das ganze Jahr über Geld zu sparen, da er bei gleicher Temperatur weniger verbraucht als ein klassischer Pelletofen. Große Autonomie Lassen Sie sich nicht von seiner Größe täuschen, der Pelletofen Vulcano 9 kW SMS verfügt über einen 15-kg-Pellettank. Genug, um eine Autonomie von bis zu 20 Stunden zu gewährleisten, wobei Sie wissen, dass ein paar Stunden Heizen pro Tag ausreichen, um in Ihrem Zuhause die ideale Temperatur zu erreichen. Schnelle und einfache Programmierung Dank des Programmierbildschirms können Sie Ihre Zeitfenster ganz einfach verwalten, sodass Ihr Ofen Ihr Zuhause zu den für Sie passenden Zeiten und mit der gewünschten Temperatur heizt. Es stehen mehrere Programmiermodi zur Verfügung: Tagmodus: Zum Programmieren von 2 Ein- und 2 Ausschaltvorgängen während des Tages Wochenmodus: um je nach Wochentag unterschiedliche Programme zu planen Wochenendmodus: zur Anpassung Ihrer Heizstunden am Samstag und Sonntag Automatische Regulierung Der Pelletofen Vulcano 9 kW SMS verfügt über die EcoStop-Funktion. Es reguliert automatisch seine Starts und Stopps entsprechend der gewählten Temperatur. Der Ofen arbeitet zunächst mit maximaler Leistung, um schnell die gewünschte Temperatur zu erreichen. Sobald dieser erreicht ist, wird automatisch auf die minimale Leistung umgeschaltet. Wenn die Temperatur nach einer Verzögerung von 20 Minuten höher als der eingestellte Wert ist, stoppt der Betrieb und startet erst wieder, wenn die Umgebungstemperatur um 2 °C gesunken ist. Eine hervorragende Möglichkeit, Ihre Heizkosten zusätzlich zu senken, ohne auf Komfort verzichten zu müssen, da sich der Ofen automatisch an Ihre Bedürfnisse anpasst. Italienische Qualität In Italien sind die besten Pelletofenhersteller der Welt ansässig, dank ihres uralten Know-hows und ihrer großen technologischen Meisterschaft. ETNA bildet da keine Ausnahme und ist bestrebt, Produkte mit hochwertigen Teilen herzustellen. Als Beweis dafür besteht der Tiegel des Vulcano 9 kW SMS zu 100 % aus Gusseisen, was im Gebrauch spürbarer ist, da das Gusseisen das Geräusch der fallenden Pellets dämpft. Die Motorkomponenten des Ofens sind mit denen der High-End-Modelle identisch. Die Meinung unseres Pelletofen-Experten Zuverlässig, robust, ästhetisch und äußerst effizient ... der Pelletofen Vulcano 9 SMS bietet alles! Bei Tests in unserem technischen Labor hat es uns mit seiner Leistung buchstäblich verblüfft. Der Vulcano 9 SMS war ständig verbunden, sowohl unter optimalen als auch unter absichtlich ungünstigen Bedingungen, und hat immer reagiert. Für die strengsten Winter ermöglichen seine 5 Leistungsbereiche (von 3,5 kW bis 9 kW) die Anpassung an das Heizen mit hoher Leistung. Es kann auch in der Nebensaison ohne Unterbrechung und ohne Gefahr einer Überhitzung (zu starkes und zu langes Heizen) betrieben werden. Technische Seite: Die Antriebselemente des Pelletofens Vulcano 9 kW sind identisch mit denen der High-End-Modelle. Der Getriebemotor ist eine d",https://chaufobois.fr/product/poele-a-granules-vulcano-sms-9kw/,https://chaufobois.fr/wp-content/uploads/2022/11/1-13.jpg,"https://chaufobois.fr/wp-content/uploads/2022/11/2-6.png,https://chaufobois.fr/wp-content/uploads/2022/11/3-5.jpg,https://chaufobois.fr/wp-content/uploads/2022/11/4-2.jpg,https://chaufobois.fr/wp-content/uploads/2022/11/5.jpg,https://chaufobois.fr/wp-content/uploads/2022/11/6.jpg,https://chaufobois.fr/wp-content/uploads/2022/11/7.jpg,https://chaufobois.fr/wp-content/uploads/2022/11/8-2.jpg,https://chaufobois.fr/wp-content/uploads/2022/11/9.jpg",in stock,899.00 EUR,500.00 EUR,Chaufobois,CHB-3976,new,Home & Garden > Fireplaces,OFEN & KAMIN,
CHB-3975,Meleze 4 17 kW Kaminofen,"Zusätzliche Informationen: Leistung: 17 kW Scheite bis 100 cm H 158 x B 200 x T 69 cm Manuelle Regulierung Rauch steigt nach oben Ø 230 mm Startdüse Feuerstelle aus Gusseisen, Korpus aus Stahl Die Marke Godin Im Jahr 1840 ersetzte Jean Baptiste André Godin den traditionellen Blechofen durch einen emaillierten Gusseisenofen. Heute ist Godin ein allgemeiner, beliebter Name, der für hochwertiges Heizen steht. Die Produktion erfolgt in Frankreich, das Unternehmen behält seine beiden Gießereien in Guise in Hauts-de-France. Wie das vom Markengründer entworfene Petit Godin verdanken die Produkte ihre Qualität der Beherrschung des Gusseisens. Technische Eigenschaften Gewicht 525 kg Marke Godin Farbe Aluminium / Edelstahl Treibstoff Holz Höhe 158cm Länge 200cm Tiefe 69cm Garantie 2 Jahre Ertrag 75 % Leistung in kW 17 kW Heizvolumen 550 m3 Rauchabzug Oben Installation als Ventouse Nein Scheitlänge 100cm Fernbedienung Nein Energieklasse B Wassertank Nein L Durchmesser des Rauchaustritts 230mm Zusätzliche Informationen: Leistung: 17 kW Scheite bis 100 cm H 158 x B 200 x T 69 cm Manuelle Regulierung Rauch steigt nach oben Ø 230 mm Startdüse Feuerstelle aus Gusseisen, Korpus aus Stahl Die Marke Godin Im Jahr 1840 ersetzte Jean Baptiste André Godin den traditionellen Blechofen durch einen emaillierten Gusseisenofen. Heute ist Godin ein allgemeiner, beliebter Name, der für hochwertiges Heizen steht. Die Produktion erfolgt in Frankreich, das Unternehmen behält seine beiden Gießereien in Guise in Hauts-de-France. Wie das vom Markengründer entworfene Petit Godin verdanken die Produkte ihre Qualität der Beherrschung des Gusseisens. Zusätzliche Informationen: Leistung: 17 kW Scheite bis 100 cm H 158 x B 200 x T 69 cm Manuelle Regulierung Rauch steigt nach oben Ø 230 mm Startdüse Feuerstelle aus Gusseisen, Korpus aus Stahl Die Marke Godin Im Jahr 1840 ersetzte Jean Baptiste André Godin den traditionellen Blechofen durch einen emaillierten Gusseisenofen. Heute ist Godin ein allgemeiner, beliebter Name, der für hochwertiges Heizen steht. Die Produktion erfolgt in Frankreich, das Unternehmen behält seine beiden Gießereien in Guise in Hauts-de-France. Wie das vom Markengründer entworfene Petit Godin verdanken die Produkte ihre Qualität der Beherrschung des Gusseisens. Zusätzliche Informationen: Leistung: 17 kW Scheite bis 100 cm H 158 x B 200 x T 69 cm Manuelle Regulierung Rauch steigt nach oben Ø 230 mm Startdüse Feuerstelle aus Gusseisen, Korpus aus Stahl Im Jahr 1840 ersetzte Jean Baptiste André Godin den traditionellen Blechofen durch einen emaillierten Gusseisenofen. Heute ist Godin ein allgemeiner, beliebter Name, der für hochwertiges Heizen steht. Die Produktion erfolgt in Frankreich, das Unternehmen behält seine beiden Gießereien in Guise in Hauts-de-France. Wie das vom Markengründer entworfene Petit Godin verdanken die Produkte ihre Qualität der Beherrschung des Gusseisens. Technische Eigenschaften Gewicht 525 kg Marke Godin Farbe Aluminium / Edelstahl Treibstoff Holz Höhe 158cm Länge 200cm Tiefe 69cm Garantie 2 Jahre Ertrag 75 % Leistung in kW 17 kW Heizvolumen 550 m3 Rauchabzug Oben Installation als Ventouse Nein Scheitlänge 100cm Fernbedienung Nein Energieklasse B Wassertank Nein L Durchmesser des Rauchaustritts 230mm Technische Eigenschaften Gewicht 525 kg Marke Godin Farbe Aluminium / Edelstahl Treibstoff Holz Höhe 158cm Länge 200cm Tiefe 69cm Garantie 2 Jahre Ertrag 75 % Leistung in kW 17 kW Heizvolumen 550 m3 Rauchabzug Oben Installation als Ventouse Nein Scheitlänge 100cm Fernbedienung Nein Energieklasse B Wassertank Nein L Durchmesser des Rauchaustritts 230mm Technische Eigenschaften Gewicht 525 kg Marke Godin Farbe Aluminium / Edelstahl Treibstoff Holz Höhe 158cm Länge 200cm Tiefe 69cm Garantie 2 Jahre Ertrag 75 % Leistung in kW 17 kW Heizvolumen 550 m3 Rauchabzug Oben Installation als Ventouse Nein Scheitlänge 100cm Fernbedienung Nein Energieklasse B Wassertank Nein L Durchmesser des Rauchaustritts 230mm",https://chaufobois.fr/product/poele-cheminee-meleze-4-17kw/,https://chaufobois.fr/wp-content/uploads/2022/11/2-4.png,"https://chaufobois.fr/wp-content/uploads/2022/11/3-2.png,https://chaufobois.fr/wp-content/uploads/2022/11/4-1.png",in stock,7009.00 EUR,,Chaufobois,CHB-3975,new,Home & Garden > Fireplaces,OFEN & KAMIN,
CHB-3974,Öko-Holzofen 11 kW,"Leistung: 11,5 kW Beheiztes korrigiertes Volumen: 180 bis 450 m3 Scheite bis 55 cm Holzlager + Ofen H 113,2 x L 67 x T 39,5 cm Körper aus Stahl, Ofen, Tür und Oberseite aus Gusseisen Manuelle Regulierung Rauchabzug von hinten oder oben Ø 153 mm Startdüse Die Marke Godin Im Jahr 1840 ersetzte Jean Baptiste André Godin den traditionellen Blechofen durch einen emaillierten Gusseisenofen. Heute ist Godin ein allgemeiner, beliebter Name, der für hochwertiges Heizen steht. Die Produktion erfolgt in Frankreich, das Unternehmen behält seine beiden Gießereien in Guise in Hauts-de-France. Wie das vom Markengründer entworfene Petit Godin verdanken die Produkte ihre Qualität der Beherrschung des Gusseisens. Technische Eigenschaften Gewicht 146 kg Marke Godin Treibstoff Holz Höhe 44 Zoll Länge 67cm Tiefe 39,5 cm Ertrag 75,8 % Leistung in kW 11 kW Heizvolumen 450 m3 Grüne Flamme 7 Installation als Ventouse Nein Fernbedienung Nein Energieklasse A Wassertank Nein L Leistung: 11,5 kW Beheiztes korrigiertes Volumen: 180 bis 450 m3 Scheite bis 55 cm Holzlager + Ofen H 113,2 x L 67 x T 39,5 cm Körper aus Stahl, Ofen, Tür und Oberseite aus Gusseisen Manuelle Regulierung Rauchabzug von hinten oder oben Ø 153 mm Startdüse Die Marke Godin Im Jahr 1840 ersetzte Jean Baptiste André Godin den traditionellen Blechofen durch einen emaillierten Gusseisenofen. Heute ist Godin ein allgemeiner, beliebter Name, der für hochwertiges Heizen steht. Die Produktion erfolgt in Frankreich, das Unternehmen behält seine beiden Gießereien in Guise in Hauts-de-France. Wie das vom Markengründer entworfene Petit Godin verdanken die Produkte ihre Qualität der Beherrschung des Gusseisens. Leistung: 11,5 kW Beheiztes korrigiertes Volumen: 180 bis 450 m3 Scheite bis 55 cm Holzlager + Ofen H 113,2 x L 67 x T 39,5 cm Körper aus Stahl, Ofen, Tür und Oberseite aus Gusseisen Manuelle Regulierung Rauchabzug von hinten oder oben Ø 153 mm Startdüse Die Marke Godin Im Jahr 1840 ersetzte Jean Baptiste André Godin den traditionellen Blechofen durch einen emaillierten Gusseisenofen. Heute ist Godin ein allgemeiner, beliebter Name, der für hochwertiges Heizen steht. Die Produktion erfolgt in Frankreich, das Unternehmen behält seine beiden Gießereien in Guise in Hauts-de-France. Wie das vom Markengründer entworfene Petit Godin verdanken die Produkte ihre Qualität der Beherrschung des Gusseisens. Leistung: 11,5 kW Beheiztes korrigiertes Volumen: 180 bis 450 m3 Scheite bis 55 cm Holzlager + Ofen H 113,2 x L 67 x T 39,5 cm Körper aus Stahl, Ofen, Tür und Oberseite aus Gusseisen Manuelle Regulierung Rauchabzug von hinten oder oben Ø 153 mm Startdüse Leistung: 11,5 kW. Korrigiertes beheiztes Volumen: 180 bis 450 m3 Scheite bis 55 cm Scheite bis 55 cm Holzlager + Ofen Holzlager + Ofen H 113,2 x L 67 x T 39,5 cm Körper aus Stahl, Ofen, Tür und Oberseite aus Gusseisen Manuelle Regulierung Rauchabzug von hinten oder oben Ø 153 mm Startdüse Im Jahr 1840 ersetzte Jean Baptiste André Godin den traditionellen Blechofen durch einen emaillierten Gusseisenofen. Heute ist Godin ein allgemeiner, beliebter Name, der für hochwertiges Heizen steht. Die Produktion erfolgt in Frankreich, das Unternehmen behält seine beiden Gießereien in Guise in Hauts-de-France. Wie das vom Markengründer entworfene Petit Godin verdanken die Produkte ihre Qualität der Beherrschung des Gusseisens. Technische Eigenschaften Gewicht 146 kg Marke Godin Treibstoff Holz Höhe 44 Zoll Länge 67cm Tiefe 39,5 cm Ertrag 75,8 % Leistung in kW 11 kW Heizvolumen 450 m3 Grüne Flamme 7 Installation als Ventouse Nein Fernbedienung Nein Energieklasse A Wassertank Nein L Technische Eigenschaften Gewicht 146 kg Marke Godin Treibstoff Holz Höhe 44 Zoll Länge 67cm Tiefe 39,5 cm Ertrag 75,8 % Leistung in kW 11 kW Heizvolumen 450 m3 Grüne Flamme 7 Installation als Ventouse Nein Fernbedienung Nein Energieklasse A Wassertank Nein L Technische Eigenschaften Gewicht 146 kg Marke Godin Treibstoff Holz Höhe 44 Zoll Länge 67cm Tiefe 39,5 cm Ertrag 75,8 % Leistung in kW 11 kW Heizvolumen 450 m3 Grüne Flamme 7 Installation als Ventouse Nein Fernbedienung Nein Energieklasse A Wassertank Nein L",https://chaufobois.fr/product/poele-a-bois-eco-11kw/,https://chaufobois.fr/wp-content/uploads/2022/11/1-10.jpg,"https://chaufobois.fr/wp-content/uploads/2022/11/2-2.jpg,https://chaufobois.fr/wp-content/uploads/2022/11/3-4.jpg",in stock,1739.00 EUR,856.00 EUR,Chaufobois,CHB-3974,new,Home & Garden > Fireplaces,OFEN & KAMIN,
CHB-3973,Marlena 9 kW Holzofen,"Die Marke La Nordica La Nordica ist eine italienische Marke, die 1968 gegründet wurde und in 50 Ländern weltweit vertrieben wird. Ständige Produktforschung und Innovation der Marke sind die Garantie für ein zuverlässiges Heizsystem. Es bietet eine breite Palette fortschrittlicher und abwechslungsreicher Produkte, die an jeden Geschmack und Bedarf angepasst sind: von klassisch bis rustikal, einschließlich modernerer Linien. La Nordica bietet das Beste des Made in Italy: Qualität der Materialien, Präzision der Produktion und große Liebe zum Design. Technische Eigenschaften Gewicht 140 kg Marke La Nordica Farbe Schwarz Treibstoff Holz Höhe 106cm Länge 46,5 cm Tiefe 47,5 cm Garantie 2 Jahre Ertrag 86,5 % Leistung in kW 9 kW Heizvolumen 215 m3 Rauchabzug Hinten Installation als Ventouse Nein Fernbedienung Nein Energieklasse A+ Wassertank Nein L Durchmesser des Rauchaustritts 130mm Abschluss Schwarz Die Marke La Nordica La Nordica ist eine italienische Marke, die 1968 gegründet wurde und in 50 Ländern weltweit vertrieben wird. Ständige Produktforschung und Innovation der Marke sind die Garantie für ein zuverlässiges Heizsystem. Es bietet eine breite Palette fortschrittlicher und abwechslungsreicher Produkte, die an jeden Geschmack und Bedarf angepasst sind: von klassisch bis rustikal, einschließlich modernerer Linien. La Nordica bietet das Beste des Made in Italy: Qualität der Materialien, Präzision der Produktion und große Liebe zum Design. Die Marke La Nordica La Nordica ist eine italienische Marke, die 1968 gegründet wurde und in 50 Ländern weltweit vertrieben wird. Ständige Produktforschung und Innovation der Marke sind die Garantie für ein zuverlässiges Heizsystem. Es bietet eine breite Palette fortschrittlicher und abwechslungsreicher Produkte, die an jeden Geschmack und Bedarf angepasst sind: von klassisch bis rustikal, einschließlich modernerer Linien. La Nordica bietet das Beste des Made in Italy: Qualität der Materialien, Präzision der Produktion und große Liebe zum Design. La Nordica ist eine italienische Marke, die 1968 gegründet wurde und in 50 Ländern weltweit vertrieben wird. Ständige Produktforschung und Innovation der Marke sind die Garantie für ein zuverlässiges Heizsystem. Es bietet eine breite Palette fortschrittlicher und abwechslungsreicher Produkte, die an jeden Geschmack und Bedarf angepasst sind: von klassisch bis rustikal, einschließlich modernerer Linien. La Nordica bietet das Beste des Made in Italy: Qualität der Materialien, Präzision der Produktion und große Liebe zum Design. Technische Eigenschaften Gewicht 140 kg Marke La Nordica Farbe Schwarz Treibstoff Holz Höhe 106cm Länge 46,5 cm Tiefe 47,5 cm Garantie 2 Jahre Ertrag 86,5 % Leistung in kW 9 kW Heizvolumen 215 m3 Rauchabzug Hinten Installation als Ventouse Nein Fernbedienung Nein Energieklasse A+ Wassertank Nein L Durchmesser des Rauchaustritts 130mm Abschluss Schwarz Technische Eigenschaften Gewicht 140 kg Marke La Nordica Farbe Schwarz Treibstoff Holz Höhe 106cm Länge 46,5 cm Tiefe 47,5 cm Garantie 2 Jahre Ertrag 86,5 % Leistung in kW 9 kW Heizvolumen 215 m3 Rauchabzug Hinten Installation als Ventouse Nein Fernbedienung Nein Energieklasse A+ Wassertank Nein L Durchmesser des Rauchaustritts 130mm Abschluss Schwarz Technische Eigenschaften Gewicht 140 kg Marke La Nordica Farbe Schwarz Treibstoff Holz Höhe 106cm Länge 46,5 cm Tiefe 47,5 cm Garantie 2 Jahre Ertrag 86,5 % Leistung in kW 9 kW Heizvolumen 215 m3 Rauchabzug Hinten Installation als Ventouse Nein Fernbedienung Nein Energieklasse A+ Wassertank Nein L Durchmesser des Rauchaustritts 130mm Abschluss Schwarz",https://chaufobois.fr/product/poele-a-bois-marlena-9kw/,https://chaufobois.fr/wp-content/uploads/2022/11/2-3.png,https://chaufobois.fr/wp-content/uploads/2022/11/3-1.png,in stock,1296.00 EUR,796.00 EUR,Chaufobois,CHB-3973,new,Home & Garden > Fireplaces,OFEN & KAMIN,
CHB-3972,Talisman Godin 7 kW Holzofen,"Talisman: ein Holzofen mit modernem Design, hergestellt in Frankreich Die schlanke, moderne Silhouette des Talisman-Holzofens wird Sie nicht gleichgültig lassen! Dieser in Frankreich hergestellte Godin-Ofen zeichnet sich durch optimale Leistung und ein hochmodernes Design aus, das eine harmonische Integration in alle Innenräume garantiert. Der Holzofen Talisman verfügt über eine Leistung von 7 kW und einen Wirkungsgrad von 76 %, sodass er ein Volumen von bis zu 96 m² beheizen kann. Die Zusammensetzung aus Gusseisen (Verkleidung und Feuerstelle) ist ein Pluspunkt für die Speicherung und gleichmäßige Verteilung der erzeugten Wärme, auch nach dem Erlöschen des Feuers! Mit seiner großen Größe (H112*Ø 42 cm – Feuerstelle bietet Platz für Holzscheite bis zu 33 cm) ermöglicht Ihnen das runde Glas dieses Ofens, authentische Flammen zu bewundern und dem angenehmen Knistern des Holzes zu lauschen. Die Stärken Französische Herstellung Heizvolumen: von 36 bis 96 m² / 90 bis 240 m3 Verkleidung und Ofen aus Gusseisen Holzscheite bis 33 cm Harmonische Integration in alle Arten von Innenräumen Modernes Design: rundes Fenster Energieklasse: A Garantie: 6 Jahre Über den Holzofen Talisman Godin Hervorragende Wärmeleitfähigkeit Der Talisman-Holzofen verfügt über eine Einfassung und Feuerstelle aus Gusseisen. Dieses Material ist hinsichtlich Robustheit und Wärmediffusion ideal. Gusseisen bietet eine hervorragende Wärmeleitfähigkeit und eine hohe Trägheit. Die beim Verbrennen von Holz entstehende Wärme wird in Gusseisen gespeichert. Anschließend wird es in Ihrem Wohnzimmer optimal wiederhergestellt. Die Wärmeverteilung erfolgt langsam und hält auch nach dem Erlöschen des Feuers an. Temperaturkontrolle Der Godin Talisman-Ofen ist mit einem manuellen Temperaturregulierungssystem ausgestattet. Die Temperaturkontrolle wird dadurch vereinfacht. Mit der Luftregulierung können Sie die von Ihrem Holzofen in Ihrem Wohnzimmer abgegebene Wärme modulieren. Komfort bei der Nutzung Legen Sie einfach bis zu 33 cm lange Holzscheite oder Briketts in den Kamin Ihres Ofens und genießen Sie schöne Flammen und sanfte, gleichmäßige Wärme in Ihrem Zuhause. Französische Qualität Godin ist der Maßstab für in Frankreich hergestellte Holzöfen. Der Talisman-Ofen ist mit seinem hohen Verarbeitungsniveau keine Ausnahme: Sorgfältig integrierter Metallgriff Verkleidung und Ofen aus Gusseisen Edle anthrazitschwarze Beschichtung Sauberes Design Zusätzliche Informationen Höhe 112 cm – Durchmesser 42 cm Startdüse Ø 150/153 mm außen Abstand zum Boden über der hinteren Startdüse: 79,2 cm Entspricht der Norm NF EN 13240 Die Marke Godin Im Jahr 1840 ersetzte Jean Baptiste André Godin den traditionellen Blechofen durch einen emaillierten Gusseisenofen. Heute ist Godin ein allgemeiner, beliebter Name, der für hochwertiges Heizen steht. Die Produktion erfolgt in Frankreich, das Unternehmen behält seine beiden Gießereien in Guise in Hauts-de-France. Wie das vom Markengründer entworfene Petit Godin verdanken die Produkte ihre Qualität der Beherrschung des Gusseisens. Technische Eigenschaften Gewicht 125 kg Marke Godin Farbe Schwarz Treibstoff Holz Höhe 107cm Länge 42cm Tiefe 44cm Garantie 6 Jahre Ertrag 82,4 % Leistung in kW 7 kW Heizvolumen 240 m3 Rauchabzug Oben oder hinten Installation als Ventouse Nein Scheitlänge 33cm Fernbedienung Nein Energieklasse A Wassertank Nein L Durchmesser des Rauchaustritts 150mm Gerätetyp Holzofen Talisman: ein Holzofen mit modernem Design, hergestellt in Frankreich Die schlanke, moderne Silhouette des Talisman-Holzofens wird Sie nicht gleichgültig lassen! Dieser in Frankreich hergestellte Godin-Ofen zeichnet sich durch optimale Leistung und ein hochmodernes Design aus, das eine harmonische Integration in alle Innenräume garantiert. Der Holzofen Talisman verfügt über eine Leistung von 7 kW und einen Wirkungsgrad von 76 %, sodass er ein Volumen von bis zu 96 m² beheizen kann. Die Zusammensetzung aus Gusseisen (Verkleidung und Feuerstelle) ist ein Pluspunkt für die Speicherung und gleichmäßige Verteilung der erzeugten Wärme, auch nach dem Erlöschen des Feuers! Mit seiner großen Größe (H112*Ø 42 cm – Feuerstelle bietet Platz für Holzscheite bis zu 33 cm) ermöglicht Ihnen das runde Glas dieses Ofens, authentische Flammen zu bewundern und dem angenehmen Knistern des Holzes zu lauschen. Die Stärken Französische Herstellung Heizvolumen: von 36 bis 96 m² / 90 bis 240 m3 Verkleidung und Ofen aus Gusseisen Holzscheite bis 33 cm Harmonische Integration in alle Arten von Innenräumen Modernes Design: rundes Fenster Energieklasse: A Garantie: 6 Jahre Über den Holzofen Talisman Godin Hervorragende Wärmeleitfähigkeit Der Talisman-Holzofen verfügt über eine Einfassung und Feuerstelle aus Gusseisen. Dieses Material ist hinsichtlich Robustheit und Wärmediffusion ideal. Gusseisen bietet eine hervorragende Wärmeleitfähigkeit und eine hohe Trägheit. Die beim Verbrennen von Holz entstehende Wärme wird in Gusseisen gespeichert. Anschließend wird es in Ihrem Wohnzi",https://chaufobois.fr/product/poele-a-bois-talisman-godin-7kw/,https://chaufobois.fr/wp-content/uploads/2022/11/1-9.jpg,"https://chaufobois.fr/wp-content/uploads/2022/11/2-2.png,https://chaufobois.fr/wp-content/uploads/2022/11/3-3.jpg",in stock,929.00 EUR,485.00 EUR,Chaufobois,CHB-3972,new,Home & Garden > Fireplaces,OFEN & KAMIN,
CHB-3971,Petit Carvin 8 kW Holzofen,"Le Petit Carvin: ein Holzofen mit 100 % französischer Eleganz Der Petit Carvin hat die gleichen Vorteile wie sein großer Bruder, der Carvin-Holzofen. Mit seinem modernen Design und seiner emaillierten Oberfläche ist er nicht nur elegant, sondern bietet mit seinen 8 kW Leistung auch ein bemerkenswertes Leistungsniveau, mit dem er bis zu 180 m² heizen kann! Seine Benutzerfreundlichkeit wird durch eine doppelte Öffnung (seitlich und vorne), eine große Feuerstelle für Holzscheite bis zu 57 cm sowie das System zur Modulation der Flammenintensität verstärkt. Diese praktischen Funktionen ermöglichen je nach Bedarf eine bessere Temperaturkontrolle. Der Holzofen Petit Carvin fügt sich wunderbar in jedes Interieur ein und bringt Charakter, Eleganz und einen Hauch von Geselligkeit. Die Stärken Holzofen, hergestellt in Frankreich Heizvolumen: 80 bis 200 m² / 200 bis 450 m3 Verkleidung aus emailliertem Gusseisen Holzscheite bis 57 cm Laden von Scheiten von vorne oder von der Seite Traditionelles Design Harmonische Integration in alle Dekorationen Energieklasse: A Garantie: 6 Jahre Über den Petit Carvin Godin Holzofen Verstärkter thermischer Komfort Die Wärmeverteilung des Holzofens Petit Carvin wird durch seine Gusseisenzusammensetzung und sein System zur Regulierung der Flammenintensität verstärkt. Dieser in Frankreich hergestellte Ofen verkörpert das Know-how von Godin mit einem robusten und raffinierten Gusseisengehäuse. Gusseisen ist ein sehr beliebtes Heizmaterial, da es die erzeugte Wärme speichern und dauerhaft an Ihr Wohnzimmer abgeben kann, auch nachdem das Feuer erloschen ist. Auch die Verteilung der sanften Wärme ist einstellbar. Der Holzofen Petit Carvin ist mit einem Luftregulierungssystem ausgestattet, das die Intensität der Flamme verringert oder erhöht, um die abgegebene Temperatur präziser zu steuern. Optimaler Benutzerkomfort Der Godin Petit Carvin Ofen zeichnet sich durch optimalen Bedienkomfort aus. Holzscheite bis zu 57 cm können durch das große Frontfenster oder durch die Seitentür geladen werden. Diese doppelte Beladung bietet eine größere Praktikabilität in der Anwendung. Französische Qualität Le Petit Carvin vereint Moderne und Tradition: Sauber integrierte Goldgriffe Verkleidung aus emailliertem Gusseisen Raffinierter Bezug in 6 Farben erhältlich Traditionelles Design Weitblick auf die Flammen Zusätzliche Informationen zum Godin PETIT CARVIN-Ofen Startdüse Ø 153 mm innen, 180 mm außen. Abstand vom Boden über der Startdüse: 66,5 cm Front- und Seitenbeladung Thermostatische Regelung Entspricht der Norm NF EN 13240 Die Marke Godin Im Jahr 1840 ersetzte Jean Baptiste André Godin den traditionellen Blechofen durch einen emaillierten Gusseisenofen. Heute ist Godin ein allgemeiner, beliebter Name, der für hochwertiges Heizen steht. Die Produktion erfolgt in Frankreich, das Unternehmen behält seine beiden Gießereien in Guise in Hauts-de-France. Wie das vom Markengründer entworfene Petit Godin verdanken die Produkte ihre Qualität der Beherrschung des Gusseisens. Technische Eigenschaften Gewicht 150 kg Marke Godin Treibstoff Holz Höhe 78,5 cm Länge 70cm Tiefe 46cm Garantie 6 Jahre Ertrag 76,26 % Leistung in kW 8 kW Heizvolumen 450 m3 Rauchabzug Oben oder hinten Staubemission 58 mg/m3 Installation als Ventouse Nein Scheitlänge 57cm Fernbedienung Nein Energieklasse A Wassertank Nein L Durchmesser des Rauchaustritts 180mm Le Petit Carvin: ein Holzofen mit 100 % französischer Eleganz Der Petit Carvin hat die gleichen Vorteile wie sein großer Bruder, der Carvin-Holzofen. Mit seinem modernen Design und seiner emaillierten Oberfläche ist er nicht nur elegant, sondern bietet mit seinen 8 kW Leistung auch ein bemerkenswertes Leistungsniveau, mit dem er bis zu 180 m² heizen kann! Seine Benutzerfreundlichkeit wird durch eine doppelte Öffnung (seitlich und vorne), eine große Feuerstelle für Holzscheite bis zu 57 cm sowie das System zur Modulation der Flammenintensität verstärkt. Diese praktischen Funktionen ermöglichen je nach Bedarf eine bessere Temperaturkontrolle. Der Holzofen Petit Carvin fügt sich wunderbar in jedes Interieur ein und bringt Charakter, Eleganz und einen Hauch von Geselligkeit. Die Stärken Holzofen, hergestellt in Frankreich Heizvolumen: 80 bis 200 m² / 200 bis 450 m3 Verkleidung aus emailliertem Gusseisen Holzscheite bis 57 cm Laden von Scheiten von vorne oder von der Seite Traditionelles Design Harmonische Integration in alle Dekorationen Energieklasse: A Garantie: 6 Jahre Über den Petit Carvin Godin Holzofen Verstärkter thermischer Komfort Die Wärmeverteilung des Holzofens Petit Carvin wird durch seine Gusseisenzusammensetzung und sein System zur Regulierung der Flammenintensität verstärkt. Dieser in Frankreich hergestellte Ofen verkörpert das Know-how von Godin mit einem robusten und raffinierten Gusseisengehäuse. Gusseisen ist ein sehr beliebtes Heizmaterial, da es die erzeugte Wärme speichern und dauerhaft an Ihr Wohnzimmer abgeben kann, auch nachdem das Feuer erloschen ist. Auch die Vertei",https://chaufobois.fr/product/poele-a-bois-petit-carvin-8kw/,https://chaufobois.fr/wp-content/uploads/2022/11/1-8.jpg,"https://chaufobois.fr/wp-content/uploads/2022/11/2-1.png,https://chaufobois.fr/wp-content/uploads/2022/11/3-2.jpg",in stock,1484.00 EUR,850.00 EUR,Chaufobois,CHB-3971,new,Home & Garden > Fireplaces,OFEN & KAMIN,
CHB-3970,"Chamonix XXL Holzofen, Keramikdekor, Messingtür, 12 kW","Chamonix XXL Holzofen Keramikdekor Messingtür Technische Eigenschaften Bezeichnung Wert Macht 12 kW Scheite 60cm Abmessungen des Ofens H 120,2 x B 83,2 x T 50 cm Abmessungen des Kamins L 60 cm x H 30 cm x T 25 cm CO-Emissionen 0,15 % (bei 13 % O2) Laden Vorher Ertrag 71 % Korrigiertes beheiztes Volumen 180 bis 450 m3 Startdüse Ø180mm Rauchabgang hinten oder oben Anziehen Feuerstelle aus Stahl, Gusseisen und Ziegeln Abstand vom Boden über der Startdüse 112,3 cm Option inklusive Fenster reinigen Tempoanpassung Thermostatisch Durchschnittliche Rauchtemperatur 373°C Optional Glastür für den Pizzaofen (hier) Die Marke Godin Im Jahr 1840 ersetzte Jean Baptiste André Godin den traditionellen Blechofen durch einen emaillierten Gusseisenofen. Heute ist Godin ein allgemeiner, beliebter Name, der für hochwertiges Heizen steht. Die Produktion erfolgt in Frankreich, das Unternehmen behält seine beiden Gießereien in Guise in Hauts-de-France. Wie das vom Markengründer entworfene Petit Godin verdanken die Produkte ihre Qualität der Beherrschung des Gusseisens. Technische Eigenschaften Gewicht 270 kg Marke Godin Treibstoff Holz Höhe 47 Zoll Länge 83,2 cm Tiefe 50cm Ertrag 77,9 % Leistung in kW 12 kW Heizvolumen 450 m3 Rauchabzug Oben oder hinten Grüne Flamme 7 Installation als Ventouse Nein Scheitlänge 60cm Fernbedienung Nein Energieklasse A Wassertank Nein L Durchmesser des Rauchaustritts 180mm Chamonix XXL Holzofen Keramikdekor Messingtür Technische Eigenschaften Bezeichnung Wert Macht 12 kW Scheite 60cm Abmessungen des Ofens H 120,2 x B 83,2 x T 50 cm Abmessungen des Kamins L 60 cm x H 30 cm x T 25 cm CO-Emissionen 0,15 % (bei 13 % O2) Laden Vorher Ertrag 71 % Korrigiertes beheiztes Volumen 180 bis 450 m3 Startdüse Ø180mm Rauchabgang hinten oder oben Anziehen Feuerstelle aus Stahl, Gusseisen und Ziegeln Abstand vom Boden über der Startdüse 112,3 cm Option inklusive Fenster reinigen Tempoanpassung Thermostatisch Durchschnittliche Rauchtemperatur 373°C Optional Glastür für den Pizzaofen (hier) Die Marke Godin Im Jahr 1840 ersetzte Jean Baptiste André Godin den traditionellen Blechofen durch einen emaillierten Gusseisenofen. Heute ist Godin ein allgemeiner, beliebter Name, der für hochwertiges Heizen steht. Die Produktion erfolgt in Frankreich, das Unternehmen behält seine beiden Gießereien in Guise in Hauts-de-France. Wie das vom Markengründer entworfene Petit Godin verdanken die Produkte ihre Qualität der Beherrschung des Gusseisens. Chamonix XXL Holzofen Keramikdekor Messingtür Technische Eigenschaften Bezeichnung Wert Macht 12 kW Scheite 60cm Abmessungen des Ofens H 120,2 x B 83,2 x T 50 cm Abmessungen des Kamins L 60 cm x H 30 cm x T 25 cm CO-Emissionen 0,15 % (bei 13 % O2) Laden Vorher Ertrag 71 % Korrigiertes beheiztes Volumen 180 bis 450 m3 Startdüse Ø180mm Rauchabgang hinten oder oben Anziehen Feuerstelle aus Stahl, Gusseisen und Ziegeln Abstand vom Boden über der Startdüse 112,3 cm Option inklusive Fenster reinigen Tempoanpassung Thermostatisch Durchschnittliche Rauchtemperatur 373°C Optional Glastür für den Pizzaofen (hier) Die Marke Godin Im Jahr 1840 ersetzte Jean Baptiste André Godin den traditionellen Blechofen durch einen emaillierten Gusseisenofen. Heute ist Godin ein allgemeiner, beliebter Name, der für hochwertiges Heizen steht. Die Produktion erfolgt in Frankreich, das Unternehmen behält seine beiden Gießereien in Guise in Hauts-de-France. Wie das vom Markengründer entworfene Petit Godin verdanken die Produkte ihre Qualität der Beherrschung des Gusseisens. Chamonix XXL Holzofen Keramikdekor Messingtür Technische Eigenschaften Bezeichnung Wert Macht 12 kW Scheite 60cm Abmessungen des Ofens H 120,2 x B 83,2 x T 50 cm Abmessungen des Kamins L 60 cm x H 30 cm x T 25 cm CO-Emissionen 0,15 % (bei 13 % O2) Laden Vorher Ertrag 71 % Korrigiertes beheiztes Volumen 180 bis 450 m3 Startdüse Ø180mm Rauchabgang hinten oder oben Anziehen Feuerstelle aus Stahl, Gusseisen und Ziegeln Abstand vom Boden über der Startdüse 112,3 cm Option inklusive Fenster reinigen Tempoanpassung Thermostatisch Durchschnittliche Rauchtemperatur 373°C Optional Glastür für den Pizzaofen (hier) Bezeichnung Wert Macht 12 kW Scheite 60cm Abmessungen des Ofens H 120,2 x B 83,2 x T 50 cm Abmessungen des Kamins L 60 cm x H 30 cm x T 25 cm CO-Emissionen 0,15 % (bei 13 % O2) Laden Vorher Ertrag 71 % Korrigiertes beheiztes Volumen 180 bis 450 m3 Startdüse Ø180mm Rauchabgang hinten oder oben Anziehen Feuerstelle aus Stahl, Gusseisen und Ziegeln Abstand vom Boden über der Startdüse 112,3 cm Option inklusive Fenster reinigen Tempoanpassung Thermostatisch Durchschnittliche Rauchtemperatur 373°C Optional Glastür für den Pizzaofen (hier) Im Jahr 1840 ersetzte Jean Baptiste André Godin den traditionellen Blechofen durch einen emaillierten Gusseisenofen. Heute ist Godin ein allgemeiner, beliebter Name, der für hochwertiges Heizen steht. Die Produktion erfolgt in Frankreich, das Unternehmen behält seine beiden Gießereien in Guise in Hauts-de-France. Wie das vo",https://chaufobois.fr/product/poele-a-bois-chamonix-xxl-decor-ceramique-porte-laitonnee-12kw/,https://chaufobois.fr/wp-content/uploads/2022/11/1-6.jpg,"https://chaufobois.fr/wp-content/uploads/2022/11/1-7.jpg,https://chaufobois.fr/wp-content/uploads/2022/11/3-1.jpg",in stock,3035.00 EUR,1500.00 EUR,Chaufobois,CHB-3970,new,Home & Garden > Fireplaces,OFEN & KAMIN,
CHB-3969,"Gaia Forno 7,3 kW Holzofen","Gaia Forno Holzofen: Wichtige Informationen Lassen Sie Ihre Gerichte köcheln und genießen Sie dabei die sanfte und gleichmäßige Wärme, die der Gaia-Holzofen mit integriertem Backofen ausstrahlt. Seine Leistung von 7,3 kW und sein Wirkungsgrad von 82 % ermöglichen die Beheizung von fast 70 m² (oder 172 m3). Die Oberflächen des Holzofens Gaia Forno wurden so konzipiert, dass seine Heizleistung verbessert wird: Die gusseiserne Feuerstelle und die Steingutabdeckung tragen zu einer besseren und längeren Wärmeverteilung in Ihrem Raum bei, selbst wenn das Feuer erloschen ist. In puncto Design verleihen ihm seine schlanke Silhouette und sein Steingut einen modernen Look, der sich harmonisch in alle Innenräume einfügt. Die Stärken Feuerstelle aus Gusseisen mit Nachverbrennungssystem Außenverkleidung aus Steingut Tür aus emailliertem Gusseisen Emaillierter 19-l-Ofen Keramikglas, beständig bis 750 °C Doppelte Verbrennung mit dem PCS-System – Kraftstoff sparen Dieses Modell ist mit dem PCS (Post Combustion System) ausgestattet. Um zu funktionieren, benötigt das Feuer Verbrennungsluft, die das Brennen des Holzscheits ermöglicht. Die Gase der ersten Verbrennung werden verbrannt und ermöglichen dank einer zweiten Luftzufuhr eine vollständigere Verbrennung des Holzscheits. Durch die doppelte Verbrennung können Sie die Verstopfung Ihres Holzofens reduzieren, aber auch weniger Holz verbrauchen und so mehr Geld sparen. Einbaubackofen Dieser Holzofen verfügt über einen eingebauten Ofen über der Feuerstelle. Erleben Sie die Tradition des Kochens über dem Holzfeuer wieder, indem Sie Ihre Gerichte köcheln lassen! Mit dem Ofenthermometer können Sie das Garen all Ihrer Speisen perfekt steuern! Benutzerfreundlichkeit und Wartung Ausgestattet mit dem Clean Glass Control (CGC)-System wird das Verstopfen der Kaminscheibe erheblich verlangsamt, was dank eines speziellen vorgewärmten Luftwegs die Reinigung erleichtert. Dank der ausziehbaren Schublade und des Rosts ist die Reinigung der Asche einfach: Sammeln Sie schnell die Rückstände Ihrer Brennstoffe! Die Reinigung dieses mit Steingut beschichteten Ofens ist sehr einfach: Sie müssen lediglich ein weiches, trockenes Tuch verwenden. Für die Gusseisenteile verwenden Sie einfach Ihre üblichen Reinigungsmittel. Achten Sie jedoch darauf, dass es sich nicht um aggressive und/oder scheuernde Produkte handelt. Um die Lebensdauer Ihres Ofens zu verlängern und seine einwandfreie Funktion sicherzustellen, ist es notwendig, ihn zweimal im Jahr zu fegen. Robust und modern Dieser mit Steingut verkleidete 133 kg schwere Ofen ist robust und auf Langlebigkeit ausgelegt. Dank seines Gusseisenherds und seines bis zu 750 °C beständigen Keramikglases ist er besonders hitzebeständig. Die Marke La Nordica La Nordica ist eine italienische Marke, die 1968 gegründet wurde und in 50 Ländern weltweit vertrieben wird. Ständige Produktforschung und Innovation der Marke sind die Garantie für ein zuverlässiges Heizsystem. Es bietet eine breite Palette fortschrittlicher und abwechslungsreicher Produkte, die an jeden Geschmack und Bedarf angepasst sind: von klassisch bis rustikal, einschließlich modernerer Linien. La Nordica bietet das Beste des Made in Italy: Qualität der Materialien, Präzision der Produktion und große Liebe zum Design. Technische Eigenschaften Gewicht 186 kg Marke La Nordica Treibstoff Holz Höhe 52"" Länge 49,5 cm Tiefe 46,8 cm Garantie 2 Jahre Ertrag 82 % Leistung in kW 7 kW Heizvolumen 172 m3 Rauchabzug Oben Installation als Ventouse Nein Scheitlänge 30cm Fernbedienung Nein Energieklasse A+ Wassertank Nein L Durchmesser des Rauchaustritts 120mm Gerätetyp Holzofen Gaia Forno Holzofen: Wichtige Informationen Lassen Sie Ihre Gerichte köcheln und genießen Sie dabei die sanfte und gleichmäßige Wärme, die der Gaia-Holzofen mit integriertem Backofen ausstrahlt. Seine Leistung von 7,3 kW und sein Wirkungsgrad von 82 % ermöglichen die Beheizung von fast 70 m² (oder 172 m3). Die Oberflächen des Holzofens Gaia Forno wurden so konzipiert, dass seine Heizleistung verbessert wird: Die gusseiserne Feuerstelle und die Steingutabdeckung tragen zu einer besseren und längeren Wärmeverteilung in Ihrem Raum bei, selbst wenn das Feuer erloschen ist. In puncto Design verleihen ihm seine schlanke Silhouette und sein Steingut einen modernen Look, der sich harmonisch in alle Innenräume einfügt. Die Stärken Feuerstelle aus Gusseisen mit Nachverbrennungssystem Außenverkleidung aus Steingut Tür aus emailliertem Gusseisen Emaillierter 19-l-Ofen Keramikglas, beständig bis 750 °C Doppelte Verbrennung mit dem PCS-System – Kraftstoff sparen Dieses Modell ist mit dem PCS (Post Combustion System) ausgestattet. Um zu funktionieren, benötigt das Feuer Verbrennungsluft, die das Brennen des Holzscheits ermöglicht. Die Gase der ersten Verbrennung werden verbrannt und ermöglichen dank einer zweiten Luftzufuhr eine vollständigere Verbrennung des Holzscheits. Durch die doppelte Verbrennung können Sie die Verstopfung Ihres Holzofens reduzieren,",https://chaufobois.fr/product/poele-a-bois-gaia-forno-7-3kw/,https://chaufobois.fr/wp-content/uploads/2022/11/1-5.jpg,"https://chaufobois.fr/wp-content/uploads/2022/11/2-1.jpg,https://chaufobois.fr/wp-content/uploads/2022/11/3.jpg,https://chaufobois.fr/wp-content/uploads/2022/11/4-1.jpg",in stock,2019.00 EUR,1009.00 EUR,Chaufobois,CHB-3969,new,Home & Garden > Fireplaces,OFEN & KAMIN,
CHB-3968,Isotta Evo 12 kW Holzofen,"Holzofen Isotta Evo: Wichtige Informationen Der Holzofen Isotta Evo ist die ideale Heizlösung für ausreichend Heizung den ganzen Winter über. Seine Heizkapazität von 338 m3 und sein hervorragender Wirkungsgrad von 82 % machen ihn zu einem der derzeit beliebtesten Holzheizgeräte. Sein bogenförmiges Fenster bietet einen schönen Blick auf die Flammen und unterstreicht das traditionelle Design dieses Ofens. Seine Farbe „Anthrazitschwarz“ ist repräsentativ für das Gusseisen, aus dem dieses effiziente und leistungsstarke Modell gefertigt wurde. Die Stärken Erhitzt bis zu 338 m3 Geringer Holzverbrauch: 82 % Ausbeute Emaillierte Bratpfanne aus Gusseisen Vordere und seitliche Ladetür Feuerstelle aus Gusseisen mit Nachverbrennungssystem Große Feuerstelle: Holzscheite bis 50 cm Integrierter Aschenbecher Keramikglas, beständig bis 750° Über den Holzofen Isotta Evo Hervorragende Wärmeleitfähigkeit Der Holzofen Isotta Evo verfügt über eine Verkleidung und einen Ofen aus Gusseisen. Dieses Material ist hinsichtlich Robustheit und Wärmediffusion ideal. Gusseisen bietet eine hervorragende Wärmeleitfähigkeit und eine hohe Trägheit. Die beim Verbrennen von Holz entstehende Wärme wird in Gusseisen gespeichert. Anschließend wird es in Ihrem Wohnzimmer optimal wiederhergestellt. Die Wärmeverteilung erfolgt langsam und hält auch nach dem Erlöschen des Feuers an. Qualität und Design Die Qualität des Ofens ist bis ins kleinste Detail durchdacht: Emailliertes Gusseisen Unsichtbare Schweißnähte Sorgfältig integrierte Griffe Abgerundete Ecken an Tür und Fenster Bearbeitetes Gusseisenmuster Erhöhter Bedienkomfort Gusseisen ist eines der stärksten Materialien. Richtig eingesetzt sorgt es für eine nahezu unbegrenzte Lebensdauer des Holzofens. Diese zeitlose Legierung hat den Vorteil, dass sie nur minimalen Wartungsaufwand erfordert. Die Marke La Nordica La Nordica ist eine italienische Marke, die 1968 gegründet wurde und in 50 Ländern weltweit vertrieben wird. Ständige Produktforschung und Innovation der Marke sind die Garantie für ein zuverlässiges Heizsystem. Es bietet eine breite Palette fortschrittlicher und abwechslungsreicher Produkte, die an jeden Geschmack und Bedarf angepasst sind: von klassisch bis rustikal, einschließlich modernerer Linien. La Nordica bietet das Beste des Made in Italy: Qualität der Materialien, Präzision der Produktion und große Liebe zum Design. Technische Eigenschaften Gewicht 205 kg Marke La Nordica Farbe Schwarz Treibstoff Holz Höhe 77,5 cm Länge 79cm Tiefe 66cm Garantie 2 Jahre Ertrag 82 % Leistung in kW 12 kW Heizvolumen 338 m3 Rauchabzug Oben oder hinten Installation als Ventouse Nein Scheitlänge 50cm Fernbedienung Nein Energieklasse A+ Wassertank Nein L Durchmesser des Rauchaustritts 150mm Abschluss Kohle Gerätetyp Holzofen Holzofen Isotta Evo: Wichtige Informationen Der Holzofen Isotta Evo ist die ideale Heizlösung für ausreichend Heizung den ganzen Winter über. Seine Heizkapazität von 338 m3 und sein hervorragender Wirkungsgrad von 82 % machen ihn zu einem der derzeit beliebtesten Holzheizgeräte. Sein bogenförmiges Fenster bietet einen schönen Blick auf die Flammen und unterstreicht das traditionelle Design dieses Ofens. Seine Farbe „Anthrazitschwarz“ ist repräsentativ für das Gusseisen, aus dem dieses effiziente und leistungsstarke Modell gefertigt wurde. Die Stärken Erhitzt bis zu 338 m3 Geringer Holzverbrauch: 82 % Ausbeute Emaillierte Bratpfanne aus Gusseisen Vordere und seitliche Ladetür Feuerstelle aus Gusseisen mit Nachverbrennungssystem Große Feuerstelle: Holzscheite bis 50 cm Integrierter Aschenbecher Keramikglas, beständig bis 750° Über den Holzofen Isotta Evo Hervorragende Wärmeleitfähigkeit Der Holzofen Isotta Evo verfügt über eine Verkleidung und einen Ofen aus Gusseisen. Dieses Material ist hinsichtlich Robustheit und Wärmediffusion ideal. Gusseisen bietet eine hervorragende Wärmeleitfähigkeit und eine hohe Trägheit. Die beim Verbrennen von Holz entstehende Wärme wird in Gusseisen gespeichert. Anschließend wird es in Ihrem Wohnzimmer optimal wiederhergestellt. Die Wärmeverteilung erfolgt langsam und hält auch nach dem Erlöschen des Feuers an. Qualität und Design Die Qualität des Ofens ist bis ins kleinste Detail durchdacht: Emailliertes Gusseisen Unsichtbare Schweißnähte Sorgfältig integrierte Griffe Abgerundete Ecken an Tür und Fenster Bearbeitetes Gusseisenmuster Erhöhter Bedienkomfort Gusseisen ist eines der stärksten Materialien. Richtig eingesetzt sorgt es für eine nahezu unbegrenzte Lebensdauer des Holzofens. Diese zeitlose Legierung hat den Vorteil, dass sie nur minimalen Wartungsaufwand erfordert. Die Marke La Nordica La Nordica ist eine italienische Marke, die 1968 gegründet wurde und in 50 Ländern weltweit vertrieben wird. Ständige Produktforschung und Innovation der Marke sind die Garantie für ein zuverlässiges Heizsystem. Es bietet eine breite Palette fortschrittlicher und abwechslungsreicher Produkte, die an jeden Geschmack und Bedarf angepasst sind: von klassisch bis rusti",https://chaufobois.fr/product/poele-a-bois-isotta-evo-12kw/,https://chaufobois.fr/wp-content/uploads/2022/11/1-2.jpg,"https://chaufobois.fr/wp-content/uploads/2022/11/2.jpg,https://chaufobois.fr/wp-content/uploads/2022/11/8-1.jpg",in stock,1279.00 EUR,780.00 EUR,Chaufobois,CHB-3968,new,Home & Garden > Fireplaces,OFEN & KAMIN,
CHB-1364,Edelstahl-Flexrohr für Holzofen ø180 x 7 m Poujoulat,"Artikeltyp Flexibel Marke Poujoulat Material Laminiertes Polyester (PES) Grundfarbe Grau Länge (mm) 70000 mm Durchmesser (mm) 180mm Menge pro Packung 1 Standard CE 0071 Nettogewicht (kg) 13,5 kg Produktreferenz 3417063498113",https://chaufobois.fr/product/flexible-de-poele-a-bois-inox-o180-x-7-m-poujoulat/,https://chaufobois.fr/wp-content/uploads/2022/09/Capture-decran-2022-09-04-183526.png,https://chaufobois.fr/wp-content/uploads/2022/09/Capture-decran-2022-09-04-183619.png,in stock,309.00 EUR,,Chaufobois,CHB-1364,new,Home & Garden > Fireplaces,Holzofenanschluss,
CHB-1350,Konisches Reduzierstück ø230-130 mm emailliert Poujoulat,Artikeltyp Rabatt Produktform Konisch Durchmesser (cm) 23cm Menge pro Packung 1 Produktreferenz 3417062854293,https://chaufobois.fr/product/reduction-conique-o230-130-mm-emaille-poujoulat/,https://chaufobois.fr/wp-content/uploads/2022/09/raccord-reduit-o230-150-inox-galva-vers-simple-paroi-inox-1.jpg,,in stock,89.00 EUR,,Chaufobois,CHB-1350,new,Home & Garden > Fireplaces,Holzofenanschluss,
CHB-1345,Konisches Reduzierstück 230 150 emailliert Poujoulat,Artikeltyp Rabatt Modellname/-nummer 230 150 emailliert Material Laminiertes Polyester (PES) Grundfarbe Grau Produktform Konisch Produktlänge 230mm Produkthöhe 160mm Durchmesser (cm) 23cm Menge pro Packung 1 Standard CE 0071-CPD-0013 Produktreferenz 3417062569913,https://chaufobois.fr/product/reduction-conique-230-150-email-poujoulat/,https://chaufobois.fr/wp-content/uploads/2022/09/raccord-reduit-o230-150-inox-galva-vers-simple-paroi-inox.jpg,,in stock,99.00 EUR,,Chaufobois,CHB-1345,new,Home & Garden > Fireplaces,Holzofenanschluss,
CHB-1342,OSAKA MODERN-ZEITGENÖSSISCH,"MESSUNGEN ABMESSUNGEN HxBxT 1205x514x460mm BRUTTO-/NETTOGEWICHT 129/123 kg HOLZ-EINGANGSTÜR 310×565mm RAUCHAUSLASS Ø 150-153 mm oben EIGENSCHAFTEN Gusseisengitter KRAFT 8 kW ERTRAG 78 % CO-EMISSION 0,10 % WIDERSTANDSFÄHIGE ANTI-HITZE-FARBE 800 °C WIDERSTANDSFÄHIGES VITROKERAMIK-GLAS 750 °C EAN 8426964183504 EAN 8426964183504 EAN 8426964183504",https://chaufobois.fr/product/osaka-modernes-contemporains/,https://chaufobois.fr/wp-content/uploads/2022/09/OSAKA-CATALOGO-WEB-3.png,https://chaufobois.fr/wp-content/uploads/2022/09/OSAKA-ECO.png,in stock,1319.00 EUR,,Chaufobois,CHB-1342,new,Home & Garden > Fireplaces,Holzofen,
CHB-1338,NEVADA MODERN-ZEITGENÖSSISCH,"ABMESSUNGEN HxBxT 1000x650x465mm BRUTTO-/NETTOGEWICHT 154/141 kg HOLZ-EINGANGSTÜR 410×585mm RAUCHAUSLASS Ø 150-153 mm oben EIGENSCHAFTEN Gusseisengitter PANORAMABLICK STAHLKÖRPER 5mm KRAFT 8,7 kW ERTRAG 77 % CO-EMISSION 0,10 % WIDERSTANDSFÄHIGE ANTI-HITZE-FARBE 800 °C WIDERSTANDSFÄHIGES VITROKERAMIK-GLAS 750 °C EAN 8426964185508 EAN 8426964185508 EAN 8426964185508",https://chaufobois.fr/product/nevada-modernes-contemporains/,https://chaufobois.fr/wp-content/uploads/2022/09/NEVADA-CATALOGO-WEB.png,,in stock,1226.00 EUR,1090.00 EUR,Chaufobois,CHB-1338,new,Home & Garden > Fireplaces,Holzofen,
CHB-1334,Panadero Suerte Ecodesign 8 kW Holzofen,"Artikeltyp Holzofen Marke Panadero Produktreihe 0 Modellname/-nummer Suerte Heizfläche 89m² Energieklasse A Berechtigt für MaPrimeRenov‘ Berechtigt Grünes Flammenetikett 7 Sterne Elektrische Leistung in Watt 8000W Material Stahl Kraftstoffart Holz Maximale Scheitlänge 50mm Maximaler Stammdurchmesser 50mm Höhe (cm) 99cm Breite (cm) 50cm Tiefe (cm) 44,5 cm Düsendurchmesser 150mm Position des Rauchabzugs Vorher Heizleistung 78,5 % Fensterreinigungssystem Fensterreinigungssystem Kohlenmonoxid-Emissionen Erfüllt die Kohlendioxid-Emissionsstandards Doppelte Verbrennung Doppelte Verbrennung Nettogewicht (kg) 122kg Produktreferenz 8426964181500",https://chaufobois.fr/product/poele-a-bois-panadero-suerte-ecodesign-8-kw/,https://chaufobois.fr/wp-content/uploads/2022/09/SUERTE-CATALOGO-WEB.png,,in stock,1449.00 EUR,,Chaufobois,CHB-1334,new,Home & Garden > Fireplaces,Holzofen,
CHB-1332,"Panadero Onix Ecodesign 7,1 kW Holzofen",Technische Spezifikationen Artikeltyp Holzofen Marke Panadero Modellname/-nummer Onix Heizfläche 80m² Energieklasse A Berechtigt für MaPrimeRenov‘ Berechtigt Grünes Flammenetikett 7 Sterne Elektrische Leistung in Watt 7100W Material Stahl Kraftstoffart Briketts und Holz Maximale Scheitlänge 500mm Höhe (cm) 81cm Breite (cm) 43cm Tiefe (cm) 43cm Düsendurchmesser 150mm Heizleistung 77 % Fensterreinigungssystem Fensterreinigungssystem Doppelte Verbrennung Doppelte Verbrennung Produktreferenz 8426964186956,https://chaufobois.fr/product/poele-a-bois-panadero-onix-ecodesign-7-1-kw/,https://chaufobois.fr/wp-content/uploads/2022/09/poele-a-bois-panadero.jpg,,in stock,899.00 EUR,795.00 EUR,Chaufobois,CHB-1332,new,Home & Garden > Fireplaces,Holzofen,
CHB-1328,"Panadero Mistral Trivision Holzofen 7,2 kW","Artikeltyp Holzofen Marke Panadero Produktreihe 0 Modellname/-nummer Mistral – Trivision Heizfläche 89m² Energieklasse A Berechtigt für MaPrimeRenov‘ Berechtigt Grünes Flammenetikett 7 Sterne Elektrische Leistung in Watt 7200 W Material Stahl Kraftstoffart Holz Maximale Scheitlänge 60mm Maximaler Stammdurchmesser 60mm Höhe (cm) 88,9 cm Breite (cm) 79,6 cm Tiefe (cm) 48,2 cm Düsendurchmesser 150mm Position des Rauchabzugs Vorher Heizleistung 77 % Fensterreinigungssystem Fensterreinigungssystem Kohlenmonoxid-Emissionen Entspricht den Kohlendioxidemissionsnormen Doppelte Verbrennung Doppelte Verbrennung Nettogewicht (kg) 160kg Produktreferenz 8426964112245",https://chaufobois.fr/product/poele-a-bois-panadero-mistral-trivision-72-kw/,https://chaufobois.fr/wp-content/uploads/2022/09/p.png,,in stock,1249.00 EUR,1100.00 EUR,Chaufobois,CHB-1328,new,Home & Garden > Fireplaces,Holzofen,
CHB-1318,Aduro 9.6 6 kW Holzofen,"Produktdetails Produktinformationen Aduro 9.6 6 kW Holzofen Geeignet für: 39-cm-Holzscheite Funktionen und Vorteile Der Aduro 9.6 ist ein einfacher und zeitloser Holzofen und verfügt über drei Glasseiten, damit Sie das Flammenballett optimal betrachten können. Dank unseres effizienten „Clean Window“-Systems bleiben die drei Fenster frei. Dieser Ofen ist mit einem Holzvorrat ausgestattet, der sich ideal zur Aufbewahrung Ihrer Holzscheite eignet. Rendite: 81,3 % Sauberes Glassystem Bis zu 40 % weniger Holzverbrauch Technische Spezifikationen Artikeltyp Holzofen Marke Aduro Modellname/-nummer 9.6 Heizfläche 140m² Energieklasse A+ Grünes Flammenetikett 7 Sterne Elektrische Leistung in Watt 6000W Kraftstoffart Holz Maximale Scheitlänge 390mm Höhe (cm) 90cm Breite (cm) 50cm Tiefe (cm) 44,7 cm Düsendurchmesser 150mm Kohlenmonoxid-Emissionen 0,100 Produktreferenz 5704065006490 Produktinformationen Aduro 9.6 6 kW Holzofen Geeignet für: 39-cm-Holzscheite Funktionen und Vorteile Der Aduro 9.6 ist ein einfacher und zeitloser Holzofen und verfügt über drei Glasseiten, damit Sie das Flammenballett optimal betrachten können. Dank unseres effizienten „Clean Window“-Systems bleiben die drei Fenster frei. Dieser Ofen ist mit einem Holzvorrat ausgestattet, der sich ideal zur Aufbewahrung Ihrer Holzscheite eignet. Rendite: 81,3 % Sauberes Glassystem Bis zu 40 % weniger Holzverbrauch Technische Spezifikationen Artikeltyp Holzofen Marke Aduro Modellname/-nummer 9.6 Heizfläche 140m² Energieklasse A+ Grünes Flammenetikett 7 Sterne Elektrische Leistung in Watt 6000W Kraftstoffart Holz Maximale Scheitlänge 390mm Höhe (cm) 90cm Breite (cm) 50cm Tiefe (cm) 44,7 cm Düsendurchmesser 150mm Kohlenmonoxid-Emissionen 0,100 Produktreferenz 5704065006490 Produktinformationen Aduro 9.6 6 kW Holzofen Geeignet für: 39-cm-Holzscheite Funktionen und Vorteile Der Aduro 9.6 ist ein einfacher und zeitloser Holzofen und verfügt über drei Glasseiten, damit Sie das Flammenballett optimal betrachten können. Dank unseres effizienten „Clean Window“-Systems bleiben die drei Fenster frei. Dieser Ofen ist mit einem Holzvorrat ausgestattet, der sich ideal zur Aufbewahrung Ihrer Holzscheite eignet. Rendite: 81,3 % Sauberes Glassystem Bis zu 40 % weniger Holzverbrauch Produktinformationen Aduro 9.6 6 kW Holzofen Geeignet für: 39-cm-Holzscheite Funktionen und Vorteile Der Aduro 9.6 ist ein einfacher und zeitloser Holzofen und verfügt über drei Glasseiten, damit Sie das Flammenballett optimal betrachten können. Dank unseres effizienten „Clean Window“-Systems bleiben die drei Fenster frei. Dieser Ofen ist mit einem Holzvorrat ausgestattet, der sich ideal zur Aufbewahrung Ihrer Holzscheite eignet. Rendite: 81,3 % Sauberes Glassystem Bis zu 40 % weniger Holzverbrauch Aduro 9.6 6 kW Holzofen Geeignet für: 39-cm-Holzscheite Funktionen und Vorteile Der Aduro 9.6 ist ein einfacher und zeitloser Holzofen und verfügt über drei Glasseiten, damit Sie das Flammenballett optimal betrachten können. Dank unseres effizienten „Clean Window“-Systems bleiben die drei Fenster frei. Dieser Ofen ist mit einem Holzvorrat ausgestattet, der sich ideal zur Aufbewahrung Ihrer Holzscheite eignet. Rendite: 81,3 % Sauberes Glassystem Bis zu 40 % weniger Holzverbrauch Geeignet für: 39-cm-Holzscheite Funktionen und Vorteile Der Aduro 9.6 ist ein einfacher und zeitloser Holzofen und verfügt über drei Glasseiten, damit Sie das Flammenballett optimal betrachten können. Dank unseres effizienten „Clean Window“-Systems bleiben die drei Fenster frei. Dieser Ofen ist mit einem Holzvorrat ausgestattet, der sich ideal zur Aufbewahrung Ihrer Holzscheite eignet. Rendite: 81,3 % Sauberes Glassystem Bis zu 40 % weniger Holzverbrauch Technische Spezifikationen Artikeltyp Holzofen Marke Aduro Modellname/-nummer 9.6 Heizfläche 140m² Energieklasse A+ Grünes Flammenetikett 7 Sterne Elektrische Leistung in Watt 6000W Kraftstoffart Holz Maximale Scheitlänge 390mm Höhe (cm) 90cm Breite (cm) 50cm Tiefe (cm) 44,7 cm Düsendurchmesser 150mm Kohlenmonoxid-Emissionen 0,100 Produktreferenz 5704065006490 Technische Spezifikationen Artikeltyp Holzofen Marke Aduro Modellname/-nummer 9.6 Heizfläche 140m² Energieklasse A+ Grünes Flammenetikett 7 Sterne Elektrische Leistung in Watt 6000W Kraftstoffart Holz Maximale Scheitlänge 390mm Höhe (cm) 90cm Breite (cm) 50cm Tiefe (cm) 44,7 cm Düsendurchmesser 150mm Kohlenmonoxid-Emissionen 0,100 Produktreferenz 5704065006490",https://chaufobois.fr/product/poele-a-bois-aduro-9-6-6-kw/,https://chaufobois.fr/wp-content/uploads/2022/09/po-le-bois-aduro-9-6-6-kw_5704065006490_01c_FR_CF.webp,,in stock,1090.00 EUR,,Chaufobois,CHB-1318,new,Home & Garden > Fireplaces,Holzofen,
CHB-1311,Invicta Balami 7 kW Holzofen,"Produktdetails Produktinformationen Invicta Balami 7 kW Holzofen Geeignet für: Holzscheite von max. 30 cm Sauberes Glassystem Funktionen und Vorteile Dieser schlichte und elegante INVICTA Balami-Holzofen ist ideal für Wohnzimmer bis zu 85 m². Es verfügt über eine gute Leistung, um ein warmes und komfortables Zuhause zu genießen und gleichzeitig Energie zu sparen. Ausbeute: 78 % Grüne Flamme: 7 Sterne Material: Gusseisen Ideal zum Heizen eines Raumes von 40 bis 85 m² Sorgt für eine hervorragende Wärmespeicherung, um diese mehrere Stunden lang sanft abzugeben Die doppelte Verbrennung verbessert die Effizienz des Ofens dank zweier Lufteinlässe, die eine bessere Verbrennung des Holzes ermöglichen Ermöglicht eine Energieeffizienz von mehr als 75 % und reduziert gleichzeitig den Ausstoß von Kohlenmonoxiden, Schadstoffen in Rauchkonzentrationen und feinen Partikeln Dieses System verhindert, dass sich während der Verbrennung Ruß auf dem Glas bildet, sodass Sie weniger Zeit für die Reinigung Ihres Ofens aufwenden müssen Erleichtert das Entleeren der Asche Technische Spezifikationen Artikeltyp Holzofen Marke Invicta Produktreihe Balami Modellname/-nummer Balami Heizfläche 85m² Bereich für die Installation des Ofens 1 Energieklasse A Berechtigt für MaPrimeRenov‘ Berechtigt Grünes Flammenetikett 7 Sterne Elektrische Leistung in Watt 7000W Material Gusseisen Kraftstoffart Holz Maximale Scheitlänge 300mm Maximaler Stammdurchmesser 300mm Höhe (cm) 80cm Breite (cm) 43,6 cm Tiefe (cm) 36,4 cm Düsendurchmesser 150mm Position des Rauchabzugs Vorher Heizleistung 0,78 % Fensterreinigungssystem Fensterreinigungssystem Emission organischer Gasverbindungen 70 mg/m³ Emission von Stickoxiden 160 mg/m³ Kohlenmonoxid-Emissionen Entspricht den ECO DESIGN 2022-Standards Doppelte Verbrennung Doppelte Verbrennung Nettogewicht (kg) 72kg Produktreferenz 3244336125441 Produktinformationen Invicta Balami 7 kW Holzofen Geeignet für: Holzscheite von max. 30 cm Sauberes Glassystem Funktionen und Vorteile Dieser schlichte und elegante INVICTA Balami-Holzofen ist ideal für Wohnzimmer bis zu 85 m². Es verfügt über eine gute Leistung, um ein warmes und komfortables Zuhause zu genießen und gleichzeitig Energie zu sparen. Ausbeute: 78 % Grüne Flamme: 7 Sterne Material: Gusseisen Ideal zum Heizen eines Raumes von 40 bis 85 m² Sorgt für eine hervorragende Wärmespeicherung, um diese mehrere Stunden lang sanft abzugeben Die doppelte Verbrennung verbessert die Effizienz des Ofens dank zweier Lufteinlässe, die eine bessere Verbrennung des Holzes ermöglichen Ermöglicht eine Energieeffizienz von mehr als 75 % und reduziert gleichzeitig den Ausstoß von Kohlenmonoxiden, Schadstoffen in Rauchkonzentrationen und feinen Partikeln Dieses System verhindert, dass sich während der Verbrennung Ruß auf dem Glas bildet, sodass Sie weniger Zeit für die Reinigung Ihres Ofens aufwenden müssen Erleichtert das Entleeren der Asche Technische Spezifikationen Artikeltyp Holzofen Marke Invicta Produktreihe Balami Modellname/-nummer Balami Heizfläche 85m² Bereich für die Installation des Ofens 1 Energieklasse A Berechtigt für MaPrimeRenov‘ Berechtigt Grünes Flammenetikett 7 Sterne Elektrische Leistung in Watt 7000W Material Gusseisen Kraftstoffart Holz Maximale Scheitlänge 300mm Maximaler Stammdurchmesser 300mm Höhe (cm) 80cm Breite (cm) 43,6 cm Tiefe (cm) 36,4 cm Düsendurchmesser 150mm Position des Rauchabzugs Vorher Heizleistung 0,78 % Fensterreinigungssystem Fensterreinigungssystem Emission organischer Gasverbindungen 70 mg/m³ Emission von Stickoxiden 160 mg/m³ Kohlenmonoxid-Emissionen Entspricht den ECO DESIGN 2022-Standards Doppelte Verbrennung Doppelte Verbrennung Nettogewicht (kg) 72kg Produktreferenz 3244336125441 Produktinformationen Invicta Balami 7 kW Holzofen Geeignet für: Holzscheite von max. 30 cm Sauberes Glassystem Funktionen und Vorteile Dieser schlichte und elegante INVICTA Balami-Holzofen ist ideal für Wohnzimmer bis zu 85 m². Es verfügt über eine gute Leistung, um ein warmes und komfortables Zuhause zu genießen und gleichzeitig Energie zu sparen. Ausbeute: 78 % Grüne Flamme: 7 Sterne Material: Gusseisen Ideal zum Heizen eines Raumes von 40 bis 85 m² Sorgt für eine hervorragende Wärmespeicherung, um diese mehrere Stunden lang sanft abzugeben Die doppelte Verbrennung verbessert die Effizienz des Ofens dank zweier Lufteinlässe, die eine bessere Verbrennung des Holzes ermöglichen Ermöglicht eine Energieeffizienz von mehr als 75 % und reduziert gleichzeitig den Ausstoß von Kohlenmonoxiden, Schadstoffen in Rauchkonzentrationen und feinen Partikeln Dieses System verhindert, dass sich während der Verbrennung Ruß auf dem Glas bildet, sodass Sie weniger Zeit für die Reinigung Ihres Ofens aufwenden müssen Erleichtert das Entleeren der Asche Produktinformationen Invicta Balami 7 kW Holzofen Geeignet für: Holzscheite von max. 30 cm Sauberes Glassystem Funktionen und Vorteile Dieser schlichte und elegante INVICTA Balami-Holzofen ist ideal für Wohnzimmer bis zu 85 m². Es verf",https://chaufobois.fr/product/poele-a-bois-invicta-balami-7-kw/,https://chaufobois.fr/wp-content/uploads/2022/09/po-le-bois-invicta-balami-7-kw_3244336125441_01c.jpg,,in stock,329.00 EUR,,Chaufobois,CHB-1311,new,Home & Garden > Fireplaces,Holzofen,
