id,title,description,link,image_link,additional_image_link,availability,price,sale_price,brand,mpn,condition,google_product_category,product_type,item_group_id
CHB-4242,15 sacs de bois de bouleau 100% sec de 8 kg – 25cm,"Informations supplémentaires Marque Bois de bouleau Pourcentage d’humidité < 20% Longueur des bûches 25cm Coupe transversale de bûches 8 à 12cm Poids 120kg Le volume 0,35 m3 Matériel Bois de chauffage Essence Bois de bouleau",https://chaufobois.fr/product/15-sacs-de-bois-de-bouleau-100-sec-de-8-kg-25cm/,https://chaufobois.fr/wp-content/uploads/2022/11/berkenhout-in-netten.jpeg,"https://chaufobois.fr/wp-content/uploads/2022/11/Capture-decran-2021-12-30-a-04.18.13.png,https://chaufobois.fr/wp-content/uploads/2022/11/Capture-decran-2021-12-30-a-04.17.30.png,https://chaufobois.fr/wp-content/uploads/2022/11/Capture-decran-2021-12-30-a-04.17.47.png",in stock,139.00 EUR,120.00 EUR,Chaufobois,CHB-4242,new,Home & Garden > Fireplace & Wood Stove Accessories > Firewood & Fuel,BOIS DE CHAUFFAGE,
CHB-4241,80 sacs de bois de bouleau – 25cm – 100% sec,"Informations supplémentaires Marque bois de bouleau Pourcentage d’humidité < 20% Longueur des bûches 25cm Coupe transversale de bûches 8 à 12cm Poids 640kg Le volume 1,50 m3 Matériel bouleau Essence bois de bouleau",https://chaufobois.fr/product/80-sacs-de-bois-de-bouleau-25cm-100-sec/,https://chaufobois.fr/wp-content/uploads/2022/11/2-kuub-berkenhout-in-netten_6-1.png,https://chaufobois.fr/wp-content/uploads/2022/11/2-kuub-berkenhout-in-netten_6.png,in stock,349.00 EUR,320.00 EUR,Chaufobois,CHB-4241,new,Home & Garden > Fireplace & Wood Stove Accessories > Firewood & Fuel,BOIS DE CHAUFFAGE,
CHB-4240,40 sacs de bois d’aulne – 2 m3 – 25cm,"40 sacs de bois de chauffage d’aulne desséché. L’aulne est un bois dur qui brûle magnifiquement proprement. Les sacs font 8kg. Le bois mesure 25 cm et fendu en moyenne. Informations supplémentaires Marque bois d’aulne Pourcentage d’humidité < 20% Longueur des bûches 25cm Coupe transversale de bûches 8 à 12cm Poids 320 kilogrammes Le volume 0,70 m3 Matériel bois d’aulne Essence bois d’aulne",https://chaufobois.fr/product/40-sacs-de-bois-daulne-2-m3-25cm/,https://chaufobois.fr/wp-content/uploads/2022/11/40-zakken-elzenhout.png,https://chaufobois.fr/wp-content/uploads/2022/11/40-zakken-elzenhout-1.png,in stock,219.00 EUR,200.00 EUR,Chaufobois,CHB-4240,new,Home & Garden > Fireplace & Wood Stove Accessories > Firewood & Fuel,BOIS DE CHAUFFAGE,
CHB-4239,40 sacs de bois sec – 100% frêne – 8 kg,"Le bois de frêne peut être comparé au bois de chauffage de chêne. Le bois de frêne est tout aussi dur et a une combustion lente. L’avantage du frêne est que ce bois ne contient pas d’acides. Cela vous donne une flamme silencieuse et le bois n’éclabousse absolument pas. La cendre bien séchée est un régal pour les yeux. Les cendres s’enflamment facilement et brûlent proprement. Le bois de frêne a un rendement très élevé et ne fume pas. Il est recommandé d’utiliser du petit bois et des allume-feu pour allumer le feu. Cela empêche l’encombrement inutile de fumée et de suie dans votre poêle. Informations supplémentaires Numéro de l’article Marque bois de frêne Dimensions (H x L x P) 1,00x 1,20x 0,85m Pourcentage d’humidité < 20% Longueur des bûches 25cm Coupe transversale de bûches 8 à 12cm Poids 320 kilogrammes Le volume 0,70 m3 Matériel bois de frêne Essence bois de frêne",https://chaufobois.fr/product/40-sacs-de-bois-sec-100-frene-8-kg/,https://chaufobois.fr/wp-content/uploads/2022/11/30-zakken-essenhout.jpeg,"https://chaufobois.fr/wp-content/uploads/2022/11/15-zakken-essn-haardhout_1.jpeg,https://chaufobois.fr/wp-content/uploads/2022/11/Capture-decran-2021-12-30-a-03.39.39.png",in stock,279.00 EUR,,Chaufobois,CHB-4239,new,Home & Garden > Fireplace & Wood Stove Accessories > Firewood & Fuel,BOIS DE CHAUFFAGE,
CHB-4238,Demi palette – Frêne séché au four – 25cm,"Palette étroitement empilée avec un mètre cube de bois de chauffage de frêne séché au four. Grâce à la flamme chaude, il assure un rendement élevé, rendant le bois de frêne idéal pour le chauffage. Informations supplémentaires Marque Bois de frêne Dimensions (H x L x P) 100 x 85 x 120 cm palette comprise Pourcentage d’humidité 18% Longueur des bûches 25cm Coupe transversale de bûches 8 à 12cm Poids 450 kilogrammes Volume 1,02 mètre cube, palette comprise Matériel Frêne feuillus Les particularités Selon nos clients le meilleur bois de chauffage à brûler Essence Frêne",https://chaufobois.fr/product/demi-palette-frene-seche-au-four-25cm/,https://chaufobois.fr/wp-content/uploads/2022/11/kuub-essenhout_1.png,"https://chaufobois.fr/wp-content/uploads/2022/11/halve-pallet-essenhout.png,https://chaufobois.fr/wp-content/uploads/2022/11/Capture-decran-2021-12-30-a-03.39.39.png,https://chaufobois.fr/wp-content/uploads/2022/11/Capture-decran-2021-12-30-a-03.39.21.png",in stock,279.00 EUR,210.00 EUR,Chaufobois,CHB-4238,new,Home & Garden > Fireplace & Wood Stove Accessories > Firewood & Fuel,BOIS DE CHAUFFAGE,
CHB-4237,DEMI-PALETTE – 25 CM – MÉLANGE DE BOIS DURS – PALETTE 1 M3 – 1.5 STÈRES,"Fiche technique Taux D’humidité : 20 et 25% Essence : Charme, chêne, hêtre et frêne Volume En M3 : 1 m3 Volume En Stères : 1,5 stères Technique De Séchage : Naturel en extérieur Type De Bois : Bois dur Longueur : 25 cm Conditionnement : Demi palette Origine : France Mélange de bois durs, séchage naturel, stocké en extérieur pour qu’il reste ventilé. Grâce au mélange de bois, vous pourrez aussi bien obtenir des flammes que des braises. Ces bois sont parfaitement conseillés pour le chauffage et ont un fort pouvoir calorifique. Les bûches sont coupées en 25 cm puis rangées dans une palette, ce qui est plus propre et garanti le nombre de stères commandés. Pratique avec son petit format pour les personnes ayant peu de place de stockage ou pour une petite flambée occasionnelle. Ce bois est fabriqué en France et 100% naturel. Il conviendra parfaitement aux poêles et inserts à bois pour des tailles de bûches allant jusqu’à 25 cm de long.",https://chaufobois.fr/product/demi-palette-25-cm-melange-de-bois-durs-palette-1-m3-1-5-steres/,https://chaufobois.fr/wp-content/uploads/2022/11/palette-bois-buches-25-cm-2-steres.jpg,"https://chaufobois.fr/wp-content/uploads/2022/11/rsz_openhaardhout-gigant-20-1-1-354x531-1.jpeg,https://chaufobois.fr/wp-content/uploads/2022/11/UTB8PhD3NODEXKJk43Oqq6Az3XXav.jpeg",in stock,220.00 EUR,170.00 EUR,Chaufobois,CHB-4237,new,Home & Garden > Fireplace & Wood Stove Accessories > Firewood & Fuel,BOIS DE CHAUFFAGE > BÛCHES DE BOIS,
CHB-4236,Bûches densifiées de Nuit – Bois compressé longue durée,"Caractéristiques de Bûche densifiée de Nuit – Bois compressé longue durée Caractéristiques Conditionnement Le pack 12 briquettes ou Le Quart 21 packs ou La palette 84 packs Longueur 10,5cm Section 6,5x16cm Taux humidité < 12% Stockage Au sec, dans un garage par exemple Composition Sciure et copeaux non traités issus de la récupération de chutes de bois sec Additifs Zero additif, 100% naturel Taux de cendres < 4% Temps de combustion de 6 à 8h selon l’appareil Puissance calorifique 4,8kWh/kg Palette Dimensions de la palette 100cm*120cm au sol et 120cm en hauteur Contenance de la palette 84 colis Colis Poids par colis 12kg +/- 5% Dimensions du colis 44x20x16cm Contenance du colis 12 briquettes Caractéristiques Conditionnement Le pack 12 briquettes ou Le Quart 21 packs ou La palette 84 packs Longueur 10,5cm Section 6,5x16cm Taux humidité < 12% Stockage Au sec, dans un garage par exemple Composition Sciure et copeaux non traités issus de la récupération de chutes de bois sec Additifs Zero additif, 100% naturel Taux de cendres < 4% Temps de combustion de 6 à 8h selon l’appareil Puissance calorifique 4,8kWh/kg Palette Dimensions de la palette 100cm*120cm au sol et 120cm en hauteur Contenance de la palette 84 colis Colis Poids par colis 12kg +/- 5% Dimensions du colis 44x20x16cm Contenance du colis 12 briquettes Caractéristiques Conditionnement Le pack 12 briquettes ou Le Quart 21 packs ou La palette 84 packs Longueur 10,5cm Section 6,5x16cm Taux humidité < 12% Stockage Au sec, dans un garage par exemple Composition Sciure et copeaux non traités issus de la récupération de chutes de bois sec Additifs Zero additif, 100% naturel Taux de cendres < 4% Temps de combustion de 6 à 8h selon l’appareil Puissance calorifique 4,8kWh/kg Palette Dimensions de la palette 100cm*120cm au sol et 120cm en hauteur Contenance de la palette 84 colis Colis Poids par colis 12kg +/- 5% Dimensions du colis 44x20x16cm Contenance du colis 12 briquettes",https://chaufobois.fr/product/buches-densifiees-de-nuit-bois-compresse-longue-duree/,https://chaufobois.fr/wp-content/uploads/2022/11/SBN-REF-Buche-densifiee-de-Nuit-Bois-compresse-longue-duree.jpeg,https://chaufobois.fr/wp-content/uploads/2022/11/3-paves-buche-de-nuit-en-bois-densifie-compresse-longue-duree.jpeg,in stock,424.00 EUR,400.00 EUR,Chaufobois,CHB-4236,new,Home & Garden > Fireplace & Wood Stove Accessories > Firewood & Fuel,BOIS DENSIFIÉ > BÛCHES DE BOIS,
CHB-4235,Rangement à granulés – CLOVER,"Doté d’un design d’une grande sobriété, le rangement à granulés CLOVER est avant tout pratique. Doté de 4 compartiments amovibles et facilement maniables, on peut y répartir plus de 32kg de granulés. Cela permet de remplir régulièrement le poêle sans porter de lourdes charges. Les avantages produit: 4 compartiments amovibles pouvant contenir plus de 8kg chacun Sur roulettes pour rapprocher le rangement le plus près du point de stockage de granulés Inclut un couvercle en bois Poignée pour prendre en main chaque compartiment Fond anti-poussières Fabrication Française",https://chaufobois.fr/product/rangement-a-granules-clover/,https://chaufobois.fr/wp-content/uploads/2022/11/clover-rangement-a-granules..-1.jpeg,https://chaufobois.fr/wp-content/uploads/2022/11/clover-rangement-a-granules.-1.jpeg,in stock,307.00 EUR,230.00 EUR,Chaufobois,CHB-4235,new,Home & Garden > Fireplace & Wood Stove Accessories > Firewood & Fuel,GRANULÉS DE BOIS (PELLET),
CHB-4234,Palette 2 m3 – Bois de chauffage 33 cm (Mélange d’essences) – 3 stères,"Cette palette de bois d’environ 2 mètres de haut est facile à ranger (sous réserve d’accessibilité) et vous garantit d’avoir le nombre exact de stère commandé. La palette contient plusieurs essences, exclusivement des bois durs : 60% de frêne, 20% de hêtre et 20% de charme. Cela est donc idéal pour un bon équilibre entre braises et flammes vives. Le bois est bien refendu en bûches de 33-35 cm, le format idéal pour un poêle à bois ou un petit insert. Quelles sont les essences de bois à privilégier pour le chauffage? Il existe différentes essences bonnes à utiliser dans votre poêle à bois : le hêtre, le chêne, le charme et le frêne. Ce sont des essences de type feuillus et sont idéales pour le chauffage car ils possèdent un fort pouvoir calorifique, les bûches de bois feront de bonnes braises et de belles flammes. Certains utilisent des bois de types légers, comme l’aulne par exemple. Mais ils consommeront beaucoup plus vite leur bois, car ces bois brûle plus rapidement et donnent moins de chaleur.",https://chaufobois.fr/product/palette-2-m3-bois-de-chauffage-33-cm-melange-dessences-3-steres/,https://chaufobois.fr/wp-content/uploads/2022/11/A-38.jpg,https://chaufobois.fr/wp-content/uploads/2022/11/1MM-1.jpeg,in stock,250.00 EUR,200.00 EUR,Chaufobois,CHB-4234,new,Home & Garden > Fireplace & Wood Stove Accessories > Firewood & Fuel,BOIS DE CHAUFFAGE > BÛCHES DE BOIS,
CHB-4233,Bois de chauffage (Palette) – 1 M – 3 STÈRES,"PALETTE BOIS DE CHAUFFAGE – 1 M – 3 STÈRES Bois bûche de qualité supérieure Un bois bûche de qualité supérieure pour une utilisation immédiate dans l’appareil de chauffage, ce qui garanti le meilleur rendement de l’appareil de chauffage, sans fumées, et un encrassement minimum du conduit de cheminée. Les avantages d’un bois passé en séchoir : écorcé partiellement par le séchage et le tamisage sans parasites, insectes, champignons s’allume très facilement uniquement en quartiers brûle sans fumées n’encrasse pas la cheminée pas de gaspillage de calories Le mélange est uniquement constitué de hêtre, charme, chêne, les essences les plus calorifiques pour le bois de chauffage. Un stère de bois séché artificiellement représente 1,3 stère de bois mi-sec en terme d’énergie calorifique dégagée. Le volume d’un stère de bois rangé représente en 33cm, un volume de 0,7m3. Aussi lorsque le bois est coupé en longueur de 25cm le volume d’un stère de bois est de 0,6m3 et enfin lorsqu’il est coupé en longueur de 50cm, le volume d’un stère de bois est de 0,8m3. Plus le bois de chauffage est coupé court, mieux il s’empile et il y a moins de vides entre les bûches, le volume apparent diminue mais la quantité de bois reste la même. Humidité contrôlée et garantie inférieure à 10%. (Norme NF Bois de Chauffage) Longueur : 1m Conditonnement: Palette Plus de renseignements dans la section livraison.",https://chaufobois.fr/product/bois-de-chauffage-palette-1-m-3-steres/,https://chaufobois.fr/wp-content/uploads/2022/11/bois-de-chauffage-25-cm-melange-de-bois-durs-palette-2-m3-3-steres-1-1-1.jpeg,,in stock,150.00 EUR,120.00 EUR,Chaufobois,CHB-4233,new,Home & Garden > Fireplace & Wood Stove Accessories > Firewood & Fuel,BOIS DE CHAUFFAGE > BÛCHES DE BOIS,
CHB-4232,Broyeur de branches PRO 15cv BRF ELECTROPOWER,"Informations générales Garantie légale de conformité : 2 an(s) Garantie aux professionnels : 1 an(s) Poids : 391 kg Dimensions (LxlxH) : 160 x 87x 115 cm Livré en caisse bois : oui Moteur Loncin – OVH 15CV, 420cc Démarrage électrique et par lanceur manuel à embrayage.1 Rouleau cranté pour l’alimentation du bois avec vitesse réglable.2 sens de rotation (avant, arrière et stop), l’ensemble sur circuit hydraulique. Capacité de coupe max 120mm. Disque rotor de 59cm avec 2 couteaux de coupe de 22cm avec 1 contre-lame + 10 marteaux de déchiquetage pour BRF. Transmission avec courroies. Goulotte d’éjection orientable. 2 Systèmes d’arrêt d’urgence : coup de poing et barre de sécurité. 2 contacteurs de sécurité: sur le capot de protection du rotor et sur l’accès rouleaux. Protège moteur en acier Barre d’attelage à boule standard 52mm. Grosses roues tout terrain gonflables : 16 x 8.00-7 Huile moteur (1.1L) et hydraulique (4L) non fournie. Livré en caisse bois (L x l x h) : 160 x 87 x 115cm Poids brut : 391 kg Montage simple à faire : goulottes et avaloirs, 2 vannes hydraulique, protection du moteur et la barre de traction. Branchement de la batterie. Notice en français. Ce broyeur de branches thermique ELECTROPOWER à capacité de 120mm vous permettra d’effectuer de gros travaux de broyage de végétaux. Vous obtiendrez grâce à son système de broyage un véritable BRF (Bois rameaux fragmentés). Feuilles et branches, idéal pour le jardin ! Le rouleau d’aménage à vitesse variable facilitent le broyage du bois. L’ensemble est monté sur courroie, toutes les pièces du rotor sont démontables pour un meilleur entretien ou réparation. Il est équipé d’une goulotte d’éjection haute, orientable et avec inclinaison réglable. il est facilement déplaçable sur terrain privé ou installable sur une remorque. Garantie 2 ans aux particuliers – 1 an aux professionnel",https://chaufobois.fr/product/broyeur-de-branches-pro-15cv-brf-electropower/,https://chaufobois.fr/wp-content/uploads/2022/11/108-Broyeur-de-branches-PRO-15cv-BRF-ELECTROPOWER.jpeg,"https://chaufobois.fr/wp-content/uploads/2022/11/112-Broyeur-de-branches-PRO-15cv-BRF-ELECTROPOWER.jpeg,https://chaufobois.fr/wp-content/uploads/2022/11/109-Broyeur-de-branches-PRO-15cv-BRF-ELECTROPOWER.jpeg,https://chaufobois.fr/wp-content/uploads/2022/11/113-Broyeur-de-branches-PRO-15cv-BRF-ELECTROPOWER.jpeg",in stock,3000.00 EUR,2200.00 EUR,Chaufobois,CHB-4232,new,Home & Garden > Fireplace & Wood Stove Accessories,Broyeurs de végétaux,
CHB-4194,Broyeur de branches 15CV à démarrage électrique – Grand débit ELECTROPOWER,"Le broyeur de branches tractable ELECTROPOWER MEP-B15DY est équipé d’un puissant moteur OHV 4 temps 420 CC de 15 CV à démarrage électrique Le broyat est obtenu par deux lames de 30 cm de longueur en acier HR déchiquetant des branches jusqu’à 12 cm de diamètre. Ce broyeur de végétaux professionnel fait partie des modèles les plus performants dans sa gamme à un prix très abordable. Parfaitement adapté aux particuliers exigeants possédant de grands extérieurs lors de l’entretien annuel ou aux utilisateurs professionnels souhaitant un broyeur de végétaux thermique mobile de grande capacité mais facilement déplaçable avec un véhicule léger. Son essieu agricole lui permet d’être tracté sur les routes de forets ou sur des sentiers pour de courtes distances, vous pouvez également le transporter sur une remorque routière pour des distances plus importantes. Facile d’emploi et d’entretien grâce à son démarreur électrique et ses points de graissage accessibles aisément ainsi que son moteur à essence répondant aux normes actuelles. Conçu pour une utilisation intensive et durable. AVANTAGE : Réduction de vos déchets végétaux de taille, plus d’écobuage. Paillage de vos plates-bandes, économie d’eau. Compostage ou recyclage vert, apport nutritif pour vos plantations. ÉQUIPEMENTS : Barre de sécurité “arrêt d’urgence” Tractable avec attache standard Ø 52 mm Large pied de stabilisation escamotable Rotor de broyage sur roulements avec graisseurs Roues agricoles Moteur OHV 420 cc à allumage électronique et démarreur électrique de marque LONCIN Sécurité manque d’huile Entrainement par deux courroies Tunnel d’éjection orientable sur 180° GARANTIE LÉGALE DE CONFORMITÉ DE 3 ANS",https://chaufobois.fr/product/broyeur-de-branches-15cv-a-demarrage-electrique-grand-debit-electropower/,https://chaufobois.fr/wp-content/uploads/2022/11/broyeur-vegetaux-15-5-cv-18079.jpeg,"https://chaufobois.fr/wp-content/uploads/2022/11/broyeur-de-branches2.jpeg,https://chaufobois.fr/wp-content/uploads/2022/11/broyeur-de-branches3.jpeg,https://chaufobois.fr/wp-content/uploads/2022/11/broyeur-de-branches-a-demarrage-electrique-grand-debit-moteur-ohv-15-cv-1.jpg,https://chaufobois.fr/wp-content/uploads/2022/11/broyeur-de-branches-a-demarrage-electrique-grand-debit-moteur-ohv-15-cv-2.jpg",in stock,2030.00 EUR,1800.00 EUR,Chaufobois,CHB-4194,new,Home & Garden > Fireplace & Wood Stove Accessories,Broyeurs de végétaux,
CHB-4193,"Broyeur de végétaux Thermique 196cc, 100mm ST PIERRE DU CHAMP","Fiche technique Capacité de coupe (mm) 100 Capacité du réservoir (L) 3,8L Capacité du réservoir d’huile 600 mL Consommation (L/h) 1.8 Cylindrée moteur (cm³) 196 cm³ Diamètre Diamètre des roues : 254 mm Dimension – Dimensions du tambour : 240 mm – Dimensions des lames : 150 x 55 mm – Trémie d’alimentation : 380 x 440 mm Outil de broyage Double lame réversible et réaffutable Poids 95,5 kg Puissance max. 4.8 KW à 3600/min, 6.5CV Sécurité manque d’huile Oui Type de carburant – Essence sans plomb pure SP95 ou SP98 – Important : Ne pas utiliser de SP95 E10 et de E85 à base d’Ethanol Type de démarrage Par lanceur Type moteur Loncin – 4T monocylindre à refroidissement par air + produit -Trémie d’alimentation et goulotte d’éjection montées sur gonds pour en faciliter l’ouverture -Goulotte d’éjection circulaire pour limiter les bourrages -Roues gonflées pour faciliter les déplacements sur terrain accidenté -Entrainement par double courroie trapézoïdale crantée -Contre lame réversible, ajustable et réaffûtable Garantie 2 ans Fiche techniqueCapacité de coupe (mm)100Capacité du réservoir (L)3,8LCapacité du réservoir d’huile600 mLConsommation (L/h)1.8Cylindrée moteur (cm³)196 cm³DiamètreDiamètre des roues : 254 mmDimension– Dimensions du tambour : 240 mm – Dimensions des lames : 150 x 55 mm – Trémie d’alimentation : 380 x 440 mmOutil de broyageDouble lame réversible et réaffutablePoids95,5 kgPuissance max.4.8 KW à 3600/min, 6.5CVSécurité manque d’huileOuiType de carburant– Essence sans plomb pure SP95 ou SP98 – Important : Ne pas utiliser de SP95 E10 et de E85 à base d’EthanolType de démarragePar lanceurType moteurLoncin – 4T monocylindre à refroidissement par air+ produit-Trémie d’alimentation et goulotte d’éjection montées sur gonds pour en faciliter l’ouverture -Goulotte d’éjection circulaire pour limiter les bourrages -Roues gonflées pour faciliter les déplacements sur terrain accidenté -Entrainement par double courroie trapézoïdale crantée -Contre lame réversible, ajustable et réaffûtableGarantie2 ans",https://chaufobois.fr/product/broyeur-de-vegetaux-thermique-196cc-100mm-st-pierre-du-champ/,https://chaufobois.fr/wp-content/uploads/2022/11/94-Broyeur-de-vegetaux-Thermique-196cc-100mm-ST-PIERRE-DU-CHAMP.jpeg,"https://chaufobois.fr/wp-content/uploads/2022/11/92-Broyeur-de-vegetaux-Thermique-196cc-100mm-ST-PIERRE-DU-CHAMP.jpeg,https://chaufobois.fr/wp-content/uploads/2022/11/93-Broyeur-de-vegetaux-Thermique-196cc-100mm-ST-PIERRE-DU-CHAMP.jpeg",in stock,730.00 EUR,599.97 EUR,Chaufobois,CHB-4193,new,Home & Garden > Fireplace & Wood Stove Accessories,Broyeurs de végétaux,
CHB-4192,"Caisse de bois de chauffage Chêne ultra sec (1,1m3)","La sensation primordiale de la chaleur merveilleuse dans un feu crépitant. Allumer votre poêle à bois doit être agréable et ne doit pas causer de stress dû au bois humide ou de mauvaise qualité. Une combustion stable assure votre sécurité (le bois humide dégage beaucoup de CO2), assure une chaleur agréable et vous permet de profiter sans soucis. La qualité est plus importante qu’un prix bas. C’est le cas pour tous ce que vous achetez En raison de notre volume important, nous avons toutefois réussi à vous offrir le meilleur bois possible au meilleur prix. Chêne Une longue durée de combustion est assurée par sa dureté. En plus d’une efficacité élevée, la combustion du chêne procure un parfum délicieux et une belle flamme traditionnelle. Propriétés du bois de chêne Type de bois dur; Brûle lentement Flammes vives; Vous brûlez avec au moins 4 bûches; Le bois de chauffage par excellence pour les grands poêles et cheminées.",https://chaufobois.fr/product/caisse-de-bois-de-chauffage-chene-ultra-sec-11m3/,https://chaufobois.fr/wp-content/uploads/2022/11/Caisse-de-bois-de-chauffage-Chene-ultra-sec-11m3-1.jpeg,https://chaufobois.fr/wp-content/uploads/2022/11/HOTDEVIL-HAARDHOUTEIKSAMPLE.jpg,in stock,160.00 EUR,130.00 EUR,Chaufobois,CHB-4192,new,Home & Garden > Fireplace & Wood Stove Accessories > Firewood & Fuel,BOIS DE CHAUFFAGE > BÛCHES DE BOIS,
CHB-4191,Charbonettes en chêne – 50 cm,"Les charbonettes 50 cm garantissent un allumage facile et de belles flammes. La montée en température est extrêmement rapide et permet d’atteindre le niveau de chauffe idéal pour une cuisson authentique, parfaite et naturelle. Issu de bois de hêtre, il n’y a pas de projections et d’éclats de bois incandescents. Elles sont propres à manipuler, laissant un intérieur sain, dans le respect de l’hygiène alimentaire. Elles sont idéales pour les pizzerias et restaurants.",https://chaufobois.fr/product/charbonettes-en-chene-50-cm/,https://chaufobois.fr/wp-content/uploads/2022/11/55-Charbonettes-en-chene-50-cm.jpeg,,in stock,100.00 EUR,,Chaufobois,CHB-4191,new,Home & Garden > Fireplace & Wood Stove Accessories > Firewood & Fuel,BOIS DE CHAUFFAGE,
CHB-4190,Bois de chauffage Chêne ultra sec palette (700Kg),"Bois de chauffage Chêne (palette) Bois de Fonnegre, votre garantie d’un bois de chauffage parfait! Le chêne est une essence de bois dur de qualité connue et éprouvée. En plus de la haute efficacité, la cuisson assure également une odeur agréable et une belle flamme traditionnelle. Caractéristiques bois de chauffage chêne (palette): Convient pour un grand poêle à cheminée Combustion lente – effet de flamme vif Séchage au four – brûler immédiatement Bois de chauffage La combustion de votre poêle à bois doit être agréable et ne doit pas provoquer de stress dû au bois humide ou de mauvaise qualité. Une combustion stable garantit votre sécurité (le bois mouillé dégage beaucoup de CO2), fournit une chaleur confortable et vous permet de profiter sans souci. La qualité est plus importante qu’un prix bas. C’est à peu près tout ce que vous achetez. Cependant, en raison de notre grand volume, nous avons pu offrir le meilleur bois de qualité au meilleur prix. Pour la production de nos caisses de bois de chauffage, nous travaillons avec un fabricant qui fournit plus de 850 restaurants et chaînes hôtelières en Allemagne, entre autres. Ils ne peuvent pas se permettre de fournir du bois de qualité et d’humidité douteuses, car la fumée et la combustion instable sont bien sûr hors de question dans un restaurant.",https://chaufobois.fr/product/bois-de-chauffage-chene-ultra-sec-palette-700kg/,https://chaufobois.fr/wp-content/uploads/2022/11/HOTDEVIL-HAARDHOUTNETZAKEIK-1.jpg,"https://chaufobois.fr/wp-content/uploads/2022/11/HOTDEVIL-HAARDHOUTNETZAKEIKSAMPLE-1.jpg,https://chaufobois.fr/wp-content/uploads/2022/11/HOTDEVIL-HAARDHOUTEIKSAMPLE.jpg,https://chaufobois.fr/wp-content/uploads/2022/11/firewood-WOODcom-3.jpg",in stock,306.00 EUR,285.00 EUR,Chaufobois,CHB-4190,new,Home & Garden > Fireplace & Wood Stove Accessories > Firewood & Fuel,BOIS DE CHAUFFAGE,
CHB-4189,Copeaux de bois palette (+/- 3m3),Copeaux de bois Les copeaux de bois dans le jardin garantissent un dessèchement moins rapide du sol entre vos plantes et empêchent les mauvaises herbes de manière écologique. Nos copeaux de bois sont produits de manière durable. Ils constituent donc une alternative économique et belle au couvre-sol classique tel que l’écorce ornementale. Les copeaux de bois sont très appropriés pour les bordures et les pots de fleurs. Ils forment une sorte de couche de paillage qui convient très bien à tous les types d’organismes du sol. Vous obtenez ainsi plus d’humus dans le sol et améliore ainsi sa structure. Copeaux de longue durée Bon pour les plantes!,https://chaufobois.fr/product/copeaux-de-bois-palette-3m3/,https://chaufobois.fr/wp-content/uploads/2022/11/Houtsnippers-Naturel-WOODcom.jpg,"https://chaufobois.fr/wp-content/uploads/2022/11/Capture-decran-2021-11-24-a-17.23.30.png,https://chaufobois.fr/wp-content/uploads/2022/11/Capture-decran-2021-11-24-a-17.23.12.png",in stock,299.00 EUR,250.00 EUR,Chaufobois,CHB-4189,new,Home & Garden > Fireplace & Wood Stove Accessories > Firewood & Fuel,Déchets de bois,
CHB-4188,"D’écorces Pinus Maritima (10-20mm) Palette 2,15 Kuub","Le Pinus maritima Français 10-20mm est une écorce ornementale rouge-brune très belle dans un jardin ou un parc et d’une excellente qualité! Qualité supérieure du fabricant d’écorce ornementale spécialisé des Landes. Notre écorce est commodément emballée dans des sacs de 60 litres afin que vous puissiez traiter l’écorce directement à l’endroit souhaité. Cela vous fait gagner beaucoup de temps, de la saleté sur l’allée et de la perte de matériel. Si vous avez quelques sacs de trop, vous pouvez les stocker en toute sécurité puis les saupoudrer. Quelques caractéristiques de l’écorce d’arbre Pinus Maritima French: Durée de vie: 5 ans Format: double tamis 10-20 mm Couleur: terre cuite, brun rouge Applications: allées, bordures, cour avant, sous les jouets, sentiers pédestres Vous pouvez utiliser le couvre-sol à plusieurs fins: régulation de la température du sol: au printemps et en automne, le sol peut retenir plus de chaleur et en été les différences entre la température de jour et de nuit sont réduites; lutter contre la germination des mauvaises herbes car la lumière du jour ne peut atteindre le sol; rétention d’eau en ralentissant l’évaporation; ajouter de la matière organique et des nutriments en décomposant le matériau de revêtement du sol; expulser les insectes; améliorer les conditions de croissance en réfléchissant la lumière du soleil vers le haut vers les plantes et en fournissant une surface propre et sèche pour les fruits qui poussent sur le sol tels que les citrouilles et les melons; lutte contre l’érosion: protège le sol contre le lavage par la pluie; l’amélioration de la structure du sol les arbustes et les vivaces peuvent être plantés plus près les uns des autres pour le rendre légèrement plus propre. Bien que cela coûte plus cher dans un premier temps, les mauvaises herbes sont beaucoup moins probables et l’entretien l’est également moins.",https://chaufobois.fr/product/decorces-pinus-maritima-10-20mm-palette-215-kuub/,https://chaufobois.fr/wp-content/uploads/2022/11/VANISRAEL-PINUSMARITIMA1020_215KUUBHALF.jpg,"https://chaufobois.fr/wp-content/uploads/2022/11/VANISRAEL-PINUSMARITIMA2040_PROFI_215KUUB.jpg,https://chaufobois.fr/wp-content/uploads/2022/11/HOTDEVIL-PINUSMARITIMA1525SAMPLE.jpg",in stock,325.00 EUR,285.00 EUR,Chaufobois,CHB-4188,new,Home & Garden > Fireplace & Wood Stove Accessories > Firewood & Fuel,Déchets de bois,
CHB-4187,Sac allume-feu ECO laine de bois (1Kg) (4pcs),"Allume-feu ECO boîte Envie de créer votre bois de chauffage et votre barbecue rapidement et facilement? Les boucles d’éclairage écologiques ECO-STARTER © sont le démarreur parfait, l’aide au démarrage de choix pour votre cuisinière, cheminée, four et barbecue. De plus, les wokkels sont fabriqués en bois de conifère pur sélectionné et imbibés de cire naturelle. De plus, ils garantissent une combustion intense, longue et durable. Ces allume-feux en matériaux naturels sont une meilleure alternative que les allume-feux standards. En toute honnêteté, les boucles d’éclairage idéales écologiquement responsables pour un démarrage parfait! De plus, vous pouvez profiter du confort et de la chaleur de votre poêle, cheminée ou four. D’autre part, il peut également être utilisé au barbecue pour chauffer du charbon de bois ou des briquettes. Caractéristiques du allume-feu Eco sac: Bois de conifères recyclé respectueux de la nature Prix ​​le plus bas Longue durée de combustion 8 à 10 min. Pas d’ajout de liant Tirez dans les 3 sec. belle grande flamme. Propre sur les mains – Inodore Responsable FSC écologique – pour un départ parfait Carton = 12 sacs de 1kg Créer un feu écologique Topfire versus Bottomfire: 72% d’émissions de particules en moins! Habituellement, un feu est allumé en plaçant les allume-feu et le bois d’allumage en bas, puis en plaçant les plus grosses bûches sur le dessus. Cependant, il vaut mieux procéder en sens inverse. Vous commencez par les journaux (le plus grand en bas). En plus de cela, vous mettez le bois d’allumage, puis les allume-feux. Les plus grosses bûches auront la chance de chauffer et fumeront beaucoup moins. L’émission de poussières fines est ainsi considérablement réduite. Ajoutez du bois à temps, quand il y a encore une belle flamme et que le feu est encore chaud.",https://chaufobois.fr/product/sac-allume-feu-eco-laine-de-bois-1kg-4pcs/,https://chaufobois.fr/wp-content/uploads/2022/11/WOODCOM-ECOSTARTER_1KG.jpg,https://chaufobois.fr/wp-content/uploads/2022/11/HOTDEVIL-AANMAAKKRULLENSAMPLE-1.jpg,in stock,4.85 EUR,,Chaufobois,CHB-4187,new,Home & Garden > Fireplace & Wood Stove Accessories > Firewood & Fuel,Allume-feu,
CHB-4186,Boîte allume-feu ECO laine de bois – 12Kg,"Allume-feu ECO boîte Envie de créer votre bois de chauffage et votre barbecue rapidement et facilement? Les boucles d’éclairage écologiques ECO-STARTER © sont le démarreur parfait, l’aide au démarrage de choix pour votre cuisinière, cheminée, four et barbecue. De plus, les wokkels sont fabriqués en bois de conifère pur sélectionné et imbibés de cire naturelle. De plus, ils garantissent une combustion intense, longue et durable. Ces allume-feux en matériaux naturels sont une meilleure alternative que les allume-feux standards. En toute honnêteté, les boucles d’éclairage idéales écologiquement responsables pour un démarrage parfait! De plus, vous pouvez profiter du confort et de la chaleur de votre poêle, cheminée ou four. D’autre part, il peut également être utilisé au barbecue pour chauffer du charbon de bois ou des briquettes. Caractéristiques du allume-feu Eco sac: Bois de conifères recyclé respectueux de la nature Prix ​​le plus bas Longue durée de combustion 8 à 10 min. Pas d’ajout de liant Tirez dans les 3 sec. belle grande flamme. Propre sur les mains – Inodore Responsable FSC écologique – pour un départ parfait Carton = 12 sacs de 1kg Créer un feu écologique Topfire versus Bottomfire: 72% d’émissions de particules en moins! Habituellement, un feu est allumé en plaçant les allume-feu et le bois d’allumage en bas, puis en plaçant les plus grosses bûches sur le dessus. Cependant, il vaut mieux procéder en sens inverse. Vous commencez par les journaux (le plus grand en bas). En plus de cela, vous mettez le bois d’allumage, puis les allume-feux. Les plus grosses bûches auront la chance de chauffer et fumeront beaucoup moins. L’émission de poussières fines est ainsi considérablement réduite. Ajoutez du bois à temps, quand il y a encore une belle flamme et que le feu est encore chaud.",https://chaufobois.fr/product/boite-allume-feu-eco-laine-de-bois-12kg/,https://chaufobois.fr/wp-content/uploads/2022/11/ECO-STARTER-aanmaakkrullen-doos-12Kg-.png,"https://chaufobois.fr/wp-content/uploads/2022/11/WOODCOM-ECOSTARTER_1KG.jpg,https://chaufobois.fr/wp-content/uploads/2022/11/HOTDEVIL-AANMAAKKRULLENSAMPLE-1.jpg",in stock,89.00 EUR,72.00 EUR,Chaufobois,CHB-4186,new,Home & Garden > Fireplace & Wood Stove Accessories > Firewood & Fuel,Allume-feu,
CHB-4185,Charbon 100% Anthracite demi-palette (A20-30mm) (500Kg),"Charbon 100% Anthracite (A20-30mm) Ces charbons sans fumée proviennent de la société allemande Ibbenbüren. Combustible naturel sans fumée, idéal pour les poêles, les chaudières et autres appareils fermés. Le charbon anthracite forme une masse qui crée un lit de combustion intense et durable, idéal si vous recherchez une chaleur efficace. Ces charbons sont un carburant de haute qualité qui brûle avec une chaleur forte, une flamme basse et laisse très peu de cendres. Grâce aux propriétés sans fumée de l’anthracite, ce charbon ne perturbe pas l’environnement. Parce qu’ils garantissent une combustion très propre, ils peuvent également être utilisés dans les poêles à vitres. Ce charbon anthracite de qualité supérieure est reconnu comme un combustible fiable, solide et sans fumée. En brûlant, vous pouvez être assuré d’une flamme uniforme et de températures toujours bonnes. Ils brûlent plus chaud et plus longtemps que le charbon Ibbenbüren normal. Propriétés du Charbon 100% Anthracite (A20-30mm) Taille: 20 – 30 mm Anthracite approprié pour chauffer des poêles à charbon (appareils de chauffage continus plus grands) ou des cassettes intégrées",https://chaufobois.fr/product/charbon-100-anthracite-demi-palette-a20-30mm-500kg/,https://chaufobois.fr/wp-content/uploads/2022/11/HOTDEVIL-ANTRACIET20-30ZAK.jpg,,in stock,359.00 EUR,329.00 EUR,Chaufobois,CHB-4185,new,Home & Garden > Fireplace & Wood Stove Accessories > Firewood & Fuel,BRIQUETTES & CHARBON,
CHB-4184,Charbon 100% Anthracite palette (A12-22mm),"Charbon 100% Anthracite (A12-22mm) Nous avons toujours ces types de charbon en stock dans des sacs de 25 kg Disponible dans la taille: 12-22mm Directement du Kolenterminal à votre domicile. Type de charbon dur avec le plus d’énergie de combustion. Ce charbon légèrement plus dur donne peu de cendres et beaucoup de chaleur. C’est un beau charbon brillant qui ne donne pratiquement pas de poussière. Convient parfaitement aux poêles à charbon, brûleurs, cassettes intégrées. Propriétés du Charbon 100% Anthracite (A12-22mm) Anthracite approprié pour chauffer un poêle à charbon avec un bec verseur (entonnoir) Dimensions: 12 – 22 mm Vol: 7 – 24% 40 sacs de 25 kg",https://chaufobois.fr/product/charbon-100-anthracite-palette-a12-22mm/,https://chaufobois.fr/wp-content/uploads/2022/11/HOTDEVIL-KOLENPALET-1.jpg,https://chaufobois.fr/wp-content/uploads/2022/11/HOTDEVIL-ANTRACIET12-22ZAK.jpg,in stock,506.00 EUR,480.00 EUR,Chaufobois,CHB-4184,new,Home & Garden > Fireplace & Wood Stove Accessories > Firewood & Fuel,BRIQUETTES & CHARBON,
CHB-4183,Briquettes de bois Nestro Hêtre palette (1000Kg),"INFORMATIONS COMPLÉMENTAIRES Poids 1000 kg Dimensions 120 × 100 × 130 cm Livraison Livraison à domicile Taille du poêle Poêle à bois, Poêles de taille grande, Poêles de taille moyenne Durée de combustion – Flammes Brûlure lente – éclat vibrant Résidu de cendres < 2% Valeur calorique 5,4 kWh Diamètre +/- 9cm Densité +/- 1,05 Kg/dm3 Longueur +/- 28cm Humidité 5% Type de bois Hêtre Le volume Palette complète Contenu chacun 10kg LongueurxLargeurxHauteur 24x10x48",https://chaufobois.fr/product/briquettes-de-bois-nestro-hetre-palette-1000kg/,https://chaufobois.fr/wp-content/uploads/2022/11/NESTRO_BEUK_10KG_PALLET.jpg,"https://chaufobois.fr/wp-content/uploads/2022/11/NESTRO_BEUK_10KG_PACK.jpg,https://chaufobois.fr/wp-content/uploads/2022/11/NESTRO_BEUK_10KG_SAMPLE.jpg",in stock,399.00 EUR,350.00 EUR,Chaufobois,CHB-4183,new,Home & Garden > Fireplace & Wood Stove Accessories > Firewood & Fuel,BRIQUETTES & CHARBON,
CHB-4182,Briquettes de bois Pini kay 100% chêne – Demi-palette (480Kg),"INFORMATIONS COMPLÉMENTAIRES Poids 480 kg Dimensions 120 × 80 × 75 cm Livraison Livraison à domicile Taille du poêle Poêle à bois, Poêles de taille grande, Poêles de taille moyenne, Poêles en stéatite Durée de combustion – Flammes Brûlure rapide – belles grandes flammes Résidu de cendres < 2% Valeur calorique 5,4 kWh Diamètre +/- 5cm Densité +/- 1,05 Kg/dm3 Longueur +/- 30cm Humidité 5% Type de bois Chêne Le volume Demi palette Contenu chacun 10kg LongueurxLargeurxHauteur 32x12x60",https://chaufobois.fr/product/briquettes-de-bois-pini-kay-100-chene-demi-palette-480kg/,https://chaufobois.fr/wp-content/uploads/2022/11/HOTDEVIL-HOUTBRIKETTENPINIKAYEIK4.jpg,"https://chaufobois.fr/wp-content/uploads/2022/11/HOTDEVIL-HOUTBRIKETTENPINIKAYEIK8PACK-1-1.jpg,https://chaufobois.fr/wp-content/uploads/2022/11/HOTDEVIL-HOUTBRIKETTENPINIKAYEIK4SAMPLE-1-1.jpg",in stock,229.00 EUR,,Chaufobois,CHB-4182,new,Home & Garden > Fireplace & Wood Stove Accessories > Firewood & Fuel,BRIQUETTES & CHARBON,
CHB-4181,Mixte de briquettes de bois 100% chêne + briquettes de lignite palette (930Kg),"Mixte de briquettes de bois Pinikay 100% chêne + briquettes de lignite (930Kg) Cette combinaison équilibrée vous offre le meilleur des 2 modes de chauffage. La chaleur rapide et super facile à allumer pinikay. Idéal si vous voulez sortir du travail le soir et que votre appareil de chauffage chauffe rapidement et efficacement. Grâce à son trou d’oxygène, le pinikay assure un échange de chaleur direct et une température élevée dans votre poêle, qui est donc déjà chaud en moins de 5 minutes. Les briquettes de lignite fournissent une chaleur constante, intense et économique à long terme. Ils retiendront longtemps votre feu sans que vous ayez à faire le plein. Le soir, quand vous allez vous coucher, réduisez le niveau d’oxygène et votre réchaud continuera à émettre de la chaleur toute la nuit. Dans la matinée, vous vous lèverez dans une chaleur agréable. Propriétés des briquettes Pinikay 100% chêne: Convient aux poêles et foyers de taille moyenne à grande, poêles en stéatite Chaleur rapide – belles grosses flammes Sans humidité – chaleur immediate Bois séché 100% chêne Propriétés des briquettes de lignite Convient aux poêles et foyers de taille moyenne à grande Chaleur lente – éclat ardent Sans humidité – chaleur immediate Faible teneur en soufre Efficace et très économique Lignite: Le lignite est un combustible fossile constitué de restes de plantes qui sont convertis en carbone et autres composés chimiques dans les couches profondes de la terre. Le lignite désigne parfois le lignite, à savoir le lignite. Cependant, le lignite est un terme géologique et désigne un matériau de dépôt géologique qui se produit également en quantités non exploitables. Le lignite, cependant, est un terme familier qui indique toujours un minéral. Le lignite est constitué de dépôts de restes de plantes qui ont été exposés à de hautes pressions et à une chaleur pendant une longue période dans le passé géologique. La transformation due à une exposition croissante à la pression et à la température de la tourbe provoque initialement du lignite.",https://chaufobois.fr/product/mixte-de-briquettes-de-bois-100-chene-briquettes-de-lignite-palette-930kg/,https://chaufobois.fr/wp-content/uploads/2022/11/HOTDEVIL-COMBIPINIBRUINKOOL-1.jpg,"https://chaufobois.fr/wp-content/uploads/2022/11/WOODCOM-HOUTBRIKETTENBRUINKOOLPACKPLASTICUNIT-1.jpg,https://chaufobois.fr/wp-content/uploads/2022/11/HOTDEVIL-HOUTBRIKETTENBRUINSAMPLE-1.jpg,https://chaufobois.fr/wp-content/uploads/2022/11/HOTDEVIL-HOUTBRIKETTENPINIKAYEIK4SAMPLE-1.jpg",in stock,433.00 EUR,400.00 EUR,Chaufobois,CHB-4181,new,Home & Garden > Fireplace & Wood Stove Accessories > Firewood & Fuel,BRIQUETTES & CHARBON,
CHB-4180,Briquettes de bois Ruf 100% Chêne palette (960Kg),"Briquettes de bois Ruf 100% Chêne COMMENT SONT FABRIQUÉ LES BRIQUETTES DE BOIS DE CHÊNE RUF? Les briquettes de bois de chêne RUF sont pressées sous très haute pression et température. Ils sont pressés de manière à former un faisceau avec le nom RUF imprimé dessus. De cette façon, vous savez que vous avez “la vraie affaire”. Pour le pressage de cette briquette de bois, seule la sciure de chêne pure et non traitée utilisée dans l’industrie du meuble est utilisée. De cette façon, toutes les parties de l’arbre sont pleinement utilisées et rien n’est perdu. Les briquettes de bois de chêne RUF ne contiennent pas non plus de liants. Tout est purement naturel. Les briquettes de bois de chêne RUF (et toutes nos briquettes de bois en général) sont liées à la lignine qui se trouve dans la paroi cellulaire du bois et est libérée lors du pressage. La haute densité du chêne et le pressage garantissent que le RUF brûle très lentement et très longtemps. Ils sont très compacts ce qui les rend faciles à chauffer.",https://chaufobois.fr/product/briquettes-de-bois-ruf-100-chene-palette-960kg/,https://chaufobois.fr/wp-content/uploads/2022/11/HOTDEVIL-HOUTBRIKETTENRUFEIK-1.jpg,"https://chaufobois.fr/wp-content/uploads/2022/11/HOTDEVIL-HOUTBRIKETTENRUFEIKPACK-1.jpg,https://chaufobois.fr/wp-content/uploads/2022/11/HOTDEVIL-HOUTBRIKETTENRUFEIKSAMPLE-1.jpg,https://chaufobois.fr/wp-content/uploads/2022/11/HOTDEVIL-HOUTBRIKETTENRUFEIK_PALLET_NEW-1.jpg",in stock,365.00 EUR,310.00 EUR,Chaufobois,CHB-4180,new,Home & Garden > Fireplace & Wood Stove Accessories > Firewood & Fuel,BRIQUETTES & CHARBON,
CHB-4179,Bois de chauffage en sac ultra sec – Essence: 100% Chêne,"Palette de 84 sacs de bois de chauffage Chêne (sac) Bois de Fonnegre, votre garantie d’un bois de chauffage parfait! Le chêne est une essence de bois dur de qualité connue et éprouvée. En plus de la haute efficacité, la cuisson assure également une odeur agréable et une belle flamme traditionnelle. Caractéristiques bois de chauffage chêne (sac): Convient pour un grand poêle à cheminée Combustion lente – effet de flamme vif Séchage au four – brûler immédiatement Bois de chauffage La combustion de votre poêle à bois doit être agréable et ne doit pas provoquer de stress dû au bois humide ou de mauvaise qualité. Une combustion stable garantit votre sécurité (le bois mouillé dégage beaucoup de CO2), fournit une chaleur confortable et vous permet de profiter sans souci. La qualité est plus importante qu’un prix bas. C’est à peu près tout ce que vous achetez. Cependant, en raison de notre grand volume, nous avons pu offrir le meilleur bois de qualité au meilleur prix. Pour la production de nos caisses de bois de chauffage, nous travaillons avec un fabricant qui fournit plus de 850 restaurants et chaînes hôtelières en Allemagne, entre autres. Ils ne peuvent pas se permettre de fournir du bois de qualité et d’humidité douteuses, car la fumée et la combustion instable sont bien sûr hors de question dans un restaurant.",https://chaufobois.fr/product/bois-de-chauffage-en-sac-ultra-sec-essence-100-chene/,https://chaufobois.fr/wp-content/uploads/2022/11/54-Bois-de-chauffage-en-sac-ultra-sec-Essence-Charme.jpeg,https://chaufobois.fr/wp-content/uploads/2022/11/Caisse-de-bois-de-chauffage-en-sac-Charme-ultra-sec3.jpg,in stock,200.00 EUR,,Chaufobois,CHB-4179,new,Home & Garden > Fireplace & Wood Stove Accessories > Firewood & Fuel,BOIS DE CHAUFFAGE > BÛCHES DE BOIS,
CHB-4178,Bois de chauffage en sac ultra sec – Essence: 100% Charme,"Caisse de bois de chauffage en sac Charme ultra sec Le bois de charme est un type de bois qui a un poids spécifique aussi dur et élevé que le chêne. En conséquence, il brûlera aussi longtemps et uniformément que le chêne et ne flopera pas. Un autre avantage de ce type de bois est que l’écorce est très fine et propre, ce qui la rend plus rapide et réduit le risque de salissure des fenêtres. En Allemagne, il s’agit donc du bois de chauffage le plus convoité. BOIS DE CHARME Le bois de charme appartient aux essences très dures et convient donc parfaitement aux grands poêles et cheminées. Vous pouvez parfaitement chauffer un feu chaud et vif. Peu d’humidité et pratiquement pas de résines causent peu de craquements et d’éclaboussures et sont très agréables; jeu de flammes traditionnel. La haute efficacité vous permet de chauffer agréablement les grandes pièces Caractéristiques du bois de Charme Type de bois dur; Temps de combustion longue; Flammes belles et calmes; Vous brûlez 4 à 5 bûches à la fois; Convient parfaitement pour un feu très puissant Convient aux poêles et foyers de moyenne à grande taille.",https://chaufobois.fr/product/bois-de-chauffage-en-sac-ultra-sec-essence-100-charme/,https://chaufobois.fr/wp-content/uploads/2022/11/54-Bois-de-chauffage-en-sac-ultra-sec-Essence-Charme.jpeg,https://chaufobois.fr/wp-content/uploads/2022/11/Caisse-de-bois-de-chauffage-en-sac-Charme-ultra-sec3.jpg,in stock,235.00 EUR,175.00 EUR,Chaufobois,CHB-4178,new,Home & Garden > Fireplace & Wood Stove Accessories > Firewood & Fuel,BOIS DE CHAUFFAGE > BÛCHES DE BOIS,
CHB-4177,Bûches de bois compressées Tecsabuch Crépito : 100% naturelles (Palette de 1T),"Les bûches de bois comprimé tecsabuch sont 100% naturelles et issues du recyclage des sous-produits des scieries et des industries du bois. Il s’agit exclusivement de sciures et de copeaux de feuillus non traité (essentiellement de chêne). Les bûches de bois comprimé tecsabuch sont destinées à l’alimentation de tous types d’appareils à bois : fours à bois, cuisinières à bois, inserts, foyers fermés, foyers ouverts, chaudières et poêles. Elles ne nécessitent pas l’installation d’un chauffage spécifique. Elles s’utilisent en remplacement ou en complément des bûches de bois traditionnel. QUALITE DES PRODUITS Les tecsabuch sont issues d’un process industriel unique, de qualité éprouvée depuis plus de 15 ans. Elles garantissent une sécurité et un confort d’utilisation optimum pour les clients et offrent d’excellentes performances calorifiques. Le rendement énergétique des bûches de bois comprimé tecsabuch est quatre fois supérieur à celui du bois de chauffage traditionnel. Tecsabuch permet de diviser par quatre le volume de stockage. ASPECTS LOGISTIQUES 1 palette = 1 tonne, soit 100 paquets filmés de 10 kg Départ usine : à partir de 12 palettes Rendu distributeur : camion complet 24 palettes DISPONIBILITE Crépito® vous offre une sécurité d’approvisionnement toute l’année et particulièrement en saison. Notre réseau de producteurs partenaires, répartis sur l’ensemble du territoire national, permet une optimisation des coûts logistiques et une garantie d’accès à des matières premières de qualité. Tous nos partenaires veillent à l’exploitation raisonnée des forêts et s’engagent pour un développement durable : économique, social et environnemental. POLITIQUE COMMERCIALE Crépito® garantit, en saison, un prix national stable. Cette politique originale qui passe par une réelle visibilité de la dépense énergétique, permet de renforcer la confiance des consommateurs et l’attractivité du chauffage au bois. CARACTERISTIQUES TECHNIQUES Masse volumique : 970 kg.m Taux d’humidité : ± 10% PCI : 4,8 kWh. kg Taux de cendre : < à 1,5% Composition : Copeaux et sciures de feuillus non traités (en majorité chêne) Dimension (h x l x L) cm : 8 x 15 x environ 23 Poids unitaire moyen : 2,5 kg Durée de combustion : 2 h en moyenne",https://chaufobois.fr/product/buches-de-bois-compressees-tecsabuch-crepito-100-naturelles-palette-de-1t/,https://chaufobois.fr/wp-content/uploads/2022/11/64-Buches-de-bois-compressees-Tecsabuch-Crepito-100aturelles-Palette-de-1T.jpeg,https://chaufobois.fr/wp-content/uploads/2022/11/63-Buches-de-bois-compressees-Tecsabuch-Crepito-100aturelles-Palette-de-1T.jpeg,in stock,288.00 EUR,250.00 EUR,Chaufobois,CHB-4177,new,Home & Garden > Fireplace & Wood Stove Accessories > Firewood & Fuel,BÛCHES DE BOIS,
CHB-4176,Bûches Premium Crépito® – 30 cm,"Les Crépito® Bûches Premium sont issues des meilleures essences de feuillus (Groupe 1: chêne, hêtre, charme) reconnues pour leur pouvoir calorifique élevé. Elles proviennent de forêts de proximité gérées durablement. Le calibrage des Crépito® Bûches Premium en petites sections régulières de 14 cm maximum (longueur 25, 30 ou 40 cm) répond aux données techniques des nouveaux appareils de chauffage au bois et permet une efficacité énergétique maximum. Il contribue ainsi à l’optimisation de l’appareil et du conduit. Le séchage à un taux d’humidité inférieur à 20 % garantit une combustion optimale (contre ≈ 35 %, taux habituel rencontré dans le commerce pour un bois de qualité NF H2 et correspondant à 1 an de séchage). Les connexes de la production sont recyclés à 100 %. Ils alimentent la chaufferie du site de production. Les Crépito® Bûches Premium sont propres et régulières, faciles à utiliser et à stocker ! Bûche de bois Fendue et en grande partie écorcée",https://chaufobois.fr/product/buches-premium-crepito-30-cm/,https://chaufobois.fr/wp-content/uploads/2022/11/61-Buches-Premium-CrepitoR-25-cm.jpeg,,in stock,285.00 EUR,210.00 EUR,Chaufobois,CHB-4176,new,Home & Garden > Fireplace & Wood Stove Accessories > Firewood & Fuel,BOIS DE CHAUFFAGE > BÛCHES DE BOIS,
CHB-4175,Bûches Premium Crépito® – 25 cm,"Les bûches Premium ont un fort pouvoir calorifique et contiennent moins de 20% d’humidité. Elles sont fendues et nettoyées en tambour d’écorçage, et offre une mise à feu accélérée. Les bûches Premium permettent de restituer dès rapidement une chaleur confortable avec un très faible taux de cendre. Elles sont propres et régulières, facile à utiliser et à stocker.",https://chaufobois.fr/product/buches-premium-crepito-25-cm/,https://chaufobois.fr/wp-content/uploads/2022/11/61-Buches-Premium-CrepitoR-25-cm.jpeg,,in stock,338.00 EUR,270.00 EUR,Chaufobois,CHB-4175,new,Home & Garden > Fireplace & Wood Stove Accessories > Firewood & Fuel,BOIS DE CHAUFFAGE > BÛCHES DE BOIS,
CHB-4174,4 – Palettes (2 chêne blanc + 2 Hêtre/Charme) – Bûches de 40 cm,"Extra sèches (18 mois minimum) les bûches de chêne blanc et Hêtre/Charme sont issues de forêts françaises durablement gérées provenant de Franche Comté, des Vosges et du Jura. Le chêne blanc est un bois dense qui produit de belles braises à l’usage. Il offre une combustion optimale pour un haut pouvoir calorifique. La combustion du hêtre ou du charme produit de belles flammes régulières avec un pouvoir calorifique supérieur au Chêne. Extra sèches (18 mois minimum) les bûches de chêne blanc et Hêtre/Charme sont issues de forêts françaises durablement gérées provenant de Franche Comté, des Vosges et du Jura. Le chêne blanc est un bois dense qui produit de belles braises à l’usage. Il offre une combustion optimale pour un haut pouvoir calorifique. La combustion du hêtre ou du charme produit de belles flammes régulières avec un pouvoir calorifique supérieur au Chêne. Extra sèches (18 mois minimum) les bûches de chêne blanc et Hêtre/Charme sont issues de forêts françaises durablement gérées provenant de Franche Comté, des Vosges et du Jura. Le chêne blanc est un bois dense qui produit de belles braises à l’usage. Il offre une combustion optimale pour un haut pouvoir calorifique. La combustion du hêtre ou du charme produit de belles flammes régulières avec un pouvoir calorifique supérieur au Chêne. Extra sèches (18 mois minimum) les bûches de chêne blanc et Hêtre/Charme sont issues de forêts françaises durablement gérées provenant de Franche Comté, des Vosges et du Jura. Le chêne blanc est un bois dense qui produit de belles braises à l’usage. Il offre une combustion optimale pour un haut pouvoir calorifique. La combustion du hêtre ou du charme produit de belles flammes régulières avec un pouvoir calorifique supérieur au Chêne.",https://chaufobois.fr/product/4-palettes-2-chene-blanc-2-hetre-charme-buches-de-40-cm/,https://chaufobois.fr/wp-content/uploads/2022/11/151-4-Palettes-2-chene-blanc-2-HetreCharme-Buches-de-40-cm.jpeg,https://chaufobois.fr/wp-content/uploads/2022/11/150-4-Palettes-2-chene-blanc-2-HetreCharme-Buches-de-40-cm.jpeg,in stock,610.00 EUR,560.00 EUR,Chaufobois,CHB-4174,new,Home & Garden > Fireplace & Wood Stove Accessories > Firewood & Fuel,BOIS DE CHAUFFAGE > BÛCHES DE BOIS,
CHB-4173,Caisse de bois de chauffage: Chêne ultra sec (2m3),"La sensation primordiale de la chaleur merveilleuse dans un feu crépitant Allumer votre poêle à bois doit être agréable et ne doit pas causer de stress dû au bois humide ou de mauvaise qualité. Une combustion stable assure votre sécurité (le bois humide dégage beaucoup de CO2), assure une chaleur agréable et vous permet de profiter sans soucis. La qualité est plus importante qu’un prix bas. C’est le cas pour tous ce que vous achetez En raison de notre volume important, nous avons toutefois réussi à vous offrir le meilleur bois possible au meilleur prix. Chêne Une longue durée de combustion est assurée par sa dureté. En plus d’une efficacité élevée, la combustion du chêne procure un parfum délicieux et une belle flamme traditionnelle. Propriétés du bois de chêne Type de bois dur; Brûle lentement Flammes vives; Vous brûlez avec au moins 4 bûches; Le bois de chauffage par excellence pour les grands poêles et cheminées.",https://chaufobois.fr/product/caisse-de-bois-de-chauffage-chene-ultra-sec-2m3/,https://chaufobois.fr/wp-content/uploads/2022/11/Caisse-de-bois-de-chauffage-Chene-ultra-sec-2m3-1.jpeg,,in stock,350.00 EUR,310.00 EUR,Chaufobois,CHB-4173,new,Home & Garden > Fireplace & Wood Stove Accessories > Firewood & Fuel,BOIS DE CHAUFFAGE > BÛCHES DE BOIS,
CHB-4172,Caisse de Bois de chauffage 25cm-bois durs (2m3),"Cette palette de bois d’environ 2 mètres de haut est facile à ranger (sous réserve d’accessibilité) et vous garantit d’avoir le nombre de stère commandé. La palette contient plusieurs essences, exclusivement des bois durs. Cela est donc idéal pour un bon équilibre entre braises et flammes vives. Le bois est bien refendu en bûches de 25 cm, le format idéal pour une cheminée ou un insert.",https://chaufobois.fr/product/caisse-de-bois-de-chauffage-25cm-bois-durs-2m3/,https://chaufobois.fr/wp-content/uploads/2022/11/bois-de-chauffage-25-cm-melange-de-bois-durs-palette-2-m3-3-steres-1-1-1.jpeg,,in stock,180.00 EUR,,Chaufobois,CHB-4172,new,Home & Garden > Fireplace & Wood Stove Accessories > Firewood & Fuel,BOIS DE CHAUFFAGE,
CHB-4171,Palette Pure en Bois de Hêtre – 33 CM- 3 Stères,"PALETTE BOIS DE CHAUFFAGE – 33 CM – 3 STÈRES ” Hêtre uniquement” * Une palette de bois de chauffage = 3 Stères Bois bûche de qualité supérieure Un bois bûche de qualité supérieure pour une utilisation immédiate dans l’appareil de chauffage, ce qui garanti le meilleur rendement de l’appareil de chauffage, sans fumées, et un encrassement minimum du conduit de cheminée. Les avantages d’un bois passé en séchoir : écorcé partiellement par le séchage et le tamisage sans parasites, insectes, champignons s’allume très facilement uniquement en quartiers brûle sans fumées n’encrasse pas la cheminée pas de gaspillage de calories Le mélange est uniquement constitué de hêtre, charme, chêne, les essences les plus calorifiques pour le bois de chauffage. Un stère de bois séché artificiellement représente 1,3 stère de bois mi-sec en terme d’énergie calorifique dégagée. Le volume d’un stère de bois rangé représente en 33cm, un volume de 0,7m3. Aussi lorsque le bois est coupé en longueur de 33cm le volume d’un stère de bois est de 0,6m3 et enfin lorsqu’il est coupé en longueur de 50cm, le volume d’un stère de bois est de 0,8m3. Plus le bois de chauffage est coupé court, mieux il s’empile et il y a moins de vides entre les bûches, le volume apparent diminue mais la quantité de bois reste la même. Humidité contrôlée et garantie inférieure à 10%. (Norme NF Bois de Chauffage) Longueur : 33 cm Livraison sur Palette, plus de renseignements dans la section livraison PALETTE BOIS DE CHAUFFAGE – 33 CM – 3 STÈRES ” Hêtre uniquement” * Une palette de bois de chauffage = 3 Stères Bois bûche de qualité supérieure Un bois bûche de qualité supérieure pour une utilisation immédiate dans l’appareil de chauffage, ce qui garanti le meilleur rendement de l’appareil de chauffage, sans fumées, et un encrassement minimum du conduit de cheminée. Les avantages d’un bois passé en séchoir : écorcé partiellement par le séchage et le tamisage sans parasites, insectes, champignons s’allume très facilement uniquement en quartiers brûle sans fumées n’encrasse pas la cheminée pas de gaspillage de calories Le mélange est uniquement constitué de hêtre, charme, chêne, les essences les plus calorifiques pour le bois de chauffage. Un stère de bois séché artificiellement représente 1,3 stère de bois mi-sec en terme d’énergie calorifique dégagée. Le volume d’un stère de bois rangé représente en 33cm, un volume de 0,7m3. Aussi lorsque le bois est coupé en longueur de 33cm le volume d’un stère de bois est de 0,6m3 et enfin lorsqu’il est coupé en longueur de 50cm, le volume d’un stère de bois est de 0,8m3. Plus le bois de chauffage est coupé court, mieux il s’empile et il y a moins de vides entre les bûches, le volume apparent diminue mais la quantité de bois reste la même. Humidité contrôlée et garantie inférieure à 10%. (Norme NF Bois de Chauffage) Longueur : 33 cm Livraison sur Palette, plus de renseignements dans la section livraison PALETTE BOIS DE CHAUFFAGE – 33 CM – 3 STÈRES ” Hêtre uniquement” * Une palette de bois de chauffage = 3 Stères Bois bûche de qualité supérieure Un bois bûche de qualité supérieure pour une utilisation immédiate dans l’appareil de chauffage, ce qui garanti le meilleur rendement de l’appareil de chauffage, sans fumées, et un encrassement minimum du conduit de cheminée. Les avantages d’un bois passé en séchoir : écorcé partiellement par le séchage et le tamisage sans parasites, insectes, champignons s’allume très facilement uniquement en quartiers brûle sans fumées n’encrasse pas la cheminée pas de gaspillage de calories Le mélange est uniquement constitué de hêtre, charme, chêne, les essences les plus calorifiques pour le bois de chauffage. Un stère de bois séché artificiellement représente 1,3 stère de bois mi-sec en terme d’énergie calorifique dégagée. Le volume d’un stère de bois rangé représente en 33cm, un volume de 0,7m3. Aussi lorsque le bois est coupé en longueur de 33cm le volume d’un stère de bois est de 0,6m3 et enfin lorsqu’il est coupé en longueur de 50cm, le volume d’un stère de bois est de 0,8m3. Plus le bois de chauffage est coupé court, mieux il s’empile et il y a moins de vides entre les bûches, le volume apparent diminue mais la quantité de bois reste la même. Humidité contrôlée et garantie inférieure à 10%. (Norme NF Bois de Chauffage) Longueur : 33 cm Livraison sur Palette, plus de renseignements dans la section livraison PALETTE BOIS DE CHAUFFAGE – 33 CM – 3 STÈRES ” Hêtre uniquement” * Une palette de bois de chauffage = 3 Stères Bois bûche de qualité supérieure Un bois bûche de qualité supérieure pour une utilisation immédiate dans l’appareil de chauffage, ce qui garanti le meilleur rendement de l’appareil de chauffage, sans fumées, et un encrassement minimum du conduit de cheminée. Les avantages d’un bois passé en séchoir : écorcé partiellement par le séchage et le tamisage sans parasites, insectes, champignons s’allume très facilement uniquement en quartiers brûle sans fumées n’encrasse pas la cheminée pas de ga",https://chaufobois.fr/product/palette-pure-en-bois-de-hetre-33-cm-3-steres/,https://chaufobois.fr/wp-content/uploads/2022/11/bois-de-chauffage-25-cm-melange-de-bois-durs-palette-2-m3-3-steres-1-1-1.jpeg,https://chaufobois.fr/wp-content/uploads/2022/11/1MM-1.jpeg,in stock,240.00 EUR,200.00 EUR,Chaufobois,CHB-4171,new,Home & Garden > Fireplace & Wood Stove Accessories > Firewood & Fuel,BOIS DE CHAUFFAGE > BÛCHES DE BOIS,
CHB-4168,Pellets Premium Crépito®,"Les granulés de bois Crépito® Pellets Premium sont 100 % naturels et issus de la valorisation des co-produits de l’industrie du bois. Leur fabrication est garantie sans additif, ni liant ajouté. Les granulés de bois Crépito® offrent d’excellentes performances calorifiques obtenues grâce à un contrôle qualité en temps réel du process, et des outils de fabrication, garantissant ainsi un rendement maximal des appareils de chauffage aux granulés. 100% NATUREL Les granulés de bois Crépito® Pellets Premium sont 100 % naturels et issus de la valorisation des co-produits de l’industrie du bois. Leur fabrication est garantie sans additif, ni liant ajouté. PERFORMANT Les granulés de bois Crépito® offrent d’excellentes performances calorifiques obtenues grâce à un contrôle qualité en temps réel du process, et des outils de fabrication, garantissant ainsi un rendement maximal des appareils de chauffage aux granulés. CERTIFIÉ Les Crépito® Pellets Premium sont certifiés DINplus et NF garantissant une sécurité et un confort d’utilisation optimum. Les granulés s’écoulent parfaitement via la vis sans fin dans le système de l’appareil grâce à une granulométrie constante et régulière. La très faible teneur en poussière et en humidité des granulés Crépito®, permet d’éviter tout bourrage ou encrassage et garantit longévité à l’appareil.",https://chaufobois.fr/product/pellets-premium-crepito/,https://chaufobois.fr/wp-content/uploads/2022/11/49-Pellets-Premium-CrepitoR.png,,in stock,310.00 EUR,280.00 EUR,Chaufobois,CHB-4168,new,Home & Garden > Fireplace & Wood Stove Accessories > Firewood & Fuel,GRANULÉS DE BOIS (PELLET),
CHB-4167,Pellet HELIOS – 1/2 Palette de 35 Sacs de 15KG,"Le pellet HELIOS est un granulé de bois de bonne qualité. Nous le commercialisons depuis plus de 10 ans et nos clients en sont parfaitement satisfaits. Le tester c’est ne plus le quitter !!! Les sacs de 15 kg sont transparents, ce qui vous permet d’apercevoir de suite, le taux de poussières et la couleur claire de ces granulés. Il respecte toutes les normes exigées par les certificats DIN Plus et EN Plus A1 : par exemple, un taux d’humidité < 10%, un taux de cendre < 0,7 % et un taux de poussières < 0,5 %, ainsi que des règle strictes sur la fabrication et l’entreposage des pellets. Ce pellet conviendra parfaitement à votre poêle, insert ou chaudière sans l’encrasser.",https://chaufobois.fr/product/pellet-helios-1-2-palette-de-35-sacs-de-15kg/,https://chaufobois.fr/wp-content/uploads/2022/11/pellet-helios-12-palette-de-35-sacs-de-15-kg-1.jpeg,,in stock,250.00 EUR,230.00 EUR,Chaufobois,CHB-4167,new,Home & Garden > Fireplace & Wood Stove Accessories > Firewood & Fuel,GRANULÉS DE BOIS (PELLET),
CHB-4166,Pellet BADGER – 1/2 Palette de  35 Sacs de 15 KG,"Les pellets Badger sont de fabrication Belge avec une qualité constante. Le bois est issus de résineux de forêts gérées durablement, car soucieux de l’environnement. Ces pellets sont 100 % naturels, sans colle ni additif et respectent les exigences des normes DIN Plus et EN Plus. Avec des contrôles réguliers, allant du processus de fabrication, de l’approvisionnement de la matière première à la confection. Vous avez la garantie d’acheter un pellet de qualité, hautement performant, qui conviendra à votre système de chauffage sans l’encrasser. Ces sacs sont constitués de papier recyclés et facilement recyclables. Il est donc plus facile de les jeter dans votre poubelle à papier. En choisissant ce pellet, vous serez garantis d’avoir un pellet haut de gamme, de bonne qualité, très connu sur le marché depuis plus de 10 ans",https://chaufobois.fr/product/pellet-badger-1-2-palette-de-35-sacs-de-15-kg/,https://chaufobois.fr/wp-content/uploads/2022/11/pellets-badger-12-palette-de-35-sacs-de-15-kg-1.jpeg,,in stock,210.00 EUR,,Chaufobois,CHB-4166,new,Home & Garden > Fireplace & Wood Stove Accessories > Firewood & Fuel,GRANULÉS DE BOIS (PELLET),
CHB-4165,"Bûches extra sec 30 cm, 1.45 stères, 1.3m³ vrac",Nom du produit Bûches Longueur (en cm) 30 Poids du produit nu (en kg) 465 Type de conditionnement En palette Produit emballé : hauteur (en cm) 125 Produit emballé : largeur (en cm) 120 Produit emballé : profondeur (en cm) 100 Produit emballé : poids (en kg) 485,https://chaufobois.fr/product/buches-extra-sec-30-cm-1-45-steres-1-3m%c2%b3-vrac/,https://chaufobois.fr/wp-content/uploads/2022/11/Sans-titre-10.png,,in stock,179.00 EUR,120.00 EUR,Chaufobois,CHB-4165,new,Home & Garden > Fireplace & Wood Stove Accessories > Firewood & Fuel,BÛCHES DE BOIS,
CHB-4136,"Bûches L.50 cm, palette 1.5 stères",Nom du produit Bûches Longueur (en cm) 50 Poids du produit nu (en kg) 0 Type de conditionnement En palette Produit emballé : hauteur (en cm) 110 Produit emballé : largeur (en cm) 100 Produit emballé : profondeur (en cm) 120 Produit emballé : poids (en kg) 500,https://chaufobois.fr/product/buches-l-50-cm-palette-1-5-steres/,https://chaufobois.fr/wp-content/uploads/2022/11/A-51.jpg,,in stock,138.00 EUR,108.00 EUR,Chaufobois,CHB-4136,new,Home & Garden > Fireplace & Wood Stove Accessories > Firewood & Fuel,BÛCHES DE BOIS,
CHB-4135,"Bûches extra sec 30 cm, 2,24 stères, 2m³ vrac",Nom du produit Bûches Longueur (en cm) 30 Poids du produit nu (en kg) 730 Type de conditionnement En palette Produit emballé : hauteur (en cm) 185 Produit emballé : largeur (en cm) 120 Produit emballé : profondeur (en cm) 100 Produit emballé : poids (en kg) 750,https://chaufobois.fr/product/buches-extra-sec-30-cm-224-steres-2m%c2%b3-vrac/,https://chaufobois.fr/wp-content/uploads/2022/11/Sans-titre-9.png,,in stock,259.00 EUR,159.00 EUR,Chaufobois,CHB-4135,new,Home & Garden > Fireplace & Wood Stove Accessories > Firewood & Fuel,BÛCHES DE BOIS,
CHB-4134,"Bois de chauffage – Bûches 40 cm, 8.30m³, 11.25 stères + 40 sacs bois d’allumage",Nom du produit Bûches Matière principale Bois Longueur (en cm) 40 Poids du produit nu (en kg) 4041.8 Type de conditionnement En palette Produit emballé : hauteur (en cm) 198 Produit emballé : largeur (en cm) 120 Produit emballé : profondeur (en cm) 100 Produit emballé : poids (en kg) 4041.8,https://chaufobois.fr/product/bois-de-chauffage-buches-40-cm-8-30m%c2%b3-11-25-steres-40-sacs-bois-dallumage/,https://chaufobois.fr/wp-content/uploads/2022/11/Sans-titre-17-copie-600x401-1.png,,in stock,1519.00 EUR,875.00 EUR,Chaufobois,CHB-4134,new,Home & Garden > Fireplace & Wood Stove Accessories > Firewood & Fuel,BÛCHES DE BOIS,
CHB-4133,"Bois de chauffage – Bûches 25 cm, 5.67m³, 9.45 stères + 24 sacs bois d’allumage",Nom du produit Bûches Matière principale Bois Longueur (en cm) 25 Poids du produit nu (en kg) 3343.08 Type de conditionnement En palette Produit emballé : hauteur (en cm) 198 Produit emballé : largeur (en cm) 120 Produit emballé : profondeur (en cm) 100 Produit emballé : poids (en kg) 3343.08,https://chaufobois.fr/product/bois-de-chauffage-buches-25-cm-5-67m%c2%b3-9-45-steres-24-sacs-bois-dallumage/,https://chaufobois.fr/wp-content/uploads/2022/11/Sans-titre-17-copie-600x401-1.png,,in stock,1246.00 EUR,715.00 EUR,Chaufobois,CHB-4133,new,Home & Garden > Fireplace & Wood Stove Accessories > Firewood & Fuel,BÛCHES DE BOIS,
CHB-4132,"Bûches extra sec 25 cm, 2.6 stères, 2m³ vrac",Nom du produit Bûches Longueur (en cm) 25 Poids du produit nu (en kg) 848 Type de conditionnement En palette Produit emballé : hauteur (en cm) 185 Produit emballé : largeur (en cm) 100 Produit emballé : profondeur (en cm) 120 Produit emballé : poids (en kg) 868,https://chaufobois.fr/product/buches-extra-sec-25-cm-2-6-steres-2m%c2%b3-vrac/,https://chaufobois.fr/wp-content/uploads/2022/11/Sans-titre-9.png,,in stock,299.00 EUR,185.00 EUR,Chaufobois,CHB-4132,new,Home & Garden > Fireplace & Wood Stove Accessories > Firewood & Fuel,BÛCHES DE BOIS,
CHB-4131,"Bois de chauffage – Bûches 40 cm, 3.32m³, 4.5 stères + 16 sacs bois d’allumage","Issu des meilleurs essences de feuillus durs (chêne, charme, hêtre) Bois séché à moins de 20 % d’humidité, écorcé et sans mousse Haute performance calorifique Certifié NF bois de chauffage H1G1 et testé CERIC Nom du produit Bûches Matière principale Bois Longueur (en cm) 40 Poids du produit nu (en kg) 1616.72 Type de conditionnement En palette Produit emballé : hauteur (en cm) 198 Produit emballé : largeur (en cm) 120 Produit emballé : profondeur (en cm) 100 Produit emballé : poids (en kg) 1616.72 Issu des meilleurs essences de feuillus durs (chêne, charme, hêtre) Bois séché à moins de 20 % d’humidité, écorcé et sans mousse Haute performance calorifique Certifié NF bois de chauffage H1G1 et testé CERIC Nom du produit Bûches Matière principale Bois Longueur (en cm) 40 Poids du produit nu (en kg) 1616.72 Type de conditionnement En palette Produit emballé : hauteur (en cm) 198 Produit emballé : largeur (en cm) 120 Produit emballé : profondeur (en cm) 100 Produit emballé : poids (en kg) 1616.72 Issu des meilleurs essences de feuillus durs (chêne, charme, hêtre) Bois séché à moins de 20 % d’humidité, écorcé et sans mousse Haute performance calorifique Certifié NF bois de chauffage H1G1 et testé CERIC Nom du produit Bûches Matière principale Bois Longueur (en cm) 40 Poids du produit nu (en kg) 1616.72 Type de conditionnement En palette Produit emballé : hauteur (en cm) 198 Produit emballé : largeur (en cm) 120 Produit emballé : profondeur (en cm) 100 Produit emballé : poids (en kg) 1616.72",https://chaufobois.fr/product/bois-de-chauffage-buches-40-cm-3-32m%c2%b3-4-5-steres-16-sacs-bois-dallumage/,https://chaufobois.fr/wp-content/uploads/2022/11/1-1.png,https://chaufobois.fr/wp-content/uploads/2022/11/2.png,in stock,638.00 EUR,382.00 EUR,Chaufobois,CHB-4131,new,Home & Garden > Fireplace & Wood Stove Accessories > Firewood & Fuel,BÛCHES DE BOIS,
CHB-4130,"Bûches 25 cm, 3.78m³, 6.30 stères + 16 sacs bois d’allumage","Issu des meilleurs essences de feuillus durs (chêne, charme, hêtre) Bois séché à moins de 20 % d’humidité, écorcé et sans mousse Haute performance calorifique Certifié NF bois de chauffage H1G1 et testé CERIC Nom du produit Bûches Matière principale Bois Longueur (en cm) 25 Poids du produit nu (en kg) 2228.72 Type de conditionnement En palette Produit emballé : hauteur (en cm) 198 Produit emballé : largeur (en cm) 120 Produit emballé : profondeur (en cm) 100 Produit emballé : poids (en kg) 2228.72 Issu des meilleurs essences de feuillus durs (chêne, charme, hêtre) Bois séché à moins de 20 % d’humidité, écorcé et sans mousse Haute performance calorifique Certifié NF bois de chauffage H1G1 et testé CERIC Nom du produit Bûches Matière principale Bois Longueur (en cm) 25 Poids du produit nu (en kg) 2228.72 Type de conditionnement En palette Produit emballé : hauteur (en cm) 198 Produit emballé : largeur (en cm) 120 Produit emballé : profondeur (en cm) 100 Produit emballé : poids (en kg) 2228.72 Issu des meilleurs essences de feuillus durs (chêne, charme, hêtre) Bois séché à moins de 20 % d’humidité, écorcé et sans mousse Haute performance calorifique Certifié NF bois de chauffage H1G1 et testé CERIC Nom du produit Bûches Matière principale Bois Longueur (en cm) 25 Poids du produit nu (en kg) 2228.72 Type de conditionnement En palette Produit emballé : hauteur (en cm) 198 Produit emballé : largeur (en cm) 120 Produit emballé : profondeur (en cm) 100 Produit emballé : poids (en kg) 2228.72",https://chaufobois.fr/product/buches-25-cm-3-78m%c2%b3-6-30-steres-16-sacs-bois-dallumage/,https://chaufobois.fr/wp-content/uploads/2022/11/Sans-titre-17-copie-600x401-2.png,,in stock,840.00 EUR,504.00 EUR,Chaufobois,CHB-4130,new,Home & Garden > Fireplace & Wood Stove Accessories > Firewood & Fuel,BÛCHES DE BOIS,
CHB-4129,"Bois de chauffage – Bûches 25 cm, 1.89m³, 3.15 stères + 8 sacs bois d’allumage","Issu des meilleurs essences de feuillus durs (chêne, charme, hêtre) Bois séché à moins de 20 % d’humidité, écorcé et sans mousse Haute performance calorifique Certifié NF bois de chauffage H1G1 et testé CERIC Nom du produit Bûches Matière principale Bois Longueur (en cm) 25 Poids du produit nu (en kg) 1114.36 Type de conditionnement En palette Produit emballé : hauteur (en cm) 198 Produit emballé : largeur (en cm) 120 Produit emballé : profondeur (en cm) 100 Produit emballé : poids (en kg) 1129.36 Issu des meilleurs essences de feuillus durs (chêne, charme, hêtre) Bois séché à moins de 20 % d’humidité, écorcé et sans mousse Haute performance calorifique Certifié NF bois de chauffage H1G1 et testé CERIC Nom du produit Bûches Matière principale Bois Longueur (en cm) 25 Poids du produit nu (en kg) 1114.36 Type de conditionnement En palette Produit emballé : hauteur (en cm) 198 Produit emballé : largeur (en cm) 120 Produit emballé : profondeur (en cm) 100 Produit emballé : poids (en kg) 1129.36 Issu des meilleurs essences de feuillus durs (chêne, charme, hêtre) Bois séché à moins de 20 % d’humidité, écorcé et sans mousse Haute performance calorifique Certifié NF bois de chauffage H1G1 et testé CERIC Nom du produit Bûches Matière principale Bois Longueur (en cm) 25 Poids du produit nu (en kg) 1114.36 Type de conditionnement En palette Produit emballé : hauteur (en cm) 198 Produit emballé : largeur (en cm) 120 Produit emballé : profondeur (en cm) 100 Produit emballé : poids (en kg) 1129.36",https://chaufobois.fr/product/bois-de-chauffage-buches-25-cm-1-89m%c2%b3-3-15-steres-8-sacs-bois-dallumage/,https://chaufobois.fr/wp-content/uploads/2022/11/Sans-titre-17-copie-600x401-2.png,,in stock,425.00 EUR,285.00 EUR,Chaufobois,CHB-4129,new,Home & Garden > Fireplace & Wood Stove Accessories > Firewood & Fuel,BÛCHES DE BOIS,
CHB-4128,"Bûches 40 cm, 1.66m³, 2.25 stères + 8 sacs bois d’allumage","Issu des meilleurs essences de feuillus durs (chêne, charme, hêtre) Bois séché à moins de 20 % d’humidité, écorcé et sans mousse Haute performance calorifique Certifié NF bois de chauffage H1G1 et testé CERIC Nom du produit Bûches Matière principale Bois Longueur (en cm) 40 Poids du produit nu (en kg) 808.36 Type de conditionnement En palette Produit emballé : hauteur (en cm) 198 Produit emballé : largeur (en cm) 120 Produit emballé : profondeur (en cm) 100 Produit emballé : poids (en kg) 823.36 Issu des meilleurs essences de feuillus durs (chêne, charme, hêtre) Bois séché à moins de 20 % d’humidité, écorcé et sans mousse Haute performance calorifique Certifié NF bois de chauffage H1G1 et testé CERIC Nom du produit Bûches Matière principale Bois Longueur (en cm) 40 Poids du produit nu (en kg) 808.36 Type de conditionnement En palette Produit emballé : hauteur (en cm) 198 Produit emballé : largeur (en cm) 120 Produit emballé : profondeur (en cm) 100 Produit emballé : poids (en kg) 823.36 Issu des meilleurs essences de feuillus durs (chêne, charme, hêtre) Bois séché à moins de 20 % d’humidité, écorcé et sans mousse Haute performance calorifique Certifié NF bois de chauffage H1G1 et testé CERIC Nom du produit Bûches Matière principale Bois Longueur (en cm) 40 Poids du produit nu (en kg) 808.36 Type de conditionnement En palette Produit emballé : hauteur (en cm) 198 Produit emballé : largeur (en cm) 120 Produit emballé : profondeur (en cm) 100 Produit emballé : poids (en kg) 823.36",https://chaufobois.fr/product/buches-40-cm-1-66m%c2%b3-2-25-steres-8-sacs-bois-dallumage/,https://chaufobois.fr/wp-content/uploads/2022/11/Sans-titre-17-copie-600x401-2.png,,in stock,323.00 EUR,195.00 EUR,Chaufobois,CHB-4128,new,Home & Garden > Fireplace & Wood Stove Accessories > Firewood & Fuel,BÛCHES DE BOIS,
CHB-4127,Bois de chauffage – 25 CM – Haute performance – 2 M3 – 2.60 Stères,"Référence BUCHE_25_BALLOT2000 Fiche technique Composition : 100 % feuillus durs : chêne – charme – hêtre – frêne Certificats : NF Pouvoir Calorifique : Supérieur à 3.9 kWh/kg Taux D’humidité : Inférieur à 20% Taux De Cendres : Inférieur à 1.5 % Essence : chêne – charme – hêtre – frêne Volume En M3 : 2 m3 Volume En Stères : 2.6 stères Dimensions Palette : 100x120x185cm Technique De Séchage : En étuve Type De Bois : Bois dur Longueur : 25 cm Diamètre : de 5 cm à 15 cm Conditionnement : Palette Origine : France Si vous recherchez du bois propre, écorcé, pratique à manipuler c’est ce bois qu’il vous faut. Plus besoin de refendre les bûches car les sections sont petites (de 5 à 15 cm) Du bois durs, propre (brossé en tambour écorceur) et ultra sec avec un taux d’humidité à 20% (Groupe H1 G1). Un bois haute performance pour moins d’émissions de particules. Grâce à des bûches sans poussières et sans terre, vous obtiendrez une combustion optimale sans encrasser votre appareil. Elles génèrent 2 à 3 fois moins de cendres que du bois à 35% d’humidité. Avec un bon pouvoir calorifique, l’allumage est rapide et vous aurez une chaleur constante tout au long du feu. Ce bois est certifié NF, 100% français. Il est contrôlé régulièrement au laboratoire CERIC. Référence BUCHE_25_BALLOT2000",https://chaufobois.fr/product/bois-de-chauffage-25-cm-haute-performance-2-m3-2-60-steres/,https://chaufobois.fr/wp-content/uploads/2022/11/A-42.jpg,,in stock,353.00 EUR,253.00 EUR,Chaufobois,CHB-4127,new,Home & Garden > Fireplace & Wood Stove Accessories > Firewood & Fuel,BOIS DE CHAUFFAGE,
CHB-4126,Bois de chauffage – 25 cm – Palette 2 m3 – 3.3 stères,"Référence BUCHE_2M3_25 Fiche technique Certificats : PEFC Taux D’humidité : 25 à 30% Essence : Mélange de bois durs Volume En M3 : 2 m3 Volume En Stères : 3.3 stères Dimensions Palette : L120xl95xH200cm Technique De Séchage : Naturel en extérieur Type De Bois : Bois dur Longueur : 25 cm Conditionnement : Palette Origine : Belgique Cette palette de bois d’environ 2 mètres de haut est facile à ranger (sous réserve d’accessibilité) et vous garantit d’avoir le nombre de stères commandé. Des bûches refendues en 25 cm, spécialement conçues pour les petits poêles ou foyers à bois. Plus le bois est sec et plus le pouvoir calorifique sera élevé et la montée en température sera plus rapide. En brûlant du bois sec, vous encrasserez pas votre chauffage et dégagerez moins de fumées polluantes. En choisissant de vous chauffer au bois, vous choisissez un chauffage écologique tout en faisant des économies. Référence BUCHE_2M3_25",https://chaufobois.fr/product/bois-de-chauffage-25-cm-palette-2-m3-3-3-steres/,https://chaufobois.fr/wp-content/uploads/2022/11/A-41.jpg,,in stock,319.00 EUR,219.00 EUR,Chaufobois,CHB-4126,new,Home & Garden > Fireplace & Wood Stove Accessories > Firewood & Fuel,BOIS DE CHAUFFAGE,
CHB-4125,BOIS DE CHAUFFAGE – 30 CM – HAUTE PERFORMANCE – 2 M3 – 2.24 STÈRES,"Référence BUCHE_30_BALLOT2000 Fiche technique Composition : 100 % feuillus durs : chêne – charme – hêtre – frêne Certificats : NF Pouvoir Calorifique : Supérieur à 3.9 kWh/kg Taux D’humidité : Inférieur à 20% Taux De Cendres : Inférieur à 1.5% Essence : chêne – charme – hêtre – frêne Volume En M3 : 2 m3 Volume En Stères : 2.24 stères Dimensions Palette : 100x120x185cm Technique De Séchage : En étuve Type De Bois : Bois dur Longueur : 30 cm Diamètre : de 5 cm à 15 cm Conditionnement : Palette Origine : France Si vous recherchez du bois propre, écorcé, pratique à manipuler c’est ce bois qu’il vous faut. Bois en bûches bien refendues en 30 cm, petite section, idéal pour les petits appareils de chauffage : poêles ou inserts. Un bois haute performance pour moins d’émissions de particules. Les bûches étant rangées en vrac sur cette palette, vous les aurez à portée de main. Moins de contraintes qu’avec les autres bois, car celui-ci étant écorcé partiellement, il sera moins poussiéreux. (brossé en tambour écorceur) Plus facile à manipuler, vous bénéficierez d’une chaleur constante sans encrasser votre appareil. Du bois durs, ultra sec prêt à utiliser, NF, 100% français. (Groupe H1 G1) Référence BUCHE_30_BALLOT2000",https://chaufobois.fr/product/bois-de-chauffage-30-cm-haute-performance-2-m3-2-24-steres/,https://chaufobois.fr/wp-content/uploads/2022/11/A-40.jpg,,in stock,313.00 EUR,213.00 EUR,Chaufobois,CHB-4125,new,Home & Garden > Fireplace & Wood Stove Accessories > Firewood & Fuel,BOIS DE CHAUFFAGE,
CHB-4124,BOIS DE CHAUFFAGE – 45 CM – MÉLANGE DE BOIS DURS – PALETTE 2 M3 – 2.6 STÈRES,"Référence BUCHE_2M3_45 Fiche technique Certificats : PEFC Taux D’humidité : 25 à 30% Essence : Mélange de bois durs Volume En M3 : 2 m3 Volume En Stères : 2.6 stères Dimensions Palette : L120xl95xH200cm Technique De Séchage : Naturel en extérieur Type De Bois : Bois dur Longueur : 45 cm Conditionnement : Palette Origine : Belgique Cette palette de bois d’environ 2 mètres de haut est facile à ranger (sous réserve d’accessibilité) et vous garantit d’avoir le nombre de stère commandé. La palette contient plusieurs essences, exclusivement des bois durs. Cela est donc idéal pour un bon équilibre entre braises et flammes vives. Le bois est bien refendu en bûches de 45 cm, le format idéal pour une cheminée ou un insert. Bois de types lourds ou bois de types légers? Les bois légers sont faciles à allumer mais se consument beaucoup trop vite (peuplier, érable, tilleul, aulne…) Les bois lourds sont plus difficile à allumer mais ils possèdent un pouvoir calorifique élevé et se consument lentement. Il est fortement recommandé d’éviter de brûler des résineux dans votre poêle à bois car ils encrassent votre système de chauffage, gênèrent beaucoup de fumée et émettent des projections pendant la combustion (foyer ouvert) Il faut éviter de brûler des bois qui éclatent, comme le châtaignier et le platane car ils projettent des braises surtout ne pas utiliser dans des foyers ouverts. Il faut également éviter les bois qui encrassent, comme les résineux et les bois trop humide car ils font trop de fumées et ils déposent de la résine dans les conduits. Référence BUCHE_2M3_45",https://chaufobois.fr/product/bois-de-chauffage-45-cm-melange-de-bois-durs-palette-2-m3-2-6-steres/,https://chaufobois.fr/wp-content/uploads/2022/11/A-7-1.png,,in stock,309.00 EUR,209.00 EUR,Chaufobois,CHB-4124,new,Home & Garden > Fireplace & Wood Stove Accessories > Firewood & Fuel,BOIS DE CHAUFFAGE,
CHB-4123,BOIS DE CHAUFFAGE – 33 CM – MÉLANGE DE BOIS DURS – PALETTE 2 M3 – 2.9 STÈRES,"Référence BUCHE_2M3_33 Fiche technique Certificats : PEFC Taux D’humidité : 25 à 30% Essence : frêne, hêtre, charme, chêne Volume En M3 : 2 m3 Volume En Stères : 2.9 stères Dimensions Palette : L120xl95xH200cm Technique De Séchage : Naturel en extérieur Type De Bois : Bois dur Longueur : 33 cm Conditionnement : Palette Origine : Belgique Cette palette de bois d’environ 2 mètres de haut est facile à ranger (sous réserve d’accessibilité) et vous garantit d’avoir le nombre exact de stère commandé. La palette contient plusieurs essences, exclusivement des bois durs : 60% de frêne, 20% de hêtre et 20% de charme. Cela est donc idéal pour un bon équilibre entre braises et flammes vives. Le bois est bien refendu en bûches de 33-35 cm, le format idéal pour un poêle à bois ou un petit insert. Quelles sont les essences de bois à privilégier pour le chauffage? Il existe différentes essences bonnes à utiliser dans votre poêle à bois : le hêtre, le chêne, le charme et le frêne. Ce sont des essences de type feuillus et sont idéales pour le chauffage car ils possèdent un fort pouvoir calorifique, les bûches de bois feront de bonnes braises et de belles flammes. Certains utilisent des bois de types légers, comme l’aulne par exemple. Mais ils consommeront beaucoup plus vite leur bois, car ces bois brûle plus rapidement et donnent moins de chaleur. Référence BUCHE_2M3_33",https://chaufobois.fr/product/bois-de-chauffage-33-cm-melange-de-bois-durs-palette-2-m3-2-9-steres/,https://chaufobois.fr/wp-content/uploads/2022/11/A-39.jpg,,in stock,299.00 EUR,199.00 EUR,Chaufobois,CHB-4123,new,Home & Garden > Fireplace & Wood Stove Accessories > Firewood & Fuel,BOIS DE CHAUFFAGE,
CHB-4122,BOIS DE CHAUFFAGE – 30 CM – MÉLANGE DE BOIS DURS – PALETTE 2 M3 – 3 STÈRES,"Référence BUCHE_2M3_30 Fiche technique Taux D’humidité : 25 à 30% Essence : frêne, hêtre, charme, chêne Volume En M3 : 2 m3 Volume En Stères : 3 stères Dimensions Palette : L120xl95xH200cm Technique De Séchage : Naturel en extérieur Type De Bois : Bois dur Longueur : 30 cm Conditionnement : Palette Origine : Belgique Mélange de bois durs, séchage naturel, stocké en extérieur pour qu’il reste ventilé. La palette contient plusieurs essences de bois durs : frêne, hêtre, chêne et charme. Cela est donc idéal pour un bon équilibre entre braises et flammes vives. Il y a aura des bûches plus faciles à allumer et d’autres qui serviront à faire tenir le feu plus longtemps. Le bois est bien refendu en bûches de 30 cm, le format idéal pour un petit poêle ou un petit insert à bois. Essences de bois à privilégier pour le chauffage? Il existe différentes essences bonnes à utiliser dans votre poêle à bois : le hêtre, le chêne, le charme et le frêne. Ce sont des essences de type feuillus et sont idéales pour le chauffage car ils possèdent un fort pouvoir calorifique, les bûches de bois feront de bonnes braises et de belles flammes. Certains utilisent des bois de types légers, comme l’aulne par exemple. Mais ils consommeront beaucoup plus vite leur bois, car ces bois brûle plus rapidement et donnent moins de chaleur. Référence BUCHE_2M3_30",https://chaufobois.fr/product/bois-de-chauffage-30-cm-melange-de-bois-durs-palette-2-m3-3-steres/,https://chaufobois.fr/wp-content/uploads/2022/11/A-38.jpg,,in stock,297.00 EUR,197.00 EUR,Chaufobois,CHB-4122,new,Home & Garden > Fireplace & Wood Stove Accessories > Firewood & Fuel,BOIS DE CHAUFFAGE,
CHB-4121,BOIS DE CHAUFFAGE – 50 CM – MÉLANGE DE BOIS DURS – PALETTE 2 M3 – 2.5 STÈRES,"Référence BUCHE_2M3_50 Fiche technique Taux D’humidité : 20 à 25% Essence : Mélange de bois durs Volume En M3 : 2 m3 Volume En Stères : 2.5 stères Dimensions Palette : L120xl95xH200cm Technique De Séchage : Naturel en extérieur Type De Bois : Bois dur Longueur : 50 cm Conditionnement : Palette Origine : Belgique Cette palette de bois d’environ 2 mètres de haut est facile à ranger (sous réserve d’accessibilité) et vous garantit d’avoir le nombre de stères commandé. Ces bûches sont refendues en 50 cm, idéales pour les cheminées et inserts. N’oubliez pas que pour bien faire sécher votre bois, il faut le stocker dans un endroit sec, ventilé et à l’abri de l’humidité. L’idéal est sous abri de type préau (ouvert sur le devant et fermé sur les côtés et le dessus) comme cela l’air passe bien entre le bois et la pluie n’entre pas. Référence BUCHE_2M3_50",https://chaufobois.fr/product/bois-de-chauffage-50-cm-melange-de-bois-durs-palette-2-m3-2-5-steres/,https://chaufobois.fr/wp-content/uploads/2022/11/A-37.jpg,,in stock,297.00 EUR,197.00 EUR,Chaufobois,CHB-4121,new,Home & Garden > Fireplace & Wood Stove Accessories > Firewood & Fuel,BOIS DE CHAUFFAGE,
CHB-4120,BOIS DE CHAUFFAGE – 40 CM – HAUTE PERFORMANCE – 2 M3 – 1.85 STÈRES,"Référence BUCHE_40_BALLOT2000 Fiche technique Composition : 100 % feuillus durs : chêne – charme – hêtre – frêne Certificats : NF Pouvoir Calorifique : Supérieur à 3.9 kWh/kg Taux D’humidité : Inférieur à 20% Taux De Cendres : Inférieur à 1.5% Essence : chêne – charme – hêtre – frêne Volume En M3 : 2 m3 Volume En Stères : 1.85 stères Dimensions Palette : 100x120x185cm Technique De Séchage : En étuve Type De Bois : Bois dur Longueur : 40 cm Diamètre : de 5 cm à 15 cm Conditionnement : Palette Origine : France Si vous recherchez du bois propre, écorcé, pratique à manipuler c’est ce bois qu’il vous faut. Du bois durs, ultra sec, bien refendu, petite section et propre. (Groupe H1 G1 et brossé en tambour écorceur) Un bois haute performance pour moins d’émissions de particules. Facile à utiliser grâce à des bûches mises en vrac sur palette. Un allumage facile, rapide et une chaleur constante tout au long du feu. Petits conseils pour bien utiliser ce bois : Positionnez une ou 2 bûches au milieu de votre foyer Ajoutez du petit bois d’allumage et un allume feu Allumez à l’aide d’une allumette sur l’allume feu Vous n’aurez plus qu’à profiter d’un bon feu. Référence BUCHE_40_BALLOT2000",https://chaufobois.fr/product/bois-de-chauffage-40-cm-haute-performance-2-m3-1-85-steres/,https://chaufobois.fr/wp-content/uploads/2022/11/A-36.jpg,,in stock,273.00 EUR,175.00 EUR,Chaufobois,CHB-4120,new,Home & Garden > Fireplace & Wood Stove Accessories > Firewood & Fuel,BOIS DE CHAUFFAGE,
CHB-4119,BOIS DE CHAUFFAGE – 33 CM – SEC – MÉLANGE DE BOIS DURS – PALETTE 1 M3 – 1.5 STÈRES,"Référence BUCHE_1M3_33 Fiche technique Taux D’humidité : 20 et 25% Essence : Charme, chêne, hêtre et frêne Volume En M3 : 1 m3 Volume En Stères : 1,5 stères Technique De Séchage : Naturel en extérieur Type De Bois : Bois dur Longueur : 33 cm Conditionnement : Demi palette Origine : France Ces box de bois sont constitués de mélanges de bois durs, séchés naturellement à l’air libre, et stocké en extérieur pour qu’il reste ventilé. Le mélange de bois permet d’obtenir des flammes autant que des braises. Ces bois sont conseillés pour le chauffage ou la flambée d’agrément et ont un excellent pouvoir calorifique. Les bûches sont coupées en 33 cm puis rangées sur palette, ce qui garantit le nombre de stères commandés. Son petit format est idéal pour les personnes ayant peu de place de stockage ou pour une petite flambée occasionnelle. Ce bois est fabriqué en Belgique et 100% naturel. Il convient parfaitement aux poêles et inserts à bois pour des tailles de bûches allant jusqu’à 33 cm. Référence BUCHE_1M3_33",https://chaufobois.fr/product/bois-de-chauffage-33-cm-sec-melange-de-bois-durs-palette-1-m3-1-5-steres/,https://chaufobois.fr/wp-content/uploads/2022/11/A-35.jpg,,in stock,209.00 EUR,125.00 EUR,Chaufobois,CHB-4119,new,Home & Garden > Fireplace & Wood Stove Accessories > Firewood & Fuel,BOIS DE CHAUFFAGE,
CHB-4118,BOIS DE CHAUFFAGE – 45 CM – SEC – MÉLANGE DE BOIS DURS – PALETTE 1 M3 – 1.3 STÈRES,"Référence BUCHE_1M3_45 Fiche technique Taux D’humidité : 20 à 25% Essence : charme, chêne, frêne et hêtre Volume En M3 : 1 m3 Volume En Stères : 1,3 stères Technique De Séchage : Naturel en extérieur Type De Bois : Bois dur Longueur : 45 cm Conditionnement : Demi palette Origine : France Mélange de bois durs, séchage naturel, stocké en extérieur pour qu’il reste ventilé. Grâce au mélange de bois, vous pourrez aussi bien obtenir des flammes que des braises. Ces bois sont parfaitement conseillés pour le chauffage et ont un fort pouvoir calorifique. Les bûches sont coupées en 45 cm puis rangées dans une palette, ce qui est plus propre et garanti le nombre de stères commandés. Pratique avec son petit format pour les personnes ayant peu de place de stockage ou pour une petite flambée occasionnelle. Ce bois est fabriqué en France et 100% naturel. Il conviendra parfaitement aux poêles et inserts à bois pour des tailles de bûches allant jusqu’à 45 cm de long. Référence BUCHE_1M3_45",https://chaufobois.fr/product/bois-de-chauffage-45-cm-sec-melange-de-bois-durs-palette-1-m3-1-3-steres/,https://chaufobois.fr/wp-content/uploads/2022/11/A-35.jpg,,in stock,209.00 EUR,125.00 EUR,Chaufobois,CHB-4118,new,Home & Garden > Fireplace & Wood Stove Accessories > Firewood & Fuel,BOIS DE CHAUFFAGE,
CHB-4084,BOIS DE CHAUFFAGE – 30 CM – SEC – MÉLANGE DE BOIS DURS – PALETTE 1 M3 – 1.5 STÈRES,"Référence BUCHE_1M3_30 Fiche technique Taux D’humidité : 20 et 25% Essence : Charme, chêne, hêtre et frêne Volume En M3 : 1 m3 Volume En Stères : 1,5 stères Technique De Séchage : Naturel en extérieur Type De Bois : Bois dur Longueur : 30 cm Conditionnement : Demi palette Origine : France Mélange de bois durs, séchage naturel, stocké en extérieur pour qu’il reste ventilé. Grâce au mélange de bois, vous pourrez aussi bien obtenir des flammes que des braises. Ces bois sont parfaitement conseillés pour le chauffage et ont un fort pouvoir calorifique. Les bûches sont coupées en 30 cm puis rangées dans une palette, ce qui est plus propre et garanti le nombre de stères commandés. Pratique avec son petit format pour les personnes ayant peu de place de stockage ou pour une petite flambée occasionnelle. Ce bois est fabriqué en France et 100% naturel. Il conviendra parfaitement aux poêles et inserts à bois pour des tailles de bûches allant jusqu’à 30 cm de long. Référence BUCHE_1M3_30",https://chaufobois.fr/product/bois-de-chauffage-30-cm-sec-melange-de-bois-durs-palette-1-m3-1-5-steres/,https://chaufobois.fr/wp-content/uploads/2022/11/A-34.jpg,,in stock,207.00 EUR,120.00 EUR,Chaufobois,CHB-4084,new,Home & Garden > Fireplace & Wood Stove Accessories > Firewood & Fuel,BOIS DE CHAUFFAGE,
CHB-4083,BOIS DE CHAUFFAGE – 50 CM – SEC – MÉLANGE DE BOIS DURS – PALETTE 1 M3 – 1.3 STÈRES,"Référence BUCHE_1M3_50 Fiche technique Taux D’humidité : entre 20 et 25% Essence : frêne, hêtre, charme, chêne Volume En M3 : 1 m3 Volume En Stères : 1,3 stères Technique De Séchage : Naturel en extérieur Type De Bois : Bois dur Longueur : 50 cm Conditionnement : Demi palette Origine : Belgique Mélange de bois durs, séchage naturel, stocké en extérieur pour qu’il reste ventilé. Le mélange d’essences de bois permet d’obtenir à la fois des flammes et des braises. Les bûches sont refendues et coupées en longueurs de 50 cm puis rangées dans une palette, ce qui vous garantit de recevoir la quantité de bois commandée, contrairement au vrac. Les box de 1 m3 sont pratiques avec leur petit format, pour les personnes ne souhaitant pas stocker trop de bois ou n’ayant pas une utilisation intensive du chauffage au bois. Ce bois de chauffage est fabriqué en Belgique. Il conviendra parfaitement aux grands foyers des poêles et inserts à bois. Référence BUCHE_1M3_50",https://chaufobois.fr/product/bois-de-chauffage-50-cm-sec-melange-de-bois-durs-palette-1-m3-1-3-steres/,https://chaufobois.fr/wp-content/uploads/2022/11/A-33.jpg,,in stock,193.00 EUR,105.00 EUR,Chaufobois,CHB-4083,new,Home & Garden > Fireplace & Wood Stove Accessories > Firewood & Fuel,BOIS DE CHAUFFAGE,
CHB-4082,Pellet Moulin Bois Energie  – Palette de 65 Sacs de 15 KG,"Référence PELLET_PALETTE_MOULINBOISENERGIE Fiche technique Certificats : EN Plus A1, PEFC Pouvoir Calorifique : Supérieur à 5 kWh/kg Taux D’humidité : 8 % Taux De Cendres : Inférieur à 0,5 % Taux De Poussière : Inférieur à 0,5 % Conditionnement : Palette Origine : France Moulin Bois Energie, située en Auvergne, propose des granulés de bois soumis à des normes strictes avec des contrôles de qualité réguliers. Un produit de très bonne qualité, garantissant un combustible 100 % naturel, performant et écologique. Ce pellet est certifié EN Plus A1, norme Européenne, qui veille au contrôle de la fabrication, ainsi qu’à l’entreposage des pellets. Il est parfaitement fait pour une utilisation, sans encrasser, dans les poêles, chaudières et inserts à granulés. MOULIN BOIS ENERGIE est une société dédiée à la production d’énergie verte. Elle subit de nombreux contrôles qualité afin de garantir un pellet performant, naturel et respectueux de l’environnement. En choisissant ce pellet, vous choisissez la qualité Française à très bon prix. Référence PELLET_PALETTE_MOULINBOISENERGIE",https://chaufobois.fr/product/pellet-moulin-bois-energie-palette-de-65-sacs-de-15-kg/,https://chaufobois.fr/wp-content/uploads/2022/11/A-32.jpg,,in stock,394.00 EUR,294.00 EUR,Chaufobois,CHB-4082,new,Home & Garden > Fireplace & Wood Stove Accessories > Firewood & Fuel,GRANULÉS DE BOIS (PELLET),
CHB-4051,Pellet Natural Energie – Palette de 70 Sacs de 15 KG,"Référence PELLET_PALETTE_NATURALENERGIE Fiche technique Certificats : DIN Plus Pouvoir Calorifique : Supérieur à 4,6 kWh/kg Taux D’humidité : Inférieur à 10 % Taux De Cendres : Inférieur à 0,7 % Taux De Poussière : Inférieur à 1 % Diamètre : 6 mm Conditionnement : Palette Origine : France Référence PELLET_PALETTE_NATURALENERGIE",https://chaufobois.fr/product/pellet-natural-energie-palette-de-70-sacs-de-15-kg/,https://chaufobois.fr/wp-content/uploads/2022/11/A-31.jpg,,in stock,379.00 EUR,279.00 EUR,Chaufobois,CHB-4051,new,Home & Garden > Fireplace & Wood Stove Accessories > Firewood & Fuel,GRANULÉS DE BOIS (PELLET),
CHB-4050,Pellet Sunpower  – Palette de 70 Sacs de 15 KG,"Référence PELLET_PALETTE_SUNPOWER Fiche technique Composition : 100% résineux Certificats : DIN Plus, EN Plus A1, NF Pouvoir Calorifique : Supérieur à 4,6 kWh/kg Taux D’humidité : Inférieur à 10 % Taux De Cendres : Inférieur à 0,7 % Diamètre : 6 mm Conditionnement : Palette Origine : France Les granulés de bois SUN POWER sont de très bonne qualité avec un prix très attractif. Ce pellet respecte les normes les plus strictes comme DIN Plus (Norme Allemande) EN Plus A1 (Norme Européenne) et NF (Norme Française) concernant la qualité du produit, la fabrication, la provenance du bois et l’entreposage. Le bois 100 % résineux est de haute qualité pour une meilleure performance. Il conviendra parfaitement à tous les systèmes de chauffage à granulés : poêles, inserts et chaudières. Son pouvoir calorifique est de norme standard > 4,6 kWh/kg pour une chaleur constante pour une moindre consommation. Un taux de cendres faible < 0,7 % pour ne pas encrasser votre chauffage et vous éviter de devoir vider le bac trop souvent. Enfin un pellet NF Biocombustibles Haute Qualité pour un pellet 100 % Français. Cette qualité est certifiée par l’AFNOR, elle garantit une taille homogène des pellets, un pouvoir calorifique élevé, un taux d’humidité < 10 % et un faible taux de cendres. En choisissant ce pellet, vous bénéficierez d’une bonne qualité avec une haute performance et un produit Français à petit prix. Référence PELLET_PALETTE_SUNPOWER",https://chaufobois.fr/product/pellet-sunpower-palette-de-70-sacs-de-15-kg/,https://chaufobois.fr/wp-content/uploads/2022/11/pellet-sunpower-palette-de-70-sacs-de-15-kg.jpg,,in stock,367.00 EUR,267.00 EUR,Chaufobois,CHB-4050,new,Home & Garden > Fireplace & Wood Stove Accessories > Firewood & Fuel,GRANULÉS DE BOIS (PELLET),
CHB-4049,Pellet DIN Pellets – Palette de 65 Sacs 15 KG,"Référence PELLET_PALETTE_DINPELLETS Fiche technique Composition : 100% résineux Certificats : DIN Plus Pouvoir Calorifique : Supérieur à 4,8 kWh/kg Taux D’humidité : Inférieur à 10 % Taux De Cendres : Inférieur à 0,5 % Taux De Poussière : Inférieur à 1 % Longueur : 20 à 45 mm Diamètre : 6 mm Conditionnement : Palette Origine : France Les granulés de bois DIN Pellets sont fabriqués dans le Nord de la France. Ils sont issus de sciures de bois de leur propre usine, ses sciures sont compactées sans additif, ni colle, ni produits chimiques. Ces pellets sont certifiés DIN Plus, norme Allemande, répondant à des critères stricts de fabrication. La qualité de ces pellets est classée dans la gamme standard pour convenir parfaitement à tous les poêles, inserts ou chaudières à granulés, sans les encrasser. Grâce à leur mode de fabrication, ces granulés possèdent un taux très faible d’humidité pour vous garantir une meilleure combustion et une chaleur constante. Ce granulé est 100% Français, en l’achetant, vous choisissez un moyen de chauffage écologique et économique. Référence PELLET_PALETTE_DINPELLETS",https://chaufobois.fr/product/pellet-din-pellets-palette-de-65-sacs-15-kg/,https://chaufobois.fr/wp-content/uploads/2022/11/A-29.jpg,,in stock,357.00 EUR,257.00 EUR,Chaufobois,CHB-4049,new,Home & Garden > Fireplace & Wood Stove Accessories > Firewood & Fuel,GRANULÉS DE BOIS (PELLET),
CHB-4048,Palette de granulés WOODSTOCK x 3 (198 sacs) de 15 Kg,Nom du produit Granulés de bois Poids du produit nu (en kg) 990 Produit emballé : hauteur (en cm) 162 Produit emballé : largeur (en cm) 100 Produit emballé : profondeur (en cm) 100 Produit emballé : poids (en kg) 1013 Indication du geste de tri (triman) Non Mentions légales Ce produit ne requiert pas de précaution d’emploi particulière.,https://chaufobois.fr/product/palette-de-granules-woodstock-x-3-198-sacs-de-15-kg/,https://chaufobois.fr/wp-content/uploads/2022/11/1-2.png,,in stock,1167.00 EUR,630.00 EUR,Chaufobois,CHB-4048,new,Home & Garden > Fireplace & Wood Stove Accessories > Firewood & Fuel,GRANULÉS DE BOIS (PELLET),
CHB-4021,Granulés de Bois WOODSTOCK 1 Palette de 78 Sacs de 15 Kg,"Description Idéal pour Poêle à Granulés, Insert à Granulés et Chaudière à Granulés Production de chaleur optimum : Très faible taux d’humidité et de poussière pour un rendement inégalé. Combustion « propre » : sans dommage pour la planète : peu de cendre Granulométrie constante & régulière : Facilite l’écoulement automatique dans l’appareil Certifié : DINplus – NF Matières premières contrôlées & maîtrisées : Éco-produit conçu à partir de la valori­sation des connexes de scieries, tous issus de bois de forêts durablement gérées. Qualité Premium : Issue des recherches en laboratoire et supérieure aux exigences des normes qualitatives en vigueur. Caractéristiques : Certification DINplus – NF Composition 100 % bois vierge PCI sur brut(1) 4,8 kWh.kg-1 ≤ PCI ≤ 5,3 kWh.kg-1 Masse volumique apparente ≥ 650 Kg/m-3 Taux de fines < 0,5 % Taux de cendres à 550°C ≤ 0,5 % Humidité ≤ 8 % Durabilité ≥ 97,5 % Longueur 3,15 mm < Longueur < 40 mm Diamètre 6 mm ±1 Qualité Premium Application Tout type d’appareil à granulés Contrôle laboratoire CERIC",https://chaufobois.fr/product/granules-de-bois-woodstock-1-palette-de-78-sacs-de-15-kg/,https://chaufobois.fr/wp-content/uploads/2022/11/54110001wd-3760167700003-visuel_produit_2-woodstock-granules_15kg_2.png,"https://chaufobois.fr/wp-content/uploads/2022/11/wbg15pal78-3760167707125-visuel_produit_2-palette_granules_78sacs-ldd-1.jpg,https://chaufobois.fr/wp-content/uploads/2022/11/54110001wd-3760167700003-visuel_produit_detail_1-vrac-granules-pellets-woodstock.png",in stock,495.00 EUR,277.98 EUR,Chaufobois,CHB-4021,new,Home & Garden > Fireplace & Wood Stove Accessories > Firewood & Fuel,GRANULÉS DE BOIS (PELLET),
CHB-4020,Palette de granulés WOODSTOCK x 4 (264 sacs) de 15 Kg,Nom du produit Granulés de bois Poids du produit nu (en kg) 990 Produit emballé : hauteur (en cm) 162 Produit emballé : largeur (en cm) 100 Produit emballé : profondeur (en cm) 100 Produit emballé : poids (en kg) 1013 Indication du geste de tri (triman) Non Mentions légales Ce produit ne requiert pas de précaution d’emploi particulière.,https://chaufobois.fr/product/palette-de-granules-woodstock-x-4-264-sacs-de-15-kg/,https://chaufobois.fr/wp-content/uploads/2022/11/1-3.png,,in stock,1556.00 EUR,805.00 EUR,Chaufobois,CHB-4020,new,Home & Garden > Fireplace & Wood Stove Accessories > Firewood & Fuel,GRANULÉS DE BOIS (PELLET),
CHB-4019,Pellet SUNFIRE – Palette de 70 Sacs de 15 KG,"Référence PELLET_PALETTE_SUNFIRE Fiche technique Composition : Résineux et feuillus Certificats : NF Pouvoir Calorifique : Supérieur à 4,6 kWh/kg Taux D’humidité : Inférieur à 10 % Taux De Cendres : Inférieur à 1,2 % Conditionnement : Palette Origine : France Vous recherchez un pellet Made in France et de bonne qualité à prix attractif : le SUN FIRE est fait pour vous. C’est un pellet NF Biocombustibles Haute Qualité composé de sciures de bois résineux et feuillus 100% naturelles provenant d’une scierie Française spécialisée dans le bois énergie depuis 10 ans. Il est certifiée par l’AFNOR, ce qui garanti une taille homogène des pellets, un pouvoir calorifique supérieur ou égal à 4,6 kWh/kg, un taux d’humidité < 10 % et un taux de cendres inférieur à 1,2%. Ce granulé de qualité standard conviendra parfaitement à tous les systèmes de chauffage à pellet (inserts, chaudières et poêles). En choisissant ce pellet, vous aurez un produit de bonne qualité, 100% naturel, 100% français et à petit prix. Référence PELLET_PALETTE_SUNFIRE",https://chaufobois.fr/product/pellet-sunfire-palette-de-70-sacs-de-15-kg/,https://chaufobois.fr/wp-content/uploads/2022/11/A-28.jpg,,in stock,357.00 EUR,257.00 EUR,Chaufobois,CHB-4019,new,Home & Garden > Fireplace & Wood Stove Accessories > Firewood & Fuel,GRANULÉS DE BOIS (PELLET),
CHB-4018,Pellet STARFOREST – Palette de 70 Sacs de 15 KG,"Référence PELLET_PALETTE_STARFOREST Fiche technique Composition : 100% résineux Certificats : DIN Plus Pouvoir Calorifique : Supérieur à 5 kWh/kg Taux D’humidité : Inférieur à 10 % Taux De Cendres : Inférieur à 0,7 % Taux De Poussière : Inférieur à 0,5 % Diamètre : 6 mm Conditionnement : Palette Origine : France Les pellets STARFOREST vous garantissent une bonne combustion, ils sont parfaits pour les poêles, inserts et chaudières à granulés. Ils sont de très bonne qualité avec un prix très abordable, en choisissant un pellet Français, vous participez à la réduction de CO2. Ils sont fabriqués dans l’Est de la France et plus exactement en Champagne Ardenne. Avec un faible taux de poussières et de cendres et un pouvoir calorifique élevé, vous n’encrasserez pas votre chauffage. Si vous souhaitez un pellet DIN Plus, 100 % résineux, fabriqué en France, respectueux de l’environnement, avec un sac recyclable aux jolies couleurs, la marque STARFOREST est faite pour vous. Ce pellet est de très bonne qualité avec un pouvoir calorifique élevé >5 kWh/kg. C’est pourquoi, choisir ce pellet c’est choisir un pellet peut être un peu plus cher mais au final grâce à son PCI, vous regagnerez en consommation et en performance et donc vous ferez des économies 🙂 Référence PELLET_PALETTE_STARFOREST",https://chaufobois.fr/product/pellet-starforest-palette-de-70-sacs-de-15-kg/,https://chaufobois.fr/wp-content/uploads/2022/11/A-27.jpg,,in stock,355.00 EUR,255.00 EUR,Chaufobois,CHB-4018,new,Home & Garden > Fireplace & Wood Stove Accessories > Firewood & Fuel,GRANULÉS DE BOIS (PELLET),
CHB-4017,Pellet BIO ENERGIE – Palette de 66 Sacs de 15 KG,"Référence PELLET_PALETTE_BIOENERGIE Fiche technique Certificats : DIN Plus, EN Plus A1 Pouvoir Calorifique : Supérieur à 4,6 kWh/kg Taux D’humidité : Inférieur à 8 % Taux De Cendres : Inférieur à 0,5 % Taux De Poussière : Inférieur à 0,7 % Conditionnement : Palette Origine : Allemagne Les pellets Bio Energie, issus de bois de forêts Allemandes gérées durablement. De bois 100 % résineux, ils sont fabriqués dans une entreprise soucieuse de l’environnement et souhaitant développer les énergies renouvelables. Ils sont certifés DIN Plus, EN Plus A1 et PEFC afin de convenir à tous les systèmes de chauffage à pellet. Ils n’encrasseront pas votre poêle ou chaudière. Référence PELLET_PALETTE_BIOENERGIE",https://chaufobois.fr/product/pellet-bio-energie-palette-de-66-sacs-de-15-kg/,https://chaufobois.fr/wp-content/uploads/2022/11/A-26.jpg,,in stock,369.00 EUR,269.00 EUR,Chaufobois,CHB-4017,new,Home & Garden > Fireplace & Wood Stove Accessories > Firewood & Fuel,GRANULÉS DE BOIS (PELLET),
CHB-4016,PELLET HELIOS – PALETTE DE 65 SACS DE 15 KG,"Référence PELLET_PALETTE_HELIOS Fiche technique Composition : 100% résineux Certificats : DIN Plus, EN Plus A1 Pouvoir Calorifique : Supérieur à 4,7 kWh/kg Taux D’humidité : Inférieur à 10 % Taux De Cendres : Inférieur à 0,7 % Taux De Poussière : Inférieur à 0,5 % Diamètre : 6 mm Conditionnement : Palette Origine : Belgique Le pellet HELIOS a une qualité supérieure aux pellets que vous trouverez en grande surface, bien connu chez nous depuis plus de 10 ans. Grâce à son sac transparent, vous constaterez rapidement le taux de poussières (< 0,5 %) et la couleur très claire de ses granulés. Son pouvoir calorifique supérieur à 4,7 kWh/kg, fait de lui un produit universel à prix attractif. Ce pellet est idéal pour les poêles, inserts et chaudières à granulés de bois. Nous commercialisons ce pellet depuis plus de 10 ans et nos clients en sont parfaitement satisfaits, l’essayer c’est l’adopter. Concernant le lieu de stockage des pellets, il doit être sec et tempéré. Les sacs doivent être surélevés du sol par une palette et décollés des murs. Ils ne doivent en aucun cas être en contact avec l’humidité, sous peine de devenir inutilisables. Référence PELLET_PALETTE_HELIOS",https://chaufobois.fr/product/pellet-helios-palette-de-65-sacs-de-15-kg/,https://chaufobois.fr/wp-content/uploads/2022/11/A-25.jpg,,in stock,369.00 EUR,269.00 EUR,Chaufobois,CHB-4016,new,Home & Garden > Fireplace & Wood Stove Accessories > Firewood & Fuel,GRANULÉS DE BOIS (PELLET),
CHB-3997,PELLET BADGER – PALETTE DE 65 SACS DE 15 KG,"Référence PELLET_PALETTE_BADGER Fiche technique Composition : 100 % résineux Certificats : DIN Plus, EN Plus A1 Pouvoir Calorifique : Supérieur à 4,6 kWh/kg Taux D’humidité : Inférieur à 10 % Taux De Cendres : Inférieur à 0,7 % Taux De Poussière : Inférieur à 0,5 % Diamètre : 6 mm Conditionnement : Palette Origine : Belgique Les granulés de bois Badger de fabrication Belge, de qualité constante, bois issus de résineux de forêts gérées durablement, soucieux de l’environnement. Ces pellets sont 100 % naturels, sans colle ni additif et respectent les exigences des normes DIN Plus et EN Plus. Avec des contrôles réguliers, allant du processus de fabrication, de l’approvisionnement de la matière première à la confection. Vous avez la garantie d’acheter un pellet de qualité, hautement performant, qui conviendra à votre système de chauffage sans l’encrasser. Ces sacs sont constitués de papier recyclés et facilement recyclables. Il est donc plus facile de les jeter dans votre poubelle à papier. En choisissant ce pellet, vous serez garantis d’avoir un pellet haut de gamme, de bonne qualité, très connu sur le marché depuis plus de 10 ans. Référence PELLET_PALETTE_BADGER Fiche technique Composition : 100 % résineux Certificats : DIN Plus, EN Plus A1 Pouvoir Calorifique : Supérieur à 4,6 kWh/kg Taux D’humidité : Inférieur à 10 % Taux De Cendres : Inférieur à 0,7 % Taux De Poussière : Inférieur à 0,5 % Diamètre : 6 mm Conditionnement : Palette Origine : Belgique Référence PELLET_PALETTE_BADGER Fiche technique Composition : 100 % résineux Certificats : DIN Plus, EN Plus A1 Pouvoir Calorifique : Supérieur à 4,6 kWh/kg Taux D’humidité : Inférieur à 10 % Taux De Cendres : Inférieur à 0,7 % Taux De Poussière : Inférieur à 0,5 % Diamètre : 6 mm Conditionnement : Palette Origine : Belgique Référence PELLET_PALETTE_BADGER Fiche technique Composition : 100 % résineux Certificats : DIN Plus, EN Plus A1 Pouvoir Calorifique : Supérieur à 4,6 kWh/kg Taux D’humidité : Inférieur à 10 % Taux De Cendres : Inférieur à 0,7 % Taux De Poussière : Inférieur à 0,5 % Diamètre : 6 mm Conditionnement : Palette Origine : Belgique Référence PELLET_PALETTE_BADGER Fiche technique Composition : 100 % résineux Certificats : DIN Plus, EN Plus A1 Pouvoir Calorifique : Supérieur à 4,6 kWh/kg Taux D’humidité : Inférieur à 10 % Taux De Cendres : Inférieur à 0,7 % Taux De Poussière : Inférieur à 0,5 % Diamètre : 6 mm Conditionnement : Palette Origine : Belgique Référence PELLET_PALETTE_BADGER Fiche technique Composition : 100 % résineux Certificats : DIN Plus, EN Plus A1 Pouvoir Calorifique : Supérieur à 4,6 kWh/kg Taux D’humidité : Inférieur à 10 % Taux De Cendres : Inférieur à 0,7 % Taux De Poussière : Inférieur à 0,5 % Diamètre : 6 mm Conditionnement : Palette Origine : Belgique Référence PELLET_PALETTE_BADGER Fiche technique Composition : 100 % résineux Certificats : DIN Plus, EN Plus A1 Pouvoir Calorifique : Supérieur à 4,6 kWh/kg Taux D’humidité : Inférieur à 10 % Taux De Cendres : Inférieur à 0,7 % Taux De Poussière : Inférieur à 0,5 % Diamètre : 6 mm Conditionnement : Palette Origine : Belgique Référence PELLET_PALETTE_BADGER Fiche technique Composition : 100 % résineux Certificats : DIN Plus, EN Plus A1 Pouvoir Calorifique : Supérieur à 4,6 kWh/kg Taux D’humidité : Inférieur à 10 % Taux De Cendres : Inférieur à 0,7 % Taux De Poussière : Inférieur à 0,5 % Diamètre : 6 mm Conditionnement : Palette Origine : Belgique Référence PELLET_PALETTE_BADGER Les granulés de bois Badger de fabrication Belge, de qualité constante, bois issus de résineux de forêts gérées durablement, soucieux de l’environnement. Ces pellets sont 100 % naturels, sans colle ni additif et respectent les exigences des normes DIN Plus et EN Plus. Avec des contrôles réguliers, allant du processus de fabrication, de l’approvisionnement de la matière première à la confection. Vous avez la garantie d’acheter un pellet de qualité, hautement performant, qui conviendra à votre système de chauffage sans l’encrasser. Ces sacs sont constitués de papier recyclés et facilement recyclables. Il est donc plus facile de les jeter dans votre poubelle à papier. En choisissant ce pellet, vous serez garantis d’avoir un pellet haut de gamme, de bonne qualité, très connu sur le marché depuis plus de 10 ans. Les granulés de bois Badger de fabrication Belge, de qualité constante, bois issus de résineux de forêts gérées durablement, soucieux de l’environnement. Ces pellets sont 100 % naturels, sans colle ni additif et respectent les exigences des normes DIN Plus et EN Plus. Avec des contrôles réguliers, allant du processus de fabrication, de l’approvisionnement de la matière première à la confection. Vous avez la garantie d’acheter un pellet de qualité, hautement performant, qui conviendra à votre système de chauffage sans l’encrasser. Ces sacs sont constitués de papier recyclés et facilement recyclables. Il est donc plus facile de les jeter dans votre poubelle à papier. En choisissant ce pellet, vous serez gar",https://chaufobois.fr/product/pellet-badger-palette-de-65-sacs-de-15-kg/,https://chaufobois.fr/wp-content/uploads/2022/11/A-24.jpg,,in stock,349.00 EUR,253.90 EUR,Chaufobois,CHB-3997,new,Home & Garden > Fireplace & Wood Stove Accessories > Firewood & Fuel,GRANULÉS DE BOIS (PELLET),
CHB-3996,Pellet VAN ROJE – Palette de 65 Sacs de 15 KG,"Référence PELLET_PALETTE_VANROJE Fiche technique Composition : 100% résineux Certificats : DIN Plus, EN Plus A1, PEFC Pouvoir Calorifique : Supérieur à 4,9 kWh/kg Taux D’humidité : Inférieur à 7,8 % Taux De Cendres : Inférieur à 0,39 % Taux De Poussière : Inférieur à 0,23 % Diamètre : 6 mm Conditionnement : Palette Origine : Allemagne Le pellet VanRoje est notre pellet de bois le plus haut de gamme. Le pellet de bois VANROJE dépasse les exigences des normes DIN Plus et EN Plus, il est également labellisé PEFC (gestion durable des forêts). Son pouvoir calorifique est 7% au-dessus de la norme DIN Plus. Il vous garantit 44 % de cendres en moins et 77 % de poussières en moins par rapport à un pellet standard. 100 % résineux, sans additif et neutre en CO2, ce pellet de bois est idéal pour votre poêle ou chaudière. Il procure une montée rapide en température, garde une chaleur constante, vous consommerez moins de pellet qu’avec une autre marque. Un pellet de Haute qualité allemande ! Vous avez choisi d’installer un système de chauffage au granulés de bois et avez eu raison !! en plus d’être un chauffage à énergie renouvelable, il est aussi économique. Avec le pellet VANROJE, vous bénéficierez d’une montée rapide en température et grâce à ses faibles taux de poussières et de cendres, vous n’aurez qu’à profiter de sa chaleur sans devoir le nettoyer tous les jours. Référence PELLET_PALETTE_VANROJE",https://chaufobois.fr/product/pellet-van-roje-palette-de-65-sacs-de-15-kg/,https://chaufobois.fr/wp-content/uploads/2022/11/A-23.jpg,,in stock,340.00 EUR,240.00 EUR,Chaufobois,CHB-3996,new,Home & Garden > Fireplace & Wood Stove Accessories > Firewood & Fuel,GRANULÉS DE BOIS (PELLET),
CHB-3995,PELLET LIMOUZI – PALETTE DE 66 SACS DE 15 KG,"Marque GDM Pellets Référence PELLET_PALETTE_LIMOUZI Fiche technique Certificats : DIN Plus, PEFC Pouvoir Calorifique : Entre 4.6 et 5 KWh/KG Taux D’humidité : inférieur à 8% Taux De Cendres : inférieur à 0.5% Taux De Poussière : inférieur à 0.4% Essence : Résineuses Type De Bois : 100% résineux Diamètre : 6 mm Conditionnement : Palette Origine : France Ces pellets sont de très bonne qualité grâce à une matière première fraiche, constante issue de leur propre scierie. Ils ont un faible taux d’humidité < 8% les pellets LIMOUZI n’encrasseront pas votre poêle, insert ou chaudière. Grâce à un pouvoir calorifique compris entre 4.6 et 5 KWh/kg, vous bénéficierez d’une combustion lente et complète ce qui réduira votre consommation. Les pellets LIMOUZI sont fabriqués avec des sciures issues de forêts gérées durablement, 100% résineuses, d’où leur certification PEFC. De nombreux contrôles qualité sont effectués régulièrement : qualité des matières premières, process séchage, presse, tamiseur et refroidisseur. Toute la chaîne de fabrication. Ils sont certifiés DIN Plus et sont 100% naturels, sans additif. Des tests sont réalisés 4 fois par jour sur site et en laboratoire avec traçabilité du produit. Les sacs en format pratique, recyclables en polyéthylène, plus resistants et faciles à transvider. Marque GDM PelletsRéférence PELLET_PALETTE_LIMOUZI",https://chaufobois.fr/product/pellet-limouzi-palette-de-66-sacs-de-15-kg/,https://chaufobois.fr/wp-content/uploads/2022/11/A-22.jpg,,in stock,330.00 EUR,253.90 EUR,Chaufobois,CHB-3995,new,Home & Garden > Fireplace & Wood Stove Accessories > Firewood & Fuel,GRANULÉS DE BOIS (PELLET),
CHB-3994,Pellet GREEN ENERGY – Palette de 65 Sacs de 15 KG,"On choisit souvent le granulé de bois pour se chauffer de manière économique. Produits au Bénélux, ces pellets sont de qualité car ils disposent d’une double certification Din Plus et En Plus. Les mesures de qualité sont dans les standards du marché avec un taux de cendres de 0.7% et de poussières de 0.5%. Référence PELLET_PALETTE_GREENENERGY Fiche technique Composition : Résineux et feuillus Certificats : DIN Plus, EN Plus A1 Pouvoir Calorifique : Supérieur à 4,6 kWh/kg Taux De Cendres : Inférieur à 0,7 % Taux De Poussière : Inférieur à 0,5 % Diamètre : 6 mm Conditionnement : Palette Origine : Pays Bas Référence PELLET_PALETTE_GREENENERGY",https://chaufobois.fr/product/pellet-green-energy-palette-de-65-sacs-de-15-kg/,https://chaufobois.fr/wp-content/uploads/2022/11/A-21.jpg,,in stock,313.00 EUR,213.00 EUR,Chaufobois,CHB-3994,new,Home & Garden > Fireplace & Wood Stove Accessories > Firewood & Fuel,GRANULÉS DE BOIS (PELLET),
CHB-3993,BOIS DENSIFIÉ – FEUILLUS – PALETTE DE 1 TONNE,"Référence DENSIFIE_PALETTE_FEUILLUS Fiche technique Poids : 8,55 kg par lot environ Pouvoir Calorifique : Supérieur à 4,5 kWh/kg Essence : Feuillus (chêne, charme, hêtre, peuplier) Longueur : 30 cm environ Diamètre : 8 cm environ Conditionnement : Palette Origine : France Quantité : 117 lots de 5 bûches Le bois densifié MAXI BUCHE est fabriqué en France, 100 % naturel et 100 % feuillus. Idéal pour être utiliser dans tous les systèmes de chauffage à bois : cheminées, poêles et inserts. Une palette de bois densifié correspond à 4 stères de bois ultra sec. Un bûchette de bois densifié vaut 4 bûches de bois traditionnel en terme de combustion. Une bûche se consume en +/- 1h. Si vous souhaitez un produit Français, économe et écologique, ce densifié est fait pour vous !!! Voici quelques conseils d’utilisation : Déposez quelques boules de papier et petit bois d’allumage dans votre chauffage, Démarrez le feu et attendez que la braise apparaît, Placez une seule bûche à la fois afin d’optimiser le rendement et d’obtenir une chaleur douce, Réglez l’air de votre appareil pour choisir l’intensité du feu, Vous pouvez mélanger sans problème des bûches de bois sèches traditionnelles à votre bois densifié, Maintenant, profitez de la chaleur qu’il vous offre. N’oubliez pas que le bois densifié déteste l’humidité, il faut prévoir un abri sec et tempéré. Le bois densifié étant propre et sans poussières, vous pouvez également lui trouver une place à côté de votre poêle.Référence DENSIFIE_PALETTE_FEUILLUS",https://chaufobois.fr/product/bois-densifie-feuillus-palette-de-1-tonne/,https://chaufobois.fr/wp-content/uploads/2022/11/A-20.jpg,"https://chaufobois.fr/wp-content/uploads/2022/11/B-15.jpg,https://chaufobois.fr/wp-content/uploads/2022/11/C-7.jpg",in stock,359.00 EUR,250.00 EUR,Chaufobois,CHB-3993,new,Home & Garden > Fireplace & Wood Stove Accessories > Firewood & Fuel,BOIS DENSIFIÉ,
CHB-3992,Palette bois densifiés WOODSTOCK 8 x 84,Nom du produit Bûches calorifiques Palette bois densifiés WOODSTOCK 8 x 84,https://chaufobois.fr/product/palette-bois-densifies-woodstock-8-x-84/,https://chaufobois.fr/wp-content/uploads/2022/11/1.jpeg,https://chaufobois.fr/wp-content/uploads/2022/11/B-13.jpg,in stock,579.00 EUR,379.00 EUR,Chaufobois,CHB-3992,new,Home & Garden > Fireplace & Wood Stove Accessories > Firewood & Fuel,BOIS DENSIFIÉ,
CHB-3991,"Bûches calorifiques WOODSTOCK 4 palettes, 416 sacs de 5 bûches","Nom du produit Bûches calorifiques Usage du produit Pour chaudière, foyer et poêle à bûches Matière principale Bois résineux Longueur (en cm) 27 Poids du produit nu (en kg) 4014.4 Diamètre (en cm) 8.5 Production de cendre (en %) 1.5 PCI (Pouvoir Calorifique Inférieur) (en kW-h/t) 5000 Taux d’humidité (en %) 10 Produit emballé : hauteur (en cm) 125 Produit emballé : largeur (en cm) 100 Produit emballé : profondeur (en cm) 480 Produit emballé : poids (en kg) 4014.4",https://chaufobois.fr/product/buches-calorifiques-woodstock-4-palettes-416-sacs-de-5-buches/,https://chaufobois.fr/wp-content/uploads/2022/11/2-7.png,,in stock,1515.00 EUR,909.00 EUR,Chaufobois,CHB-3991,new,Home & Garden > Fireplace & Wood Stove Accessories > Firewood & Fuel,BOIS DENSIFIÉ,
CHB-3990,Bois densifié – Bûches de nuit – Palette de 960 KG,"Marque Kali Référence DENSIFIE_PALETTE_KALIDURE Fiche technique Pouvoir Calorifique : 4.9 kWh/g Taux D’humidité : Inférieur à 7% Taux De Cendres : Inférieur à 1.5% Type De Bois : Bois durs et miscanthus Longueur : 28 à 29 cm Diamètre : 8.5 cm Conditionnement : Palette Origine : France Ces bûches à combustion longues durée sont très pratiques en fin de feu, elles sont à déposer sur un lit de braises en fermant les arrivées d’air de votre appareil. Elles durent entre 6 à 8h pour une tranquillité durant votre absence ou la nuit. Un taux d’humidité très faible inférieur à 7% et fort pouvoir calorifique à 4.9 kWh/kg. Sans plastique ou presque : les bûches sont uniquement cerclées pour éviter trop d’emballage En utilisant ces bûches, vous contribuez au nettoyage du conduit grâce au miscanthus qui sèche les suies. Qu’est ce que le miscanthus ? Le Miscanthus, aussi appelée « Herbe à Eléphant », « Eulalie » ou « Roseau de Chine », est une plante herbacée vivace de la famille des graminées originaire d’Afrique et d’Asie du sud. Issue des marais, pentes et flanc de collines, c’est une plante robuste qui n’est sujette ni aux maladies, ni aux attaques de rongeurs. Ses cannes, récoltées en fin d’hiver, contiennent moins de 17% d’humidité, elles peuvent donc servir de combustible sans avoir besoin d’une période de séchage. Le pouvoir calorifique du miscanthus est plus élevé que celui de la plaquette de bois et peu émetteur de CO2. Le msicanthus est une plante totalement écologique, qui ne nécessite aucun apport de produits chimiques pour croître et qui favorise la biodiversité en permettant aux insectes de s’y épanouir. Marque KaliRéférence DENSIFIE_PALETTE_KALIDURE",https://chaufobois.fr/product/bois-densifie-buches-de-nuit-palette-de-960-kg/,https://chaufobois.fr/wp-content/uploads/2022/11/A-15.jpg,,in stock,323.00 EUR,269.00 EUR,Chaufobois,CHB-3990,new,Home & Garden > Fireplace & Wood Stove Accessories > Firewood & Fuel,BOIS DENSIFIÉ,
CHB-3989,BOIS DENSIFIÉ – FEUILLUS + RÉSINEUX – PALETTE DE 960 KG,"Un bois de chauffage propre, économique et écologique : le bois densifié Un bois ultra sec grâce à un taux d’humidité inférieur à 8%. Un fort pouvoir calorifique 3 à 4 fois supérieur au bois traditionnel. Une durée de combustion de 1h30 à 2h et n’encrasse pas avec son faible taux en cendres inférieur à 1.5%. Sans plastique ou presque : les bûches sont uniquement cerclées pour éviter trop d’emballage. Ces bûches vous offriront une chaleur constante et vous procureront un confort stable et de qualité. Nous vous rappelons que le bois densifié est impérativement à stocker en intérieur à l’abri de toute humidité. Marque Kali Référence DENSIFIE_PALETTE_KALIMAX Fiche technique Pouvoir Calorifique : 4.9 kWh/kg Taux D’humidité : Inférieur à 8% Taux De Cendres : Inférieur à 1.5% Essence : Feuillus et résineux Longueur : 26 à 29 cm Conditionnement : Palette Origine : France Marque KaliRéférence DENSIFIE_PALETTE_KALIMAX",https://chaufobois.fr/product/bois-densifie-feuillus-resineux-palette-de-960-kg/,https://chaufobois.fr/wp-content/uploads/2022/11/A-14.jpg,,in stock,313.00 EUR,259.00 EUR,Chaufobois,CHB-3989,new,Home & Garden > Fireplace & Wood Stove Accessories > Firewood & Fuel,BOIS DENSIFIÉ,
CHB-3988,BOIS DENSIFIÉ – RÉSINEUX – PALETTE DE 960 KG,"Le bois densifié est très pratique à manipuler et facile à ranger, son pouvoir calorifique est 3 fois supérieur à celui d’une bûche traditionnelle. Une bûchette de bois densifié vous assure entre 1h et 2h de combustion. Tous nos bois densifiés sont sans colle ni additif et 100 % naturels. Pour le stockage, il est impératif de les mettre à l’abri de l’humidité et pourquoi pas près de votre cheminée car sous film plastique, les bûches sont propres et sans poussières. Le bois densifié s’utilise dans tous les types de chauffage : foyer fermé, foyer ouvert ou insert, en complément du bois traditionnel ou en remplacement. Il existe du bois densifié à base de résineux et du bois densifié à base de feuillus. Les résineux s’enflamment rapidement et font de belles flammes. Ils brûlent un peu plus vite que les feuillus. Les feuillus font un peu moins de flammes mais durent un peu plus longtemps. Pour bien choisir votre bois densifié, il faut que : Son pouvoir calorifique soit entre 4,5 kWh/kg et 5,5 kWh/kg, Un taux d’humidité inférieur ou égal à 12 %, Un taux de cendres en dessous de 1,5 % Référence DENSIFIE_PALETTE_RESINEUX Fiche technique Poids : 10 kg par lot environ Pouvoir Calorifique : Supérieur à 5 kWh/kg Essence : Résineux Longueur : 30 cm environ Diamètre : 9 cm environ Conditionnement : Palette Origine : Lituanie Quantité : 96 lots de 5 bûches Référence DENSIFIE_PALETTE_RESINEUX",https://chaufobois.fr/product/bois-densifie-resineux-palette-de-960-kg/,https://chaufobois.fr/wp-content/uploads/2022/11/A-13.jpg,https://chaufobois.fr/wp-content/uploads/2022/11/B-12.jpg,in stock,303.00 EUR,249.00 EUR,Chaufobois,CHB-3988,new,Home & Garden > Fireplace & Wood Stove Accessories > Firewood & Fuel,BOIS DENSIFIÉ,
CHB-3987,BOIS DENSIFIÉ – BÛCHES DE NUIT – 1/2 PALETTE DE 480 KG,"Le bois densifié bien pratique en petit format pour les personnes n’ayant pas beaucoup de place de stockage ou une faible consommation. Ces bûches à combustion longue durée sont très pratiques en fin de feu, elles sont à déposer sur un lit de braises en fermant les arrivées d’air de votre appareil. Elles durent entre 6 à 8h pour une tranquillité durant votre absence ou la nuit. Un taux d’humidité très faible inférieur à 7% et fort pouvoir calorifique à 4.9 kWh/kg. Sans plastique ou presque : les bûches sont uniquement cerclées pour éviter trop d’emballage En utilisant ces bûches, vous contribuez au nettoyage du conduit grâce au miscanthus qui sèche les suies. Le miscanthus en quelques mots : « Herbe à Eléphant », « Eulalie » ou « Roseau de Chine », est une plante herbacée vivace de la famille des graminées originaire d’Afrique et d’Asie du sud. Issue des marais, pentes et flanc de collines, c’est une plante robuste qui n’est sujette ni aux maladies, ni aux attaques de rongeurs. Ses cannes, récoltées en fin d’hiver, contiennent moins de 17% d’humidité, elles peuvent donc servir de combustible sans avoir besoin d’une période de séchage. Le pouvoir calorifique du miscanthus est plus élevé que celui de la plaquette de bois et peu émetteur de CO2. Le msicanthus est une plante totalement écologique, qui ne nécessite aucun apport de produits chimiques pour croître et qui favorise la biodiversité en permettant aux insectes de s’y épanouir. Marque Kali Référence DENSIFIE_DEMIPALETTE_KALIDURE Fiche technique Conditionnement : Demi palette Origine : France Marque KaliRéférence DENSIFIE_DEMIPALETTE_KALIDURE",https://chaufobois.fr/product/bois-densifie-buches-de-nuit-1-2-palette-de-480-kg/,https://chaufobois.fr/wp-content/uploads/2022/11/A-12.jpg,,in stock,223.00 EUR,175.00 EUR,Chaufobois,CHB-3987,new,Home & Garden > Fireplace & Wood Stove Accessories > Firewood & Fuel,BOIS DENSIFIÉ,
CHB-3986,BOIS DENSIFIÉ – FEUILLUS + RÉSINEUX – 1/2 PALETTE DE 480 KG,"Le bois densifié bien pratique en petit format pour les personnes n’ayant pas beaucoup de place de stockage ou une faible consommation. Un bois de chauffage propre, économique et écologique : le bois densifié Un bois ultra sec grâce à un taux d’humidité inférieur à 8%. Un fort pouvoir calorifique 3 à 4 fois supérieur au bois traditionnel. Une durée de combustion de 1h30 à 2h et n’encrasse pas avec son faible taux en cendres inférieur à 1.5%. Sans plastique ou presque : les bûches sont uniquement cerclées pour éviter trop d’emballage. Ces bûches vous offriront une chaleur constante et vous procureront un confort stable et de qualité. Nous vous rappelons que le bois densifié est impérativement à stocker en intérieur à l’abri de toute humidité. Marque Kali Référence DENSIFIE_DEMIPALETTE_KALIMAX Fiche technique Conditionnement : Demi palette Origine : France Marque KaliRéférence DENSIFIE_DEMIPALETTE_KALIMAX Fiche technique Conditionnement : Demi palette Origine : France",https://chaufobois.fr/product/bois-densifie-feuillus-resineux-1-2-palette-de-480-kg/,https://chaufobois.fr/wp-content/uploads/2022/11/A-11.jpg,,in stock,224.00 EUR,180.00 EUR,Chaufobois,CHB-3986,new,Home & Garden > Fireplace & Wood Stove Accessories > Firewood & Fuel,BOIS DENSIFIÉ,
CHB-3985,"Bûches calorifiques WOODSTOCK 3 palettes, 312 sacs de 5 bûches","Nom du produit Bûches calorifiques Usage du produit Pour chaudière, foyer et poêle à bûches Matière principale Bois résineux Longueur (en cm) 27 Poids du produit nu (en kg) 3010.8 Diamètre (en cm) 8.5 Production de cendre (en %) 1.5 PCI (Pouvoir Calorifique Inférieur) (en kW-h/t) 4800 Taux d’humidité (en %) 10 Produit emballé : hauteur (en cm) 125 Produit emballé : largeur (en cm) 100 Produit emballé : profondeur (en cm) 360 Produit emballé : poids (en kg) 3010.8",https://chaufobois.fr/product/buches-calorifiques-woodstock-3-palettes-312-sacs-de-5-buches/,https://chaufobois.fr/wp-content/uploads/2022/11/Sans-titre-18-copie.jpg,https://chaufobois.fr/wp-content/uploads/2022/11/Sans-titre-13-copie.png,in stock,1149.00 EUR,759.00 EUR,Chaufobois,CHB-3985,new,Home & Garden > Fireplace & Wood Stove Accessories > Firewood & Fuel,BOIS DENSIFIÉ,
CHB-3984,"Bûches calorifiques WOODSTOCK 1 palette, 104 sacs de 5 bûches","Nom du produit Bûches calorifiques Usage du produit Pour chaudière, foyer et poêle à bûches Matière principale Bois résineux Longueur (en cm) 27 Poids du produit nu (en kg) 1003.6 Diamètre (en cm) 8.5 Production de cendre (en %) 1.5 PCI (Pouvoir Calorifique Inférieur) (en kW-h/t) 4800 Taux d’humidité (en %) 10 Produit emballé : hauteur (en cm) 168 Produit emballé : largeur (en cm) 100 Produit emballé : profondeur (en cm) 120 Produit emballé : poids (en kg) 1003.6",https://chaufobois.fr/product/buches-calorifiques-woodstock-1-palette-104-sacs-de-5-buches/,https://chaufobois.fr/wp-content/uploads/2022/11/1-5.png,https://chaufobois.fr/wp-content/uploads/2022/11/Sans-titre-13-copie.png,in stock,408.00 EUR,270.00 EUR,Chaufobois,CHB-3984,new,Home & Garden > Fireplace & Wood Stove Accessories > Firewood & Fuel,BOIS DENSIFIÉ,
CHB-3983,"Bûches calorifiques WOODSTOCK 2 palettes, 208 sacs de 5 bûches","Nom du produit Bûches calorifiques Usage du produit Pour chaudière, foyer et poêle à bûches Matière principale Bois résineux Longueur (en cm) 27 Poids du produit nu (en kg) 2007.2 Diamètre (en cm) 8.5 Production de cendre (en %) 1.5 PCI (Pouvoir Calorifique Inférieur) (en kW-h/t) 4800 Taux d’humidité (en %) 10 Produit emballé : hauteur (en cm) 125 Produit emballé : largeur (en cm) 100 Produit emballé : profondeur (en cm) 240 Produit emballé : poids (en kg) 2007.2",https://chaufobois.fr/product/buches-calorifiques-woodstock-2-palettes-208-sacs-de-5-buches/,https://chaufobois.fr/wp-content/uploads/2022/11/Sans-titre-13-copie.png,,in stock,778.00 EUR,505.00 EUR,Chaufobois,CHB-3983,new,Home & Garden > Fireplace & Wood Stove Accessories > Firewood & Fuel,BOIS DENSIFIÉ,
CHB-3982,Poêle à granulés Etanche EMAFLAM REVA 9 kW Noir + Boitier Wifi offert,"MarqueEMAFLAMCaractéristiques techniques Puissance globale : 9,5 kW Puissance réduite : 3 kW Rendement à puissance réduite : 93,4% Température des fumées à puissance nominale : 150 C° Température des fumées à puissance réduite : 130 C° CO à 13% O2 à puissance réduite : 0,0186% Vitesse des fumées à puissance nominale : 5,5 g/s Vitesse des fumées à puissance réduite : 4,5 g/s Tirage Min – Max : 10 – 14 Pa Consommation de granulés à puissance nominale : 1,9 kg/h Consommation de granulés à puissance réduite : 0,8 kg/h Tension et fréquence d’alimentation : 230 V – 50 Hz Débit du ventilateur : 162 m3/h ChargementPar le dessusType de poêlePack promoType de programmationJour/hebdoClasse énergétiqueA+CombustibleGranulésCapacité du réservoir20 kgPilotable à distance (en option)OuiType de régulationElectroniqueFormeCarréConsommation électrique (min – max)120 – 460 WEmission de CO20,0148%CouleurNoirTaille des granulés6x20 mmPuissance maximale9 kWCanalisableNonAutonomie24 heuresRendement91%Puissance nominale8,2 kWDiamètre d’entrée d’air50 mmPlus produitEtancheType de pack promoPoêle à granulés + WifiEtancheOuiDiamètre de sortie de buse80 mmEvacuation des fuméesArrièreFinitionNoirDimensions du produitL 534 x P 575 x H 1130 mm",https://chaufobois.fr/product/poele-a-granules-etanche-emaflam-reva-9-kw-noir-boitier-wifi-offert/,https://chaufobois.fr/wp-content/uploads/2022/11/B-5.jpg,"https://chaufobois.fr/wp-content/uploads/2022/11/C-5.jpg,https://chaufobois.fr/wp-content/uploads/2022/11/D-5.jpg,https://chaufobois.fr/wp-content/uploads/2022/11/E-5.jpg,https://chaufobois.fr/wp-content/uploads/2022/11/F-4.jpg,https://chaufobois.fr/wp-content/uploads/2022/11/G-3.jpg",in stock,1468.00 EUR,770.00 EUR,Chaufobois,CHB-3982,new,Home & Garden > Fireplaces,POÊLE & CHEMINÉE,
CHB-3980,Poêle à granulés étanche Roméo + Kit ventouse Dinak 9kW,"Top Chaleur vous propose une solution économique pour installer votre poêle à granulés étanche et le raccorder en toute sécurité. Ce pack vous assure une parfaite compatibilité des équipements Etna et Dinak (spécialiste des conduits de fumées en Europe depuis plus de 30 ans), ainsi qu’une rapidité de mise en œuvre. Composition du pack 1 poêle à granulés étanche Roméo 9,2 kW 1 T 90° piquage F pour fumées avec tampon purge 1 T piquage M pour amenée d’air 1 flexible de raccordement amenée d’air 1 tuyau de 930 mm 1 tuyau 430 mm 1 coude à 90° 1 rosace de finition 1 sortie horizontale réglable (1 rosace inox comprise) 6 colliers d’union 1 collier mural plat réglable 1 collet de solin court À noter : ce pack ne comprend PAS le manchon Air 1F1 et les joints qui sont optionnels. À propos du poêle étanche Roméo 9,2 kW Le Poêle à granulés étanche 9 kW Roméo est un produit de la gamme Etna Luxe. Véritable leader sur la gamme grâce à la qualité de ses matériaux et son fonctionnement silencieux, il est capable de chauffer jusqu’à 100m². Son grand réservoir offre une capacité de stockage de 20 kilos de granulés et une autonomie de chauffage supérieure à 24 heures. Testé dans le laboratoire technique Top Chaleur, le poêle Roméo est sur le podium des solutions de chauffage aux granulés les plus silencieuses. Son design rond et épuré permet un placement dans les angles. Facile à utiliser et programmable, il peut être piloté à distance. Grâce à son système silencieux, sa porte et son creuset en fonte ainsi que son design épuré, ce poêle à granulés a tout d’un équipement haut de gamme. Les poitns forts Chauffe jusqu’à 100 m² Haut rendement : 91% Faible consommation de granulés Idéal pour les maison BBC ou RT 2012 Programmation simple et rapide : mode jour / semaine / week-end Réservoir à granulés de 20 kg Autonomie de chauffe jusqu’à 24h en continu Finitions haut de gamme : dessus incliné, porte en fonte Fonctionnement silencieux : fonctionnement par convection naturelle et creuset en fonte qui amortit la chute des granulés Installation rapide : aucune nécessité de créer une arrivée d’air extérieure dans la pièce Emplacement de pose libre : la pose en ventouse permet une installation en zone 2 (conduits à la verticale) ou 3 (conduits à l’horizontale) Design rond et épuré : permet un placement dans les angles Télécommande incluse : pilotage à distance Pack garantit 2 ans L’avis de notre expert du poêle à granulés étanche Séduit au premier regard ! Le poêle a granulés étanche Roméo nous a d’abord conquis avec son design rond, son inclinaison singulière et sa grande vitre permettant de bien voir la flamme. Il a l’avantage de s’intégrer dans tous les intérieurs, y compris dans les angles. Ses atouts ne s’arrêtent pas là ! On aime sa simplicité d’installation : inutile de créer une arrivée d’air extérieure dans la pièce ou de traverser plusieurs étages pour placer l’évacuation des fumées sur le toit. La pose en ventouse avec le kit Dinak est simple, rapide et accessible à tous. À l’usage, nous avons apprécié son écran de programmation fonctionnel et intuitif, sa capacité de chauffe pendant plusieurs jours en période hivernale. Le plus : ses finitions haut de gamme. La porte en fonte permet une plus longue diffusion de la chaleur en l’emmagasinant et en la restituant, même après extinction du feu. De plus, son ventilateur positionné à l’avant permet une répartition uniforme de la chaleur dans la pièce. À propos du kit ventouse Dinak Les points forts Sécurité d’utilisation : installation garantie aux normes, rigidité renforcée Installation rapide : accessible à tous Raccordement esthétique : finitions noir mat anti-rayure, qualité d’inox supérieure, colliers d’union simples et discrets À savoir Le positionnement du conduit doit respecter les prescriptions d’installation en zone 3 (sortie en façade). Le Poêle à granulés étanche 9 kW Roméo est un produit de la gamme Etna Luxe. Véritable leader sur la gamme grâce à la qualité de ses matériaux et son fonctionnement silencieux, il est capable de chauffer jusqu’à 100m². Son grand réservoir offre une capacité de stockage de 20 kilos de granulés et une autonomie de chauffage supérieure à 24 heures. Testé dans le laboratoire technique Top Chaleur, le poêle Roméo est sur le podium des solutions de chauffage aux granulés les plus silencieuses. Son design rond et épuré permet un placement dans les angles. Facile à utiliser et programmable, il peut être piloté à distance. Grâce à son système silencieux, sa porte et son creuset en fonte ainsi que son design épuré, ce poêle à granulés a tout d’un équipement haut de gamme. La marque ETNA Luxe Marque italienne reconnue, Etna Luxe a pour vocations de proposer des solutions de chauffage performantes et écologiques en sélectionnant le meilleur de la technologie et de l’innovation. Pensés pour s’adapter à tous les intérieurs, les appareils ETNA Luxe sont le mélange du traditionnel savoir-faire Italien et de modernité contemporaine. L’ensemble de ses prod",https://chaufobois.fr/product/poele-a-granules-etanche-romeo-kit-ventouse-dinak-9kw/,https://chaufobois.fr/wp-content/uploads/2022/11/A-2.jpg,"https://chaufobois.fr/wp-content/uploads/2022/11/B-2.jpg,https://chaufobois.fr/wp-content/uploads/2022/11/C-2.jpg,https://chaufobois.fr/wp-content/uploads/2022/11/D-2.jpg,https://chaufobois.fr/wp-content/uploads/2022/11/E-2.jpg,https://chaufobois.fr/wp-content/uploads/2022/11/F-1.jpg,https://chaufobois.fr/wp-content/uploads/2022/11/G-1.jpg,https://chaufobois.fr/wp-content/uploads/2022/11/H-1.jpg,https://chaufobois.fr/wp-content/uploads/2022/11/I-1.jpg,https://chaufobois.fr/wp-content/uploads/2022/11/J.jpg,https://chaufobois.fr/wp-content/uploads/2022/11/K.jpg,https://chaufobois.fr/wp-content/uploads/2022/11/L.png",in stock,2139.00 EUR,,Chaufobois,CHB-3980,new,Home & Garden > Fireplaces,POÊLE & CHEMINÉE,
CHB-3979-5255,Poêle à granulés Vittoria Plus étanche 14kW - blanc,"Le Vittoria 14kW étanche est un poêle à granulés capable de chauffer une habitation jusqu’à 136m². Cet appareil de chauffage bénéficie d’un haut rendement de 88% et se distingue par son autonomie (jusqu’à 34 heures en continu). Il est programmable et peut se commander à distance. Son installation en ventouse permet de faire des économies supplémentaires en conduits de fumées. Ce poêle peut être piloté à distance grâce au Module Wifi ETNA Type S. Chauffe jusqu’à 136m² Poêle à granulés étanche Idéal pour les maisons BBC ou rt 2012 Haut rendement : 93,4% Liberté de l’emplacement de pose Pose en ventouse 2 à 4 fois moins cher en conduits de fumées Grande capacité de réservoir à granulés : 25kg Programmation journalière, hebdomadaire et week-end Faible consommation des granulés Système de sécurité et protection anti-feu Tiroir de cendres amovible De 15 à 60 minutes pour raccorder le poêle Compatible Wifi : en option Télécommande en option Garantie 2 ans Poêle à granulés étanche Le poêle à pellets étanche puise l’air nécessaire à la combustion directement à l’extérieur de votre maison. Disposant d’un rendement plus élevé que les modèles non étanches, la consommation de granulés s’en retrouve réduite. Liberté de l’emplacement de pose Les poêles étanches sont les seuls poêles que vous pouvez poser en ventouse. Vous êtes alors libre de faire sortir vos fumées par le toit ou à l’horizontale en façade puisque le poêle est installable en Zone 2 (conduits à la verticale) ou en Zone 3 (conduits à l’horizontale). Ainsi, en Zone 3, il n’est plus nécessaire d’installer votre poêle directement à côté d’un conduit de fumée existant ou de traverser plusieurs étages pour évacuer les fumées. 2 à 4 fois moins cher en conduits de fumées La sortie en façade présente l’intérêt d’avoir peu de longueur de conduit à monter, aucune nécessité de créer une arrivée d’air extérieure dans votre pièce (l’air extérieur est pulsé dans le conduit). De ce fait, les conduits coûtent jusqu’à 4 fois moins cher qu’une installation traditionnelle, notamment grâce à nos kits ventouse. Programmation simple et rapide Ce poêle à pellets étanche nouvelle génération est doté d’un tableau de commande simple d’utilisation situé au-dessus qui permet de programmer votre chauffage sur 7 jours. Vous pourrez par exemple utiliser un programme type : 20° du lundi au vendredi de 6h-8h (au réveil) ; 20°C du lundi au vendredi de 17h-21h (retour du travail) ; 20° les samedis et dimanches de 9h à 21h. Vous pourrez également opter pour un contrôle manuel de la chaleur selon vos préférences. Régulation automatique de la température Ce poêle est équipé d’une sonde ambiante, qui permet de réguler la température ambiante de votre pièce. Vous évitez ainsi la surchauffe ou les désagréments d’une pièce refroidie en votre absence. Deux fonctions sont disponibles sur le poêle à granulés Vittoria : stand-by ou modulation. Le mode stand-by permettra au poêle de s’arrêter une fois la température demandée atteinte et de redémarrer automatiquement dès que celle-ci redescend. En mode modulation, il se régulera automatiquement, mais sans jamais s’arrêter. Le choix entre ces deux modes se fait en fonction de vos besoins de chauffage. Faible consommation de granulés Avec une capacité de stockage de 25kg de pellet, le poêle à granulés Vittoria est autonome 34 heures en continu. Cela correspond à plusieurs jours de chauffe en période hivernale puisqu’il n’a besoin de fonctionner que quelques heures pour chauffer votre pièce. Tout en exploitant une source de chaleur responsable et durable, vous réaliserez d’importantes économies d’énergie. Sécurité totale En termes de sécurité, les poêles à granulés étanches réduisent à néant les risques de refoulement de fumée, les risques d’incendie et minimisent les émissions de poussières. Vous utiliserez votre poêle à granulés en toute confiance grâce à sa protection anti-feu et son système automatique de coupure en cas d’ouverture inopinée de la porte. De 15 à 60 minutes pour raccorder le poêle Le principal avantage d’une installation en ventouse (c’est-à-dire avec une sortie de fumées à l’horizontale et non à la verticale comme sur un poêle à granulés classique non étanche) est que le poêle est rapidement raccordable. L’installateur n’a pas besoin de tuber un conduit existant ou de traverser plusieurs étages pour placer votre évacuation des fumées sur le toit. Le besoin en conduit est minime pour les poêles à granulés étanches, l’installation en est grandement simplifiée. Option wifi Grâce à votre téléphone Androïd ou IOS (Apple), vous pouvez : Allumer / éteindre le poêle de n’importe où Augmenter / baisser la puissance Augmenter / baisser la température Visualiser la température ambiante Cette application peut être installée sur plusieurs téléphones et nécessite l’installation du module Wifi Etna sur votre poêle. La marque ETNA ETNA figure parmi les grandes marques de chauffage au bois. La qualité de conception de ses produits est le fruit du savoir-f",https://chaufobois.fr/product/poele-a-granules-vittoria-plus-etanche-14kw/,https://chaufobois.fr/wp-content/uploads/2022/11/A-1-1024x1024-1.png,"https://chaufobois.fr/wp-content/uploads/2022/11/A-2.png,https://chaufobois.fr/wp-content/uploads/2022/11/A-3.png,https://chaufobois.fr/wp-content/uploads/2022/11/B-1.jpg,https://chaufobois.fr/wp-content/uploads/2022/11/C-1.jpg,https://chaufobois.fr/wp-content/uploads/2022/11/D-1.jpg,https://chaufobois.fr/wp-content/uploads/2022/11/E-1.jpg",in stock,1579.00 EUR,1009.00 EUR,Chaufobois,CHB-3979-5255,new,Home & Garden > Fireplaces,POÊLE & CHEMINÉE,CHB-3979
CHB-3979-5256,Poêle à granulés Vittoria Plus étanche 14kW - anthracite,"Le Vittoria 14kW étanche est un poêle à granulés capable de chauffer une habitation jusqu’à 136m². Cet appareil de chauffage bénéficie d’un haut rendement de 88% et se distingue par son autonomie (jusqu’à 34 heures en continu). Il est programmable et peut se commander à distance. Son installation en ventouse permet de faire des économies supplémentaires en conduits de fumées. Ce poêle peut être piloté à distance grâce au Module Wifi ETNA Type S. Chauffe jusqu’à 136m² Poêle à granulés étanche Idéal pour les maisons BBC ou rt 2012 Haut rendement : 93,4% Liberté de l’emplacement de pose Pose en ventouse 2 à 4 fois moins cher en conduits de fumées Grande capacité de réservoir à granulés : 25kg Programmation journalière, hebdomadaire et week-end Faible consommation des granulés Système de sécurité et protection anti-feu Tiroir de cendres amovible De 15 à 60 minutes pour raccorder le poêle Compatible Wifi : en option Télécommande en option Garantie 2 ans Poêle à granulés étanche Le poêle à pellets étanche puise l’air nécessaire à la combustion directement à l’extérieur de votre maison. Disposant d’un rendement plus élevé que les modèles non étanches, la consommation de granulés s’en retrouve réduite. Liberté de l’emplacement de pose Les poêles étanches sont les seuls poêles que vous pouvez poser en ventouse. Vous êtes alors libre de faire sortir vos fumées par le toit ou à l’horizontale en façade puisque le poêle est installable en Zone 2 (conduits à la verticale) ou en Zone 3 (conduits à l’horizontale). Ainsi, en Zone 3, il n’est plus nécessaire d’installer votre poêle directement à côté d’un conduit de fumée existant ou de traverser plusieurs étages pour évacuer les fumées. 2 à 4 fois moins cher en conduits de fumées La sortie en façade présente l’intérêt d’avoir peu de longueur de conduit à monter, aucune nécessité de créer une arrivée d’air extérieure dans votre pièce (l’air extérieur est pulsé dans le conduit). De ce fait, les conduits coûtent jusqu’à 4 fois moins cher qu’une installation traditionnelle, notamment grâce à nos kits ventouse. Programmation simple et rapide Ce poêle à pellets étanche nouvelle génération est doté d’un tableau de commande simple d’utilisation situé au-dessus qui permet de programmer votre chauffage sur 7 jours. Vous pourrez par exemple utiliser un programme type : 20° du lundi au vendredi de 6h-8h (au réveil) ; 20°C du lundi au vendredi de 17h-21h (retour du travail) ; 20° les samedis et dimanches de 9h à 21h. Vous pourrez également opter pour un contrôle manuel de la chaleur selon vos préférences. Régulation automatique de la température Ce poêle est équipé d’une sonde ambiante, qui permet de réguler la température ambiante de votre pièce. Vous évitez ainsi la surchauffe ou les désagréments d’une pièce refroidie en votre absence. Deux fonctions sont disponibles sur le poêle à granulés Vittoria : stand-by ou modulation. Le mode stand-by permettra au poêle de s’arrêter une fois la température demandée atteinte et de redémarrer automatiquement dès que celle-ci redescend. En mode modulation, il se régulera automatiquement, mais sans jamais s’arrêter. Le choix entre ces deux modes se fait en fonction de vos besoins de chauffage. Faible consommation de granulés Avec une capacité de stockage de 25kg de pellet, le poêle à granulés Vittoria est autonome 34 heures en continu. Cela correspond à plusieurs jours de chauffe en période hivernale puisqu’il n’a besoin de fonctionner que quelques heures pour chauffer votre pièce. Tout en exploitant une source de chaleur responsable et durable, vous réaliserez d’importantes économies d’énergie. Sécurité totale En termes de sécurité, les poêles à granulés étanches réduisent à néant les risques de refoulement de fumée, les risques d’incendie et minimisent les émissions de poussières. Vous utiliserez votre poêle à granulés en toute confiance grâce à sa protection anti-feu et son système automatique de coupure en cas d’ouverture inopinée de la porte. De 15 à 60 minutes pour raccorder le poêle Le principal avantage d’une installation en ventouse (c’est-à-dire avec une sortie de fumées à l’horizontale et non à la verticale comme sur un poêle à granulés classique non étanche) est que le poêle est rapidement raccordable. L’installateur n’a pas besoin de tuber un conduit existant ou de traverser plusieurs étages pour placer votre évacuation des fumées sur le toit. Le besoin en conduit est minime pour les poêles à granulés étanches, l’installation en est grandement simplifiée. Option wifi Grâce à votre téléphone Androïd ou IOS (Apple), vous pouvez : Allumer / éteindre le poêle de n’importe où Augmenter / baisser la puissance Augmenter / baisser la température Visualiser la température ambiante Cette application peut être installée sur plusieurs téléphones et nécessite l’installation du module Wifi Etna sur votre poêle. La marque ETNA ETNA figure parmi les grandes marques de chauffage au bois. La qualité de conception de ses produits est le fruit du savoir-f",https://chaufobois.fr/product/poele-a-granules-vittoria-plus-etanche-14kw/,https://chaufobois.fr/wp-content/uploads/2022/11/A-1-1024x1024-1.png,"https://chaufobois.fr/wp-content/uploads/2022/11/A-2.png,https://chaufobois.fr/wp-content/uploads/2022/11/A-3.png,https://chaufobois.fr/wp-content/uploads/2022/11/B-1.jpg,https://chaufobois.fr/wp-content/uploads/2022/11/C-1.jpg,https://chaufobois.fr/wp-content/uploads/2022/11/D-1.jpg,https://chaufobois.fr/wp-content/uploads/2022/11/E-1.jpg",in stock,1579.00 EUR,1009.00 EUR,Chaufobois,CHB-3979-5256,new,Home & Garden > Fireplaces,POÊLE & CHEMINÉE,CHB-3979
CHB-3979-5257,Poêle à granulés Vittoria Plus étanche 14kW - bordeaux,"Le Vittoria 14kW étanche est un poêle à granulés capable de chauffer une habitation jusqu’à 136m². Cet appareil de chauffage bénéficie d’un haut rendement de 88% et se distingue par son autonomie (jusqu’à 34 heures en continu). Il est programmable et peut se commander à distance. Son installation en ventouse permet de faire des économies supplémentaires en conduits de fumées. Ce poêle peut être piloté à distance grâce au Module Wifi ETNA Type S. Chauffe jusqu’à 136m² Poêle à granulés étanche Idéal pour les maisons BBC ou rt 2012 Haut rendement : 93,4% Liberté de l’emplacement de pose Pose en ventouse 2 à 4 fois moins cher en conduits de fumées Grande capacité de réservoir à granulés : 25kg Programmation journalière, hebdomadaire et week-end Faible consommation des granulés Système de sécurité et protection anti-feu Tiroir de cendres amovible De 15 à 60 minutes pour raccorder le poêle Compatible Wifi : en option Télécommande en option Garantie 2 ans Poêle à granulés étanche Le poêle à pellets étanche puise l’air nécessaire à la combustion directement à l’extérieur de votre maison. Disposant d’un rendement plus élevé que les modèles non étanches, la consommation de granulés s’en retrouve réduite. Liberté de l’emplacement de pose Les poêles étanches sont les seuls poêles que vous pouvez poser en ventouse. Vous êtes alors libre de faire sortir vos fumées par le toit ou à l’horizontale en façade puisque le poêle est installable en Zone 2 (conduits à la verticale) ou en Zone 3 (conduits à l’horizontale). Ainsi, en Zone 3, il n’est plus nécessaire d’installer votre poêle directement à côté d’un conduit de fumée existant ou de traverser plusieurs étages pour évacuer les fumées. 2 à 4 fois moins cher en conduits de fumées La sortie en façade présente l’intérêt d’avoir peu de longueur de conduit à monter, aucune nécessité de créer une arrivée d’air extérieure dans votre pièce (l’air extérieur est pulsé dans le conduit). De ce fait, les conduits coûtent jusqu’à 4 fois moins cher qu’une installation traditionnelle, notamment grâce à nos kits ventouse. Programmation simple et rapide Ce poêle à pellets étanche nouvelle génération est doté d’un tableau de commande simple d’utilisation situé au-dessus qui permet de programmer votre chauffage sur 7 jours. Vous pourrez par exemple utiliser un programme type : 20° du lundi au vendredi de 6h-8h (au réveil) ; 20°C du lundi au vendredi de 17h-21h (retour du travail) ; 20° les samedis et dimanches de 9h à 21h. Vous pourrez également opter pour un contrôle manuel de la chaleur selon vos préférences. Régulation automatique de la température Ce poêle est équipé d’une sonde ambiante, qui permet de réguler la température ambiante de votre pièce. Vous évitez ainsi la surchauffe ou les désagréments d’une pièce refroidie en votre absence. Deux fonctions sont disponibles sur le poêle à granulés Vittoria : stand-by ou modulation. Le mode stand-by permettra au poêle de s’arrêter une fois la température demandée atteinte et de redémarrer automatiquement dès que celle-ci redescend. En mode modulation, il se régulera automatiquement, mais sans jamais s’arrêter. Le choix entre ces deux modes se fait en fonction de vos besoins de chauffage. Faible consommation de granulés Avec une capacité de stockage de 25kg de pellet, le poêle à granulés Vittoria est autonome 34 heures en continu. Cela correspond à plusieurs jours de chauffe en période hivernale puisqu’il n’a besoin de fonctionner que quelques heures pour chauffer votre pièce. Tout en exploitant une source de chaleur responsable et durable, vous réaliserez d’importantes économies d’énergie. Sécurité totale En termes de sécurité, les poêles à granulés étanches réduisent à néant les risques de refoulement de fumée, les risques d’incendie et minimisent les émissions de poussières. Vous utiliserez votre poêle à granulés en toute confiance grâce à sa protection anti-feu et son système automatique de coupure en cas d’ouverture inopinée de la porte. De 15 à 60 minutes pour raccorder le poêle Le principal avantage d’une installation en ventouse (c’est-à-dire avec une sortie de fumées à l’horizontale et non à la verticale comme sur un poêle à granulés classique non étanche) est que le poêle est rapidement raccordable. L’installateur n’a pas besoin de tuber un conduit existant ou de traverser plusieurs étages pour placer votre évacuation des fumées sur le toit. Le besoin en conduit est minime pour les poêles à granulés étanches, l’installation en est grandement simplifiée. Option wifi Grâce à votre téléphone Androïd ou IOS (Apple), vous pouvez : Allumer / éteindre le poêle de n’importe où Augmenter / baisser la puissance Augmenter / baisser la température Visualiser la température ambiante Cette application peut être installée sur plusieurs téléphones et nécessite l’installation du module Wifi Etna sur votre poêle. La marque ETNA ETNA figure parmi les grandes marques de chauffage au bois. La qualité de conception de ses produits est le fruit du savoir-f",https://chaufobois.fr/product/poele-a-granules-vittoria-plus-etanche-14kw/,https://chaufobois.fr/wp-content/uploads/2022/11/A-1-1024x1024-1.png,"https://chaufobois.fr/wp-content/uploads/2022/11/A-2.png,https://chaufobois.fr/wp-content/uploads/2022/11/A-3.png,https://chaufobois.fr/wp-content/uploads/2022/11/B-1.jpg,https://chaufobois.fr/wp-content/uploads/2022/11/C-1.jpg,https://chaufobois.fr/wp-content/uploads/2022/11/D-1.jpg,https://chaufobois.fr/wp-content/uploads/2022/11/E-1.jpg",in stock,1579.00 EUR,1009.00 EUR,Chaufobois,CHB-3979-5257,new,Home & Garden > Fireplaces,POÊLE & CHEMINÉE,CHB-3979
CHB-3978,Poêle à granulés Silencieux étanche Roméo 9kW,"Le Poêle à granulés étanche 9 kW Roméo est un produit de la gamme Etna Luxe. Véritable leader sur la gamme grâce à la qualité de ses matériaux et son fonctionnement silencieux, il est capable de chauffer jusqu’à 100m². Son grand réservoir offre une capacité de stockage de 20 kilos de granulés et une autonomie de chauffage supérieure à 24 heures. Testé dans le laboratoire technique Top Chaleur, le poêle Roméo est sur le podium des solutions de chauffage aux granulés les plus silencieuses. Son design rond et épuré permet un placement dans les angles. Facile à utiliser et programmable, il peut être piloté à distance. Grâce à son système silencieux, sa porte et son creuset en fonte ainsi que son design épuré, ce poêle à granulés a tout d’un équipement haut de gamme. Poêle à granulés étanche Le poêle à pellets étanche puise l’air nécessaire à la combustion directement à l’extérieur de votre maison. Disposant d’un rendement plus élevé que les modèles non étanches, la consommation de granulés s’en retrouve réduite. Surtout, les poêles à pellets étanches autorisent une installation dite en “ventouse” horizontale ou verticale. Système silencieux Une fois le besoin rapide de chaleur satisfait, le poêle Roméo bascule automatiquement en fonctionnement par convection naturelle. Cette technologie assure une utilisation extrêmement silencieuse et une diffusion uniforme de la chaleur dans votre pièce de vie. Le Roméo maintien ainsi la température désirée dans votre intérieur en propulsant naturellement sa chaleur vers le haut et autour du poêle. Le creuset en fonte dont est équipé le poêle Roméo participe aussi à un fonctionnement plus silencieux en amortissant la chute des granulés. Liberté pour l’emplacement de pose Les poêles étanches sont les seuls poêles que vous pouvez poser en ventouse. Vous êtes alors libre de faire sortir vos fumées par le toit ou à l’horizontale en façade puisque le poêle est installable en Zone 2 (conduits à la verticale) ou en Zone 3 (conduits à l’horizontale). Ainsi, en Zone 3, il n’est plus nécessaire d’installer votre poêle directement à côté d’un conduit de fumée existant ou de traverser plusieurs étages pour évacuer les fumées. 2 à 4 fois moins cher en conduits de fumées La sortie en façade présente l’intérêt d’avoir peu de longueur de conduit à monter, aucune nécessité de créer une arrivée d’air extérieure dans votre pièce (l’air extérieur est pulsé dans le conduit). De ce fait, les conduits coûtent jusqu’à 4 fois moins cher qu’une installation traditionnelle, notamment grâce à nos kits ventouse. Installation rapide Le gros avantage d’une sortie en façade est que l’installateur n’a pas besoin de tuber un conduit existant ou de traverser plusieurs étages pour placer votre évacuation des fumées sur le toit. Le besoin en conduit est minime pour les poêles à granulés étanches, l’installation s’en trouve grandement simplifiée : 15 à 60 minutes suffisent pour raccorder le poêle. Grand réservoir à granulés pour une grande autonomie Avec une capacité de stockage de 20 kg de pellets, le poêle à granulés Roméo est autonome 24 heures en continu. Cela correspond à plusieurs jours de chauffe en période hivernale puisqu’il n’a besoin de fonctionner que quelques heures pour chauffer votre pièce. Programmation facile et rapide Ce poêle à pellets nouvelle génération est doté d’un tableau de commande simple d’utilisation situé sur le dessus de l’appareil qui permet de programmer votre chauffage sur 7 jours. Vous pourrez par exemple (selon modèles) utiliser un programme de type : 20°C du lundi au vendredi de 6h à 8h (au réveil) 20°C du lundi au vendredi de 17h à 21h (retour du travail) 20°C les samedis et dimanches de 9h à 21h Vous pourrez également opter pour un contrôle manuel de la chaleur selon vos préférences. Ce poêle est équipé d’une sonde ambiante, vous pouvez choisir entre deux fonctions : stand-by ou modulation. Le mode stand-by permettra au poêle de s’arrêter une fois la température demandée atteinte et de redémarrer automatiquement dès que celle-ci redescend. En mode modulation, il se régulera automatiquement, mais sans jamais s’arrêter. Le choix entre ces deux modes se fait en fonction de vos besoins de chauffage. Vue arrière du poêle Avis photosDécouvrez ce que pensent nos clients du poêle à granulés Romeo après plusieurs mois d’utilisation ! Les poses présentées en photos n’ont pas été réalisées par Top Chaleur. Ludovic C. “Très satisfait du poêle à granulés, chauffe très bien notre maison, absolument parfait. Merci pour les conseils du vendeur.” Franck M. “Superbe produit. Idéal pour ma surface à chauffer.” La marque ETNA Luxe Marque italienne reconnue, Etna Luxe a pour vocations de proposer des solutions de chauffage performantes et écologiques en sélectionnant le meilleur de la technologie et de l’innovation. Pensés pour s’adapter à tous les intérieurs, les appareils ETNA Luxe sont le mélange du traditionnel savoir-faire Italien et de modernité contemporaine. L’ensemble de ses produits est",https://chaufobois.fr/product/poele-a-granules-silencieux-etanche-romeo-9kw/,https://chaufobois.fr/wp-content/uploads/2022/11/A-1.jpg,"https://chaufobois.fr/wp-content/uploads/2022/11/A.png,https://chaufobois.fr/wp-content/uploads/2022/11/B.jpg,https://chaufobois.fr/wp-content/uploads/2022/11/C.jpg,https://chaufobois.fr/wp-content/uploads/2022/11/D.jpg,https://chaufobois.fr/wp-content/uploads/2022/11/E.jpg,https://chaufobois.fr/wp-content/uploads/2022/11/F.jpg,https://chaufobois.fr/wp-content/uploads/2022/11/G.jpg,https://chaufobois.fr/wp-content/uploads/2022/11/H.jpg,https://chaufobois.fr/wp-content/uploads/2022/11/I.jpg,https://chaufobois.fr/wp-content/uploads/2022/11/J.png",in stock,1599.00 EUR,,Chaufobois,CHB-3978,new,Home & Garden > Fireplaces,POÊLE & CHEMINÉE,
CHB-3977-5252,Poêle à granulés Ricanto Canalisable 10kW - blanc,"D’une puissance de 10 kW, le poêle à granulés canalisable Ricanto chauffe la pièce dans laquelle il se trouve ainsi que 2 pièces supplémentaires grâce à ses 2 sorties canalisables. De par son haut rendement de 96% et à ses fonctions de programmation, il consomme peu de granulés. Son design moderne et ses dimensions (profondeur : 24,8cm) en font un poêle idéal pour gagner un maximum de place. Points forts : Chauffe jusqu’à 100m² 2 sorties canalisables Rendement exceptionnel de 96% Faible consommation de granulés Programmation journalière, hebdomadaire et week-end Cendrier en fonte facilement extractible Télécommande incluse Garantie 2 ans Poêle à granulés canalisable Grâce à ses deux sorties canalisables, le poêle à granulés Ricanto est capable de chauffer, en plus de la pièce où il se trouve, deux pièces supplémentaires. Ces sorties se trouvent à l’arrière du poêle et sont prêtes à être raccordées. Faible consommation de granulés Son rendement exceptionnel de 96% en fait un poêle à granulés économe en pellet, puisqu’il aura besoin de moins de combustible qu’une poêle à granulés classique pour atteindre une température idéale dans votre pièce. Programmation facile et rapide Grâce à ses modes de programmation et la télécommande incluse, vous pouvez facilement gérer vos plages horaires pour que votre poêle chauffe votre habitation aux moments qui vous conviennent. Par exemple : 20°C de 7h à 9h du lundi au vendredi (pour le réveil) 20°C de 17h à 20h du lundi au vendredi (pour le retour du travail) 20° de 9h à 17h le week-end Cendrier en fonte facilement extractible Le poêle à granulés Ricanto est équipé d’un cendrier extractible, ce qui facilite son nettoyage et celui du foyer de combustion. Il a aussi l’avantage d’être en fonte. Contrairement aux cendriers en inox, les cendriers en fonte, plus denses, permettent au poêle un fonctionnement plus silencieux. Ils évitent le bruit de l’inox qui résonne à chaque fois que les granulés de bois tombent dans le cendrier. Sortie arrière ou dessus Le poêle à granulés Ricanto dispose de 2 options pour l’évacuation des fumées : à l’arrière ou sur le dessus de l’appareil. Cette seconde option, plus rarement proposée par les fabricants, vous permet de poser votre poêle plus proche du mur ou dans un angle. Vous gagnez ainsi de la place puisque vous n’avez plus besoin de conduits de fumées à l’arrière du poêle. Les sorties dessus et arrière de l’appareil mesurent 80mm de diamètre. La marque ETNA ETNA figure parmi les grandes marques de chauffage au bois. La qualité de conception de ses produits est le fruit du savoir-faire reconnu de la fabrication Italienne. Le design est pensé pour s’adapter à tous les intérieurs : de la maison gardant le charme de l’ancien aux habitations les plus modernes. Chaque année, les poêles à granulés ETNA font partie des meilleures ventes de TopChaleur.com et équipent des miliers de foyers. L’ensemble de la gamme de la marque est fabriqué suivant les normes européennes (CE) en vigueur. Consultez les notices des produits pour plus de précisions. Caractéristiques Techniques Poids 79 Kg Marque ETNA Combustible Granulés Hauteur 93 cm Longueur 93,3 cm Profondeur 25,9 cm Garantie 2 ans Rendement 95,93 % Puissance Max Min 3 Kw Puissance en Kw 10 Kw Puissance Nominale Min 3 Kw Puissance Nominale Max 9 Kw Volume de chauffe 225 m3 Sortie des fumées Arrière ou dessus Flamme verte 7 Autonomie au min 5 heures Autonomie au max 16 heures Installation en ventouse Non Consommation de granulés 0,62 Kg par heure Réservoir granulés 10 Kg Télécommande Oui Wifi Non Réservoir d’eau Non L Diamètre sortie des fumées 80 mm Type d’appareil Poêle à granulés D’une puissance de 10 kW, le poêle à granulés canalisable Ricanto chauffe la pièce dans laquelle il se trouve ainsi que 2 pièces supplémentaires grâce à ses 2 sorties canalisables. De par son haut rendement de 96% et à ses fonctions de programmation, il consomme peu de granulés. Son design moderne et ses dimensions (profondeur : 24,8cm) en font un poêle idéal pour gagner un maximum de place. Points forts : Chauffe jusqu’à 100m² 2 sorties canalisables Rendement exceptionnel de 96% Faible consommation de granulés Programmation journalière, hebdomadaire et week-end Cendrier en fonte facilement extractible Télécommande incluse Garantie 2 ans Poêle à granulés canalisable Grâce à ses deux sorties canalisables, le poêle à granulés Ricanto est capable de chauffer, en plus de la pièce où il se trouve, deux pièces supplémentaires. Ces sorties se trouvent à l’arrière du poêle et sont prêtes à être raccordées. Faible consommation de granulés Son rendement exceptionnel de 96% en fait un poêle à granulés économe en pellet, puisqu’il aura besoin de moins de combustible qu’une poêle à granulés classique pour atteindre une température idéale dans votre pièce. Programmation facile et rapide Grâce à ses modes de programmation et la télécommande incluse, vous pouvez facilement gérer vos plages horaires pour que votre poêle chauffe votre habita",https://chaufobois.fr/product/poele-a-granules-ricanto-canalisable-10kw/,https://chaufobois.fr/wp-content/uploads/2022/11/1.png,"https://chaufobois.fr/wp-content/uploads/2022/11/2-3.jpg,https://chaufobois.fr/wp-content/uploads/2022/11/3-6.jpg,https://chaufobois.fr/wp-content/uploads/2022/11/4-3.jpg,https://chaufobois.fr/wp-content/uploads/2022/11/5-1.jpg,https://chaufobois.fr/wp-content/uploads/2022/11/6-1.jpg,https://chaufobois.fr/wp-content/uploads/2022/11/7-1.jpg,https://chaufobois.fr/wp-content/uploads/2022/11/8-3-1.jpg,https://chaufobois.fr/wp-content/uploads/2022/11/9-1.jpg,https://chaufobois.fr/wp-content/uploads/2022/11/10.jpg,https://chaufobois.fr/wp-content/uploads/2022/11/3-3.png",in stock,1369.00 EUR,885.00 EUR,Chaufobois,CHB-3977-5252,new,Home & Garden > Fireplaces,POÊLE & CHEMINÉE,CHB-3977
CHB-3977-5251,Poêle à granulés Ricanto Canalisable 10kW - anthracite,"D’une puissance de 10 kW, le poêle à granulés canalisable Ricanto chauffe la pièce dans laquelle il se trouve ainsi que 2 pièces supplémentaires grâce à ses 2 sorties canalisables. De par son haut rendement de 96% et à ses fonctions de programmation, il consomme peu de granulés. Son design moderne et ses dimensions (profondeur : 24,8cm) en font un poêle idéal pour gagner un maximum de place. Points forts : Chauffe jusqu’à 100m² 2 sorties canalisables Rendement exceptionnel de 96% Faible consommation de granulés Programmation journalière, hebdomadaire et week-end Cendrier en fonte facilement extractible Télécommande incluse Garantie 2 ans Poêle à granulés canalisable Grâce à ses deux sorties canalisables, le poêle à granulés Ricanto est capable de chauffer, en plus de la pièce où il se trouve, deux pièces supplémentaires. Ces sorties se trouvent à l’arrière du poêle et sont prêtes à être raccordées. Faible consommation de granulés Son rendement exceptionnel de 96% en fait un poêle à granulés économe en pellet, puisqu’il aura besoin de moins de combustible qu’une poêle à granulés classique pour atteindre une température idéale dans votre pièce. Programmation facile et rapide Grâce à ses modes de programmation et la télécommande incluse, vous pouvez facilement gérer vos plages horaires pour que votre poêle chauffe votre habitation aux moments qui vous conviennent. Par exemple : 20°C de 7h à 9h du lundi au vendredi (pour le réveil) 20°C de 17h à 20h du lundi au vendredi (pour le retour du travail) 20° de 9h à 17h le week-end Cendrier en fonte facilement extractible Le poêle à granulés Ricanto est équipé d’un cendrier extractible, ce qui facilite son nettoyage et celui du foyer de combustion. Il a aussi l’avantage d’être en fonte. Contrairement aux cendriers en inox, les cendriers en fonte, plus denses, permettent au poêle un fonctionnement plus silencieux. Ils évitent le bruit de l’inox qui résonne à chaque fois que les granulés de bois tombent dans le cendrier. Sortie arrière ou dessus Le poêle à granulés Ricanto dispose de 2 options pour l’évacuation des fumées : à l’arrière ou sur le dessus de l’appareil. Cette seconde option, plus rarement proposée par les fabricants, vous permet de poser votre poêle plus proche du mur ou dans un angle. Vous gagnez ainsi de la place puisque vous n’avez plus besoin de conduits de fumées à l’arrière du poêle. Les sorties dessus et arrière de l’appareil mesurent 80mm de diamètre. La marque ETNA ETNA figure parmi les grandes marques de chauffage au bois. La qualité de conception de ses produits est le fruit du savoir-faire reconnu de la fabrication Italienne. Le design est pensé pour s’adapter à tous les intérieurs : de la maison gardant le charme de l’ancien aux habitations les plus modernes. Chaque année, les poêles à granulés ETNA font partie des meilleures ventes de TopChaleur.com et équipent des miliers de foyers. L’ensemble de la gamme de la marque est fabriqué suivant les normes européennes (CE) en vigueur. Consultez les notices des produits pour plus de précisions. Caractéristiques Techniques Poids 79 Kg Marque ETNA Combustible Granulés Hauteur 93 cm Longueur 93,3 cm Profondeur 25,9 cm Garantie 2 ans Rendement 95,93 % Puissance Max Min 3 Kw Puissance en Kw 10 Kw Puissance Nominale Min 3 Kw Puissance Nominale Max 9 Kw Volume de chauffe 225 m3 Sortie des fumées Arrière ou dessus Flamme verte 7 Autonomie au min 5 heures Autonomie au max 16 heures Installation en ventouse Non Consommation de granulés 0,62 Kg par heure Réservoir granulés 10 Kg Télécommande Oui Wifi Non Réservoir d’eau Non L Diamètre sortie des fumées 80 mm Type d’appareil Poêle à granulés D’une puissance de 10 kW, le poêle à granulés canalisable Ricanto chauffe la pièce dans laquelle il se trouve ainsi que 2 pièces supplémentaires grâce à ses 2 sorties canalisables. De par son haut rendement de 96% et à ses fonctions de programmation, il consomme peu de granulés. Son design moderne et ses dimensions (profondeur : 24,8cm) en font un poêle idéal pour gagner un maximum de place. Points forts : Chauffe jusqu’à 100m² 2 sorties canalisables Rendement exceptionnel de 96% Faible consommation de granulés Programmation journalière, hebdomadaire et week-end Cendrier en fonte facilement extractible Télécommande incluse Garantie 2 ans Poêle à granulés canalisable Grâce à ses deux sorties canalisables, le poêle à granulés Ricanto est capable de chauffer, en plus de la pièce où il se trouve, deux pièces supplémentaires. Ces sorties se trouvent à l’arrière du poêle et sont prêtes à être raccordées. Faible consommation de granulés Son rendement exceptionnel de 96% en fait un poêle à granulés économe en pellet, puisqu’il aura besoin de moins de combustible qu’une poêle à granulés classique pour atteindre une température idéale dans votre pièce. Programmation facile et rapide Grâce à ses modes de programmation et la télécommande incluse, vous pouvez facilement gérer vos plages horaires pour que votre poêle chauffe votre habita",https://chaufobois.fr/product/poele-a-granules-ricanto-canalisable-10kw/,https://chaufobois.fr/wp-content/uploads/2022/11/1.png,"https://chaufobois.fr/wp-content/uploads/2022/11/2-3.jpg,https://chaufobois.fr/wp-content/uploads/2022/11/3-6.jpg,https://chaufobois.fr/wp-content/uploads/2022/11/4-3.jpg,https://chaufobois.fr/wp-content/uploads/2022/11/5-1.jpg,https://chaufobois.fr/wp-content/uploads/2022/11/6-1.jpg,https://chaufobois.fr/wp-content/uploads/2022/11/7-1.jpg,https://chaufobois.fr/wp-content/uploads/2022/11/8-3-1.jpg,https://chaufobois.fr/wp-content/uploads/2022/11/9-1.jpg,https://chaufobois.fr/wp-content/uploads/2022/11/10.jpg,https://chaufobois.fr/wp-content/uploads/2022/11/3-3.png",in stock,1369.00 EUR,885.00 EUR,Chaufobois,CHB-3977-5251,new,Home & Garden > Fireplaces,POÊLE & CHEMINÉE,CHB-3977
CHB-3977-5253,Poêle à granulés Ricanto Canalisable 10kW - bordeaux,"D’une puissance de 10 kW, le poêle à granulés canalisable Ricanto chauffe la pièce dans laquelle il se trouve ainsi que 2 pièces supplémentaires grâce à ses 2 sorties canalisables. De par son haut rendement de 96% et à ses fonctions de programmation, il consomme peu de granulés. Son design moderne et ses dimensions (profondeur : 24,8cm) en font un poêle idéal pour gagner un maximum de place. Points forts : Chauffe jusqu’à 100m² 2 sorties canalisables Rendement exceptionnel de 96% Faible consommation de granulés Programmation journalière, hebdomadaire et week-end Cendrier en fonte facilement extractible Télécommande incluse Garantie 2 ans Poêle à granulés canalisable Grâce à ses deux sorties canalisables, le poêle à granulés Ricanto est capable de chauffer, en plus de la pièce où il se trouve, deux pièces supplémentaires. Ces sorties se trouvent à l’arrière du poêle et sont prêtes à être raccordées. Faible consommation de granulés Son rendement exceptionnel de 96% en fait un poêle à granulés économe en pellet, puisqu’il aura besoin de moins de combustible qu’une poêle à granulés classique pour atteindre une température idéale dans votre pièce. Programmation facile et rapide Grâce à ses modes de programmation et la télécommande incluse, vous pouvez facilement gérer vos plages horaires pour que votre poêle chauffe votre habitation aux moments qui vous conviennent. Par exemple : 20°C de 7h à 9h du lundi au vendredi (pour le réveil) 20°C de 17h à 20h du lundi au vendredi (pour le retour du travail) 20° de 9h à 17h le week-end Cendrier en fonte facilement extractible Le poêle à granulés Ricanto est équipé d’un cendrier extractible, ce qui facilite son nettoyage et celui du foyer de combustion. Il a aussi l’avantage d’être en fonte. Contrairement aux cendriers en inox, les cendriers en fonte, plus denses, permettent au poêle un fonctionnement plus silencieux. Ils évitent le bruit de l’inox qui résonne à chaque fois que les granulés de bois tombent dans le cendrier. Sortie arrière ou dessus Le poêle à granulés Ricanto dispose de 2 options pour l’évacuation des fumées : à l’arrière ou sur le dessus de l’appareil. Cette seconde option, plus rarement proposée par les fabricants, vous permet de poser votre poêle plus proche du mur ou dans un angle. Vous gagnez ainsi de la place puisque vous n’avez plus besoin de conduits de fumées à l’arrière du poêle. Les sorties dessus et arrière de l’appareil mesurent 80mm de diamètre. La marque ETNA ETNA figure parmi les grandes marques de chauffage au bois. La qualité de conception de ses produits est le fruit du savoir-faire reconnu de la fabrication Italienne. Le design est pensé pour s’adapter à tous les intérieurs : de la maison gardant le charme de l’ancien aux habitations les plus modernes. Chaque année, les poêles à granulés ETNA font partie des meilleures ventes de TopChaleur.com et équipent des miliers de foyers. L’ensemble de la gamme de la marque est fabriqué suivant les normes européennes (CE) en vigueur. Consultez les notices des produits pour plus de précisions. Caractéristiques Techniques Poids 79 Kg Marque ETNA Combustible Granulés Hauteur 93 cm Longueur 93,3 cm Profondeur 25,9 cm Garantie 2 ans Rendement 95,93 % Puissance Max Min 3 Kw Puissance en Kw 10 Kw Puissance Nominale Min 3 Kw Puissance Nominale Max 9 Kw Volume de chauffe 225 m3 Sortie des fumées Arrière ou dessus Flamme verte 7 Autonomie au min 5 heures Autonomie au max 16 heures Installation en ventouse Non Consommation de granulés 0,62 Kg par heure Réservoir granulés 10 Kg Télécommande Oui Wifi Non Réservoir d’eau Non L Diamètre sortie des fumées 80 mm Type d’appareil Poêle à granulés D’une puissance de 10 kW, le poêle à granulés canalisable Ricanto chauffe la pièce dans laquelle il se trouve ainsi que 2 pièces supplémentaires grâce à ses 2 sorties canalisables. De par son haut rendement de 96% et à ses fonctions de programmation, il consomme peu de granulés. Son design moderne et ses dimensions (profondeur : 24,8cm) en font un poêle idéal pour gagner un maximum de place. Points forts : Chauffe jusqu’à 100m² 2 sorties canalisables Rendement exceptionnel de 96% Faible consommation de granulés Programmation journalière, hebdomadaire et week-end Cendrier en fonte facilement extractible Télécommande incluse Garantie 2 ans Poêle à granulés canalisable Grâce à ses deux sorties canalisables, le poêle à granulés Ricanto est capable de chauffer, en plus de la pièce où il se trouve, deux pièces supplémentaires. Ces sorties se trouvent à l’arrière du poêle et sont prêtes à être raccordées. Faible consommation de granulés Son rendement exceptionnel de 96% en fait un poêle à granulés économe en pellet, puisqu’il aura besoin de moins de combustible qu’une poêle à granulés classique pour atteindre une température idéale dans votre pièce. Programmation facile et rapide Grâce à ses modes de programmation et la télécommande incluse, vous pouvez facilement gérer vos plages horaires pour que votre poêle chauffe votre habita",https://chaufobois.fr/product/poele-a-granules-ricanto-canalisable-10kw/,https://chaufobois.fr/wp-content/uploads/2022/11/1.png,"https://chaufobois.fr/wp-content/uploads/2022/11/2-3.jpg,https://chaufobois.fr/wp-content/uploads/2022/11/3-6.jpg,https://chaufobois.fr/wp-content/uploads/2022/11/4-3.jpg,https://chaufobois.fr/wp-content/uploads/2022/11/5-1.jpg,https://chaufobois.fr/wp-content/uploads/2022/11/6-1.jpg,https://chaufobois.fr/wp-content/uploads/2022/11/7-1.jpg,https://chaufobois.fr/wp-content/uploads/2022/11/8-3-1.jpg,https://chaufobois.fr/wp-content/uploads/2022/11/9-1.jpg,https://chaufobois.fr/wp-content/uploads/2022/11/10.jpg,https://chaufobois.fr/wp-content/uploads/2022/11/3-3.png",in stock,1369.00 EUR,885.00 EUR,Chaufobois,CHB-3977-5253,new,Home & Garden > Fireplaces,POÊLE & CHEMINÉE,CHB-3977
CHB-3976,Poêle à granulés Vulcano SMS 9kW,"Avec ses 8,74kW de puissance, le poêle à granulés Vulcano SMS est tout simplement le meilleur rapport qualité prix que vous trouverez dans la gamme des poêles d’une puissance de 9kW. Il combine économie et performance puisqu’il consomme peu de granulés et permet de chauffer jusqu’à 90m². Son entretien est très simple grâce à son système de maintenance simplifié. Cerise sur le gâteau, ce poêle à granulés dispose d’une sortie des fumées sur le dessus (en plus de celle à l’arrière) vous permettant ainsi de gagner de la place dans votre intérieur. Ce poêle peut être piloté à distance grâce au Module Wifi ETNA Vulcano. Un poêle à pellets avec une sortie des fumées sur le dessus Pour l’évacuation des fumées, le Vulcano 9 kW SMS dispose, comme la majorité de poêles à granulés, d’une sortie de fumées à l’arrière de l’appareil. Plus rare, l’appareil est également équipé d’une sortie sur le dessus du poêle. Celle-ci est avantageuse car elle permet de gagner de la place dans votre intérieur. En effet, un espace moins important sera nécessaire entre le mur et l’arrière de l’appareil pour l’installation des conduits de fumées (1). (1) L’installation de votre poêle doit être conforme aux normes en vigueur. Consultez la notice de l’appareil pour veiller au respect des distances de sécurité lors de la pose. Système de Maintenance Simplifié pour une longue durée de vie L’entretien d’un poêle à granulés est important pour prolonger la durée de vie de votre appareil. C’est pourquoi, le Vulcano 9 SMS est muni d’un Système de Maintenance Simplifiée (SMS) permettant d’effectuer l’entretien de l’appareil en toute simplicité. Il suffit de tirer la trappe de maintenance située au-dessus de la chambre de combustion pour accéder à l’échangeur. Directement accessibles sous le cendrier, la trappe à fumée et le ventilateur pourront être entretenus plus simplement. Faible consommation de granulés L’excellente qualité de conception de ce poêle à granulés italien en fait l’un des plus performants du marché. On considère comme bon un rendement supérieur à 80% : le Vulcano 9 kW SMS détient lui un record de rendement de 90,65% ! C’est LA solution pour faire des économies toute l’année puisqu’à température équivalente, il consomme moins qu’un poêle à pellet classique. Grande autonomie Ne vous fiez pas à son gabarit, le poêle à granulés Vulcano 9 kW SMS détient un réservoir à granulés de 15kg. De quoi vous assurer jusqu’à 20 heures d’autonomie, en sachant que quelques heures de chauffe par jour suffisent pour atteindre une température idéale dans votre maison. Programmation simple et rapide Grâce à son écran de programmation, vous pouvez facilement gérer vos plages horaires pour que votre poêle réchauffe votre habitation aux moments qui vous conviennent et à la température souhaitée. Plusieurs modes de programmation sont disponibles : le mode jour : pour programmer 2 allumages et 2 extinctions dans la journée le mode semaine : pour planifier des programmes différents en fonction des jours de la semaine le mode week-end : pour adapter vos heures de chauffe le samedi et le dimanche Régulation automatique Le poêle à granulés Vulcano 9 kW SMS est doté de la fonction EcoStop. Il régule automatiquement ses démarrages et ses arrêts en fonction de la température choisie. Dans un premier temps, le poêle va fonctionner à puissance maximum, pour atteindre rapidement la température demandée. Une fois celle-ci atteinte, il va se mettre automatiquement en puissance minimum. Après une temporisation de 20mn, si la température est plus élevée que celle paramétrée, il va s’arrêter, pour ne redémarrer que lorsque la température ambiante aura baissé de 2°C. Un excellent moyen de faire des économies supplémentaires sur votre facture de chauffage sans délaisser le confort puisque le poêle s’ajuste automatiquement à vos besoins. Qualité Italienne C’est en Italie que se trouvent les meilleurs fabricants de poêles à granulés au monde, grâce à leur savoir-faire ancestral et une grande maîtrise technologique. ETNA n’en fait pas exception et s’attache à produire des produits avec des pièces de qualité. Pour preuve, le creuset du Vulcano 9 kW SMS est 100% fonte, plus appréciable à l’usage puisque la fonte amortit le bruit de la chute des granulés. Quant aux composants moteurs du poêle, ils sont identiques à ceux que l’on trouve sur des modèles haut de gamme. L’avis de notre expert du poêle à granulés Fiable, robuste, esthétique et ultra-performant… le poêle à granulés Vulcano 9 SMS a tout pour plaire ! Il nous a littéralement bluffé par ses performances lors des essais dans notre laboratoire technique. Branché en continu, dans des conditions à la fois optimales et volontairement défavorables, le Vulcano 9 SMS a toujours répondu présent. Pour les hivers les plus rigoureux, ses 5 plages de puissance (de 3,5 kW à 9 kW) lui permettent de s’adapter pour chauffer à forte puissance. Il peut aussi fonctionner en intersaison sans interruption et sans risque de surchauffe (chauffer ",https://chaufobois.fr/product/poele-a-granules-vulcano-sms-9kw/,https://chaufobois.fr/wp-content/uploads/2022/11/1-13.jpg,"https://chaufobois.fr/wp-content/uploads/2022/11/2-6.png,https://chaufobois.fr/wp-content/uploads/2022/11/3-5.jpg,https://chaufobois.fr/wp-content/uploads/2022/11/4-2.jpg,https://chaufobois.fr/wp-content/uploads/2022/11/5.jpg,https://chaufobois.fr/wp-content/uploads/2022/11/6.jpg,https://chaufobois.fr/wp-content/uploads/2022/11/7.jpg,https://chaufobois.fr/wp-content/uploads/2022/11/8-2.jpg,https://chaufobois.fr/wp-content/uploads/2022/11/9.jpg",in stock,899.00 EUR,500.00 EUR,Chaufobois,CHB-3976,new,Home & Garden > Fireplaces,POÊLE & CHEMINÉE,
CHB-3975,Poêle-Cheminée Meleze 4 17kW,"Informations complémentaires : Puissance : 17 kW Bûches jusqu’à 100 cm H 158 x L 200 x P 69 cm Régulation manuelle Départ des fumées dessus Buse de départ de Ø 230 mm Foyer fonte, corps acier La marque Godin C’est en 1840 que Jean Baptiste André Godin substitue un poêle en fonte émaillée au traditionnel poêle en tôle. Aujourd’hui, Godin est devenu un nom générique, populaire et synonyme de chauffage de qualité. Sa production est française, la société a conservé ses 2 fonderies à Guise, dans les Hauts-de-France. A l’image du Petit Godin conçu par le créateur de la marque, les produits doivent leur qualité à la maîtrise de la fonte. Caractéristiques Techniques Poids 525 Kg Marque Godin Couleur Aluminium / Inox Combustible Bois Hauteur 158 cm Longueur 200 cm Profondeur 69 cm Garantie 2 ans Rendement 75 % Puissance en Kw 17 Kw Volume de chauffe 550 m3 Sortie des fumées Dessus Installation en ventouse Non Taille des bûches 100 cm Télécommande Non Classe Energétique B Réservoir d’eau Non L Diamètre sortie des fumées 230 mm Informations complémentaires : Puissance : 17 kW Bûches jusqu’à 100 cm H 158 x L 200 x P 69 cm Régulation manuelle Départ des fumées dessus Buse de départ de Ø 230 mm Foyer fonte, corps acier La marque Godin C’est en 1840 que Jean Baptiste André Godin substitue un poêle en fonte émaillée au traditionnel poêle en tôle. Aujourd’hui, Godin est devenu un nom générique, populaire et synonyme de chauffage de qualité. Sa production est française, la société a conservé ses 2 fonderies à Guise, dans les Hauts-de-France. A l’image du Petit Godin conçu par le créateur de la marque, les produits doivent leur qualité à la maîtrise de la fonte. Informations complémentaires : Puissance : 17 kW Bûches jusqu’à 100 cm H 158 x L 200 x P 69 cm Régulation manuelle Départ des fumées dessus Buse de départ de Ø 230 mm Foyer fonte, corps acier La marque Godin C’est en 1840 que Jean Baptiste André Godin substitue un poêle en fonte émaillée au traditionnel poêle en tôle. Aujourd’hui, Godin est devenu un nom générique, populaire et synonyme de chauffage de qualité. Sa production est française, la société a conservé ses 2 fonderies à Guise, dans les Hauts-de-France. A l’image du Petit Godin conçu par le créateur de la marque, les produits doivent leur qualité à la maîtrise de la fonte. Informations complémentaires : Puissance : 17 kW Bûches jusqu’à 100 cm H 158 x L 200 x P 69 cm Régulation manuelle Départ des fumées dessus Buse de départ de Ø 230 mm Foyer fonte, corps acier C’est en 1840 que Jean Baptiste André Godin substitue un poêle en fonte émaillée au traditionnel poêle en tôle. Aujourd’hui, Godin est devenu un nom générique, populaire et synonyme de chauffage de qualité. Sa production est française, la société a conservé ses 2 fonderies à Guise, dans les Hauts-de-France. A l’image du Petit Godin conçu par le créateur de la marque, les produits doivent leur qualité à la maîtrise de la fonte. Caractéristiques Techniques Poids 525 Kg Marque Godin Couleur Aluminium / Inox Combustible Bois Hauteur 158 cm Longueur 200 cm Profondeur 69 cm Garantie 2 ans Rendement 75 % Puissance en Kw 17 Kw Volume de chauffe 550 m3 Sortie des fumées Dessus Installation en ventouse Non Taille des bûches 100 cm Télécommande Non Classe Energétique B Réservoir d’eau Non L Diamètre sortie des fumées 230 mm Caractéristiques Techniques Poids 525 Kg Marque Godin Couleur Aluminium / Inox Combustible Bois Hauteur 158 cm Longueur 200 cm Profondeur 69 cm Garantie 2 ans Rendement 75 % Puissance en Kw 17 Kw Volume de chauffe 550 m3 Sortie des fumées Dessus Installation en ventouse Non Taille des bûches 100 cm Télécommande Non Classe Energétique B Réservoir d’eau Non L Diamètre sortie des fumées 230 mm Caractéristiques Techniques Poids 525 Kg Marque Godin Couleur Aluminium / Inox Combustible Bois Hauteur 158 cm Longueur 200 cm Profondeur 69 cm Garantie 2 ans Rendement 75 % Puissance en Kw 17 Kw Volume de chauffe 550 m3 Sortie des fumées Dessus Installation en ventouse Non Taille des bûches 100 cm Télécommande Non Classe Energétique B Réservoir d’eau Non L Diamètre sortie des fumées 230 mm",https://chaufobois.fr/product/poele-cheminee-meleze-4-17kw/,https://chaufobois.fr/wp-content/uploads/2022/11/2-4.png,"https://chaufobois.fr/wp-content/uploads/2022/11/3-2.png,https://chaufobois.fr/wp-content/uploads/2022/11/4-1.png",in stock,7009.00 EUR,,Chaufobois,CHB-3975,new,Home & Garden > Fireplaces,POÊLE & CHEMINÉE,
CHB-3974,Poêle à Bois Eco 11kW,"Puissance : 11,5 Kw Volume corrigé chauffé : 180 à 450 m3 Bûches jusque 55 cm Réserve à buches + four H 113, 2 x L 67 x P 39 5 cm Corps acier, foyer, porte et dessus fonte Régulation manuelle Départ des fumées arrière ou dessus Buse de départ de Ø 153 mm La marque Godin C’est en 1840 que Jean Baptiste André Godin substitue un poêle en fonte émaillée au traditionnel poêle en tôle. Aujourd’hui, Godin est devenu un nom générique, populaire et synonyme de chauffage de qualité. Sa production est française, la société a conservé ses 2 fonderies à Guise, dans les Hauts-de-France. A l’image du Petit Godin conçu par le créateur de la marque, les produits doivent leur qualité à la maîtrise de la fonte. Caractéristiques Techniques Poids 146 Kg Marque Godin Combustible Bois Hauteur 113,2 cm Longueur 67 cm Profondeur 39,5 cm Rendement 75,8 % Puissance en Kw 11 Kw Volume de chauffe 450 m3 Flamme verte 7 Installation en ventouse Non Télécommande Non Classe Energétique A Réservoir d’eau Non L Puissance : 11,5 Kw Volume corrigé chauffé : 180 à 450 m3 Bûches jusque 55 cm Réserve à buches + four H 113, 2 x L 67 x P 39 5 cm Corps acier, foyer, porte et dessus fonte Régulation manuelle Départ des fumées arrière ou dessus Buse de départ de Ø 153 mm La marque Godin C’est en 1840 que Jean Baptiste André Godin substitue un poêle en fonte émaillée au traditionnel poêle en tôle. Aujourd’hui, Godin est devenu un nom générique, populaire et synonyme de chauffage de qualité. Sa production est française, la société a conservé ses 2 fonderies à Guise, dans les Hauts-de-France. A l’image du Petit Godin conçu par le créateur de la marque, les produits doivent leur qualité à la maîtrise de la fonte. Puissance : 11,5 Kw Volume corrigé chauffé : 180 à 450 m3 Bûches jusque 55 cm Réserve à buches + four H 113, 2 x L 67 x P 39 5 cm Corps acier, foyer, porte et dessus fonte Régulation manuelle Départ des fumées arrière ou dessus Buse de départ de Ø 153 mm La marque Godin C’est en 1840 que Jean Baptiste André Godin substitue un poêle en fonte émaillée au traditionnel poêle en tôle. Aujourd’hui, Godin est devenu un nom générique, populaire et synonyme de chauffage de qualité. Sa production est française, la société a conservé ses 2 fonderies à Guise, dans les Hauts-de-France. A l’image du Petit Godin conçu par le créateur de la marque, les produits doivent leur qualité à la maîtrise de la fonte. Puissance : 11,5 Kw Volume corrigé chauffé : 180 à 450 m3 Bûches jusque 55 cm Réserve à buches + four H 113, 2 x L 67 x P 39 5 cm Corps acier, foyer, porte et dessus fonte Régulation manuelle Départ des fumées arrière ou dessus Buse de départ de Ø 153 mm Puissance : 11,5 KwVolume corrigé chauffé : 180 à 450 m3 Bûches jusque 55 cm Bûches jusque 55 cm Réserve à buches + four Réserve à buches + four H 113, 2 x L 67 x P 39 5 cm Corps acier, foyer, porte et dessus fonte Régulation manuelle Départ des fumées arrière ou dessus Buse de départ de Ø 153 mm C’est en 1840 que Jean Baptiste André Godin substitue un poêle en fonte émaillée au traditionnel poêle en tôle. Aujourd’hui, Godin est devenu un nom générique, populaire et synonyme de chauffage de qualité. Sa production est française, la société a conservé ses 2 fonderies à Guise, dans les Hauts-de-France. A l’image du Petit Godin conçu par le créateur de la marque, les produits doivent leur qualité à la maîtrise de la fonte. Caractéristiques Techniques Poids 146 Kg Marque Godin Combustible Bois Hauteur 113,2 cm Longueur 67 cm Profondeur 39,5 cm Rendement 75,8 % Puissance en Kw 11 Kw Volume de chauffe 450 m3 Flamme verte 7 Installation en ventouse Non Télécommande Non Classe Energétique A Réservoir d’eau Non L Caractéristiques Techniques Poids 146 Kg Marque Godin Combustible Bois Hauteur 113,2 cm Longueur 67 cm Profondeur 39,5 cm Rendement 75,8 % Puissance en Kw 11 Kw Volume de chauffe 450 m3 Flamme verte 7 Installation en ventouse Non Télécommande Non Classe Energétique A Réservoir d’eau Non L Caractéristiques Techniques Poids 146 Kg Marque Godin Combustible Bois Hauteur 113,2 cm Longueur 67 cm Profondeur 39,5 cm Rendement 75,8 % Puissance en Kw 11 Kw Volume de chauffe 450 m3 Flamme verte 7 Installation en ventouse Non Télécommande Non Classe Energétique A Réservoir d’eau Non L",https://chaufobois.fr/product/poele-a-bois-eco-11kw/,https://chaufobois.fr/wp-content/uploads/2022/11/1-10.jpg,"https://chaufobois.fr/wp-content/uploads/2022/11/2-2.jpg,https://chaufobois.fr/wp-content/uploads/2022/11/3-4.jpg",in stock,1739.00 EUR,856.00 EUR,Chaufobois,CHB-3974,new,Home & Garden > Fireplaces,POÊLE & CHEMINÉE,
CHB-3973,Poêle à bois Marlena 9kW,"La marque La Nordica La Nordica est une marque italienne née en 1968 distribuée dans 50 pays dans le monde. La recherche et l’innovation constantes sur les produits, menées par la marque est la garantie d’un système de chauffage fiable. Elle propose une large gamme de produits évolués et diversifiés, adaptés à tous les goûts et à toutes les exigences : du classique au rustique en passant par des lignes plus modernes. La Nordica porte le meilleur du Made in Italy : qualité des matériaux, précision de réalisation et grande attention portée au design. Caractéristiques Techniques Poids 140 Kg Marque La Nordica Couleur Noir Combustible Bois Hauteur 106 cm Longueur 46,5 cm Profondeur 47,5 cm Garantie 2 ans Rendement 86,5 % Puissance en Kw 9 Kw Volume de chauffe 215 m3 Sortie des fumées Arrière Installation en ventouse Non Télécommande Non Classe Energétique A+ Réservoir d’eau Non L Diamètre sortie des fumées 130 mm Finition Noir La marque La Nordica La Nordica est une marque italienne née en 1968 distribuée dans 50 pays dans le monde. La recherche et l’innovation constantes sur les produits, menées par la marque est la garantie d’un système de chauffage fiable. Elle propose une large gamme de produits évolués et diversifiés, adaptés à tous les goûts et à toutes les exigences : du classique au rustique en passant par des lignes plus modernes. La Nordica porte le meilleur du Made in Italy : qualité des matériaux, précision de réalisation et grande attention portée au design. La marque La Nordica La Nordica est une marque italienne née en 1968 distribuée dans 50 pays dans le monde. La recherche et l’innovation constantes sur les produits, menées par la marque est la garantie d’un système de chauffage fiable. Elle propose une large gamme de produits évolués et diversifiés, adaptés à tous les goûts et à toutes les exigences : du classique au rustique en passant par des lignes plus modernes. La Nordica porte le meilleur du Made in Italy : qualité des matériaux, précision de réalisation et grande attention portée au design. La Nordica est une marque italienne née en 1968 distribuée dans 50 pays dans le monde. La recherche et l’innovation constantes sur les produits, menées par la marque est la garantie d’un système de chauffage fiable. Elle propose une large gamme de produits évolués et diversifiés, adaptés à tous les goûts et à toutes les exigences : du classique au rustique en passant par des lignes plus modernes. La Nordica porte le meilleur du Made in Italy : qualité des matériaux, précision de réalisation et grande attention portée au design. Caractéristiques Techniques Poids 140 Kg Marque La Nordica Couleur Noir Combustible Bois Hauteur 106 cm Longueur 46,5 cm Profondeur 47,5 cm Garantie 2 ans Rendement 86,5 % Puissance en Kw 9 Kw Volume de chauffe 215 m3 Sortie des fumées Arrière Installation en ventouse Non Télécommande Non Classe Energétique A+ Réservoir d’eau Non L Diamètre sortie des fumées 130 mm Finition Noir Caractéristiques Techniques Poids 140 Kg Marque La Nordica Couleur Noir Combustible Bois Hauteur 106 cm Longueur 46,5 cm Profondeur 47,5 cm Garantie 2 ans Rendement 86,5 % Puissance en Kw 9 Kw Volume de chauffe 215 m3 Sortie des fumées Arrière Installation en ventouse Non Télécommande Non Classe Energétique A+ Réservoir d’eau Non L Diamètre sortie des fumées 130 mm Finition Noir Caractéristiques Techniques Poids 140 Kg Marque La Nordica Couleur Noir Combustible Bois Hauteur 106 cm Longueur 46,5 cm Profondeur 47,5 cm Garantie 2 ans Rendement 86,5 % Puissance en Kw 9 Kw Volume de chauffe 215 m3 Sortie des fumées Arrière Installation en ventouse Non Télécommande Non Classe Energétique A+ Réservoir d’eau Non L Diamètre sortie des fumées 130 mm Finition Noir",https://chaufobois.fr/product/poele-a-bois-marlena-9kw/,https://chaufobois.fr/wp-content/uploads/2022/11/2-3.png,https://chaufobois.fr/wp-content/uploads/2022/11/3-1.png,in stock,1296.00 EUR,796.00 EUR,Chaufobois,CHB-3973,new,Home & Garden > Fireplaces,POÊLE & CHEMINÉE,
CHB-3972,Poêle à bois Talisman Godin 7kW,"Talisman : un poêle à bois au design moderne fabriqué en France La silhouette fine et contemporaine du poêle à bois Talisman ne laisse pas indifférent ! Ce poêle Godin de fabrication française se démarque avec des performances optimales et un design ultra moderne garant d’une intégration harmonieuse dans tous les intérieurs. Le poêle à bois Talisman, c’est 7 kW de puissance et un rendement de 76% permettant de chauffer un volume jusqu’à 96 m². Sa composition en fonte (habillage et foyer) représente un atout pour stocker et répartir uniformément la chaleur produite, même après extinction du feu ! Avec sa grande taille (H112*Ø 42cm – foyer accueillant des bûches jusqu’à 33 cm), la vitre ronde de ce poêle vous permet d’admirer des flammes authentiques et d’écouter l’agréable crépitement du bois. Les points forts Fabrication française Volume de chauffe : de 36 à 96 m² / 90 à 240 m3 Habillage et foyer en fonte Bûches jusqu’à 33 cm Intégration harmonieuse dans tous types d’intérieurs Design moderne : vitre ronde Classe énergétique : A Garantie : 6 ans À propos du poêle à bois Talisman Godin Excellente conductivité thermique Le poêle à bois Talisman dispose d’un habillage et d’un foyer en fonte. Ce matériau est idéal en termes de robustesse et de diffusion de la chaleur. La fonte offre une excellente conductivité thermique et une forte inertie. La chaleur produite par la combustion du bois est stockée dans la fonte. Elle est ensuite restituée de manière optimale dans votre salon. La diffusion de la chaleur est lente, elle se poursuit même après extinction du feu. Contrôle de la température Le poêle Godin Talisman est équipé d’un système de régulation de la température manuel. Le contrôle de la température est ainsi simplifié. La régulation de l’air permet de moduler la chaleur émise par votre poêle à bois dans votre salon. Confort d’utilisation Il vous suffit de charger des bûches de bois jusqu’à 33 cm ou des briquettes dans le foyer de votre poêle pour profiter de belles flammes et d’une chaleur à la fois douce et uniforme dans votre intérieur. Qualité française Godin est la référence des poêles à bois de fabrication française. Le poêle Talisman ne fait pas exception avec un haut niveau de finitions : Poignée métallique soigneusement intégrée Habillage et foyer en fonte Revêtement noir anthracite raffiné Design épuré Informations complémentaires Hauteur 112 cm – Diamètre 42 cm Buse de départ de Ø 150/153 mm ext. Distance au sol au-dessus de la buse de départ arrière : 79.2cm Conforme à la norme NF EN 13240 La marque Godin C’est en 1840 que Jean Baptiste André Godin substitue un poêle en fonte émaillée au traditionnel poêle en tôle. Aujourd’hui, Godin est devenu un nom générique, populaire et synonyme de chauffage de qualité. Sa production est française, la société a conservé ses 2 fonderies à Guise, dans les Hauts-de-France. A l’image du Petit Godin conçu par le créateur de la marque, les produits doivent leur qualité à la maîtrise de la fonte. Caractéristiques Techniques Poids 125 Kg Marque Godin Couleur Noir Combustible Bois Hauteur 107 cm Longueur 42 cm Profondeur 44 cm Garantie 6 ans Rendement 82,4 % Puissance en Kw 7 Kw Volume de chauffe 240 m3 Sortie des fumées Dessus ou arrière Installation en ventouse Non Taille des bûches 33 cm Télécommande Non Classe Energétique A Réservoir d’eau Non L Diamètre sortie des fumées 150 mm Type d’appareil Poêle à bois Talisman : un poêle à bois au design moderne fabriqué en France La silhouette fine et contemporaine du poêle à bois Talisman ne laisse pas indifférent ! Ce poêle Godin de fabrication française se démarque avec des performances optimales et un design ultra moderne garant d’une intégration harmonieuse dans tous les intérieurs. Le poêle à bois Talisman, c’est 7 kW de puissance et un rendement de 76% permettant de chauffer un volume jusqu’à 96 m². Sa composition en fonte (habillage et foyer) représente un atout pour stocker et répartir uniformément la chaleur produite, même après extinction du feu ! Avec sa grande taille (H112*Ø 42cm – foyer accueillant des bûches jusqu’à 33 cm), la vitre ronde de ce poêle vous permet d’admirer des flammes authentiques et d’écouter l’agréable crépitement du bois. Les points forts Fabrication française Volume de chauffe : de 36 à 96 m² / 90 à 240 m3 Habillage et foyer en fonte Bûches jusqu’à 33 cm Intégration harmonieuse dans tous types d’intérieurs Design moderne : vitre ronde Classe énergétique : A Garantie : 6 ans À propos du poêle à bois Talisman Godin Excellente conductivité thermique Le poêle à bois Talisman dispose d’un habillage et d’un foyer en fonte. Ce matériau est idéal en termes de robustesse et de diffusion de la chaleur. La fonte offre une excellente conductivité thermique et une forte inertie. La chaleur produite par la combustion du bois est stockée dans la fonte. Elle est ensuite restituée de manière optimale dans votre salon. La diffusion de la chaleur est lente, elle se poursuit même après extinction du feu. Con",https://chaufobois.fr/product/poele-a-bois-talisman-godin-7kw/,https://chaufobois.fr/wp-content/uploads/2022/11/1-9.jpg,"https://chaufobois.fr/wp-content/uploads/2022/11/2-2.png,https://chaufobois.fr/wp-content/uploads/2022/11/3-3.jpg",in stock,929.00 EUR,485.00 EUR,Chaufobois,CHB-3972,new,Home & Garden > Fireplaces,POÊLE & CHEMINÉE,
CHB-3971,Poêle à Bois Petit Carvin 8kW,"Le Petit Carvin : un poêle à bois à l’élégance 100% française Le Petit Carvin dispose des mêmes atouts que son grand frère, le poêle à bois Carvin. Aussi élégant avec son design moderne et sa finition émaillée, il présente également un niveau de performances remarquable avec ses 8 kW de puissance lui permettant de chauffer jusqu’à 180 m² ! Son confort d’utilisation est renforcé par une double ouverture (latérale et frontale), un large foyer accueillant des bûches jusqu’à 57 cm, ainsi que par son système de modulation de l’intensité des flammes. Ces caractéristiques pratiques offrent un meilleur contrôle de la température, en fonction de vos besoins. Le poêle à bois Petit Carvin sait s’intégrer à merveille dans tous les intérieurs pour y apporter du caractère, de l’élégance et une touche de convivialité. Les points forts Poêle à bois fabriqué en France Volume de chauffe : 80 à 200 m² / 200 à 450 m3 Habillage en fonte émaillée Bûches jusqu’à 57 cm Chargement des bûches avant ou latéral Design traditionnel Intégration harmonieuse dans toutes les décorations Classe énergétique : A Garantie : 6 ans À propos du poêle à bois Petit Carvin Godin Confort thermique renforcé La diffusion de la chaleur du poêle à bois Petit Carvin est renforcée par sa composition en fonte et son système de régulation de l’intensité de la flamme. Ce poêle de fabrication française incarne le savoir-faire Godin avec un habillage en fonte robuste et ingénieux. La fonte est un matériau très apprécié en termes de chauffage pour sa capacité à emmagasiner la chaleur produite et à la restituer dans votre salon de manière constante, même après extinction du feu. La diffusion d’une chaleur douce est aussi modulable. Le poêle à bois Petit Carvin est équipé d’un système de régulation de l’air qui réduit ou augmente l’intensité de la flamme pour contrôler plus précisément la température émise. Confort d’utilisation optimal Le poêle Godin Petit Carvin se distingue avec un confort d’utilisation optimal. Le chargement des bûches jusqu’à 57 cm peut se faire depuis la grande vitre avant, ou bien depuis la porte latérale. Ce double chargement offre une plus grande praticité à l’usage. Qualité française Le Petit Carvin allie modernité et tradition : Poignées dorées soigneusement intégrées Habillage en fonte émaillée Revêtement raffiné disponible en 6 coloris Design traditionnel Large vue sur les flammes Informations complémentaires relatives au poêle Godin PETIT CARVIN Buse de départ de Ø 153 mm int, 180 mm ext. Distance du sol au-dessus de la buse de départ : 66,5 cm Chargement avant et latéral Régulation thermostatique Conforme à la norme NF EN 13240 La marque Godin C’est en 1840 que Jean Baptiste André Godin substitue un poêle en fonte émaillée au traditionnel poêle en tôle. Aujourd’hui, Godin est devenu un nom générique, populaire et synonyme de chauffage de qualité. Sa production est française, la société a conservé ses 2 fonderies à Guise, dans les Hauts-de-France. A l’image du Petit Godin conçu par le créateur de la marque, les produits doivent leur qualité à la maîtrise de la fonte. Caractéristiques Techniques Poids 150 Kg Marque Godin Combustible Bois Hauteur 78,5 cm Longueur 70 cm Profondeur 46 cm Garantie 6 ans Rendement 76,26 % Puissance en Kw 8 Kw Volume de chauffe 450 m3 Sortie des fumées Dessus ou arrière Emission de poussière 58 mg/m3 Installation en ventouse Non Taille des bûches 57 cm Télécommande Non Classe Energétique A Réservoir d’eau Non L Diamètre sortie des fumées 180 mm Le Petit Carvin : un poêle à bois à l’élégance 100% française Le Petit Carvin dispose des mêmes atouts que son grand frère, le poêle à bois Carvin. Aussi élégant avec son design moderne et sa finition émaillée, il présente également un niveau de performances remarquable avec ses 8 kW de puissance lui permettant de chauffer jusqu’à 180 m² ! Son confort d’utilisation est renforcé par une double ouverture (latérale et frontale), un large foyer accueillant des bûches jusqu’à 57 cm, ainsi que par son système de modulation de l’intensité des flammes. Ces caractéristiques pratiques offrent un meilleur contrôle de la température, en fonction de vos besoins. Le poêle à bois Petit Carvin sait s’intégrer à merveille dans tous les intérieurs pour y apporter du caractère, de l’élégance et une touche de convivialité. Les points forts Poêle à bois fabriqué en France Volume de chauffe : 80 à 200 m² / 200 à 450 m3 Habillage en fonte émaillée Bûches jusqu’à 57 cm Chargement des bûches avant ou latéral Design traditionnel Intégration harmonieuse dans toutes les décorations Classe énergétique : A Garantie : 6 ans À propos du poêle à bois Petit Carvin Godin Confort thermique renforcé La diffusion de la chaleur du poêle à bois Petit Carvin est renforcée par sa composition en fonte et son système de régulation de l’intensité de la flamme. Ce poêle de fabrication française incarne le savoir-faire Godin avec un habillage en fonte robuste et ingénieux. La fonte est un matériau très apprécié e",https://chaufobois.fr/product/poele-a-bois-petit-carvin-8kw/,https://chaufobois.fr/wp-content/uploads/2022/11/1-8.jpg,"https://chaufobois.fr/wp-content/uploads/2022/11/2-1.png,https://chaufobois.fr/wp-content/uploads/2022/11/3-2.jpg",in stock,1484.00 EUR,850.00 EUR,Chaufobois,CHB-3971,new,Home & Garden > Fireplaces,POÊLE & CHEMINÉE,
CHB-3970,Poêle à Bois Chamonix XXL Décor Céramique porte Laitonnée 12kW,"Poêle à Bois Chamonix XXL Décor Céramique porte Laitonnée Caractéristiques techniques Désignation Valeur Puissance 12kW Bûches 60cm Dimensions du poêle H 120.2 x L 83.2 x P 50 cm Dimensions du foyer L 60 cm x H 30 cm x P 25 cm Émission de CO 0.15 % (à 13 % d’O2) Chargement Avant Rendement 71% Volume chauffé corrigé 180 à 450 m3 Buse de départ Ø 180 mm Départ des fumées arrière ou dessus Habillage acier et foyer fonte et brique Distance du sol au dessus de la buse de départ 112.3 cm Option incluse Vitre propre Réglage de l’allure Thermostatique Température moyenne des fumées 373 °C En option Porte en verre pour le four à pizza (ici) La marque Godin C’est en 1840 que Jean Baptiste André Godin substitue un poêle en fonte émaillée au traditionnel poêle en tôle. Aujourd’hui, Godin est devenu un nom générique, populaire et synonyme de chauffage de qualité. Sa production est française, la société a conservé ses 2 fonderies à Guise, dans les Hauts-de-France. A l’image du Petit Godin conçu par le créateur de la marque, les produits doivent leur qualité à la maîtrise de la fonte. Caractéristiques Techniques Poids 270 Kg Marque Godin Combustible Bois Hauteur 120,6 cm Longueur 83,2 cm Profondeur 50 cm Rendement 77,9 % Puissance en Kw 12 Kw Volume de chauffe 450 m3 Sortie des fumées Dessus ou arrière Flamme verte 7 Installation en ventouse Non Taille des bûches 60 cm Télécommande Non Classe Energétique A Réservoir d’eau Non L Diamètre sortie des fumées 180 mm Poêle à Bois Chamonix XXL Décor Céramique porte Laitonnée Caractéristiques techniques Désignation Valeur Puissance 12kW Bûches 60cm Dimensions du poêle H 120.2 x L 83.2 x P 50 cm Dimensions du foyer L 60 cm x H 30 cm x P 25 cm Émission de CO 0.15 % (à 13 % d’O2) Chargement Avant Rendement 71% Volume chauffé corrigé 180 à 450 m3 Buse de départ Ø 180 mm Départ des fumées arrière ou dessus Habillage acier et foyer fonte et brique Distance du sol au dessus de la buse de départ 112.3 cm Option incluse Vitre propre Réglage de l’allure Thermostatique Température moyenne des fumées 373 °C En option Porte en verre pour le four à pizza (ici) La marque Godin C’est en 1840 que Jean Baptiste André Godin substitue un poêle en fonte émaillée au traditionnel poêle en tôle. Aujourd’hui, Godin est devenu un nom générique, populaire et synonyme de chauffage de qualité. Sa production est française, la société a conservé ses 2 fonderies à Guise, dans les Hauts-de-France. A l’image du Petit Godin conçu par le créateur de la marque, les produits doivent leur qualité à la maîtrise de la fonte. Poêle à Bois Chamonix XXL Décor Céramique porte Laitonnée Caractéristiques techniques Désignation Valeur Puissance 12kW Bûches 60cm Dimensions du poêle H 120.2 x L 83.2 x P 50 cm Dimensions du foyer L 60 cm x H 30 cm x P 25 cm Émission de CO 0.15 % (à 13 % d’O2) Chargement Avant Rendement 71% Volume chauffé corrigé 180 à 450 m3 Buse de départ Ø 180 mm Départ des fumées arrière ou dessus Habillage acier et foyer fonte et brique Distance du sol au dessus de la buse de départ 112.3 cm Option incluse Vitre propre Réglage de l’allure Thermostatique Température moyenne des fumées 373 °C En option Porte en verre pour le four à pizza (ici) La marque Godin C’est en 1840 que Jean Baptiste André Godin substitue un poêle en fonte émaillée au traditionnel poêle en tôle. Aujourd’hui, Godin est devenu un nom générique, populaire et synonyme de chauffage de qualité. Sa production est française, la société a conservé ses 2 fonderies à Guise, dans les Hauts-de-France. A l’image du Petit Godin conçu par le créateur de la marque, les produits doivent leur qualité à la maîtrise de la fonte. Poêle à Bois Chamonix XXL Décor Céramique porte Laitonnée Caractéristiques techniques Désignation Valeur Puissance 12kW Bûches 60cm Dimensions du poêle H 120.2 x L 83.2 x P 50 cm Dimensions du foyer L 60 cm x H 30 cm x P 25 cm Émission de CO 0.15 % (à 13 % d’O2) Chargement Avant Rendement 71% Volume chauffé corrigé 180 à 450 m3 Buse de départ Ø 180 mm Départ des fumées arrière ou dessus Habillage acier et foyer fonte et brique Distance du sol au dessus de la buse de départ 112.3 cm Option incluse Vitre propre Réglage de l’allure Thermostatique Température moyenne des fumées 373 °C En option Porte en verre pour le four à pizza (ici) Désignation Valeur Puissance 12kW Bûches 60cm Dimensions du poêle H 120.2 x L 83.2 x P 50 cm Dimensions du foyer L 60 cm x H 30 cm x P 25 cm Émission de CO 0.15 % (à 13 % d’O2) Chargement Avant Rendement 71% Volume chauffé corrigé 180 à 450 m3 Buse de départ Ø 180 mm Départ des fumées arrière ou dessus Habillage acier et foyer fonte et brique Distance du sol au dessus de la buse de départ 112.3 cm Option incluse Vitre propre Réglage de l’allure Thermostatique Température moyenne des fumées 373 °C En option Porte en verre pour le four à pizza (ici) C’est en 1840 que Jean Baptiste André Godin substitue un poêle en fonte émaillée au traditionnel poêle en tôle. Aujourd’hui, Godin est devenu un nom générique, p",https://chaufobois.fr/product/poele-a-bois-chamonix-xxl-decor-ceramique-porte-laitonnee-12kw/,https://chaufobois.fr/wp-content/uploads/2022/11/1-6.jpg,"https://chaufobois.fr/wp-content/uploads/2022/11/1-7.jpg,https://chaufobois.fr/wp-content/uploads/2022/11/3-1.jpg",in stock,3035.00 EUR,1500.00 EUR,Chaufobois,CHB-3970,new,Home & Garden > Fireplaces,POÊLE & CHEMINÉE,
CHB-3969,Poêle à Bois Gaia Forno 7.3kW,"Poêle à Bois Gaia Forno : informations clés Laissez mijoter vos plats tout en profitant de la chaleur douce et uniforme émise par le poêle à bois Gaia avec four intégré. Ses 7,3 kW de puissance et son rendement de 82% lui permettent de chauffer près de 70 m² (soit 172 m3). Les finitions du poêle à bois Gaia Forno ont été pensées pour renforcer ses performances de chauffe : le foyer en fonte et le revêtement en faïence participent à une meilleure et plus longue diffusion de la chaleur dans votre pièce, même une fois le feu éteint. Côté design, sa silhouette longiligne et sa faïence lui donnent une allure moderne qui s’intègre harmonieusement dans tous les intérieurs. Les points forts Foyer en fonte avec système post combustion Revêtement extérieur en faïence Porte en fonte émaillée Four émaillé de 19 L Vitre céramique résistante à 750°C Double combustion avec le système PCS – économiser du combustible Ce modèle est équipé du système PCS (Post Combustion System). Pour fonctionner, le feu a besoin d’air comburant qui permet la combustion de la bûche. Les gaz issus de la première combustion sont brûlés et permettent une combustion plus complète de la bûche grâce à une seconde arrivée d’air. La double combustion permet de réduire l’encrassement de votre poêle à bois, mais également de moins consommer de bois, donc de faire plus d’économies. Four intégré Ce poêle à bois dispose d’un four intégré au-dessus du foyer. Renouez avec les traditions de la cuisine au feu de bois en laissant mijoter vos plats ! Le thermomètre du four vous permet de gérer parfaitement la cuisson de tous vos aliments ! Facilité d’utilisation et d’entretien Équipé du système Clean Glass Control (CGC), l’encrassement de la vitre du foyer est considérablement ralenti, facilitant son nettoyage, grâce à un parcours spécifique d’air préchauffé. Grâce à son tiroir extractible et sa grille foyer, le nettoyage des cendres est facilité : collectez rapidement les résidus de vos combustibles ! Revêtu de faïence, le nettoyage de ce poêle est très simple : il vous suffit d’utiliser un chiffon doux et sec. Pour les parties en fonte, il vous suffit d’utiliser vos produits d’entretien habituels, en veillant toutefois à ce qu’il ne s’agisse pas de produits agressifs et/ou abrasifs. Pour prolonger la durée de vie de votre poêle, et assurer son bon fonctionnement, il est nécessaire de le ramoner deux fois par an. Robuste et moderne Revêtu de faïence, ce poêle de 133 Kg est robuste et conçu pour durer. Il est particulièrement résistant aux fortes chaleurs grâce à son foyer en fonte et sa vitre céramique résistante à 750°C. La marque La Nordica La Nordica est une marque italienne née en 1968 distribuée dans 50 pays dans le monde. La recherche et l’innovation constantes sur les produits, menées par la marque est la garantie d’un système de chauffage fiable. Elle propose une large gamme de produits évolués et diversifiés, adaptés à tous les goûts et à toutes les exigences : du classique au rustique en passant par des lignes plus modernes. La Nordica porte le meilleur du Made in Italy : qualité des matériaux, précision de réalisation et grande attention portée au design. Caractéristiques Techniques Poids 186 Kg Marque La Nordica Combustible Bois Hauteur 133,1 cm Longueur 49,5 cm Profondeur 46,8 cm Garantie 2 ans Rendement 82 % Puissance en Kw 7 Kw Volume de chauffe 172 m3 Sortie des fumées Dessus Installation en ventouse Non Taille des bûches 30 cm Télécommande Non Classe Energétique A+ Réservoir d’eau Non L Diamètre sortie des fumées 120 mm Type d’appareil Poêle à bois Poêle à Bois Gaia Forno : informations clés Laissez mijoter vos plats tout en profitant de la chaleur douce et uniforme émise par le poêle à bois Gaia avec four intégré. Ses 7,3 kW de puissance et son rendement de 82% lui permettent de chauffer près de 70 m² (soit 172 m3). Les finitions du poêle à bois Gaia Forno ont été pensées pour renforcer ses performances de chauffe : le foyer en fonte et le revêtement en faïence participent à une meilleure et plus longue diffusion de la chaleur dans votre pièce, même une fois le feu éteint. Côté design, sa silhouette longiligne et sa faïence lui donnent une allure moderne qui s’intègre harmonieusement dans tous les intérieurs. Les points forts Foyer en fonte avec système post combustion Revêtement extérieur en faïence Porte en fonte émaillée Four émaillé de 19 L Vitre céramique résistante à 750°C Double combustion avec le système PCS – économiser du combustible Ce modèle est équipé du système PCS (Post Combustion System). Pour fonctionner, le feu a besoin d’air comburant qui permet la combustion de la bûche. Les gaz issus de la première combustion sont brûlés et permettent une combustion plus complète de la bûche grâce à une seconde arrivée d’air. La double combustion permet de réduire l’encrassement de votre poêle à bois, mais également de moins consommer de bois, donc de faire plus d’économies. Four intégré Ce poêle à bois dispose d’un four intégré au-dessus",https://chaufobois.fr/product/poele-a-bois-gaia-forno-7-3kw/,https://chaufobois.fr/wp-content/uploads/2022/11/1-5.jpg,"https://chaufobois.fr/wp-content/uploads/2022/11/2-1.jpg,https://chaufobois.fr/wp-content/uploads/2022/11/3.jpg,https://chaufobois.fr/wp-content/uploads/2022/11/4-1.jpg",in stock,2019.00 EUR,1009.00 EUR,Chaufobois,CHB-3969,new,Home & Garden > Fireplaces,POÊLE & CHEMINÉE,
CHB-3968,Poêle à Bois Isotta Evo 12kW,"Poêle à Bois Isotta Evo : informations clés Le poêle à bois Isotta Evo est la solution de chauffage idéale pour se chauffer convenablement tout l’hiver. Sa capacité de chauffe de 338m3 et son excellent rendement de 82% font de lui l’un des appareils de chauffage au bois des plus appréciés du moment. Sa vitre en forme d’arc offre une belle vue sur les flammes et dynamise le design traditionnel de ce poêle. Sa couleur “noir anthracite” est représentative de la fonte utilisée pour créer ce modèle performant et puissant. Les points forts Chauffe jusqu’à 338m3 Faible consommation de bois : 82% de rendement Poêle entièrement en fonte émaillée Porte de chargement frontal et latéral Foyer en fonte avec système post-combustion Large foyer : bûches jusqu’à 50 cm Bac à cendre intégré Vitre céramique résistante à 750° À propos du poêle à bois Isotta Evo Excellente conductivité thermique Le poêle à bois Isotta Evo dispose d’un habillage et d’un foyer en fonte. Ce matériau est idéal en termes de robustesse et de diffusion de la chaleur. La fonte offre une excellente conductivité thermique et une forte inertie. La chaleur produite par la combustion du bois est stockée dans la fonte. Elle est ensuite restituée de manière optimale dans votre salon. La diffusion de la chaleur est lente, elle se poursuit même après extinction du feu. Qualité et Design La qualité du poêle est pensée dans les moindres détails : Fonte émaillée Soudures invisibles Poignées soigneusement intégrées Angles arrondis au niveau de la porte et de la vitre Motif en fonte travaillé Confort d’utilisation renforcé La fonte est l’un des matériaux les plus résistants. Bien utilisée, elle offre une durée de vie presque illimitée au poêle à bois. Cet alliage intemporel a l’avantage de bénéficier d’un entretien minimal. La marque La Nordica La Nordica est une marque italienne née en 1968 distribuée dans 50 pays dans le monde. La recherche et l’innovation constantes sur les produits, menées par la marque est la garantie d’un système de chauffage fiable. Elle propose une large gamme de produits évolués et diversifiés, adaptés à tous les goûts et à toutes les exigences : du classique au rustique en passant par des lignes plus modernes. La Nordica porte le meilleur du Made in Italy : qualité des matériaux, précision de réalisation et grande attention portée au design. Caractéristiques Techniques Poids 205 Kg Marque La Nordica Couleur Noir Combustible Bois Hauteur 77,5 cm Longueur 79 cm Profondeur 66 cm Garantie 2 ans Rendement 82 % Puissance en Kw 12 Kw Volume de chauffe 338 m3 Sortie des fumées Dessus ou arrière Installation en ventouse Non Taille des bûches 50 cm Télécommande Non Classe Energétique A+ Réservoir d’eau Non L Diamètre sortie des fumées 150 mm Finition Anthracite Type d’appareil Poêle à bois Poêle à Bois Isotta Evo : informations clés Le poêle à bois Isotta Evo est la solution de chauffage idéale pour se chauffer convenablement tout l’hiver. Sa capacité de chauffe de 338m3 et son excellent rendement de 82% font de lui l’un des appareils de chauffage au bois des plus appréciés du moment. Sa vitre en forme d’arc offre une belle vue sur les flammes et dynamise le design traditionnel de ce poêle. Sa couleur “noir anthracite” est représentative de la fonte utilisée pour créer ce modèle performant et puissant. Les points forts Chauffe jusqu’à 338m3 Faible consommation de bois : 82% de rendement Poêle entièrement en fonte émaillée Porte de chargement frontal et latéral Foyer en fonte avec système post-combustion Large foyer : bûches jusqu’à 50 cm Bac à cendre intégré Vitre céramique résistante à 750° À propos du poêle à bois Isotta Evo Excellente conductivité thermique Le poêle à bois Isotta Evo dispose d’un habillage et d’un foyer en fonte. Ce matériau est idéal en termes de robustesse et de diffusion de la chaleur. La fonte offre une excellente conductivité thermique et une forte inertie. La chaleur produite par la combustion du bois est stockée dans la fonte. Elle est ensuite restituée de manière optimale dans votre salon. La diffusion de la chaleur est lente, elle se poursuit même après extinction du feu. Qualité et Design La qualité du poêle est pensée dans les moindres détails : Fonte émaillée Soudures invisibles Poignées soigneusement intégrées Angles arrondis au niveau de la porte et de la vitre Motif en fonte travaillé Confort d’utilisation renforcé La fonte est l’un des matériaux les plus résistants. Bien utilisée, elle offre une durée de vie presque illimitée au poêle à bois. Cet alliage intemporel a l’avantage de bénéficier d’un entretien minimal. La marque La Nordica La Nordica est une marque italienne née en 1968 distribuée dans 50 pays dans le monde. La recherche et l’innovation constantes sur les produits, menées par la marque est la garantie d’un système de chauffage fiable. Elle propose une large gamme de produits évolués et diversifiés, adaptés à tous les goûts et à toutes les exigences : du classique au rustique en passant par des lignes ",https://chaufobois.fr/product/poele-a-bois-isotta-evo-12kw/,https://chaufobois.fr/wp-content/uploads/2022/11/1-2.jpg,"https://chaufobois.fr/wp-content/uploads/2022/11/2.jpg,https://chaufobois.fr/wp-content/uploads/2022/11/8-1.jpg",in stock,1279.00 EUR,780.00 EUR,Chaufobois,CHB-3968,new,Home & Garden > Fireplaces,POÊLE & CHEMINÉE,
CHB-1364,Flexible de poêle à bois Inox ø180 x 7 m Poujoulat,Type d’article Flexible Marque Poujoulat Matière Polyester laminé (PES) Couleur de base Gris Longueur (mm) 70000mm Diamètre (mm) 180mm Quantité par pack 1 Norme CE 0071 Poids net (kg) 13.5kg Référence produit 3417063498113,https://chaufobois.fr/product/flexible-de-poele-a-bois-inox-o180-x-7-m-poujoulat/,https://chaufobois.fr/wp-content/uploads/2022/09/Capture-decran-2022-09-04-183526.png,https://chaufobois.fr/wp-content/uploads/2022/09/Capture-decran-2022-09-04-183619.png,in stock,309.00 EUR,,Chaufobois,CHB-1364,new,Home & Garden > Fireplaces,Raccordement poêle à bois,
CHB-1350,Réduction conique ø230-130 mm émaillé Poujoulat,Type d’article Réduction Forme du produit Conique Diamètre (cm) 23cm Quantité par pack 1 Référence produit 3417062854293,https://chaufobois.fr/product/reduction-conique-o230-130-mm-emaille-poujoulat/,https://chaufobois.fr/wp-content/uploads/2022/09/raccord-reduit-o230-150-inox-galva-vers-simple-paroi-inox-1.jpg,,in stock,89.00 EUR,,Chaufobois,CHB-1350,new,Home & Garden > Fireplaces,Raccordement poêle à bois,
CHB-1345,Réduction conique 230 150 EMAIL Poujoulat,Type d’article Réduction Nom du modèle/numéro 230 150 EMAIL Matière Polyester laminé (PES) Couleur de base Gris Forme du produit Conique Longueur du produit 230mm Hauteur du produit 160mm Diamètre (cm) 23cm Quantité par pack 1 Norme CE 0071-CPD-0013 Référence produit 3417062569913,https://chaufobois.fr/product/reduction-conique-230-150-email-poujoulat/,https://chaufobois.fr/wp-content/uploads/2022/09/raccord-reduit-o230-150-inox-galva-vers-simple-paroi-inox.jpg,,in stock,99.00 EUR,,Chaufobois,CHB-1345,new,Home & Garden > Fireplaces,Raccordement poêle à bois,
CHB-1342,OSAKA MODERNES-CONTEMPORAINS,"MESURES DIMENSIONS HxLxP 1205x514x460 mm POIDS BRUT/NET 129/123 kg PORTE ENTREE BOIS 310×565 mm SORTIE DE FUMEES Ø 150-153 mm Top CARACTERISTIQUES GRILLE EN FONTE PUISSANCE 8 KW RENDEMENT 78% EMISSION DE CO 0,10% PEINTURE ANTICALORIFIQUE RÉSISTANCE 800ºC VERRE VITROCÉRAMIQUE RÉSISTANCE 750ºC EAN 8426964183504 EAN 8426964183504 EAN 8426964183504",https://chaufobois.fr/product/osaka-modernes-contemporains/,https://chaufobois.fr/wp-content/uploads/2022/09/OSAKA-CATALOGO-WEB-3.png,https://chaufobois.fr/wp-content/uploads/2022/09/OSAKA-ECO.png,in stock,1319.00 EUR,,Chaufobois,CHB-1342,new,Home & Garden > Fireplaces,Poêle à bois,
CHB-1338,NEVADA MODERNES-CONTEMPORAINS,"DIMENSIONS HxLxP 1000x650x465 mm POIDS BRUT/NET 154/141 kg PORTE ENTREE BOIS 410×585 mm SORTIE DE FUMEES Ø 150-153 mm Top CARACTERISTIQUES GRILLE EN FONTE VISION PANORAMIQUE CORPS EN ACIER DE 5 mm PUISSANCE 8,7 KW RENDEMENT 77% EMISSION DE CO 0,10% PEINTURE ANTICALORIFIQUE RÉSISTANCE 800ºC VERRE VITROCÉRAMIQUE RÉSISTANCE 750ºC EAN 8426964185508 EAN 8426964185508 EAN 8426964185508",https://chaufobois.fr/product/nevada-modernes-contemporains/,https://chaufobois.fr/wp-content/uploads/2022/09/NEVADA-CATALOGO-WEB.png,,in stock,1226.00 EUR,1090.00 EUR,Chaufobois,CHB-1338,new,Home & Garden > Fireplaces,Poêle à bois,
CHB-1334,Poêle à bois Panadero Suerte Ecodesign 8 kW,Type d’article Poêle à bois Marque Panadero Gamme 0 Nom du modèle/numéro Suerte Surface de chauffe 89m² Classe énergétique A Éligible pour MaPrimeRenov’ Éligible Label Flamme Verte 7 étoiles Puissance électrique en Watts 8000W Matière Acier Type de combustible Bois Longueur maximale de la bûche 50mm Diamètre maximal de la bûche 50mm Hauteur (cm) 99cm Largeur (cm) 50cm Profondeur (cm) 44.5cm Diamètre de la buse 150mm Position de sortie du conduit de fumée Avant Rendement calorifique 78.5% Système de nettoyage de vitre Système de nettoyage de vitre Émissions de monoxyde de carbone Respecte les standards d’émissions de dioxyde de carbone Double combustion Double combustion Poids net (kg) 122kg Référence produit 8426964181500,https://chaufobois.fr/product/poele-a-bois-panadero-suerte-ecodesign-8-kw/,https://chaufobois.fr/wp-content/uploads/2022/09/SUERTE-CATALOGO-WEB.png,,in stock,1449.00 EUR,,Chaufobois,CHB-1334,new,Home & Garden > Fireplaces,Poêle à bois,
CHB-1332,Poêle à bois Panadero Onix ecodesign 7.1 kW,Spécifications techniques Type d’article Poêle à bois Marque Panadero Nom du modèle/numéro Onix Surface de chauffe 80m² Classe énergétique A Éligible pour MaPrimeRenov’ Éligible Label Flamme Verte 7 étoiles Puissance électrique en Watts 7100W Matière Acier Type de combustible Briquettes & wood Longueur maximale de la bûche 500mm Hauteur (cm) 81cm Largeur (cm) 43cm Profondeur (cm) 43cm Diamètre de la buse 150mm Rendement calorifique 77% Système de nettoyage de vitre Système de nettoyage de vitre Double combustion Double combustion Référence produit 8426964186956,https://chaufobois.fr/product/poele-a-bois-panadero-onix-ecodesign-7-1-kw/,https://chaufobois.fr/wp-content/uploads/2022/09/poele-a-bois-panadero.jpg,,in stock,899.00 EUR,795.00 EUR,Chaufobois,CHB-1332,new,Home & Garden > Fireplaces,Poêle à bois,
CHB-1328,"Poêle à bois Panadero Mistral trivision 7,2 kW",Type d’article Poêle à bois Marque Panadero Gamme 0 Nom du modèle/numéro Mistral – trivision Surface de chauffe 89m² Classe énergétique A Éligible pour MaPrimeRenov’ Éligible Label Flamme Verte 7 étoiles Puissance électrique en Watts 7200W Matière Acier Type de combustible Bois Longueur maximale de la bûche 60mm Diamètre maximal de la bûche 60mm Hauteur (cm) 88.9cm Largeur (cm) 79.6cm Profondeur (cm) 48.2cm Diamètre de la buse 150mm Position de sortie du conduit de fumée Avant Rendement calorifique 77% Système de nettoyage de vitre Système de nettoyage de vitre Émissions de monoxyde de carbone Respecte les standards d’emissions de dioxyde de carbone Double combustion Double combustion Poids net (kg) 160kg Référence produit 8426964112245,https://chaufobois.fr/product/poele-a-bois-panadero-mistral-trivision-72-kw/,https://chaufobois.fr/wp-content/uploads/2022/09/p.png,,in stock,1249.00 EUR,1100.00 EUR,Chaufobois,CHB-1328,new,Home & Garden > Fireplaces,Poêle à bois,
CHB-1318,Poêle à bois Aduro 9.6 6 kW,"Détails du produit Informations sur le produit Poêle à bois Aduro 9.6 6 kW Adapté à: Bûches de 39 cm Caractéristiques et avantages Poêle à bois sobre et intemporel, L’Aduro 9.6 présente trois faces vitrées pour vous permettre de contempler le ballet des flammes de manière optimale. Ses trois vitres demeurent nettes grâce à notre système efficace ”vitre propre ”. Ce poêle est équipé d’une réserve à bois idéale pour entreposer vos bûches. Rendement : 81,3% Système vitre propre Jusqu’à de consommation 40% de bois en moins Spécifications techniques Type d’article Poêle à bois Marque Aduro Nom du modèle/numéro 9.6 Surface de chauffe 140m² Classe énergétique A+ Label Flamme Verte 7 étoiles Puissance électrique en Watts 6000W Type de combustible Bois Longueur maximale de la bûche 390mm Hauteur (cm) 90cm Largeur (cm) 50cm Profondeur (cm) 44.7cm Diamètre de la buse 150mm Émissions de monoxyde de carbone 0,100 Référence produit 5704065006490 Informations sur le produit Poêle à bois Aduro 9.6 6 kW Adapté à: Bûches de 39 cm Caractéristiques et avantages Poêle à bois sobre et intemporel, L’Aduro 9.6 présente trois faces vitrées pour vous permettre de contempler le ballet des flammes de manière optimale. Ses trois vitres demeurent nettes grâce à notre système efficace ”vitre propre ”. Ce poêle est équipé d’une réserve à bois idéale pour entreposer vos bûches. Rendement : 81,3% Système vitre propre Jusqu’à de consommation 40% de bois en moins Spécifications techniques Type d’article Poêle à bois Marque Aduro Nom du modèle/numéro 9.6 Surface de chauffe 140m² Classe énergétique A+ Label Flamme Verte 7 étoiles Puissance électrique en Watts 6000W Type de combustible Bois Longueur maximale de la bûche 390mm Hauteur (cm) 90cm Largeur (cm) 50cm Profondeur (cm) 44.7cm Diamètre de la buse 150mm Émissions de monoxyde de carbone 0,100 Référence produit 5704065006490 Informations sur le produit Poêle à bois Aduro 9.6 6 kW Adapté à: Bûches de 39 cm Caractéristiques et avantages Poêle à bois sobre et intemporel, L’Aduro 9.6 présente trois faces vitrées pour vous permettre de contempler le ballet des flammes de manière optimale. Ses trois vitres demeurent nettes grâce à notre système efficace ”vitre propre ”. Ce poêle est équipé d’une réserve à bois idéale pour entreposer vos bûches. Rendement : 81,3% Système vitre propre Jusqu’à de consommation 40% de bois en moins Informations sur le produit Poêle à bois Aduro 9.6 6 kW Adapté à: Bûches de 39 cm Caractéristiques et avantages Poêle à bois sobre et intemporel, L’Aduro 9.6 présente trois faces vitrées pour vous permettre de contempler le ballet des flammes de manière optimale. Ses trois vitres demeurent nettes grâce à notre système efficace ”vitre propre ”. Ce poêle est équipé d’une réserve à bois idéale pour entreposer vos bûches. Rendement : 81,3% Système vitre propre Jusqu’à de consommation 40% de bois en moins Poêle à bois Aduro 9.6 6 kW Adapté à: Bûches de 39 cm Caractéristiques et avantages Poêle à bois sobre et intemporel, L’Aduro 9.6 présente trois faces vitrées pour vous permettre de contempler le ballet des flammes de manière optimale. Ses trois vitres demeurent nettes grâce à notre système efficace ”vitre propre ”. Ce poêle est équipé d’une réserve à bois idéale pour entreposer vos bûches. Rendement : 81,3% Système vitre propre Jusqu’à de consommation 40% de bois en moins Adapté à: Bûches de 39 cm Caractéristiques et avantages Poêle à bois sobre et intemporel, L’Aduro 9.6 présente trois faces vitrées pour vous permettre de contempler le ballet des flammes de manière optimale. Ses trois vitres demeurent nettes grâce à notre système efficace ”vitre propre ”. Ce poêle est équipé d’une réserve à bois idéale pour entreposer vos bûches. Rendement : 81,3% Système vitre propre Jusqu’à de consommation 40% de bois en moins Spécifications techniques Type d’article Poêle à bois Marque Aduro Nom du modèle/numéro 9.6 Surface de chauffe 140m² Classe énergétique A+ Label Flamme Verte 7 étoiles Puissance électrique en Watts 6000W Type de combustible Bois Longueur maximale de la bûche 390mm Hauteur (cm) 90cm Largeur (cm) 50cm Profondeur (cm) 44.7cm Diamètre de la buse 150mm Émissions de monoxyde de carbone 0,100 Référence produit 5704065006490 Spécifications techniques Type d’article Poêle à bois Marque Aduro Nom du modèle/numéro 9.6 Surface de chauffe 140m² Classe énergétique A+ Label Flamme Verte 7 étoiles Puissance électrique en Watts 6000W Type de combustible Bois Longueur maximale de la bûche 390mm Hauteur (cm) 90cm Largeur (cm) 50cm Profondeur (cm) 44.7cm Diamètre de la buse 150mm Émissions de monoxyde de carbone 0,100 Référence produit 5704065006490",https://chaufobois.fr/product/poele-a-bois-aduro-9-6-6-kw/,https://chaufobois.fr/wp-content/uploads/2022/09/po-le-bois-aduro-9-6-6-kw_5704065006490_01c_FR_CF.webp,,in stock,1090.00 EUR,,Chaufobois,CHB-1318,new,Home & Garden > Fireplaces,Poêle à bois,
CHB-1311,Poêle à bois Invicta Balami 7 kW,"Détails du produit Informations sur le produit Poêle à bois Invicta Balami 7 kW Adapté à: Bûches de 30 cm max Système vitre propre Caractéristiques et avantages Simple et élégant, ce poêle à bois INVICTA Balami est idéal pour les pièces à vivre jusqu’à 85m2. Il dispose d’un bon rendement pour profiter d’une maison chaleureuse et confortable tout en économisant l’énergie. Rendement : 78 % Flamme verte : 7 étoiles Matière : Fonte Idéal pour chauffer une pièce de 40 à 85m² Assure une excellente retention de la chaleur afin de la restituer doucement pendant plusieurs heures La double combustion améliore le rendement du poêle grâce à deux entrées d’air qui permettent de mieux brûler le bois Permet un rendement énergétique supérieur à 75% tout en réduisant les emissions de monoxydes de carbone, de polluants dans les concentrations de fumées et les particules fines Ce système empêche l’apparition de suie sur la vitre pendant la combustion pour que vous accordiez moins de temps au nettoyage de votre poêle Facilite le vidage des cendres Spécifications techniques Type d’article Poêle à bois Marque Invicta Gamme Balami Nom du modèle/numéro Balami Surface de chauffe 85m² Zone d’installation du poêle 1 Classe énergétique A Éligible pour MaPrimeRenov’ Éligible Label Flamme Verte 7 étoiles Puissance électrique en Watts 7000W Matière Fonte Type de combustible Bois Longueur maximale de la bûche 300mm Diamètre maximal de la bûche 300mm Hauteur (cm) 80cm Largeur (cm) 43.6cm Profondeur (cm) 36.4cm Diamètre de la buse 150mm Position de sortie du conduit de fumée Avant Rendement calorifique 0.78% Système de nettoyage de vitre Système de nettoyage de vitre Émission de composés de gaz organique 70mg/m³ Émission d’oxydes d’azote 160mg/m³ Émissions de monoxyde de carbone Respecte les standards ECO DESIGN 2022 Double combustion Double combustion Poids net (kg) 72kg Référence produit 3244336125441 Informations sur le produit Poêle à bois Invicta Balami 7 kW Adapté à: Bûches de 30 cm max Système vitre propre Caractéristiques et avantages Simple et élégant, ce poêle à bois INVICTA Balami est idéal pour les pièces à vivre jusqu’à 85m2. Il dispose d’un bon rendement pour profiter d’une maison chaleureuse et confortable tout en économisant l’énergie. Rendement : 78 % Flamme verte : 7 étoiles Matière : Fonte Idéal pour chauffer une pièce de 40 à 85m² Assure une excellente retention de la chaleur afin de la restituer doucement pendant plusieurs heures La double combustion améliore le rendement du poêle grâce à deux entrées d’air qui permettent de mieux brûler le bois Permet un rendement énergétique supérieur à 75% tout en réduisant les emissions de monoxydes de carbone, de polluants dans les concentrations de fumées et les particules fines Ce système empêche l’apparition de suie sur la vitre pendant la combustion pour que vous accordiez moins de temps au nettoyage de votre poêle Facilite le vidage des cendres Spécifications techniques Type d’article Poêle à bois Marque Invicta Gamme Balami Nom du modèle/numéro Balami Surface de chauffe 85m² Zone d’installation du poêle 1 Classe énergétique A Éligible pour MaPrimeRenov’ Éligible Label Flamme Verte 7 étoiles Puissance électrique en Watts 7000W Matière Fonte Type de combustible Bois Longueur maximale de la bûche 300mm Diamètre maximal de la bûche 300mm Hauteur (cm) 80cm Largeur (cm) 43.6cm Profondeur (cm) 36.4cm Diamètre de la buse 150mm Position de sortie du conduit de fumée Avant Rendement calorifique 0.78% Système de nettoyage de vitre Système de nettoyage de vitre Émission de composés de gaz organique 70mg/m³ Émission d’oxydes d’azote 160mg/m³ Émissions de monoxyde de carbone Respecte les standards ECO DESIGN 2022 Double combustion Double combustion Poids net (kg) 72kg Référence produit 3244336125441 Informations sur le produit Poêle à bois Invicta Balami 7 kW Adapté à: Bûches de 30 cm max Système vitre propre Caractéristiques et avantages Simple et élégant, ce poêle à bois INVICTA Balami est idéal pour les pièces à vivre jusqu’à 85m2. Il dispose d’un bon rendement pour profiter d’une maison chaleureuse et confortable tout en économisant l’énergie. Rendement : 78 % Flamme verte : 7 étoiles Matière : Fonte Idéal pour chauffer une pièce de 40 à 85m² Assure une excellente retention de la chaleur afin de la restituer doucement pendant plusieurs heures La double combustion améliore le rendement du poêle grâce à deux entrées d’air qui permettent de mieux brûler le bois Permet un rendement énergétique supérieur à 75% tout en réduisant les emissions de monoxydes de carbone, de polluants dans les concentrations de fumées et les particules fines Ce système empêche l’apparition de suie sur la vitre pendant la combustion pour que vous accordiez moins de temps au nettoyage de votre poêle Facilite le vidage des cendres Informations sur le produit Poêle à bois Invicta Balami 7 kW Adapté à: Bûches de 30 cm max Système vitre propre Caractéristiques et avantages Simple et élégant, ce poêle à bois INVICTA Bal",https://chaufobois.fr/product/poele-a-bois-invicta-balami-7-kw/,https://chaufobois.fr/wp-content/uploads/2022/09/po-le-bois-invicta-balami-7-kw_3244336125441_01c.jpg,,in stock,329.00 EUR,,Chaufobois,CHB-1311,new,Home & Garden > Fireplaces,Poêle à bois,
