Handle,Title,Body (HTML),Vendor,Type,Tags,Published,Variant Price,Variant Compare At Price,Variant SKU,Variant Inventory Qty,Image Src,Image Position
10-fuss-standardcontainer,10 Fuß Standardcontainer,"<p><strong>Unser 10-Fuß-Container bietet die perfekte Balance zwischen Kompaktheit und Lagerkapazität. Mit einer Länge von 10 Fuß (ca. 3,05 Meter) ist dieser Container ideal für alle, die eine kompakte Lagerlösung ohne Platzeinbußen suchen. Mit einem großzügigen Lagervolumen von 16,6 m³ eignet sich dieser Container für vielfältige Anwendungen.</strong></p>
<p><strong>Warum Sie sich für den 10-Fuß-Container entscheiden sollten:</strong></p>
<p><strong>Platzsparend: Dank seines kompakten Designs benötigt der 10-Fuß-Container nur minimalen Platz und bietet dennoch ausreichend Stauraum.</strong><br><strong>Sichere Lagerung: Unsere Container sind robust und widerstandsfähig, um Ihre Wertgegenstände sicher aufzubewahren. Verlassen Sie sich auf die Langlebigkeit unserer Container, auch unter anspruchsvollen Bedingungen.</strong></p>
<div class=""description accordion open"">
<div class=""accordion-content"">
<div class=""user-content margin-b-6"">
<p><strong>Vielfältige Einsatzmöglichkeiten: Ob Baumaterialien, Werkzeuge, Akten oder andere wertvolle Gegenstände – der 10-Fuß-Container erfüllt vielfältige Lageranforderungen.</strong><br><strong>Flexible Platzierung: Die kompakten Abmessungen ermöglichen eine einfache Platzierung an verschiedenen Standorten, auch bei begrenztem Platzangebot.</strong><br><strong>Mögliche Anwendungen:</strong></p>
<p><strong>Bau- und Konstruktionsprojekte</strong><br><strong>Lagerung bei Umzügen</strong><br><strong>Temporäre Lagerung für Veranstaltungen</strong><br><strong>Geschäftslagerung für kleinere Unternehmen</strong><br><strong>Wählen Sie den 10-Fuß-Container und profitieren Sie von der idealen Balance zwischen Kompaktheit und Lagerkapazität.</strong></p>
</div>
</div>
</div>
<div class=""description accordion open"">
<div class=""accordion-title flex flex-items-space-between flex-items-middle gaps-9"">
<h5 class=""fw-medium margin-tb-8""><strong>Technische Informationen</strong></h5>
<strong><i class=""fas fa-chevron-down""></i></strong>
</div>
<div class=""accordion-content"">
<div class=""user-content margin-b-6"">
<table>
<thead>
<tr>
<th></th>
<th><strong>Äußere Abmessungen</strong></th>
<th><strong>Innenmaße</strong></th>
</tr>
</thead>
<tbody>
<tr>
<td><strong>Länge</strong></td>
<td><strong>2991 mm</strong></td>
<td><strong>2840 mm</strong></td>
</tr>
<tr>
<td><strong>Breite</strong></td>
<td><strong>2438 mm</strong></td>
<td><strong>2350 mm</strong></td>
</tr>
<tr>
<td><strong>Höhe</strong></td>
<td><strong>2591 mm</strong></td>
<td><strong>2393 mm</strong></td>
</tr>
</tbody>
<thead>
<tr>
<th>
<br><strong>Taragewicht</strong>
</th>
<th>
<br><strong>Tragfähigkeit</strong>
</th>
<th>
<br><strong>Bruttogewicht</strong>
</th>
</tr>
</thead>
<tbody>
<tr>
<td><strong>1250 kg</strong></td>
<td><strong>8910 kg</strong></td>
<td><strong>101600 kg</strong></td>
</tr>
</tbody>
</table>
</div>
</div>
</div>",Container Goertz,,"[""10- und 15-Fuß-Container""]",TRUE,925.50,,,,https://cdn.shopify.com/s/files/1/1032/1772/5781/files/rn-image_picker_lib_temp_0d24d3cb-f0e7-49cf-af47-e3fb659baf58.jpg?v=1772631841,1
10-fuss-standardcontainer,,,,,,TRUE,,,,,https://cdn.shopify.com/s/files/1/1032/1772/5781/files/rn-image_picker_lib_temp_8a93cb5a-e240-4479-adf1-d269b2a28ea8.jpg?v=1772631841,2
10-fuss-standardcontainer,,,,,,TRUE,,,,,https://cdn.shopify.com/s/files/1/1032/1772/5781/files/rn-image_picker_lib_temp_1642b036-bef6-4291-8935-61d9b51c24c1.jpg?v=1772631841,3
10-fuss-standardcontainer-1,10 Fuß Standardcontainer,"<p><strong>Unser 10-Fuß-Container bietet die perfekte Balance zwischen Kompaktheit und Lagerkapazität. Mit einer Länge von 10 Fuß (ca. 3,05 Meter) ist dieser Container ideal für alle, die eine kompakte Lagerlösung ohne Platzeinbußen suchen. Mit einem großzügigen Lagervolumen von 16,6 m³ eignet sich dieser Container für vielfältige Anwendungen.</strong></p>
<p><strong>Warum Sie sich für den 10-Fuß-Container entscheiden sollten:</strong></p>
<p><strong>Platzsparend: Dank seines kompakten Designs benötigt der 10-Fuß-Container nur minimalen Platz und bietet dennoch ausreichend Stauraum.</strong><br><strong>Sichere Lagerung: Unsere Container sind robust und widerstandsfähig, um Ihre Wertgegenstände sicher aufzubewahren. Verlassen Sie sich auf die Langlebigkeit unserer Container, auch unter anspruchsvollen Bedingungen.</strong></p>
<div class=""description accordion open"">
<div class=""accordion-content"">
<div class=""user-content margin-b-6"">
<p><strong>Vielfältige Einsatzmöglichkeiten: Ob Baumaterialien, Werkzeuge, Akten oder andere wertvolle Gegenstände – der 10-Fuß-Container erfüllt vielfältige Lageranforderungen.</strong><br><strong>Flexible Platzierung: Die kompakten Abmessungen ermöglichen eine einfache Platzierung an verschiedenen Standorten, auch bei begrenztem Platzangebot.</strong><br><strong>Mögliche Anwendungen:</strong></p>
<p><strong>Bau- und Konstruktionsprojekte</strong><br><strong>Lagerung bei Umzügen</strong><br><strong>Temporäre Lagerung für Veranstaltungen</strong><br><strong>Geschäftslagerung für kleinere Unternehmen</strong><br><strong>Wählen Sie den 10-Fuß-Container und profitieren Sie von der idealen Balance zwischen Kompaktheit und Lagerkapazität.</strong></p>
</div>
</div>
</div>
<div class=""description accordion open"">
<div class=""accordion-title flex flex-items-space-between flex-items-middle gaps-9"">
<h5 class=""fw-medium margin-tb-8""><strong>Technische Informationen</strong></h5>
<strong><i class=""fas fa-chevron-down""></i></strong>
</div>
<div class=""accordion-content"">
<div class=""user-content margin-b-6"">
<table>
<thead>
<tr>
<th></th>
<th><strong>Äußere Abmessungen</strong></th>
<th><strong>Innenmaße</strong></th>
</tr>
</thead>
<tbody>
<tr>
<td><strong>Länge</strong></td>
<td><strong>2991 mm</strong></td>
<td><strong>2840 mm</strong></td>
</tr>
<tr>
<td><strong>Breite</strong></td>
<td><strong>2438 mm</strong></td>
<td><strong>2350 mm</strong></td>
</tr>
<tr>
<td><strong>Höhe</strong></td>
<td><strong>2591 mm</strong></td>
<td><strong>2393 mm</strong></td>
</tr>
</tbody>
<thead>
<tr>
<th>
<br><strong>Taragewicht</strong>
</th>
<th>
<br><strong>Tragfähigkeit</strong>
</th>
<th>
<br><strong>Bruttogewicht</strong>
</th>
</tr>
</thead>
<tbody>
<tr>
<td><strong>1250 kg</strong></td>
<td><strong>8910 kg</strong></td>
<td><strong>101600 kg</strong></td>
</tr>
</tbody>
</table>
</div>
</div>
</div>",Container Goertz,,"[""10- und 15-Fuß-Container""]",TRUE,950.00,,,,https://cdn.shopify.com/s/files/1/1032/1772/5781/files/rn-image_picker_lib_temp_e818e4d3-6c38-43f0-9d2e-78424ab0debc.jpg?v=1772631840,1
10-fuss-standardcontainer-1,,,,,,TRUE,,,,,https://cdn.shopify.com/s/files/1/1032/1772/5781/files/rn-image_picker_lib_temp_eefbe407-ac04-45fc-b09a-fb12509bf2c2.jpg?v=1772631840,2
10-fuss-standardcontainer-1,,,,,,TRUE,,,,,https://cdn.shopify.com/s/files/1/1032/1772/5781/files/rn-image_picker_lib_temp_19efc4e7-f739-4a6d-b8cf-4658c1be53fc.jpg?v=1772631840,3
20-fuss-standardcontainer,20 Fuß Standardcontainer,"<div class=""description accordion open"">
<div class=""accordion-content"">
<div class=""user-content margin-b-6"">
<p><strong>Unser 20 Fuß Standard-Trockencontainer ist eine zuverlässige und vielseitige Wahl für vielfältige Lagerbedürfnisse. Mit einer Länge von 20 Fuß (ca. 6,10 Meter) bietet dieser Container ein großzügiges Lagervolumen von 33 Kubikmetern und ist damit die ideale Lösung für alle, die eine dauerhafte und sichere Lagerung an temporären Standorten suchen.</strong></p>
</div>
</div>
</div>
<div class=""description accordion open"">
<div class=""accordion-title flex flex-items-space-between flex-items-middle gaps-9"">
<h5 class=""fw-medium margin-tb-8""><strong>Technische Informationen</strong></h5>
<strong><i class=""fas fa-chevron-down""></i></strong>
</div>
<div class=""accordion-content"">
<div class=""user-content margin-b-6"">
<table>
<thead>
<tr>
<th></th>
<th><strong>Außenmaße</strong></th>
<th><strong>Innenmaße</strong></th>
</tr>
</thead>
<tbody>
<tr>
<td><strong>Länge</strong></td>
<td><strong>6058 mm</strong></td>
<td><strong>5900 mm</strong></td>
</tr>
<tr>
<td><strong>Breite</strong></td>
<td><strong>2438 mm</strong></td>
<td><strong>2348 mm</strong></td>
</tr>
<tr>
<td><strong>Höhe</strong></td>
<td><strong>2591 mm</strong></td>
<td><strong>2392 mm</strong></td>
</tr>
</tbody>
<thead>
<tr>
<th>
<br><strong>Taragewicht</strong>
</th>
<th>
<br><strong>Tragfähigkeit</strong>
</th>
<th>
<br><strong>Bruttogewicht</strong>
</th>
</tr>
</thead>
<tbody>
<tr>
<td><strong>2250 kg</strong></td>
<td><strong>28230 kg</strong></td>
<td><strong>30480 kg</strong></td>
</tr>
</tbody>
</table>
</div>
</div>
</div>",Container Goertz,,"[""20-Fuß-Container""]",TRUE,1450.80,,,,https://cdn.shopify.com/s/files/1/1032/1772/5781/files/rn-image_picker_lib_temp_5f1d0fa2-fdfb-4664-8fdf-25117fc91fb6.webp?v=1772631839,1
20-fuss-standardcontainer,,,,,,TRUE,,,,,https://cdn.shopify.com/s/files/1/1032/1772/5781/files/rn-image_picker_lib_temp_bb58db7a-d749-456e-a808-5e65ad29f503.webp?v=1772631839,2
20-fuss-standardcontainer,,,,,,TRUE,,,,,https://cdn.shopify.com/s/files/1/1032/1772/5781/files/rn-image_picker_lib_temp_b47fc953-c73b-4617-a59b-ecfecd0b0959.webp?v=1772631839,3
20-fuss-standardcontainer-1,20 Fuß Standardcontainer,"<div class=""description accordion open"">
<div class=""accordion-content"">
<div class=""user-content margin-b-6"">
<p><strong>Unser 20 Fuß Standard-Trockencontainer ist eine zuverlässige und vielseitige Wahl für vielfältige Lagerbedürfnisse. Mit einer Länge von 20 Fuß (ca. 6,10 Meter) bietet dieser Container ein großzügiges Lagervolumen von 33 Kubikmetern und ist damit die ideale Lösung für alle, die eine dauerhafte und sichere Lagerung an temporären Standorten suchen.</strong></p>
</div>
</div>
</div>
<div class=""description accordion open"">
<div class=""accordion-title flex flex-items-space-between flex-items-middle gaps-9"">
<h5 class=""fw-medium margin-tb-8""><strong>Technische Informationen</strong></h5>
<strong><i class=""fas fa-chevron-down""></i></strong>
</div>
<div class=""accordion-content"">
<div class=""user-content margin-b-6"">
<table>
<thead>
<tr>
<th></th>
<th><strong>Außenmaße</strong></th>
<th><strong>Innenmaße</strong></th>
</tr>
</thead>
<tbody>
<tr>
<td><strong>Länge</strong></td>
<td><strong>6058 mm</strong></td>
<td><strong>5900 mm</strong></td>
</tr>
<tr>
<td><strong>Breite</strong></td>
<td><strong>2438 mm</strong></td>
<td><strong>2348 mm</strong></td>
</tr>
<tr>
<td><strong>Höhe</strong></td>
<td><strong>2591 mm</strong></td>
<td><strong>2392 mm</strong></td>
</tr>
</tbody>
<thead>
<tr>
<th>
<br><strong>Taragewicht</strong>
</th>
<th>
<br><strong>Tragfähigkeit</strong>
</th>
<th>
<br><strong>Bruttogewicht</strong>
</th>
</tr>
</thead>
<tbody>
<tr>
<td><strong>2250 kg</strong></td>
<td><strong>28230 kg</strong></td>
<td><strong>30480 kg</strong></td>
</tr>
</tbody>
</table>
</div>
</div>
</div>",Container Goertz,,"[""20-Fuß-Container""]",TRUE,1470.90,,,,https://cdn.shopify.com/s/files/1/1032/1772/5781/files/rn-image_picker_lib_temp_503da0a9-51fc-473b-a888-65831ea5c32d.jpg?v=1772631838,1
20-fuss-standardcontainer-1,,,,,,TRUE,,,,,https://cdn.shopify.com/s/files/1/1032/1772/5781/files/rn-image_picker_lib_temp_0077391b-b6d8-4d5f-bc93-8663ff58571a.jpg?v=1772631838,2
20-fuss-standardcontainer-1,,,,,,TRUE,,,,,https://cdn.shopify.com/s/files/1/1032/1772/5781/files/rn-image_picker_lib_temp_9adc734e-9b92-431d-96ba-88dbed162763.jpg?v=1772631838,3
20-fuss-standardcontainer-1,,,,,,TRUE,,,,,https://cdn.shopify.com/s/files/1/1032/1772/5781/files/rn-image_picker_lib_temp_4cbfc830-3a27-402c-9118-502ea9c84795.jpg?v=1772631838,4
20-fuss-high-cube-container,20 Fuß High Cube Container,"<div class=""description accordion open"">
<div class=""accordion-content"">
<div class=""user-content margin-b-6"">
<p><strong>Unser 20 Fuß High Cube Container bietet zusätzlichen Platz und mehr Höhe für eine effizientere Lagerung und den Transport von Gütern. Mit einer Länge von 20 Fuß (ca. 6,10 Meter) und einer um 30 cm höheren Höhe als der Standard-20-Fuß-Container bietet dieser Container Ihnen die Möglichkeit, Ihre Ladung noch höher zu laden.</strong></p>
</div>
</div>
</div>
<div class=""description accordion open"">
<div class=""accordion-title flex flex-items-space-between flex-items-middle gaps-9"">
<h5 class=""fw-medium margin-tb-8""><strong>Technische Informationen</strong></h5>
<strong><i class=""fas fa-chevron-down""></i></strong>
</div>
<div class=""accordion-content"">
<div class=""user-content margin-b-6"">
<table>
<thead>
<tr>
<th></th>
<th><strong>Außenmaße</strong></th>
<th><strong>Innenmaße</strong></th>
</tr>
</thead>
<tbody>
<tr>
<td><strong>Länge</strong></td>
<td><strong>6058 mm</strong></td>
<td><strong>5898 mm</strong></td>
</tr>
<tr>
<td><strong>Breite</strong></td>
<td><strong>2438 mm</strong></td>
<td><strong>2345 mm</strong></td>
</tr>
<tr>
<td><strong>Höhe</strong></td>
<td><strong>2891 mm</strong></td>
<td><strong>2690 mm</strong></td>
</tr>
</tbody>
<thead>
<tr>
<th>
<br><strong>Taragewicht</strong>
</th>
<th>
<br><strong>Tragfähigkeit</strong>
</th>
<th>
<br><strong>Bruttogewicht</strong>
</th>
</tr>
</thead>
<tbody>
<tr>
<td><strong>2420 kg</strong></td>
<td><strong>28060 kg</strong></td>
<td><strong>30480 kg</strong></td>
</tr>
</tbody>
</table>
</div>
</div>
</div>",Container Goertz,,"[""20-Fuß-Container""]",TRUE,1510.80,,,,https://cdn.shopify.com/s/files/1/1032/1772/5781/files/rn-image_picker_lib_temp_6153824e-ab37-4f47-adaa-ae7fedb2150c.webp?v=1772631837,1
20-fuss-high-cube-container,,,,,,TRUE,,,,,https://cdn.shopify.com/s/files/1/1032/1772/5781/files/rn-image_picker_lib_temp_9c631d2e-d3bd-4bc4-afff-9cc003e42267.webp?v=1772631837,2
20-fuss-high-cube-container,,,,,,TRUE,,,,,https://cdn.shopify.com/s/files/1/1032/1772/5781/files/rn-image_picker_lib_temp_82ba8245-857f-47da-b491-77ef606aa5fb.webp?v=1772631837,3
20-fuss-high-cube-container,,,,,,TRUE,,,,,https://cdn.shopify.com/s/files/1/1032/1772/5781/files/rn-image_picker_lib_temp_b1593564-ae82-475b-a184-396f2b108067.webp?v=1772631837,4
20-fuss-high-cube-container-1,20 Fuß High Cube Container,"<div class=""description accordion open"">
<div class=""accordion-content"">
<div class=""user-content margin-b-6"">
<p><strong>Unser 20 Fuß High Cube Container bietet zusätzlichen Platz und mehr Höhe für eine effizientere Lagerung und den Transport von Gütern. Mit einer Länge von 20 Fuß (ca. 6,10 Meter) und einer um 30 cm höheren Höhe als der Standard-20-Fuß-Container bietet dieser Container Ihnen die Möglichkeit, Ihre Ladung noch höher zu laden.</strong></p>
</div>
</div>
</div>
<div class=""description accordion open"">
<div class=""accordion-title flex flex-items-space-between flex-items-middle gaps-9"">
<h5 class=""fw-medium margin-tb-8""><strong>Technische Informationen</strong></h5>
<strong><i class=""fas fa-chevron-down""></i></strong>
</div>
<div class=""accordion-content"">
<div class=""user-content margin-b-6"">
<table>
<thead>
<tr>
<th></th>
<th><strong>Außenmaße</strong></th>
<th><strong>Innenmaße</strong></th>
</tr>
</thead>
<tbody>
<tr>
<td><strong>Länge</strong></td>
<td><strong>6058 mm</strong></td>
<td><strong>5898 mm</strong></td>
</tr>
<tr>
<td><strong>Breite</strong></td>
<td><strong>2438 mm</strong></td>
<td><strong>2345 mm</strong></td>
</tr>
<tr>
<td><strong>Höhe</strong></td>
<td><strong>2891 mm</strong></td>
<td><strong>2690 mm</strong></td>
</tr>
</tbody>
<thead>
<tr>
<th>
<br><strong>Taragewicht</strong>
</th>
<th>
<br><strong>Tragfähigkeit</strong>
</th>
<th>
<br><strong>Bruttogewicht</strong>
</th>
</tr>
</thead>
<tbody>
<tr>
<td><strong>2420 kg</strong></td>
<td><strong>28060 kg</strong></td>
<td><strong>30480 kg</strong></td>
</tr>
</tbody>
</table>
</div>
</div>
</div>",Container Goertz,,"[""20-Fuß-Container""]",TRUE,1540.00,,,,https://cdn.shopify.com/s/files/1/1032/1772/5781/files/rn-image_picker_lib_temp_f3327208-af64-4dbe-a426-cfd44b7e9316.jpg?v=1772631836,1
20-fuss-high-cube-container-1,,,,,,TRUE,,,,,https://cdn.shopify.com/s/files/1/1032/1772/5781/files/rn-image_picker_lib_temp_5690632d-ab0a-4571-932f-2c569ece1f20.jpg?v=1772631836,2
20-fuss-high-cube-container-1,,,,,,TRUE,,,,,https://cdn.shopify.com/s/files/1/1032/1772/5781/files/rn-image_picker_lib_temp_723b6238-6e65-4b6a-995c-c38240fc2be7.jpg?v=1772631836,3
20-fuss-high-cube-container-1,,,,,,TRUE,,,,,https://cdn.shopify.com/s/files/1/1032/1772/5781/files/rn-image_picker_lib_temp_0edecace-e9a4-4d4f-80b8-92a3890f5736.jpg?v=1772631836,4
20-fuss-high-cube-container-2,20 Fuß High Cube Container,"<div class=""description accordion open"">
<div class=""accordion-content"">
<div class=""user-content margin-b-6"">
<p><strong>Unser 20 Fuß High Cube Container bietet zusätzlichen Platz und mehr Höhe für eine effizientere Lagerung und den Transport von Gütern. Mit einer Länge von 20 Fuß (ca. 6,10 Meter) und einer um 30 cm höheren Höhe als der Standard-20-Fuß-Container bietet dieser Container Ihnen die Möglichkeit, Ihre Ladung noch höher zu laden.</strong></p>
</div>
</div>
</div>
<div class=""description accordion open"">
<div class=""accordion-title flex flex-items-space-between flex-items-middle gaps-9"">
<h5 class=""fw-medium margin-tb-8""><strong>Technische Informationen</strong></h5>
<strong><i class=""fas fa-chevron-down""></i></strong>
</div>
<div class=""accordion-content"">
<div class=""user-content margin-b-6"">
<table>
<thead>
<tr>
<th></th>
<th><strong>Außenmaße</strong></th>
<th><strong>Innenmaße</strong></th>
</tr>
</thead>
<tbody>
<tr>
<td><strong>Länge</strong></td>
<td><strong>6058 mm</strong></td>
<td><strong>5898 mm</strong></td>
</tr>
<tr>
<td><strong>Breite</strong></td>
<td><strong>2438 mm</strong></td>
<td><strong>2345 mm</strong></td>
</tr>
<tr>
<td><strong>Höhe</strong></td>
<td><strong>2891 mm</strong></td>
<td><strong>2690 mm</strong></td>
</tr>
</tbody>
<thead>
<tr>
<th>
<br><strong>Taragewicht</strong>
</th>
<th>
<br><strong>Tragfähigkeit</strong>
</th>
<th>
<br><strong>Bruttogewicht</strong>
</th>
</tr>
</thead>
<tbody>
<tr>
<td><strong>2420 kg</strong></td>
<td><strong>28060 kg</strong></td>
<td><strong>30480 kg</strong></td>
</tr>
</tbody>
</table>
</div>
</div>
</div>",Container Goertz,,"[""20-Fuß-Container""]",TRUE,1620.90,,,,https://cdn.shopify.com/s/files/1/1032/1772/5781/files/rn-image_picker_lib_temp_a7a55a1a-493c-439c-b7b3-36752301ad9c.jpg?v=1772631835,1
20-fuss-high-cube-container-2,,,,,,TRUE,,,,,https://cdn.shopify.com/s/files/1/1032/1772/5781/files/rn-image_picker_lib_temp_71959261-4f48-446b-affd-9be1f07541f2.jpg?v=1772631835,2
20-fuss-high-cube-container-2,,,,,,TRUE,,,,,https://cdn.shopify.com/s/files/1/1032/1772/5781/files/rn-image_picker_lib_temp_327bac42-a9e0-4f17-90f1-b87e08399195.jpg?v=1772631835,3
20-fuss-high-cube-container-2,,,,,,TRUE,,,,,https://cdn.shopify.com/s/files/1/1032/1772/5781/files/rn-image_picker_lib_temp_58fb47c7-f3c4-4f55-9766-77205c6d9bc1.jpg?v=1772631835,4
20-fuss-open-side-container,20 Fuß Open Side Container,"<div class=""description accordion open"">
<div class=""accordion-content"">
<div class=""user-content margin-b-6"">
<p><strong>Optimieren Sie Ihre Logistikprozesse mit unserem 20 Fuß Open Side Container (ISO-Typ) mit einer Höhe von 8 Fuß 6 Zoll. Dieser Container bietet dank seines einzigartigen Designs eine hervorragende Lösung zum effizienten Be-, Transport- und Entladen von Waren.</strong></p>
</div>
</div>
</div>
<div class=""description accordion open"">
<div class=""accordion-title flex flex-items-space-between flex-items-middle gaps-9"">
<h5 class=""fw-medium margin-tb-8""><strong>Technische Informationen</strong></h5>
<strong><i class=""fas fa-chevron-down""></i></strong>
</div>
<div class=""accordion-content"">
<div class=""user-content margin-b-6"">
<table>
<thead>
<tr>
<th></th>
<th><strong>Außenmaße</strong></th>
<th><strong>Innenmaße</strong></th>
</tr>
</thead>
<tbody>
<tr>
<td><strong>Länge</strong></td>
<td><strong>6058 mm</strong></td>
<td><strong>5898 mm</strong></td>
</tr>
<tr>
<td><strong>Breite</strong></td>
<td><strong>2438 mm</strong></td>
<td><strong>2309 mm</strong></td>
</tr>
<tr>
<td><strong>Höhe</strong></td>
<td><strong>2591 mm</strong></td>
<td><strong>2288 mm  </strong></td>
</tr>
</tbody>
<thead>
<tr>
<th><strong>Tara Unbelastet</strong></th>
<th><strong>Tragfähigkeit</strong></th>
<th><strong>Bruttogewicht</strong></th>
</tr>
</thead>
<tbody>
<tr>
<td><strong>2800 kg</strong></td>
<td><strong>27680 kg</strong></td>
<td><strong>30480 kg</strong></td>
</tr>
</tbody>
</table>
</div>
</div>
</div>",Container Goertz,,"[""20-Fuß-Container""]",TRUE,1850.20,,,,https://cdn.shopify.com/s/files/1/1032/1772/5781/files/rn-image_picker_lib_temp_98d87d39-1848-4bf6-976c-b4c2c5ae6a0f.jpg?v=1772631835,1
20-fuss-open-side-container,,,,,,TRUE,,,,,https://cdn.shopify.com/s/files/1/1032/1772/5781/files/rn-image_picker_lib_temp_003fbc45-1c0c-4399-96e0-b82b694d5fb1.jpg?v=1772631835,2
20-fuss-open-side-container,,,,,,TRUE,,,,,https://cdn.shopify.com/s/files/1/1032/1772/5781/files/rn-image_picker_lib_temp_f75622a7-7f8f-49f4-be2a-e02b9dbfaa2d.jpg?v=1772631835,3
20-fuss-open-side-container,,,,,,TRUE,,,,,https://cdn.shopify.com/s/files/1/1032/1772/5781/files/rn-image_picker_lib_temp_97564cf6-c4cf-4a8c-9e57-b9b99d11ef5f.jpg?v=1772631835,4
20-fuss-open-side-container,,,,,,TRUE,,,,,https://cdn.shopify.com/s/files/1/1032/1772/5781/files/rn-image_picker_lib_temp_39f3f1a6-de4d-4478-9a64-14130b0e0a93.jpg?v=1772631836,5
20-fuss-open-side-container,,,,,,TRUE,,,,,https://cdn.shopify.com/s/files/1/1032/1772/5781/files/rn-image_picker_lib_temp_8270250c-8a1f-4708-9366-3ee7f1569300.jpg?v=1772631835,6
20-fuss-open-side-container-1,20 Fuß Open Side Container,"<div class=""description accordion open"">
<div class=""accordion-content"">
<div class=""user-content margin-b-6"">
<p><strong>Optimieren Sie Ihre Logistikprozesse mit unserem 20 Fuß Open Side Container (ISO-Typ) mit einer Höhe von 8 Fuß 6 Zoll. Dieser Container bietet dank seines einzigartigen Designs eine hervorragende Lösung zum effizienten Be-, Transport- und Entladen von Waren.</strong></p>
</div>
</div>
</div>
<div class=""description accordion open"">
<div class=""accordion-title flex flex-items-space-between flex-items-middle gaps-9"">
<h5 class=""fw-medium margin-tb-8""><strong>Technische Informationen</strong></h5>
<strong><i class=""fas fa-chevron-down""></i></strong>
</div>
<div class=""accordion-content"">
<div class=""user-content margin-b-6"">
<table>
<thead>
<tr>
<th></th>
<th><strong>Außenmaße</strong></th>
<th><strong>Innenmaße</strong></th>
</tr>
</thead>
<tbody>
<tr>
<td><strong>Länge</strong></td>
<td><strong>6058 mm</strong></td>
<td><strong>5898 mm</strong></td>
</tr>
<tr>
<td><strong>Breite</strong></td>
<td><strong>2438 mm</strong></td>
<td><strong>2309 mm</strong></td>
</tr>
<tr>
<td><strong>Höhe</strong></td>
<td><strong>2591 mm</strong></td>
<td><strong>2288 mm  </strong></td>
</tr>
</tbody>
<thead>
<tr>
<th><strong>Tara Unbelastet</strong></th>
<th><strong>Tragfähigkeit</strong></th>
<th><strong>Bruttogewicht</strong></th>
</tr>
</thead>
<tbody>
<tr>
<td><strong>2800 kg</strong></td>
<td><strong>27680 kg</strong></td>
<td><strong>30480 kg</strong></td>
</tr>
</tbody>
</table>
</div>
</div>
</div>",Container Goertz,,"[""20-Fuß-Container""]",TRUE,1800.00,,,,https://cdn.shopify.com/s/files/1/1032/1772/5781/files/rn-image_picker_lib_temp_aebb0eee-8d3b-47f2-960f-88ab49be105e.jpg?v=1772631834,1
20-fuss-open-side-container-1,,,,,,TRUE,,,,,https://cdn.shopify.com/s/files/1/1032/1772/5781/files/rn-image_picker_lib_temp_3f54c637-ff27-44d3-8fd0-d64d8d56ffd2.jpg?v=1772631833,2
20-fuss-open-side-container-1,,,,,,TRUE,,,,,https://cdn.shopify.com/s/files/1/1032/1772/5781/files/rn-image_picker_lib_temp_be300d72-cdb0-4368-84f0-95dcf1249b95.jpg?v=1772631833,3
40-fuss-high-cube-container,40 Fuß High Cube Container,"<div class=""description accordion open"">
<div class=""accordion-content"">
<div class=""user-content margin-b-6"">
<p><strong>Unser 40 Fuß High Cube Container ist eine unserer beliebtesten und praktischsten Optionen für verschiedene Transport- und Lageranforderungen. Mit einer Länge von 40 Fuß (ca. 12,20 Meter) und einer zusätzlichen Höhe von 30 cm im Vergleich zum Standard-40-Fuß-Container bietet dieser Container zusätzlichen Platz für eine effizientere Beladung Ihrer Fracht oder Waren.</strong></p>
</div>
</div>
</div>
<div class=""description accordion open"">
<div class=""accordion-title flex flex-items-space-between flex-items-middle gaps-9"">
<h5 class=""fw-medium margin-tb-8""><strong>Technische Informationen</strong></h5>
<strong><i class=""fas fa-chevron-down""></i></strong>
</div>
<div class=""accordion-content"">
<div class=""user-content margin-b-6"">
<table>
<thead>
<tr>
<th></th>
<th><strong>Außenmaße</strong></th>
<th><strong>Innenmaße</strong></th>
</tr>
</thead>
<tbody>
<tr>
<td><strong>Länge</strong></td>
<td><strong>12192 mm</strong></td>
<td><strong>12032 mm</strong></td>
</tr>
<tr>
<td><strong>Breite</strong></td>
<td><strong>2438 mm</strong></td>
<td><strong>2348 mm</strong></td>
</tr>
<tr>
<td><strong>Höhe</strong></td>
<td><strong>2896 mm</strong></td>
<td><strong>2699 mm</strong></td>
</tr>
</tbody>
<thead>
<tr>
<th>
<br><strong>Taragewicht</strong>
</th>
<th>
<br><strong>Tragfähigkeit</strong>
</th>
<th>
<br><strong>Bruttogewicht</strong>
</th>
</tr>
</thead>
<tbody>
<tr>
<td><strong>4000 kg</strong></td>
<td><strong>26480 kg</strong></td>
<td><strong>30480 kg</strong></td>
</tr>
</tbody>
</table>
</div>
</div>
</div>",Container Goertz,,"[""40-Fuß-Container""]",TRUE,1900.00,,,,https://cdn.shopify.com/s/files/1/1032/1772/5781/files/rn-image_picker_lib_temp_dfb5e45d-5d8b-4561-a0d4-b20d046fdcfd.jpg?v=1772631833,1
40-fuss-high-cube-container,,,,,,TRUE,,,,,https://cdn.shopify.com/s/files/1/1032/1772/5781/files/rn-image_picker_lib_temp_00316075-eb10-4738-a349-f687232bac56.jpg?v=1772631832,2
40-fuss-high-cube-container,,,,,,TRUE,,,,,https://cdn.shopify.com/s/files/1/1032/1772/5781/files/rn-image_picker_lib_temp_750783c0-5d57-48de-856a-1788896f2476.jpg?v=1772631833,3
40-fuss-high-cube-container,,,,,,TRUE,,,,,https://cdn.shopify.com/s/files/1/1032/1772/5781/files/rn-image_picker_lib_temp_761ee97e-62c3-4905-9187-57453a8db30b.jpg?v=1772631833,4
40-fuss-high-cube-container-1,40 Fuß High Cube Container,"<div class=""description accordion open"">
<div class=""accordion-content"">
<div class=""user-content margin-b-6"">
<p><strong>Unser 40 Fuß High Cube Container ist eine unserer beliebtesten und praktischsten Optionen für verschiedene Transport- und Lageranforderungen. Mit einer Länge von 40 Fuß (ca. 12,20 Meter) und einer zusätzlichen Höhe von 30 cm im Vergleich zum Standard-40-Fuß-Container bietet dieser Container zusätzlichen Platz für eine effizientere Beladung Ihrer Fracht oder Waren.</strong></p>
</div>
</div>
</div>
<div class=""description accordion open"">
<div class=""accordion-title flex flex-items-space-between flex-items-middle gaps-9"">
<h5 class=""fw-medium margin-tb-8""><strong>Technische Informationen</strong></h5>
<strong><i class=""fas fa-chevron-down""></i></strong>
</div>
<div class=""accordion-content"">
<div class=""user-content margin-b-6"">
<table>
<thead>
<tr>
<th></th>
<th><strong>Außenmaße</strong></th>
<th><strong>Innenmaße</strong></th>
</tr>
</thead>
<tbody>
<tr>
<td><strong>Länge</strong></td>
<td><strong>12192 mm</strong></td>
<td><strong>12032 mm</strong></td>
</tr>
<tr>
<td><strong>Breite</strong></td>
<td><strong>2438 mm</strong></td>
<td><strong>2348 mm</strong></td>
</tr>
<tr>
<td><strong>Höhe</strong></td>
<td><strong>2896 mm</strong></td>
<td><strong>2699 mm</strong></td>
</tr>
</tbody>
<thead>
<tr>
<th>
<br><strong>Taragewicht</strong>
</th>
<th>
<br><strong>Tragfähigkeit</strong>
</th>
<th>
<br><strong>Bruttogewicht</strong>
</th>
</tr>
</thead>
<tbody>
<tr>
<td><strong>4000 kg</strong></td>
<td><strong>26480 kg</strong></td>
<td><strong>30480 kg</strong></td>
</tr>
</tbody>
</table>
</div>
</div>
</div>",Container Goertz,,"[""40-Fuß-Container""]",TRUE,1820.90,,,,https://cdn.shopify.com/s/files/1/1032/1772/5781/files/rn-image_picker_lib_temp_585da557-67a1-45de-bce0-87d82811f300.jpg?v=1772631831,1
40-fuss-high-cube-container-1,,,,,,TRUE,,,,,https://cdn.shopify.com/s/files/1/1032/1772/5781/files/rn-image_picker_lib_temp_6116ef0a-3af0-45c8-b2a9-3cbf440ecf54.jpg?v=1772631831,2
40-fuss-high-cube-container-1,,,,,,TRUE,,,,,https://cdn.shopify.com/s/files/1/1032/1772/5781/files/rn-image_picker_lib_temp_4746860d-b963-455d-ba7e-42ed19535e92.jpg?v=1772631831,3
40-fuss-high-cube-container-1,,,,,,TRUE,,,,,https://cdn.shopify.com/s/files/1/1032/1772/5781/files/rn-image_picker_lib_temp_467b3856-4e9d-44f0-8869-c7b6aba93db7.jpg?v=1772631832,4
sans-titre-20juil-_23-52,40-Fuß-weißer Versandcontainer – neu,"<p><strong>ISO-Zertifikat</strong></p>
<p><strong>Aus Cortenstahl (witterungsbeständig)</strong></p>
<p><strong>Mit der Marke CSC</strong></p>
<p><strong>Musterzulassung (GL, BV oder ABS)</strong></p>
<p><strong>Erste Reise Neue Ware (kann leichte Gebrauchsspuren durch Import aufweisen)</strong></p>
<p><strong>In verschiedenen Farben erhältlich</strong></p>
<p><strong>Abmessungen:</strong></p>
<p><strong>Länge 12,20m</strong></p>
<p><strong>Breite 2,4 m</strong></p>
<p><strong>Höhe 2,6 m</strong></p>
<p><strong>Tara (Nettogewicht/Garage) 3,8 t</strong></p>
<p><strong>Nutzlast 27,6 t</strong></p>
<p><strong>Ladefläche 28,3 m²</strong></p>
<p><strong>Ladevolumen: 67,7 m³</strong></p>",Container Goertz,,"[""40-Fuß-Container""]",TRUE,1890.00,,,,https://cdn.shopify.com/s/files/1/1032/1772/5781/files/rn-image_picker_lib_temp_7de47e84-aeff-49ca-ae6b-a7e156d7fedb.jpg?v=1772631830,1
sans-titre-20juil-_23-52,,,,,,TRUE,,,,,https://cdn.shopify.com/s/files/1/1032/1772/5781/files/rn-image_picker_lib_temp_efdb4192-5c2d-4ace-815a-0114feee7281.jpg?v=1772631829,2
sans-titre-20juil-_23-52,,,,,,TRUE,,,,,https://cdn.shopify.com/s/files/1/1032/1772/5781/files/rn-image_picker_lib_temp_ea2c46ca-50c8-495b-bb7d-79933d3628bc.jpg?v=1772631829,3
sans-titre-20juil-_23-52,,,,,,TRUE,,,,,https://cdn.shopify.com/s/files/1/1032/1772/5781/files/rn-image_picker_lib_temp_3199b9e1-9313-4cf0-9bf1-9a6c952f7454.jpg?v=1772631829,4
40-hc-containereinheit-vollstandig-entworfen-neu,40' HC-Containereinheit (vollständig entworfen) – NEU,"<p><strong>40'HC-Containereinheit (vollständig entworfen) – NEU</strong></p>
<p><strong> Außenmaße</strong></p>
<p><strong> Länge: 12.192 mm | 40'0″</strong></p>
<p><strong> Breite – 2438 mm | 8′ 0″</strong></p>
<p><strong> Höhe – 2896 mm | 9′ 6″</strong></p>
<p><strong> Innenmaße</strong></p>
<p><strong> Länge: 12.032 mm | 39'6″</strong></p>
<p><strong> Breite – 2353 mm | 7′ 9″</strong></p>
<p><strong> Höhe – 2698 mm | 8′ 10″</strong></p>
<p><strong> Gewicht ca. 3.940 kg | 8.686 lbs Hubraum ft</strong></p>
<p><strong>Kubikmeter – 2.697,5</strong></p>",Container Goertz,,"[""40-Fuß-Container""]",TRUE,3550.00,,,,https://cdn.shopify.com/s/files/1/1032/1772/5781/files/rn-image_picker_lib_temp_c9808085-5eaa-42f8-a66f-dc97b5f1e540.jpg?v=1772631828,1
40-hc-containereinheit-vollstandig-entworfen-neu,,,,,,TRUE,,,,,https://cdn.shopify.com/s/files/1/1032/1772/5781/files/rn-image_picker_lib_temp_8777f02d-5e25-423b-8d75-1b3d3916bd91.jpg?v=1772631828,2
40-hc-containereinheit-vollstandig-entworfen-neu,,,,,,TRUE,,,,,https://cdn.shopify.com/s/files/1/1032/1772/5781/files/rn-image_picker_lib_temp_0268acd3-3da2-4677-82c1-8b04ee6d64e6.jpg?v=1772631828,3
40-hc-containereinheit-vollstandig-entworfen-neu,,,,,,TRUE,,,,,https://cdn.shopify.com/s/files/1/1032/1772/5781/files/rn-image_picker_lib_temp_8f316f2d-aeba-41c9-8c79-c171b0e32517.jpg?v=1772631828,4
40-hc-containereinheit-vollstandig-entworfen-neu,,,,,,TRUE,,,,,https://cdn.shopify.com/s/files/1/1032/1772/5781/files/rn-image_picker_lib_temp_501e09f8-1523-43ee-9008-c6932cb7dbf2.jpg?v=1772631828,5
40-hc-containereinheit-vollstandig-entworfen-neu,,,,,,TRUE,,,,,https://cdn.shopify.com/s/files/1/1032/1772/5781/files/rn-image_picker_lib_temp_fa42b9dc-af9e-4dfa-b6c7-5c98409d86c4.jpg?v=1772631828,6
40-hc-containereinheit-vollstandig-entworfen-neu,,,,,,TRUE,,,,,https://cdn.shopify.com/s/files/1/1032/1772/5781/files/rn-image_picker_lib_temp_175a8ed9-cf81-41b3-b24d-aaadd0913b42.jpg?v=1772631828,7
40-fuss-hc-versandcontainer-neu,40-Fuß-HC-Versandcontainer – Neu,"<p><strong>Ein 40 Fuß HC (High Cube) „First Voyage“-Container in RAL 7016 (Anthrazitgrau) ist in der Regel ein neuer oder sehr neuer Container für den Gütertransport. High Cube-Container sind etwas höher als Standardcontainer und bieten daher mehr Ladevolumen. Hier sind einige typische Spezifikationen für einen solchen Container:</strong></p>
<p><strong>Technische Daten</strong></p>
<p><strong>Außenmaße:</strong></p>
<p><strong>Länge: 12.192 mm</strong></p>
<p><strong>Breite: 2.438 mm</strong></p>
<p><strong>Höhe: 2.896 mm</strong></p>
<p><strong>Innenmaße:</strong></p>
<p><strong>Länge: 12.032 mm</strong></p>
<p><strong>Breite: 2.352 mm</strong></p>
<p><strong>Höhe: 2.698 mm</strong></p>
<p><strong>Fähigkeit :</strong></p>
<p><strong>Volumen: ca. 76,4 m³</strong></p>
<p><strong> Gewicht :</strong></p>
<p><strong>Leergewicht: ca. 3.750 kg</strong></p>
<p><strong>Maximales Gesamtgewicht: 30.480 kg</strong></p>
<p><strong>Maximale Nutzlast: ca. 26.730kg</strong></p>",Container Goertz,,"[""40-Fuß-Container""]",TRUE,1855.90,,,,https://cdn.shopify.com/s/files/1/1032/1772/5781/files/rn-image_picker_lib_temp_9230f576-e349-4009-9b2d-9a10769bc29c.jpg?v=1772631826,1
40-fuss-hc-versandcontainer-neu,,,,,,TRUE,,,,,https://cdn.shopify.com/s/files/1/1032/1772/5781/files/rn-image_picker_lib_temp_95a10a48-00d1-4a86-8d3e-7880d4b9534f.jpg?v=1772631826,2
40-fuss-hc-versandcontainer-neu,,,,,,TRUE,,,,,https://cdn.shopify.com/s/files/1/1032/1772/5781/files/rn-image_picker_lib_temp_171c30c5-cd4b-454c-8448-3ab3906d5ca4.jpg?v=1772631826,3
40-fuss-hc-versandcontainer-neu,,,,,,TRUE,,,,,https://cdn.shopify.com/s/files/1/1032/1772/5781/files/rn-image_picker_lib_temp_540ec1f4-3c07-4a1e-b2a9-55496fd1819a.jpg?v=1772631826,4
40-fuss-hc-versandcontainer-neu,,,,,,TRUE,,,,,https://cdn.shopify.com/s/files/1/1032/1772/5781/files/rn-image_picker_lib_temp_0323258f-e1ef-4cc7-a060-7445733595fb.jpg?v=1772631826,5
40-fuss-hc-versandcontainer-mit-4-seitenturen-gebraucht,40-Fuß-HC-Versandcontainer mit 4 Seitentüren – gebraucht,"<p><strong>Weitere Informationen</strong></p>
<p><strong>High Cube Container sind 300 mm höher als Standardcontainer und bieten somit deutlich mehr Nutzfläche.</strong></p>
<p><strong>Spezifikationen:</strong></p>
<p><strong>Innenhöhe: 2695 mm</strong></p>
<p><strong>- Innenlänge: 12035 mm</strong></p>
<p><strong>- Innenbreite: 2352 mm</strong></p>
<p><strong>- Gewicht: 3.890 kg</strong></p>
<p><strong>- Kubikmeter: 76,4 m3</strong></p>",Container Goertz,,"[""40-Fuß-Container""]",TRUE,2850.00,,,,https://cdn.shopify.com/s/files/1/1032/1772/5781/files/rn-image_picker_lib_temp_2da73665-6345-4885-8cc5-22a7597a7893.jpg?v=1772631825,1
40-fuss-hc-versandcontainer-mit-4-seitenturen-gebraucht,,,,,,TRUE,,,,,https://cdn.shopify.com/s/files/1/1032/1772/5781/files/rn-image_picker_lib_temp_04cd71cf-7193-4d24-82da-a2f54913b2ec.jpg?v=1772631825,2
40-fuss-hc-versandcontainer-mit-4-seitenturen-gebraucht,,,,,,TRUE,,,,,https://cdn.shopify.com/s/files/1/1032/1772/5781/files/rn-image_picker_lib_temp_96e536d7-5355-49b2-870c-ecbb0c629a2f.jpg?v=1772631825,3
40-fuss-hc-versandcontainer-mit-4-seitenturen-gebraucht,,,,,,TRUE,,,,,https://cdn.shopify.com/s/files/1/1032/1772/5781/files/rn-image_picker_lib_temp_e274fd7a-3072-4d53-8d73-09de38dce28e.jpg?v=1772631825,4
40-fuss-hc-versandcontainer-mit-seitlichen-offnungen,40-Fuß-HC-Versandcontainer mit seitlichen Öffnungen,"<p><strong>Komplette Cor-Ten-Stahlkonstruktion</strong></p>
<p><strong>Außentüren mit Doppelscharnieren und zwei Verriegelungsstangen pro Tür an einem 8-Fuß-Ende und drei Verriegelungsstangen pro Tür an einer 40-Fuß-Seite</strong></p>
<p><strong>28 mm Bootsbausperrholzboden auf Stahlschwellen</strong></p>
<p><strong>8 Belüftungsöffnungen</strong></p>
<p><strong>Gegen Aufpreis kann ein stahlgebundener Boden eingebaut werden</strong></p>
<p><strong> PRODUKTSPEZIFIKATIONEN</strong></p>
<p><strong>Außenlänge (m)</strong></p>
<p><strong>12.19</strong></p>
<p><strong> Außenbreite (m)</strong></p>
<p><strong>2,44</strong></p>
<p><strong> Außenhöhe (m)</strong></p>
<p><strong>2,90</strong></p>
<p><strong> Innenlänge (m)</strong></p>
<p><strong>12.03</strong></p>
<p><strong> Innenbreite (m)</strong></p>
<p><strong>2.29</strong></p>
<p><strong>Innenhöhe (m)</strong></p>
<p><strong>2,70</strong></p>",Container Goertz,,"[""40-Fuß-Container""]",TRUE,2790.00,,,,https://cdn.shopify.com/s/files/1/1032/1772/5781/files/rn-image_picker_lib_temp_8310ef18-c020-4313-8ac6-73321aaa1d0e.jpg?v=1772631823,1
40-fuss-hc-versandcontainer-mit-seitlichen-offnungen,,,,,,TRUE,,,,,https://cdn.shopify.com/s/files/1/1032/1772/5781/files/rn-image_picker_lib_temp_305847c6-7353-4992-a8a8-fb4ecb324078.jpg?v=1772631823,2
40-fuss-hc-versandcontainer-mit-seitlichen-offnungen,,,,,,TRUE,,,,,https://cdn.shopify.com/s/files/1/1032/1772/5781/files/rn-image_picker_lib_temp_3a8553e0-ccf1-41cd-bc47-a175668f0539.jpg?v=1772631823,3
40-fuss-hc-versandcontainer-mit-seitlichen-offnungen,,,,,,TRUE,,,,,https://cdn.shopify.com/s/files/1/1032/1772/5781/files/rn-image_picker_lib_temp_842bb677-a12c-4811-aee7-0cc737027640.jpg?v=1772631823,4
40-fuss-hc-versandcontainer-mit-seitlichen-offnungen,,,,,,TRUE,,,,,https://cdn.shopify.com/s/files/1/1032/1772/5781/files/rn-image_picker_lib_temp_933f910d-d140-4eff-aab2-43faa31121bb.jpg?v=1772631824,5
40-fuss-hc-versandcontainer-mit-seitlichen-offnungen,,,,,,TRUE,,,,,https://cdn.shopify.com/s/files/1/1032/1772/5781/files/rn-image_picker_lib_temp_dac7ab5e-4438-461d-955c-6355f12478d4.jpg?v=1772631824,6
20-fuss-versandcontainer-neu,20-Fuß-Versandcontainer – Neu,"<p><strong>Abmessungen und Gewicht</strong></p>
<p><strong>• Außenlänge: 20 Fuß (6.058 mm)</strong></p>
<p><strong>• Außenbreite: 8 Fuß (2.438 mm)</strong></p>
<p><strong>• Außenhöhe: 8 Fuß 6 Zoll (2.591 mm)</strong></p>
<p><strong>• Innenlänge: 19 Fuß 4,2 Zoll (5.898 mm)</strong></p>
<p><strong>• Innenbreite: 7 Fuß 8,6 Zoll (2.352 mm)</strong></p>
<p><strong>• Innenhöhe: 7 Fuß 10,1 Zoll (2.393 mm)</strong></p>
<p><strong>• Hubraum: 33,2 m³</strong></p>
<p><strong>• Leergewicht: 2.200 kg (4.850 lbs)</strong></p>
<p><strong>• Maximales Bruttogewicht: 24.000 kg (52.910 lbs)</strong></p>
<p><strong>• Maximale Nutzlast: 21.800 kg (48.060 lbs)</strong></p>
<p><strong> Materialien und Konstruktion</strong></p>
<p><strong> • Material: Cortenstahl</strong></p>
<p><strong>• Türen: Doppelte Hintertür mit hermetischem Verschluss</strong></p>
<p><strong>• Boden: Hochleistungssperrholz, feuchtigkeitsbeständig behandelt</strong></p>
<p><strong>Zusätzliche Funktionen</strong></p>
<p><strong>• Belüftung: Belüftungslöcher verhindern Feuchtigkeitsansammlung</strong></p>
<p><strong>• Struktur: Verstärkter Stahlrahmen für Haltbarkeit und Festigkeit</strong></p>
<p><strong>• Kompatibilität: Vollständig kompatibel mit Transportsystemen</strong></p>",Container Goertz,,"[""20-Fuß-Container""]",TRUE,1655.00,,,,https://cdn.shopify.com/s/files/1/1032/1772/5781/files/rn-image_picker_lib_temp_eaf19dc6-a56a-4909-a6b0-778e51c0dae9.jpg?v=1772631823,1
20-fuss-versandcontainer-neu,,,,,,TRUE,,,,,https://cdn.shopify.com/s/files/1/1032/1772/5781/files/rn-image_picker_lib_temp_51813cf5-c592-4d16-8718-5e9ece3a8f82.jpg?v=1772631823,2
20-fuss-versandcontainer-neu,,,,,,TRUE,,,,,https://cdn.shopify.com/s/files/1/1032/1772/5781/files/rn-image_picker_lib_temp_fcc3a8f0-b9e1-436e-aa99-35cb05c80da1.jpg?v=1772631822,3
20-fuss-versandcontainer-neu,,,,,,TRUE,,,,,https://cdn.shopify.com/s/files/1/1032/1772/5781/files/rn-image_picker_lib_temp_e364abde-7eef-4cdb-9236-c0b080a9cf07.jpg?v=1772631822,4
20-fuss-versandcontainer-neu,,,,,,TRUE,,,,,https://cdn.shopify.com/s/files/1/1032/1772/5781/files/rn-image_picker_lib_temp_7e125fee-a151-4945-a104-9d33dc5e3958.jpg?v=1772631822,5
20-fuss-versandcontainer,20-Fuß-Versandcontainer,"<p><strong>Abmessungen und Gewicht</strong></p>
<p><strong>• Außenlänge: 20 Fuß (6.058 mm)</strong></p>
<p><strong>• Außenbreite: 8 Fuß (2.438 mm)</strong></p>
<p><strong>• Außenhöhe: 8 Fuß 6 Zoll (2.591 mm)</strong></p>
<p><strong>• Innenlänge: 19 Fuß 4,2 Zoll (5.898 mm)</strong></p>
<p><strong>• Innenbreite: 7 Fuß 8,6 Zoll (2.352 mm)</strong></p>
<p><strong>• Innenhöhe: 7 Fuß 10,1 Zoll (2.393 mm)</strong></p>
<p><strong>• Hubraum: 33,2 m³</strong></p>
<p><strong>• Leergewicht: 2.200 kg (4.850 lbs)</strong></p>
<p><strong>• Maximales Bruttogewicht: 24.000 kg (52.910 lbs)</strong></p>
<p><strong>• Maximale Nutzlast: 21.800 kg (48.060 lbs)</strong></p>
<p><strong> Materialien und Konstruktion</strong></p>
<p><strong>• Material: Cortenstahl</strong></p>
<p><strong>• Türen: Doppelte Hintertür mit hermetischem Verschluss</strong></p>
<p><strong>• Boden: Hochleistungssperrholz, feuchtigkeitsbeständig behandelt</strong></p>
<p><strong>Zusätzliche Funktionen</strong></p>
<p><strong>• Belüftung: Belüftungslöcher verhindern Feuchtigkeitsansammlung</strong></p>
<p><strong>• Struktur: Verstärkter Stahlrahmen für Haltbarkeit und Festigkeit</strong></p>
<p><strong>• Kompatibilität: Vollständig kompatibel mit Transportsystemen</strong></p>",Container Goertz,,"[""20-Fuß-Container""]",TRUE,1600.00,,,,https://cdn.shopify.com/s/files/1/1032/1772/5781/files/rn-image_picker_lib_temp_9994fe17-8de1-44e6-882d-e064b556128f.jpg?v=1772631821,1
20-fuss-versandcontainer,,,,,,TRUE,,,,,https://cdn.shopify.com/s/files/1/1032/1772/5781/files/rn-image_picker_lib_temp_75baea68-9ece-4276-998e-c49e9817c9b5.jpg?v=1772631821,2
20-fuss-versandcontainer,,,,,,TRUE,,,,,https://cdn.shopify.com/s/files/1/1032/1772/5781/files/rn-image_picker_lib_temp_b4dbe668-98e1-425e-a70e-bbf18f02a3e8.jpg?v=1772631822,3
20-fuss-versandcontainer-mit-offener-seite,20-Fuß-Versandcontainer mit offener Seite,"<p><strong>Im Ausland</strong></p>
<p><strong>Länge 6.058 mm</strong></p>
<p><strong>Breite 2438 mm</strong></p>
<p><strong>Höhe 2.591 mm</strong></p>
<p><strong>Innen</strong></p>
<p><strong>Länge 5.898 mm</strong></p>
<p><strong>Breite 2.224 mm</strong></p>
<p><strong>Höhe 2.302 mm</strong></p>
<p><strong>Abmessungen der hinteren Türöffnung</strong></p>
<p><strong>Breite 2114 mm</strong></p>
<p><strong>Höhe 2189 mm</strong></p>
<p><strong>Maße der Seitentüröffnung</strong></p>
<p><strong>Breite 5.702 mm</strong></p>
<p><strong>Höhe 2.189 mm</strong></p>
<p><strong>Interne Kapazität</strong></p>
<p><strong>30,2 m³ </strong></p>
<p><strong>Gabelstaplertaschen</strong></p>
<p><strong>Mitte zu Mitte 2.080 mm</strong></p>
<p><strong>Breite 360 mm</strong></p>
<p><strong>Mindesthöhe 115 mm</strong></p>
<p><strong>Fähigkeit</strong></p>
<p><strong>Maximales Bruttogewicht 24.000 kg 59.910 lb</strong></p>
<p><strong>Tara 3,150 kg 6,945 lb</strong></p>
<p><strong>Nutzlast Nutzlast 20.850 kg 45.965 lb</strong></p>",Container Goertz,,"[""20-Fuß-Container""]",TRUE,1785.00,,,,https://cdn.shopify.com/s/files/1/1032/1772/5781/files/rn-image_picker_lib_temp_6b077012-d631-4004-b32c-12f8246233ae.jpg?v=1772631820,1
20-fuss-versandcontainer-mit-offener-seite,,,,,,TRUE,,,,,https://cdn.shopify.com/s/files/1/1032/1772/5781/files/rn-image_picker_lib_temp_8596afdb-93e4-4df3-ab65-22ea44f6eca2.jpg?v=1772631820,2
20-fuss-versandcontainer-mit-offener-seite,,,,,,TRUE,,,,,https://cdn.shopify.com/s/files/1/1032/1772/5781/files/rn-image_picker_lib_temp_89f6eecb-95b9-4aa7-a169-fdcd227cd7ea.jpg?v=1772631820,3
20-fuss-versandcontainer-mit-offener-seite,,,,,,TRUE,,,,,https://cdn.shopify.com/s/files/1/1032/1772/5781/files/rn-image_picker_lib_temp_27dc6931-3472-4e59-96c9-3516b5c56502.jpg?v=1772631821,4
20-fuss-versandcontainer-mit-offener-seite,,,,,,TRUE,,,,,https://cdn.shopify.com/s/files/1/1032/1772/5781/files/rn-image_picker_lib_temp_2c3b9159-f059-4f27-b603-fbe44369e75b.jpg?v=1772631820,5
20-fuss-versandcontainer-mit-offener-seite,,,,,,TRUE,,,,,https://cdn.shopify.com/s/files/1/1032/1772/5781/files/rn-image_picker_lib_temp_ba211d01-8fd2-4dfe-9d75-df3f1b23e4f1.jpg?v=1772631821,6
20-fuss-offener-container-gebraucht,20-Fuß-Offener Container – Gebraucht,"<p><strong>20-Fuß-Open-Side-Container bietet eine einzigartige Alternative zu Standardcontainern und erleichtert den Zugang sowie das Be- und Entladen von Gütern erheblich. Er eignet sich ideal für größere Gegenstände, die nicht durch die Türen von Standardcontainern passen würden.</strong></p>
<p> </p>
<p><strong>Der Container besteht aus korrosionsbeständigem CORTEN-Stahl, der eine bessere Rostbeständigkeit als herkömmlicher Stahl aufweist, was seine Lebensdauer verlängert und seine strukturelle Integrität verbessert. Die Böden bestehen aus 19-lagigem Keruing-Apitong-Sperrholz in Marinequalität, das die Qualität von herkömmlichem Sperrholz übertrifft. Diese Böden sind speziell darauf ausgelegt, den Feuchtigkeitsgehalt zu reduzieren und so Pilzwachstum und schädlichen Termitenbefall zu verhindern.</strong></p>
<p><strong>Containerabmessungen</strong></p>
<p><strong>Außenmaße: 20'L x 8'B x 8'6""H</strong></p>
<p><strong>Innenmaße: 6,9 m L x 2,3 m B x 2,3 m H</strong></p>
<p><strong>Türöffnung: 2,21 m B x 2,27 m H</strong></p>
<p><strong>Seitentüröffnung: 19'2""L x 7'2""</strong></p>
<p><strong>Gewicht: 7.010 Pfund</strong></p>
<p><strong>Nutzlast: 60.190 Pfund</strong></p>",Container Goertz,,"[""20-Fuß-Container""]",TRUE,1699.80,,,,https://cdn.shopify.com/s/files/1/1032/1772/5781/files/rn-image_picker_lib_temp_9ad64682-fa2d-40fc-b1fd-de7478e1d98c.jpg?v=1772631820,1
20-fuss-offener-container-gebraucht,,,,,,TRUE,,,,,https://cdn.shopify.com/s/files/1/1032/1772/5781/files/rn-image_picker_lib_temp_12bb84c2-d06a-48a2-ad94-2d65000a6ede.jpg?v=1772631819,2
20-fuss-offener-container-gebraucht,,,,,,TRUE,,,,,https://cdn.shopify.com/s/files/1/1032/1772/5781/files/rn-image_picker_lib_temp_cbbe0efc-cabc-481b-adb3-e462dbbcf7a4.jpg?v=1772631820,3
20-fuss-offener-container-gebraucht,,,,,,TRUE,,,,,https://cdn.shopify.com/s/files/1/1032/1772/5781/files/rn-image_picker_lib_temp_e8af43f9-ddd6-44e2-8abe-672b9aba9480.jpg?v=1772631820,4
20-fuss-offener-container-gebraucht,,,,,,TRUE,,,,,https://cdn.shopify.com/s/files/1/1032/1772/5781/files/rn-image_picker_lib_temp_be14734c-06ee-4651-8cd5-03c46460c694.jpg?v=1772631819,5
20-fuss-versandcontainer-mit-seitlicher-offnung-gebraucht,20-Fuß-Versandcontainer mit seitlicher Öffnung – gebraucht,"<p><strong>Eigenschaften:</strong></p>
<ul>
<li><strong>Typ: Gebrauchter Seecontainer mit vollständiger Seitenöffnung</strong></li>
<li><strong>Außenmaße:<br>Länge 6,06 m × Breite 2,44 m × Höhe 2,59 m</strong></li>
<li><strong>Fassungsvermögen ca.: 33 m³</strong></li>
<li><strong>Leergewicht: ca. 2.400 kg.</strong></li>
<li><strong>Material: Robuster Cortenstahl</strong></li>
<li><strong>Öffnung:<br></strong></li>
<ul>
<li><strong>Standard-Doppeltür hinten</strong></li>
<li><strong>Vollständige Seitenöffnung mit Falttüren</strong></li>
</ul>
</ul>
<p><strong>Zustand:</strong></p>
<ul>
<li><strong>Gebraucht, in gutem baulichen Zustand</strong></li>
<li><strong>Hermetisch (wind- und wasserdicht)</strong></li>
<li><strong>Mit Gebrauchsspuren (Flugrost, leichte Dellen)</strong></li>
</ul>
<p><strong>Vorteile:</strong></p>
<ul>
<li><strong>Vollständiger seitlicher Zugang, ideal zum schnellen Be- und Entladen</strong></li>
<li><strong>Ideal für Maschinen, Paletten, Möbel oder zur Zwischenlagerung</strong></li>
</ul>",Container Goertz,,"[""20-Fuß-Container""]",TRUE,1700.00,,,,https://cdn.shopify.com/s/files/1/1032/1772/5781/files/rn-image_picker_lib_temp_cc202b91-f399-4cd5-8d3f-31ac61d6b07e.jpg?v=1772631818,1
20-fuss-versandcontainer-mit-seitlicher-offnung-gebraucht,,,,,,TRUE,,,,,https://cdn.shopify.com/s/files/1/1032/1772/5781/files/rn-image_picker_lib_temp_9a253335-b505-4762-ba20-df7ca66a63b0.jpg?v=1772631818,2
20-fuss-versandcontainer-mit-seitlicher-offnung-gebraucht,,,,,,TRUE,,,,,https://cdn.shopify.com/s/files/1/1032/1772/5781/files/rn-image_picker_lib_temp_f1e1a4f1-58a0-4de1-83b9-58a922d42fe0.jpg?v=1772631818,3
20-fuss-versandcontainer-mit-seitlicher-offnung-gebraucht,,,,,,TRUE,,,,,https://cdn.shopify.com/s/files/1/1032/1772/5781/files/rn-image_picker_lib_temp_224e8f8c-6142-41b3-aded-ed7fc3f1b261.jpg?v=1772631818,4
20-fuss-versandcontainer-gebraucht,20-Fuß-Versandcontainer - gebraucht,"<p><strong>Eigenschaften:</strong></p>
<ul>
<li><strong>Typ: Standard Gebrauchtcontainer (20 Fuß)</strong></li>
<li><strong>Außenmaße:<br>Länge 6,06 m × Breite 2,44 m × Höhe 2,59 m</strong></li>
<li><strong>Fassungsvermögen ca.: 33 m³</strong></li>
<li><strong>Leergewicht: ca. 2.200 kg.</strong></li>
<li><strong>Material: Rost- und witterungsbeständiger Cortenstahl</strong></li>
<li><strong>Hermetischer Verschluss durch doppelflügelige Hecktüren</strong></li>
</ul>
<p><strong>Zustand:</strong></p>
<ul>
<li><strong>Gebraucht in gutem baulichen Zustand</strong></li>
<li><strong>Hermetisch (wind- und wasserdicht)</strong></li>
<li><strong>Es können Gebrauchsspuren vorhanden sein: Oberflächenrost, Kratzer oder leichte Beulen.</strong></li>
</ul>",Container Goertz,,"[""20-Fuß-Container""]",TRUE,1390.00,,,,https://cdn.shopify.com/s/files/1/1032/1772/5781/files/rn-image_picker_lib_temp_76969fc1-2e9b-4f06-b7bb-7ae9effc9719.jpg?v=1772631818,1
20-fuss-versandcontainer-gebraucht,,,,,,TRUE,,,,,https://cdn.shopify.com/s/files/1/1032/1772/5781/files/rn-image_picker_lib_temp_8cfbfcdd-4562-4477-92ba-0a92fd165724.jpg?v=1772631818,2
20-fuss-versandcontainer-gebraucht,,,,,,TRUE,,,,,https://cdn.shopify.com/s/files/1/1032/1772/5781/files/rn-image_picker_lib_temp_b048b80d-7efe-4dbc-b315-5112aef275d5.jpg?v=1772631818,3
10-fuss-kuhlcontainer-fur-den-inlandsbereich-neu,10-Fuß-Kühlcontainer für den Inlandsbereich – Neu,"<p><strong>Spezifikationen:</strong></p>
<p><strong>Innenmaße (LxBxH): 2.383 x 2.292 x 2.275 mm</strong></p>
<p><strong>Außenmaße (LxBxH): 2.991 x 2.438 x 2.591 mm</strong></p>
<p><strong>Türöffnung (LxB): 2.288 x 2.251 mm</strong></p>
<p><strong>Volumen: 12,50 m³</strong></p>
<p><strong>Leergewicht: 2.010 kg</strong></p>
<p><strong>Maximale Belastung: 8.150 kg</strong></p>
<p><strong>Maximales Gewicht: 10.160 kg</strong></p>
<p><strong>Serienmäßig ausgestattet</strong></p>
<p><strong>Blitz</strong></p>
<p><strong>Ebener Boden</strong></p>
<p><strong>1/3 - 2/3 Türen</strong></p>
<p><strong>Innenwände aus Edelstahl</strong></p>
<p><strong>Temperaturregelung -40°C / +30°C</strong></p>
<p><strong>Elektrische Installation</strong></p>
<p><strong>Externer Anschluss: 380 V 32 A</strong></p>
<p><strong>50/60 Hz</strong></p>
<p><strong>Motortyp: Thermoking Magnum Plus</strong></p>
<p><strong>Der 10-Fuß-Kühlcontainer mit Thermo King Magnum Plus-Kühlmaschine ist der kleinste Kühlcontainer in unserem Sortiment. Kühlcontainer bieten eine flexible Lösung, wenn Kühl- oder Tiefkühlraum knapp ist. Der 10-Fuß-Kühlcontainer kann bis -40 °C gekühlt und eingefroren werden. Der 10-Fuß-Kühlcontainer kann Waren auch bei Temperaturen bis +30 °C transportieren und lagern. Unsere 10-Fuß-Kühlcontainer sind CSC-zugelassen.</strong></p>",Container Goertz,,"[""10- und 15-Fuß-Container"",""8-""]",TRUE,2200.00,,,,https://cdn.shopify.com/s/files/1/1032/1772/5781/files/rn-image_picker_lib_temp_2722090b-994a-4a43-9527-90deb9a7d7f5.jpg?v=1772631816,1
10-fuss-kuhlcontainer-fur-den-inlandsbereich-neu,,,,,,TRUE,,,,,https://cdn.shopify.com/s/files/1/1032/1772/5781/files/rn-image_picker_lib_temp_e75eb268-9104-4792-9701-60da7be3a7da.jpg?v=1772631818,2
10-fuss-kuhlcontainer-fur-den-inlandsbereich-neu,,,,,,TRUE,,,,,https://cdn.shopify.com/s/files/1/1032/1772/5781/files/rn-image_picker_lib_temp_5d2a49ea-1132-4fcf-95cd-ff2695c578a8.jpg?v=1772631816,3
10-fuss-kuhlcontainer-fur-den-inlandsbereich-neu,,,,,,TRUE,,,,,https://cdn.shopify.com/s/files/1/1032/1772/5781/files/rn-image_picker_lib_temp_8c764145-0170-41a3-9ac8-afc063708cfc.jpg?v=1772631817,4
10-fuss-kuhlcontainer-fur-den-inlandsbereich-neu,,,,,,TRUE,,,,,https://cdn.shopify.com/s/files/1/1032/1772/5781/files/rn-image_picker_lib_temp_3c752a18-f046-4427-ae79-d588e52cbe23.jpg?v=1772631816,5
20-fuss-kuhlcontainer,20-Fuß-Kühlcontainer,"<p><strong>Länge: 6 Meter, Außenhöhe: 2.591 und Innenhöhe: 2.261 (m)</strong></p>
<p><strong>Maschinen von Carrier oder Thermo King</strong></p>
<p><strong>Außenmaße (LxBxH): 6.058 x 2.438 x 2.591 mm. </strong></p>
<p><strong>Neuer 20-Fuß-Kühlcontainer, der für Anwendungen im Zusammenhang mit der Aufrechterhaltung der Produkttemperatur verwendet wird.</strong></p>
<p><strong>Um die vorgegebene Temperatur zu halten, sind die Innenwände aus Edelstahl isoliert und der Boden besteht aus T-förmigem gewelltem Aluminium.</strong></p>
<p><strong>Die am häufigsten verwendeten Maschinenmarken, die wir liefern, sind Carrier und Thermo King, obwohl wir auch andere Marken wie Star Cool oder Daikin liefern können.</strong></p>
<p><strong>Es erfüllt die CSC- und TIR-Anforderungen für den Transport sowie die ISO-Normen in seiner Konstruktion.</strong></p>",Container Goertz,,"[""20-Fuß-Container""]",TRUE,3100.00,,,,https://cdn.shopify.com/s/files/1/1032/1772/5781/files/rn-image_picker_lib_temp_ea1a205a-173c-43a8-b6d4-079e45f2aa89.jpg?v=1772631815,1
20-fuss-kuhlcontainer,,,,,,TRUE,,,,,https://cdn.shopify.com/s/files/1/1032/1772/5781/files/rn-image_picker_lib_temp_ac543982-a9d7-4a48-8bfd-7b32b388fa17.jpg?v=1772631816,2
20-fuss-kuhlcontainer,,,,,,TRUE,,,,,https://cdn.shopify.com/s/files/1/1032/1772/5781/files/rn-image_picker_lib_temp_8c90bd40-ee58-41d0-be5a-ecba1340e87c.jpg?v=1772631815,3
20-fuss-kuhlcontainer,,,,,,TRUE,,,,,https://cdn.shopify.com/s/files/1/1032/1772/5781/files/rn-image_picker_lib_temp_c1822331-7cd7-494f-b7a8-706e8325bcea.jpg?v=1772631816,4
20-fuss-kuhlcontainer,,,,,,TRUE,,,,,https://cdn.shopify.com/s/files/1/1032/1772/5781/files/rn-image_picker_lib_temp_727d807d-fc0f-4e57-a35d-a9e5112fdbbc.jpg?v=1772631816,5
10-fuss-seecontainer-mit-rolltor-gebraucht,10-Fuß-Seecontainer mit Rolltor - gebraucht,"<p><strong>Dieser 10-Fuß-Lagercontainer mit einem 7-Fuß-Rolltor wird als Alternative zu unserem 10-Fuß-Versandcontainer mit ISO-Containertüren angeboten. Dieser Container wurde speziell für Lagerfunktionalität und Benutzerfreundlichkeit entwickelt. Unsere gebrauchten Container weisen in der Regel eine Abnutzung von etwa 10–14 Jahren auf und können leichte Dellen aufweisen.</strong></p>
<p><strong>Dieser Versandcontainer besteht aus einem gebrauchten Standardcontainer (20 Fuß) und wurde anthrazitfarben neu lackiert. Ein 7 Fuß langes Stahlrolltor sorgt für bequemen Zugang. Für zusätzliche Sicherheit sind die Rolltore mit einem Verriegelungsmechanismus ausgestattet, der den Inhalt sichert.</strong></p>
<p><strong>SPEZIFIKATIONEN</strong></p>
<p><strong>Korrosionsbeständige CORTEN-Stahlkonstruktion</strong></p>
<p><strong>19-lagiges, 1,1″ (28 mm) starkes Sperrholz in Marinequalität</strong></p>
<p><strong>Geeignet für alle Arten von Ladungen</strong></p>
<p><strong>7' langes Rolltor aus Stahl</strong></p>
<p><strong>Rolltor-Verriegelungsmechanismus</strong></p>
<p><strong>Wetterfeste Belüftungsöffnungen</strong></p>
<p><strong>Gabelöffnungen</strong></p>
<p><strong>Etwa 10 bis 14 Jahre Verschleiß</strong></p>
<p><strong>Leichter Rost und Dellen</strong></p>
<p><strong>Zusätzliche Funktionen enthalten</strong></p>
<p><strong>Neulackierung in Anthrazitgrau</strong></p>
<p><strong>Schließmechanismus für Rolltor</strong></p>
<p><strong>Containerabmessungen</strong></p>
<p><strong>Außenmaße: 9'10″L x 8'l x 8'6″h</strong></p>
<p><strong>Innenmaße: 2,83 m (L) x 2,34 m (B) x 2,27 m (H)</strong></p>
<p><strong>Rolltor: 2,13 m x 2,06 m (H)</strong></p>
<p><strong>Gewicht: 2.720 lbs</strong></p>
<p><strong>Nutzlast: 30.600 lb</strong></p>",Container Goertz,,"[""10- und 15-Fuß-Container"",""8-""]",TRUE,1450.00,,,,https://cdn.shopify.com/s/files/1/1032/1772/5781/files/rn-image_picker_lib_temp_ad667870-eaf3-4281-a00c-aa55ca5b4d60.jpg?v=1772631815,1
10-fuss-seecontainer-mit-rolltor-gebraucht,,,,,,TRUE,,,,,https://cdn.shopify.com/s/files/1/1032/1772/5781/files/rn-image_picker_lib_temp_af9e53ce-be28-47f9-b78b-f78123b34443.jpg?v=1772631815,2
10-fuss-seecontainer-mit-rolltor-gebraucht,,,,,,TRUE,,,,,https://cdn.shopify.com/s/files/1/1032/1772/5781/files/rn-image_picker_lib_temp_20f64c42-0caa-4bd1-baa1-3c2d6d4a79e6.jpg?v=1772631815,3
10-fuss-seecontainer-mit-rolltor-gebraucht,,,,,,TRUE,,,,,https://cdn.shopify.com/s/files/1/1032/1772/5781/files/rn-image_picker_lib_temp_932bd25f-0d53-4e06-a160-a4ec298b8f11.jpg?v=1772631815,4
10-fuss-seecontainer-mit-rolltor-gebraucht,,,,,,TRUE,,,,,https://cdn.shopify.com/s/files/1/1032/1772/5781/files/rn-image_picker_lib_temp_dd58c0e0-fe2b-44cb-bb0e-cde56e1f8d93.jpg?v=1772631815,5
6x3-burocontainer,6x3 Bürocontainer,"<p><strong>AUSRÜSTUNG :</strong></p>
<p><strong>1x Außentür 875 x 2.000mm, Profilzylinderschloss</strong></p>
<p><strong>inkl. 3 Schlüssel.</strong></p>
<p><strong>1x D/K Fenster 2.050 x 1.240mm Isoglas / Rollo</strong></p>
<p><strong>2x Fenster D/K 900 x 1.200mm Isoglas / Rollo</strong></p>
<p><strong>1x Elektroinstallation bestehend aus:</strong></p>
<p><strong>1x Ein-/Ausschalter, Steckdosen,</strong></p>
<p><strong>2x Linearleuchten 2x 58 Watt,</strong></p>
<p><strong>1x Elektroheizung 2,0kW,</strong></p>
<p><strong>1x Sicherungskasten mit FI-Schalter,</strong></p>
<p><strong>2x CEE 32A-5 poliger Außenstecker,</strong></p>
<p><strong>Mineralwolledämmung</strong></p>
<p><strong>Boden und Decke jeweils 100mm / Wände 160mm</strong></p>
<p><strong>Innenfutter in grau-weiß,</strong></p>
<p><strong>22 mm Zementbodenplatte</strong></p>
<p><strong>PVC-Bodenbelag in Grau</strong></p>
<p><strong>ABMESSUNGEN</strong></p>
<p><strong>L 6.055 x B 2.990 x 2.500mm-Innenhöhe-</strong></p>
<p><strong>Außenhöhe: 2.890 mm</strong></p>",Container Goertz,,[],TRUE,2990.85,,,,https://cdn.shopify.com/s/files/1/1032/1772/5781/files/rn-image_picker_lib_temp_e2e5f10b-068d-481f-9fb5-b22d4ced8b75.jpg?v=1772631814,1
6x3-burocontainer,,,,,,TRUE,,,,,https://cdn.shopify.com/s/files/1/1032/1772/5781/files/rn-image_picker_lib_temp_cf6b60ff-1860-4ed8-961e-febb654a62fe.jpg?v=1772631815,2
6x3-burocontainer,,,,,,TRUE,,,,,https://cdn.shopify.com/s/files/1/1032/1772/5781/files/rn-image_picker_lib_temp_810fe1f1-4ec1-49c2-86cf-e764d701d930.jpg?v=1772631814,3
6x3-burocontainer,,,,,,TRUE,,,,,https://cdn.shopify.com/s/files/1/1032/1772/5781/files/rn-image_picker_lib_temp_ee78c5e0-940b-4684-a758-fd83c05d3d54.jpg?v=1772631814,4
6x3-burocontainer,,,,,,TRUE,,,,,https://cdn.shopify.com/s/files/1/1032/1772/5781/files/rn-image_picker_lib_temp_bb023b30-4b38-4fae-b924-25bd83491cb7.jpg?v=1772631814,5
6x3-burocontainer,,,,,,TRUE,,,,,https://cdn.shopify.com/s/files/1/1032/1772/5781/files/rn-image_picker_lib_temp_66fc2c67-87a8-4ed9-b749-53d441dedae2.jpg?v=1772631814,6
standard-burocontainer-6-00-x-2-43m,"STANDARD-BÜROCONTAINER 6,00 X 2,43M","<p data-sourcepos=""9:1-9:76""><strong>Investieren Sie in einen maßgeschneiderten Arbeitsbereich mit unserem Standard-Bürocontainer 6,00 x 2,43 m. Dieser Container wurde für die Bedürfnisse anspruchsvollster Fachleute entwickelt und bietet den idealen Kompromiss zwischen Funktionalität und Design.</strong></p>
<p data-sourcepos=""11:1-11:275""><strong>Robust und langlebig: Unser Container aus hochwertigem Stahl ist wetter- und stoßfest und garantiert eine außergewöhnliche Langlebigkeit. Seine Wärme- und Schalldämmung garantiert optimalen Komfort zu jeder Jahreszeit.</strong></p>
<p data-sourcepos=""13:1-13:139""><strong>Modular und individuell anpassbar: Passen Sie Ihren Container mit zahlreichen Anpassungsoptionen an Ihre individuellen Bedürfnisse an. Wählen Sie aus verschiedenen Innenausstattungen, Fenstern und Türen, um einen maßgeschneiderten Arbeitsbereich zu schaffen.</strong></p>
<p data-sourcepos=""15:1-15:345""><strong>Funktional und praktisch: Unser Bürocontainer ist mit allem ausgestattet, was Sie für optimale Arbeitsbedingungen benötigen: Steckdosen, LED-Beleuchtung, Belüftungssystem usw. Optional können Sie sich für zusätzliche Ausstattung wie einen Schreibtisch, Regale oder eine Klimaanlage entscheiden.</strong></p>
<p data-sourcepos=""17:1-17:176""><strong>Ästhetik und Design: Das moderne und elegante Design unseres Bürocontainers fügt sich perfekt in jede Umgebung ein. Erhältlich in einer breiten Farbpalette verleiht er Ihrem Arbeitsbereich einen Hauch von Eleganz.</strong></p>
<p data-sourcepos=""26:1-26:53""><strong>Ihre Vorteile bei der Wahl unseres Bürocontainers:</strong></p>
<ul data-sourcepos=""28:1-32:0"">
<li data-sourcepos=""28:1-28:116""><strong>Schnelle Montage: Ihr Container wird betriebsbereit geliefert und kann vor Ort schnell aufgebaut werden.</strong></li>
<li data-sourcepos=""29:1-29:95""><strong>Mobilität: Verlegen Sie Ihr Büro mit unseren Transportlösungen, wohin Sie möchten.</strong></li>
<li data-sourcepos=""30:1-30:106""><strong>Wirtschaftlichkeit: Eine wirtschaftliche und flexible Lösung für alle Ihre Arbeitsplatzanforderungen.</strong></li>
<li data-sourcepos=""31:1-32:0""><strong>Respekt für die Umwelt: Unsere Behälter werden aus recycelbaren Materialien hergestellt und sind auf Langlebigkeit ausgelegt.</strong></li>
</ul>
<p class=""sZg4jFb obhdl_Q---typography-11-runningText obhdl_Q---priority-7-primary _HOcyB x4nptw sxbtulv"" aria-hidden=""false"" data-hook=""info-section-title""><strong>Weitere Informationen</strong></p>
<div class=""rah-static rah-static--height-auto"" aria-hidden=""false"">
<div>
<div class=""ulKuLk QfrfFD cell"">
<div class=""zp8uy2"" data-hook=""info-section-description"">
<p><strong>Bodenstruktur:</strong></p>
<p><strong>Blindboden: 0,5 mm T14 Trapezblech, mit den Bodentraversen vernietet</strong></p>
<p><strong>Dämmung: 100 mm Mineralwolle, 0,2 mm Dampfsperre</strong></p>
<p><strong>Grundplatte: OSB-Platten, verschraubt auf Profilstahlträger</strong></p>
<p><strong>Bodenbelag: 2 mm PVC mit Sockelleiste, vollflächig verklebt, Muster grau meliert.</strong></p>
<p><strong>Zulässige Erdlast: 3,8 kn/m</strong></p>
<p><strong>Wandaufbau:</strong></p>
<p><strong>Profilblech: 0,5 mm T8 Trapezblech (Anthrazit) - andere Farben nach Kundenwunsch gegen Aufpreis.</strong></p>
<p><strong>Dämmung: 50mm Mineralwolle, bis 100mm nach Kundenwunsch</strong></p>
<p><strong>Innenverkleidung: 16 mm Schichtstoffplatte, weiß.</strong></p>
<p><strong>Dampfbrecher: 0,2 mm - Membran</strong></p>
<p><strong>Dachkonstruktion:</strong></p>
<p><strong>Profilblech: Trapezblech 0,7 mm T35</strong></p>
<p><strong>Isolierung: 100 mm Mineralwolle</strong></p>
<p><strong>Innenverkleidung: 16 mm Schichtstoffplatte, weiß.</strong></p>
<p><strong>Dampfbrecher: 0,2 mm - Membran</strong></p>
<p><strong>Wasserablauf: Wasserableitung durch PVC-Rohre an den Ecken des Containers</strong></p>
<p><strong>Fenster:</strong></p>
<p><strong>1 Stück Kunststofffenster 2,00 x 1,20 m mit Isolierverglasung, Schwingbeschlägen und Kunststoffrollos</strong></p>
<p><strong>2 Kunststofffenster 2,00 x 1,00 m mit Isolierverglasung, Ausschwenkbeschlägen und Kunststoffrollläden</strong></p>
<p><strong>Tür:</strong></p>
<p><strong>Außentür: ZKI60 Tür, RAL7016</strong></p>
<p><strong>Abmessungen 900 x 1 970 mm,</strong></p>
<p><strong>Elektroinstallation: VDE-Norm für Elektroinstallationen</strong></p>
<p><strong>CEE 380V/32A/5-polige Außensteckdosen. Beleuchtung - Zwei 50W LED-Leuchten, gesteuert über einen Ein-/Ausschalter, Steckdosen und einen Schaltschrank mit der entsprechenden Anzahl an FI-Sicherungen und Leitungsschutzschaltern.</strong></p>
<p><strong>Die Elektroinstallation erfolgt versenkt</strong></p>
</div>
</div>
</div>
</div>",Container Goertz,,[],TRUE,2490.00,,,,https://cdn.shopify.com/s/files/1/1032/1772/5781/files/rn-image_picker_lib_temp_a2501b88-a384-4b8f-85d0-239f0cc1bb27.jpg?v=1772631813,1
standard-burocontainer-6-00-x-2-43m,,,,,,TRUE,,,,,https://cdn.shopify.com/s/files/1/1032/1772/5781/files/rn-image_picker_lib_temp_c310a423-e131-47bc-b75b-df90a8ac9094.jpg?v=1772631813,2
standard-burocontainer-6-00-x-2-43m,,,,,,TRUE,,,,,https://cdn.shopify.com/s/files/1/1032/1772/5781/files/rn-image_picker_lib_temp_cdfa7c75-5c9e-4e87-81ba-d90ad81e95ed.jpg?v=1772631813,3
burocontainer-6-x-2-40-holzfarbe,"BÜROCONTAINER 6 X 2,40 HOLZFARBE","<p data-sourcepos=""9:1-9:262""><strong>Bieten Sie Ihrem Unternehmen oder Ihrer Selbstständigkeit mit unserem 6 x 2,40 m großen Bürocontainer einen individuellen und mobilen Arbeitsplatz. Dieses großzügig bemessene Modell erfüllt alle funktionalen und ästhetischen Ansprüche.</strong></p>
<p data-sourcepos=""11:1-11:58""><strong>Holzfassade: eine natürliche und warme Optik</strong></p>
<p data-sourcepos=""13:1-13:255""><strong>Die Außenverkleidung in Holzoptik verleiht Ihrem Container einen Hauch von Modernität und Natürlichkeit. Die wetterbeständige Oberfläche fügt sich harmonisch in jede Umgebung ein, egal ob urban oder Outdoor.</strong></p>
<p data-sourcepos=""23:1-23:45""><strong>Die Vorteile unseres Bürocontainers:</strong></p>
<ul data-sourcepos=""25:1-29:0"">
<li data-sourcepos=""25:1-25:124""><strong>Mobilität:Dank der entsprechenden Ausrüstung sind unsere Container leicht zu bewegen und können überall dort aufgestellt werden, wo Sie möchten.</strong></li>
<li data-sourcepos=""26:1-26:178""><strong>Wärme- und Schalldämmung:Genießen Sie optimalen Komfort dank der leistungsstarken Isolierung, die Sie vor Temperaturschwankungen und Lärmbelästigung schützt.</strong></li>
<li data-sourcepos=""27:1-27:111""><strong>Haltbarkeit:Unser Container ist aus hochwertigen Materialien gefertigt und auf eine lange Lebensdauer ausgelegt.</strong></li>
</ul>
<p><strong>Details</strong></p>
<ul>
<li><strong>Designer-Bürocontainer aus Holz mit den Maßen 6 x 2,40 Meter und 2,70 Meter Höhe.</strong></li>
<li><strong>Sandwichpaneele für Wände und Dächer, 7,5 cm Dämmung</strong></li>
<li><strong>Drehkippfenster (Doppelverglasung)</strong></li>
<li><strong>Sandwichprofil mit Wärmedämmung für geringen Energieverlust</strong></li>
<li><strong>Hörmann Stahlblech-Außentür</strong></li>
<li><strong>Komplette Elektroinstallation nach EG-Richtlinien</strong></li>
<li><strong>230 V Steckdosen</strong></li>
<li><strong>2 Deckenleuchten</strong></li>
<li><strong>Laminatboden: robust und schnell zu reinigen</strong></li>
<li><strong>Isolierter Boden, innen mit OSB-Platte</strong></li>
<li><strong>elektrische Wandheizung</strong></li>
<li><strong>Ösen für Kranentladung und Staplerführung an der Unterseite</strong></li>
<li><strong>Selbsttragende, geschweißte, hochfeste Stahlrahmenkonstruktion</strong></li>
<li><strong>Gewicht 2200 kg</strong></li>
</ul>",Container Goertz,,"[""Container Schreibtisch""]",TRUE,2850.00,,,,https://cdn.shopify.com/s/files/1/1032/1772/5781/files/rn-image_picker_lib_temp_f47bcbf8-43bb-4b61-93af-85648eb8309c.png?v=1772631813,1
burocontainer-6-x-2-40-holzfarbe,,,,,,TRUE,,,,,https://cdn.shopify.com/s/files/1/1032/1772/5781/files/rn-image_picker_lib_temp_be97ef6d-79d9-4060-bec7-66977bd07430.png?v=1772631813,2
burocontainer-6-x-2-40-holzfarbe,,,,,,TRUE,,,,,https://cdn.shopify.com/s/files/1/1032/1772/5781/files/rn-image_picker_lib_temp_276bec6c-6489-4b50-b582-8b16916ccbc0.png?v=1772631813,3
burocontainer-6-x-2-40-holzfarbe,,,,,,TRUE,,,,,https://cdn.shopify.com/s/files/1/1032/1772/5781/files/rn-image_picker_lib_temp_2d14b310-5054-41ae-a87f-34cd967efce7.png?v=1772631812,4
burocontainer-6-x-2-40-holzfarbe,,,,,,TRUE,,,,,https://cdn.shopify.com/s/files/1/1032/1772/5781/files/rn-image_picker_lib_temp_440354e0-f889-4fc8-a5c6-32bf32c404a3.png?v=1772631812,5
burocontainer-6-x-2-40-holzfarbe,,,,,,TRUE,,,,,https://cdn.shopify.com/s/files/1/1032/1772/5781/files/rn-image_picker_lib_temp_db00914d-a21c-4eb4-92aa-29282bdf7991.png?v=1772631813,6
burocontainer-mit-jalousien-6-x-2-4-m,"Bürocontainer mit Jalousien 6 x 2,4 m","<p data-sourcepos=""9:1-9:247""><strong>Entdecken Sie unseren hochwertigen Bürocontainer, der Ihren höchsten beruflichen Ansprüchen gerecht wird. Mit seinen großzügigen Abmessungen von 6 x 2,40 m bietet dieses Modul einen komfortablen und funktionalen Arbeitsplatz, egal wo Sie sich befinden.</strong></p>
<p data-sourcepos=""11:1-12:286""><strong>Sicherheit und Robustheit: Integrierte Rollläden gewährleisten optimalen Schutz Ihrer Geräte und Daten und bieten gleichzeitig absolute Privatsphäre. Der robuste Stahlrahmen garantiert Witterungs- und Stoßfestigkeit für den dauerhaften Einsatz in unterschiedlichsten Umgebungen.</strong></p>
<p data-sourcepos=""14:1-15:295""><strong>Komfort und Funktionalität: Im Inneren profitieren Sie von einer individuell anpassbaren Inneneinrichtung mit der Möglichkeit, Trennwände, Stauraum und Möbel nach Ihren Wünschen zu installieren. Die Wärme- und Schalldämmung reduziert die Lärmbelästigung und sorgt das ganze Jahr über für eine angenehme Temperatur.</strong></p>
<p data-sourcepos=""17:1-18:231""><strong>Flexibilität und Mobilität: Der Bürocontainer ist leicht transportierbar und kann schnell auf jedem Gelände aufgestellt werden. Er passt sich allen Arten von Projekten an: Baustellen, temporäre Veranstaltungen, Designbüros.</strong></p>
<p class=""sZg4jFb obhdl_Q---typography-11-runningText obhdl_Q---priority-7-primary _HOcyB x4nptw sxbtulv"" aria-hidden=""false"" data-hook=""info-section-title""><strong>Weitere Informationen</strong></p>
<div class=""rah-static rah-static--height-auto"" aria-hidden=""false"">
<div class=""ulKuLk QfrfFD cell"">
<div class=""zp8uy2"" data-hook=""info-section-description"">
<ul>
<li><strong>-Abmessungen 6000x2400x2620</strong></li>
<li><strong>-Gewicht 2000KG</strong></li>
<li><strong>– Wand- und Deckendämmung mit 7,5 cm Sandwichpaneelen.</strong></li>
<li><strong>– 2 Flügelfenster (Doppelverglasung)</strong></li>
<li><strong>– Sandwichprofil mit Wärmedämmung für geringen Energieverlust</strong></li>
<li><strong>- Hörmann Stahlblech-Außentür</strong></li>
<li><strong>- Komplette Elektroinstallation nach CE-Richtlinien</strong></li>
<li><strong>– 230V Steckdosen</strong></li>
<li><strong>– LED-Deckenleuchten</strong></li>
<li><strong>- Laminatboden – robust und schnell zu reinigen</strong></li>
<li><strong>– Isolierter Boden, Innenausbau mit OSB-Platte</strong></li>
<li><strong>– 2000W elektrischer Wandheizkörper</strong></li>
<li><strong>– Ösen für die Kranentladung</strong></li>
<li><strong>– Gabelstaplerführungen für einfachen und sicheren Transport</strong></li>
<li><strong>– Konstruktion mit robuster, geschweißter, selbsttragender Stahlkonstruktion.</strong></li>
</ul>
</div>
</div>
</div>",Container Goertz,,"[""Container Schreibtisch""]",TRUE,2900.00,,,,https://cdn.shopify.com/s/files/1/1032/1772/5781/files/rn-image_picker_lib_temp_fef4a648-5d49-4376-9584-da70a92e95b7.jpg?v=1772631811,1
burocontainer-mit-jalousien-6-x-2-4-m,,,,,,TRUE,,,,,https://cdn.shopify.com/s/files/1/1032/1772/5781/files/rn-image_picker_lib_temp_fec133de-3a0d-4d9e-ba81-5aacb4bfc92c.jpg?v=1772631811,2
burocontainer-mit-jalousien-6-x-2-4-m,,,,,,TRUE,,,,,https://cdn.shopify.com/s/files/1/1032/1772/5781/files/rn-image_picker_lib_temp_67ca07ff-f7ca-493c-afa3-486f69218062.jpg?v=1772631811,3
burocontainer-mit-jalousien-6-x-2-4-m,,,,,,TRUE,,,,,https://cdn.shopify.com/s/files/1/1032/1772/5781/files/rn-image_picker_lib_temp_2b63f08e-be13-4f9b-bcb0-f28956a794e6.jpg?v=1772631811,4
burocontainer-mit-jalousien-6-x-2-4-m,,,,,,TRUE,,,,,https://cdn.shopify.com/s/files/1/1032/1772/5781/files/rn-image_picker_lib_temp_8b05592e-2a54-4509-9b81-3d653676a23c.jpg?v=1772631811,5
burocontainer-mit-jalousien-6-x-2-4-m,,,,,,TRUE,,,,,https://cdn.shopify.com/s/files/1/1032/1772/5781/files/rn-image_picker_lib_temp_43d1cdb5-47df-44cd-b0bc-7413f5182de0.jpg?v=1772631811,6
burocontainer-mit-jalousien-6-x-2-4-m,,,,,,TRUE,,,,,https://cdn.shopify.com/s/files/1/1032/1772/5781/files/rn-image_picker_lib_temp_062aab66-7459-4b69-9a31-8eb1dc59d292.jpg?v=1772631811,7
burocontainer-mit-jalousien-6-x-2-4-m,,,,,,TRUE,,,,,https://cdn.shopify.com/s/files/1/1032/1772/5781/files/rn-image_picker_lib_temp_4a7196ab-dd4e-4d9c-b299-9bf8704591f1.jpg?v=1772631811,8
5x2-20-schreibtischcontainer-mit-toilette,"5x2,20 Schreibtischcontainer mit Toilette","<p><strong>Entdecken Sie unseren 5x2,20 Bürocontainer – die perfekte Lösung für Mobilität und Komfort an Ihrem Arbeitsplatz. Dieser modulare Container wurde speziell für mobile Mitarbeiter oder Personen entwickelt, die zusätzlichen Arbeitsraum benötigen. Er bietet eine angenehme und funktionale Arbeitsumgebung.</strong></p>
<p data-sourcepos=""11:1-11:35""><strong>Ein maßgeschneiderter Arbeitsplatz</strong></p>
<p data-sourcepos=""13:1-13:121""><strong>Unser 5x2,20-Bürocontainer lässt sich an Ihre spezifischen Bedürfnisse anpassen und bietet zahlreiche Optionen:</strong></p>
<ul data-sourcepos=""15:1-18:21"">
<li data-sourcepos=""15:1-15:65""><strong>Innenarchitektur: Schreibtische, Stauraum, Schränke usw.</strong></li>
<li data-sourcepos=""16:1-16:71""><strong>Ausstattung: Strom, Heizung, Klimaanlage, Beleuchtung...</strong></li>
<li data-sourcepos=""17:1-17:65""><strong>Isolierung: Thermisch und akustisch für optimalen Komfort</strong></li>
<li data-sourcepos=""18:1-18:21""><strong>Oberflächen: Wand- und Bodenbeläge zur Auswahl</strong></li>
</ul>
<p data-sourcepos=""28:1-28:48""><strong>Die Vorteile unseres Bürocontainers:</strong></p>
<ul data-sourcepos=""30:1-35:0"">
<li data-sourcepos=""30:1-30:52""><strong>Mobilität: Einfach zu transportieren und zu installieren</strong></li>
<li data-sourcepos=""31:1-31:39""><strong>Geschwindigkeit: Schnellstart</strong></li>
<li data-sourcepos=""32:1-32:53""><strong>Haltbarkeit: Robuste und langlebige Konstruktion</strong></li>
<li data-sourcepos=""33:1-33:48""><strong>Economy: Wirtschaftliche und flexible Lösung</strong></li>
<li data-sourcepos=""34:1-35:0""><strong>Ästhetik: Modernes und anpassbares Design</strong></li>
</ul>
<p><strong>Bürocontainer 5x2,20 Meter, 2,62 Meter hoch mit WC.</strong></p>
<p><strong>– Sandwichpaneele Wände und Deckendämmung 7,5 cm.</strong><br><strong>– Waschbecken mit Unterschrank</strong><br><strong>– Urinale</strong><br><strong>– 3 Fenster</strong><br><strong>– Sandwichprofil mit Wärmedämmung für geringen Energieverlust</strong><br><strong>– Wärmegedämmte Eingangstür (Doppelverglasung)</strong><br><strong>– Komplette Elektroinstallation mit Steckdosen und LED-Deckenleuchte</strong><br><strong>– Laminat- und PVC-Bodenbelag im Badezimmer – robust und schnell zu reinigen</strong><br><strong>– Isolierter Boden und Decke</strong><br><strong>– Elektrischer Wandheizkörper</strong><br><strong>– Ösen für Kranentladung und Gabelstaplerführung an der Unterseite</strong><br><strong>– Konstruktion mit einem robusten, geschweißten, selbsttragenden Stahlrahmen.</strong></p>",Container Goertz,,"[""Container Schreibtisch""]",TRUE,3255.00,,,,https://cdn.shopify.com/s/files/1/1032/1772/5781/files/rn-image_picker_lib_temp_966e3377-2a0f-4006-9cb3-9d966e558510.jpg?v=1772631810,1
5x2-20-schreibtischcontainer-mit-toilette,,,,,,TRUE,,,,,https://cdn.shopify.com/s/files/1/1032/1772/5781/files/rn-image_picker_lib_temp_b9ef3be8-a5aa-4ee4-9329-67a1caab37f5.jpg?v=1772631810,2
5x2-20-schreibtischcontainer-mit-toilette,,,,,,TRUE,,,,,https://cdn.shopify.com/s/files/1/1032/1772/5781/files/rn-image_picker_lib_temp_ca82bb24-a4ae-4db1-9157-7facbb39fb85.jpg?v=1772631810,3
5x2-20-schreibtischcontainer-mit-toilette,,,,,,TRUE,,,,,https://cdn.shopify.com/s/files/1/1032/1772/5781/files/rn-image_picker_lib_temp_cf2aff86-e4c6-461e-8b69-4487c4c17cb8.jpg?v=1772631810,4
5x2-20-schreibtischcontainer-mit-toilette,,,,,,TRUE,,,,,https://cdn.shopify.com/s/files/1/1032/1772/5781/files/rn-image_picker_lib_temp_3d323f60-8b04-4441-9b0c-ab81c60d16f0.jpg?v=1772631810,5
5x2-20-schreibtischcontainer-mit-toilette,,,,,,TRUE,,,,,https://cdn.shopify.com/s/files/1/1032/1772/5781/files/rn-image_picker_lib_temp_b45ad5b0-7e13-4c23-ad73-77ac694f88a2.jpg?v=1772631810,6
5x2-20-schreibtischcontainer-mit-toilette,,,,,,TRUE,,,,,https://cdn.shopify.com/s/files/1/1032/1772/5781/files/rn-image_picker_lib_temp_2ee16c45-b50b-422d-861e-5dc2eb1b6f76.jpg?v=1772631810,7
burocontainer-6-00-x-2-40-m-mit-toilette-dusche-und-kuche,"BÜROCONTAINER 6,00 X 2,40 M MIT TOILETTE, DUSCHE UND KÜCHE","<p class="""" data-sourcepos=""7:3-7:258""><strong>Entdecken Sie unseren 6 x 2,4 m großen Bürocontainer – die ideale Lösung für die Einrichtung eines individuellen, professionellen Arbeitsbereichs. Dieser modulare Container wurde für höchste Ansprüche entwickelt und vereint Robustheit mit Ästhetik.</strong></p>
<p data-sourcepos=""9:3-9:258""><strong>Komfort ohne Kompromisse: Ausgestattet mit einem kompletten Sanitärgebäude inklusive Toilette, Dusche und Waschbecken bietet Ihnen unser Container optimalen Alltagskomfort. Die funktionale und voll ausgestattete Küche ermöglicht Ihnen die unkomplizierte Zubereitung Ihrer Mahlzeiten.</strong></p>
<p data-sourcepos=""11:3-11:151""><strong>Ein modularer Arbeitsplatz: Dank seines modularen Designs passt sich unser Bürocontainer jeder Umgebung und jedem Bedarf an. So können Sie die Inneneinrichtung individuell an Ihr Unternehmen und Ihre Belegschaft anpassen.</strong></p>
<p data-sourcepos=""13:3-13:225""><strong>Hochwertige Verarbeitung: Unser Bürocontainer ist aus hochwertigen Materialien gefertigt und auf Langlebigkeit ausgelegt. Die sorgfältige Verarbeitung und die leistungsstarke Ausstattung garantieren optimalen Nutzerkomfort.</strong></p>
<p data-sourcepos=""15:3-15:47""><strong>Die Vorteile unseres Bürocontainers:</strong></p>
<ul data-sourcepos=""17:3-18:106"">
<li data-sourcepos=""17:3-17:105""><strong>Mobilität: Leicht zu bewegen und zu installieren, ist unser Container schnell einsatzbereit.</strong></li>
<li data-sourcepos=""18:3-18:106""><strong>Wärme- und Schalldämmung: Genießen Sie zu jeder Jahreszeit eine ruhige und angenehme Arbeitsumgebung.</strong></li>
<li data-sourcepos=""19:3-19:93""><strong>Sicherheit: Unser Container ist so konzipiert, dass er den Elementen und Einbrüchen standhält.</strong></li>
<li data-sourcepos=""20:3-20:78""><strong>Langlebigkeit: Seine robuste Konstruktion garantiert eine lange Lebensdauer.</strong></li>
</ul>
<p class=""sZg4jFb obhdl_Q---typography-11-runningText obhdl_Q---priority-7-primary _HOcyB x4nptw sxbtulv"" aria-hidden=""false"" data-hook=""info-section-title""><strong>Weitere Informationen</strong></p>
<div class=""rah-static rah-static--height-auto"" aria-hidden=""false"">
<div class=""ulKuLk QfrfFD cell"">
<div class=""zp8uy2"" data-hook=""info-section-description"">
<ul>
<li><strong>-Abmessungen 6000x2400x2620</strong></li>
<li><strong>-Gewicht 2500KG</strong></li>
<li><strong>-Toilette mit Waschbecken und Dusche</strong></li>
<li><strong>– Miniküche mit Kühlschrank</strong></li>
<li><strong>– Wand- und Deckendämmung mit 7,5 cm Sandwichpaneelen.</strong></li>
<li><strong>– 2 Flügelfenster (Doppelverglasung)</strong></li>
<li><strong>– Sandwichprofil mit Wärmedämmung für geringen Energieverlust</strong></li>
<li><strong>- Hörmann Stahlblech-Außentür</strong></li>
<li><strong>- Komplette Elektroinstallation nach CE-Richtlinien</strong></li>
<li><strong>– 230V Steckdosen</strong></li>
<li><strong>– LED-Deckenleuchten</strong></li>
<li><strong>- Laminatboden – robust und schnell zu reinigen</strong></li>
<li><strong>– Isolierter Boden, Innenausbau mit OSB-Platte</strong></li>
<li><strong>– 2000W elektrischer Wandheizkörper</strong></li>
<li><strong>– 11KW/400V Durchlauferhitzer</strong></li>
<li><strong>– Runde Dusche D90cm</strong></li>
<li><strong>– Ösen für die Kranentladung</strong></li>
<li><strong>– Gabelstaplerführungen für einfachen und sicheren Transport</strong></li>
<li><strong>– Konstruktion mit robuster, geschweißter, selbsttragender Stahlkonstruktion.</strong></li>
</ul>
</div>
</div>
</div>",Container Goertz,,"[""Container Schreibtisch""]",TRUE,3990.00,,,,https://cdn.shopify.com/s/files/1/1032/1772/5781/files/rn-image_picker_lib_temp_d4adc9ae-92f2-434a-8313-8283969d11ce.jpg?v=1772631809,1
burocontainer-6-00-x-2-40-m-mit-toilette-dusche-und-kuche,,,,,,TRUE,,,,,https://cdn.shopify.com/s/files/1/1032/1772/5781/files/rn-image_picker_lib_temp_603b495f-89b8-4b4e-a9b1-7f1767d4fb74.jpg?v=1772631809,2
burocontainer-6-00-x-2-40-m-mit-toilette-dusche-und-kuche,,,,,,TRUE,,,,,https://cdn.shopify.com/s/files/1/1032/1772/5781/files/rn-image_picker_lib_temp_386713ce-c01a-42ad-bf5c-dcd3c924f46e.jpg?v=1772631809,3
burocontainer-6-00-x-2-40-m-mit-toilette-dusche-und-kuche,,,,,,TRUE,,,,,https://cdn.shopify.com/s/files/1/1032/1772/5781/files/rn-image_picker_lib_temp_61754d57-5bd0-4773-bfd9-1f4a44dfddc3.jpg?v=1772631809,4
burocontainer-6-00-x-2-40-m-mit-toilette-dusche-und-kuche,,,,,,TRUE,,,,,https://cdn.shopify.com/s/files/1/1032/1772/5781/files/rn-image_picker_lib_temp_38348acf-f1ef-46f0-9249-aa592b85851a.jpg?v=1772631809,5
burocontainer-6-00-x-2-40-m-mit-toilette-dusche-und-kuche,,,,,,TRUE,,,,,https://cdn.shopify.com/s/files/1/1032/1772/5781/files/rn-image_picker_lib_temp_d16eae9d-1547-4c3c-8db3-bffad0dc34fc.jpg?v=1772631809,6
burocontainer-6-00-x-2-40-m-mit-toilette-dusche-und-kuche,,,,,,TRUE,,,,,https://cdn.shopify.com/s/files/1/1032/1772/5781/files/rn-image_picker_lib_temp_62dfa397-25bd-4196-83af-ff67f8607490.jpg?v=1772631809,7
burocontainer-6-00-x-2-40-m-mit-toilette-dusche-und-kuche,,,,,,TRUE,,,,,https://cdn.shopify.com/s/files/1/1032/1772/5781/files/rn-image_picker_lib_temp_fa229dfa-9055-4b6d-bf1b-78711bbf9afd.jpg?v=1772631809,8
burocontainer-6-00-x-2-40-m-mit-toilette-dusche-und-kuche,,,,,,TRUE,,,,,https://cdn.shopify.com/s/files/1/1032/1772/5781/files/rn-image_picker_lib_temp_8753f32f-4e40-4070-962c-a01ac183965f.jpg?v=1772631809,9
4x2m-sanitarcontainer-doppel-wc-mit-dusche,4x2M SANITÄRCONTAINER DOPPEL-WC MIT DUSCHE,"<p data-sourcepos=""13:1-13:243""><strong>Unser Sanitärcontainer mit den Maßen 4 x 2 m erfüllt höchste Hygieneanforderungen auf Baustellen, bei Veranstaltungen oder in anderen Umgebungen, in denen eigenständige Sanitäranlagen benötigt werden. Er ist die ideale Lösung.</strong></p>
<p data-sourcepos=""15:1-15:40""><strong>Ein funktionaler und gut ausgestatteter Raum</strong></p>
<p data-sourcepos=""17:1-17:111""><strong>Mit einer Grundfläche von 8 m² bietet dieser modulare Container großzügigen und voll ausgestatteten Platz. Er beinhaltet:</strong></p>
<ul data-sourcepos=""19:1-24:0"">
<li data-sourcepos=""19:1-19:182""><strong>Zwei unabhängige Toiletten : Ausgestattet mit Keramiktoiletten, effizienten Toiletten und Toilettenpapierspendern garantieren sie optimalen Benutzerkomfort.</strong></li>
<li data-sourcepos=""20:1-20:198""><strong>Zwei geräumige Duschen : Ausgestattet mit Thermostatmischern, Hochdruckbrausen und langlebigen Wannen ermöglichen sie Ihnen eine Erfrischung bei absoluter Hygiene.</strong></li>
<li data-sourcepos=""21:1-21:109""><strong>Ein effektives Belüftungssystem : Sorgen Sie für eine gute Belüftung und beseitigen Sie unangenehme Gerüche.</strong></li>
<li data-sourcepos=""22:1-22:114""><strong>Leistungsstarke Beleuchtung : sorgt auch außerhalb der Saison für optimales Licht im Container.</strong></li>
<li data-sourcepos=""23:1-24:0""><strong>Wärme- und Schalldämmung : für optimalen Komfort zu jeder Jahreszeit.</strong></li>
</ul>
<p data-sourcepos=""25:1-25:39""><strong>Robuste und langlebige Konstruktion</strong></p>
<p data-sourcepos=""27:1-27:286""><strong>Unser Sanitärcontainer ist aus hochwertigen Materialien gefertigt und für härteste Bedingungen ausgelegt. Seine verzinkte Stahlkonstruktion verleiht ihm kompromisslose Stabilität, während die isolierten Sandwichpaneele eine hervorragende Haltbarkeit garantieren.</strong></p>
<p data-sourcepos=""29:1-29:37""><strong>Schnelle und einfache Installation</strong></p>
<p data-sourcepos=""31:1-31:237""><strong>Der Sanitärcontainer wird betriebsbereit geliefert. Schließen Sie ihn einfach an das Wasser- und Stromnetz an und schon ist er einsatzbereit. Sein modularer Aufbau ermöglicht eine schnelle und einfache Installation, selbst auf kleinstem Raum.</strong></p>
<p data-sourcepos=""33:1-33:48""><strong>Die Vorteile unseres Sanitärcontainers:</strong></p>
<ul data-sourcepos=""35:1-40:0"">
<li data-sourcepos=""35:1-35:86""><strong>Vollständige Autonomie : kein Anschluss an Wassernetze erforderlich.</strong></li>
<li data-sourcepos=""36:1-36:76""><strong>Einfache Pflege : Die Oberflächen sind glatt und leicht zu reinigen.</strong></li>
<li data-sourcepos=""37:1-37:99""><strong>Modularität : Möglichkeit, die Inneneinrichtung Ihren Bedürfnissen entsprechend anzupassen.</strong></li>
<li data-sourcepos=""38:1-38:96""><strong>Ästhetik : ein modernes und raffiniertes Design, das sich harmonisch in jede Umgebung einfügt.</strong></li>
<li data-sourcepos=""39:1-40:0""><strong>Respektieren Sie die Umwelt : Die verwendeten Materialien sind recycelbar und die Geräte sind so konzipiert, dass die Umweltbelastung minimiert wird.</strong></li>
</ul>
<p class=""sZg4jFb obhdl_Q---typography-11-runningText obhdl_Q---priority-7-primary _HOcyB x4nptw sxbtulv"" aria-hidden=""false"" data-hook=""info-section-title""><strong>Weitere Informationen</strong></p>
<div class=""rah-static rah-static--height-auto"" aria-hidden=""false"">
<div class=""ulKuLk QfrfFD cell"">
<div class=""zp8uy2"" data-hook=""info-section-description"">
<ul>
<li><strong>Doppelkabinentoilette 4x2 Meter mit Duschen</strong></li>
<li><strong>Sandwichprofil mit Wärmedämmung für geringen Energieverlust</strong></li>
<li><strong>Außentür aus verzinktem Hörmann Stahlblech</strong></li>
<li><strong>Komplette Elektroinstallation nach EG-Richtlinien</strong></li>
<li><strong>230 V Steckdosen</strong></li>
<li><strong>Deckenleuchten</strong></li>
<li><strong>Durchlauferhitzer 2x 11KW/380V</strong></li>
<li><strong>PVC-Boden: Strapazierfähig und schnell zu reinigen</strong></li>
<li><strong>Elektrischer Wandheizkörper</strong></li>
<li><strong>Urin</strong></li>
</ul>
</div>
</div>
</div>",Container Goertz,,"[""SANITÄRBEHÄLTER""]",TRUE,2200.00,,,,https://cdn.shopify.com/s/files/1/1032/1772/5781/files/rn-image_picker_lib_temp_8a147c19-757a-4e44-befa-3d760d1861a5.png?v=1772631809,1
4x2m-sanitarcontainer-doppel-wc-mit-dusche,,,,,,TRUE,,,,,https://cdn.shopify.com/s/files/1/1032/1772/5781/files/rn-image_picker_lib_temp_2c23de09-8d80-4cf4-9596-fa157b1e3704.png?v=1772631809,2
4x2m-sanitarcontainer-doppel-wc-mit-dusche,,,,,,TRUE,,,,,https://cdn.shopify.com/s/files/1/1032/1772/5781/files/rn-image_picker_lib_temp_ec739287-3ce9-4d0b-a135-8970a5044705.png?v=1772631809,3
4x2m-sanitarcontainer-doppel-wc-mit-dusche,,,,,,TRUE,,,,,https://cdn.shopify.com/s/files/1/1032/1772/5781/files/rn-image_picker_lib_temp_893294c0-0f01-4875-a774-8cad857539f1.png?v=1772631808,4
4x2m-sanitarcontainer-doppel-wc-mit-dusche,,,,,,TRUE,,,,,https://cdn.shopify.com/s/files/1/1032/1772/5781/files/rn-image_picker_lib_temp_4acd066c-7afc-4af6-848e-c9eca7dd7767.png?v=1772631809,5
4x2m-sanitarcontainer-doppel-wc-mit-dusche,,,,,,TRUE,,,,,https://cdn.shopify.com/s/files/1/1032/1772/5781/files/rn-image_picker_lib_temp_96e9739a-d9f5-4ba0-b4b0-ff46541c862d.png?v=1772631808,6
4x2m-sanitarcontainer-doppel-wc-mit-dusche,,,,,,TRUE,,,,,https://cdn.shopify.com/s/files/1/1032/1772/5781/files/rn-image_picker_lib_temp_aa0cad2f-8d94-411d-b79b-31c7848723db.png?v=1772631809,7
doppelter-sanitarcontainer-mit-abfalltank,DOPPELTER SANITÄRCONTAINER MIT ABFALLTANK,"<p><strong>Premiummodell im Holzdesign</strong></p>
<p><strong> Einfach Strom, Wasser und Abwasser anschließen, sofort einsatzbereit.</strong></p>
<p><strong> Doppelkabine WC 3x2 Meter mit Abwassertank</strong></p>
<p><strong> mit Herren- und Damentoiletten</strong></p>
<p><strong> - 2 Fenster</strong></p>
<p><strong> - 75 mm wärmegedämmtes Sandwichprofil für geringen Energieverlust</strong></p>
<p><strong> - Außentür aus verzinktem Stahlblech Hörmann</strong></p>
<p><strong> - Urinale</strong></p>
<p><strong> - Komplette Elektroinstallation nach EG-Richtlinien</strong></p>
<p><strong> - 230V Steckdosen</strong></p>
<p><strong> - Deckenlampen</strong></p>
<p><strong> - PVC-Boden: robust und schnell zu reinigen</strong></p>
<p><strong> - 2 elektrische Wandheizkörper</strong></p>
<p><strong> - Rückhaltetank</strong></p>
<p><strong> - Treppe</strong></p>
<p><strong> -Abmessungen 3,00 Meter breit, 2 Meter tief, 3 Meter hoch, Gewicht 1500KG</strong></p>
<p><strong> - Treppenmaße: 2,60 Meter breit x 0,64 Meter hoch x 0,75 Meter tief</strong></p>",Container Goertz,,"[""SANITÄRBEHÄLTER""]",TRUE,2795.90,,,,https://cdn.shopify.com/s/files/1/1032/1772/5781/files/rn-image_picker_lib_temp_4d80fd48-86e3-4b2f-bc04-aa267f91e5e0.jpg?v=1772631808,1
doppelter-sanitarcontainer-mit-abfalltank,,,,,,TRUE,,,,,https://cdn.shopify.com/s/files/1/1032/1772/5781/files/rn-image_picker_lib_temp_25108e3b-6368-4aef-b348-7e9be39183c1.jpg?v=1772631808,2
doppelter-sanitarcontainer-mit-abfalltank,,,,,,TRUE,,,,,https://cdn.shopify.com/s/files/1/1032/1772/5781/files/rn-image_picker_lib_temp_e1bbc1c0-de67-4fd9-898f-317e51afd08b.jpg?v=1772631808,3
doppelter-sanitarcontainer-mit-abfalltank,,,,,,TRUE,,,,,https://cdn.shopify.com/s/files/1/1032/1772/5781/files/rn-image_picker_lib_temp_4c526fa1-96c6-4ce5-bcd0-d18c5bd2f180.jpg?v=1772631808,4
doppelter-sanitarcontainer-mit-abfalltank,,,,,,TRUE,,,,,https://cdn.shopify.com/s/files/1/1032/1772/5781/files/rn-image_picker_lib_temp_87374433-dce6-4b19-be29-1c7db545cc18.jpg?v=1772631808,5
doppelter-sanitarcontainer-mit-abfalltank,,,,,,TRUE,,,,,https://cdn.shopify.com/s/files/1/1032/1772/5781/files/rn-image_picker_lib_temp_aec713c4-f5b8-4e60-80b9-4bf27a7b096d.jpg?v=1772631808,6
doppelter-sanitarcontainer-mit-abfalltank,,,,,,TRUE,,,,,https://cdn.shopify.com/s/files/1/1032/1772/5781/files/rn-image_picker_lib_temp_3473d8c9-7585-427c-8aec-619bb16897f4.jpg?v=1772631808,7
doppelter-sanitarcontainer-mit-abfalltank,,,,,,TRUE,,,,,https://cdn.shopify.com/s/files/1/1032/1772/5781/files/rn-image_picker_lib_temp_cae0348c-898f-47a7-9473-997a2b94f6ec.jpg?v=1772631807,8
doppelter-sanitarcontainer-mit-abfalltank,,,,,,TRUE,,,,,https://cdn.shopify.com/s/files/1/1032/1772/5781/files/rn-image_picker_lib_temp_b5da3c15-60ec-4a00-bff3-4a2663f99596.jpg?v=1772631808,9
doppelter-sanitarcontainer-mit-abfalltank,,,,,,TRUE,,,,,https://cdn.shopify.com/s/files/1/1032/1772/5781/files/rn-image_picker_lib_temp_0742e730-fede-445f-9055-e6d9fd7c28f2.jpg?v=1772631807,10
doppelter-sanitarcontainer-mit-abfalltank,,,,,,TRUE,,,,,https://cdn.shopify.com/s/files/1/1032/1772/5781/files/rn-image_picker_lib_temp_52760f71-e0d8-46ce-baba-04b20bf4d594.jpg?v=1772631808,11
doppelter-sanitarcontainer-mit-abfalltank,,,,,,TRUE,,,,,https://cdn.shopify.com/s/files/1/1032/1772/5781/files/rn-image_picker_lib_temp_88aa964b-2021-489e-bc02-85fad5798d3a.jpg?v=1772631807,12
doppelter-sanitarcontainer-mit-abfalltank,,,,,,TRUE,,,,,https://cdn.shopify.com/s/files/1/1032/1772/5781/files/rn-image_picker_lib_temp_d722f5fa-0f9a-419e-b706-29efc80ef7cc.jpg?v=1772631807,13
doppelter-sanitarcontainer-mit-abfalltank,,,,,,TRUE,,,,,https://cdn.shopify.com/s/files/1/1032/1772/5781/files/rn-image_picker_lib_temp_a36c6c43-e60d-4c6d-acde-c29f565872a9.jpg?v=1772631808,14
doppelter-sanitarcontainer-mit-weissem-abfalltank,DOPPELTER SANITÄRCONTAINER MIT WEISSEM ABFALLTANK,"<p><strong>Neuer Toilettencontainer mit Fäkalientank, Toilettenbox, Sanitärcontainer für Camping</strong></p>
<p><strong> Einfach Strom, Wasser und Abwasser anschließen, sofort einsatzbereit.</strong></p>
<p><strong> Doppelkabine WC 3x2 Meter mit Abwassertank</strong></p>
<p><strong> mit Herren- und Damentoiletten</strong></p>
<p><strong> - 2 Fenster</strong></p>
<p><strong> - 75 mm wärmegedämmtes Sandwichprofil für geringen Energieverlust</strong></p>
<p><strong> - Außentür aus verzinktem Stahlblech Hörmann</strong></p>
<p><strong> - Urinale</strong></p>
<p><strong> - Komplette Elektroinstallation nach EG-Richtlinien</strong></p>
<p><strong> - 230V Steckdosen</strong></p>
<p><strong> - 2 Deckenlampen</strong></p>
<p><strong> - PVC-Boden: robust und schnell zu reinigen</strong></p>
<p><strong> - 2 elektrische Wandheizkörper</strong></p>
<p><strong> - Rückhaltetank</strong></p>
<p><strong> - Treppe</strong></p>
<p><strong> -Abmessungen 3,00 Meter breit, 2 Meter tief, 3 Meter hoch, Gewicht 1500KG</strong></p>
<p><strong> - Treppenmaße: 2,60 Meter breit x 0,64 Meter hoch x 0,75 Meter tief</strong></p>",Container Goertz,,"[""SANITÄRBEHÄLTER""]",TRUE,2700.00,,,,https://cdn.shopify.com/s/files/1/1032/1772/5781/files/rn-image_picker_lib_temp_f527bcc1-9ede-425c-baf2-7c29a2cb1d3e.jpg?v=1772631806,1
doppelter-sanitarcontainer-mit-weissem-abfalltank,,,,,,TRUE,,,,,https://cdn.shopify.com/s/files/1/1032/1772/5781/files/rn-image_picker_lib_temp_34968aa9-09e0-41ad-bfbc-5a6407be215f.jpg?v=1772631807,2
doppelter-sanitarcontainer-mit-weissem-abfalltank,,,,,,TRUE,,,,,https://cdn.shopify.com/s/files/1/1032/1772/5781/files/rn-image_picker_lib_temp_8d9f3b3e-8a2d-4196-b8cc-cab711843b07.jpg?v=1772631806,3
doppelter-sanitarcontainer-mit-weissem-abfalltank,,,,,,TRUE,,,,,https://cdn.shopify.com/s/files/1/1032/1772/5781/files/rn-image_picker_lib_temp_c18bec94-0287-4613-946d-6570231105c3.jpg?v=1772631807,4
doppelter-sanitarcontainer-mit-weissem-abfalltank,,,,,,TRUE,,,,,https://cdn.shopify.com/s/files/1/1032/1772/5781/files/rn-image_picker_lib_temp_04304528-fca7-4042-9b94-a67b8dc349ec.jpg?v=1772631806,5
doppelter-sanitarcontainer-mit-weissem-abfalltank,,,,,,TRUE,,,,,https://cdn.shopify.com/s/files/1/1032/1772/5781/files/rn-image_picker_lib_temp_03a0985d-5bb8-4f97-80a5-57963b34378a.jpg?v=1772631807,6
doppelter-sanitarcontainer-mit-weissem-abfalltank,,,,,,TRUE,,,,,https://cdn.shopify.com/s/files/1/1032/1772/5781/files/rn-image_picker_lib_temp_97cf2b5c-146d-455a-af0c-b7375fe9a458.jpg?v=1772631806,7
doppelter-sanitarcontainer-mit-weissem-abfalltank,,,,,,TRUE,,,,,https://cdn.shopify.com/s/files/1/1032/1772/5781/files/rn-image_picker_lib_temp_37499636-0667-4da8-860a-ba24bc4cee51.jpg?v=1772631806,8
doppelter-sanitarcontainer-mit-weissem-abfalltank,,,,,,TRUE,,,,,https://cdn.shopify.com/s/files/1/1032/1772/5781/files/rn-image_picker_lib_temp_c94701c7-8511-46aa-9e14-e5ac61dd235c.jpg?v=1772631806,9
doppelter-sanitarcontainer-mit-weissem-abfalltank,,,,,,TRUE,,,,,https://cdn.shopify.com/s/files/1/1032/1772/5781/files/rn-image_picker_lib_temp_4e33092f-3f36-409e-a340-8fbbfe1790f7.jpg?v=1772631806,10
doppelter-sanitarcontainer-mit-weissem-abfalltank,,,,,,TRUE,,,,,https://cdn.shopify.com/s/files/1/1032/1772/5781/files/rn-image_picker_lib_temp_064ac94f-ab4f-4e72-a7ae-5fc373898bee.jpg?v=1772631806,11
sanitareinheit-reinigungseinheit-1-platz,SANITÄREINHEIT REINIGUNGSEINHEIT 1 PLATZ,"<p data-sourcepos=""13:1-13:41""><strong>Unser maßgeschneiderter Sanitärblock erfüllt höchste Hygieneanforderungen und vereint Technik und Komfort. Ob auf der Baustelle, beim Festival oder bei der Ausstattung eines Veranstaltungsortes – diese geschlossene Lösung garantiert einwandfreie Hygiene bis ins kleinste Detail.</strong></p>
<p data-sourcepos=""15:1-15:44""><strong>Optimaler Komfort auf kleinem Raum</strong></p>
<p data-sourcepos=""17:1-17:161""><strong>Trotz ihrer kompakten Abmessungen bietet unsere maßgeschneiderte Sanitäreinheit höchsten Komfort. Im Inneren finden Sie:</strong></p>
<ul data-sourcepos=""19:1-19:89"">
<li data-sourcepos=""19:1-19:89""><strong>Hochwertige Sanitärausstattung: Toilette, Waschbecken, Spiegel, Beleuchtung … Alles wurde so konzipiert, dass es Ihnen ein angenehmes und praktisches Erlebnis bietet.</strong></li>
<li data-sourcepos=""20:1-20:148""><strong>Effektive Wärmedämmung: Dank der effektiven Isolierung bleibt der Geräteinnenraum das ganze Jahr über angenehm temperiert.</strong></li>
<li data-sourcepos=""21:1-21:129""><strong>Optimale Belüftung: Eine Lüftungsanlage sorgt für eine ständige Belüftung und somit für saubere und gesunde Luft.</strong></li>
<li data-sourcepos=""22:1-23:0""><strong>Ein modernes und anspruchsvolles Design: Die Ästhetik des Geräts wurde besonders sorgfältig durchdacht, um sich harmonisch in jede Umgebung einzufügen.</strong></li>
</ul>
<p data-sourcepos=""24:1-24:29""><strong>Tadellose Autonomie</strong></p>
<p data-sourcepos=""26:1-26:157""><strong>Dank ihres geschlossenen Systems benötigt unsere individuelle Sanitäreinheit keinen Anschluss an das Wasser- oder Abwassernetz. Sie ist ausgestattet mit:</strong></p>
<ul data-sourcepos=""28:1-31:0"">
<li data-sourcepos=""28:1-28:90""><strong>Ein sauberer Wassertank: Sorgen Sie für die Versorgung mit sicherem Trinkwasser zum Händewaschen.</strong></li>
<li data-sourcepos=""29:1-29:129""><strong>Ein Abwasserrückgewinnungstank: Ausgestattet mit einem Abwasserbehandlungssystem, das den aktuellen Standards entspricht.</strong></li>
<li data-sourcepos=""30:1-31:0""><strong>Ein Filtersystem: Garantiert stets optimale Wasserqualität.</strong></li>
</ul>
<p data-sourcepos=""32:1-32:37""><strong>Schnelle und einfache Installation</strong></p>
<p data-sourcepos=""34:1-34:98""><strong>Der Toilettenblock mit Einzelwaschbecken wird betriebsbereit geliefert. Die Installation ist schnell und einfach und erfordert keine besonderen Arbeiten. Er kann auf jedem Untergrund, auch auf schwer zugänglichen, installiert werden.</strong></p>
<p data-sourcepos=""36:1-36:57""><strong>Die Vorteile unseres individuellen Sanitärgebäudes:</strong></p>
<ul data-sourcepos=""38:1-44:0"">
<li data-sourcepos=""38:1-38:102""><strong>Einwandfreie Hygiene: Leicht zu reinigende Materialien und ein wirksames Desinfektionssystem.</strong></li>
<li data-sourcepos=""39:1-39:58""><strong>Optimaler Komfort: Ein funktionaler und angenehmer Raum.</strong></li>
<li data-sourcepos=""40:1-40:55""><strong>Vollständige Autonomie: Keine Verbindung zu Netzwerken.</strong></li>
<li data-sourcepos=""41:1-41:50""><strong>Mobilität: Einfach zu bewegen und zu installieren.</strong></li>
<li data-sourcepos=""42:1-42:68""><strong>Haltbarkeit: Robustes, wetterbeständiges Design.</strong></li>
<li data-sourcepos=""43:1-44:0""><strong>Respektieren Sie die Umwelt: Effektives Abwasserbehandlungssystem.</strong></li>
</ul>
<p class=""sZg4jFb obhdl_Q---typography-11-runningText obhdl_Q---priority-7-primary _HOcyB x4nptw sxbtulv"" aria-hidden=""false"" data-hook=""info-section-title""><strong>Weitere Informationen</strong></p>
<div class=""rah-static rah-static--height-auto"" aria-hidden=""false"">
<div>
<div class=""ulKuLk QfrfFD cell"">
<div class=""zp8uy2"" data-hook=""info-section-description"">
<p><strong>1 Toilette; 1 Waschbecken; Entlüftung; Lüftungsgerät; Licht; Toilettenpapierhalter; abschließbar; 220V; Absaugung; Gabelstapler-Einfahrplätze; Kranhaken</strong></p>
</div>
</div>
</div>
</div>",Container Goertz,,"[""SANITÄRBEHÄLTER""]",TRUE,1300.00,,,,https://cdn.shopify.com/s/files/1/1032/1772/5781/files/rn-image_picker_lib_temp_2bfe7337-3621-4015-aa30-97a5cba5e3e9.jpg?v=1772631805,1
sanitareinheit-reinigungseinheit-1-platz,,,,,,TRUE,,,,,https://cdn.shopify.com/s/files/1/1032/1772/5781/files/rn-image_picker_lib_temp_dfb78e74-6ed6-4569-811a-02626d890b6d.jpg?v=1772631805,2
sanitareinheit-reinigungseinheit-1-platz,,,,,,TRUE,,,,,https://cdn.shopify.com/s/files/1/1032/1772/5781/files/rn-image_picker_lib_temp_faa8ad87-f155-4b35-834c-612a3c165c0f.jpg?v=1772631805,3
sanitareinheit-reinigungseinheit-1-platz,,,,,,TRUE,,,,,https://cdn.shopify.com/s/files/1/1032/1772/5781/files/rn-image_picker_lib_temp_894d9f60-f605-44c0-8d8f-5d056ecd9d2c.jpg?v=1772631805,4
sanitareinheit-reinigungseinheit-1-platz,,,,,,TRUE,,,,,https://cdn.shopify.com/s/files/1/1032/1772/5781/files/rn-image_picker_lib_temp_294d8a02-bed5-491e-ab97-a1453869a98f.jpg?v=1772631805,5
sanitarblock-s1-mit-wc-und-waschbecken,SANITÄRBLOCK S1 MIT WC UND WASCHBECKEN,"<p data-sourcepos=""11:1-11:160""><strong>Der Sanitärblock S1 ist ein in sich geschlossenes Modul für optimalen Komfort am Arbeitsplatz oder bei Veranstaltungen. Dank seines kompakten Designs eignet er sich hervorragend für Baustellen, Festivals, Sportveranstaltungen und viele weitere Anlässe.</strong></p>
<p data-sourcepos=""13:1-13:318""><strong>Robustes und langlebiges Design: Der Sanitärblock S1 ist aus hochwertigen Materialien gefertigt und hält selbst härtesten Außenbedingungen stand. Seine verzinkte und lackierte Stahlkonstruktion verleiht ihm kompromisslose Stabilität, während die Innenbeschichtung die Wartung vereinfacht.</strong></p>
<p data-sourcepos=""15:1-15:131""><strong>Komplette und funktionale Ausstattung: Der Sanitärblock S1 ist mit einer Keramiktoilette und einem Keramikwaschbecken für einwandfreie Hygiene ausgestattet. Der Spülkasten besteht aus PVC und gewährleistet so eine lange Lebensdauer. Ein Toilettenpapierhalter sorgt für optimalen Komfort.</strong></p>
<p data-sourcepos=""17:1-17:269""><strong>Schnelle und einfache Installation: Der Sanitärblock S1 wird betriebsbereit geliefert. Schließen Sie ihn einfach an das Wasser- und Abwassernetz an und schon ist er einsatzbereit. Die an der Wand markierten Zu- und Abläufe erleichtern den Anschluss.</strong></p>
<p data-sourcepos=""19:1-19:320""><strong>Mobilität und Flexibilität: Dank seiner vier Befestigungspunkte lässt sich der Sanitärblock S1 problemlos mit einem Kran bewegen. Diese Funktionalität macht ihn zu einer Lösung, die sich besonders für Bau- und Veranstaltungsprofis eignet, die ihre Ausrüstung regelmäßig bewegen müssen.</strong></p>
<p data-sourcepos=""21:1-21:260""><strong>Anpassung: Obwohl der Sanitärblock S1 in einer Standardkonfiguration angeboten wird, ist es möglich, diese Ausstattung an Ihre spezifischen Bedürfnisse anzupassen. Bitte zögern Sie nicht, uns zu kontaktieren, um Ihre Projekte zu besprechen und ein individuelles Angebot zu erhalten.</strong></p>
<p data-sourcepos=""23:1-23:40""><strong>Die Vorteile des Sanitärblocks S1:</strong></p>
<ul data-sourcepos=""25:1-26:29"">
<li data-sourcepos=""25:1-25:61""><strong>Kompakt und leicht: Einfach zu transportieren und zu installieren.</strong></li>
<li data-sourcepos=""26:1-26:29""><strong>Robust und langlebig: Wetter- und stoßfest.</strong></li>
<li data-sourcepos=""27:1-27:66""><strong>Hygienisch: Hergestellt aus leicht zu reinigenden Materialien.</strong></li>
<li data-sourcepos=""28:1-28:65""><strong>Standalone: Funktioniert unabhängig von bestehenden Netzwerken.</strong></li>
<li data-sourcepos=""29:1-30:0""><strong>Anpassbar: An Ihre spezifischen Bedürfnisse anpassbar.</strong></li>
</ul>
<p class=""sZg4jFb obhdl_Q---typography-11-runningText obhdl_Q---priority-7-primary _HOcyB x4nptw sxbtulv"" aria-hidden=""false"" data-hook=""info-section-title""><strong>Weitere Informationen</strong></p>
<p><strong>Außenhöhe: 256 cm</strong><br><strong>Innenhöhe: 220 cm</strong><br><strong>Breite: 118 cm</strong></p>
<p><strong>Tiefe: 118 cm</strong></p>
<p><strong>RAHMEN</strong></p>
<p><strong>Material: Verzinkter und lackierter Stahl.</strong><br><strong>Farbe: Lichtgrau RAL 9002.</strong><br><strong>Stärke: 1,5 mm.</strong><br><strong>Sockel: Höhe 80 mm</strong><br><strong>. Dach: Höhe 154 mm.</strong><br><strong>Handhabung: 4 Dachaufnahmen für Hebehaken. Dank der 4-Fuß-Sockelverlängerung ist die Nutzung mit Gabelstaplern möglich. Achten Sie auf die Kanten und die Balance des Moduls (durch Anpassen des Gabelabstands).</strong></p>
<p><strong>ZIMMEREI</strong></p>
<p><strong>Material: Weiß lackiertes Aluminium RAL 9010</strong><br><strong>Tür(en): 1 Volltür 78 x 220 cm (64 cm Abstand)</strong><br><strong>Fenster: 1 Velux 58 x 58 cm, Einfachverglasung in der Tür</strong></p>
<p><strong>WÄNDE, TRENNWÄNDE UND DECKEN</strong></p>
<p><strong>Material: Sandwichpaneele</strong><br><strong>Isolierung: Polyurethan-Hartschaum</strong><br><strong>Wandstärke: 40 mm</strong><br><strong>Dachstärke: 30 mm</strong><br><strong>Dacheindeckung: Griechische Wellen aus verzinktem Stahlblech</strong><br><strong>Wandfarbe: Lichtgrau RAL 9002</strong></p>
<p><strong>SONNE</strong></p>
<p><strong>Struktur: wasserabweisende Spanplatte</strong><br><strong>Dicke: 18 mm</strong><br><strong>Beschichtung: PVC</strong></p>
<p><strong>SANITÄRINSTALLATION</strong></p>
<p><strong>1 Waschbecken aus PVC, Größe 36 cm, mit Kaltwasserhahn und Spiegel.</strong><br><strong>1 Keramik-WC im englischen Stil, ausgestattet mit einem Spülkasten aus PVC und einem Papierhalter.</strong><br><strong>Wasserzulauf an der Wand (A) und Ablauf unter dem Boden, angeschlossen an einen einzigen Abfluss (E).</strong></p>
<p><strong>STROM</strong></p>
<p><strong>Beleuchtung: 1 Schalter + 1 7,5W LED-Deckenleuchte</strong><br><strong>Schaltschrank: 1 Schaltschrank inkl. Zwischendifferential und Leistungsschalter</strong><br><strong>Anschluss: 1 externer Anschlusskasten</strong></p>
<p><strong>Mögliche Optionen</strong></p>
<p><strong>Warmwasser im Spülbecken</strong><br><strong>Elektrischer Gebläsekonvektor</strong><br><strong>16 mm starker Holzzementplattenboden mit PVC-Belag</strong><br><strong>Doppelverglasung</strong><br><strong>Strapazierfähiger PVC-Bodenbelag anstelle von herkömmlichem Parkett oder PVC-Fliesen</strong><br><strong>Glatte Platten, Lebensmittelplatten, Feuerplatten oder Steinwolleplatten</strong><br><strong>Auslässe</strong><br><strong>Luftabsaugung 90 m3/h mit Schalter</strong><br><strong>Verstärkter Sockel (Höhe 160 mm) mit Gabelstaplerdurchfahrt (Radstand 90 cm) für die Handhabung mit einem rohrsicheren Gabelstapler</strong><br><strong>Sockel auf Kufen (2 IPE-Stützen 16 cm)</strong></p>",Container Goertz,,"[""SANITÄRBEHÄLTER""]",TRUE,1250.00,,,,https://cdn.shopify.com/s/files/1/1032/1772/5781/files/rn-image_picker_lib_temp_25a6741d-1288-47e1-9cfa-1ba7af83323d.jpg?v=1772631804,1
sanitarblock-s1-mit-wc-und-waschbecken,,,,,,TRUE,,,,,https://cdn.shopify.com/s/files/1/1032/1772/5781/files/rn-image_picker_lib_temp_5b8d3b34-887d-451f-8ea5-a66e41ca1e04.jpg?v=1772631804,2
sanitarblock-s1-mit-wc-und-waschbecken,,,,,,TRUE,,,,,https://cdn.shopify.com/s/files/1/1032/1772/5781/files/rn-image_picker_lib_temp_f23c9fe1-63a7-42e9-8629-a1b6fc335483.jpg?v=1772631804,3
sanitarcontainer-mini-toilette,SANITÄRCONTAINER - MINI-TOILETTE,"<p><strong>Außenmaße:   1610 mm x 1670 mm x 2540 mm (Länge x Breite x Höhe)</strong></p>
<p><strong>Freiraum im Innenraum: Raumhöhe 2300 mm</strong></p>
<p><strong>Gewicht: ca. 450 Kilo</strong></p>
<p><strong>Konstruktionsbeschreibung:</strong><br><strong>vollverzinkte Stahlkonstruktion (nicht stapelbar!)</strong><br><strong>Wand und Dach: beidseitig verzinkte PU-Sandwichelemente (40 mm PU-Schaum)</strong><br><strong>Innenverkleidung weiß - leicht gewellt, Außenverkleidung und Rahmenkonstruktion komplett verzinkt, lackiert in RAL 9002 (Grauweiß)</strong><br><strong>Innenliegende Dachentwässerung,</strong><br><strong>4 Kranseilaufhängungen</strong><br><br></p>
<p><strong>Standardausrüstung:</strong><br><strong>1,5mm starker Hart-PVC-Bodenbelag (grau gesprenkelt)</strong><br><strong>1 verzinkte Außentür aus ZK-Stahlblech, 750 x 2000 mm</strong><br><strong>1 Kunststoff-Sanitärschiebefenster, 600 x 380 mm, mit Einfach-Ornamentverglasung</strong><br><strong>Elektroinstallation (Licht, Lichtschalter, Steckdose)</strong><br><strong>1 Stand-WC mit geringer Spülmenge, WC-Sitz und Spülkasten aus PVC mit geringer Spülmenge (weiß)</strong><br><strong>1 Toilettenpapierhalter aus Chrom</strong><br><strong>1 Keramikurinal (weiß) mit Spülhahn</strong><br><strong>1 Keramikspüle (weiß) mit Einhebel-Kaltwasserhahn</strong><br><strong>1 Glasspiegel mit PVC-Spiegelablage (weiß)</strong><br><strong>1 Frostschutz, 500 W, mit Stecker</strong></p>",Container Goertz,,"[""SANITÄRBEHÄLTER""]",TRUE,1800.00,,,,https://cdn.shopify.com/s/files/1/1032/1772/5781/files/rn-image_picker_lib_temp_b2c46cb9-fd74-49d2-ad6e-7c55993d1ddd.jpg?v=1772631803,1
sanitarcontainer-mini-toilette,,,,,,TRUE,,,,,https://cdn.shopify.com/s/files/1/1032/1772/5781/files/rn-image_picker_lib_temp_99a6d791-6626-4a78-81b5-9bfa6ce40961.jpg?v=1772631804,2
sanitarcontainer-mini-toilette,,,,,,TRUE,,,,,https://cdn.shopify.com/s/files/1/1032/1772/5781/files/rn-image_picker_lib_temp_4cdb7ddc-ffe1-45a7-b357-e7766c039f5e.jpg?v=1772631803,3
sanitarcontainer-mini-toilette,,,,,,TRUE,,,,,https://cdn.shopify.com/s/files/1/1032/1772/5781/files/rn-image_picker_lib_temp_c5f99d82-d3b5-4984-83f9-ba261c212066.jpg?v=1772631803,4
sanitarcontainer-mini-toilette,,,,,,TRUE,,,,,https://cdn.shopify.com/s/files/1/1032/1772/5781/files/rn-image_picker_lib_temp_19f17cb1-1391-4404-98e7-f0f2c642d56f.jpg?v=1772631803,5
sanitarcontainer-mini-toilette,,,,,,TRUE,,,,,https://cdn.shopify.com/s/files/1/1032/1772/5781/files/rn-image_picker_lib_temp_e8c7809a-9be3-4c48-b4fa-a067a26663a2.jpg?v=1772631803,6
sanitarcontainer-mit-dusche-wc-und-urinal,"Sanitärcontainer mit Dusche, WC und Urinal","<p><strong>Unser Unisex-WC-Sanitärcontainer mit Dusche und Urinal ist die ideale mobile Sanitäreinheit für Baustellen, Veranstaltungen oder temporäre Installationen. Mit seiner modernen Farbgebung in RAL 7016 (Anthrazitgrau) fügt sich der Container nahtlos in jede Umgebung ein und bietet gleichzeitig eine funktionale und komfortable Lösung.</strong></p>
<p><strong>Die Doppelkabine des Containers ist voll ausgestattet und bietet alles, was für eine hygienische und komfortable Nutzung notwendig ist. Zur Innenausstattung gehören:</strong></p>
<p><strong>Durchlauferhitzer für die Dusche: Sorgt sofort für heißes Wasser.</strong><br><strong>Urinal: Praktisch und platzsparend integriert.</strong><br><strong>Duschen: Für eine erfrischende Reinigung.</strong><br><strong>Badezimmer: Standardbadezimmer für den täglichen Gebrauch.</strong><br><strong>2x Waschbecken: eines pro Kabine, inkl. Spiegel.</strong><br><strong>2 Lichtschalter und Deckenleuchten: für optimale Beleuchtung in jeder Kabine.</strong><br><strong>1x Steckdose: für weitere Elektrogeräte.</strong><br><strong>1x Duschvorhang: Für Privatsphäre während der Benutzung. (Muster kann variieren)</strong></p>
<p><strong>Voll ausgestattet: Inklusive Dusche, Urinal, Toilette, Waschbecken, Spiegel und mehr.</strong><br><strong>Modernes Design: Zeitloses RAL 7016 (Anthrazitgrau) für eine ansprechende Optik.</strong><br><strong>Einfaches Handling: Staplerschienen ermöglichen ein schnelles Verschieben des Containers.</strong><br><strong>Kompakte Abmessungen: platzsparend und dennoch geräumig genug für eine komfortable Nutzung.</strong><br><strong>Leicht zu reinigen: Der Innenraum ist pflegeleicht und schnell zu reinigen.</strong></p>
<p><strong>Technische Daten:</strong></p>
<p><strong>Kran- und Staplertauglich: Dank der integrierten Staplerschienen lässt sich der Container schnell und einfach bewegen.</strong><br><strong>Farbe: RAL 7016 (Anthrazitgrau): modern und zeitlos.</strong><br><strong>Außenmaße: 125 x 240 x 235 cm (Länge x Breite x Höhe)</strong><br><strong>Innenmaße Duschkabine: ca. 100 x 90 x 210 cm (Länge x Breite x Höhe)</strong><br><strong>Innenmaße der Nasszelle: ca. 100 x 120 x 210 cm (Länge x Breite x Höhe)</strong><br><strong>Gewicht: ca. 310 kg</strong><br><strong>Wasseranschluss: 1/2"" Außengewinde</strong><br><strong>Abwasserrohr: 110 mm (Außendurchmesser)</strong></p>
<p><strong>Wandpaneele: 5 cm Sandwichplatte, EPS (Polystyrol) Füllung</strong><br><strong>Dach: 40 mm PUR-Sandwichplatte</strong><br><strong>Boden: 14mm Faserzement mit PVC-Belag (keine billigen Holz-/Spanplatten, die früher oder später verrotten)</strong></p>
<p><strong>Die Containertüren bestehen aus stabilem Stahl und verfügen über einen abschließbaren Griff sowie zwei Schlüssel pro Kabine. Die Durchgangsmaße betragen 65 x 190 cm (Breite x Höhe). Der Container ist zudem mit einem ca. 60 x 40 cm großen PVC-Fenster ausgestattet.</strong></p>",Container Goertz,,"[""SANITÄRBEHÄLTER""]",TRUE,2650.00,,,,https://cdn.shopify.com/s/files/1/1032/1772/5781/files/rn-image_picker_lib_temp_b1dd6a65-fdce-48fa-a8df-3d2fd8055a4d.jpg?v=1772631803,1
sanitarcontainer-mit-dusche-wc-und-urinal,,,,,,TRUE,,,,,https://cdn.shopify.com/s/files/1/1032/1772/5781/files/rn-image_picker_lib_temp_b0fb7494-eb49-46f8-833f-e34f111bf1ce.jpg?v=1772631803,2
sanitarcontainer-mit-dusche-wc-und-urinal,,,,,,TRUE,,,,,https://cdn.shopify.com/s/files/1/1032/1772/5781/files/rn-image_picker_lib_temp_1cafd627-e4c6-4f14-b279-03d6a914cdf0.jpg?v=1772631803,3
sanitarcontainer-mit-dusche-wc-und-urinal,,,,,,TRUE,,,,,https://cdn.shopify.com/s/files/1/1032/1772/5781/files/rn-image_picker_lib_temp_e0eca2d5-4b28-4709-bbd0-e0edf958a051.jpg?v=1772631803,4
sanitarcontainer-mit-dusche-wc-und-urinal,,,,,,TRUE,,,,,https://cdn.shopify.com/s/files/1/1032/1772/5781/files/rn-image_picker_lib_temp_2c01d0c9-a598-4f49-b723-4fea42fdcfe4.jpg?v=1772631802,5
sanitarcontainer-mit-dusche-wc-und-urinal,,,,,,TRUE,,,,,https://cdn.shopify.com/s/files/1/1032/1772/5781/files/rn-image_picker_lib_temp_40da4a09-d9c4-477b-a49d-be716ae84e95.jpg?v=1772631802,6
sanitarcontainer-2-00-x-2-00-m-mit-toilette-und-urinar,"SANITÄRCONTAINER 2,00 x 2,00 M MIT TOILETTE UND URINAR","<p><strong>- Badezimmer</strong></p>
<p><strong>- Urinale</strong></p>
<p><strong>- Waschbecken mit Unterschrank</strong></p>
<p><strong>- LED-Deckenbeleuchtung</strong></p>
<p><strong>- 230V Elektroinstallation mit Steckdosen.</strong></p>
<p><strong>- 2000W elektrischer Wandheizkörper</strong></p>
<p><strong>- PVC-Böden</strong></p>
<p><strong>- Höhe 2,50m</strong></p>
<p><strong>- Dachfenster</strong></p>
<p><strong>- Warmwasserbereiter</strong></p>",Container Goertz,,"[""SANITÄRBEHÄLTER""]",TRUE,2050.90,,,,https://cdn.shopify.com/s/files/1/1032/1772/5781/files/rn-image_picker_lib_temp_cf4e51a5-6440-4031-9c2e-2daf5894e246.jpg?v=1772631802,1
sanitarcontainer-2-00-x-2-00-m-mit-toilette-und-urinar,,,,,,TRUE,,,,,https://cdn.shopify.com/s/files/1/1032/1772/5781/files/rn-image_picker_lib_temp_81d74ebf-ca61-4cf3-9012-4f7bcea960cb.jpg?v=1772631802,2
sanitarcontainer-2-00-x-2-00-m-mit-toilette-und-urinar,,,,,,TRUE,,,,,https://cdn.shopify.com/s/files/1/1032/1772/5781/files/rn-image_picker_lib_temp_a69bc790-ce08-49a9-829c-b4a1d8e6d8a2.jpg?v=1772631801,3
sanitarcontainer-2-00-x-2-00-m-mit-toilette-und-urinar,,,,,,TRUE,,,,,https://cdn.shopify.com/s/files/1/1032/1772/5781/files/rn-image_picker_lib_temp_8e9f2408-a8b3-4ca2-87bd-4f7c8e46daff.jpg?v=1772631801,4
sanitarcontainer-2-00-x-2-00-m-mit-toilette-und-urinar,,,,,,TRUE,,,,,https://cdn.shopify.com/s/files/1/1032/1772/5781/files/rn-image_picker_lib_temp_33b2ed00-f5b6-49eb-a5af-1298b3be7820.jpg?v=1772631801,5
sanitarcontainer-2-00-x-2-00-m-mit-toilette-und-urinar,,,,,,TRUE,,,,,https://cdn.shopify.com/s/files/1/1032/1772/5781/files/rn-image_picker_lib_temp_b8a45e91-7590-4276-95e8-217661202516.jpg?v=1772631802,6
sanitarcontainer-2-00-x-2-00-m-mit-toilette-und-urinar,,,,,,TRUE,,,,,https://cdn.shopify.com/s/files/1/1032/1772/5781/files/rn-image_picker_lib_temp_f20e6b8b-00e7-469a-a69d-c934df8afb79.jpg?v=1772631801,7
sanitarcontainer-2-00-x-2-00-m-mit-toilette-und-urinar,,,,,,TRUE,,,,,https://cdn.shopify.com/s/files/1/1032/1772/5781/files/rn-image_picker_lib_temp_7bb90cdf-a8ae-4e3b-9cbf-2e22c022c7f1.jpg?v=1772631801,8
modifizierter-10-fuss-versandcontainer,Modifizierter 10-Fuß-Versandcontainer,"<p><strong>Die Abmessungen dieses Containers werden üblicherweise nach dem angelsächsischen System gemessen, wobei ein Fuß 30,48 Zentimetern entspricht. Mit dieser Umrechnung betragen die Außen- und Innenmaße eines 10-Fuß-Containers:</strong></p>
<p><strong>Außenmaße:</strong></p>
<p><strong>2,98 Meter lang, 2,44 Meter breit und 2,50 Meter hoch.</strong></p>
<p><strong>Innenmaße:</strong></p>
<p><strong>2,98 Meter lang, 2,44 Meter breit und 2,50 Meter hoch.</strong></p>
<p><strong>Innenmaße:</strong></p>
<p><strong>2,83 Meter lang, 2,32 Meter breit und 2,41 Meter hoch.</strong></p>
<p><strong>Das Durchschnittsgewicht eines 10-Fuß-Containers beträgt 825 Kilo.</strong></p>
<p><strong>Die Hauptmerkmale eines 10-Fuß-Containers sind:</strong></p>
<p><strong>Luftdicht</strong></p>
<p><strong>Keine Belüftung oder Kühlung</strong></p>
<p><strong>Aus Stahl</strong></p>",Container Goertz,,"[""SANITÄRBEHÄLTER""]",TRUE,1299.20,,,,https://cdn.shopify.com/s/files/1/1032/1772/5781/files/rn-image_picker_lib_temp_63d89d3b-8741-433e-a955-9750543ae500.webp?v=1772631801,1
modifizierter-10-fuss-versandcontainer,,,,,,TRUE,,,,,https://cdn.shopify.com/s/files/1/1032/1772/5781/files/rn-image_picker_lib_temp_2196da06-58af-4c5b-8efe-ea9ccc1667e7.webp?v=1772631800,2
modifizierter-10-fuss-versandcontainer,,,,,,TRUE,,,,,https://cdn.shopify.com/s/files/1/1032/1772/5781/files/rn-image_picker_lib_temp_500b2705-4821-457c-90fe-87de41e1d253.webp?v=1772631801,3
20-fuss-hc-container-mit-doppelturen,20 Fuß HC-Container mit Doppeltüren,"<p><strong>Dieser 20 Fuß High Cube (HC) Container mit Doppeltüren bietet durch seine zusätzliche Höhe mehr Innenraum und ist ideal für die Lagerung und den Transport größerer Produkte. Ausgestattet mit Doppeltüren an beiden Enden erleichtert er den Zugang und das effiziente Be- und Entladen von Waren. Seine robuste Konstruktion gewährleistet hervorragende Haltbarkeit und Sicherheit und eignet sich daher für eine Vielzahl von Lager- und Versandanwendungen.</strong></p>
<div class=""accordion-title flex flex-items-space-between flex-items-middle gaps-9"">
<h5 class=""fw-medium margin-tb-8""><strong>Technische Informationen</strong></h5>
<strong><i class=""fas fa-chevron-down""></i></strong>
</div>
<div class=""accordion-content"">
<div class=""user-content margin-b-6"">
<table>
<thead>
<tr>
<th></th>
<th><strong>Außenmaße</strong></th>
<th><strong>Innenmaße</strong></th>
</tr>
</thead>
<tbody>
<tr>
<td><strong>Länge</strong></td>
<td><strong>6058 mm</strong></td>
<td><strong>5898 mm</strong></td>
</tr>
<tr>
<td><strong>Breite</strong></td>
<td><strong>2438 mm</strong></td>
<td><strong>2345 mm</strong></td>
</tr>
<tr>
<td><strong>Höhe</strong></td>
<td><strong>2891 mm</strong></td>
<td><strong>2690 mm</strong></td>
</tr>
</tbody>
<thead>
<tr>
<th>
<br><strong>Taragewicht</strong>
</th>
<th>
<br><strong>Tragfähigkeit</strong>
</th>
<th>
<br><strong>Bruttogewicht</strong>
</th>
</tr>
</thead>
<tbody>
<tr>
<td><strong>2420 kg</strong></td>
<td><strong>28060 kg</strong></td>
<td><strong>30480 kg</strong></td>
</tr>
</tbody>
</table>
</div>
</div>",Container Goertz,,"[""20-Fuß-Container""]",TRUE,1710.00,,,,https://cdn.shopify.com/s/files/1/1032/1772/5781/files/rn-image_picker_lib_temp_dd5eaf41-c862-46cf-bf6b-b2c01913a0f1.jpg?v=1772631800,1
20-fuss-hc-container-mit-doppelturen,,,,,,TRUE,,,,,https://cdn.shopify.com/s/files/1/1032/1772/5781/files/rn-image_picker_lib_temp_837bf7e5-5611-47f5-97a1-ff57f576f323.jpg?v=1772631800,2
20-fuss-hc-container-mit-doppelturen,,,,,,TRUE,,,,,https://cdn.shopify.com/s/files/1/1032/1772/5781/files/rn-image_picker_lib_temp_138e7173-7fec-4d28-97e9-b8107bcefda1.jpg?v=1772631799,3
20-fuss-hc-container-mit-doppelturen,,,,,,TRUE,,,,,https://cdn.shopify.com/s/files/1/1032/1772/5781/files/rn-image_picker_lib_temp_ab2ba73a-9c36-4269-9cb6-aea1c4290cf6.jpg?v=1772631799,4
20-fuss-hc-container-mit-doppelturen,,,,,,TRUE,,,,,https://cdn.shopify.com/s/files/1/1032/1772/5781/files/rn-image_picker_lib_temp_d083e4dc-109a-41de-a914-b325a532413f.jpg?v=1772631799,5
20-fuss-hc-container-mit-doppelturen,,,,,,TRUE,,,,,https://cdn.shopify.com/s/files/1/1032/1772/5781/files/rn-image_picker_lib_temp_62c29473-6ede-4854-ab2a-26c4053467e3.jpg?v=1772631799,6
40-fuss-seecontainer-mit-seitlicher-offnung,40-Fuß-Seecontainer mit seitlicher Öffnung,"<p><strong>Der 40 Fuß Open Side Container ist eine hervorragende Lagermöglichkeit und zeichnet sich durch seine Robustheit und Sicherheit aus. Gefertigt aus Cortenstahl bietet er effektiven Schutz vor Diebstahl. Seine Konstruktion aus Wellblechwänden und -trägern sowie einem 28 mm starken Bootsbausperrholzboden sorgt für Langlebigkeit und Stabilität.</strong></p>
<p><strong>Dieses Modell ermöglicht dank seiner breiten Seitenöffnung einen optimierten Zugang zur Ladung . Zusätzlich zu einer Tür an einem Ende verfügt es über eine vollständige Seitenöffnung ohne Mittelsäule , die auf beiden Seiten mit zwei faltbaren Doppeltüren ausgestattet ist .</strong></p>
<p><strong>Der neue 40-Fuß-Open-Side- Container (First Trip) ist für zusätzliche Sicherheit an beiden Öffnungen mit Vorhängeschlosssicherungen ausgestattet . Er ist eine multimodale Lösung, die per Lkw, Bahn, Binnenschiff oder Schiff transportiert und ausgeliefert werden kann.</strong></p>
<h3><strong>Vorteile</strong></h3>
<ul>
<li><strong>Große Seitenöffnung für einfaches Be- und Entladen</strong></li>
<li><strong>Hohe Sicherheit und Dichtheit gegen widrige Bedingungen</strong></li>
<li><strong>Einfache Installation ohne Standortbeschränkungen</strong></li>
<li><strong>Ideal für die Lagerung auf Kragarmregalen</strong></li>
<li><strong>Starke und langlebige selbsttragende Struktur</strong></li>
<li><strong>Entspricht ISO-Typ 42G1 – ISO-Gruppe 42GP</strong></li>
</ul>
<h3><strong>Maße</strong></h3>
<ul>
<li><strong>Außenmaße : 12,19 m x 2,44 m x 2,59 m</strong></li>
<li><strong>Innenmaße : 12,03 m x 2,35 m x 2,39 m</strong></li>
</ul>",Container Goertz,,"[""40-Fuß-Container""]",TRUE,2700.00,,,,https://cdn.shopify.com/s/files/1/1032/1772/5781/files/rn-image_picker_lib_temp_5dd5d87d-14b0-4254-8fab-9a72e63fd8c0.jpg?v=1772631798,1
40-fuss-seecontainer-mit-seitlicher-offnung,,,,,,TRUE,,,,,https://cdn.shopify.com/s/files/1/1032/1772/5781/files/rn-image_picker_lib_temp_7da5280a-2dc9-49d4-8f39-11da7ccc9693.jpg?v=1772631798,2
40-fuss-seecontainer-mit-seitlicher-offnung,,,,,,TRUE,,,,,https://cdn.shopify.com/s/files/1/1032/1772/5781/files/rn-image_picker_lib_temp_0ad8b969-d843-46af-8437-7535f02db3bd.jpg?v=1772631798,3
40-fuss-seecontainer-mit-seitlicher-offnung-1,40-Fuß-Seecontainer mit seitlicher Öffnung,"<p><strong>Der 40 Fuß Open Side Container ist eine hervorragende Lagermöglichkeit und zeichnet sich durch seine Robustheit und Sicherheit aus. Gefertigt aus Cortenstahl bietet er effektiven Schutz vor Diebstahl. Seine Konstruktion aus Wellblechwänden und -trägern sowie einem 28 mm starken Bootsbausperrholzboden sorgt für Langlebigkeit und Stabilität.</strong></p>
<p><strong>Dieses Modell ermöglicht dank seiner breiten Seitenöffnung einen optimierten Zugang zur Ladung . Zusätzlich zu einer Tür an einem Ende verfügt es über eine vollständige Seitenöffnung ohne Mittelsäule , die auf beiden Seiten mit zwei faltbaren Doppeltüren ausgestattet ist .</strong></p>
<p><strong>Der neue 40-Fuß-Open-Side- Container (First Trip) ist für zusätzliche Sicherheit an beiden Öffnungen mit Vorhängeschlosssicherungen ausgestattet . Er ist eine multimodale Lösung, die per Lkw, Bahn, Binnenschiff oder Schiff transportiert und ausgeliefert werden kann.</strong></p>
<h3><strong>Vorteile</strong></h3>
<ul>
<li><strong>Große Seitenöffnung für einfaches Be- und Entladen</strong></li>
<li><strong>Hohe Sicherheit und Dichtheit gegen widrige Bedingungen</strong></li>
<li><strong>Einfache Installation ohne Standortbeschränkungen</strong></li>
<li><strong>Ideal für die Lagerung auf Kragarmregalen</strong></li>
<li><strong>Starke und langlebige selbsttragende Struktur</strong></li>
<li><strong>Entspricht ISO-Typ 42G1 – ISO-Gruppe 42GP</strong></li>
</ul>
<h3><strong>Maße</strong></h3>
<ul>
<li><strong>Außenmaße : 12,19 m x 2,44 m x 2,59 m</strong></li>
<li><strong>Innenmaße : 12,03 m x 2,35 m x 2,39 m</strong></li>
</ul>",Container Goertz,,"[""40-Fuß-Container""]",TRUE,2650.00,,,,https://cdn.shopify.com/s/files/1/1032/1772/5781/files/rn-image_picker_lib_temp_da1c87e6-be73-48b5-b8ff-6f500630d465.jpg?v=1772631797,1
40-fuss-seecontainer-mit-seitlicher-offnung-1,,,,,,TRUE,,,,,https://cdn.shopify.com/s/files/1/1032/1772/5781/files/rn-image_picker_lib_temp_2435cd59-bf7b-4280-b8bf-5ed53f32d323.jpg?v=1772631798,2
40-fuss-seecontainer-mit-seitlicher-offnung-1,,,,,,TRUE,,,,,https://cdn.shopify.com/s/files/1/1032/1772/5781/files/rn-image_picker_lib_temp_08ca3c29-0daa-46ee-8dd0-9df41b89f02e.jpg?v=1772631797,3
