Handle,Title,Body (HTML),Vendor,Product Category,Type,Tags,Published,Option1 Name,Option1 Value,Option2 Name,Option2 Value,Option3 Name,Option3 Value,Variant SKU,Variant Grams,Variant Inventory Tracker,Variant Inventory Qty,Variant Inventory Policy,Variant Fulfillment Service,Variant Price,Variant Compare At Price,Variant Requires Shipping,Variant Taxable,Variant Barcode,Image Src,Image Position,Image Alt Text,Gift Card,SEO Title,SEO Description,Google Shopping / Google Product Category,Google Shopping / MPN,Google Shopping / Condition,Google Shopping / Custom Product,Variant Weight Unit,Status
pool-container-spa-3-0m-x-2-5m-mit-jacuzzi-komfort-paket,"Pool Container Spa 3,0m x 2,5m mit Jacuzzi, Komfort-Paket","<p>Pool Container Spa 3,0m x 2,5m mit Jacuzzi – Komfort-Paket</p><p>Unser kleinstes Poolangebot. Perfekt für Kinder oder kleine Feiern in Ihrem eigenen Garten. Einfach zu transportieren und zu pflegen.</p><p>Spezifikationen</p><p>Länge: 3,00 m | Breite: 2,50 m | Wasserstand: 1,15 m | AußenHöhe: 1,37 m</p><p>Basiert auf einem Seecontainer</p><p>Am Liefertag einsatzbereit</p><p>Terrasse und Treppen aus WPC-Verbundholz | Filtersystem | Reinigungsset inklusive</p><p>Die Pool Spa Comfort-Lösung ist perfekt für alle, die einen Pool ohne Bauarbeiten genießen möchten! Einzigartiges Industriedesign in einer unserer speziell entworfenen Oberflächen – passt in jeden Garten.</p><p>Lieferzeit: 15 bis 20 Tage | Montage: 1 Tag | Ganzjährig | Schlüsselfertige Lösung</p>",DRIK CONTAINERS,Home & Garden > Pools & Spas,Pool Container,Pool Container,TRUE,Title,Default Title,,,,,DRK-10001,0,shopify,10,deny,manual,4600.00,,TRUE,TRUE,,https://static.wixstatic.com/media/130d33_555009aaf7664509b620e67c300f20de~mv2.jpg,1,"Pool Container Spa 3,0m x 2,5m mit Jacuzzi, Komfort-Paket",FALSE,"Pool Container Spa 3,0m x 2,5m mit Jacuzzi, Komfort-Paket","Pool Container Spa 3,0m x 2,5m mit Jacuzzi – Komfort-Paket
Unser kleinstes Poolangebot. Perfekt für Kinder oder kleine Feiern in Ihrem eigenen Garten. Einfach zu transportieren und zu pflegen.
Spezifikationen
Länge: 3,00 m | Breite: 2,50 m | Wasserstand: 1,15 m | AußenHöhe: 1,37 m
Basiert auf einem ",Home & Garden > Pools & Spas,100019,new,FALSE,kg,active
pool-aus-polypropylen-6-5m-x-2-5m-mit-4m-poolfenster,"Pool aus Polypropylen 6,5m x 2,5m mit 4m Poolfenster","<p>Pool aus Polypropylen 6,5m x 2,5m mit 4m Poolfenster</p><p>Spezifikationen</p><p>Länge: 6,50 m | Breite: 2,55 m | Wasserstand: 1,15 m | AußenHöhe: 1,30 m</p><p>Basiert auf einer Stahlkonstruktion und einer Polypropylen-Wanne</p><p>Am Liefertag einsatzbereit</p><p>Terrassen und Treppen aus rutschfestem Polypropylen</p><p>Filtersystem | Innenbeleuchtung | Wärmepumpe | Gegenstromanlage</p><p>Automatisches Schiebedach aus Polycarbonat mit Fernbedienung</p><p>Dachabmessungen: 8,4 m lang, 5,5 m breit, 2,8 m hoch</p><p>Poolfenster: 4,0 m x 1,0 m</p><p>Terasse WPC wartungsfrei</p><p>ElitePool Sport & Spa ist ein Schwimmbad der neuen Generation. Sehr widerstandsfähig, basiert auf einem Polypropylen-Becken und einer Stahlkonstruktion. Dank eines regelbaren Durchflusssystems haben Sie ein Sport-Gegenstromschwimmbad, das sich in Sekunden in ein Spa mit Wasserstrahlmassage verwandeln lässt. ElitePool Sport & Spa verfügt über ein Jet-Swim-System – mit einem einfachen Knopfdruck wechseln Sie in die Welt des professionellen Schwimmens.</p><p>Lieferzeit: 15 bis 20 Tage | Montage: 1 Tag | Ganzjährig | Schlüsselfertige Lösung</p>",DRIK CONTAINERS,Home & Garden > Pools & Spas,Pool Container,Pool Container,TRUE,Title,Default Title,,,,,DRK-100020,0,shopify,10,deny,manual,10500.00,,TRUE,TRUE,,https://static.wixstatic.com/media/130d33_c7e9d39502924f9581a96332e4e8c0d9~mv2.jpg,1,"Pool aus Polypropylen 6,5m x 2,5m mit 4m Poolfenster",FALSE,"Pool aus Polypropylen 6,5m x 2,5m mit 4m Poolfenster","Pool aus Polypropylen 6,5m x 2,5m mit 4m Poolfenster
Spezifikationen
Länge: 6,50 m | Breite: 2,55 m | Wasserstand: 1,15 m | AußenHöhe: 1,30 m
Basiert auf einer Stahlkonstruktion und einer Polypropylen-Wanne
Am Liefertag einsatzbereit
Terrassen und Treppen aus rutschfestem Polypropylen
Filtersystem |",Home & Garden > Pools & Spas,100020,new,FALSE,kg,active
pool-container-6-2m-x-2-5m-jet-swim-sport-spa,"Pool Container 6,2m x 2,5m Jet Swim, Sport & Spa","<p>Pool Container 6,2m x 2,5m Jet Swim, Sport & Spa</p><p>Spezifikationen</p><p>Länge: 6,11 m | Breite: 2,55 m | Wasserstand: 1,15 m | AußenHöhe: 1,37 m</p><p>Basiert auf einem 20-Fuß-Seecontainer</p><p>Am Liefertag einsatzbereit</p><p>Terrasse und Treppen aus WPC-Verbundholz</p><p>Filtersystem | Reinigungsset | Innenbeleuchtung | Wärmepumpe | Gegenstromanlage</p><p>Pool Container Sport & Spa verfügt über ein Jet-Swim-System. Sie können mit einem einfachen Schalterdruck in die Welt des professionellen Schwimmens wechseln. Neben dem Gegenstromsystem besitzt der Pool Container Sport & Spa alle Funktionen des Premium-Pool-Containers.</p><p>Lieferzeit: 15 bis 20 Tage | Montage: 1 Tag | Ganzjährig | Schlüsselfertige Lösung</p>",DRIK CONTAINERS,Home & Garden > Pools & Spas,Pool Container,Pool Container,TRUE,Title,Default Title,,,,,DRK-100021,0,shopify,10,deny,manual,7800.00,,TRUE,TRUE,,https://static.wixstatic.com/media/130d33_4ea950fb228f41f09a17fe2db3f52c22~mv2.jpg,1,"Pool Container 6,2m x 2,5m Jet Swim, Sport & Spa",FALSE,"Pool Container 6,2m x 2,5m Jet Swim, Sport & Spa","Pool Container 6,2m x 2,5m Jet Swim, Sport & Spa
Spezifikationen
Länge: 6,11 m | Breite: 2,55 m | Wasserstand: 1,15 m | AußenHöhe: 1,37 m
Basiert auf einem 20-Fuß-Seecontainer
Am Liefertag einsatzbereit
Terrasse und Treppen aus WPC-Verbundholz
Filtersystem | Reinigungsset | Innenbeleuchtung | Wärmep",Home & Garden > Pools & Spas,100021,new,FALSE,kg,active
pool-container-6-2m-x-2-5m-sofort-einsatzbereit-komfort-paket,"Pool Container 6,2m x 2,5m sofort einsatzbereit, Komfort-Paket","<p>Pool Container 6,2m x 2,5m sofort einsatzbereit – Komfort-Paket</p><p>Spezifikationen</p><p>Länge: 6,11 m | Breite: 2,55 m | Wasserstand: 1,15 m | AußenHöhe: 1,37 m</p><p>Basiert auf einem 20-Fuß-Seecontainer | Am Liefertag einsatzbereit</p><p>Terrasse und Treppen aus WPC-Verbundholz</p><p>Filtersystem | Reinigungsset inklusive</p><p>Pool Container 6,2m x 2,5m Komfort-Paket ist eine perfekte Lösung für alle, die einen Pool ohne Bauarbeiten genießen möchten! Sein einzigartiges Industriedesign in einer unserer speziell entworfenen Oberflächen passt sowohl in einen kleinen als auch in einen größeren Garten.</p><p>Lieferzeit: 15–20 Tage | Montage: 1 Tag | Ganzjährig | Schlüsselfertige Lösung</p>",DRIK CONTAINERS,Home & Garden > Pools & Spas,Pool Container,Pool Container,TRUE,Title,Default Title,,,,,DRK-100022,0,shopify,10,deny,manual,6989.00,,TRUE,TRUE,,https://static.wixstatic.com/media/130d33_f8be4805699d4f398f283a2c45aac77c~mv2.jpg,1,"Pool Container 6,2m x 2,5m sofort einsatzbereit, Komfort-Paket",FALSE,"Pool Container 6,2m x 2,5m sofort einsatzbereit, Komfort-Paket","Pool Container 6,2m x 2,5m sofort einsatzbereit – Komfort-Paket
Spezifikationen
Länge: 6,11 m | Breite: 2,55 m | Wasserstand: 1,15 m | AußenHöhe: 1,37 m
Basiert auf einem 20-Fuß-Seecontainer | Am Liefertag einsatzbereit
Terrasse und Treppen aus WPC-Verbundholz
Filtersystem | Reinigungsset inklusive
",Home & Garden > Pools & Spas,100022,new,FALSE,kg,active
gefahrgutcontainer-10-high-cube-doppelboden,Gefahrgutcontainer 10′ High Cube (Doppelboden),"<p>Gefahrgutcontainer 10′ High Cube – Kompakt. Kontrolliert. Konform.</p><p>Mit dem Gefahrgutcontainer 10′ High Cube erhalten Sie eine spezielle, zertifizierte Lösung für die sichere Lagerung und Handhabung von Gefahrstoffen – auf kleinstem Raum, aber mit maximalem Schutz.</p><p>Technische Daten</p><p>Eigenschaft	Wert</p><p>Außenabmessungen	L 3,00 m × B 2,44 m × H 2,90 m</p><p>Innenvolumen	ca. 15,4 m³ (544 cu ft)</p><p>Leergewicht	ca. 1.740 kg (3.840 lbs)</p><p>Max. Nutzlast	ca. 10.360 kg (22.840 lbs)</p><p>Max. Bruttogewicht	ca. 12.100 kg (26.680 lbs)</p><p>Konstruktion	ISO-zertifiziert, geschweißter Stahl</p><p>Sicherheitsmerkmale und Ausstattung</p><p>Doppelwandboden (Auffangwanne): Ein vollständig geschweißter Boden mit integrierter Auffangwanne sammelt sofort auslaufende Flüssigkeiten.</p><p>Ablassventil: Zur gezielten Ableitung von Flüssigkeiten nach Auffangen – sicher, manuell kontrollierbar und abschließbar.</p><p>Belüftungssystem: Mehrere Belüftungseinheiten sorgen für kontinuierlichen Luftaustausch – zur Reduzierung von Dampfkonzentrationen.</p><p>Doppelflügeltüren mit Notentriegelung: Von außen versiegelt und abschließbar, ausgestattet mit einer Notentriegelung von innen.</p><p>Gut sichtbare Signalfarbe: Signalgelb (RAL Safety) – konform mit Industrienormen für Gefahrstofflager.</p><p>Typische Anwendungsbereiche</p><p>Chemische Industrie und Labore – Lagerung von Lösungsmitteln, Reagenzien</p><p>Lack- und Farbhersteller – sichere Zwischenlagerung</p><p>Logistikanbieter mit ADR-Ladung</p><p>Öl, Hydraulikflüssigkeiten und Schmiermittellagerung</p>",DRIK CONTAINERS,Business & Industrial > Material Handling > Shipping Containers,Neue Container,Neue Container,TRUE,Title,Default Title,,,,,DRK-100027,0,shopify,10,deny,manual,950.00,,TRUE,TRUE,,https://static.wixstatic.com/media/546163_7e00976f759741eeb5df52a4f1f19ff9~mv2.webp,1,Gefahrgutcontainer 10′ High Cube (Doppelboden),FALSE,Gefahrgutcontainer 10′ High Cube (Doppelboden),"Gefahrgutcontainer 10′ High Cube – Kompakt. Kontrolliert. Konform.
Mit dem Gefahrgutcontainer 10′ High Cube erhalten Sie eine spezielle, zertifizierte Lösung für die sichere Lagerung und Handhabung von Gefahrstoffen – auf kleinstem Raum, aber mit maximalem Schutz.
Technische Daten
Eigenschaft	Wert
A",Business & Industrial > Material Handling > Shipping Containers,100027,new,FALSE,kg,active
container-20-fuss-high-cube-open-side-erste-reise,Container 20 Fuß High Cube Open Side - Erste Reise,"<p>Seecontainer 20 Fuß High Cube Open Side – Erste Reise</p><p>Der Seecontainer 20' HC Open Side ist die ideale Lösung für alle Ihre Transport- und Lageranforderungen. Dieser Container zeichnet sich durch seine breite seitliche Öffnung von 5,30 Metern aus, die das Be- und Entladen auch voluminöser Waren erheblich erleichtert. Die Hecktür bleibt ebenfalls zugänglich und bietet maximale Flexibilität für logistische Abläufe.</p><p>Eigenschaft	Wert</p><p>Innenvolumen	35 m³</p><p>Außenfläche	14 m²</p><p>Gewicht	3.300 kg</p><p>Max. Ladegewicht	27.180 kg</p><p>Struktur	Vollverschweißter Corten-Stahl</p><p>Boden	Schiffssperrholz 28 mm</p><p>Gabelstaplertasche	2.050 mm</p><p>Türöffnungswinkel	270°</p><p>Europa-Paletten	10</p><p>Innenabmessungen</p><p>Länge: 5,89 m</p><p>Breite: 2,28 m</p><p>Höhe: 2,60 m</p><p>Außenabmessungen</p><p>Länge: 6,05 m</p><p>Breite: 2,43 m</p><p>Höhe: 2,89 m</p><p>Türabmessungen</p><p>Breite: 2,22 m</p><p>Höhe: 2,49 m</p><p>Maximaler Schutz für Ihre Waren</p><p>Der Container ist wasserdicht und luftdicht, sodass Ihre Produkte optimal geschützt sind. Die zusätzliche Höhe von 30 cm gegenüber Standardcontainern bietet ein größeres Lagervolumen – ideal für Projekte, die mehr Platz benötigen.</p><p>Robustheit und Sicherheit</p><p>Der Corten-Stahl garantiert eine außergewöhnliche Widerstandsfähigkeit durch die vollverschweißte Struktur. Dieser Stahl ist bekannt für seine Langlebigkeit und seine Fähigkeit, extremsten Bedingungen standzuhalten.</p>",DRIK CONTAINERS,Business & Industrial > Material Handling > Shipping Containers,Neue Container,Neue Container,TRUE,Title,Default Title,,,,,DRK-100028,0,shopify,10,deny,manual,3290.00,,TRUE,TRUE,,https://static.wixstatic.com/media/c541a2_1c3a85aa0d6649ca875fb92e7aa55206~mv2.jpg,1,Container 20 Fuß High Cube Open Side - Erste Reise,FALSE,Container 20 Fuß High Cube Open Side - Erste Reise,"Seecontainer 20 Fuß High Cube Open Side – Erste Reise
Der Seecontainer 20' HC Open Side ist die ideale Lösung für alle Ihre Transport- und Lageranforderungen. Dieser Container zeichnet sich durch seine breite seitliche Öffnung von 5,30 Metern aus, die das Be- und Entladen auch voluminöser Waren erhe",Business & Industrial > Material Handling > Shipping Containers,100028,new,FALSE,kg,active
isotank-container-fuer-produkttransport,Isotank Container für Produkttransport,"<p>Isotank Container für Produkttransport</p><p>Technische Daten: Kapazität 14 bis 26 m³ | Länge 6.058 bis 12.192 mm | Max. Ladung 34.000 bis 49.100 kg | Leergewicht 2.900 bis 5.100 kg | Max. Gewicht 42.000 bis 55.000 kg</p><p>Der ISOTANK-Container, auch Tankcontainer genannt, wird hauptsächlich für den Transport von flüssigen oder gasmörmigen Produkten verwendet: Kraftstoff, Chemikalien, Zement, Teer, Lebensmittelflüssigkeiten usw.</p><p>Verschiedene Beschichtungsarten je nach transportiertem Produkt</p><p>Isolierung der Wanne zur Erhaltung bei positiven oder negativen Temperaturen</p><p>Temperaturgeregelter Tank: TANK REEFER</p><p>Beheizter Tank: TANK HEATER</p><p>Mobile ADR-Tanks, Atex – auch nach UL-, BS799-, CSC-Normen</p><p>Dieser Containertyp ist bei Industrie, Militär und Ölindustrie sehr beliebt. ISO-Tankcontainer sind extrem zuverlässig und halten extremen Drücken stand.</p>",DRIK CONTAINERS,Business & Industrial > Material Handling > Shipping Containers,Neue Container,Neue Container,TRUE,Title,Default Title,,,,,DRK-100029,0,shopify,10,deny,manual,5500.00,,TRUE,TRUE,,https://static.wixstatic.com/media/c541a2_d67c126de74f4a2594d13783445d15d8~mv2.jpg,1,Isotank Container für Produkttransport,FALSE,Isotank Container für Produkttransport,"Isotank Container für Produkttransport
Technische Daten: Kapazität 14 bis 26 m³ | Länge 6.058 bis 12.192 mm | Max. Ladung 34.000 bis 49.100 kg | Leergewicht 2.900 bis 5.100 kg | Max. Gewicht 42.000 bis 55.000 kg
Der ISOTANK-Container, auch Tankcontainer genannt, wird hauptsächlich für den Transport ",Business & Industrial > Material Handling > Shipping Containers,100029,new,FALSE,kg,active
offshore-open-top-container-10-fuss-halbhoehe,Offshore Open-Top Container 10 Fuß Halbhöhe,"<p>Offshore Open-Top Container 10 Fuß Halbhöhe – DNV 2.7-1, EN 12079, ISO/CSC</p><p>Spezifikationen</p><p>Innenabmessungen (L x B x H)	2.738 x 2.244 x 959 mm</p><p>Außenabmessungen (L x B x H)	2.991 x 2.438 x 1.280 mm</p><p>Türöffnung (B x H)	2.114 mm</p><p>Volumen	5,89 m³</p><p>Leergewicht	1.700 kg</p><p>Max. Nutzlast	10.000 kg</p><p>Max. Bruttogewicht	11.700 kg</p><p>Standardfarbe	RAL5013 / RAL1023</p><p>Eigenschaften</p><p>Gefertigt aus Corten-Stahl</p><p>Verfügbar mit DNV-zertifizierten Anschlagmitteln</p><p>Stapelbar</p><p>Hinweis: Nicht geliefert mit Dachbögen und Plane.</p><p>Zertifizierungen</p><p>DNV 2.7-1 | EN 12079 | ISO/CSC</p><p>Der DNV 2.7-1 Offshore-Container 10 Fuß Offenes Dach halbe Höhe ist doppelt so niedrig wie die Standardhöhe und hat kein Stahldach. Ausgestattet mit einer einfachen Stahltür. Stapelbar und verfügbar mit zertifizierten Anschlagmitteln.</p>",DRIK CONTAINERS,Business & Industrial > Material Handling > Shipping Containers,Neue Container,Neue Container,TRUE,Title,Default Title,,,,,DRK-100030,0,shopify,10,deny,manual,1089.00,,TRUE,TRUE,,https://static.wixstatic.com/media/c541a2_decbc4b90b284dbd915da084da28cef0~mv2.webp,1,Offshore Open-Top Container 10 Fuß Halbhöhe,FALSE,Offshore Open-Top Container 10 Fuß Halbhöhe,"Offshore Open-Top Container 10 Fuß Halbhöhe – DNV 2.7-1, EN 12079, ISO/CSC
Spezifikationen
Innenabmessungen (L x B x H)	2.738 x 2.244 x 959 mm
Außenabmessungen (L x B x H)	2.991 x 2.438 x 1.280 mm
Türöffnung (B x H)	2.114 mm
Volumen	5,89 m³
Leergewicht	1.700 kg
Max. Nutzlast	10.000 kg
Max. Bruttogew",Business & Industrial > Material Handling > Shipping Containers,100030,new,FALSE,kg,active
seecontainer-kuehlcontainer-40-hc-reefer,Seecontainer Kühlcontainer 40′HC Reefer,<p>Wir bieten einen gebrauchten Seefrachtcontainer nach einer Seereise als 40'HC REEFER an. Der Container hat ein gültiges CSC-Schild für den Seetransport und Bah</p>,DRIK CONTAINERS,Business & Industrial > Food Service > Refrigeration Equipment,Kühlcontainer,Kühlcontainer,TRUE,Title,Default Title,,,,,DRK-100060,0,shopify,10,deny,manual,17630.00,,TRUE,TRUE,,https://static.wixstatic.com/media/546163_06653322e99446248c4e8e4770bb28db~mv2.png,1,Seecontainer Kühlcontainer 40′HC Reefer,FALSE,Seecontainer Kühlcontainer 40′HC Reefer,Wir bieten einen gebrauchten Seefrachtcontainer nach einer Seereise als 40'HC REEFER an. Der Container hat ein gültiges CSC-Schild für den Seetransport und Bah,Business & Industrial > Food Service > Refrigeration Equipment,100060,new,FALSE,kg,active
lagercontainer-4-x-2-m-doppeltuer-lange-seite-anthrazit-ral-7016,Lagercontainer 4 x 2 m Doppeltür Lange Seite Anthrazit RAL 7016,"<p>Lagercontainer 4 x 2 m Doppeltür Lange Seite Anthrazit RAL 7016</p><p>Zerlegbar / selbst zusammenzubauen</p><p>Außenmaße (L x B x H): 3880 x 2140 x 2072 mm</p><p>Innenmaße (L x B x H): 3726 x 1990 x 1948 mm</p><p>Türmaße (B x H): 1750 (813 + 937 mm) x 1849 mm</p><p>Gesamtgewicht: 490 kg</p><p>Gabelstapleraufnahme: 850 mm</p><p>Konstruktion: Vollständig selbsttragend, einschließlich Boden</p><p>Dieser Container 4 x 2 ist die perfekte Lösung für die temporäre oder dauerhafte Lagerung von Materialien, Waren, Werkzeugen oder für Umzüge. Sowohl für Privatpersonen als auch für Unternehmen geeignet. Natürlich kann dieser Container auch für andere Aktivitäten genutzt werden, wie die Lagerung von Büromaterial, Fitnessgeräten oder als Platz für einen Indoor-Jacuzzi. Dieser Container ist selbstverständlich auch in anderen Farben erhältlich.</p><p>Der Container 4 x 2 ist leicht genug, um selbst transportiert zu werden. Dieser Container 4 x 2 besteht aus mehreren Teilen, die zusammengebaut werden müssen, um den Container zu erstellen. Dadurch kann der Container durch kleine Gänge und Türen transportiert werden, um ihn an den richtigen Ort zu bringen. Dank dieser verschiedenen Komponenten ist es auch möglich, den Container mit bloßer Muskelkraft zu bewegen, sodass kein Gabelstapler oder Kran erforderlich ist. Der Container ist außerdem mit Gabelstaplerhülsen ausgestattet, die es ermöglichen, den Container vertikal oder horizontal mit einem Gabelstapler zu bewegen. Der Container 4 x 2 ist auch mit Hebeösen ausgestattet, um den Container an Orte zu bringen, die ein Gabelstapler oder Muskelkraft nicht erreichen können. Selbstverständlich ist der Container 4 x 2 auch mit einem doppelten Schließmechanismus für mehr Sicherheit ausgestattet.</p><p>Die Montage dieses Containers 4 x 2 dauert nicht länger als 20 bis 30 Minuten. Da dieser Container einfach zusammenzubauen ist, nimmt er wenig Platz ein, wenn er nicht verwendet wird. Keine schweren Werkzeuge sind erforderlich, um den Container 4 x 2 zusammenzubauen, da der Container mit Muttern und Schrauben montiert wird. Alles, was Sie brauchen, ist ein Satz Schraubenschlüssel und Drehmomentschlüssel, ein Kreuzschlitzschraubendreher oder ein Bohrer.</p><p>Der Boden des Containers besteht aus Spanplatten, um die Kosten so gering wie möglich zu halten. Spanplatten werden oft im Bauwesen verwendet, um Strukturen zu verstärken, sodass Sie sich keine Sorgen machen müssen, den Boden zu beschädigen.</p><p>Selbstverständlich hat dieser Container die Niedrigpreisgarantie und eine 5-jährige Rostschutzgarantie.</p><p>Ein 4×2 Meter Container ist ideal als Lagercontainer, da er für verschiedene Arten der Lagerung verwendet werden kann. Der Lagercontainer kann für die Lagerung von Unternehmensgütern wie Bestände und Archive verwendet werden.</p><p>Der Lagercontainer kann beispielsweise als Reifenlagercontainer für eine Garage oder einen Autohändler verwendet werden. Darüber hinaus werden viele zerlegbare Lagercontainer im Self-Storage-Bereich eingesetzt. Hier werden zerlegbare Lagercontainer zur Vermietung verwendet, und die Kunden dieser Unternehmen können die Lagercontainer für die Lagerung von Haushaltsgegenständen nutzen.</p><p>Eine weitere Anwendung von zerlegbaren Lagercontainern ist die temporäre Lagerung, beispielsweise bei einem Umzug oder einer Renovierung. Ein zerlegbarer Lagercontainer ist eine gute Lösung bei (vorübergehendem) Platzmangel.</p><p>Kurz gesagt, dieser Container 4 x 2 ist ideal für Bauunternehmen, die einen temporären oder dauerhaften Lagerplatz suchen, oder für Privatpersonen, die einen Gartenschuppen suchen. Dieser Container ist auch mit einem Seecontainer vergleichbar.</p><p>Merkmale:</p><p>Vollständig verzinktes Gehäuse</p><p>Reduzierter Lagerplatzbedarf wenn nicht in Gebrauch</p><p>Einfache Montage</p><p>Vollständig erweiterbare Kapazität (modular)</p><p>Optional: Schnapp-Ständer und Regalträger</p><p>Optional: Pulverbeschichtung außen, wenn der Container farbcodiert werden soll</p>",DRIK CONTAINERS,Home & Garden > Household & Cleaning > Storage & Organization > Storage Buildings,Lagercontainer,Lagercontainer,TRUE,Title,Default Title,,,,,DRK-100072,0,shopify,10,deny,manual,1300.00,,TRUE,TRUE,,https://static.wixstatic.com/media/546163_f0a82a13bf2240ff9cbeb90311f336b6~mv2.webp,1,Lagercontainer 4 x 2 m Doppeltür Lange Seite Anthrazit RAL 7016,FALSE,Lagercontainer 4 x 2 m Doppeltür Lange Seite Anthrazit RAL 7016,"Lagercontainer 4 x 2 m Doppeltür Lange Seite Anthrazit RAL 7016
Zerlegbar / selbst zusammenzubauen
Außenmaße (L x B x H): 3880 x 2140 x 2072 mm
Innenmaße (L x B x H): 3726 x 1990 x 1948 mm
Türmaße (B x H): 1750 (813 + 937 mm) x 1849 mm
Gesamtgewicht: 490 kg
Gabelstapleraufnahme: 850 mm
Konstruktion:",Home & Garden > Household & Cleaning > Storage & Organization > Storage Buildings,100072,new,FALSE,kg,active
lagercontainer-4-x-2-m-doppeltuer-kurze-seite-anthrazit-ral-7016,Lagercontainer 4 x 2 m Doppeltür Kurze Seite Anthrazit RAL 7016,"<p>Lagercontainer 4 x 2 m Doppeltür Kurze Seite Anthrazit RAL 7016</p><p>Zerlegbar / selbst zusammenzubauen</p><p>Außenmaße (L x B x H): 3880 x 2140 x 2072 mm</p><p>Innenmaße (L x B x H): 3726 x 1990 x 1948 mm</p><p>Türmaße (B x H): 1750 (813 + 937 mm) x 1849 mm</p><p>Gesamtgewicht: 490 kg</p><p>Gabelstapleraufnahme: 850 mm</p><p>Konstruktion: Vollständig selbsttragend, einschließlich Boden</p><p>Dieser Container 4 x 2 ist die perfekte Lösung für die temporäre oder dauerhafte Lagerung von Materialien, Waren, Werkzeugen oder für Umzüge. Sowohl für Privatpersonen als auch für Unternehmen geeignet. Natürlich kann dieser Container auch für andere Aktivitäten genutzt werden, wie die Lagerung von Büromaterial, Fitnessgeräten oder als Platz für einen Indoor-Jacuzzi. Dieser Container ist selbstverständlich auch in anderen Farben erhältlich.</p><p>Der Container 4 x 2 ist leicht genug, um selbst transportiert zu werden. Dieser Container 4 x 2 besteht aus mehreren Teilen, die zusammengebaut werden müssen, um den Container zu erstellen. Dadurch kann der Container durch kleine Gänge und Türen transportiert werden, um ihn an den richtigen Ort zu bringen. Dank dieser verschiedenen Komponenten ist es auch möglich, den Container mit bloßer Muskelkraft zu bewegen, sodass kein Gabelstapler oder Kran erforderlich ist. Der Container ist außerdem mit Gabelstaplerhülsen ausgestattet, die es ermöglichen, den Container vertikal oder horizontal mit einem Gabelstapler zu bewegen. Der Container 4 x 2 ist auch mit Hebeösen ausgestattet, um den Container an Orte zu bringen, die ein Gabelstapler oder Muskelkraft nicht erreichen können. Selbstverständlich ist der Container 4 x 2 auch mit einem doppelten Schließmechanismus für mehr Sicherheit ausgestattet.</p><p>Die Montage dieses Containers 4 x 2 dauert nicht länger als 20 bis 30 Minuten. Da dieser Container einfach zusammenzubauen ist, nimmt er wenig Platz ein, wenn er nicht verwendet wird. Keine schweren Werkzeuge sind erforderlich, um den Container 4 x 2 zusammenzubauen, da der Container mit Muttern und Schrauben montiert wird. Alles, was Sie brauchen, ist ein Satz Schraubenschlüssel und Drehmomentschlüssel, ein Kreuzschlitzschraubendreher oder ein Bohrer.</p><p>Der Boden des Containers besteht aus Spanplatten, um die Kosten so gering wie möglich zu halten. Spanplatten werden oft im Bauwesen verwendet, um Strukturen zu verstärken, sodass Sie sich keine Sorgen machen müssen, den Boden zu beschädigen.</p><p>Selbstverständlich hat dieser Container die Niedrigpreisgarantie und eine 5-jährige Rostschutzgarantie.</p><p>Ein 4×2 Meter Container ist ideal als Lagercontainer, da er für verschiedene Arten der Lagerung verwendet werden kann. Der Lagercontainer kann für die Lagerung von Unternehmensgütern wie Bestände und Archive verwendet werden.</p><p>Der Lagercontainer kann beispielsweise als Reifenlagercontainer für eine Garage oder einen Autohändler verwendet werden. Darüber hinaus werden viele zerlegbare Lagercontainer im Self-Storage-Bereich eingesetzt. Hier werden zerlegbare Lagercontainer zur Vermietung verwendet, und die Kunden dieser Unternehmen können die Lagercontainer für die Lagerung von Haushaltsgegenständen nutzen.</p><p>Eine weitere Anwendung von zerlegbaren Lagercontainern ist die temporäre Lagerung, beispielsweise bei einem Umzug oder einer Renovierung. Ein zerlegbarer Lagercontainer ist eine gute Lösung bei (vorübergehendem) Platzmangel.</p><p>Kurz gesagt, dieser Container 4 x 2 ist ideal für Bauunternehmen, die einen temporären oder dauerhaften Lagerplatz suchen, oder für Privatpersonen, die einen Gartenschuppen suchen. Dieser Container ist auch mit einem Seecontainer vergleichbar.</p><p>Merkmale:</p><p>Vollständig verzinktes Gehäuse</p><p>Reduzierter Lagerplatzbedarf wenn nicht in Gebrauch</p><p>Einfache Montage</p><p>Vollständig erweiterbare Kapazität (modular)</p><p>Optional: Schnapp-Ständer und Regalträger</p><p>Optional: Pulverbeschichtung außen, wenn der Container farbcodiert werden soll</p>",DRIK CONTAINERS,Home & Garden > Household & Cleaning > Storage & Organization > Storage Buildings,Lagercontainer,Lagercontainer,TRUE,Title,Default Title,,,,,DRK-100073,0,shopify,10,deny,manual,1300.00,,TRUE,TRUE,,https://static.wixstatic.com/media/546163_15137be744e243ffa4caefcf91ac3452~mv2.webp,1,Lagercontainer 4 x 2 m Doppeltür Kurze Seite Anthrazit RAL 7016,FALSE,Lagercontainer 4 x 2 m Doppeltür Kurze Seite Anthrazit RAL 7016,"Lagercontainer 4 x 2 m Doppeltür Kurze Seite Anthrazit RAL 7016
Zerlegbar / selbst zusammenzubauen
Außenmaße (L x B x H): 3880 x 2140 x 2072 mm
Innenmaße (L x B x H): 3726 x 1990 x 1948 mm
Türmaße (B x H): 1750 (813 + 937 mm) x 1849 mm
Gesamtgewicht: 490 kg
Gabelstapleraufnahme: 850 mm
Konstruktion:",Home & Garden > Household & Cleaning > Storage & Organization > Storage Buildings,100073,new,FALSE,kg,active
lagercontainer-3-x-2-m-doppeltuer-lange-seite-anthrazit-ral-7016,Lagercontainer 3 x 2 m Doppeltür Lange Seite Anthrazit RAL 7016,"<p>Lagercontainer 3 x 2 m Doppeltür Lange Seite Anthrazit RAL 7016</p><p>Zerlegbar / selbst zusammenzubauen</p><p>Außenmaße (L x B x H): 2950 x 2140 x 2072 mm</p><p>Innenmaße (L x B x H): 2800 x 1990 x 1948 mm</p><p>Türmaße (B x H): 1750 (813 + 937 mm) x 1849 mm</p><p>Gesamtgewicht: 420 kg</p><p>Gabelstapleraufnahme: 850 mm</p><p>Konstruktion: Vollständig selbsttragend, einschließlich Boden</p><p>Dieser Container 3 x 2 ist die perfekte Lösung für die temporäre oder dauerhafte Lagerung von Materialien, Waren, Werkzeugen oder für Umzüge. Sowohl für Privatpersonen als auch für Unternehmen geeignet. Natürlich kann dieser Container auch für andere Aktivitäten genutzt werden. Dieser Container ist selbstverständlich auch in anderen Farben erhältlich.</p><p>Der Container 3 x 2 ist leicht genug, um selbst transportiert zu werden. Dieser Container 3 x 2 besteht aus mehreren Teilen, die zusammengebaut werden müssen. Dadurch kann der Container durch kleine Gänge und Türen transportiert werden. Dank dieser verschiedenen Komponenten ist es auch möglich, den Container mit bloßer Muskelkraft zu bewegen, sodass kein Gabelstapler oder Kran erforderlich ist. Der Container ist außerdem mit Gabelstaplerhülsen ausgestattet. Der Container 3 x 2 ist auch mit Hebeösen ausgestattet, um den Container an Orte zu bringen, die ein Gabelstapler oder Muskelkraft nicht erreichen können. Selbstverständlich ist der Container 3 x 2 auch mit einem doppelten Schließmechanismus für mehr Sicherheit ausgestattet.</p><p>Die Montage dieses Containers 3 x 2 dauert nicht länger als 20 bis 30 Minuten. Da dieser Container einfach zusammenzubauen ist, nimmt er wenig Platz ein, wenn er nicht verwendet wird. Keine schweren Werkzeuge sind erforderlich, da der Container mit Muttern und Schrauben montiert wird. Alles, was Sie brauchen, ist ein Satz Schraubenschlüssel und Drehmomentschlüssel, ein Kreuzschlitzschraubendreher oder ein Bohrer.</p><p>Der Boden des Containers besteht aus Spanplatten, um die Kosten so gering wie möglich zu halten. Spanplatten werden oft im Bauwesen verwendet, um Strukturen zu verstärken, sodass Sie sich keine Sorgen machen müssen, den Boden zu beschädigen.</p><p>Selbstverständlich hat dieser Container die Niedrigpreisgarantie und eine 5-jährige Rostschutzgarantie.</p><p>Ein Container von 3×2 Metern ist eine ausgezeichnete Alternative zu einem 10-Fuß-Seecontainer. Der große Vorteil dieser Containergröße ist, dass viel Platz für alle Arten der Lagerung vorhanden ist. Außerdem ist der Vorteil gegenüber dem 10-Fuß-Container der Transportmodus. Da der Container zerlegbar ist, kann er leicht mit beispielsweise einer Schaufel oder einem Gabelstapler bewegt werden.</p><p>Ein normaler 10-Fuß-Container kann nicht mit einem Gabelstapler bewegt werden und muss in den meisten Fällen mit einem Kran auf einen Lkw gehoben werden, um transportiert zu werden. Der zerlegbare 10-Fuß-Container von Self-build Container kann als Paket transportiert werden, was die Transportkosten reduziert, da er beispielsweise auf einem Anhänger bewegt werden kann.</p><p>Ein weiterer Vorteil gegenüber dem 10-Fuß-Container ist, dass es weniger Kondensation gibt, dank einer besseren Luftzirkulation im zerlegbaren Container. Normale 10-Fuß-Container müssen auf großen Frachtschiffen transportiert werden und müssen wasserdicht sein, was diese Kondensation verursacht.</p><p>Kurz gesagt, dieser Container 3 x 2 ist ideal für Bauunternehmen, die einen temporären oder dauerhaften Lagerplatz suchen, oder für Privatpersonen, die einen Gartenschuppen suchen. Dieser Container ist auch mit einem Seecontainer vergleichbar.</p><p>Merkmale:</p><p>Vollständig verzinktes Gehäuse</p><p>Reduzierter Lagerplatzbedarf wenn nicht in Gebrauch</p><p>Einfache Montage</p><p>Vollständig erweiterbare Kapazität (modular)</p><p>Optional: Schnapp-Ständer und Regalträger</p><p>Optional: Pulverbeschichtung außen, wenn der Container farbcodiert werden soll</p><p>Niedriger Preis</p>",DRIK CONTAINERS,Home & Garden > Household & Cleaning > Storage & Organization > Storage Buildings,Lagercontainer,Lagercontainer,TRUE,Title,Default Title,,,,,DRK-100074,0,shopify,10,deny,manual,1200.00,,TRUE,TRUE,,https://static.wixstatic.com/media/546163_32f01e6544014d0bad8257104bc14588~mv2.webp,1,Lagercontainer 3 x 2 m Doppeltür Lange Seite Anthrazit RAL 7016,FALSE,Lagercontainer 3 x 2 m Doppeltür Lange Seite Anthrazit RAL 7016,"Lagercontainer 3 x 2 m Doppeltür Lange Seite Anthrazit RAL 7016
Zerlegbar / selbst zusammenzubauen
Außenmaße (L x B x H): 2950 x 2140 x 2072 mm
Innenmaße (L x B x H): 2800 x 1990 x 1948 mm
Türmaße (B x H): 1750 (813 + 937 mm) x 1849 mm
Gesamtgewicht: 420 kg
Gabelstapleraufnahme: 850 mm
Konstruktion:",Home & Garden > Household & Cleaning > Storage & Organization > Storage Buildings,100074,new,FALSE,kg,active
lagercontainer-3-x-2-m-doppeltuer-kurze-seite-anthrazit-ral-7016,Lagercontainer 3 x 2 m Doppeltür Kurze Seite Anthrazit RAL 7016,"<p>Lagercontainer 3 x 2 m Doppeltür Kurze Seite Anthrazit RAL 7016</p><p>Zerlegbar / selbst zusammenzubauen</p><p>Außenmaße (L x B x H): 2950 x 2140 x 2072 mm</p><p>Innenmaße (L x B x H): 2800 x 1990 x 1948 mm</p><p>Türmaße (B x H): 1750 (813 + 937 mm) x 1849 mm</p><p>Gesamtgewicht: 420 kg</p><p>Gabelstapleraufnahme: 850 mm</p><p>Konstruktion: Vollständig selbsttragend, einschließlich Boden</p><p>Dieser Container 3 x 2 ist die perfekte Lösung für die temporäre oder dauerhafte Lagerung von Materialien, Waren, Werkzeugen oder für Umzüge. Sowohl für Privatpersonen als auch für Unternehmen geeignet. Natürlich kann dieser Container auch für andere Aktivitäten genutzt werden. Dieser Container ist selbstverständlich auch in anderen Farben erhältlich.</p><p>Der Container 3 x 2 ist leicht genug, um selbst transportiert zu werden. Dieser Container 3 x 2 besteht aus mehreren Teilen, die zusammengebaut werden müssen. Dadurch kann der Container durch kleine Gänge und Türen transportiert werden. Dank dieser verschiedenen Komponenten ist es auch möglich, den Container mit bloßer Muskelkraft zu bewegen, sodass kein Gabelstapler oder Kran erforderlich ist. Der Container ist außerdem mit Gabelstaplerhülsen ausgestattet. Der Container 3 x 2 ist auch mit Hebeösen ausgestattet. Selbstverständlich ist der Container 3 x 2 auch mit einem doppelten Schließmechanismus für mehr Sicherheit ausgestattet.</p><p>Die Montage dieses Containers 3 x 2 dauert nicht länger als 20 bis 30 Minuten. Da dieser Container einfach zusammenzubauen ist, nimmt er wenig Platz ein, wenn er nicht verwendet wird. Keine schweren Werkzeuge sind erforderlich, da der Container mit Muttern und Schrauben montiert wird. Alles, was Sie brauchen, ist ein Satz Schraubenschlüssel und Drehmomentschlüssel, ein Kreuzschlitzschraubendreher oder ein Bohrer.</p><p>Der Boden des Containers besteht aus Spanplatten, um die Kosten so gering wie möglich zu halten. Spanplatten werden oft im Bauwesen verwendet, um Strukturen zu verstärken, sodass Sie sich keine Sorgen machen müssen, den Boden zu beschädigen.</p><p>Selbstverständlich hat dieser Container die Niedrigpreisgarantie und eine 5-jährige Rostschutzgarantie.</p><p>Ein Container von 3×2 Metern ist eine ausgezeichnete Alternative zu einem 10-Fuß-Seecontainer. Der große Vorteil dieser Containergröße ist, dass viel Platz für alle Arten der Lagerung vorhanden ist. Außerdem ist der Vorteil gegenüber dem 10-Fuß-Container der Transportmodus. Da der Container zerlegbar ist, kann er leicht bewegt werden.</p><p>Ein normaler 10-Fuß-Container kann nicht mit einem Gabelstapler bewegt werden und muss in den meisten Fällen mit einem Kran auf einen Lkw gehoben werden. Der zerlegbare Container kann als Paket transportiert werden, was die Transportkosten reduziert.</p><p>Ein weiterer Vorteil gegenüber dem 10-Fuß-Container ist, dass es weniger Kondensation gibt, dank einer besseren Luftzirkulation im zerlegbaren Container. Normale 10-Fuß-Container müssen auf großen Frachtschiffen transportiert werden und müssen wasserdicht sein, was diese Kondensation verursacht.</p><p>Kurz gesagt, dieser Container 3 x 2 ist ideal für Bauunternehmen, die einen temporären oder dauerhaften Lagerplatz suchen, oder für Privatpersonen, die einen Gartenschuppen suchen. Dieser Container ist auch mit einem Seecontainer vergleichbar.</p><p>Merkmale:</p><p>Vollständig verzinktes Gehäuse</p><p>Reduzierter Lagerplatzbedarf wenn nicht in Gebrauch</p><p>Einfache Montage</p><p>Vollständig erweiterbare Kapazität (modular)</p><p>Optional: Schnapp-Ständer und Regalträger</p><p>Optional: Pulverbeschichtung außen, wenn der Container farbcodiert werden soll</p><p>Niedriger Preis</p>",DRIK CONTAINERS,Home & Garden > Household & Cleaning > Storage & Organization > Storage Buildings,Lagercontainer,Lagercontainer,TRUE,Title,Default Title,,,,,DRK-100075,0,shopify,10,deny,manual,1200.00,,TRUE,TRUE,,https://static.wixstatic.com/media/546163_e5602e6aa3f54db1a1cd8e27aa7999d9~mv2.webp,1,Lagercontainer 3 x 2 m Doppeltür Kurze Seite Anthrazit RAL 7016,FALSE,Lagercontainer 3 x 2 m Doppeltür Kurze Seite Anthrazit RAL 7016,"Lagercontainer 3 x 2 m Doppeltür Kurze Seite Anthrazit RAL 7016
Zerlegbar / selbst zusammenzubauen
Außenmaße (L x B x H): 2950 x 2140 x 2072 mm
Innenmaße (L x B x H): 2800 x 1990 x 1948 mm
Türmaße (B x H): 1750 (813 + 937 mm) x 1849 mm
Gesamtgewicht: 420 kg
Gabelstapleraufnahme: 850 mm
Konstruktion:",Home & Garden > Household & Cleaning > Storage & Organization > Storage Buildings,100075,new,FALSE,kg,active
bar-container-8-x-2-xl-anthrazit-ral-7016,Bar Container 8 x 2 XL Anthrazit RAL 7016,"<p>Zerlegbarer Barbehälter zum Selbstaufbau.</p><p>Außenabmessungen (L x B x H): 7762 x 2239 x 2289 mm.</p><p>Innenabmessungen (L x B x H): 7600 x 2128 x 2280 mm.</p><p>Türabmessungen (B x H): 1750 x 1850 mm.</p><p>Gewicht: 1138,4 kg.</p><p>In allen RAL-Farben erhältlich!</p><p>Der Containerdeckel ist beidseitig mit zwei Zylinderschlössern gesichert.</p><p>Vollständig selbsttragende Konstruktion, einschließlich Boden.</p><p>Unser einzigartiges Modulkonzept wird standardmäßig mit 2 Platten à 3 Meter für stapelbare Behälter und 2 Platten für Doppeltüren geliefert.</p><p>Ein zusätzliches 2-Meter-Panel ist in der Abbildung enthalten. Wenn Sie einen maßgeschneiderten Barcontainer wünschen, fragen Sie unsere Spezialisten!</p><p>Auf Lager</p><p>Einer der größten Vorteile des Barcontainers ist, dass er mit einem klappbaren Vordach ausgestattet ist. Dadurch erhält der Container das typische Aussehen einer Bar. Durch das Vordach bleiben Ihre Kunden trocken. Ein weiterer Vorteil ist die Langlebigkeit des Containers, da er aus hochwertigem Stahl gefertigt ist. Er wird daher sehr lange halten und erfordert keine Wartung. Das ist ein großer Unterschied zu anderen Materialien, die viel Aufwand für die Reinigung benötigen.</p><p>Ein weiterer Vorteil des 8×2-Meter-Barcontainers ist seine schnelle und einfache Montage. Wir helfen Ihnen gerne beim Aufbau, damit Sie sich nicht darum kümmern müssen. Das bedeutet auch, dass der Container nach einer Veranstaltung einfach demontiert und verstaut werden kann. Außerdem nimmt der Container zusammengeklappt nur wenig Lagerplatz in Anspruch. Schließlich kann der Container mit einem Gabelstapler dank der Vorrichtung am Boden des Containers bewegt werden. Er kann aufgestellt oder bewegt werden, wenn er zusammengeklappt ist.</p><p>„Der Barcontainer kann in vielen verschiedenen Situationen eingesetzt werden. Zum Beispiel kann er als Bar oder Stand dienen.""</p><p>Bestellen Sie sofort. Möchten Sie mehr über die Vorteile und Möglichkeiten erfahren? Kontaktieren Sie uns über das Kontaktformular.</p>",DRIK CONTAINERS,Furniture > Outdoor Furniture > Outdoor Kitchens & Bars,Bar Container,Bar Container,TRUE,Title,Default Title,,,,,DRK-100088,0,shopify,10,deny,manual,4200.00,,TRUE,TRUE,,https://static.wixstatic.com/media/546163_7da75a8d66bb45829cf18797bccb46c0~mv2.webp,1,Bar Container 8 x 2 XL Anthrazit RAL 7016,FALSE,Bar Container 8 x 2 XL Anthrazit RAL 7016,"Zerlegbarer Barbehälter zum Selbstaufbau.
Außenabmessungen (L x B x H): 7762 x 2239 x 2289 mm.
Innenabmessungen (L x B x H): 7600 x 2128 x 2280 mm.
Türabmessungen (B x H): 1750 x 1850 mm.
Gewicht: 1138,4 kg.
In allen RAL-Farben erhältlich!
Der Containerdeckel ist beidseitig mit zwei Zylinderschlösse",Furniture > Outdoor Furniture > Outdoor Kitchens & Bars,100088,new,FALSE,kg,active
bar-container-xl-6-x-2-anthrazit-ral-7016,Bar Container XL 6 x 2 Anthrazit RAL 7016,"<p>Zerlegbarer Barbehälter zum Selbstaufbau.</p><p>Außenabmessungen (L x B x H): 5903 x 2289 x 2238 mm.</p><p>Innenabmessungen (L x B x H): 5741 x 2130 x 2230 mm.</p><p>Türabmessungen (B x H): 1750 x 1850 mm.</p><p>Gewicht: 972 kg.</p><p>In allen RAL-Farben erhältlich!</p><p>Der Containerdeckel ist beidseitig mit zwei Zylinderschlössern gesichert.</p><p>Vollständig selbsttragende Konstruktion, einschließlich Boden.</p><p>Unser einzigartiges Modulkonzept wird standardmäßig mit 2 Platten à 3 Meter für stapelbare Behälter und 2 Platten für Doppeltüren geliefert.</p><p>Ein zusätzliches 2-Meter-Panel ist in der Abbildung enthalten. Wenn Sie einen maßgeschneiderten Barcontainer wünschen, fragen Sie unsere Spezialisten!</p><p>Auf Lager</p><p>Einer der größten Vorteile des Barcontainers ist, dass er mit einem klappbaren Vordach ausgestattet ist. Dadurch erhält der Container das typische Aussehen einer Bar. Durch das Vordach bleiben Ihre Kunden trocken. Ein weiterer Vorteil ist die Langlebigkeit des Containers, da er aus hochwertigem Stahl gefertigt ist. Er wird daher sehr lange halten und erfordert keine Wartung. Das ist ein großer Unterschied zu anderen Materialien, die viel Aufwand für die Reinigung benötigen.</p><p>Ein weiterer Vorteil des 6×2-Meter-Barcontainers ist seine schnelle und einfache Montage. Wir helfen Ihnen gerne beim Aufbau, damit Sie sich nicht darum kümmern müssen. Das bedeutet auch, dass der Container nach einer Veranstaltung einfach demontiert und verstaut werden kann. Außerdem nimmt der Container zusammengeklappt nur wenig Lagerplatz in Anspruch. Schließlich kann der Container mit einem Gabelstapler dank der Vorrichtung am Boden des Containers bewegt werden. Er kann aufgestellt oder bewegt werden, wenn er zusammengeklappt ist.</p><p>„Der Barcontainer kann in vielen verschiedenen Situationen eingesetzt werden. Zum Beispiel kann er als Bar oder Stand dienen.""</p><p>Bestellen Sie sofort. Möchten Sie mehr über die Vorteile und Möglichkeiten erfahren? Kontaktieren Sie uns über das Kontaktformular.</p>",DRIK CONTAINERS,Furniture > Outdoor Furniture > Outdoor Kitchens & Bars,Bar Container,Bar Container,TRUE,Title,Default Title,,,,,DRK-100089,0,shopify,10,deny,manual,2950.00,,TRUE,TRUE,,https://static.wixstatic.com/media/546163_bddab399284a4ad98d16e496a23d2082~mv2.png,1,Bar Container XL 6 x 2 Anthrazit RAL 7016,FALSE,Bar Container XL 6 x 2 Anthrazit RAL 7016,"Zerlegbarer Barbehälter zum Selbstaufbau.
Außenabmessungen (L x B x H): 5903 x 2289 x 2238 mm.
Innenabmessungen (L x B x H): 5741 x 2130 x 2230 mm.
Türabmessungen (B x H): 1750 x 1850 mm.
Gewicht: 972 kg.
In allen RAL-Farben erhältlich!
Der Containerdeckel ist beidseitig mit zwei Zylinderschlössern ",Furniture > Outdoor Furniture > Outdoor Kitchens & Bars,100089,new,FALSE,kg,active
bar-container-xl-4-x-4-anthrazit-ral-7016,Bar Container XL 4 x 4 Anthrazit RAL 7016,"<p>Zerlegbarer Barcontainer.</p><p>Außenabmessungen (L x B x H): 4585 x 3885 x 2240 mm.</p><p>Innenabmessungen (L x B x H): 4434 x 3727 x 2100 mm.</p><p>Türabmessungen (B x H): 1750 x 1850 mm.</p><p>Gewicht: 1138,4 kg.</p><p>In allen RAL-Farben erhältlich.</p><p>Das Dach des Containers ist beidseitig mit zwei Zylinderschlössern gesichert.</p><p>Vollständig selbsttragende Konstruktion, einschließlich Boden.</p><p>Auf Lager</p><p>Der zerlegbare Barcontainer misst ca. 4×4 Meter und verfügt über ein faltbares Vordach – die Abmessungen sind in etwa die gleichen wie bei einem zerlegbaren 16-Fuß-Container. Das ist ideal für Personen, die Schutz vor Regen suchen, und verleiht dem Container das Aussehen einer echten Bar. Das Vordach kann ebenfalls abgeschlossen werden, sodass der Barcontainer mit den darin befindlichen Gegenständen sicher gelassen werden kann. Außerdem gibt es eine Doppeltür auf der Schmalseite, die das Einbringen sperriger Gegenstände wie eines Bierfasses ermöglicht. Das ist also die ideale Lösung, um auf Veranstaltungen eine Buvette anzubieten. Ein einfacher, aber solider Barcontainer.</p><p>Der Barcontainer kann für viele Zwecke verwendet werden. Sie können ihn also bei einer Feier als Bar nutzen, wo Leute Getränke oder Essen abholen können. Der Container ist sofort einsatzbereit, Sie müssen ihn nur aufbauen und Ihre Produkte darin installieren. Nach der Veranstaltung ist der Container einfach zu demontieren dank der abnehmbaren Paneele, aus denen er besteht. Wenn er demontiert ist, nimmt der Container wenig Platz ein. Natürlich kann der Container auch für andere Zwecke verwendet werden. Sie können damit machen, was Sie wollen, und wir sind immer bereit, Ihnen bei Ihren Entscheidungen zu helfen. Zögern Sie nicht, uns zu kontaktieren, wir helfen Ihnen gerne!</p><p>Ein weiterer großer Vorteil des zerlegbaren 4×4-Barcontainers ist, dass er mit einem Gabelstapler leicht zu bewegen ist dank der dafür vorgesehenen Manschetten am Boden des Containers. Das ermöglicht es, ihn einfach zu bewegen, ohne dass viele Leute benötigt werden. Der Barcontainer ist außerdem in allen RAL-Farben erhältlich, die Lackierung ist bereits im Preis enthalten!</p><p>Das ermöglicht Ihnen, ein qualitativ hochwertiges Produkt zu einem günstigen Preis zu erhalten!</p><p>Sind Sie interessiert oder haben Sie noch Zweifel? Zögern Sie nicht, uns zu kontaktieren, wir helfen Ihnen gerne!</p>",DRIK CONTAINERS,Furniture > Outdoor Furniture > Outdoor Kitchens & Bars,Bar Container,Bar Container,TRUE,Title,Default Title,,,,,DRK-100090,0,shopify,10,deny,manual,2450.00,,TRUE,TRUE,,https://static.wixstatic.com/media/546163_383be15cb97e4fc3b008363aa3be752a~mv2.webp,1,Bar Container XL 4 x 4 Anthrazit RAL 7016,FALSE,Bar Container XL 4 x 4 Anthrazit RAL 7016,"Zerlegbarer Barcontainer.
Außenabmessungen (L x B x H): 4585 x 3885 x 2240 mm.
Innenabmessungen (L x B x H): 4434 x 3727 x 2100 mm.
Türabmessungen (B x H): 1750 x 1850 mm.
Gewicht: 1138,4 kg.
In allen RAL-Farben erhältlich.
Das Dach des Containers ist beidseitig mit zwei Zylinderschlössern gesichert",Furniture > Outdoor Furniture > Outdoor Kitchens & Bars,100090,new,FALSE,kg,active
bar-container-xl-4-x-3-anthrazit-ral-7016,Bar Container XL 4 x 3 Anthrazit RAL 7016,"<p>Zerlegbarer Barcontainer.</p><p>Außenabmessungen (L x B x H): 4582 x 2950 x 2240 mm.</p><p>Innenabmessungen (L x B x H): 4420 x 2789 x 2100 mm.</p><p>Türabmessungen (B x H): 1750 x 1850 mm.</p><p>Gewicht: 972 kg.</p><p>In allen RAL-Farben erhältlich.</p><p>Das Dach des Containers ist beidseitig mit zwei Zylinderschlössern gesichert.</p><p>Vollständig selbsttragende Konstruktion, einschließlich Boden.</p><p>Auf Lager</p><p>Der zerlegbare Barcontainer misst ca. 4×3 Meter und verfügt über ein faltbares Vordach – die Abmessungen sind in etwa die gleichen wie bei einem zerlegbaren 16-Fuß-Container. Das ist ideal für Personen, die Schutz vor Regen suchen, und verleiht dem Container das Aussehen einer echten Bar. Das Vordach kann ebenfalls abgeschlossen werden, sodass der Barcontainer mit den darin befindlichen Gegenständen sicher gelassen werden kann. Außerdem gibt es eine Doppeltür auf der Schmalseite, die das Einbringen sperriger Gegenstände wie eines Bierfasses ermöglicht. Das ist also die ideale Lösung, um auf Veranstaltungen eine Buvette anzubieten. Ein einfacher, aber solider Barcontainer.</p><p>Der Barcontainer kann für viele Zwecke verwendet werden. Sie können ihn also bei einer Feier als Bar nutzen, wo Leute Getränke oder Essen abholen können. Der Container ist sofort einsatzbereit, Sie müssen ihn nur aufbauen und Ihre Produkte darin installieren. Nach der Veranstaltung ist der Container einfach zu demontieren dank der abnehmbaren Paneele, aus denen er besteht. Wenn er demontiert ist, nimmt der Container wenig Platz ein. Natürlich kann der Container auch für andere Zwecke verwendet werden. Sie können damit machen, was Sie wollen, und wir sind immer bereit, Ihnen bei Ihren Entscheidungen zu helfen. Zögern Sie nicht, uns zu kontaktieren, wir helfen Ihnen gerne!</p><p>Ein weiterer großer Vorteil des zerlegbaren 4×3-Barcontainers ist, dass er mit einem Gabelstapler leicht zu bewegen ist dank der dafür vorgesehenen Manschetten am Boden des Containers. Das ermöglicht es, ihn einfach zu bewegen, ohne dass viele Leute benötigt werden. Der Barcontainer ist außerdem in allen RAL-Farben erhältlich, die Lackierung ist bereits im Preis enthalten!</p><p>Das ermöglicht Ihnen, ein qualitativ hochwertiges Produkt zu einem günstigen Preis zu erhalten!</p><p>Sind Sie interessiert oder haben Sie noch Zweifel? Zögern Sie nicht, uns zu kontaktieren, wir helfen Ihnen gerne!</p>",DRIK CONTAINERS,Furniture > Outdoor Furniture > Outdoor Kitchens & Bars,Bar Container,Bar Container,TRUE,Title,Default Title,,,,,DRK-100091,0,shopify,10,deny,manual,2000.00,,TRUE,TRUE,,https://static.wixstatic.com/media/546163_4d42f2a53b7841dda5a4eb4610872cff~mv2.webp,1,Bar Container XL 4 x 3 Anthrazit RAL 7016,FALSE,Bar Container XL 4 x 3 Anthrazit RAL 7016,"Zerlegbarer Barcontainer.
Außenabmessungen (L x B x H): 4582 x 2950 x 2240 mm.
Innenabmessungen (L x B x H): 4420 x 2789 x 2100 mm.
Türabmessungen (B x H): 1750 x 1850 mm.
Gewicht: 972 kg.
In allen RAL-Farben erhältlich.
Das Dach des Containers ist beidseitig mit zwei Zylinderschlössern gesichert.
V",Furniture > Outdoor Furniture > Outdoor Kitchens & Bars,100091,new,FALSE,kg,active
19-fuss-seitenoeffnungs-container-mini-seitenoeffnungs-container,19-Fuß-Seitenöffnungs-Container: Mini-Seitenöffnungs-Container,"<p>Der 19-Fuß-Seitenöffnungscontainer wurde für Anwendungen entwickelt, bei denen ein 20-Fuß-Container zu groß ist, aber seitlicher Zugang unverzichtbar bleibt. Mit seiner kompakten Länge und vier durchgehenden Seitenflügeln bietet dieser Container eine einzigartige Kombination aus Zugänglichkeit, Flexibilität und Transportzertifizierung.</p><p>Konstruktion und Materialien</p><p>Körper: Hochfester Corten-Stahl – korrosionsbeständig und wartungsarm</p><p>Wände: Kaltgewalzte und verstärkte Stahlprofilplatten</p><p>Boden: Feuchtigkeitsbeständiges Marinefurnier – robust, rutschfest, gabelstaplergeeignet</p><p>Türen: 4 Seitenflügeltüren auf ganzer Länge + Fronttür für kombinierten Be-/Entladevorgang</p><p>Zertifizierung: ISO-konform mit CSC-Schild – homologiert für weltweiten Seetransport</p><p>Technische Daten</p><p>Eigenschaft	Wert</p><p>Außenlänge	ca. 5,80 m (19 Fuß)</p><p>Leergewicht (Tara)	2.550 kg</p><p>Max. Bruttogewicht	20.000 kg</p><p>Max. Nutzlast	17.450 kg</p><p>Material	Corten-Stahl, seewasserbeständig</p><p>Zulassung	ISO + CSC</p><p>Typische Einsatzbereiche</p><p>Empfindliche Maschinenteile und Anlagen</p><p>Event-Technikausstattung, die schnell von der Seite zugänglich sein muss</p><p>Werkzeug- oder Materialcontainer für schwer zugängliche Baustellen</p><p>Mobile Showrooms oder Verteilungspunkte</p>",DRIK CONTAINERS,Business & Industrial > Material Handling > Shipping Containers,Gebrauchte Container,Gebrauchte Container,TRUE,Title,Default Title,,,,,DRK-100104,0,shopify,10,deny,manual,1400.00,,TRUE,TRUE,,https://static.wixstatic.com/media/546163_7d164d38e7934b189a7079675ddb6e86~mv2.webp,1,19-Fuß-Seitenöffnungs-Container: Mini-Seitenöffnungs-Container,FALSE,19-Fuß-Seitenöffnungs-Container: Mini-Seitenöffnungs-Container,"Der 19-Fuß-Seitenöffnungscontainer wurde für Anwendungen entwickelt, bei denen ein 20-Fuß-Container zu groß ist, aber seitlicher Zugang unverzichtbar bleibt. Mit seiner kompakten Länge und vier durchgehenden Seitenflügeln bietet dieser Container eine einzigartige Kombination aus Zugänglichkeit, Flex",Business & Industrial > Material Handling > Shipping Containers,100104,new,FALSE,kg,active
seecontainer-20-fuss-halbhoehe-offenes-dach,Seecontainer 20 Fuß Halbhöhe offenes Dach,"<p>Seecontainer 20 Fuß Halbhöhe Offenes Dach</p><p>Technische Daten</p><p>Innenabmessungen (L x B x H): 5,952 x 2,350 x 1,116 m</p><p>Außenabmessungen (L x B x H): 6,058 x 2,438 x 1,295 m</p><p>Türöffnung (L x H): 5.810 x 2.190 mm</p><p>Volumen: 15,60 m³</p><p>Leergewicht: 2.210 kg | Max. Nutzlast: 21.790 kg | Max. Bruttogewicht: 24.000 kg</p><p>Standardfarbe: RAL5013</p><p>Boden: Vollverschweißte Stahlplatte</p><p>Ausstattung</p><p>Doppeltürschlösser | Schlüsselbox | Zwei Gabelstaplertaschen | Hohe Griffe und Verriegelungsvorrichtung</p><p>Zertifiziert CSC | Aus Corten-Stahl | In allen RAL-Farben erhältlich | Stapelbar | Geeignet für Lagerung und Transport</p><p>Der 20-Fuß-Halbhöhe-Open-Top-Container ist doppelt so niedrig wie die Standardhöhe und hat kein Stahldach. Der abnehmbare Sturz über den Containertüren ermöglicht das Be- und Entladen mit einem Gabelstapler.</p>",DRIK CONTAINERS,Business & Industrial > Material Handling > Shipping Containers,Gebrauchte Container,Gebrauchte Container,TRUE,Title,Default Title,,,,,DRK-100105,0,shopify,10,deny,manual,1290.00,,TRUE,TRUE,,https://static.wixstatic.com/media/c541a2_ed1ce32bcd00453888f343c6f2cb90f2~mv2.webp,1,Seecontainer 20 Fuß Halbhöhe offenes Dach,FALSE,Seecontainer 20 Fuß Halbhöhe offenes Dach,"Seecontainer 20 Fuß Halbhöhe Offenes Dach
Technische Daten
Innenabmessungen (L x B x H): 5,952 x 2,350 x 1,116 m
Außenabmessungen (L x B x H): 6,058 x 2,438 x 1,295 m
Türöffnung (L x H): 5.810 x 2.190 mm
Volumen: 15,60 m³
Leergewicht: 2.210 kg | Max. Nutzlast: 21.790 kg | Max. Bruttogewicht: 24.000 ",Business & Industrial > Material Handling > Shipping Containers,100105,new,FALSE,kg,active
klaerbehaelter-container-2-5-6-m,"Klärbehälter-Container 2,5×6 m","<p>Klärbehälter-Container 2,5×6 m</p><p>Eigenschaften:</p><p>Abmessungen: 2,5 Meter Breite x 6 Meter Länge</p><p>Höhe: 90 cm</p><p>Kapazität: Ideal für mittelgroße Wohn- oder Gewerbeimmobilien</p><p>Material: Hochdichtes Polyethylen, beständig gegen Chemikalien und klimatische Bedingungen</p><p>Installation: Einfach einzugraben, mit Hebepunkten für die Handhabung</p><p>Vorteile</p><p>Erhöhte Widerstandsfähigkeit: Robuste Konstruktion für lange Lebensdauer</p><p>Perfekte Dichtheit: Verstärkte Verbindung zur Vermeidung von Lecks</p><p>Einfache Wartung: Einfacher Zugang für Entleerung und Wartung</p><p>Dieser neue Container ist einbaufertig und eine zuverlässige Option für Ihre Abwasserbehandlungsanforderungen.</p><p>Zahlungssicher | Rückgabe innerhalb von 30 Tagen | Lieferzeit 15 bis 20 Werktage</p>",DRIK CONTAINERS,Business & Industrial > Material Handling > Shipping Containers,Gebrauchte Container,Gebrauchte Container,TRUE,Title,Default Title,,,,,DRK-100106,0,shopify,10,deny,manual,1995.00,,TRUE,TRUE,,https://static.wixstatic.com/media/c541a2_c77f35e729ec449ebe59b3551a6591ae~mv2.jpg,1,"Klärbehälter-Container 2,5×6 m",FALSE,"Klärbehälter-Container 2,5×6 m","Klärbehälter-Container 2,5×6 m
Eigenschaften:
Abmessungen: 2,5 Meter Breite x 6 Meter Länge
Höhe: 90 cm
Kapazität: Ideal für mittelgroße Wohn- oder Gewerbeimmobilien
Material: Hochdichtes Polyethylen, beständig gegen Chemikalien und klimatische Bedingungen
Installation: Einfach einzugraben, mit Hebe",Business & Industrial > Material Handling > Shipping Containers,100106,new,FALSE,kg,active
gebrauchter-seecontainer-20-fuss,Gebrauchter Seecontainer 20 Fuß,"<p>Gebrauchter Seecontainer 20 Fuß</p><p>Maße:</p><p>Außenmaße: 6.058 mm (Länge) x 2.438 mm (Breite) x 2.591 mm (Höhe)</p><p>Innenmaße: 5.898 mm (Länge) x 2.352 mm (Breite) x 2.393 mm (Höhe)</p><p>Volumetrische Kapazität: ca. 33,2 Kubikmeter</p><p>Leergewicht: ca. 2.200 kg</p><p>Tragfähigkeit: ca. 28.000 kg (maximale Nutzlast)</p><p>Materialien: Corten-Stahl, bekannt für seine Korrosionsbeständigkeit</p><p>Tür: In der Regel Doppeltür am Ende, mit sicherem Verriegelungsmechanismus</p><p>Boden: Oft aus Holz oder widerstandsfähigem Bambus</p><p>Lüftung: Kleine Öffnungen zur Belüftung und Vermeidung von Kondensation</p><p>Details der Gebrauchtcontainer:</p><p>Zustand: Gebrauchte Container werden oft in mehrere Kategorien eingeteilt:</p><p>Cargo Worthy (CW): Transportbereit, noch in gutem Zustand</p><p>Wind and Water Tight (WWT): Wasserdicht und luftdicht, könnte aber nicht mehr transporttauglich sein</p><p>As-Is: Container im vorhandenen Zustand verkauft, möglicherweise Reparaturen erforderlich</p><p>Verschleiß: Gebrauchte Container können Anzeichen von Verschleiß wie Kratzer, Dellen oder minimale Korrosion zeigen</p><p>Reparaturen: Einige Container können Reparaturen erfahren haben (Boden, Türen, Seitenwände)</p>",DRIK CONTAINERS,Business & Industrial > Material Handling > Shipping Containers,Gebrauchte Container,Gebrauchte Container,TRUE,Title,Default Title,,,,,DRK-100107,0,shopify,10,deny,manual,1890.00,,TRUE,TRUE,,https://static.wixstatic.com/media/130d33_3529c6c17d5a4210b736ee3d717a2a95~mv2.jpg,1,Gebrauchter Seecontainer 20 Fuß,FALSE,Gebrauchter Seecontainer 20 Fuß,"Gebrauchter Seecontainer 20 Fuß
Maße:
Außenmaße: 6.058 mm (Länge) x 2.438 mm (Breite) x 2.591 mm (Höhe)
Innenmaße: 5.898 mm (Länge) x 2.352 mm (Breite) x 2.393 mm (Höhe)
Volumetrische Kapazität: ca. 33,2 Kubikmeter
Leergewicht: ca. 2.200 kg
Tragfähigkeit: ca. 28.000 kg (maximale Nutzlast)
Materialie",Business & Industrial > Material Handling > Shipping Containers,100107,new,FALSE,kg,active
tiny-house-37m-mit-grosser-ueberdachter-terrasse-5-jahre-garantie,"Tiny House 37m² mit großer überdachter Terrasse, 5 Jahre Garantie","<p>Artikelmerkmale</p><p>Artikelzustand</p><p>Neu: Neuer, unbenutzter und unbeschädigter Artikel in der originalen, ungeöffneten Verpackung (sofern eine Verpackung vorhanden ist). Die Verpackung muss der im Einzelhandel verwendeten entsprechen. Ausnahme: Der Artikel war ursprünglich in einer für den Einzelhandel nicht bestimmten Verpackung verpackt, z. B. ein unbedruckter Karton oder eine Plastikhülle. Weitere Details im Angebot des Verkäufers. Alle Zustandsdefinitionen anzeigen</p><p>Marke: Keine Marke</p><p>Produkttyp: Modulares Haus</p><p>Besonderheiten</p><p>Doppelfenster, Smart Home, moderne Architektur, universelles Design, Zentralheizung/Klimaanlage</p><p>Anzahl Schlafzimmer: 3</p><p>Anzahl Badezimmer: 1</p><p>Materialien: Kunststoff, Metall</p><p>Breite: 20 ft (5,86 Meter)</p><p>Länge: 20 ft (6,1 Meter)</p><p>Höhe: 20 ft (2,55 Meter)</p><p>Herstellergarantie: 5 Jahre</p><p>Ihr Tiny House Container von 37 m² – Viel Platz für Ihre Wohnträume</p><p>Fläche: 37 m²</p><p>Große überdachte Terrasse mit Geländer</p><p>Doppeldach mit eleganter schwarzer Oberfläche</p><p>Glasfassade mit zentraler Doppelschiebetür</p><p>Ambientebeleuchtung inklusive unter dem Vordach</p><p>Verstärkte Konstruktion mit CE-konformen Materialien</p><p>Perfekt isoliert für ganzjährige Nutzung</p><p>Komfort & Individualisierung:</p><p>100% individualisierbarer Innenausbau (Schlafzimmer, Küche, Bad)</p><p>Möglichkeit zum Hinzufügen eines Balkons, Panorama-Glasfenster oder eines Vorbau</p><p>Verfügbare Außenverkleidungen: Holz, Anthrazitgrau, Weiß, Sand, Terrakotta</p><p>Erleben Sie modernes Wohnen mit unserem geräumigen Tiny House Container von 37 m². Dieses durchdachte Wohnkonzept vereint großzügige Wohnfläche mit innovativem Design und maximalem Wohnkomfort. Dank unseres Komplettservice müssen Sie sich um nichts kümmern – von der ersten Planung bis zur schlüsselfertigen Übergabe.</p><p>Unser Service für Sie</p><p>1. Individuelle Planung:</p><p>Wir entwickeln Ihr persönliches Tiny House Container nach Ihren Vorstellungen. Gemeinsam erstellen wir ein maßgeschneidertes Raumkonzept, das Ihren individuellen Bedürfnissen entspricht.</p><p>2. Produktion & Qualität:</p><p>Unsere Container werden nach strengsten Qualitätsstandards gefertigt. Sie sind langlebig, robust und umweltfreundlich – ideal für eine nachhaltige Nutzung in Deutschland und Europa.</p><p>3. Lieferung & Montage:</p><p>Wir organisieren die gesamte Logistik. Ihr Tiny House Container wird direkt auf Ihr Grundstück geliefert, fachgerecht installiert und professionell montiert.</p><p>4. Installation & Versorgung:</p><p>Alle unsere Häuser verfügen über moderne Wasser- und Stromversorgungssysteme, die allen gesetzlichen Anforderungen in Deutschland und Europa entsprechen. Selbstverständlich sind alle erforderlichen Lizenzen und Zertifizierungen inklusive.</p><p>5. Genehmigungen & Pflichten:</p><p>Wir übernehmen auch gerne alle erforderlichen Genehmigungen und Pflichten, die Sie als Hausbesitzer erfüllen müssen. Zögern Sie nicht, uns zu schreiben!</p>",DRIK CONTAINERS,Home & Garden > Household & Cleaning > Storage & Organization > Storage Buildings,Wohncontainer & Tiny Houses,Wohncontainer & Tiny Houses,TRUE,Title,Default Title,,,,,DRK-100146,0,shopify,10,deny,manual,6900.00,,TRUE,TRUE,,https://static.wixstatic.com/media/c541a2_fb44012aa2e84ac090149dfe7b070129~mv2.jpg,1,"Tiny House 37m² mit großer überdachter Terrasse, 5 Jahre Garantie",FALSE,"Tiny House 37m² mit großer überdachter Terrasse, 5 Jahre Garantie","Artikelmerkmale
Artikelzustand
Neu: Neuer, unbenutzter und unbeschädigter Artikel in der originalen, ungeöffneten Verpackung (sofern eine Verpackung vorhanden ist). Die Verpackung muss der im Einzelhandel verwendeten entsprechen. Ausnahme: Der Artikel war ursprünglich in einer für den Einzelhandel n",Home & Garden > Household & Cleaning > Storage & Organization > Storage Buildings,100146,new,FALSE,kg,active
tiny-house-xxl-76m-mit-grosser-ueberdachter-terrasse-5-jahre-garantie,"Tiny House XXL 76m² mit großer überdachter Terrasse, 5 Jahre Garantie","<p>Tiny House XXL 76m² mit großer überdachter Terrasse, 5 Jahre Garantie</p><p>Artikelmerkmale</p><p>Artikelzustand: Neu: Neuer, unbenutzter und unbeschädigter Artikel in der originalen, ungeöffneten Verpackung (sofern eine Verpackung vorhanden ist). Die Verpackung muss der im Einzelhandel verwendeten entsprechen.</p><p>Marke: Keine Marke</p><p>Produkttyp: Modulares Haus</p><p>Besonderheiten:</p><p>Doppelfenster</p><p>Smart Home</p><p>Moderne Architektur</p><p>Universelles Design</p><p>Zentralheizung/Klimaanlage</p><p>Anzahl Schlafzimmer: 3</p><p>Anzahl Badezimmer: 1</p><p>Materialien: Kunststoff, Metall</p><p>Breite: 20 ft (6,1 Meter)</p><p>Länge: 40 ft (12,19 Meter)</p><p>Höhe: 10 ft (3,05 Meter)</p><p>Herstellergarantie: 5 Jahre</p><p>Ihr Tiny House Container von 76 m² – Viel Platz für Ihre Wohnträume</p><p>Fläche: 76 m²</p><p>Große überdachte Terrasse mit Geländer</p><p>Doppeldach mit eleganter schwarzer Oberfläche</p><p>Glasfassade mit zentraler Doppelschiebetür</p><p>Ambientebeleuchtung inklusive unter dem Vordach</p><p>Verstärkte Konstruktion mit CE-konformen Materialien</p><p>Perfekt isoliert für ganzjährige Nutzung</p><p>Komfort & Individualisierung:</p><p>100% individualisierbarer Innenausbau (Schlafzimmer, Küche, Bad)</p><p>Möglichkeit zum Hinzufügen eines Balkons, Panorama-Glasfenster oder eines Vorbau</p><p>Verfügbare Außenverkleidungen: Holz, Anthrazitgrau, Weiß, Sand, Terrakotta</p><p>Erleben Sie modernes Wohnen mit unserem geräumigen Tiny House Container von 76 m². Dieses durchdachte Wohnkonzept vereint großzügige Wohnfläche mit innovativem Design und maximalem Wohnkomfort. Dank unseres Komplettservice müssen Sie sich um nichts kümmern – von der ersten Planung bis zur schlüsselfertigen Übergabe.</p><p>Unser Service für Sie:</p><p>1. Individuelle Planung:</p><p>Wir entwickeln Ihr persönliches Tiny House Container nach Ihren Vorstellungen. Gemeinsam erstellen wir ein maßgeschneidertes Raumkonzept, das Ihren individuellen Bedürfnissen entspricht.</p><p>2. Produktion & Qualität:</p><p>Unsere Container werden nach strengsten Qualitätsstandards gefertigt. Sie sind langlebig, robust und umweltfreundlich – ideal für eine nachhaltige Nutzung in Deutschland und Europa.</p><p>3. Lieferung & Montage:</p><p>Wir organisieren die gesamte Logistik. Ihr Tiny House Container wird direkt auf Ihr Grundstück geliefert, fachgerecht installiert und professionell montiert.</p><p>4. Installation & Versorgung:</p><p>Alle unsere Häuser verfügen über moderne Wasser- und Stromversorgungssysteme, die allen gesetzlichen Anforderungen in Deutschland und Europa entsprechen. Selbstverständlich sind alle erforderlichen Lizenzen und Zertifizierungen inklusive.</p><p>5. Genehmigungen & Pflichten:</p><p>Wir übernehmen auch gerne alle erforderlichen Genehmigungen und Pflichten, die Sie als Hausbesitzer erfüllen müssen. Zögern Sie nicht, uns zu schreiben!</p>",DRIK CONTAINERS,Home & Garden > Household & Cleaning > Storage & Organization > Storage Buildings,Wohncontainer & Tiny Houses,Wohncontainer & Tiny Houses,TRUE,Title,Default Title,,,,,DRK-100147,0,shopify,10,deny,manual,9900.00,,TRUE,TRUE,,https://static.wixstatic.com/media/c541a2_fb44012aa2e84ac090149dfe7b070129~mv2.jpg,1,"Tiny House XXL 76m² mit großer überdachter Terrasse, 5 Jahre Garantie",FALSE,"Tiny House XXL 76m² mit großer überdachter Terrasse, 5 Jahre Garantie","Tiny House XXL 76m² mit großer überdachter Terrasse, 5 Jahre Garantie
Artikelmerkmale
Artikelzustand: Neu: Neuer, unbenutzter und unbeschädigter Artikel in der originalen, ungeöffneten Verpackung (sofern eine Verpackung vorhanden ist). Die Verpackung muss der im Einzelhandel verwendeten entsprechen.",Home & Garden > Household & Cleaning > Storage & Organization > Storage Buildings,100147,new,FALSE,kg,active
tiny-house-deluxe-19ft-x-20ft-stahlworks-2025,Tiny House Deluxe 19ft x 20ft – Stahlworks 2025,"<p>Tiny House Deluxe 19ft x 20ft – Stahlworks 2025</p><p>Allgemeine Merkmale:</p><p>Marke: Stahlworks</p><p>Modell: Deluxe (19ft x 20ft)</p><p>Baujahr: 2025</p><p>Gewicht: 3.350 kg</p><p>Grundfläche: 36 m²</p><p>Ausstattung:</p><p>Vollständiges Badezimmer mit Dusche, Toilette und Waschbecken</p><p>Thermische Isolierung von Wänden und Dach für optimalen Komfort</p><p>Vinylboden – widerstandsfähig und pflegeleicht</p><p>Elektrische Ventilation (230V) für gute Belüftung</p><p>9 Fenster mit Doppelverglasung und PVC-Rahmen</p><p>Sichere Tür mit Schloss und Knaufzylinder</p><p>Integrierte Dachrinne für Regenwasserableitung</p><p>Anschlüsse und Transport:</p><p>Vorbereitet für einfache Anschlüsse an Wasser, Strom und Abwasser</p><p>Transportmaße: 5.860 x 2.110 x 2.550 mm</p><p>Gesamtmaße nach Installation:</p><p>Länge: 5,86 m</p><p>Breite: 6,22 m</p><p>Höhe: 2,55 m</p><p>Vorteile:</p><p>Fertiges mobiles Haus sofort einsatzbereit</p><p>Robuste und isolierte Konstruktion für ganzjährige Nutzung</p><p>Einfacher Transport und Installation</p><p>Geeignet als Hauptwohnsitz, mobiles Büro oder Ferienhaus</p><p>Diese Tiny House Stahlworks 2025 kombiniert Praktikabilität, Modernität und Komfort in einem kompakten und transportablen Format, ideal für einen flexiblen und nachhaltigen Lebensstil.</p><p>Diese Tiny House Stahlworks 2025 bietet einen kompakten und komfortablen Wohnraum mit optimaler thermischer Isolierung, einem ausgestatteten Badezimmer, einer funktionalen Küche und 9 Fenstern mit Doppelverglasung. Konzipiert für Wohn- oder temporäre Nutzung, ist sie leicht transportabel und bereit für Anschlüsse an Wasser, Strom und Abwasser.</p>",DRIK CONTAINERS,Home & Garden > Household & Cleaning > Storage & Organization > Storage Buildings,Wohncontainer & Tiny Houses,Wohncontainer & Tiny Houses,TRUE,Title,Default Title,,,,,DRK-100148,0,shopify,10,deny,manual,5860.00,,TRUE,TRUE,,https://static.wixstatic.com/media/c541a2_92b24f36f4aa4909acc1abddbf45854d~mv2.jpg,1,Tiny House Deluxe 19ft x 20ft – Stahlworks 2025,FALSE,Tiny House Deluxe 19ft x 20ft – Stahlworks 2025,"Tiny House Deluxe 19ft x 20ft – Stahlworks 2025
Allgemeine Merkmale:
Marke: Stahlworks
Modell: Deluxe (19ft x 20ft)
Baujahr: 2025
Gewicht: 3.350 kg
Grundfläche: 36 m²
Ausstattung:
Vollständiges Badezimmer mit Dusche, Toilette und Waschbecken
Thermische Isolierung von Wänden und Dach für optimalen Ko",Home & Garden > Household & Cleaning > Storage & Organization > Storage Buildings,100148,new,FALSE,kg,active
tiny-house-xxl-luxus-faltchalet-40-fuss-12-meter,Tiny House XXL / Luxus-Faltchalet – 40 Fuß / 12 Meter,"<p>Tiny House XXL / Luxus-Faltchalet – 40 Fuß / 12 Meter</p><p>Der Dallas De Luxe ""Los Gigantos"" ist ein Tiny House XXL, das für maximalen Komfort in einem kompakten und faltbaren Format konzipiert wurde. Ideal für diejenigen, die eine moderne und mobile Alternative zum traditionellen Haus suchen, ist dieses Chalet eine elegante, funktionale und leicht transportable Lösung.</p><p>Maße und Struktur:</p><p>Länge: 12 Meter (40 Fuß)</p><p>Breite: 6,25 Meter</p><p>Höhe: 2,55 Meter</p><p>Gefaltete Maße (für Transport): 1200x225x258 cm</p><p>Gewicht: 7 Tonnen (7.000 kg)</p><p>Materialien und Isolierung:</p><p>Wände und Dach isoliert für exzellente thermische Leistung in jeder Saison</p><p>Aluminiumstruktur mit Spiegelglasfenstern für Privatsphäre und Ästhetik</p><p>Optimierte Wohnbereiche:</p><p>Geräumiges und einladendes Wohnzimmer</p><p>3 individuelle Schlafzimmer mit abschließbaren Türen für mehr Privatsphäre</p><p>Ausgestattete Küche:</p><p>Marmor-Arbeitsplatte – elegant und widerstandsfähig</p><p>Spüle und Premium-Mischbatterie für praktische Nutzung</p><p>Integrierte Schränke und Schubladen für optimale Aufbewahrung</p><p>Premium-Badezimmer:</p><p>Regendusche mit intuitiver Touch-Steuerung</p><p>Integrierte Toilette und Waschbecken mit Spiegelschrank</p><p>Bodenbelag und Ausstattung:</p><p>Vinylboden in Holzoptik, pflegeleicht und elegant</p><p>Ausstattung und Elektrik:</p><p>230V-Steckdosen für alle Ihre Geräte</p><p>Moderne Schalter und integrierte Deckenleuchten</p><p>Faltbares Konzept für maximale Mobilität:</p><p>Dank seines faltbaren Designs kann das Chalet leicht transportiert und schnell installiert werden, ohne große Bauarbeiten zu erfordern. Gefaltet erreicht es kompakte Maße von 1200x225x258 cm, ideal für Transport und Lagerung.</p><p>Mögliche Nutzungen:</p><p>Ferienhaus oder Zweitwohnsitz</p><p>Arbeitsplatz / mobiles Premium-Büro</p><p>Temporäre Unterkunft für Veranstaltungen oder Baustellen</p><p>Schnelle Installation in ländlichen oder Küstenregionen</p><p>Warum den Dallas De Luxe ""Los Gigantos"" wählen?</p><p>Luxus und Komfort in einem kompakten Format</p><p>Vereinfachter Transport und Installation</p><p>Schlüsselfertige Unterkunft, sofort einsatzbereit</p><p>Dieses faltbare Tiny House XXL vereint modernes Design, Funktionalität und Mobilität und bietet eine Premium-Lösung für einen flexiblen und eleganten Lebensstil.</p><p>Versand- und Rückgaberichtlinie:</p><p>Sichere Bezahlung</p><p>Rückgabe innerhalb von 30 Tagen</p><p>Lieferzeit: 15 bis 20 Werktage</p><p>Der Dallas De Luxe ""Los Gigantos"" ist ein faltbares Luxuschalet, das Mobilität, Komfort und Premium-Design kombiniert. Mit seinen 12 Metern Länge, drei Schlafzimmern, einer ausgestatteten Küche und einem modernen Badezimmer bietet es einen geräumigen und eleganten Wohnraum, perfekt als Ferienhaus, mobiles Büro oder Ferienunterkunft. Sein faltbares System erleichtert den Transport und die Installation und garantiert eine schlüsselfertige Lösung für eine praktische und raffinierte Unterkunft.</p>",DRIK CONTAINERS,Home & Garden > Household & Cleaning > Storage & Organization > Storage Buildings,Wohncontainer & Tiny Houses,Wohncontainer & Tiny Houses,TRUE,Title,Default Title,,,,,DRK-100149,0,shopify,10,deny,manual,8920.00,,TRUE,TRUE,,https://static.wixstatic.com/media/c541a2_541f79ec5a2f4317b07166940d94eeb8~mv2.jpg,1,Tiny House XXL / Luxus-Faltchalet – 40 Fuß / 12 Meter,FALSE,Tiny House XXL / Luxus-Faltchalet – 40 Fuß / 12 Meter,"Tiny House XXL / Luxus-Faltchalet – 40 Fuß / 12 Meter
Der Dallas De Luxe ""Los Gigantos"" ist ein Tiny House XXL, das für maximalen Komfort in einem kompakten und faltbaren Format konzipiert wurde. Ideal für diejenigen, die eine moderne und mobile Alternative zum traditionellen Haus suchen, ist dieses",Home & Garden > Household & Cleaning > Storage & Organization > Storage Buildings,100149,new,FALSE,kg,active
4er-set-stuetzfuesse-fuer-seecontainer,4er-Set Stützfüße für Seecontainer,"<p>Verkauft als 4er-Set mit einer Gesamttragfähigkeit von 34 Tonnen (8,5 t/Stütze).</p><p>Gewicht: 24 kg/Stütze</p><p>Höhenverstellbar: 1043 bis 1448 mm</p><p>Maximale Windlast: 20 m/s</p><p>Voraussichtliche Lieferzeit: 7 bis 15 Werktage.</p><p>Marke: CONFOOT – Modell CF</p><p>Die CONFOOT-Legs-Stützen sind hochwertige Container-Stützen aus Stahl, die speziell für den Containerumschlag entwickelt wurden. Dank dieser innovativen Lösung lassen sich Standard-ISO-Container einfach und sicher von Anhängern verladen, ohne dass Hebevorrichtungen erforderlich sind. Sie sind die ideale Lösung für Unternehmen und Privatpersonen, die regelmäßig mit Containern arbeiten und nach einer effizienten und kostengünstigen Möglichkeit suchen, Container sicher zu be- und entladen. Sie bieten einen soliden und stabilen Halt für verschiedene Containertypen, einschließlich Seecontainer. Außerdem können sie mit verschiedenen Größen von ISO-Standardcontainern verwendet werden.</p><p>Die Container-Stützen entsprechen der europäischen Richtlinie 2006/42/EG und der finnischen Richtlinie zur Risikobewertung 2008/400. Die Stützen wurden gemäß dem Prüfplan CF EN 283 getestet.</p><p>Mit einem Gewicht von ca. 24 kg pro Stütze sind die CONFOOT-Containerstützen leicht genug, um problemlos transportiert zu werden. Sie lassen sich einfach zusammenklappen und in der mitgelieferten Transport- und Aufbewahrungsbox verstauen.</p><p>Gewicht: 100 kg</p>",DRIK CONTAINERS,Business & Industrial > Material Handling > Shipping Containers,Zubehör,Zubehör,TRUE,Title,Default Title,,,,,GOZFIJEZ,0,shopify,10,deny,manual,2100.00,,TRUE,TRUE,,https://qevjjnmzlgcjjsapnyhl.supabase.co/storage/v1/object/public/images/products/1787825316636-tpewndgpiy.webp,1,4er-Set Stützfüße für Seecontainer,FALSE,4er-Set Stützfüße für Seecontainer,"Verkauft als 4er-Set mit einer Gesamttragfähigkeit von 34 Tonnen (8,5 t/Stütze).
Gewicht: 24 kg/Stütze
Höhenverstellbar: 1043 bis 1448 mm
Maximale Windlast: 20 m/s
Voraussichtliche Lieferzeit: 7 bis 15 Werktage.
Marke: CONFOOT – Modell CF
Die CONFOOT-Legs-Stützen sind hochwertige Container-Stützen a",Business & Industrial > Material Handling > Shipping Containers,100251,new,FALSE,kg,active
aluminium-stangenabdeckung-6-5-x-4-m-fuer-schwimmbecken-6-x-3-5-m-standard-anthrazitgrau,"Aluminium-Stangenabdeckung 6,5 x 4 m für Schwimmbecken 6 x 3,5 m, Standard, ANTHRAZITGRAU","<p>Die Sicherheitsabdeckung mit Stangen ersetzt eine Luftpolsterabdeckung, eine Überwinterungsabdeckung und jedes andere Sicherheitssystem. Sie entspricht der Norm NF P90-308 und wird mit einer Handkurbel (mit Kraftübersetzung) zum Aufrollen sowie einem Rückzugsgurt zum einfachen Abrollen geliefert.</p><p>DEL-Qualität im Dienste der Schwimmbad-Sicherheit</p><p>Die DEL-Stangenabdeckungen stehen für Qualität und Zuverlässigkeit. DEL ist eine in der Schwimmbadbranche anerkannte Marke, insbesondere für ihre Schutz- und Sicherheitsausrüstung. Ihr Vorteil liegt nicht in einem Niedrigpreis, sondern in der durchdachten Konstruktion, der Robustheit der Materialien und der Langlebigkeit der angebotenen Lösungen.</p><p>Wer sich für eine DEL-Stangenabdeckung entscheidet, wählt eine Abdeckung, die für den regelmäßigen Gebrauch konzipiert ist und deren Verarbeitungsqualität den Erwartungen von Poolbesitzern entspricht, die sowohl Sicherheit und Schutz des Beckens als auch Seelenfrieden suchen.</p><p>Warum sollten Sie sich für die Stangenabdeckung 6 x 3,50 m entscheiden?</p><p>Die vorgeschnittene Stangenabdeckung wurde entwickelt, um Ihren Pool zu schützen, wenn er nicht genutzt wird. Dank verschiedener Behandlungen ist sie darauf ausgelegt, Saison für Saison zu halten, und wird montage- und einsatzfertig geliefert.</p><p>Sie schützt Ihr Schwimmbecken</p><p>Die Abdeckung wurde entwickelt, um optimale Sicherheit für Ihren Pool zu gewährleisten. Dank ihrer robusten Stangen und Gurte bietet sie einen festen Schutz, der Unfälle verhindert. Diese Eigenschaft ist besonders beruhigend für Familien mit kleinen Kindern oder Haustieren.</p><p>Einfach zu montieren und zu nutzen</p><p>Die Stangenabdeckung wird gebrauchsfertig geliefert und zeichnet sich durch ihre einfache Montage aus. Sie müssen keine Zeit mit komplizierten Aufbauten verschwenden; direkt nach Erhalt lässt sie sich schnell und einfach anbringen. Diese Praktikabilität ist ein großer Vorteil für alle, die eine effiziente und sofort einsetzbare Lösung suchen.</p><p>Entwickelt, um Saison für Saison zu bestehen</p><p>Die mit einer UV- und Pilzschutzbehandlung versehene Stangenplane ist auf Langlebigkeit ausgelegt. Sie widersteht Sonneneinstrahlung, wodurch vorzeitige Beschädigungen vermieden werden, und verhindert das Wachstum von Pilzen und anderen Mikroorganismen. Dieser doppelte Schutz gewährleistet eine längere Lebensdauer des Produkts.</p><p>Das lichtundurchlässige Gewebe dieser Abdeckplane ist ein echter Schutzschild gegen Algenwachstum. Indem es das Sonnenlicht abhält, verhindert es die Vermehrung von Algen, was dazu beiträgt, das Wasser klar und gesund zu halten. Darüber hinaus sind Regenwasserablauflöcher integriert, wodurch eine Wasseransammlung auf der Abdeckplane vermieden und deren Pflege erleichtert wird.</p><p>Die Vorteile der Schwimmbadabdeckung mit Stangen</p><p>Die Sicherheitsabdeckung mit Stangen ragt auf jeder Seite des Schwimmbeckens 25 cm über den Beckenrand hinaus und liegt auf den Randsteinen oder der Beckenumrandung auf.</p><p>Sicherheit: Wenn sie der Norm NF P90-308 entspricht, trägt sie dazu bei, versehentliche Stürze ins Schwimmbecken zu verhindern.</p><p>Schutz: Sie verhindert, dass Blätter, Insekten und andere Fremdkörper ins Wasser gelangen.</p><p>Wärmeschutz: Sie begrenzt den Wärmeverlust, insbesondere während der Nacht.</p><p>Reduzierung der Verdunstung: Sie trägt dazu bei, mehr Wasser zu sparen und den Verbrauch von Aufbereitungsmitteln zu senken.</p><p>Die Steifigkeit der Aluminiumstangen gewährleistet die Stabilität der gesamten Sicherheitsabdeckung.</p><p>Technische Daten:</p><p>Für Schwimmbecken 6 x 3,50 m ✔️</p><p>Stangen aus eloxiertem Aluminium ✔️</p><p>PVC-Planenstoff 580 g/m², hochwertige Qualität ✔️</p><p>Beidseitig PVC-beschichteter Polyester-Planenstoff ✔️</p><p>UV- und pilzresistent ✔️</p><p>Regenwasserablauföffnung ✔️</p><p>Stangen aus eloxiertem Aluminium ✔️</p><p>Abriebfeste Gleitkappen ✔️</p><p>Überstand von 25 cm ✔️</p><p>Edelstahlring gegen Abheben + Edelstahl-/Aluminium-Hülsenhaken ✔️</p><p>Manuelle Kurbel mit Kraftübersetzung ✔️</p><p>Rohschnitt-Oberfläche</p>",DRIK CONTAINERS,Business & Industrial > Material Handling > Shipping Containers,Zubehör,Zubehör,TRUE,Title,Default Title,,,,,1E154Z5Z,0,shopify,10,deny,manual,521.00,,TRUE,TRUE,,https://qevjjnmzlgcjjsapnyhl.supabase.co/storage/v1/object/public/images/products/1787825725797-vznqqt7jqf7.jpg,1,"Aluminium-Stangenabdeckung 6,5 x 4 m für Schwimmbecken 6 x 3,5 m, Standard, ANTHRAZITGRAU",FALSE,"Aluminium-Stangenabdeckung 6,5 x 4 m für Schwimmbecken 6 x 3,5 m, Standard, ANTHRAZITGRAU","Die Sicherheitsabdeckung mit Stangen ersetzt eine Luftpolsterabdeckung, eine Überwinterungsabdeckung und jedes andere Sicherheitssystem. Sie entspricht der Norm NF P90-308 und wird mit einer Handkurbel (mit Kraftübersetzung) zum Aufrollen sowie einem Rückzugsgurt zum einfachen Abrollen geliefert.
DE",Business & Industrial > Material Handling > Shipping Containers,100252,new,FALSE,kg,active
rampen-2-meter-2000-kg-2er-set,Rampen 2 Meter – 2000 kg (2er-Set),"<p>Aluminium-Laderampen 2 m – 2000 kg (2er-Set):</p><p>Set mit 2 Laderampen aus massivem Aluminium, konzipiert für das Verladen von Fahrzeugen mit Luftreifen (Container, Minilader, Traktor…) und mit Gummiketten (Minibagger, Dumper…).</p><p>Das Verladen von Radfahrzeugen ist möglich, da diese Rampen vollständig geschlossen sind.</p><p>Alle unsere Rampen werden aus speziellen Aluminiumlegierungen (6005 und 6082) sowie Silizium- und Magnesiumlegierungen hergestellt.</p><p>Die geriffelte Oberseite bietet Ihnen optimale Haftung.</p><p>Für mehr Sicherheit ist die Vorderkante unserer Rampen mit einer Bohrung versehen, in die Sie einen Sicherungsstift einsetzen können.</p><p>Die ideale Neigung unserer Rampen sollte zwischen mindestens 15 % (8,5°) und höchstens 30 % (16,7°) liegen. Die ideale Neigung beträgt 30 % (16,7°).</p><p>Die Nutzbreite der Rampen muss mindestens 50 mm größer sein als die der Raupenketten oder Räder.</p><p>Die 2 m langen Aluminium-Laderampen für 2000 kg werden empfohlen für:</p><p>– Minibagger TERRA CS10.1, CS10.R, CS11.R, CS15.R, CS15.T, CS18.R und CS18.T</p><p>– Kompaktlader RAPTOR 620.R, 620.C, 650.R und 650.C</p><p>– GYRA 580 Minidumper mit schwenkbarer Mulde</p><p>Vorteile der 2 m langen Aluminium-Laderampen (2000 kg):</p><p>– Massive Rampen zum Verladen von Raupen- und Radfahrzeugen</p><p>– Geriffelte Oberfläche</p><p>– Sichere Befestigung der Rampe am Anhänger</p><p>– Leicht zu transportieren</p>",DRIK CONTAINERS,Business & Industrial > Material Handling > Shipping Containers,Zubehör,Zubehör,TRUE,Title,Default Title,,,,,EF84ZF1A,0,shopify,10,deny,manual,295.00,,TRUE,TRUE,,https://qevjjnmzlgcjjsapnyhl.supabase.co/storage/v1/object/public/images/products/1787825971616-uyrc8yox0sk.jpg,1,Rampen 2 Meter – 2000 kg (2er-Set),FALSE,Rampen 2 Meter – 2000 kg (2er-Set),"Aluminium-Laderampen 2 m – 2000 kg (2er-Set):
Set mit 2 Laderampen aus massivem Aluminium, konzipiert für das Verladen von Fahrzeugen mit Luftreifen (Container, Minilader, Traktor…) und mit Gummiketten (Minibagger, Dumper…).
Das Verladen von Radfahrzeugen ist möglich, da diese Rampen vollständig ges",Business & Industrial > Material Handling > Shipping Containers,100253,new,FALSE,kg,active
lenkrollen-fuer-container-raeder-252-mm-4er-set,"Lenkrollen für Container-Räder, Ø 252 mm – 4er-Set","<p>Set mit 4 ISO-Lenkrollen für Seecontainer, Ø 252 × 63, mit ISO-Schloss und Bremse für 9.000 kg.</p><p>Der Satz ISO-Lenkrollen für Container eignet sich ideal zum Transport von Seecontainern oder ISO-Containern. Diese robusten Rollen werden an jeder Ecke unter dem ISO-Container mittels eines ISO-Verschlusses (Twistlock) befestigt und lassen sich leicht montieren.</p><p>Eine einzelne Lenkrolle besteht aus zwei Rädern mit Gusseisenkernen und Laufflächen aus Polyurethan. Der Rollwiderstand ist daher sehr gering, und gleichzeitig können diese Spezialräder jeweils 3.000 kg tragen. Ein ISO-Radsatz besteht aus 4 Lenkrollen und trägt eine dynamische Gesamtlast von 9.000 kg sowie eine statische Last von 12.000 kg.</p><p>Raddurchmesser: 2x 252 mm</p><p>Radbreite: 2x 63 mm</p><p>Statische Tragfähigkeit (pro Satz): 12.000 kg</p><p>Dynamische Tragfähigkeit (pro Satz): 9.000 kg</p><p>Bauhöhe: 330 mm</p><p>Abmessungen der Platte: 190×159 mm</p><p>Lagertyp: Kugellager</p><p>Härte: 90 Shore A</p><p>Gehäusematerial: Geschweißter Stahl</p><p>Laufbelagmaterial: Polyurethan</p><p>Lenkungsarretierung: 4 × 90°</p><p>Enthält ein zusätzliches Stützrad</p><p>1 Satz enthält 2 gebremste und 2 ungebremste Räder.</p>",DRIK CONTAINERS,Business & Industrial > Material Handling > Shipping Containers,Zubehör,Zubehör,TRUE,Title,Default Title,,,,,752D555Z,0,shopify,10,deny,manual,1900.00,,TRUE,TRUE,,https://qevjjnmzlgcjjsapnyhl.supabase.co/storage/v1/object/public/images/products/1787826149946-v9w1krkojb.webp,1,"Lenkrollen für Container-Räder, Ø 252 mm – 4er-Set",FALSE,"Lenkrollen für Container-Räder, Ø 252 mm – 4er-Set","Set mit 4 ISO-Lenkrollen für Seecontainer, Ø 252 × 63, mit ISO-Schloss und Bremse für 9.000 kg.
Der Satz ISO-Lenkrollen für Container eignet sich ideal zum Transport von Seecontainern oder ISO-Containern. Diese robusten Rollen werden an jeder Ecke unter dem ISO-Container mittels eines ISO-Verschluss",Business & Industrial > Material Handling > Shipping Containers,100254,new,FALSE,kg,active
sanitaercontainer-scd-ral-9002-grauweiss-h-2335-x-b-2400-x-t-1200-mm-2-tueren-2x-wc,Sanitärcontainer SCD RAL 9002 Grauweiß | H 2335 x B 2400 x T 1200 mm | 2 Türen | 2x WC,"<p>„Sanitärcontainer SCD RAL 9002 Grauweiß | H 2335 x B 2400 x T 1200 mm | 2 Türen | 2x WC“</p><p>Sanitärcontainer als flexible Lösung für temporäre Sanitärbereiche auf Baustellen, Events und in Industrieumgebungen</p><p>Auf Baustellen, bei Veranstaltungen oder in der Industrie bieten Sanitärcontainer eine schnelle, hygienische und autarke Möglichkeit, sanitäre Infrastruktur genau dort bereitzustellen, wo sie benötigt wird. Die robusten Einheiten sind witterungsbeständig, abschließbar und für den dauerhaften Einsatz im Außenbereich konzipiert. Dank standardisierter Anschlüsse lassen sich unsere Sanitärcontainer unkompliziert an vorhandene Wasser- und Abwassersysteme anschließen.</p><p>Höchste Funktionalität auf kleinem Raum</p><p>Unsere Sanitärcontainer sind so konzipiert, dass sie maximale Effizienz und Komfort auf begrenztem Raum bieten. Dieses Modell ist ausgestattet mit:</p><p>2x WC mit Spülkasten</p><p>2x Waschbecken mit Wasserhahn</p><p>2x Stahltür, 1-flügelig, Durchgangsmaß B 650 x H 1900 mm, mit Schloss inkl. 2 Schlüsseln</p><p>2x PVC-Fenster 600 x 400 mm</p><p>Bodenbelag: 14 mm Faserzement mit PVC-Beschichtung</p><p>Staplerschienen</p><p>Innenausstattung pro Kabine:</p><p>1x Spiegel</p><p>1x Deckenleuchte</p><p>1x Toilettenpapierhalter aus Kunststoff</p><p>1x PVC-Fenster</p><p>1x Lichtschalter</p><p>Herrenkabine mit Pissoir</p><p>Steckdose</p><p>Ihre Vorteile im Überblick:</p><p>Sofort einsatzbereit: vormontiert, anschlussfertig und schnell installiert</p><p>Hygienisch & pflegeleicht: robuste Oberflächen für einfache Reinigung</p><p>Wetterfest & langlebig: ideal für den Außenbereich</p><p>Abschließbar & sicher: für sensible Einsatzorte geeignet</p><p>Mobil & versetzbar: dank Kranösen und Staplertaschen einfach umzusetzen</p><p>Lieferung und Montage:</p><p>Die Container werden vormontiert per Spedition geliefert. Die Entladung erfolgt per Kran oder Stapler. Alle Sanitärcontainer verfügen über integrierte Kranösen für eine schnelle Platzierung vor Ort. Der Stapler oder Kran muss durch den Kunden bereitgestellt werden, ebenso eine entsprechend befugte Person zur Bedienung des Geräts.</p><p>Variante:	SCD</p><p>Höhe in mm:	2335</p><p>Breite in mm:	2400</p><p>Tiefe in mm:	1200</p><p>Konstruktion:	verschraubt</p><p>Material:	50 mm Sandwichpaneele</p><p>Oberfläche:	beschichtet</p><p>Höhe innen in mm:	2100</p><p>Tiefe innen in mm:	1000</p>",DRIK CONTAINERS,Home & Garden > Bathroom Accessories,Sanitärcontainer,Sanitärcontainer,TRUE,Title,Default Title,,,,,HE5E1E5,0,shopify,10,deny,manual,1890.00,,TRUE,TRUE,,https://qevjjnmzlgcjjsapnyhl.supabase.co/storage/v1/object/public/images/products/1787829415363-02u1efm5z0zb.jpg,1,Sanitärcontainer SCD RAL 9002 Grauweiß | H 2335 x B 2400 x T 1200 mm | 2 Türen | 2x WC,FALSE,Sanitärcontainer SCD RAL 9002 Grauweiß | H 2335 x B 2400 x T 1200 mm | 2 Türen | 2x WC,"„Sanitärcontainer SCD RAL 9002 Grauweiß | H 2335 x B 2400 x T 1200 mm | 2 Türen | 2x WC“
Sanitärcontainer als flexible Lösung für temporäre Sanitärbereiche auf Baustellen, Events und in Industrieumgebungen
Auf Baustellen, bei Veranstaltungen oder in der Industrie bieten Sanitärcontainer eine schnell",Home & Garden > Bathroom Accessories,100265,new,FALSE,kg,active
sanitaercontainer-scd-ral-7016-anthrazitgrau-h-2335-x-b-2400-x-t-1200-mm-2-tueren-2x-wc,Sanitärcontainer SCD RAL 7016 Anthrazitgrau | H 2335 x B 2400 x T 1200 mm | 2 Türen | 2x WC,"<p>Sanitärcontainer SCD RAL 7016 Anthrazitgrau | H 2335 x B 2400 x T 1200 mm | 2 Türen | 2x WC“</p><p>Sanitärcontainer als flexible Lösung für temporäre Sanitärbereiche auf Baustellen, Events und in Industrieumgebungen</p><p>Auf Baustellen, bei Veranstaltungen oder in der Industrie bieten Sanitärcontainer eine schnelle, hygienische und autarke Möglichkeit, sanitäre Infrastruktur genau dort bereitzustellen, wo sie benötigt wird. Die robusten Einheiten sind witterungsbeständig, abschließbar und für den dauerhaften Einsatz im Außenbereich konzipiert. Dank standardisierter Anschlüsse lassen sich unsere Sanitärcontainer unkompliziert an vorhandene Wasser- und Abwassersysteme anschließen.</p><p>Höchste Funktionalität auf kleinem Raum</p><p>Unsere Sanitärcontainer sind so konzipiert, dass sie maximale Effizienz und Komfort auf begrenztem Raum bieten. Dieses Modell ist ausgestattet mit:</p><p>2x WC mit Spülkasten</p><p>2x Waschbecken mit Wasserhahn</p><p>2x Stahltür, 1-flügelig, Durchgangsmaß B 650 x H 1900 mm, mit Schloss inkl. 2 Schlüsseln</p><p>2x PVC-Fenster 600 x 400 mm</p><p>Bodenbelag: 14 mm Faserzement mit PVC-Beschichtung</p><p>Staplerschienen</p><p>Innenausstattung pro Kabine:</p><p>1x Spiegel</p><p>1x Deckenleuchte</p><p>1x Toilettenpapierhalter aus Kunststoff</p><p>1x PVC-Fenster</p><p>1x Lichtschalter</p><p>Herrenkabine mit Pissoir</p><p>Steckdose</p><p>Ihre Vorteile im Überblick:</p><p>Sofort einsatzbereit: vormontiert, anschlussfertig und schnell installiert</p><p>Hygienisch & pflegeleicht: robuste Oberflächen für einfache Reinigung</p><p>Wetterfest & langlebig: ideal für den Außenbereich</p><p>Abschließbar & sicher: für sensible Einsatzorte geeignet</p><p>Mobil & versetzbar: dank Kranösen und Staplertaschen einfach umzusetzen</p><p>Lieferung und Montage:</p><p>Die Container werden vormontiert per Spedition geliefert. Die Entladung erfolgt per Kran oder Stapler. Alle Sanitärcontainer verfügen über integrierte Kranösen für eine schnelle Platzierung vor Ort. Der Stapler oder Kran muss durch den Kunden bereitgestellt werden, ebenso eine entsprechend befugte Person zur Bedienung des Geräts.</p><p>Variante:	SCD</p><p>Höhe in mm:	2335</p><p>Breite in mm:	2400</p><p>Tiefe in mm:	1200</p><p>Konstruktion:	verschraubt</p><p>Material:	50 mm Sandwichpaneele</p><p>Oberfläche:	beschichtet</p><p>Höhe innen in mm:	2100</p><p>Tiefe innen in mm:	1000</p>",DRIK CONTAINERS,Home & Garden > Bathroom Accessories,Sanitärcontainer,Sanitärcontainer,TRUE,Title,Default Title,,,,,VFE727ED,0,shopify,10,deny,manual,1970.00,,TRUE,TRUE,,https://qevjjnmzlgcjjsapnyhl.supabase.co/storage/v1/object/public/images/products/1787829735238-8wgpe1654cc.jpg,1,Sanitärcontainer SCD RAL 7016 Anthrazitgrau | H 2335 x B 2400 x T 1200 mm | 2 Türen | 2x WC,FALSE,Sanitärcontainer SCD RAL 7016 Anthrazitgrau | H 2335 x B 2400 x T 1200 mm | 2 Türen | 2x WC,"Sanitärcontainer SCD RAL 7016 Anthrazitgrau | H 2335 x B 2400 x T 1200 mm | 2 Türen | 2x WC“
Sanitärcontainer als flexible Lösung für temporäre Sanitärbereiche auf Baustellen, Events und in Industrieumgebungen
Auf Baustellen, bei Veranstaltungen oder in der Industrie bieten Sanitärcontainer eine sch",Home & Garden > Bathroom Accessories,100266,new,FALSE,kg,active
sanitaercontainer-scdd-ral-9002-grauweiss-h-2350-x-b-2400-x-t-1250-mm-2-tueren-mit-dusche,Sanitärcontainer SCDD RAL 9002 Grauweiß | H 2350 x B 2400 x T 1250 mm | 2 Türen | mit Dusche,"<p>Sanitärcontainer SCDD RAL 9002 Grauweiß | H 2350 x B 2400 x T 1250 mm | 2 Türen | mit Dusche“</p><p>Sanitärcontainer mit Dusche als flexible Lösung für temporäre Sanitärbereiche auf Baustellen, Events und in Industrieumgebungen</p><p>Auf Baustellen, bei Veranstaltungen oder in der Industrie bieten Sanitärcontainer eine schnelle, hygienische und autarke Möglichkeit, sanitäre Infrastruktur genau dort bereitzustellen, wo sie benötigt wird. Die robusten Einheiten sind witterungsbeständig, abschließbar und für den dauerhaften Einsatz im Außenbereich konzipiert. Dank standardisierter Anschlüsse lassen sich unsere Sanitärcontainer unkompliziert an vorhandene Wasser- und Abwassersysteme anschließen.</p><p>Höchste Funktionalität auf kleinem Raum</p><p>Unsere Sanitärcontainer sind so konzipiert, dass sie maximale Effizienz und Komfort auf begrenztem Raum bieten. Dieses Modell ist ausgestattet mit:</p><p>2x Waschbecken mit Wasserhahn</p><p>2x Deckenleuchten mit Lichtschalter</p><p>2x Stahltür, 1-flügelig, Durchgangsmaß B 650 x H 1900 mm, mit Schloss inkl. 2 Schlüsseln</p><p>2x PVC-Fenster 600 x 400 mm</p><p>2x Steckdose</p><p>Bodenbelag: 14 mm Faserzement mit PVC-Beschichtung</p><p>Staplerschienen</p><p>Innenausstattung WC-Kabine:</p><p>1x Spiegel</p><p>1x WC mit Spülkasten</p><p>1x Toilettenpapierhalter aus Kunststoff</p><p>1x Urinal</p><p>Innenausstattung Dusch-Kabine:</p><p>1x Spiegel</p><p>1x Dusche mit Duschvorhang</p><p>1x Durchlauferhitzer</p><p>Ihre Vorteile im Überblick:</p><p>Sofort einsatzbereit: vormontiert, anschlussfertig und schnell installiert</p><p>Hygienisch & pflegeleicht: robuste Oberflächen für einfache Reinigung</p><p>Wetterfest & langlebig: ideal für den Außenbereich</p><p>Abschließbar & sicher: für sensible Einsatzorte geeignet</p><p>Mobil & versetzbar: dank Kranösen und Staplertaschen einfach umzusetzen</p><p>Lieferung und Montage:</p><p>Die Container werden vormontiert per Spedition geliefert. Die Entladung erfolgt per Kran oder Stapler. Alle Sanitärcontainer verfügen über integrierte Kranösen für eine schnelle Platzierung vor Ort. Der Stapler oder Kran muss durch den Kunden bereitgestellt werden, ebenso eine entsprechend befugte Person zur Bedienung des Geräts.</p><p>Variante:	SCDD</p><p>Höhe in mm:	2350</p><p>Breite in mm:	2400</p><p>Tiefe in mm:	1250</p><p>Konstruktion:	verschraubt</p><p>Material:	50 mm Sandwichpaneele</p><p>Oberfläche:	beschichtet</p><p>Höhe innen in mm:	2100</p><p>Tiefe innen in mm:	1000</p>",DRIK CONTAINERS,Home & Garden > Bathroom Accessories,Sanitärcontainer,Sanitärcontainer,TRUE,Title,Default Title,,,,,W548V5ZA,0,shopify,10,deny,manual,1999.00,,TRUE,TRUE,,https://qevjjnmzlgcjjsapnyhl.supabase.co/storage/v1/object/public/images/products/1787830753294-7b3g7zamdxw.jpg,1,Sanitärcontainer SCDD RAL 9002 Grauweiß | H 2350 x B 2400 x T 1250 mm | 2 Türen | mit Dusche,FALSE,Sanitärcontainer SCDD RAL 9002 Grauweiß | H 2350 x B 2400 x T 1250 mm | 2 Türen | mit Dusche,"Sanitärcontainer SCDD RAL 9002 Grauweiß | H 2350 x B 2400 x T 1250 mm | 2 Türen | mit Dusche“
Sanitärcontainer mit Dusche als flexible Lösung für temporäre Sanitärbereiche auf Baustellen, Events und in Industrieumgebungen
Auf Baustellen, bei Veranstaltungen oder in der Industrie bieten Sanitärcontai",Home & Garden > Bathroom Accessories,100267,new,FALSE,kg,active
sanitaercontainer-scdd-ral-7016-anthrazitgrau-h-2350-x-b-2400-x-t-1250-mm-2-tueren-mit-dusche,Sanitärcontainer SCDD RAL 7016 Anthrazitgrau | H 2350 x B 2400 x T 1250 mm | 2 Türen | mit Dusche,"<p>Sanitärcontainer SCDD RAL 7016 Anthrazitgrau | H 2350 x B 2400 x T 1250 mm | 2 Türen | mit Dusche“</p><p>Sanitärcontainer  mit Dusche als flexible Lösung für temporäre Sanitärbereiche auf Baustellen, Events und in Industrieumgebungen</p><p>Auf Baustellen, bei Veranstaltungen oder in der Industrie bieten Sanitärcontainer eine schnelle, hygienische und autarke Möglichkeit, sanitäre Infrastruktur genau dort bereitzustellen, wo sie benötigt wird. Die robusten Einheiten sind witterungsbeständig, abschließbar und für den dauerhaften Einsatz im Außenbereich konzipiert. Dank standardisierter Anschlüsse lassen sich unsere Sanitärcontainer unkompliziert an vorhandene Wasser- und Abwassersysteme anschließen.</p><p>Höchste Funktionalität auf kleinem Raum</p><p>Unsere Sanitärcontainer sind so konzipiert, dass sie maximale Effizienz und Komfort auf begrenztem Raum bieten. Dieses Modell ist ausgestattet mit:</p><p>2x Waschbecken mit Wasserhahn</p><p>2x Lichtschalter mit Deckenleuchten</p><p>2x Stahltür, 1-flügelig, Durchgangsmaß B 650 x H 1900 mm, mit Schloss inkl. 2 Schlüsseln</p><p>2x PVC-Fenster 600 x 400 mm</p><p>2x Steckdose</p><p>Bodenbelag: 14 mm Faserzement mit PVC-Beschichtung</p><p>Staplerschienen</p><p>Innenausstattung WC-Kabine:</p><p>1x Spiegel</p><p>1x WC mit Spülkasten</p><p>1x Toilettenpapierhalter aus Kunststoff</p><p>1x Urinal</p><p>Innenausstattung Dusch-Kabine:</p><p>1x Spiegel</p><p>1x Dusche mit Duschvorhang</p><p>1x Durchlauferhitzer</p><p>Ihre Vorteile im Überblick:</p><p>Sofort einsatzbereit: vormontiert, anschlussfertig und schnell installiert</p><p>Hygienisch & pflegeleicht: robuste Oberflächen für einfache Reinigung</p><p>Wetterfest & langlebig: ideal für den Außenbereich</p><p>Abschließbar & sicher: für sensible Einsatzorte geeignet</p><p>Mobil & versetzbar: dank Kranösen und Staplertaschen einfach umzusetzen</p><p>Lieferung und Montage:</p><p>Die Container werden vormontiert per Spedition geliefert. Die Entladung erfolgt per Kran oder Stapler. Alle Sanitärcontainer verfügen über integrierte Kranösen für eine schnelle Platzierung vor Ort. Der Stapler oder Kran muss durch den Kunden bereitgestellt werden, ebenso eine entsprechend befugte Person zur Bedienung des Geräts.</p><p>Variante:	SCDD</p><p>Höhe in mm:	2350</p><p>Breite in mm:	2400</p><p>Tiefe in mm:	1250</p><p>Konstruktion:	verschraubt</p><p>Material:	50 mm Sandwichpaneele</p><p>Oberfläche:	beschichtet</p><p>Höhe innen in mm:	2100</p><p>Tiefe innen in mm:	1000</p>",DRIK CONTAINERS,Home & Garden > Bathroom Accessories,Sanitärcontainer,Sanitärcontainer,TRUE,Title,Default Title,,,,,LEOKI85ZE,0,shopify,10,deny,manual,2100.00,,TRUE,TRUE,,https://qevjjnmzlgcjjsapnyhl.supabase.co/storage/v1/object/public/images/products/1787831256628-zk0xds136rr.jpg,1,Sanitärcontainer SCDD RAL 7016 Anthrazitgrau | H 2350 x B 2400 x T 1250 mm | 2 Türen | mit Dusche,FALSE,Sanitärcontainer SCDD RAL 7016 Anthrazitgrau | H 2350 x B 2400 x T 1250 mm | 2 Türen | mit Dusche,"Sanitärcontainer SCDD RAL 7016 Anthrazitgrau | H 2350 x B 2400 x T 1250 mm | 2 Türen | mit Dusche“
Sanitärcontainer  mit Dusche als flexible Lösung für temporäre Sanitärbereiche auf Baustellen, Events und in Industrieumgebungen
Auf Baustellen, bei Veranstaltungen oder in der Industrie bieten Sanitär",Home & Garden > Bathroom Accessories,100268,new,FALSE,kg,active
kuehlcontainer-dual-zone-20-fuss-thermo-king-t880-pro,Kühlcontainer Dual Zone 20 Fuß - Thermo King T880 Pro,"<p>Kühlcontainer 20 Fuß Dual Zone – Thermo King T880 Pro: Für kompromisslosen Temperaturkontrolle</p><p>Der 20-Fuß-Doppelzonen-Kühlcontainer mit Thermo King T880 Pro Kühlaggregat wurde für Unternehmen entwickelt, die eine präzise Temperaturkontrolle in zwei getrennten Klimazonen benötigen.</p><p>Technische Daten</p><p>Eigenschaft	Wert</p><p>Außenabmessungen	L 6,0 m × B 2,44 m × H 2,90 m</p><p>Leergewicht	2.950 kg</p><p>Max. Bruttogewicht	30.480 kg</p><p>Nutzlast	27.530 kg</p><p>Innenvolumen	ca. 32,3 m³</p><p>Temperaturbereich (pro Zone)	–30 °C bis +30 °C</p><p>Kühlaggregat	Thermo King T880 Pro</p><p>Zertifizierung	ISO- und CSC-zertifiziert</p><p>Dual-Zone-Technologie</p><p>Der Container ist in zwei vollständig voneinander isolierte Temperaturzonen unterteilt. Jede Zone verfügt über eine eigene Steuereinheit für unabhängige Temperaturziele.</p><p>Diese Technologie ist unerlässlich für:</p><p>Gleichzeitige Lagerung von Tiefkühlprodukten (-20 °C) und frischen Lebensmitteln (+5 °C)</p><p>Pharmazeutische Produkte mit spezifischen Temperaturanforderungen</p><p>Chemische Substanzen mit unterschiedlichem Kühlbedarf</p><p>Thermo King T880 Pro – Leistung trifft Effizienz</p><p>Weiter Regelbereich von -30 °C bis +30 °C</p><p>Hocheffizient und leiser Betrieb</p><p>Schnelle Temperaturwiederherstellung nach Türöffnung</p><p>Wenig Wartung und lange Lebensdauer</p><p>Konstruktion und Materialeigenschaften</p><p>Außenhülle aus Corten-Stahl: hohe Korrosionsbeständigkeit</p><p>Innenverkleidung aus lebensmittelechtem Edelstahl/Aluminium</p><p>Vollständig isolierte Trennwand mit separaten Verdampfern für jede Zone</p><p>Wind- und wasserdicht mit verstärkten Dichtungen</p>",DRIK CONTAINERS,Business & Industrial > Food Service > Refrigeration Equipment,Kühlcontainer,Kühlcontainer,TRUE,Title,Default Title,,,,,DRK-100061,0,shopify,10,deny,manual,4100.00,,TRUE,TRUE,,https://static.wixstatic.com/media/546163_46c34e1b9b104da89df055621aee13c1~mv2.webp,1,Kühlcontainer Dual Zone 20 Fuß - Thermo King T880 Pro,FALSE,Kühlcontainer Dual Zone 20 Fuß - Thermo King T880 Pro,"Kühlcontainer 20 Fuß Dual Zone – Thermo King T880 Pro: Für kompromisslosen Temperaturkontrolle
Der 20-Fuß-Doppelzonen-Kühlcontainer mit Thermo King T880 Pro Kühlaggregat wurde für Unternehmen entwickelt, die eine präzise Temperaturkontrolle in zwei getrennten Klimazonen benötigen.
Technische Daten
E",Business & Industrial > Food Service > Refrigeration Equipment,100061,new,FALSE,kg,active
kuehlcontainer-carrier-primeline-20-fuss,Kühlcontainer Carrier PrimeLine 20 Fuß,"<p>Kühlcontainer Carrier PrimeLine 20 Fuß: Wenn Präzision auf Leistung trifft</p><p>Der 20-Fuß-RF-Kühlcontainer mit Carrier PrimeLine Kühlaggregat wurde für Kunden entwickelt, die präzise Temperaturkontrolle und maximale Energieeffizienz benötigen.</p><p>Technische Daten</p><p>Eigenschaft	Wert</p><p>Außenabmessungen	6,06 m × 2,44 m × 2,59 m</p><p>Leergewicht	ca. 2.860 kg</p><p>Max. Bruttogewicht	30.480 kg</p><p>Nutzlast	27.620 kg</p><p>Innenvolumen	28,4 m³</p><p>Temperaturbereich	-30 °C bis +30 °C</p><p>Zertifizierungen	ISO-konform, aktives CSC-Schild</p><p>Struktur und Technologie</p><p>Kühlaggregat: Carrier PrimeLine</p><p>Das integrierte PrimeLine-System verwendet Dampfinjektionstechnologie für extrem schnelle Temperatursenkungen bei stabiler Leistung.</p><p>Außenhülle aus Corten-Stahl: wetter- und meeresbeständig</p><p>T-Boden aus Aluminium: optimiert für Luftzirkulation</p><p>Innenverkleidung: Lebensmittelechtes Aluminium</p><p>Dreiphasiger Anschluss mit hocheffizientem Verdampferlüfter</p><p>Funktionale Eigenschaften</p><p>Zuverlässige Gefrierleistung bis -30 °C – geeignet für Fleisch, Fisch, Pharmazeutika oder Impfstoffe</p><p>Intelligente Temperaturregelung mit Display und Fernüberwachungssystem</p><p>Gleichmäßige Luftverteilung durch durchdachtes Bodensystem</p><p>Kompakte Größe (20 Fuß) – ideal für beengte Verhältnisse</p><p>Typische Anwendungsbereiche</p><p>Lebensmittelindustrie und Großhandel</p><p>Export und Import von Tiefkühlprodukten</p><p>Pharmazeutika und Medizintechnik</p><p>Mobile Kühlkammer bei Großveranstaltungen</p>",DRIK CONTAINERS,Business & Industrial > Food Service > Refrigeration Equipment,Kühlcontainer,Kühlcontainer,TRUE,Title,Default Title,,,,,DRK-100062,0,shopify,10,deny,manual,3915.00,,TRUE,TRUE,,https://static.wixstatic.com/media/546163_c3a7e02411a94fc384ea0895d76bcf3f~mv2.webp,1,Kühlcontainer Carrier PrimeLine 20 Fuß,FALSE,Kühlcontainer Carrier PrimeLine 20 Fuß,"Kühlcontainer Carrier PrimeLine 20 Fuß: Wenn Präzision auf Leistung trifft
Der 20-Fuß-RF-Kühlcontainer mit Carrier PrimeLine Kühlaggregat wurde für Kunden entwickelt, die präzise Temperaturkontrolle und maximale Energieeffizienz benötigen.
Technische Daten
Eigenschaft	Wert
Außenabmessungen	6,06 m × ",Business & Industrial > Food Service > Refrigeration Equipment,100062,new,FALSE,kg,active
kuehlcontainer-10-fuss-dnv-zertifiziert,Kühlcontainer 10 Fuß – DNV-Zertifiziert,"<p>Kompakte Präzision für extreme Einsatzbedingungen</p><p>Der 10-Fuß-DNV-Kühlcontainer kombiniert modernste Kühltechnologie, extreme Strukturfestigkeit und vollständige Offshore-Zertifizierung – alles in einem kompakten, leicht transportierbaren Format.</p><p>Technische Daten</p><p>Eigenschaft	Wert</p><p>Außenabmessungen	L 3,0 m × B 2,4 m × H 2,6 m</p><p>Leergewicht	2.700 kg</p><p>Max. Bruttogewicht	10.000 kg</p><p>Nutzlast	7.300 kg</p><p>Zertifizierungen	DNV 2.7-1, CSC</p><p>Isolierung	Mehrschichtige PU-Wände</p><p>Innenausstattung	Edelstahl, T-Balkenboden</p><p>Für den Offshore-Einsatz zertifiziert</p><p>DNV 2.7-1-Zertifikat – erfüllt alle Anforderungen für Heben, Transport und Betrieb auf Offshore-Plattformen und Schiffen</p><p>CSC-Schild – vollständig seetauglich und international transportierbar</p><p>Eingebettete Hebeösen, Schlaufen, Schäkel und Rahmenstruktur für sicheres Kranseilen</p><p>Präzise Temperaturregelung, digitale Steuerung</p><p>Intuitives digitales Bedienfeld für: Temperaturregelung, Luftfeuchtigkeit, Lüftung</p><p>Betriebstemperaturbereich: ca. -25 °C bis +30 °C</p><p>Innenraum aus Edelstahl – hygienisch und wartungsarm</p><p>T-Boden aus Aluminium für perfekte Luftzirkulation und Entwässerung</p><p>Typische Anwendungsbereiche</p><p>Offshore-Industrie und Bohrplattformen – als mobile Kühlkammer für Lebensmittel, medizinisches Material</p><p>Pharma- und Biotechnologielogistik</p><p>Verteidigung, Forschung, Krisenlogistik</p><p>Eventechnik und industrielle Güter</p>",DRIK CONTAINERS,Business & Industrial > Food Service > Refrigeration Equipment,Kühlcontainer,Kühlcontainer,TRUE,Title,Default Title,,,,,DRK-100063,0,shopify,10,deny,manual,2250.00,,TRUE,TRUE,,https://static.wixstatic.com/media/546163_b21a835ad03544ada840e22a4dcd1f29~mv2.webp,1,Kühlcontainer 10 Fuß – DNV-Zertifiziert,FALSE,Kühlcontainer 10 Fuß – DNV-Zertifiziert,"Kompakte Präzision für extreme Einsatzbedingungen
Der 10-Fuß-DNV-Kühlcontainer kombiniert modernste Kühltechnologie, extreme Strukturfestigkeit und vollständige Offshore-Zertifizierung – alles in einem kompakten, leicht transportierbaren Format.
Technische Daten
Eigenschaft	Wert
Außenabmessungen	L 3",Business & Industrial > Food Service > Refrigeration Equipment,100063,new,FALSE,kg,active
