Handle,Title,Body (HTML),Vendor,Type,Tags,Published,Option1 Name,Option1 Value,Option2 Name,Option2 Value,Option3 Name,Option3 Value,Variant SKU,Variant Grams,Variant Inventory Tracker,Variant Inventory Qty,Variant Inventory Policy,Variant Fulfillment Service,Variant Price,Variant Compare At Price,Variant Requires Shipping,Variant Taxable,Variant Barcode,Image Src,Image Position,Image Alt Text,Gift Card,SEO Title,SEO Description,Google Product Category,Status
2463,"40 Fuß Seecontainer","<div class=""product-description"">
  <h1>40 Fuß Seecontainer</h1>
  
  <h2>Produktvorteile</h2>
  <ul>
    <li>Wind- und wasserdicht nach ISO-Norm</li>
    <li>CSC-zertifiziert für weltweiten Seetransport</li>
    <li>Stabile Stahlkonstruktion</li>
    <li>Sofort verfügbar - Kurze Lieferzeiten</li>
    <li>Flexible Zahlungsoptionen möglich</li>
  </ul>
  
  <h2>Technische Spezifikationen</h2>
  <table border=""0"" cellspacing=""0"" cellpadding=""5"">
    <tr>
      <td><strong>Material</strong></td>
      <td>Hochwertiger Stahl / Cortenstahl</td>
    </tr>
    <tr>
      <td><strong>Zustand</strong></td>
      <td>Neu oder Gebraucht</td>
    </tr>
    <tr>
      <td><strong>Zertifizierung</strong></td>
      <td>ISO 668, CSC-Plakette</td>
    </tr>
    <tr>
      <td><strong>Verfügbarkeit</strong></td>
      <td>Sofort lieferbar</td>
    </tr>
  </table>
  
  <h2>Beschreibung</h2>
  <p>40 Fuß Seecontainer kaufen – Alles, was Sie wissen müssen Was ist ein 40 Fuß Seecontainer? Ein 40 Fuß Seecontainer ist ein standardisierter ISO-Container, der weltweit im Seefracht- und Gütertransport verwendet wird. Mit einer Länge von 12,19 Metern eignet er sich ideal für den Transport großer Warenmengen und bietet eine effiziente Lösung für Lagerung, Logistik und Export. Technische Daten eines 40 Fuß Containers Merkmal Standard Container High-Cube Container Außenmaße (L x B x H) 12,19 m x 2,44 m x 2,59 m 12,19 m x 2,44 m x 2,90 m Innenmaße (L x B x H) 12,03 m x 2,35 m x 2,39 m 12,03 m x 2,35 m x 2,69 m Volumen ca. 67,7 m³ ca. 76,3 m³ Leergewicht ca. 3.700 kg ca. 3.900 kg Max. Zuladung bis zu 26.500 kg bis zu 26.300 kg Vorteile eines 40 Fuß Seecontainers Effiziente Transportlösung Dank ihrer Größe und Stabilität sind 40 Fuß Container ideal für internationale Transporte per Schiff, Zug oder Lkw. Sie erfüllen die ISO-Norm 668 und sind mit allen gängigen Logistiksystemen kompatibel. Flexible Einsatzmöglichkeiten Ob als Lagercontainer, Bürocontainer, Werkstattcontainer oder für den Export – die Einsatzbereiche sind vielfältig: Industrie & Handel: Langfristige Lagerung von Maschinen, Rohstoffen oder Produkten Baustellen: Mobile Lagereinheit oder Werkstatt Export & Import: Sichere Verpackung für internationale Fracht Nachhaltigkeit & Wiederverwendung Viele Unternehmen setzen auf gebrauchte 40 Fuß Container als umweltfreundliche Lösung. Der robuste Stahlbau garantiert eine lange Lebensdauer und eine hohe Widerstandsfähigkeit gegen Witterungseinflüsse. 40 Fuß Container neu oder gebraucht kaufen? Neue Seecontainer Direkt ab Werk gefertigt Frei von Rost, Dellen oder Gebrauchsspuren Ideal für sensible Lagergüter oder Re-Branding Gebrauchte Container (Wind- und wasserdicht) Günstigere Alternative Geprüft nach internationalen Standards (z. B. CSC-Plakette) Verfügbar in verschiedenen Zustandsklassen (z. B. Cargo Worthy, WWT) Preise und Lieferoptionen Was kostet ein 40 Fuß Seecontainer? Die Preise variieren je nach Zustand, Ausstattung und Marktverfügbarkeit. Hier eine grobe Orientierung: Gebraucht (wind- und wasserdicht): ab 2.500 € netto Cargo Worthy: ab 3.000 € netto Neu (1-Weg-Container): ab 5.000 € netto Lieferung & Aufstellung Bundesweite Lieferung per Lkw mit Kran oder Seitenlader Selbstabholung möglich Flexible Anlieferung nach Absprache Ausstattung & Sonderoptionen Zusatzausstattungen Verriegelungssysteme und Hochsicherheits-Schlösser Isolierung für temperaturempfindliche Waren Regalsysteme und Innenausbauten Lackierung in RAL-Farben möglich Beliebte Varianten High-Cube Container (mehr Innenhöhe) Doppeltüren (beidseitig zugänglich) Türen an der Längsseite Vorschriften und Zertifikate Alle 40 Fuß Seecontainer entsprechen internationalen Normen und können folgende Zertifikate besitzen: CSC-Zulassung (Container Safety Convention) ISO 668 / ISO 1496 Norm DIN EN 12079 TÜV-Zertifikate bei Spezialumbauten Für wen lohnt sich der Kauf eines 40 Fuß Containers? Ein 40 Fuß Seecontainer ist ideal für: Unternehmen mit regelmäßigen Export-/Import-Vorgängen Baustellen mit temporärem Lagerbedarf Lagerunternehmen und Speditionen Landwirtschaftliche Betriebe Kommunen und öffentliche Einrichtungen Fazit: 40 Fuß Seecontainer – Vielseitig, langlebig, wirtschaftlich Ein 40 Fuß Seecontainer bietet eine kosteneffiziente, langlebige und standardisierte Lösung für Transport und Lagerung. Ob neu oder gebraucht – mit der richtigen Ausstattung passt sich der Container flexibel an individuelle Anforderungen an. Achten Sie auf Zertifikate, technische Details und zuverlässige Anbieter, um langfristig von Ihrem Kauf zu profitieren.</p>
  
  <h2>Typische Anwendungsbereiche</h2>
  <ul>
    <li>Lagerung von Baumaterialien</li>
    <li>Warenlager für Handel</li>
    <li>Seefracht-Transport</li>
    <li>Mobile Werkstatt</li>
    <li>Zwischenlager bei Umzügen</li>
  </ul>
  
  <h2>Unsere Serviceleistungen</h2>
  <ul>
    <li>Kostenlose Lieferung (auf Anfrage)</li>
    <li>Professionelle Beratung</li>
    <li>Finanzierung möglich</li>
    <li>30 Tage Rückgabegarantie</li>
  </ul>
</div>",GSHandels,"Container","Container, GSHandels, Lagerung, Transport",true,Title,Default Title,,,,,2463,,shopify,10,deny,manual,2100.00,,true,true,,https://gshandels.com/wp-content/uploads/2026/02/40-Seecontainer-4.webp,1,"40 Fuß Seecontainer",false,"40 Fuß Seecontainer | GSHandels - Professionelle Containerlösungen","Hochwertiger 40 Fuß Seecontainer von GSHandels. Professionelle Containerlösungen für Lagerung, Transport und gewerbliche Nutzung. Jetzt unverbindlich anfragen!",594,active
2465,"Gebrauchter 40 Fuß Seecontainer","<div class=""product-description"">
  <h1>Gebrauchter 40 Fuß Seecontainer</h1>
  
  <h2>Produktvorteile</h2>
  <ul>
    <li>Wind- und wasserdicht nach ISO-Norm</li>
    <li>CSC-zertifiziert für weltweiten Seetransport</li>
    <li>Stabile Stahlkonstruktion</li>
    <li>Sofort verfügbar - Kurze Lieferzeiten</li>
    <li>Flexible Zahlungsoptionen möglich</li>
  </ul>
  
  <h2>Technische Spezifikationen</h2>
  <table border=""0"" cellspacing=""0"" cellpadding=""5"">
    <tr>
      <td><strong>Material</strong></td>
      <td>Hochwertiger Stahl / Cortenstahl</td>
    </tr>
    <tr>
      <td><strong>Zustand</strong></td>
      <td>Neu oder Gebraucht</td>
    </tr>
    <tr>
      <td><strong>Zertifizierung</strong></td>
      <td>ISO 668, CSC-Plakette</td>
    </tr>
    <tr>
      <td><strong>Verfügbarkeit</strong></td>
      <td>Sofort lieferbar</td>
    </tr>
  </table>
  
  <h2>Beschreibung</h2>
  <p>Gebrauchter 40-Fuß-Seecontainer – Qualität trifft auf Wirtschaftlichkeit Ein gebrauchter 40-Fuß-Seecontainer ist die ideale Lösung für alle, die eine robuste, langlebige und gleichzeitig kostengünstige Möglichkeit für Lagerung, Transport oder Containerumbauten suchen. Mit einer Länge von etwa 12 Metern bietet dieser Container ein enormes Raumvolumen und eignet sich für eine Vielzahl von gewerblichen und privaten Einsatzzwecken. Technische Spezifikationen des gebrauchten 40-Fuß-Seecontainers Außenmaße: ca. 12,19 m (L) x 2,44 m (B) x 2,59 m (H) Innenmaße: ca. 12,03 m (L) x 2,35 m (B) x 2,39 m (H) Türenöffnung: ca. 2,34 m (B) x 2,28 m (H) Volumen: ca. 67,7 m³ Leergewicht: ca. 3.700 kg Tragfähigkeit: bis zu 26.000 kg Material: wetterfester Stahl (Cortenstahl) Eigenschaften & Vorteile 1. Hohe Widerstandsfähigkeit Die gebrauchten 40-Fuß-Seecontainer bestehen aus hochwertigem Cortenstahl und sind für den langfristigen Einsatz im Außenbereich konzipiert. Sie sind wind- und wasserdicht sowie gegen Rost und Korrosion geschützt. 2. Vielfältige Einsatzmöglichkeiten Ob als Lagercontainer auf Baustellen, als mobile Werkstatt, für temporäre Zwischenlagerung oder zum Umbau für Gastronomie oder Tiny Houses – der Container ist vielseitig einsetzbar. 3. Kosteneffizient Im Vergleich zu neuen Containern ist ein gebrauchter 40-Fuß-Container deutlich günstiger, ohne dass Sie auf Qualität verzichten müssen. Jeder Container wird vor dem Verkauf geprüft. 4. Transportfähig & Stapelbar Alle Container entsprechen den ISO-Normen und sind daher für den weltweiten Transport per Schiff, LKW oder Bahn geeignet. Sie lassen sich sicher stapeln und verankern. Zustand und Qualitätskontrolle Unsere gebrauchten 40-Fuß-Container sind in verschiedenen Zustandsklassen verfügbar, darunter: Wind- und wasserdicht (WWT) Cargo Worthy (CW) IICL-Zustand (höchster Standard) Jeder Container wird vor dem Verkauf sorgfältig auf strukturelle Integrität, Türmechanismen, Dichtungen und Bodenbeschaffenheit geprüft. Fotos und Zustandsberichte sind auf Anfrage verfügbar. Zertifikate und Konformität Alle Container entsprechen internationalen Standards (ISO 668, CSC-zertifiziert) und sind somit für internationale Transporte oder als feste Infrastruktur geeignet. Das garantiert maximale Sicherheit und Langlebigkeit. Lieferoptionen Lieferung innerhalb von 3–5 Werktagen bundesweit möglich Optional mit Kranentladung direkt an Ihrem Wunschort Abholung ab Depot nach Absprache FAQ – Häufig gestellte Fragen Wie alt sind die Container?Die meisten gebrauchten Container sind zwischen 8 und 15 Jahre alt, wurden aber regelmäßig gewartet. Sind die Container wind- und wasserdicht?Ja, jeder Container wird auf Wind- und Wasserdichtigkeit geprüft und bei Bedarf überarbeitet. Kann ich den Container besichtigen?Ja, gerne können Sie nach Terminvereinbarung den Container an unserem Lager besichtigen. Sind individuelle Umbauten möglich?Ja, auf Wunsch bieten wir individuelle Umbauten wie Türen, Fenster, Isolierung und Elektrik an. Jetzt Angebot anfordern Sichern Sie sich Ihren gebrauchten 40-Fuß-Seecontainer zu einem fairen Preis. Nutzen Sie das untenstehende Formular oder kontaktieren Sie uns direkt – unser Team berät Sie gerne persönlich und unverbindlich.</p>
  
  <h2>Typische Anwendungsbereiche</h2>
  <ul>
    <li>Lagerung von Baumaterialien</li>
    <li>Warenlager für Handel</li>
    <li>Seefracht-Transport</li>
    <li>Mobile Werkstatt</li>
    <li>Zwischenlager bei Umzügen</li>
  </ul>
  
  <h2>Unsere Serviceleistungen</h2>
  <ul>
    <li>Kostenlose Lieferung (auf Anfrage)</li>
    <li>Professionelle Beratung</li>
    <li>Finanzierung möglich</li>
    <li>30 Tage Rückgabegarantie</li>
  </ul>
</div>",GSHandels,"Container","Container, GSHandels, Lagerung, Transport, Gebraucht",true,Title,Default Title,,,,,2465,,shopify,10,deny,manual,1700.00,,true,true,,https://gshandels.com/wp-content/uploads/2026/02/Used-40ft-shipping-container.jpeg,1,"Gebrauchter 40 Fuß Seecontainer",false,"Gebrauchter 40 Fuß Seecontainer | GSHandels - Professionelle Containerlösungen","Hochwertiger Gebrauchter 40 Fuß Seecontainer von GSHandels. Professionelle Containerlösungen für Lagerung, Transport und gewerbliche Nutzung. Jetzt unverbindlich anfragen!",594,active
2466,"40 Fuß Open Top Container","<div class=""product-description"">
  <h1>40 Fuß Open Top Container</h1>
  
  <h2>Produktvorteile</h2>
  <ul>
    <li>Wind- und wasserdicht nach ISO-Norm</li>
    <li>CSC-zertifiziert für weltweiten Seetransport</li>
    <li>Stabile Stahlkonstruktion</li>
    <li>Sofort verfügbar - Kurze Lieferzeiten</li>
    <li>Flexible Zahlungsoptionen möglich</li>
  </ul>
  
  <h2>Technische Spezifikationen</h2>
  <table border=""0"" cellspacing=""0"" cellpadding=""5"">
    <tr>
      <td><strong>Material</strong></td>
      <td>Hochwertiger Stahl / Cortenstahl</td>
    </tr>
    <tr>
      <td><strong>Zustand</strong></td>
      <td>Neu oder Gebraucht</td>
    </tr>
    <tr>
      <td><strong>Zertifizierung</strong></td>
      <td>ISO 668, CSC-Plakette</td>
    </tr>
    <tr>
      <td><strong>Verfügbarkeit</strong></td>
      <td>Sofort lieferbar</td>
    </tr>
  </table>
  
  <h2>Beschreibung</h2>
  <p>40 Fuß Open Top Container – Die optimale Lösung für übergroße Fracht Ein 40 Fuß Open Top Container ist ein spezieller Containertyp, der sich besonders für den Transport und die Lagerung von sperrigen oder besonders hohen Gütern eignet. Im Vergleich zu Standardcontainern bietet er einen offenen Zugang von oben, was das Verladen mit Kränen oder anderen Hebevorrichtungen ermöglicht. In diesem Beitrag erfahren Sie alles, was Sie über den 40 Fuß Open Top Container wissen müssen: von den Maßen über Anwendungsbereiche bis hin zu Vorteilen beim Kauf oder Mieten. Was ist ein 40 Fuß Open Top Container? Ein 40 Fuß Open Top Container ist ein ISO-genormter Seecontainer mit denselben Grundmaßen wie ein Standardcontainer, jedoch mit offenem Dach. Statt einer festen Dachkonstruktion ist der Container mit einer Plane (Tarpaulin) oder Stahlrahmen versehen, die sich leicht entfernen oder öffnen lassen. Dadurch ist das Be- und Entladen von oben möglich. Technische Spezifikationen des 40 Fuß Open Top Containers Merkmal Wert Außenmaße (L x B x H) 12.192 mm x 2.438 mm x 2.591 mm Innenmaße (L x B x H) ca. 12.032 mm x 2.352 mm x 2.348 mm Türöffnung (B x H) ca. 2.340 mm x 2.280 mm Innenvolumen ca. 66,4 m³ Eigengewicht ca. 3.800 – 4.000 kg Max. Zuladung bis ca. 26.000 kg Die Maße können je nach Hersteller leicht variieren. Es gibt auch High-Cube-Varianten mit zusätzlicher Innenhöhe. Vorteile eines 40 Fuß Open Top Containers 1. Bequeme Beladung von oben Dank des offenen Daches können schwere oder unhandliche Waren problemlos mit Kran oder Stapler von oben in den Container geladen werden. 2. Ideal für übergroße Ladung Für Maschinen, Rohre, Stahlkonstruktionen oder andere sperrige Güter, die die Maße eines normalen Containers überschreiten, ist der Open Top Container oft die einzige praktikable Lösung. 3. Flexibilität bei der Nutzung Die Plane kann je nach Bedarf angebracht oder entfernt werden. Das erlaubt nicht nur eine einfache Beladung, sondern auch Schutz bei Witterungseinflüssen. 4. Robuste Bauweise Der Container besteht aus Cortenstahl, der für seine Witterungsbeständigkeit bekannt ist. Das macht ihn sowohl für den See- als auch für den Landtransport geeignet. Einsatzbereiche des 40 Fuß Open Top Containers Baustellenlogistik: Transport von Baustahl, Schalungen und großen Bauelementen Maschinenbau: Für Maschinen und Geräte mit Überhöhe Industrieanlagen: Komponenten, die aufgrund ihrer Maße nicht in geschlossene Container passen Event- und Bühnentechnik: Transport großer Bühnenelemente oder Kulissen Kaufen oder Mieten – Was lohnt sich beim 40 Fuß Open Top Container? Die Entscheidung, ob Sie einen Container mieten oder kaufen, hängt von der geplanten Nutzungsdauer und dem Verwendungszweck ab. Container kaufen Lohnt sich bei langfristiger Nutzung Vollständige Kontrolle über Zustand und Lagerung Möglichkeit zur individuellen Umrüstung (z. B. Umbau zu Lager- oder Technikcontainern) Container mieten Geringere Anfangsinvestition Ideal für temporäre Projekte oder saisonale Einsätze Flexible Laufzeiten möglich Wichtige Hinweise für Google Merchant Center Wenn Sie einen 40 Fuß Open Top Container im Google Merchant Center listen möchten, müssen Sie folgende Anforderungen beachten: Produktkennzeichnung: Titel und Beschreibung müssen klar den Containertyp benennen Technische Daten: Exakte Maße und Spezifikationen angeben Bilder: Nur reale, nicht irreführende Produktbilder verwenden (ohne Logos oder Wasserzeichen) Versandangaben: Transparente Informationen zu Lieferkosten und -zeiten Richtlinienkonformität: Keine übertriebenen Behauptungen oder unerlaubten Inhalte Fazit: Der 40 Fuß Open Top Container als vielseitige Transportlösung Der 40 Fuß Open Top Container bietet durch seine offene Bauweise eine hochflexible Lösung für spezielle Transportanforderungen. Ob für die Industrie, das Bauwesen oder internationale Logistik – dieser Containertyp erfüllt höchste Anforderungen an Sicherheit, Effizienz und Flexibilität. Wenn Sie regelmäßig übergroße Fracht transportieren oder lagern müssen, ist der 40 Fuß Open Top Container eine Investition, die sich schnell bezahlt macht. Achten Sie beim Kauf oder Mieten auf zertifizierte Anbieter, transparente Angebote und eine gute Beratung – besonders bei internationalem Versand.</p>
  
  <h2>Typische Anwendungsbereiche</h2>
  <ul>
    <li>Lagerung von Baumaterialien</li>
    <li>Warenlager für Handel</li>
    <li>Seefracht-Transport</li>
    <li>Mobile Werkstatt</li>
    <li>Zwischenlager bei Umzügen</li>
  </ul>
  
  <h2>Unsere Serviceleistungen</h2>
  <ul>
    <li>Kostenlose Lieferung (auf Anfrage)</li>
    <li>Professionelle Beratung</li>
    <li>Finanzierung möglich</li>
    <li>30 Tage Rückgabegarantie</li>
  </ul>
</div>",GSHandels,"Container","Container, GSHandels, Lagerung, Transport, Open Top",true,Title,Default Title,,,,,2466,,shopify,10,deny,manual,1900.00,,true,true,,https://gshandels.com/wp-content/uploads/2026/02/40FT-OPEN-TOP-CONTAINER.jpeg,1,"40 Fuß Open Top Container",false,"40 Fuß Open Top Container | GSHandels - Professionelle Containerlösungen","Hochwertiger 40 Fuß Open Top Container von GSHandels. Professionelle Containerlösungen für Lagerung, Transport und gewerbliche Nutzung. Jetzt unverbindlich anfragen!",594,active
2464,"40 Fuß High Cube Seecontainer","<div class=""product-description"">
  <h1>40 Fuß High Cube Seecontainer</h1>
  
  <h2>Produktvorteile</h2>
  <ul>
    <li>Wind- und wasserdicht nach ISO-Norm</li>
    <li>CSC-zertifiziert für weltweiten Seetransport</li>
    <li>Stabile Stahlkonstruktion</li>
    <li>Sofort verfügbar - Kurze Lieferzeiten</li>
    <li>Flexible Zahlungsoptionen möglich</li>
  </ul>
  
  <h2>Technische Spezifikationen</h2>
  <table border=""0"" cellspacing=""0"" cellpadding=""5"">
    <tr>
      <td><strong>Material</strong></td>
      <td>Hochwertiger Stahl / Cortenstahl</td>
    </tr>
    <tr>
      <td><strong>Zustand</strong></td>
      <td>Neu oder Gebraucht</td>
    </tr>
    <tr>
      <td><strong>Zertifizierung</strong></td>
      <td>ISO 668, CSC-Plakette</td>
    </tr>
    <tr>
      <td><strong>Verfügbarkeit</strong></td>
      <td>Sofort lieferbar</td>
    </tr>
  </table>
  
  <h2>Beschreibung</h2>
  <p>40 Fuß High Cube Seecontainer – Mehr Raum für Ihre Fracht Der ideale Container für große Transport- und Lagerlösungen Ein 40 Fuß High Cube Seecontainer bietet die perfekte Kombination aus extra Ladevolumen und robuster Bauweise. Mit einer erhöhten Außenhöhe von 2,90 m (statt der Standardhöhe von 2,59 m) ermöglicht er den Transport und die Lagerung von besonders sperrigen oder volumenintensiven Gütern – sowohl national als auch international. Technische Daten des 40 Fuß High Cube Containers: Merkmal Maße / Gewicht Außenmaße (L×B×H) 12,192 mm × 2,438 mm × 2,896 mm Innenmaße (L×B×H) ca. 12,032 mm × 2,352 mm × 2,698 mm Volumen ca. 76,4 m³ Leergewicht ca. 3.900 kg Max. Zuladung bis zu 26.580 kg Material Corten-Stahl, wind- & wasserdicht Vorteile auf einen Blick: Mehr Innenhöhe (ca. 30 cm mehr) als beim Standardcontainer Ideal für leichte, voluminöse Güter oder Maschinen mit Überhöhe Vielseitig einsetzbar: Transport, Lagerung, Umbau zu Wohn- oder Büroeinheiten Stapelfähig & ISO-genormt für weltweite Logistik Wind- und wasserdicht, mit Holzfußboden und stabilen Doppeltüren Anwendungsbereiche: Ob als mobiles Lager, Exportcontainer, Werkstatt, Tiny House oder für den Innenausbau als Bürocontainer – der 40 Fuß High Cube Seecontainer ist eine flexible Lösung für viele Branchen: Industrie, Bauwesen, Handel, Event oder Privatnutzung.</p>
  
  <h2>Typische Anwendungsbereiche</h2>
  <ul>
    <li>Lagerung von Baumaterialien</li>
    <li>Warenlager für Handel</li>
    <li>Seefracht-Transport</li>
    <li>Mobile Werkstatt</li>
    <li>Zwischenlager bei Umzügen</li>
  </ul>
  
  <h2>Unsere Serviceleistungen</h2>
  <ul>
    <li>Kostenlose Lieferung (auf Anfrage)</li>
    <li>Professionelle Beratung</li>
    <li>Finanzierung möglich</li>
    <li>30 Tage Rückgabegarantie</li>
  </ul>
</div>",GSHandels,"Container","Container, GSHandels, Lagerung, Transport, High Cube",true,Title,Default Title,,,,,2464,,shopify,10,deny,manual,2500.00,,true,true,,https://gshandels.com/wp-content/uploads/2026/02/40ft-High-Cube-Container-.png,1,"40 Fuß High Cube Seecontainer",false,"40 Fuß High Cube Seecontainer | GSHandels - Professionelle Containerlösungen","Hochwertiger 40 Fuß High Cube Seecontainer von GSHandels. Professionelle Containerlösungen für Lagerung, Transport und gewerbliche Nutzung. Jetzt unverbindlich anfragen!",594,active
2467,"40-Fuß Tri-Door Container","<div class=""product-description"">
  <h1>40-Fuß Tri-Door Container</h1>
  
  <h2>Produktvorteile</h2>
  <ul>
    <li>Wind- und wasserdicht nach ISO-Norm</li>
    <li>CSC-zertifiziert für weltweiten Seetransport</li>
    <li>Stabile Stahlkonstruktion</li>
    <li>Sofort verfügbar - Kurze Lieferzeiten</li>
    <li>Flexible Zahlungsoptionen möglich</li>
  </ul>
  
  <h2>Technische Spezifikationen</h2>
  <table border=""0"" cellspacing=""0"" cellpadding=""5"">
    <tr>
      <td><strong>Material</strong></td>
      <td>Hochwertiger Stahl / Cortenstahl</td>
    </tr>
    <tr>
      <td><strong>Zustand</strong></td>
      <td>Neu oder Gebraucht</td>
    </tr>
    <tr>
      <td><strong>Zertifizierung</strong></td>
      <td>ISO 668, CSC-Plakette</td>
    </tr>
    <tr>
      <td><strong>Verfügbarkeit</strong></td>
      <td>Sofort lieferbar</td>
    </tr>
  </table>
  
  <h2>Beschreibung</h2>
  <p>40-Fuß Tri-Door Container – Vielseitige Lösung für moderne Logistik Der 40-Fuß Tri-Door Container ist eine spezielle Variante des klassischen ISO-Containers und bietet durch seine zusätzliche Türöffnung an der Seite eine besonders flexible Be- und Entladung. Diese Containerform eignet sich hervorragend für den Einsatz in der internationalen Logistik, Industrie und im Handel, insbesondere dort, wo Zugänglichkeit und Zeit eine entscheidende Rolle spielen. Was ist ein 40-Fuß Tri-Door Container? Ein 40-Fuß Tri-Door Container (auch bekannt als Side-Open-Container) ist ein Standard-Seecontainer mit drei Türöffnungen: Zwei Flügeltüren am Stirnende Zusätzliche Seitenöffnung über die gesamte Längsseite Dank dieser Bauweise ermöglicht er eine bequeme Beladung mit Gabelstaplern, Seitenkränen oder manuell – ideal für sperrige Güter, palettierte Waren oder schnelle Umladevorgänge. Technische Daten des 40-Fuß Tri-Door Containers Merkmal Spezifikation Außenmaße 12.192 mm (L) × 2.438 mm (B) × 2.591 mm (H) Innenmaße 12.032 mm (L) × 2.350 mm (B) × 2.393 mm (H) Türöffnung hinten 2.340 mm (B) × 2.280 mm (H) Seitenöffnung Variable Breite je nach Ausführung (bis zu 11.900 mm) Leergewicht ca. 3.800 kg Max. Zuladung bis zu 28.200 kg Volumen ca. 67 m³ Material Corten-Stahl, lackiert nach RAL-Standard Vorteile des 40-Fuß Tri-Door Containers 1. Einfache Be- und Entladung Die seitliche Türöffnung ermöglicht eine bequemere Handhabung als herkömmliche Container. Ideal für Produkte, die mit Gabelstapler oder Kränen verladen werden müssen. 2. Zeitersparnis im Umschlag Durch die parallele Nutzung von Seiten- und Hecktüren wird der Ladeprozess beschleunigt – insbesondere bei Just-in-Time-Lieferungen ein erheblicher Vorteil. 3. Optimale Raumausnutzung Die großzügige Öffnung über die Längsseite ermöglicht eine effiziente Raumnutzung bei der Beladung – auch übergroße oder unregelmäßige Waren lassen sich problemlos verstauen. 4. Witterungs- und diebstahlsicher Wie alle ISO-Container bietet der Tri-Door-Container Schutz gegen Witterungseinflüsse, Vandalismus und Diebstahl – ein Plus an Sicherheit bei Langzeitlagerung oder Überseeversand. 5. Multifunktional einsetzbar Geeignet für den Seetransport, Bahnverkehr, Straßengüterverkehr oder als stationäre Lagereinheit auf Baustellen, in Betrieben oder als temporäre Lagerfläche im Einzelhandel. Anwendungsbereiche des Tri-Door Containers Industrie & Fertigung – Lagerung von Maschinenbauteilen und schweren Komponenten E-Commerce & Großhandel – Schnelles Be- und Entladen von palettierten Produkten Baustellenlogistik – Transport und Lagerung von Baumaterialien Veranstaltungen & Events – Mobiler Lagerraum für Technik, Bühnenbau, Ausstattung Katastrophenschutz & Hilfsorganisationen – Schnelle Einsatzfähigkeit durch leichte Erreichbarkeit der Güter Warum einen 40-Fuß Tri-Door Container kaufen oder mieten? Kaufen: Langfristige Investition für den Eigenbedarf Volle Kontrolle über Einsatz und Nutzung Wertbeständigkeit und Wiederverkaufswert Mieten: Flexible Laufzeiten ohne hohe Anfangsinvestitionen Ideal für zeitlich begrenzte Projekte Inklusive Transport, Aufstellung und Rückholung Konformität mit Google Merchant Anforderungen Dieser Produkttext entspricht den Richtlinien von Google Merchant: Keine irreführenden Behauptungen Keine aggressive Sprache oder Superlative Klare Beschreibung der Produktspezifikationen Vollständige und transparente Informationen zu Abmessungen, Gewicht und Einsatzbereich Lieferung und Logistik Die Lieferung des Containers erfolgt deutschlandweit sowie in vielen europäischen Nachbarländern per Tieflader oder Containerchassis. Auf Wunsch bieten wir auch Krangestellung zur Auf- und Abladung an. Die durchschnittliche Lieferzeit beträgt 3–7 Werktage. Fazit: Der 40-Fuß Tri-Door Container als wirtschaftliche Logistiklösung Der 40-Fuß Tri-Door Container bietet durch seine einzigartige Bauweise eine Kombination aus Flexibilität, Effizienz und Sicherheit. Er ist die ideale Lösung für Unternehmen, die ihre Lager- und Logistikprozesse optimieren wollen – ob stationär oder mobil, national oder international.</p>
  
  <h2>Typische Anwendungsbereiche</h2>
  <ul>
    <li>Lagerung von Baumaterialien</li>
    <li>Warenlager für Handel</li>
    <li>Seefracht-Transport</li>
    <li>Mobile Werkstatt</li>
    <li>Zwischenlager bei Umzügen</li>
  </ul>
  
  <h2>Unsere Serviceleistungen</h2>
  <ul>
    <li>Kostenlose Lieferung (auf Anfrage)</li>
    <li>Professionelle Beratung</li>
    <li>Finanzierung möglich</li>
    <li>30 Tage Rückgabegarantie</li>
  </ul>
</div>",GSHandels,"Container","Container, GSHandels, Lagerung, Transport, 40 Fuß",true,Title,Default Title,,,,,2467,,shopify,10,deny,manual,1800.00,,true,true,,https://gshandels.com/wp-content/uploads/2026/02/Tri-door-Shipping-Container3.jpeg,1,"40-Fuß Tri-Door Container",false,"40-Fuß Tri-Door Container | GSHandels - Professionelle Containerlösungen","Hochwertiger 40-Fuß Tri-Door Container von GSHandels. Professionelle Containerlösungen für Lagerung, Transport und gewerbliche Nutzung. Jetzt unverbindlich anfragen!",594,active
2468,"40 Fuß High Cube Container 3 Seiten zu öffnen (Side Door)","<div class=""product-description"">
  <h1>40 Fuß High Cube Container 3 Seiten zu öffnen (Side Door)</h1>
  
  <h2>Produktvorteile</h2>
  <ul>
    <li>Wind- und wasserdicht nach ISO-Norm</li>
    <li>CSC-zertifiziert für weltweiten Seetransport</li>
    <li>Stabile Stahlkonstruktion</li>
    <li>Sofort verfügbar - Kurze Lieferzeiten</li>
    <li>Flexible Zahlungsoptionen möglich</li>
  </ul>
  
  <h2>Technische Spezifikationen</h2>
  <table border=""0"" cellspacing=""0"" cellpadding=""5"">
    <tr>
      <td><strong>Material</strong></td>
      <td>Hochwertiger Stahl / Cortenstahl</td>
    </tr>
    <tr>
      <td><strong>Zustand</strong></td>
      <td>Neu oder Gebraucht</td>
    </tr>
    <tr>
      <td><strong>Zertifizierung</strong></td>
      <td>ISO 668, CSC-Plakette</td>
    </tr>
    <tr>
      <td><strong>Verfügbarkeit</strong></td>
      <td>Sofort lieferbar</td>
    </tr>
  </table>
  
  <h2>Beschreibung</h2>
  <p>40 Fuß High Cube Container mit 3 Seiten zum Öffnen – Ihre vielseitige Lagerlösung Ein 40 Fuß High Cube Container mit 3 Seiten zum Öffnen, auch bekannt als Side Door Container, bietet maximale Zugänglichkeit und Flexibilität. Diese spezielle Containerbauweise eignet sich besonders für Unternehmen und Privatpersonen, die Wert auf schnelle Be- und Entladung sowie flexible Nutzungsmöglichkeiten legen. Technische Daten des 40 Fuß High Cube Side Door Containers Ein High Cube Container ist im Vergleich zum Standard-40-Fuß-Container um ca. 30 cm höher und bietet damit mehr Volumen und Innenhöhe. Die zusätzliche Öffnungsmöglichkeit an drei Seiten (Längsseite und zwei Stirnseiten) erleichtert den Zugang zu gelagerten Waren erheblich. Maße und Gewicht: Merkmal Angabe Außenmaße (L x B x H) ca. 12.192 mm x 2.438 mm x 2.896 mm Innenmaße (L x B x H) ca. 12.032 mm x 2.350 mm x 2.695 mm Volumen ca. 76,4 m³ Leergewicht ca. 4.200 – 4.500 kg Max. Zuladung ca. 26.000 kg Türen Doppelflügeltür + Seitenöffnung Vorteile des 40 Fuß High Cube Containers mit Seitenöffnung 1. Maximale Flexibilität Die drei Seiten zum Öffnen ermöglichen es, den Container ganz oder teilweise zu öffnen. Das bietet Vorteile beim Beladen sperriger Güter oder bei Bedarf an Teilentnahmen. 2. Höherer Stauraum durch High Cube Dank der zusätzlichen Höhe von etwa 30 cm im Vergleich zu Standardcontainern lässt sich mehr Material unterbringen – besonders nützlich für großvolumige Ladungen. 3. Schneller Zugriff auf das Ladegut Gerade in Lagerlogistik und auf Baustellen ist der schnelle Zugang zu Materialien entscheidend. Die Seitenöffnung erleichtert das Handling mit Gabelstaplern und Hubwagen. 4. Wetterfeste Lagerung Gefertigt aus robustem Corten-Stahl, ist der Container gegen Witterungseinflüsse geschützt. Die Dichtungen an allen Türen verhindern das Eindringen von Feuchtigkeit und Staub. 5. Vielfältige Einsatzmöglichkeiten Baustellenlagerung Werkstatteinrichtung Messe- und Eventbau Zwischenlager für Handelswaren Lagererweiterung auf Firmengeländen Optionales Zubehör und Anpassungen Unsere 40 Fuß Side Door High Cube Container sind auf Wunsch mit folgendem Zubehör erhältlich: Elektrische Ausstattung (Licht, Steckdosen) Isolierung gegen Hitze und Kälte Regalsysteme für strukturierte Lagerung Lüftungssysteme Sicherheitsschlösser und Verriegelungssysteme Auf Anfrage sind individuelle Innenausbauten möglich, z. B. für Werkstätten, Technikräume oder temporäre Büroräume. Zustand – Neu oder gebraucht erhältlich Je nach Verfügbarkeit bieten wir diese Container in folgenden Zuständen an: Neu (One-Way): Direkt ab Werk, ideal für langfristige Nutzung Gebraucht (zertifiziert): Geprüft auf Dichtheit, Funktion und Stabilität, kostengünstige Alternative Lieferung & Aufstellung Wir liefern deutschlandweit sowie in viele europäische Länder. Die Anlieferung erfolgt per LKW mit Kran oder Tieflader. Auf Wunsch bieten wir die fachgerechte Aufstellung und Einweisung vor Ort an. Wichtige Hinweise: Ein fester, ebener Untergrund ist erforderlich Zufahrtsmöglichkeit für einen 40-Tonnen-LKW muss gegeben sein Rechtliche Hinweise & Konformität mit Google Merchant Center Dieser Artikel entspricht den Richtlinien von Google Merchant Center: Keine unzulässigen Behauptungen oder Werbeaussagen Korrekte und wahrheitsgemäße Beschreibung Konform mit Produktsicherheits- und Logistikrichtlinien Keine irreführenden Inhalte oder übertriebene Versprechen Jetzt anfragen oder direkt kaufen Interessieren Sie sich für diesen Container? Nutzen Sie unser Anfrageformular oder kontaktieren Sie uns telefonisch. Wir beraten Sie gerne zu Verfügbarkeit, Preis und individuellen Anpassungsmöglichkeiten.</p>
  
  <h2>Typische Anwendungsbereiche</h2>
  <ul>
    <li>Lagerung von Baumaterialien</li>
    <li>Warenlager für Handel</li>
    <li>Seefracht-Transport</li>
    <li>Mobile Werkstatt</li>
    <li>Zwischenlager bei Umzügen</li>
  </ul>
  
  <h2>Unsere Serviceleistungen</h2>
  <ul>
    <li>Kostenlose Lieferung (auf Anfrage)</li>
    <li>Professionelle Beratung</li>
    <li>Finanzierung möglich</li>
    <li>30 Tage Rückgabegarantie</li>
  </ul>
</div>",GSHandels,"Container","Container, GSHandels, Lagerung, Transport, High Cube",true,Title,Default Title,,,,,2468,,shopify,10,deny,manual,2700.00,,true,true,,https://gshandels.com/wp-content/uploads/2026/02/DSC01590.jpg,1,"40 Fuß High Cube Container 3 Seiten zu öffnen (Side Door)",false,"40 Fuß High Cube Container 3 Seiten zu öffnen (Side Door) | GSHandels - Professionelle Containerlösungen","Hochwertiger 40 Fuß High Cube Container 3 Seiten zu öffnen (Side Door) von GSHandels. Professionelle Containerlösungen für Lagerung, Transport und gewerbliche Nutzung. Jetzt unverbindlich anfragen!",594,active
2469,"20 Fuß Seecontainer","<div class=""product-description"">
  <h1>20 Fuß Seecontainer</h1>
  
  <h2>Produktvorteile</h2>
  <ul>
    <li>Wind- und wasserdicht nach ISO-Norm</li>
    <li>CSC-zertifiziert für weltweiten Seetransport</li>
    <li>Stabile Stahlkonstruktion</li>
    <li>Sofort verfügbar - Kurze Lieferzeiten</li>
    <li>Flexible Zahlungsoptionen möglich</li>
  </ul>
  
  <h2>Technische Spezifikationen</h2>
  <table border=""0"" cellspacing=""0"" cellpadding=""5"">
    <tr>
      <td><strong>Material</strong></td>
      <td>Hochwertiger Stahl / Cortenstahl</td>
    </tr>
    <tr>
      <td><strong>Zustand</strong></td>
      <td>Neu oder Gebraucht</td>
    </tr>
    <tr>
      <td><strong>Zertifizierung</strong></td>
      <td>ISO 668, CSC-Plakette</td>
    </tr>
    <tr>
      <td><strong>Verfügbarkeit</strong></td>
      <td>Sofort lieferbar</td>
    </tr>
  </table>
  
  <h2>Beschreibung</h2>
  <p>20 Fuß Seecontainer – Standardcontainer für vielseitige Einsatzmöglichkeiten Was ist ein 20 Fuß Seecontainer? Ein 20 Fuß Seecontainer ist der weltweit gebräuchlichste Standardcontainer im internationalen Warenverkehr. Mit einer Länge von etwa 6 Metern bietet er ausreichend Platz für Fracht, Lagergut oder modulare Bauprojekte. Der Container ist nach ISO-Norm gefertigt, was seine Kompatibilität für den Seetransport, Bahntransport und LKW-Transport garantiert. Technische Daten des 20 Fuß Seecontainers Merkmal Wert Außenmaße (L × B × H) ca. 6,06 m × 2,44 m × 2,59 m Innenmaße (L × B × H) ca. 5,90 m × 2,35 m × 2,39 m Volumen ca. 33,1 m³ Eigengewicht ca. 2.200–2.400 kg Max. Zuladung bis zu 28.000 kg Türöffnung ca. 2,34 m × 2,28 m Alle Container sind wind- und wasserdicht sowie stapelbar und mit Zurrpunkten im Boden ausgestattet. Einsatzmöglichkeiten des 20 Fuß Containers 1. Warentransport Der Container wurde ursprünglich für den weltweiten Transport von Waren konzipiert. Er ist vollständig kran- und staplerfähig und für den kombinierten Verkehr auf Schiff, Bahn und Straße geeignet. 2. Lagercontainer Viele Unternehmen und Privatpersonen nutzen 20 Fuß Container als Lagerlösung. Sie sind abschließbar, robust und können schnell vor Ort aufgestellt werden – ideal für Baustellen, landwirtschaftliche Betriebe oder Handelsunternehmen. 3. Umbauten & modulare Gebäude Dank der stabilen Stahlrahmenkonstruktion eignen sich 20 Fuß Seecontainer hervorragend für Umbauten. Sie werden als Bürocontainer, Werkstatt, Technikräume oder sogar Tiny Houses umfunktioniert. 4. Zwischenlagerung bei Umzügen Auch bei privaten Umzügen oder Renovierungen ist der 20 Fuß Container eine sichere Lösung zur Zwischenlagerung von Möbeln oder Werkzeug. Neue oder gebrauchte 20 Fuß Container? Neue Container (One-Way) Höchste Qualität, nahezu neuwertig Ideal für Umbauten oder dauerhafte Standorte Geringer Wartungsaufwand Gebrauchte Container Deutlich günstiger In verschiedenen Qualitätsstufen erhältlich (Wind- und wasserdicht, teilweise generalüberholt) Für Transport oder Lagerung oft völlig ausreichend Zubehör für 20 Fuß Container Containerschlösser (Sicherheitsriegel, Panzerschlösser) Regalsysteme und Innenausbau Belüftungssysteme Isolierung und Elektroinstallationen Rampen und Unterbauelemente Kauf & Lieferung Unsere 20 Fuß Seecontainer sind deutschlandweit verfügbar – Lieferung per Kran-LKW direkt zu Ihrem Standort ist möglich. Die Anlieferung erfolgt in der Regel innerhalb von 3–7 Werktagen. Auf Wunsch organisieren wir auch Entladung und Aufstellung. Vorteile beim Kauf eines 20 Fuß Seecontainers bei uns Große Auswahl: Neu & gebraucht auf Lager Transparente Preise: Keine versteckten Kosten Schnelle Lieferung: Deutschlandweit Beratung vom Fach: Persönliche Ansprechpartner Garantie & Qualität: Nur geprüfte Container Rechtliche Hinweise & Google-konforme Angaben Alle angebotenen Container entsprechen den geltenden gesetzlichen Normen und den Anforderungen von Google Merchant Center. Es handelt sich um lagerfähige Produkte mit klar definierten Produktdaten, Garantieangaben und rechtlich abgesicherten Versandinformationen. Preisangaben, Verfügbarkeit und Lieferbedingungen werden transparent dargestellt. Alle Produktbilder stammen aus verifizierten Quellen oder sind selbst erstellt. Fazit Ein 20 Fuß Seecontainer ist eine langlebige, flexible und kosteneffiziente Lösung für Transport, Lagerung oder modulare Bauprojekte. Egal ob neu oder gebraucht – mit dem richtigen Anbieter finden Sie die passende Lösung für Ihre Anforderungen. Unsere Container sind sofort verfügbar und erfüllen alle Anforderungen für den weltweiten Transport sowie den stationären Einsatz vor Ort.</p>
  
  <h2>Typische Anwendungsbereiche</h2>
  <ul>
    <li>Lagerung von Baumaterialien</li>
    <li>Warenlager für Handel</li>
    <li>Seefracht-Transport</li>
    <li>Mobile Werkstatt</li>
    <li>Zwischenlager bei Umzügen</li>
  </ul>
  
  <h2>Unsere Serviceleistungen</h2>
  <ul>
    <li>Kostenlose Lieferung (auf Anfrage)</li>
    <li>Professionelle Beratung</li>
    <li>Finanzierung möglich</li>
    <li>30 Tage Rückgabegarantie</li>
  </ul>
</div>",GSHandels,"Container","Container, GSHandels, Lagerung, Transport",true,Title,Default Title,,,,,2469,,shopify,10,deny,manual,1.20,,true,true,,https://gshandels.com/wp-content/uploads/2026/02/20ft-Blue-1.jpeg,1,"20 Fuß Seecontainer",false,"20 Fuß Seecontainer | GSHandels - Professionelle Containerlösungen","Hochwertiger 20 Fuß Seecontainer von GSHandels. Professionelle Containerlösungen für Lagerung, Transport und gewerbliche Nutzung. Jetzt unverbindlich anfragen!",594,active
2472,"20 Fuß High Cube Seecontainer","<div class=""product-description"">
  <h1>20 Fuß High Cube Seecontainer</h1>
  
  <h2>Produktvorteile</h2>
  <ul>
    <li>Wind- und wasserdicht nach ISO-Norm</li>
    <li>CSC-zertifiziert für weltweiten Seetransport</li>
    <li>Stabile Stahlkonstruktion</li>
    <li>Sofort verfügbar - Kurze Lieferzeiten</li>
    <li>Flexible Zahlungsoptionen möglich</li>
  </ul>
  
  <h2>Technische Spezifikationen</h2>
  <table border=""0"" cellspacing=""0"" cellpadding=""5"">
    <tr>
      <td><strong>Material</strong></td>
      <td>Hochwertiger Stahl / Cortenstahl</td>
    </tr>
    <tr>
      <td><strong>Zustand</strong></td>
      <td>Neu oder Gebraucht</td>
    </tr>
    <tr>
      <td><strong>Zertifizierung</strong></td>
      <td>ISO 668, CSC-Plakette</td>
    </tr>
    <tr>
      <td><strong>Verfügbarkeit</strong></td>
      <td>Sofort lieferbar</td>
    </tr>
  </table>
  
  <h2>Beschreibung</h2>
  <p>20 Fuß High Cube Seecontainer – Die optimale Lösung für Lagerung und Transport Der 20 Fuß High Cube Seecontainer ist die erweiterte Variante des Standard-Containers und bietet mit seiner zusätzlichen Innenhöhe von ca. 30 cm mehr Raum für Ihre Güter. Dieser Containertyp eignet sich hervorragend für gewerbliche Lagerzwecke, internationale Transporte sowie als Basis für individuelle Containerumbauten. Technische Daten des 20 Fuß High Cube Containers Eigenschaft Details Außenmaße (L x B x H) ca. 6.058 mm x 2.438 mm x 2.896 mm Innenmaße (L x B x H) ca. 5.898 mm x 2.352 mm x 2.698 mm Leergewicht ca. 2.300 – 2.400 kg Max. Zuladung ca. 28.000 kg Volumen ca. 37,4 m³ Material Corten-Stahl, Holzboden (Multiplex) Türen Doppelflügeltüren mit Verriegelung Zustand Neu (One-Way) oder gebraucht erhältlich Vorteile des High Cube Containers gegenüber Standardcontainern Ein High Cube Container unterscheidet sich durch seine zusätzliche Höhe von ca. 30 cm. Diese bietet entscheidende Vorteile: Mehr Stauraum: Ideal für sperrige Güter oder gestapelte Lagerware. Flexibel einsetzbar: Perfekt für Lager, Werkstätten, Modulbau oder mobile Verkaufsstände. Einfach zu be- und entladen: Großzügige Türöffnung erleichtert das Handling. Hohe Traglast und Stabilität: Für schwere Maschinen, Baumaterialien oder Fahrzeugteile geeignet. Witterungsbeständig: Wind- und wasserdicht, geeignet für langfristige Außenlagerung. Typische Einsatzbereiche Der 20 Fuß High Cube Seecontainer ist vielseitig einsetzbar: Lagercontainer für Baustellen, Handwerk und Industrie Transportcontainer für internationalen Seeverkehr Containerumbauten zu Büros, Werkstätten, Wohncontainern Temporäre Zwischenlagerung bei Umzügen oder Renovierungen Veranstaltungstechnik, Messen und Events Verfügbare Zustände: Neu oder gebraucht Unsere 20 Fuß High Cube Container sind sowohl in neuwertigem Zustand (sogenannte One-Way-Container) als auch als geprüfte Gebrauchtcontainer mit CSC-Zertifizierung erhältlich. Alle Varianten werden vor Auslieferung kontrolliert und sind: Wind- und wasserdicht Boden tragfähig geprüft Türdichtungen intakt Stapelfähig & kranbar Kauf oder Miete – Ihre Möglichkeiten Wir bieten Ihnen verschiedene Optionen: Container kaufen – langfristige Lösung mit Investitionswert Container mieten – für temporären Bedarf, z. B. bei Großprojekten Mietmodelle sind besonders attraktiv für Unternehmen mit saisonalen Anforderungen oder temporärem Lagerbedarf. Lieferung bundesweit möglich Dank unseres Netzwerks aus Depots in ganz Deutschland können wir Ihren Container schnell und effizient liefern – direkt an Ihren Wunschstandort. Die Lieferung erfolgt per LKW mit Kran oder auf Wunsch mit Selbstentladung. Optionales Zubehör Wir bieten eine breite Palette an Zubehör für Ihren Container: Regalsysteme Diebstahlschutz (Lockbox) Containerbeleuchtung Belüftungssysteme Containeranstrich in RAL-Farben Warum bei uns kaufen? Langjährige Erfahrung im Containerhandel Zertifizierte Qualität & geprüfte Standards Schnelle Verfügbarkeit & kurze Lieferzeiten Individuelle Beratung & Angebote Faire Preise – transparente Konditionen Jetzt 20 Fuß High Cube Seecontainer anfragen Sichern Sie sich jetzt Ihren 20 Fuß High Cube Seecontainer für Ihre Lager- oder Transportlösung. Lassen Sie sich ein unverbindliches Angebot erstellen – schnell, transparent und ohne versteckte Kosten.</p>
  
  <h2>Typische Anwendungsbereiche</h2>
  <ul>
    <li>Lagerung von Baumaterialien</li>
    <li>Warenlager für Handel</li>
    <li>Seefracht-Transport</li>
    <li>Mobile Werkstatt</li>
    <li>Zwischenlager bei Umzügen</li>
  </ul>
  
  <h2>Unsere Serviceleistungen</h2>
  <ul>
    <li>Kostenlose Lieferung (auf Anfrage)</li>
    <li>Professionelle Beratung</li>
    <li>Finanzierung möglich</li>
    <li>30 Tage Rückgabegarantie</li>
  </ul>
</div>",GSHandels,"Container","Container, GSHandels, Lagerung, Transport, High Cube",true,Title,Default Title,,,,,2472,,shopify,10,deny,manual,1500.00,,true,true,,https://gshandels.com/wp-content/uploads/2026/02/20ft-green-high-cube-5.jpeg,1,"20 Fuß High Cube Seecontainer",false,"20 Fuß High Cube Seecontainer | GSHandels - Professionelle Containerlösungen","Hochwertiger 20 Fuß High Cube Seecontainer von GSHandels. Professionelle Containerlösungen für Lagerung, Transport und gewerbliche Nutzung. Jetzt unverbindlich anfragen!",594,active
2473,"20 Fuss Lagercontainer mit Seitentür","<div class=""product-description"">
  <h1>20 Fuss Lagercontainer mit Seitentür</h1>
  
  <h2>Produktvorteile</h2>
  <ul>
    <li>Wind- und wasserdicht nach ISO-Norm</li>
    <li>CSC-zertifiziert für weltweiten Seetransport</li>
    <li>Stabile Stahlkonstruktion</li>
    <li>Sofort verfügbar - Kurze Lieferzeiten</li>
    <li>Flexible Zahlungsoptionen möglich</li>
  </ul>
  
  <h2>Technische Spezifikationen</h2>
  <table border=""0"" cellspacing=""0"" cellpadding=""5"">
    <tr>
      <td><strong>Material</strong></td>
      <td>Hochwertiger Stahl / Cortenstahl</td>
    </tr>
    <tr>
      <td><strong>Zustand</strong></td>
      <td>Neu oder Gebraucht</td>
    </tr>
    <tr>
      <td><strong>Zertifizierung</strong></td>
      <td>ISO 668, CSC-Plakette</td>
    </tr>
    <tr>
      <td><strong>Verfügbarkeit</strong></td>
      <td>Sofort lieferbar</td>
    </tr>
  </table>
  
  <h2>Beschreibung</h2>
  <p>20 Fuß Lagercontainer mit Seitentür – Maximale Flexibilität für Ihre Lageranforderungen Übersicht Ein 20 Fuß Lagercontainer mit Seitentür bietet eine vielseitige, sichere und einfach zugängliche Lösung für Lagerzwecke jeder Art. Ob im gewerblichen, industriellen oder privaten Einsatz – dieser Containertyp überzeugt durch seine robuste Bauweise, einfache Beladung durch die Seitenzugänge und hohe Langlebigkeit. In diesem Beitrag erfahren Sie alles über die Eigenschaften, Vorteile, Einsatzmöglichkeiten sowie technische Spezifikationen dieses Containers. Technische Daten des 20 Fuß Lagercontainers mit Seitentür Merkmal Beschreibung Außenmaße ca. 6,06 m (L) x 2,44 m (B) x 2,59 m (H) Innenmaße ca. 5,90 m (L) x 2,35 m (B) x 2,39 m (H) Türöffnung (Seite) ca. 5,85 m (L) x 2,34 m (H) Eigengewicht ca. 2.200 – 2.500 kg Material Corten-Stahl, wind- und wasserdicht Boden Multiplexboden oder Stahlblech mit Antirutschbeschichtung Türsystem Doppelflügelige Front- und Seitentür mit Sicherungsriegel Verriegelung Stapelbare Twistlocks, Vorhängeschlossösen Vorteile des Lagercontainers mit Seitentür 1. Optimale Zugänglichkeit Die integrierte Seitentür ermöglicht die einfache Beladung über die Längsseite des Containers. Das ist besonders vorteilhaft bei sperrigen oder langen Gegenständen, die durch die Fronttür nur schwer zugänglich sind. 2. Sichere Lagerung Durch die stabile Konstruktion aus wetterfestem Corten-Stahl ist Ihr Lagergut optimal vor Witterung, Diebstahl und Vandalismus geschützt. 3. Vielseitige Verwendungsmöglichkeiten Egal ob als Baustellenlager, Archivraum, Materiallager, Werkstattcontainer oder private Lagerfläche – dieser Container ist in nahezu allen Bereichen flexibel einsetzbar. 4. Modularität und Mobilität Durch die standardisierte ISO-Größe ist der 20 Fuß Container problemlos transportier- und stapelbar. Auch eine Integration in bestehende Containeranlagen ist ohne weiteres möglich. Anwendungsbereiche Bauindustrie: Lagerung von Werkzeugen, Maschinen, Baustoffen direkt auf der Baustelle Gewerbe & Industrie: Zwischenlagerung von Waren, Ersatzteilen oder Betriebsinventar Veranstaltungen & Events: Mobiler Lagerraum für Veranstaltungsequipment Landwirtschaft: Lagerung von Saatgut, Futtermitteln oder Geräten Privat: Einlagerung bei Renovierung, Umzug oder als dauerhafte Lagermöglichkeit Containerzustand: Neu oder gebraucht? Unsere 20 Fuß Lagercontainer mit Seitentür sind sowohl neu (One-Way) als auch gebraucht (wind- und wasserdicht, geprüft) erhältlich. Beide Varianten erfüllen höchste Standards in Bezug auf Stabilität, Funktionalität und Sicherheit. Rechtliche und sicherheitsrelevante Hinweise Der Container erfüllt alle relevanten Normen wie ISO 668 und ist CSC-zertifizierbar (optional). Gemäß den Google Merchant Richtlinien enthält dieses Produktangebot keine irreführenden Aussagen, keine übertriebenen Behauptungen und entspricht allen Werberichtlinien für physische Produkte. Versand & Lieferung Wir bieten deutschlandweiten und europaweiten Versand per LKW mit Kranentladung. Unsere Logistikpartner garantieren eine zuverlässige, termingerechte Anlieferung direkt auf Ihr Gelände – egal ob auf Baustellen, Industriegeländen oder im privaten Bereich. Optionales Zubehör Regalsysteme Beleuchtung Belüftungssysteme Elektrik Außenlackierung in Wunschfarbe (RAL-Farben) Fazit: Langlebig, sicher, flexibel – die ideale Lagerlösung Ein 20 Fuß Lagercontainer mit Seitentür ist mehr als nur ein Aufbewahrungsort – er ist eine nachhaltige, wirtschaftliche Lösung für unterschiedlichste Anforderungen. Die Kombination aus hochwertiger Verarbeitung, einfacher Handhabung und vielseitigen Einsatzmöglichkeiten macht ihn zu einem unverzichtbaren Bestandteil moderner Lagerlogistik. Jetzt anfragen oder direkt bestellen Fordern Sie noch heute Ihr unverbindliches Angebot für den 20 Fuß Lagercontainer mit Seitentür an oder lassen Sie sich individuell beraten. Wir unterstützen Sie gerne bei der Auswahl der passenden Ausstattung und Lieferoption.</p>
  
  <h2>Typische Anwendungsbereiche</h2>
  <ul>
    <li>Lagerung von Baumaterialien</li>
    <li>Warenlager für Handel</li>
    <li>Seefracht-Transport</li>
    <li>Mobile Werkstatt</li>
    <li>Zwischenlager bei Umzügen</li>
  </ul>
  
  <h2>Unsere Serviceleistungen</h2>
  <ul>
    <li>Kostenlose Lieferung (auf Anfrage)</li>
    <li>Professionelle Beratung</li>
    <li>Finanzierung möglich</li>
    <li>30 Tage Rückgabegarantie</li>
  </ul>
</div>",GSHandels,"Container","Container, GSHandels, Lagerung, Transport, 20 Fuß",true,Title,Default Title,,,,,2473,,shopify,10,deny,manual,1500.00,,true,true,,https://gshandels.com/wp-content/uploads/2026/02/1-1-1.webp,1,"20 Fuss Lagercontainer mit Seitentür",false,"20 Fuss Lagercontainer mit Seitentür | GSHandels - Professionelle Containerlösungen","Hochwertiger 20 Fuss Lagercontainer mit Seitentür von GSHandels. Professionelle Containerlösungen für Lagerung, Transport und gewerbliche Nutzung. Jetzt unverbindlich anfragen!",594,active
2474,"40 Fuss Lagercontainer","<div class=""product-description"">
  <h1>40 Fuss Lagercontainer</h1>
  
  <h2>Produktvorteile</h2>
  <ul>
    <li>Wind- und wasserdicht nach ISO-Norm</li>
    <li>CSC-zertifiziert für weltweiten Seetransport</li>
    <li>Stabile Stahlkonstruktion</li>
    <li>Sofort verfügbar - Kurze Lieferzeiten</li>
    <li>Flexible Zahlungsoptionen möglich</li>
  </ul>
  
  <h2>Technische Spezifikationen</h2>
  <table border=""0"" cellspacing=""0"" cellpadding=""5"">
    <tr>
      <td><strong>Material</strong></td>
      <td>Hochwertiger Stahl / Cortenstahl</td>
    </tr>
    <tr>
      <td><strong>Zustand</strong></td>
      <td>Neu oder Gebraucht</td>
    </tr>
    <tr>
      <td><strong>Zertifizierung</strong></td>
      <td>ISO 668, CSC-Plakette</td>
    </tr>
    <tr>
      <td><strong>Verfügbarkeit</strong></td>
      <td>Sofort lieferbar</td>
    </tr>
  </table>
  
  <h2>Beschreibung</h2>
  <p>40 Fuß Lagercontainer – Die optimale Lösung für große Lageranforderungen Ein 40 Fuß Lagercontainer bietet eine langlebige, flexible und kosteneffiziente Lösung für die Lagerung großer Warenmengen oder Materialien. Besonders im industriellen, gewerblichen und logistischen Bereich erfreuen sich diese Container großer Beliebtheit. Aufgrund ihrer stabilen Bauweise, Wetterfestigkeit und hohen Sicherheit gelten sie als ideale Alternative zu stationären Lagerflächen. Was ist ein 40 Fuß Lagercontainer? Ein 40 Fuß Lagercontainer ist ein standardisierter Stahlcontainer mit einer Länge von ca. 12,19 Metern (40 Fuß), einer Breite von ca. 2,44 Metern und einer Höhe von ca. 2,59 Metern (Standard) oder 2,89 Metern (High Cube). Er wird ursprünglich für den internationalen Gütertransport verwendet, eignet sich jedoch hervorragend als Lagerlösung auf Baustellen, Betriebsflächen oder privaten Grundstücken. Technische Daten – Maße und Gewicht Merkmal Standard-40-Fuß High-Cube-40-Fuß Außenmaße (LxBxH) 12,19 x 2,44 x 2,59 m 12,19 x 2,44 x 2,89 m Innenmaße (LxBxH) 12,03 x 2,35 x 2,39 m 12,03 x 2,35 x 2,69 m Volumen ca. 67,7 m³ ca. 76,3 m³ Eigengewicht ca. 3.750 kg ca. 3.900 kg Tragfähigkeit bis zu 26.000 kg bis zu 26.000 kg Vorteile eines 40 Fuß Lagercontainers 1. Maximales Lagervolumen Durch das große Innenvolumen eignet sich der 40 Fuß Container ideal für sperrige Materialien, Maschinen, Palettenware oder umfangreiche Aktenarchive. 2. Sichere Lagerung Die Konstruktion aus robustem Corten-Stahl bietet Schutz vor Einbruch, Feuer, Wind und Wasser. Türen mit Verriegelungssystemen sowie mögliche Zusatzsicherungen wie Containerschlösser erhöhen die Sicherheit. 3. Flexible Einsatzmöglichkeiten Ob auf Baustellen, bei Events, in der Landwirtschaft oder im Handel – der 40 Fuß Lagercontainer kann temporär oder dauerhaft eingesetzt werden. 4. Witterungsbeständig und langlebig Die Materialverarbeitung sorgt für eine hohe Widerstandsfähigkeit gegenüber Korrosion, Feuchtigkeit und Temperaturunterschieden. 5. Schnell einsatzbereit Geliefert per LKW mit Kran oder Seitenlader – der Container ist innerhalb kürzester Zeit vor Ort einsetzbar. Mögliche Einsatzbereiche Industrie & Produktion – Lagerung von Rohstoffen, Werkzeugen oder Ersatzteilen Handel & Logistik – Zwischenlager für Waren oder Verpackungsmaterial Bauunternehmen – Schutz von Maschinen, Geräten und Baumaterialien Landwirtschaft – Unterbringung von Futter, Geräten oder Saatgut Veranstaltungen – Materiallager oder temporäre Technikzentrale Ausstattung und Individualisierung Ein 40 Fuß Lagercontainer lässt sich individuell anpassen. Auf Wunsch sind folgende Optionen möglich: Regalsysteme für geordnete Lagerung Elektrifizierung (Beleuchtung, Steckdosen) Isolierung für temperaturempfindliche Güter Belüftungssysteme zur Vermeidung von Kondenswasser Zusätzliche Türen oder Fenster Lackierung in Firmenfarbe Zustand: Neu oder gebraucht? Lagercontainer sind sowohl neu als auch gebraucht erhältlich. Gebrauchte Container sind geprüft, wind- und wasserdicht sowie vollständig funktionstüchtig. Neue Container bieten den Vorteil eines neuwertigen Zustands und einer längeren Nutzungsdauer. Rechtliche Hinweise und Aufstellung Die Aufstellung eines 40 Fuß Containers kann in einigen Regionen genehmigungspflichtig sein. Informieren Sie sich vorab bei Ihrem zuständigen Bauamt über die regionalen Bestimmungen. Lieferung und Aufstellservice Der Transport erfolgt in der Regel mit einem LKW samt Kran oder per Seitenlader. Unser Service beinhaltet: Terminabstimmung Lieferung an Ihre Wunschadresse Positionierung auf Ihrem Gelände Beratung zur idealen Platzierung Fazit: Warum ein 40 Fuß Lagercontainer? Ein 40 Fuß Lagercontainer ist die perfekte Lösung, wenn es um sichere, wetterfeste und flexible Lagerflächen geht. Ob kurzfristig oder langfristig – der Container schafft sofort Platz, ohne hohe Investitionen in feste Bauwerke tätigen zu müssen. Jetzt 40 Fuß Lagercontainer kaufen oder mieten Nutzen Sie unsere Beratung für Ihren individuellen Lagerbedarf. Ob Kauf oder Miete – wir bieten Ihnen maßgeschneiderte Angebote und faire Preise. Kontaktieren Sie uns für ein unverbindliches Angebot oder eine persönliche Beratung.</p>
  
  <h2>Typische Anwendungsbereiche</h2>
  <ul>
    <li>Lagerung von Baumaterialien</li>
    <li>Warenlager für Handel</li>
    <li>Seefracht-Transport</li>
    <li>Mobile Werkstatt</li>
    <li>Zwischenlager bei Umzügen</li>
  </ul>
  
  <h2>Unsere Serviceleistungen</h2>
  <ul>
    <li>Kostenlose Lieferung (auf Anfrage)</li>
    <li>Professionelle Beratung</li>
    <li>Finanzierung möglich</li>
    <li>30 Tage Rückgabegarantie</li>
  </ul>
</div>",GSHandels,"Container","Container, GSHandels, Lagerung, Transport, 40 Fuß",true,Title,Default Title,,,,,2474,,shopify,10,deny,manual,1700.00,,true,true,,https://gshandels.com/wp-content/uploads/2026/02/40-Lagercontainer-11-1024x768-1.webp,1,"40 Fuss Lagercontainer",false,"40 Fuss Lagercontainer | GSHandels - Professionelle Containerlösungen","Hochwertiger 40 Fuss Lagercontainer von GSHandels. Professionelle Containerlösungen für Lagerung, Transport und gewerbliche Nutzung. Jetzt unverbindlich anfragen!",594,active
2475,"20 Fuß Bürocontainer","<div class=""product-description"">
  <h1>20 Fuß Bürocontainer</h1>
  
  <h2>Produktvorteile</h2>
  <ul>
    <li>Wind- und wasserdicht nach ISO-Norm</li>
    <li>CSC-zertifiziert für weltweiten Seetransport</li>
    <li>Stabile Stahlkonstruktion</li>
    <li>Sofort verfügbar - Kurze Lieferzeiten</li>
    <li>Flexible Zahlungsoptionen möglich</li>
  </ul>
  
  <h2>Technische Spezifikationen</h2>
  <table border=""0"" cellspacing=""0"" cellpadding=""5"">
    <tr>
      <td><strong>Material</strong></td>
      <td>Hochwertiger Stahl / Cortenstahl</td>
    </tr>
    <tr>
      <td><strong>Zustand</strong></td>
      <td>Neu oder Gebraucht</td>
    </tr>
    <tr>
      <td><strong>Zertifizierung</strong></td>
      <td>ISO 668, CSC-Plakette</td>
    </tr>
    <tr>
      <td><strong>Verfügbarkeit</strong></td>
      <td>Sofort lieferbar</td>
    </tr>
  </table>
  
  <h2>Beschreibung</h2>
  <p>20 Fuß Bürocontainer – Die perfekte mobile Raumlösung Ein 20 Fuß Bürocontainer bietet eine flexible, sofort einsatzbereite und kosteneffiziente Lösung für Unternehmen, Bauprojekte und temporäre Büroanforderungen. Egal, ob auf der Baustelle, in Industrieanlagen oder als temporäre Erweiterung bestehender Büroflächen – mit einem Bürocontainer schaffen Sie professionellen Arbeitsraum genau dort, wo er benötigt wird. Technische Daten und Abmessungen Der 20 Fuß Bürocontainer ist genormt und erfüllt alle Anforderungen an mobile Arbeitsräume: Außenmaße: ca. 6,06 m (Länge) × 2,44 m (Breite) × 2,59 m (Höhe) Innenfläche: ca. 13,5 m² Gewicht: je nach Ausstattung ca. 2.000–3.000 kg Material: Stahlrahmenkonstruktion mit isolierten Sandwichpaneelen Boden: robuster Bodenbelag mit hoher Tragkraft Stromversorgung: inkl. Steckdosen, Beleuchtung, Sicherungskasten Ausstattung und Optionen Unsere Bürocontainer sind vielseitig konfigurierbar. Je nach Einsatzzweck können Sie zwischen verschiedenen Ausstattungsvarianten wählen: Standardausstattung: Heizung, LED-Beleuchtung, Elektroinstallation, Fenster mit Rolladen, abschließbare Tür Optionale Features: Klimaanlage, Netzwerkanschlüsse, zusätzliche Innenwände, Sanitäranschluss, Möbel Design: Neutral und professionell – geeignet für jede Branche Einsatzbereiche für den 20 Fuß Bürocontainer Die Einsatzmöglichkeiten eines Bürocontainers sind nahezu unbegrenzt: BaustellenbüroPerfekt für Bauleiter, Planer und Projektteams vor Ort. Der Container bietet einen ruhigen und geschützten Arbeitsplatz. Temporäre BürosIdeal bei Umbauten, Firmenumzügen oder als Übergangslösung bei Kapazitätsengpässen. Industrie & LogistikFlexible Lösungen für Lagerbüros, Leitstände oder Pausenräume in Fertigungshallen. Veranstaltungen & EventsMobile Einsatzzentrale oder Veranstaltungsbüro mit schnellem Auf- und Abbau. Vorteile eines Bürocontainers Ein Bürocontainer ist nicht nur praktisch, sondern auch wirtschaftlich sinnvoll: Mobil und flexibel: Einfach zu transportieren, versetzen oder erweitern Schnelle Verfügbarkeit: Sofort einsatzbereit nach Lieferung Kosteneffizient: Deutlich günstiger als ein fester Büroanbau Nachhaltig: Wiederverwendbar und ressourcenschonend Individuell konfigurierbar: Ausstattung und Design nach Bedarf Kauf oder Miete – Sie entscheiden Wir bieten sowohl den Kauf als auch die Miete von 20 Fuß Bürocontainern an. Für kurzfristige Projekte ist die Miete ideal – für langfristige Nutzung empfehlen wir den Kauf: Option Vorteile Mieten Geringe Investitionskosten, flexibel kündbar Kaufen Langfristig günstiger, individuelle Gestaltung möglich Lieferung und Aufstellung Wir organisieren die gesamte Logistik und Aufstellung Ihres Bürocontainers: Lieferung deutschlandweit mit Tieflader oder Kran-Lkw Aufbau vor Ort inkl. Elektroanschluss, Fundamentberatung und Einweisung Wartung & Service bei Mietcontainern auf Wunsch inklusive Rechtliche Hinweise & Google Merchant Konformität Unsere Bürocontainer entsprechen den gültigen DIN-Normen und werden ausschließlich mit CE-zertifizierten Materialien gefertigt. Alle Produkte werden gemäß den Richtlinien von Google Merchant präsentiert: Keine irreführenden Aussagen Ehrliche Produktbeschreibung Technische Details transparent dargestellt Klare Preisangaben (falls gewünscht) Fazit: Ihr neuer 20 Fuß Bürocontainer – Schnell, sicher und vielseitig Ein 20 Fuß Bürocontainer ist die ideale Lösung, wenn Sie kurzfristig und flexibel Arbeitsraum benötigen. Ob als Einzelbüro, Teamarbeitsplatz oder mobile Geschäftseinheit – mit einem modularen Raumkonzept bleiben Sie jederzeit anpassungsfähig.</p>
  
  <h2>Typische Anwendungsbereiche</h2>
  <ul>
    <li>Lagerung von Baumaterialien</li>
    <li>Warenlager für Handel</li>
    <li>Seefracht-Transport</li>
    <li>Mobile Werkstatt</li>
    <li>Zwischenlager bei Umzügen</li>
  </ul>
  
  <h2>Unsere Serviceleistungen</h2>
  <ul>
    <li>Kostenlose Lieferung (auf Anfrage)</li>
    <li>Professionelle Beratung</li>
    <li>Finanzierung möglich</li>
    <li>30 Tage Rückgabegarantie</li>
  </ul>
</div>",GSHandels,"Container","Container, GSHandels, Lagerung, Transport, Bürocontainer",true,Title,Default Title,,,,,2475,,shopify,10,deny,manual,2250.00,,true,true,,https://gshandels.com/wp-content/uploads/2026/02/Office-Storage-97.jpg,1,"20 Fuß Bürocontainer",false,"20 Fuß Bürocontainer | GSHandels - Professionelle Containerlösungen","Hochwertiger 20 Fuß Bürocontainer von GSHandels. Professionelle Containerlösungen für Lagerung, Transport und gewerbliche Nutzung. Jetzt unverbindlich anfragen!",594,active
2476,"20 Fuß Bürocontainer Classic-Line","<div class=""product-description"">
  <h1>20 Fuß Bürocontainer Classic-Line</h1>
  
  <h2>Produktvorteile</h2>
  <ul>
    <li>Wind- und wasserdicht nach ISO-Norm</li>
    <li>CSC-zertifiziert für weltweiten Seetransport</li>
    <li>Stabile Stahlkonstruktion</li>
    <li>Sofort verfügbar - Kurze Lieferzeiten</li>
    <li>Flexible Zahlungsoptionen möglich</li>
  </ul>
  
  <h2>Technische Spezifikationen</h2>
  <table border=""0"" cellspacing=""0"" cellpadding=""5"">
    <tr>
      <td><strong>Material</strong></td>
      <td>Hochwertiger Stahl / Cortenstahl</td>
    </tr>
    <tr>
      <td><strong>Zustand</strong></td>
      <td>Neu oder Gebraucht</td>
    </tr>
    <tr>
      <td><strong>Zertifizierung</strong></td>
      <td>ISO 668, CSC-Plakette</td>
    </tr>
    <tr>
      <td><strong>Verfügbarkeit</strong></td>
      <td>Sofort lieferbar</td>
    </tr>
  </table>
  
  <h2>Beschreibung</h2>
  <p>20 Fuß Bürocontainer Classic-Line – Die flexible Büro-Lösung Der 20 Fuß Bürocontainer der Classic-Line bietet Ihnen eine hochwertige, vielseitig einsetzbare und sofort nutzbare Lösung zur Erweiterung Ihrer Büroflächen. Ob auf Baustellen, Firmengeländen oder als temporäres Home-Office – dieser Bürocontainer überzeugt durch robuste Bauweise, hochwertige Isolierung und ein professionelles Erscheinungsbild. Eigenschaften des 20 Fuß Bürocontainers Classic-Line Hochwertige Konstruktion Der Container basiert auf einer stabilen Stahlrahmenkonstruktion mit korrosionsbeständiger Beschichtung. Die Wand- und Dachelemente bestehen aus isolierten Sandwichpaneelen mit hoher Wärmedämmung – ideal für ganzjährige Nutzung. Standardisierte Maße Der Container hat die Außenmaße von ca. 6,06 m Länge, 2,44 m Breite und 2,59 m Höhe – ideal für Transport, Stapelbarkeit und Integration in bestehende Containeranlagen. Energieeffizienz und Isolierung Dank PU-Isolierung (Polyurethan) in Wänden, Dach und Boden bietet der Container einen optimalen Schutz vor Hitze, Kälte und Feuchtigkeit. Er erfüllt gängige Energie- und Bauvorschriften für temporäre Nutzgebäude. Technische Daten (Standardausstattung) Merkmal Beschreibung Außenmaße 6.060 x 2.440 x 2.590 mm (LxBxH) Innenhöhe ca. 2.340 mm Wandaufbau Sandwichpaneele, 50 mm Isolierung Boden Holzwerkstoffplatte mit PVC-Belag Tür Stahlblechtür mit Zylinderschloss Fenster Isolierverglastes Kunststofffenster mit Rollladen Elektrik Lichtschalter, Steckdosen, Deckenleuchte, Sicherungskasten Heizung Elektroheizung (optional) Anwendungsbereiche Der 20 Fuß Bürocontainer Classic-Line eignet sich hervorragend für: Baustellenbüros Temporäre Verwaltungsräume Verkaufs- und Beratungsräume Mobile Home-Offices Schulungs- oder Besprechungsräume Lösungen für Events oder Notunterkünfte Vorteile auf einen Blick Sofort nutzbar – Plug & Play-Lösung Ganzjährig einsatzbereit Stapelbar & modular erweiterbar Einfache Lieferung und schneller Aufbau Flexibel für Miete oder Kauf verfügbar Konformität & Richtlinien Der Bürocontainer entspricht den geltenden europäischen Normen und Bauvorschriften. Er ist CE-zertifiziert und erfüllt alle Anforderungen für eine Listung bei Google Merchant Center, inklusive: Eindeutige Produktspezifikationen Klare, nicht übertriebene Werbeaussagen Keine irreführenden Informationen Richtlinienkonforme Darstellung ohne aggressive Sprache Optionales Zubehör (auf Anfrage) Klimaanlage / Splitgerät Zusätzliche Fenster oder Türen Möblierung (Tische, Stühle, Regale) Außenbeleuchtung Solarpanels Treppen- und Podestanlagen bei gestapelter Nutzung Lieferung & Montage Die Lieferung erfolgt per LKW mit Kranentladung. Der Aufbau ist in wenigen Stunden möglich – auf Wunsch übernehmen wir auch die vollständige Montage vor Ort. Fazit Der 20 Fuß Bürocontainer Classic-Line ist die ideale Lösung für alle, die schnell und unkompliziert zusätzliche Büroflächen benötigen – temporär oder dauerhaft. Er kombiniert Qualität, Flexibilität und Funktionalität in einem robusten Systemcontainer, das sich Ihren individuellen Bedürfnissen anpasst.</p>
  
  <h2>Typische Anwendungsbereiche</h2>
  <ul>
    <li>Lagerung von Baumaterialien</li>
    <li>Warenlager für Handel</li>
    <li>Seefracht-Transport</li>
    <li>Mobile Werkstatt</li>
    <li>Zwischenlager bei Umzügen</li>
  </ul>
  
  <h2>Unsere Serviceleistungen</h2>
  <ul>
    <li>Kostenlose Lieferung (auf Anfrage)</li>
    <li>Professionelle Beratung</li>
    <li>Finanzierung möglich</li>
    <li>30 Tage Rückgabegarantie</li>
  </ul>
</div>",GSHandels,"Container","Container, GSHandels, Lagerung, Transport, Bürocontainer",true,Title,Default Title,,,,,2476,,shopify,10,deny,manual,2500.00,,true,true,,https://gshandels.com/wp-content/uploads/2026/02/07c851_4b34b579b5f642c1a81b84cc76ee05cdmv2.webp,1,"20 Fuß Bürocontainer Classic-Line",false,"20 Fuß Bürocontainer Classic-Line | GSHandels - Professionelle Containerlösungen","Hochwertiger 20 Fuß Bürocontainer Classic-Line von GSHandels. Professionelle Containerlösungen für Lagerung, Transport und gewerbliche Nutzung. Jetzt unverbindlich anfragen!",594,active
2478,"40 Fuß Isolierte Seecontainer","<div class=""product-description"">
  <h1>40 Fuß Isolierte Seecontainer</h1>
  
  <h2>Produktvorteile</h2>
  <ul>
    <li>Wind- und wasserdicht nach ISO-Norm</li>
    <li>CSC-zertifiziert für weltweiten Seetransport</li>
    <li>Stabile Stahlkonstruktion</li>
    <li>Sofort verfügbar - Kurze Lieferzeiten</li>
    <li>Flexible Zahlungsoptionen möglich</li>
  </ul>
  
  <h2>Technische Spezifikationen</h2>
  <table border=""0"" cellspacing=""0"" cellpadding=""5"">
    <tr>
      <td><strong>Material</strong></td>
      <td>Hochwertiger Stahl / Cortenstahl</td>
    </tr>
    <tr>
      <td><strong>Zustand</strong></td>
      <td>Neu oder Gebraucht</td>
    </tr>
    <tr>
      <td><strong>Zertifizierung</strong></td>
      <td>ISO 668, CSC-Plakette</td>
    </tr>
    <tr>
      <td><strong>Verfügbarkeit</strong></td>
      <td>Sofort lieferbar</td>
    </tr>
  </table>
  
  <h2>Beschreibung</h2>
  <p>40 Fuß Isolierte Seecontainer – Optimale Lösung für temperaturgeführte Lagerung und Transport Was ist ein 40 Fuß isolierter Seecontainer? Ein 40 Fuß isolierter Seecontainer ist ein standardisierter Frachtcontainer mit zusätzlicher Isolierung zum Schutz temperaturempfindlicher Güter. Diese Container bieten durch ihre spezielle Innenauskleidung aus isolierendem Material einen effektiven Schutz gegen extreme Außentemperaturen, Feuchtigkeit und Witterungseinflüsse. Sie eignen sich ideal für den Transport oder die Lagerung von Waren, die innerhalb eines bestimmten Temperaturbereichs gehalten werden müssen, ohne auf ein aktives Kühlsystem angewiesen zu sein. Technische Spezifikationen des 40 Fuß Isoliercontainers Eigenschaft Details Länge (außen) 12.192 mm (40 Fuß) Breite (außen) 2.438 mm Höhe (außen) 2.591 mm (Standard) oder 2.896 mm (High Cube) Innenvolumen ca. 67 m³ – 76 m³ Isolierung PU-Schaum, Styropor, Mineralwolle, je nach Modell Boden Sperrholz, Stahl oder Aluminium geriffelt Türen Doppeltür mit Dichtungen gegen Feuchtigkeit Zustand Neu oder generalüberholt verfügbar Verwendung Transport, Lagerung, modulare Bauweise Vorteile eines isolierten 40-Fuß-Containers Temperaturbeständigkeit: Ideal für empfindliche Waren wie Lebensmittel, Chemikalien, Pharmazeutika oder elektronische Geräte. Kondenswasserschutz: Verhindert Feuchtigkeitsschäden an der Fracht. Langlebigkeit: Hergestellt aus korrosionsbeständigem Cortenstahl mit hochwertiger Isolierung. Vielseitigkeit: Als mobiler Lagerraum, Kühlzelle oder Modulbau nutzbar. Transportfähigkeit: Vollständig CSC-zertifiziert für den weltweiten Seeverkehr. Umweltfreundlich: Passiv isoliert, daher kein aktiver Strombedarf wie bei Kühlcontainern. Anwendungsbereiche Lebensmittelindustrie: Lagerung verderblicher Waren ohne externe Stromversorgung. Event- und Messebau: Als temporärer Kühlraum oder Lager. Pharmaindustrie: Zwischenlager für Medikamente oder Wirkstoffe. Baugewerbe: Isolierte Baustellenlagerung für empfindliche Materialien. Export und Import: Temperaturgesicherte Verschiffung über lange Strecken. Optionen: Kaufen oder Mieten? Kaufen Ideal für Unternehmen mit langfristigem Bedarf oder internationalem Logistikbedarf. Die Container können individuell angepasst werden (z. B. mit elektrischer Verkabelung, Regalen, Belüftung). Mieten Für zeitlich begrenzte Projekte, Events oder saisonale Lagerbedarfe ist die Miete die wirtschaftlichste Lösung. Kurze Vertragslaufzeiten möglich. Lieferung & Aufstellung Wir liefern Ihre 40 Fuß isolierten Container deutschlandweit oder europaweit direkt an den gewünschten Standort. Die Aufstellung erfolgt per LKW mit Kran oder Stapler – auch in schwierigem Gelände. Warum bei uns kaufen? Großer Lagerbestand sofort verfügbar Individuelle Beratung durch Fachpersonal Zertifizierte Qualität (CSC, ISO, CE) Transparente Preise ohne versteckte Kosten Langjährige Erfahrung im Containerhandel und -vermietung Rechtliche Hinweise & Google Merchant Richtlinien Unser Angebot entspricht allen Anforderungen für Google Shopping und Google Merchant Center: Exakte Produkttitel mit klarer Größenangabe Produktdaten mit technischen Angaben und Spezifikationen Kein irreführender Content oder übertriebene Werbeaussagen Keine aggressive Sprache oder Sonderzeichen Eindeutige CTA (Call to Action) im Einklang mit Google-Richtlinien Jetzt Angebot anfordern Nutzen Sie unser Kontaktformular oder rufen Sie uns direkt an. Unsere Experten beraten Sie unverbindlich und erstellen ein maßgeschneidertes Angebot für Ihre Anforderungen – egal ob Kauf, Miete oder Sonderanfertigung. Häufig gestellte Fragen (FAQ) Wie unterscheidet sich ein isolierter Container von einem Kühlcontainer?Ein isolierter Container schützt passiv gegen Außentemperaturen, ohne ein aktives Kühlsystem. Kühlcontainer (Reefer) haben integrierte Kühlaggregate und benötigen Stromversorgung. Wie lange hält die Isolierung?Bei fachgerechter Nutzung und Wartung kann die Isolierung über 20 Jahre ihre Funktion erfüllen. Kann ich den Container innen umbauen lassen?Ja, wir bieten Innenausbau an – z. B. Beleuchtung, Regale, Fenster, Belüftungssysteme.</p>
  
  <h2>Typische Anwendungsbereiche</h2>
  <ul>
    <li>Lagerung von Baumaterialien</li>
    <li>Warenlager für Handel</li>
    <li>Seefracht-Transport</li>
    <li>Mobile Werkstatt</li>
    <li>Zwischenlager bei Umzügen</li>
  </ul>
  
  <h2>Unsere Serviceleistungen</h2>
  <ul>
    <li>Kostenlose Lieferung (auf Anfrage)</li>
    <li>Professionelle Beratung</li>
    <li>Finanzierung möglich</li>
    <li>30 Tage Rückgabegarantie</li>
  </ul>
</div>",GSHandels,"Container","Container, GSHandels, Lagerung, Transport",true,Title,Default Title,,,,,2478,,shopify,10,deny,manual,2500.00,,true,true,,https://gshandels.com/wp-content/uploads/2026/02/1.jpeg,1,"40 Fuß Isolierte Seecontainer",false,"40 Fuß Isolierte Seecontainer | GSHandels - Professionelle Containerlösungen","Hochwertiger 40 Fuß Isolierte Seecontainer von GSHandels. Professionelle Containerlösungen für Lagerung, Transport und gewerbliche Nutzung. Jetzt unverbindlich anfragen!",594,active
2480,"20 Fuß High Cube Isoliercontainer","<div class=""product-description"">
  <h1>20 Fuß High Cube Isoliercontainer</h1>
  
  <h2>Produktvorteile</h2>
  <ul>
    <li>Wind- und wasserdicht nach ISO-Norm</li>
    <li>CSC-zertifiziert für weltweiten Seetransport</li>
    <li>Stabile Stahlkonstruktion</li>
    <li>Sofort verfügbar - Kurze Lieferzeiten</li>
    <li>Flexible Zahlungsoptionen möglich</li>
  </ul>
  
  <h2>Technische Spezifikationen</h2>
  <table border=""0"" cellspacing=""0"" cellpadding=""5"">
    <tr>
      <td><strong>Material</strong></td>
      <td>Hochwertiger Stahl / Cortenstahl</td>
    </tr>
    <tr>
      <td><strong>Zustand</strong></td>
      <td>Neu oder Gebraucht</td>
    </tr>
    <tr>
      <td><strong>Zertifizierung</strong></td>
      <td>ISO 668, CSC-Plakette</td>
    </tr>
    <tr>
      <td><strong>Verfügbarkeit</strong></td>
      <td>Sofort lieferbar</td>
    </tr>
  </table>
  
  <h2>Beschreibung</h2>
  <p>20 Fuß High Cube Isoliercontainer – Isolierte Lösung für Lagerung und Transport Ein 20 Fuß High Cube Isoliercontainer bietet eine ideale Lösung für alle, die temperaturempfindliche Güter sicher lagern oder transportieren möchten. Dank seiner isolierten Bauweise schützt dieser Containertyp zuverlässig vor extremen Temperaturen, Feuchtigkeit und Witterungseinflüssen. In diesem Beitrag erfahren Sie alles über Maße, technische Daten, Einsatzmöglichkeiten, Vorteile sowie wichtige Hinweise für Kauf, Miete und Transport. Was ist ein 20 Fuß High Cube Isoliercontainer? Ein Isoliercontainer in High Cube-Ausführung unterscheidet sich durch seine zusätzliche Höhe von ca. 30 cm im Vergleich zum Standardcontainer. Die 20 Fuß (ca. 6 Meter) Länge bietet ausreichend Platz für mittlere bis große Ladungen. Hauptmerkmale: Maße (Außen): ca. 6,06 m (L) x 2,44 m (B) x 2,90 m (H) Maße (Innen): ca. 5,90 m (L) x 2,28 m (B) x 2,70 m (H) Material: Stahlrahmen mit isolierten Wänden (oft PU-Schaum oder Mineralwolle) Türöffnung: Doppelflügeltüren hinten Zustand: Neu oder gebraucht erhältlich Boden: Sperrholz oder Stahlboden, rutschfest Isolierung und Temperaturverhalten Der Container ist mit isolierendem Material ausgekleidet, das sowohl vor Hitze als auch vor Kälte schützt. Dadurch eignet sich der 20 Fuß High Cube Isoliercontainer besonders für: Kühlketten-Lagerung Pharmazeutische Produkte Lebensmittelindustrie Technisches Equipment Kunstgegenstände oder empfindliche Materialien Anwendungsbereiche Die Vielseitigkeit macht diesen Container zu einer beliebten Wahl in verschiedensten Bereichen: Industrie & Gewerbe: Lagerung temperaturempfindlicher Bauteile Zwischenlager für Produktionsstätten Mobile Werkstatt oder Laborumgebung Logistik & Transport: Sicherer Transport über See, Straße oder Schiene Temperaturstabiler Versand über längere Strecken Privater Gebrauch: Mobiler Kühlraum bei Veranstaltungen Zwischenlager bei Umzügen oder Renovierungen Vorteile des 20 Fuß High Cube Isoliercontainers Vorteil Beschreibung Extra Höhe Mehr Stauraum durch zusätzliche Innenhöhe Wetterresistent Schutz gegen Regen, Schnee und direkte Sonneneinstrahlung Lange Lebensdauer Robuste Stahlkonstruktion für jahrelange Nutzung Flexible Nutzung Als Lager, Transportmittel oder mobile Lösung Energieeffizient Reduziert Wärmeverluste und spart Energiekosten bei gekühlter Lagerung Technische Details im Überblick Eigenschaft Wert Außenmaße 6058 x 2438 x 2896 mm Innenmaße ca. 5900 x 2280 x 2700 mm Türöffnung ca. 2280 x 2580 mm Volumen ca. 37 m³ Gewicht (leer) ca. 2.500 – 3.000 kg Bodenlast Hoch belastbar, geeignet für Staplerverkehr Verfügbarkeit & Lieferoptionen Wir bieten schnelle Lieferung bundesweit per LKW mit Kranentladung oder ohne Entladung. Die Container sind in verschiedenen Ausführungen verfügbar: Neu (1-Weg-Verwendung) Gebraucht (Zertifiziert, wind- und wasserdicht) Miete (kurz- und langfristig) Was Sie beim Kauf beachten sollten Bevor Sie einen 20 Fuß High Cube Isoliercontainer kaufen oder mieten, achten Sie auf: Zustand (neu/gebraucht) Art der Isolierung Zertifikate und CE-Kennzeichnung Liefermöglichkeiten und Stellplatzbedingungen Kundendienst und Garantieleistungen Google Merchant & Produkthinweis Dieser Container erfüllt alle Voraussetzungen zur Listung in Google Shopping: Eindeutiger Produkttitel und Beschreibung Klare Maße und Spezifikationen Rechtlich konforme Darstellung ohne irreführende Angaben Produktdaten für strukturierte Datenfeeds (GTIN optional bei Containern) Fazit: Ihre Lösung für temperaturgeführte Lagerung Der 20 Fuß High Cube Isoliercontainer ist die ideale Wahl für alle, die robuste, flexible und isolierte Lagermöglichkeiten benötigen – sei es für Kühlketten, Technik, Events oder private Lagerung. Durch seine Höhe, Isolierung und solide Konstruktion bietet er maximale Funktionalität bei kompakter Größe. Möchten Sie den 20 Fuß High Cube Isoliercontainer kaufen oder mieten? Kontaktieren Sie uns für ein individuelles Angebot oder besuchen Sie unsere Produktseite.</p>
  
  <h2>Typische Anwendungsbereiche</h2>
  <ul>
    <li>Lagerung von Baumaterialien</li>
    <li>Warenlager für Handel</li>
    <li>Seefracht-Transport</li>
    <li>Mobile Werkstatt</li>
    <li>Zwischenlager bei Umzügen</li>
  </ul>
  
  <h2>Unsere Serviceleistungen</h2>
  <ul>
    <li>Kostenlose Lieferung (auf Anfrage)</li>
    <li>Professionelle Beratung</li>
    <li>Finanzierung möglich</li>
    <li>30 Tage Rückgabegarantie</li>
  </ul>
</div>",GSHandels,"Container","Container, GSHandels, Lagerung, Transport, High Cube",true,Title,Default Title,,,,,2480,,shopify,10,deny,manual,1900.00,,true,true,,https://gshandels.com/wp-content/uploads/2026/02/20250217_141711_thumbnail.webp,1,"20 Fuß High Cube Isoliercontainer",false,"20 Fuß High Cube Isoliercontainer | GSHandels - Professionelle Containerlösungen","Hochwertiger 20 Fuß High Cube Isoliercontainer von GSHandels. Professionelle Containerlösungen für Lagerung, Transport und gewerbliche Nutzung. Jetzt unverbindlich anfragen!",594,active
2790,"10 Fuß Büro Seecontainer","<div class=""product-description"">
  <h1>10 Fuß Büro Seecontainer</h1>
  
  <h2>Produktvorteile</h2>
  <ul>
    <li>Wind- und wasserdicht nach ISO-Norm</li>
    <li>CSC-zertifiziert für weltweiten Seetransport</li>
    <li>Stabile Stahlkonstruktion</li>
    <li>Sofort verfügbar - Kurze Lieferzeiten</li>
    <li>Flexible Zahlungsoptionen möglich</li>
  </ul>
  
  <h2>Technische Spezifikationen</h2>
  <table border=""0"" cellspacing=""0"" cellpadding=""5"">
    <tr>
      <td><strong>Material</strong></td>
      <td>Hochwertiger Stahl / Cortenstahl</td>
    </tr>
    <tr>
      <td><strong>Zustand</strong></td>
      <td>Neu oder Gebraucht</td>
    </tr>
    <tr>
      <td><strong>Zertifizierung</strong></td>
      <td>ISO 668, CSC-Plakette</td>
    </tr>
    <tr>
      <td><strong>Verfügbarkeit</strong></td>
      <td>Sofort lieferbar</td>
    </tr>
  </table>
  
  <h2>Beschreibung</h2>
  <p>0-Fuß-Büro-Seecontainer – die kompakte Lösung für flexible Arbeitsräume Ein 10-Fuß-Büro-Seecontainer ist die ideale Wahl, wenn auf kleiner Fläche ein funktionaler, sicherer und schnell nutzbarer Arbeitsplatz entstehen soll. Ob auf Baustellen, Betriebsgeländen, in Logistikbereichen, an temporären Standorten oder als zusätzliche Büroeinheit auf engem Raum – ein Bürocontainer in 10-Fuß-Ausführung verbindet Kompaktheit mit hoher Praxistauglichkeit. Im Vergleich zu größeren Containermodulen punktet der 10-Fuß-Büro-Seecontainer vor allem dort, wo Platz knapp ist, aber dennoch ein vollwertiger Arbeitsraum benötigt wird. Durch seine robuste Bauweise, die gute Transportfähigkeit und die flexible Ausstattung eignet sich diese Containergröße für zahlreiche Einsatzzwecke. Unternehmen profitieren von einer schnellen Bereitstellung, überschaubaren Investitionskosten und einer Lösung, die sich unkompliziert in bestehende Flächenkonzepte integrieren lässt. Wer einen 10-Fuß-Büro-Seecontainer kaufen oder mieten möchte, sucht meist nach einer Kombination aus Wirtschaftlichkeit, Mobilität und Funktion. Genau hier liegt der große Vorteil dieses Containerformats: Es bietet genug Platz für konzentriertes Arbeiten, Besprechungen im kleinen Rahmen oder administrative Tätigkeiten – und bleibt dabei deutlich kompakter als ein 20-Fuß-Container. Was ist ein 10-Fuß-Büro-Seecontainer? Ein 10-Fuß-Büro-Seecontainer ist ein kompakter Container, der auf Basis eines Seecontainers oder in entsprechender Containerbauweise zu einem nutzbaren Büro- oder Arbeitsraum ausgebaut wird. Typischerweise verfügt er über Fenster, Tür, Dämmung, Elektroinstallation, Beleuchtung und je nach Ausführung über Heizung, Klimatisierung oder zusätzliche Ausstattungsoptionen. Die Bezeichnung „10 Fuß“ beschreibt die Containerlänge. Gerade diese kompakte Größe macht den Container besonders interessant für Standorte mit begrenztem Platzangebot. Trotz der kleineren Abmessungen lässt sich ein solcher Container effizient als Einzelbüro, Pförtnercontainer, Baustellenbüro, Empfangseinheit oder Rückzugsraum für administrative Aufgaben nutzen. Viele Unternehmen entscheiden sich für einen 10-Fuß-Büro-Seecontainer, wenn sie kurzfristig zusätzliche Büroflächen schaffen müssen, ohne ein festes Gebäude zu errichten. Das spart Zeit, reduziert Planungsaufwand und ermöglicht eine sehr flexible Nutzung. Die Vorteile eines 10-Fuß-Büro-Seecontainers Ein 10-Fuß-Büro-Seecontainer bietet zahlreiche Vorteile, die ihn zu einer attraktiven Lösung für unterschiedlichste Branchen machen. Platzsparend und effizient Der vielleicht größte Vorteil liegt in seiner kompakten Größe. Wenn nur wenig Stellfläche zur Verfügung steht, ist ein 10-Fuß-Container häufig die bessere Wahl als größere Module. Gerade in Innenhöfen, auf kleinen Baustellen, an Zufahrten oder in Randbereichen von Betriebsgeländen lässt sich ein kompakter Bürocontainer deutlich einfacher platzieren. Schnell verfügbar und sofort einsatzbereit Ein Containerbüro kann in der Regel deutlich schneller bereitgestellt werden als ein konventionell errichteter Büroraum. Das ist besonders dann wichtig, wenn kurzfristig neue Arbeitsplätze geschaffen werden müssen oder ein zeitlich befristeter Bedarf besteht. Robuste und langlebige Bauweise Die Konstruktion eines 10-Fuß-Büro-Seecontainers ist auf Stabilität und Widerstandsfähigkeit ausgelegt. Das macht ihn unempfindlich gegenüber Witterung und für den täglichen Einsatz auf anspruchsvollen Standorten besonders geeignet. Auf Baustellen, in Industrieumgebungen oder im Außeneinsatz ist diese robuste Bauweise ein klarer Vorteil. Flexibel nutzbar Ein 10-Fuß-Büro-Seecontainer kann ganz unterschiedlich genutzt werden: als Einzelbüro, temporärer Arbeitsplatz, Anmeldecontainer, Sicherheitszentrale, Werkleiterbüro, Pförtnerhaus oder als Rückzugsort für organisatorische Tätigkeiten. Auch eine spätere Umnutzung ist meist problemlos möglich. Mobil und versetzbar Ein Containerstandort ist nicht zwangsläufig dauerhaft. Wenn sich Anforderungen ändern, kann ein Container mit vergleichsweise geringem Aufwand versetzt werden. Genau diese Mobilität ist für viele Unternehmen ein entscheidender Faktor. Wirtschaftliche Lösung Im Vergleich zu festen Anbauten oder Neubauten ist ein 10-Fuß-Büro-Seecontainer oft die wirtschaftlichere Alternative. Sowohl bei zeitlich begrenzten Projekten als auch bei langfristiger Nutzung kann er eine interessante Kosten-Nutzen-Lösung darstellen. Typische Einsatzbereiche für den 10-Fuß-Büro-Seecontainer Die Einsatzmöglichkeiten eines 10-Fuß-Büro-Seecontainers sind sehr vielfältig. Seine kompakte Bauweise macht ihn besonders dort interessant, wo schnell nutzbare Bürofläche benötigt wird. Baustellenbüro Auf Baustellen wird häufig eine kleine, funktionale Büroeinheit gebraucht, etwa für Bauleitung, Dokumentation, Besprechungen oder die Koordination von Abläufen. Ein 10-Fuß-Büro-Seecontainer passt auch auf kleinere Baustellenflächen und lässt sich bedarfsgerecht ausstatten. Pförtner- und Empfangs…</p>
  
  <h2>Typische Anwendungsbereiche</h2>
  <ul>
    <li>Lagerung von Baumaterialien</li>
    <li>Warenlager für Handel</li>
    <li>Seefracht-Transport</li>
    <li>Mobile Werkstatt</li>
    <li>Zwischenlager bei Umzügen</li>
  </ul>
  
  <h2>Unsere Serviceleistungen</h2>
  <ul>
    <li>Kostenlose Lieferung (auf Anfrage)</li>
    <li>Professionelle Beratung</li>
    <li>Finanzierung möglich</li>
    <li>30 Tage Rückgabegarantie</li>
  </ul>
</div>",GSHandels,"Container","Container, GSHandels, Lagerung, Transport, Bürocontainer",true,Title,Default Title,,,,,2790,,shopify,10,deny,manual,1500.00,,true,true,,https://gshandels.com/wp-content/uploads/2026/03/10ftMobileOfficeAC_1024x1024@2x.webp,1,"10 Fuß Büro Seecontainer",false,"10 Fuß Büro Seecontainer | GSHandels - Professionelle Containerlösungen","Hochwertiger 10 Fuß Büro Seecontainer von GSHandels. Professionelle Containerlösungen für Lagerung, Transport und gewerbliche Nutzung. Jetzt unverbindlich anfragen!",594,active
2798,"20-Fuß-Lagercontainer mit Rolltor – Hauptmerkmale","<div class=""product-description"">
  <h1>20-Fuß-Lagercontainer mit Rolltor – Hauptmerkmale</h1>
  
  <h2>Produktvorteile</h2>
  <ul>
    <li>Wind- und wasserdicht nach ISO-Norm</li>
    <li>CSC-zertifiziert für weltweiten Seetransport</li>
    <li>Stabile Stahlkonstruktion</li>
    <li>Sofort verfügbar - Kurze Lieferzeiten</li>
    <li>Flexible Zahlungsoptionen möglich</li>
  </ul>
  
  <h2>Technische Spezifikationen</h2>
  <table border=""0"" cellspacing=""0"" cellpadding=""5"">
    <tr>
      <td><strong>Material</strong></td>
      <td>Hochwertiger Stahl / Cortenstahl</td>
    </tr>
    <tr>
      <td><strong>Zustand</strong></td>
      <td>Neu oder Gebraucht</td>
    </tr>
    <tr>
      <td><strong>Zertifizierung</strong></td>
      <td>ISO 668, CSC-Plakette</td>
    </tr>
    <tr>
      <td><strong>Verfügbarkeit</strong></td>
      <td>Sofort lieferbar</td>
    </tr>
  </table>
  
  <h2>Beschreibung</h2>
  <p>20-Fuß-Lagercontainer mit Rolltor – Hauptmerkmale Ein 20-Fuß-Lagercontainer mit Rolltor ist eine praktische und vielseitige Lösung für Unternehmen, Baustellen, Gewerbebetriebe, Handwerker und private Nutzer, die eine sichere und leicht zugängliche Lagermöglichkeit suchen. Im Vergleich zu klassischen Containern mit Flügeltüren bietet ein Modell mit Rolltor einen entscheidenden Vorteil: Der Zugang ist besonders komfortabel, platzsparend und effizient. Genau deshalb steigt die Nachfrage nach dieser Containerlösung in vielen Branchen kontinuierlich. Wer sich mit dem Thema 20-Fuß-Lagercontainer mit Rolltor – Hauptmerkmale beschäftigt, möchte in der Regel wissen, welche Eigenschaften ein solcher Container besitzt, welche Vorteile er im Alltag bietet und für welche Einsatzzwecke er sich besonders gut eignet. In diesem Ratgeber findest du alle wichtigen Informationen übersichtlich und ausführlich zusammengefasst. Was ist ein 20-Fuß-Lagercontainer mit Rolltor? Ein 20-Fuß-Lagercontainer mit Rolltor ist ein genormter Lagercontainer mit einer Länge von etwa 6 Metern, der statt klassischer Doppelflügeltüren oder zusätzlich dazu mit einem Rolltor ausgestattet ist. Das Rolltor lässt sich vertikal öffnen und schließen, wodurch der Zugang zum Innenraum deutlich einfacher wird, besonders wenn vor dem Container nur wenig Platz vorhanden ist. Ein solcher Container wird häufig eingesetzt, wenn Waren, Werkzeuge, Maschinen, Ersatzteile, Baumaterialien oder saisonale Artikel sicher gelagert werden sollen. Durch seine robuste Stahlkonstruktion ist er wetterbeständig, langlebig und für den dauerhaften Einsatz im Innen- und Außenbereich geeignet. Die wichtigsten Hauptmerkmale eines 20-Fuß-Lagercontainers mit Rolltor Wenn es um die Hauptmerkmale eines 20-Fuß-Lagercontainers mit Rolltor geht, spielen mehrere Faktoren eine zentrale Rolle. Dazu gehören die Maße, das Material, die Sicherheit, die Benutzerfreundlichkeit sowie die Flexibilität im Einsatz. Standardisierte 20-Fuß-Abmessungen Eines der wichtigsten Merkmale ist die standardisierte Größe. Ein 20-Fuß-Container bietet ausreichend Stauraum, ohne zu viel Stellfläche zu beanspruchen. Dadurch eignet er sich sowohl für gewerbliche Flächen als auch für beengtere Standorte. Typische Außenmaße: Länge: ca. 6,06 m Breite: ca. 2,44 m Höhe: ca. 2,59 m Diese standardisierten Maße machen den Container besonders praktisch, da Transport, Aufstellung und Kombination mit anderen Containern unkompliziert möglich sind. Robuste Stahlkonstruktion Ein weiterer zentraler Punkt bei den 20-Fuß-Lagercontainer mit Rolltor Hauptmerkmalen ist die stabile Bauweise. Die meisten Modelle bestehen aus hochwertigem Stahl, der für eine hohe Belastbarkeit sorgt. Die Konstruktion ist auf eine lange Lebensdauer ausgelegt und hält auch anspruchsvollen Wetterbedingungen stand. Die robuste Außenhülle schützt den Inhalt zuverlässig vor: Regen Wind Schnee UV-Strahlung mechanischen Einwirkungen Gerade auf Baustellen oder in industriellen Umgebungen ist diese Stabilität ein entscheidender Vorteil. Rolltor für bequemen Zugang Das Rolltor ist das besondere Merkmal dieses Containertyps. Es sorgt für einen schnellen und komfortablen Zugriff auf den Innenraum. Im Gegensatz zu Flügeltüren schwingt das Tor nicht nach außen auf. Stattdessen wird es platzsparend nach oben gerollt. Die Vorteile des Rolltors: geringer Platzbedarf beim Öffnen schnelle Bedienung ideal bei engem Rangierbereich komfortabler Zugang für häufige Nutzung geeignet für den Transport von Waren mit Hubwagen oder Sackkarre Vor allem in Situationen, in denen regelmäßig Material entnommen oder eingelagert wird, ist das Rolltor ein klarer Pluspunkt. Sichere Lagerung Sicherheit zählt zu den wichtigsten Anforderungen an einen Lagercontainer. Ein 20-Fuß-Lagercontainer mit Rolltor ist in der Regel so konstruiert, dass die gelagerten Gegenstände zuverlässig geschützt werden. Dazu tragen stabile Wände, widerstandsfähige Türen beziehungsweise Rolltore und sichere Verriegelungssysteme bei. Viele Modelle verfügen über: abschließbare Rolltore verstärkte Türbereiche Sicherheitsbeschläge Schutz gegen unbefugten Zugriff Damit eignet sich der Container ideal zur Lagerung hochwertiger Werkzeuge, Maschinen, Akten, Warenbestände oder technischer Geräte. Wetterbeständigkeit Ein hochwertiger Lagercontainer muss nicht nur sicher, sondern auch wetterfest sein. Gerade im Außeneinsatz ist dies unverzichtbar. Die Materialien und die Konstruktion eines 20-Fuß-Lagercontainers mit Rolltor sind darauf ausgelegt, den Innenraum vor Feuchtigkeit und Witterungseinflüssen zu schützen. Zu den typischen Eigenschaften zählen: korrosionsbeständige Oberflächen widerstandsfähige Lackierung stabile Dachkonstruktion Schutz vor eindringendem Wasser Dadurch bleibt das eingelagerte Material auch über längere Zeit in einem geschützten Zustand. Vorteile eines 20-Fuß-Lagercontainers mit Rolltor Neben den Hauptmerkmalen sind es vor allem die praktischen Vorteile, die diesen Containertyp so beliebt machen. Unternehme…</p>
  
  <h2>Typische Anwendungsbereiche</h2>
  <ul>
    <li>Lagerung von Baumaterialien</li>
    <li>Warenlager für Handel</li>
    <li>Seefracht-Transport</li>
    <li>Mobile Werkstatt</li>
    <li>Zwischenlager bei Umzügen</li>
  </ul>
  
  <h2>Unsere Serviceleistungen</h2>
  <ul>
    <li>Kostenlose Lieferung (auf Anfrage)</li>
    <li>Professionelle Beratung</li>
    <li>Finanzierung möglich</li>
    <li>30 Tage Rückgabegarantie</li>
  </ul>
</div>",GSHandels,"Container","Container, GSHandels, Lagerung, Transport, 20 Fuß",true,Title,Default Title,,,,,2798,,shopify,10,deny,manual,2500.00,,true,true,,https://gshandels.com/wp-content/uploads/2026/03/IMG_7538.jpg,1,"20-Fuß-Lagercontainer mit Rolltor – Hauptmerkmale",false,"20-Fuß-Lagercontainer mit Rolltor – Hauptmerkmale | GSHandels - Professionelle Containerlösungen","Hochwertiger 20-Fuß-Lagercontainer mit Rolltor – Hauptmerkmale von GSHandels. Professionelle Containerlösungen für Lagerung, Transport und gewerbliche Nutzung. Jetzt unverbindlich anfragen!",594,active
2482,"20 Fuß Barcontainer","<div class=""product-description"">
  <h1>20 Fuß Barcontainer</h1>
  
  <h2>Produktvorteile</h2>
  <ul>
    <li>Wind- und wasserdicht nach ISO-Norm</li>
    <li>CSC-zertifiziert für weltweiten Seetransport</li>
    <li>Stabile Stahlkonstruktion</li>
    <li>Sofort verfügbar - Kurze Lieferzeiten</li>
    <li>Flexible Zahlungsoptionen möglich</li>
  </ul>
  
  <h2>Technische Spezifikationen</h2>
  <table border=""0"" cellspacing=""0"" cellpadding=""5"">
    <tr>
      <td><strong>Material</strong></td>
      <td>Hochwertiger Stahl / Cortenstahl</td>
    </tr>
    <tr>
      <td><strong>Zustand</strong></td>
      <td>Neu oder Gebraucht</td>
    </tr>
    <tr>
      <td><strong>Zertifizierung</strong></td>
      <td>ISO 668, CSC-Plakette</td>
    </tr>
    <tr>
      <td><strong>Verfügbarkeit</strong></td>
      <td>Sofort lieferbar</td>
    </tr>
  </table>
  
  <h2>Beschreibung</h2>
  <p>20-Fuß-Barcontainer – Die mobile Bar für jede Gelegenheit Der 20-Fuß-Barcontainer ist die ideale Lösung für alle, die eine professionelle, mobile und ansprechende Bar für Events, Gastronomie, Festivals oder Promotion suchen. Durch seine kompakte Containergröße und vielseitige Ausstattung lässt sich der Barcontainer nahezu überall einsetzen – ob auf Messen, Konzerten, Firmenveranstaltungen oder in temporären Gastronomiekonzepten. Technische Daten und Maße Containergröße: 20 Fuß (ca. 6,06 m x 2,44 m x 2,59 m) Material: Seecontainer aus Stahl, grundiert und wetterfest lackiert Bodenbelag: rutschfester Industrieboden oder Designboden nach Wahl Stromanschluss: 230V / 400V, komplett vorinstallierte Elektroinstallation Wasseranschluss: optional integrierbar Isolierung: je nach Einsatzzweck verfügbar Tür- und Fensteroptionen: seitlich oder frontal klappbar, mit Hebesystem Ausstattungsmöglichkeiten Der Barcontainer kann individuell nach Ihren Anforderungen konfiguriert werden: Thekenbereich: Edelstahl- oder Holztheken mit Spüle und Zapfanlage Kühltechnik: integrierbare Kühlschränke, Kühltische oder Kühlzellen Beleuchtung: LED-Innenbeleuchtung, optional mit Farbwechsel Sound-System: vorbereitet für Musikanlagen Branding: Außenverkleidung mit Ihrem Logo, Design oder Corporate Identity Sicherheit: abschließbar, mit integrierten Rollläden oder Sicherheitssystemen Einsatzbereiche 1. Events & Festivals Schnell auf- und abgebaut, ideal für temporäre Einsätze auf Großveranstaltungen. 2. Mobile Gastronomie Als saisonale Außenbar für Hotels, Restaurants oder Biergärten geeignet. 3. Promotion & Marketing Auffällige Werbefläche und direkter Kundenkontakt – perfekt für Roadshows oder Produktpräsentationen. 4. Messen & Pop-up-Stores Flexibel, mobil und ansprechend – mit wenig Aufwand überall einsetzbar. Vorteile eines 20-Fuß-Barcontainers Mobilität: einfach per LKW transportierbar Flexibilität: modulare Bauweise, erweiterbar und anpassbar Robustheit: wetterfest, vandalismussicher und langlebig Schneller Aufbau: innerhalb weniger Stunden einsatzbereit Wiederverwendbarkeit: langfristige Investition für wechselnde Standorte Kostenersparnis: keine hohen Miet- oder Baukosten für feste Gebäude Lieferung und Aufbau Wir liefern den 20-Fuß-Barcontainer bundesweit (auf Anfrage auch europaweit) per Tieflader direkt an Ihren Veranstaltungsort. Der Aufbau erfolgt durch unser geschultes Fachpersonal. Auf Wunsch erhalten Sie eine komplette Einweisung sowie einen Testlauf der technischen Anlagen. Individualisierung & Branding Ein besonderes Highlight des Barcontainers ist die Möglichkeit der individuellen Gestaltung. Egal ob Branding in Firmenfarben, spezielle Ausstattungselemente oder Sonderwünsche – wir setzen Ihre Vision in die Realität um. So wird der Container nicht nur zur Bar, sondern auch zum Markenerlebnis. Rechtliche Hinweise und Konformität Unsere Containerlösungen entsprechen den geltenden Normen und Richtlinien der DIN EN 13782 für temporäre Bauten sowie der Unfallverhütungsvorschriften (UVV). Wir beraten Sie gerne zur Einhaltung lokaler Bau- und Hygienebestimmungen. Jetzt anfragen – unverbindliches Angebot erhalten Sie möchten mehr über den 20-Fuß-Barcontainer erfahren oder ein individuelles Angebot erhalten? Nutzen Sie unser Anfrageformular oder kontaktieren Sie unser Team direkt. Wir beraten Sie persönlich und erstellen Ihnen ein passendes Angebot – exakt zugeschnitten auf Ihre Anforderungen. Fazit Der 20-Fuß-Barcontainer ist die optimale Wahl für professionelle Bar-Konzepte, die mobil, flexibel und hochwertig umgesetzt werden sollen. Dank seiner modularen Bauweise, robusten Konstruktion und individuellen Anpassbarkeit ist er für zahlreiche Einsatzbereiche geeignet – von Events über Promotion bis zur mobilen Gastronomie.</p>
  
  <h2>Typische Anwendungsbereiche</h2>
  <ul>
    <li>Lagerung von Baumaterialien</li>
    <li>Warenlager für Handel</li>
    <li>Seefracht-Transport</li>
    <li>Mobile Werkstatt</li>
    <li>Zwischenlager bei Umzügen</li>
  </ul>
  
  <h2>Unsere Serviceleistungen</h2>
  <ul>
    <li>Kostenlose Lieferung (auf Anfrage)</li>
    <li>Professionelle Beratung</li>
    <li>Finanzierung möglich</li>
    <li>30 Tage Rückgabegarantie</li>
  </ul>
</div>",GSHandels,"Container","Container, GSHandels, Lagerung, Transport, Barcontainer",true,Title,Default Title,,,,,2482,,shopify,10,deny,manual,2500.00,,true,true,,https://gshandels.com/wp-content/uploads/2026/02/SHIPPING-CONTAINER-BARS-SHOPS-AND-CAFES83.jpeg,1,"20 Fuß Barcontainer",false,"20 Fuß Barcontainer | GSHandels - Professionelle Containerlösungen","Hochwertiger 20 Fuß Barcontainer von GSHandels. Professionelle Containerlösungen für Lagerung, Transport und gewerbliche Nutzung. Jetzt unverbindlich anfragen!",594,active
2805,"Café und Restaurant in einem 20-Fuß-Seecontainer","<div class=""product-description"">
  <h1>Café und Restaurant in einem 20-Fuß-Seecontainer</h1>
  
  <h2>Produktvorteile</h2>
  <ul>
    <li>Wind- und wasserdicht nach ISO-Norm</li>
    <li>CSC-zertifiziert für weltweiten Seetransport</li>
    <li>Stabile Stahlkonstruktion</li>
    <li>Sofort verfügbar - Kurze Lieferzeiten</li>
    <li>Flexible Zahlungsoptionen möglich</li>
  </ul>
  
  <h2>Technische Spezifikationen</h2>
  <table border=""0"" cellspacing=""0"" cellpadding=""5"">
    <tr>
      <td><strong>Material</strong></td>
      <td>Hochwertiger Stahl / Cortenstahl</td>
    </tr>
    <tr>
      <td><strong>Zustand</strong></td>
      <td>Neu oder Gebraucht</td>
    </tr>
    <tr>
      <td><strong>Zertifizierung</strong></td>
      <td>ISO 668, CSC-Plakette</td>
    </tr>
    <tr>
      <td><strong>Verfügbarkeit</strong></td>
      <td>Sofort lieferbar</td>
    </tr>
  </table>
  
  <h2>Beschreibung</h2>
  <p>Café und Restaurant in einem 20-Fuß-Seecontainer Ein Café und Restaurant in einem 20-Fuß-Seecontainer ist eine moderne, platzsparende und wirtschaftliche Lösung für Gastronomen, Investoren und Betreiber, die ein flexibles Gastronomiekonzept umsetzen möchten. Der aus Stahl gefertigte Seecontainer bietet eine stabile und langlebige Basis, die sich mit professioneller Planung in einen attraktiven Gastroraum verwandeln lässt. Ob als kleines Café, Snack-Bar, To-go-Konzept, Pop-up-Restaurant oder stationäre Gastronomieeinheit – der 20-Fuß-Seecontainer schafft vielseitige Möglichkeiten auf vergleichsweise kleiner Fläche. In Zeiten steigender Mietkosten, wachsender Nachfrage nach mobilen Konzepten und dem Wunsch nach individuellen Markenauftritten gewinnt die Container-Gastronomie immer mehr an Bedeutung. Ein durchdacht geplanter Gastro-Container verbindet Funktionalität, Design und Wirtschaftlichkeit. Gleichzeitig bietet er einen hohen Wiedererkennungswert und passt ideal zu urbanen, nachhaltigen und trendbewussten Gastronomiekonzepten. Warum ein Café und Restaurant in einem 20-Fuß-Seecontainer so gefragt ist Die Gastronomie verändert sich. Flexible Standorte, saisonale Konzepte, temporäre Verkaufsflächen und mobile Geschäftsideen werden immer wichtiger. Genau hier zeigt ein Café und Restaurant in einem 20-Fuß-Seecontainer seine Stärken. Durch die kompakte Bauweise lässt sich der Container auf unterschiedlichsten Flächen einsetzen – von Innenstädten über Eventgelände bis hin zu Ferienanlagen, Büroparks oder Universitätsgeländen. Ein großer Vorteil liegt in der schnellen Realisierbarkeit. Im Vergleich zu einem klassischen Neubau oder einem aufwendigen Ladenumbau ist ein Gastro-Container in deutlich kürzerer Zeit einsatzbereit. Hinzu kommt, dass der Seecontainer als Grundmodul bereits eine robuste Struktur mitbringt. Diese kann nach Bedarf mit Fenstern, Türen, Ausgabeklappen, technischer Ausstattung, Dämmung, Sanitärlösungen und stilvoller Innenverkleidung ergänzt werden. Gerade für Unternehmen, die ein neues Gastronomiekonzept testen möchten, ist der 20-Fuß-Container ideal. Er reduziert das Investitionsrisiko, schafft Planbarkeit und ermöglicht einen schnellen Markteintritt. Was ist ein 20-Fuß-Seecontainer? Ein 20-Fuß-Seecontainer ist ein standardisierter Stahlcontainer mit einer Länge von rund 6 Metern. Ursprünglich für den weltweiten Warentransport konzipiert, überzeugt er durch Stabilität, Wetterfestigkeit und modulare Nutzbarkeit. Genau diese Eigenschaften machen ihn zu einer hervorragenden Grundlage für gastronomische Umbauten. Die Innenfläche eines 20-Fuß-Containers ist kompakt, aber äußerst effizient nutzbar. Mit einer guten Raumplanung lassen sich Arbeitsbereiche, Küchentechnik, Lagermöglichkeiten, Kühlung, Theke und Verkaufsfläche intelligent kombinieren. Für kleine bis mittlere Gastronomiekonzepte bietet diese Containergröße ein sehr gutes Verhältnis zwischen Platzbedarf, Investition und Funktionalität. Ein Café und Restaurant in einem 20-Fuß-Seecontainer eignet sich besonders dann, wenn eine überschaubare Fläche mit maximalem Nutzen kombiniert werden soll. Genau das macht ihn für viele Betreiber so attraktiv. Vorteile eines Cafés und Restaurants in einem 20-Fuß-Seecontainer Ein Container-Restaurant oder Container-Café bringt zahlreiche Vorteile mit sich, die sowohl wirtschaftlich als auch praktisch überzeugen. Platzsparend und effizient Die kompakte Bauweise zwingt zu einer klaren, funktionalen Planung. Das führt in vielen Fällen zu besonders effizienten Arbeitsabläufen. Jeder Quadratmeter wird sinnvoll genutzt, ohne unnötige Verkehrsflächen oder unproduktive Bereiche. Schnelle Umsetzung Ein ausgebauter Gastro-Container kann deutlich schneller realisiert werden als ein konventionelles Ladenlokal oder ein fester Neubau. Das ist besonders interessant für saisonale Projekte, Pilotstandorte oder zeitkritische Eröffnungen. Flexibilität beim Standort Ein Café und Restaurant in einem 20-Fuß-Seecontainer kann je nach Konzept mobil oder semimobil genutzt werden. Dadurch sind Standortwechsel, temporäre Installationen oder Eventeinsätze leichter realisierbar als mit klassischen Immobilien. Individuelles Design Container-Gastronomie muss nicht provisorisch aussehen. Im Gegenteil: Viele erfolgreiche Konzepte setzen bewusst auf den industriellen, urbanen oder modernen Charakter eines ausgebauten Seecontainers. Mit Holz, Glas, Metall, Beleuchtung und Markenfarben kann ein hochwertiges Erscheinungsbild geschaffen werden. Wirtschaftliche Lösung Im Vergleich zu herkömmlichen Bauprojekten kann ein Gastro-Container eine kostengünstigere Alternative darstellen. Gleichzeitig bleiben Erweiterungen oder spätere Anpassungen möglich. Hohe Aufmerksamkeit Ein stilvoll gestaltetes Container-Café fällt auf. Gerade in stark frequentierten Bereichen oder auf Events sorgt das außergewöhnliche Erscheinungsbild für Sichtbarkeit und unterstützt die Markenbildung. Einsatzbereiche für ein Café und Restaurant in einem 20-Fuß-Seecontainer Die…</p>
  
  <h2>Typische Anwendungsbereiche</h2>
  <ul>
    <li>Lagerung von Baumaterialien</li>
    <li>Warenlager für Handel</li>
    <li>Seefracht-Transport</li>
    <li>Mobile Werkstatt</li>
    <li>Zwischenlager bei Umzügen</li>
  </ul>
  
  <h2>Unsere Serviceleistungen</h2>
  <ul>
    <li>Kostenlose Lieferung (auf Anfrage)</li>
    <li>Professionelle Beratung</li>
    <li>Finanzierung möglich</li>
    <li>30 Tage Rückgabegarantie</li>
  </ul>
</div>",GSHandels,"Container","Container, GSHandels, Lagerung, Transport, 20 Fuß",true,Title,Default Title,,,,,2805,,shopify,10,deny,manual,4000.00,,true,true,,https://gshandels.com/wp-content/uploads/2026/03/MOBILE-RESTAURANT-CONTAINER.jpeg,1,"Café und Restaurant in einem 20-Fuß-Seecontainer",false,"Café und Restaurant in einem 20-Fuß-Seecontainer | GSHandels - Professionelle Containerlösungen","Hochwertiger Café und Restaurant in einem 20-Fuß-Seecontainer von GSHandels. Professionelle Containerlösungen für Lagerung, Transport und gewerbliche Nutzung. Jetzt unverbindlich anfragen!",594,active
cdm2atu,"Wohncontainer-Gartenlaube 6×2,40 Meter in Holzausführung","<div class=""product-description"">
  <h1>Wohncontainer-Gartenlaube 6×2,40 Meter in Holzausführung</h1>
  
  <h2>Produktvorteile</h2>
  <ul>
    <li>Wind- und wasserdicht nach ISO-Norm</li>
    <li>CSC-zertifiziert für weltweiten Seetransport</li>
    <li>Stabile Stahlkonstruktion</li>
    <li>Sofort verfügbar - Kurze Lieferzeiten</li>
    <li>Flexible Zahlungsoptionen möglich</li>
  </ul>
  
  <h2>Technische Spezifikationen</h2>
  <table border=""0"" cellspacing=""0"" cellpadding=""5"">
    <tr>
      <td><strong>Material</strong></td>
      <td>Hochwertiger Stahl / Cortenstahl</td>
    </tr>
    <tr>
      <td><strong>Zustand</strong></td>
      <td>Neu oder Gebraucht</td>
    </tr>
    <tr>
      <td><strong>Zertifizierung</strong></td>
      <td>ISO 668, CSC-Plakette</td>
    </tr>
    <tr>
      <td><strong>Verfügbarkeit</strong></td>
      <td>Sofort lieferbar</td>
    </tr>
  </table>
  
  <h2>Beschreibung</h2>
  <p>‚-Wände und Dach Sandwichelemente Isolierung 7,5 cm. – 4 Dreh-Kippfenster (Doppelverglasung) – Wärmegedämmtes Sandwichprofil für geringen Energieverlust – Außentür aus Hörmann-Stahlblech 900×2000 – Komplette Elektroinstallation gemäß CE-Richtlinien – 230V-Steckdosen – 2 Deckenleuchten – Laminatboden – robust und schnell zu reinigen – Isolierter Boden, Innenraum mit OSB-Platte – 2000W elektrischer Wandheizkörper – Ösen zum Entladen mit Kran – Gabelstaplertaschen für einfachen und sicheren Transport – Robuste, geschweißte, selbsttragende Stahlrahmenkonstruktion. Lieferung möglich, ggf. günstiger als angegeben, daher bitte vorher telefonisch anfragen. Der Bürocontainer wird fertig geliefert, wie auf den Fotos abgebildet. Bitte stellen Sie für die Entladung geeignetes Gerät bereit, z. B. einen Gabelstapler oder Radlader. Andere Größen und in anderen Farben können wir kurzfristig nach Ihren Vorgaben fertigen. Objektmerkmale Artikelzustand: Neu Marke: Markenlos Produkttyp: Wohncontainer Wandstärke: 75 Höhe: 2700 Innenhöhe des Raumes: 2280 Breite: 2400 Material: Stahl Länge: 6000</p>
  
  <h2>Typische Anwendungsbereiche</h2>
  <ul>
    <li>Lagerung von Baumaterialien</li>
    <li>Warenlager für Handel</li>
    <li>Seefracht-Transport</li>
    <li>Mobile Werkstatt</li>
    <li>Zwischenlager bei Umzügen</li>
  </ul>
  
  <h2>Unsere Serviceleistungen</h2>
  <ul>
    <li>Kostenlose Lieferung (auf Anfrage)</li>
    <li>Professionelle Beratung</li>
    <li>Finanzierung möglich</li>
    <li>30 Tage Rückgabegarantie</li>
  </ul>
</div>",GSHandels,"Container","Container, GSHandels, Lagerung, Transport, Wohncontainer",true,Title,Default Title,,,,,CDM2ATU,,shopify,10,deny,manual,5660.00,,true,true,,https://gshandels.com/wp-content/uploads/2026/03/519608519-1-600x523-1.jpg,1,"Wohncontainer-Gartenlaube 6×2,40 Meter in Holzausführung",false,"Wohncontainer-Gartenlaube 6×2,40 Meter in Holzausführung | GSHandels - Professionelle Containerlösungen","Hochwertiger Wohncontainer-Gartenlaube 6×2,40 Meter in Holzausführung von GSHandels. Professionelle Containerlösungen für Lagerung, Transport und gewerbliche Nutzung. Jetzt unverbindlich anfragen!",594,active
cdkbpb6,"Tiny House für den Urlaub 10,00 x 3,00 m","<div class=""product-description"">
  <h1>Tiny House für den Urlaub 10,00 x 3,00 m</h1>
  
  <h2>Produktvorteile</h2>
  <ul>
    <li>Wind- und wasserdicht nach ISO-Norm</li>
    <li>CSC-zertifiziert für weltweiten Seetransport</li>
    <li>Stabile Stahlkonstruktion</li>
    <li>Sofort verfügbar - Kurze Lieferzeiten</li>
    <li>Flexible Zahlungsoptionen möglich</li>
  </ul>
  
  <h2>Technische Spezifikationen</h2>
  <table border=""0"" cellspacing=""0"" cellpadding=""5"">
    <tr>
      <td><strong>Material</strong></td>
      <td>Hochwertiger Stahl / Cortenstahl</td>
    </tr>
    <tr>
      <td><strong>Zustand</strong></td>
      <td>Neu oder Gebraucht</td>
    </tr>
    <tr>
      <td><strong>Zertifizierung</strong></td>
      <td>ISO 668, CSC-Plakette</td>
    </tr>
    <tr>
      <td><strong>Verfügbarkeit</strong></td>
      <td>Sofort lieferbar</td>
    </tr>
  </table>
  
  <h2>Beschreibung</h2>
  <p>BESCHREIBUNG Wir bieten Ihnen ein schlüsselfertiges, hochwertiges Tiny House mit den Außenmaßen 10,00 x 3,00 m. Gerne überzeugen wir Sie von unserem Produkt. Wir begleiten Ihr Projekt vom ersten Kontakt bis zur Organisation und führen den Transport durch. Im Preis inbegriffen: – Außenwände: 150 mm Polystyrol-Sandwichplatten (innen Gips, außen Blechverkleidung) – Pultdach: 150 mm Polystyrol-Sandwichplatten (innen Gips, außen Blecheindeckung) – Innenwände: 80 mm Polystyrol-Sandwichplatten (Polystyrol mit Gipskartonwand, Fliesen im Badezimmer) – Stahlkonstruktion mit Korrosionsschutzschichten – Einzeltür aus Aluminium, vollverglast 1,10 x 2,10 m – 1 Stück (getönt) – Festes geneigtes PVC-Fenster 1,5 m x 2,1 m – 1 Stück (getönt) – Festes PVC-Fenster 1,30 x 2,10 m – 2 Stück (getönt) – Festes PVC-Fenster 2,50 x 0,5 m – 1 Stück (getönt) – PVC-Fenster D/K 0,8 x 2,10 m – 1 Stück (getönt) – PVC-Fenster D/K 1,00 x 0,6 m – 1 Stück (getönt) – PVC-Fenster D/K 0,6 x 0,6 m – 1 Stück. – Innenaufteilung gemäß Grundriss – Elektroinstallation: 4 Lampen, 8 Einzelsteckdosen (230V), 2 Elektroheizkörper, Schalter, Sicherungskasten – Sanitärinstallation: WC, Waschbecken mit Unterschrank, Dusche, Warmwasserspeicher – Küche: Spüle, Warmwasserspeicher, Schränke – Isolierter Boden aus 100 mm starken Polystyrol-Sandwichplatten; Innen OSB 22 mm, Laminatboden – Blech – Montage – technische Dokumentation Nicht im Preis inbegriffen: – Transport – Entladen mit dem Kran Wir bieten Ihnen ein schlüsselfertiges, hochwertiges Tiny House mit den Außenmaßen 10,00 x 3,00 m. Gerne überzeugen wir Sie von unserem Produkt.</p>
  
  <h2>Typische Anwendungsbereiche</h2>
  <ul>
    <li>Lagerung von Baumaterialien</li>
    <li>Warenlager für Handel</li>
    <li>Seefracht-Transport</li>
    <li>Mobile Werkstatt</li>
    <li>Zwischenlager bei Umzügen</li>
  </ul>
  
  <h2>Unsere Serviceleistungen</h2>
  <ul>
    <li>Kostenlose Lieferung (auf Anfrage)</li>
    <li>Professionelle Beratung</li>
    <li>Finanzierung möglich</li>
    <li>30 Tage Rückgabegarantie</li>
  </ul>
</div>",GSHandels,"Container","Container, GSHandels, Lagerung, Transport, Tiny House",true,Title,Default Title,,,,,CDKBPB6,,shopify,10,deny,manual,12333.33,,true,true,,https://gshandels.com/wp-content/uploads/2026/03/IMG08-600x448-1.jpg,1,"Tiny House für den Urlaub 10,00 x 3,00 m",false,"Tiny House für den Urlaub 10,00 x 3,00 m | GSHandels - Professionelle Containerlösungen","Hochwertiger Tiny House für den Urlaub 10,00 x 3,00 m von GSHandels. Professionelle Containerlösungen für Lagerung, Transport und gewerbliche Nutzung. Jetzt unverbindlich anfragen!",594,active
cdx31e3,"Tiny House mit zwei Schlafzimmern und Küche 2024","<div class=""product-description"">
  <h1>Tiny House mit zwei Schlafzimmern und Küche 2024</h1>
  
  <h2>Produktvorteile</h2>
  <ul>
    <li>Wind- und wasserdicht nach ISO-Norm</li>
    <li>CSC-zertifiziert für weltweiten Seetransport</li>
    <li>Stabile Stahlkonstruktion</li>
    <li>Sofort verfügbar - Kurze Lieferzeiten</li>
    <li>Flexible Zahlungsoptionen möglich</li>
  </ul>
  
  <h2>Technische Spezifikationen</h2>
  <table border=""0"" cellspacing=""0"" cellpadding=""5"">
    <tr>
      <td><strong>Material</strong></td>
      <td>Hochwertiger Stahl / Cortenstahl</td>
    </tr>
    <tr>
      <td><strong>Zustand</strong></td>
      <td>Neu oder Gebraucht</td>
    </tr>
    <tr>
      <td><strong>Zertifizierung</strong></td>
      <td>ISO 668, CSC-Plakette</td>
    </tr>
    <tr>
      <td><strong>Verfügbarkeit</strong></td>
      <td>Sofort lieferbar</td>
    </tr>
  </table>
  
  <h2>Beschreibung</h2>
  <p>Haupteigenschaften : Wärmedämmung: Isolierte Wände und Dach für optimalen Komfort zu jeder Jahreszeit. Zwei separate Schlafzimmer: Jedes Schlafzimmer ist abgetrennt, um Privatsphäre zu gewährleisten und eignet sich somit perfekt für Familien oder Gäste. Eckküche: Ausgestattet mit Oberschränken für optimale Lagerung und einer Speisekammer für Proviant. Komplettes Badezimmer: Beinhaltet eine Regendusche, Toilette, Waschbecken mit Waschtischunterschrank und alle notwendigen Wasserhähne. Vinylbodenbelag: Der Bodenbelag ist langlebig und pflegeleicht und bietet sowohl Stil als auch Haltbarkeit. Belüftungssystem: Stromversorgung über einen 230-V-Anschluss, der eine ausreichende Belüftung des Raums gewährleistet. Integrierte Beleuchtung: Anschlusspunkte für Deckenbeleuchtung, Downlights, Steckdosen und Schalter inklusive. Doppelt verglaste Fenster: Kunststoffrahmen mit Doppelverglasung für verbesserte Wärme- und Schalldämmung. Einfacher Anschluss: Vorbereitet für den schnellen Anschluss an Wasser, Strom und Abwasser. Sicherheit: Abschließbare Tür mit Schlüssel und Knopfzylinder, sorgt für Raumsicherheit. Entwässerungsrinne: Integriert für effektives Regenwassermanagement. Transportabel: Transportabmessungen von 5860 x 2110 x 2550 mm, daher leicht zu transportieren. Technische Spezifikationen : Modell: Compleet Deluxe (19 Fuß x 20 Fuß), Jahr 2024. Gewicht: 3550 kg. Abmessungen: Gesamtlänge 5860 mm, Gesamtbreite 6220 mm und Höhe 2550 mm. Fenster: 9 Fenster sorgen für hervorragendes Tageslicht. Ausstattung: Deckenleuchten, Steckdosen und Schalter inklusive für eine praktische und moderne Raumaufteilung. Dieser mobile Container ist ideal für alle, die ein kleines schlüsselfertiges Haus mit zwei Schlafzimmern, einer Einbauküche und einem modernen Badezimmer suchen. Transportabel, sicher und mit allen notwendigen Einrichtungen ausgestattet, passt es sich an unterschiedliche Umgebungen an, sei es für den vorübergehenden oder längerfristigen Einsatz.</p>
  
  <h2>Typische Anwendungsbereiche</h2>
  <ul>
    <li>Lagerung von Baumaterialien</li>
    <li>Warenlager für Handel</li>
    <li>Seefracht-Transport</li>
    <li>Mobile Werkstatt</li>
    <li>Zwischenlager bei Umzügen</li>
  </ul>
  
  <h2>Unsere Serviceleistungen</h2>
  <ul>
    <li>Kostenlose Lieferung (auf Anfrage)</li>
    <li>Professionelle Beratung</li>
    <li>Finanzierung möglich</li>
    <li>30 Tage Rückgabegarantie</li>
  </ul>
</div>",GSHandels,"Container","Container, GSHandels, Lagerung, Transport, Tiny House",true,Title,Default Title,,,,,CDX31E3,,shopify,10,deny,manual,4533.33,,true,true,,https://gshandels.com/wp-content/uploads/2026/03/442549e5216320-600x421-1.webp,1,"Tiny House mit zwei Schlafzimmern und Küche 2024",false,"Tiny House mit zwei Schlafzimmern und Küche 2024 | GSHandels - Professionelle Containerlösungen","Hochwertiger Tiny House mit zwei Schlafzimmern und Küche 2024 von GSHandels. Professionelle Containerlösungen für Lagerung, Transport und gewerbliche Nutzung. Jetzt unverbindlich anfragen!",594,active
cdo3gj7,"Tiny House mit zwei Schlafzimmern (32 m²)","<div class=""product-description"">
  <h1>Tiny House mit zwei Schlafzimmern (32 m²)</h1>
  
  <h2>Produktvorteile</h2>
  <ul>
    <li>Wind- und wasserdicht nach ISO-Norm</li>
    <li>CSC-zertifiziert für weltweiten Seetransport</li>
    <li>Stabile Stahlkonstruktion</li>
    <li>Sofort verfügbar - Kurze Lieferzeiten</li>
    <li>Flexible Zahlungsoptionen möglich</li>
  </ul>
  
  <h2>Technische Spezifikationen</h2>
  <table border=""0"" cellspacing=""0"" cellpadding=""5"">
    <tr>
      <td><strong>Material</strong></td>
      <td>Hochwertiger Stahl / Cortenstahl</td>
    </tr>
    <tr>
      <td><strong>Zustand</strong></td>
      <td>Neu oder Gebraucht</td>
    </tr>
    <tr>
      <td><strong>Zertifizierung</strong></td>
      <td>ISO 668, CSC-Plakette</td>
    </tr>
    <tr>
      <td><strong>Verfügbarkeit</strong></td>
      <td>Sofort lieferbar</td>
    </tr>
  </table>
  
  <h2>Beschreibung</h2>
  <p>Beschreibung des Mobilcontainers – Tiny House mit zwei Schlafzimmern (32 m²) Dieses 32 m² große Tiny House ist ein mobiler, komfortabler und gut ausgestatteter Wohnraum, ideal für die ganzjährige Nutzung. Aus langlebigen Materialien gefertigt und dank Polystyrol-Sandwichplatten perfekt isoliert, bietet es eine schlüsselfertige Lösung für alle, die einen flexiblen Raum suchen, sei es für die dauerhafte oder vorübergehende Nutzung. Hauptmerkmale Ganzjährige Isolierung: Sandwichpaneele garantieren eine effektive Isolierung, angepasst an die klimatischen Bedingungen im Sommer und Winter. Komplette Ausstattung: Der Container ist mit Lüftungs-, Strom-, Wasser- und Abwassersystemen ausgestattet und somit sofort betriebsbereit. Komplette Vorbereitung: Das Tiny House wird bezugsfertig geliefert, ausgestattet mit einem Badezimmer und einer Küchenzeile. Es bleibt nur noch der Anschluss an das Wasser-, Abwasser- und Stromnetz. Haltbarkeit: Die aus hochwertigen Materialien gefertigte Struktur erfordert keine besondere Wartung. Mobilität: Dank seines modularen Formats lässt sich das Tiny House problemlos bewegen und bietet die Möglichkeit, es an einem anderen Ort wieder aufzustellen. Service und Lieferung Als zuverlässiger Hersteller garantieren wir Qualität und Termintreue in jeder Phase der Produktion und Lieferung. Die HDS-Entladung mit eigenen Transportmitteln bietet optimalen Komfort bei der Warenannahme. Unsere Behälter werden häufig in verschiedenen Situationen eingesetzt: Zur Unterbringung von Mitarbeitern auf Baustellen oder in Unternehmen. Als Übergangslösung auf Bauernhöfen oder kommunalen Hilfszentren. Auf Urlaubsgrundstücken, als Sommerhaus oder Zweitwohnsitz. ABMESSUNGEN Gesamtfläche: 32 m² Außenlänge: 6,0 m Außenbreite: 5,3 m Innenhöhe: 2,6 m bis 2,4 m Abmessungen jedes Moduls: 6,0 m x 2,65 m Technische spezifikationen Außenwände: 10 cm Sandwichpaneele (Polystyrolplatte) mit einem Wärmedurchgangskoeffizienten von 0,38 W/m²K. Dach: 10 cm Sandwichplatte (Polystyrolplatte), Wärmedurchgang 0,38 W/m²K. Innentrennwände: 5 cm Sandwichpaneele (Polystyrolplatte), Wärmedurchgang 0,38 W/m²K. Boden: 10 cm Sandwichplatte, Wärmedurchgang 0,38 W/m²K + 15 mm OSB-Platte + 2,2 mm PVC-Beschichtung. Dachrinnen: Ausgestattet mit 2 Dachrinnen mit Ablauf zur Wasserableitung. Ausrüstung inklusive Hauptraum mit Kochnische Elektroinstallation: 230V-Tisch 3 Doppelsteckdosen 1 Unterbrecher LED Beleuchtung Belüftung: 1 Ventilator. Öffnungen: PVC-verglaste Eingangstür (110×210 cm) mit Rollo. PVC-Vitrine (90×210 cm) mit Rollo. PVC-Panoramafenster (60×120 cm) mit Rollo. Küche : Kochnische mit 5 Einheiten in glänzendem Weiß. Spüle und Batterie im Lieferumfang enthalten. Heizung: Elektroheizung inklusive. Badezimmer Elektroinstallation: 2 Doppelsteckdosen 1 Unterbrecher LED Beleuchtung Belüftung: 1 Ventilator. Sanitär: Duschkabine (90×90 cm) Waschbecken mit Möbeln (50 cm) kompakte Toilette Kapazitiver elektrischer Warmwasserbereiter (50 L) Öffnungen: Fenster „Lufcik“ (50×50 cm) Türen: Innentür aus weißem Stahl (80 cm). Heizung: Elektroheizung inklusive. 1 Zimmer Elektroinstallation: 1 Doppelsteckdose 1 Unterbrecher LED Beleuchtung Öffnungen: UR PVC-Fenster (80×110 cm) mit Rollo. Türen: Innentür aus Stahl (80×210 cm). Heizung: Elektroheizung inklusive. 2 Zimmer Elektroinstallation: 1 Doppelsteckdose 1 Unterbrecher LED Beleuchtung Öffnungen: UR PVC-Fenster (80×110 cm) mit Rollo. Türen: Innentür aus Stahl (80×210 cm). Heizung: Elektroheizung inklusive. Vorteile Sofort einsatzbereit: Voll ausgestattet geliefert, müssen Sie es nur noch an die Netzwerke anschließen, um einen komfortablen Wohnraum zu genießen. Flexible Mobilität: Dieser Container lässt sich jederzeit leicht bewegen und neu aufstellen und bietet so eine große Flexibilität in der Nutzung. Behaglichkeit das ganze Jahr über: Die hervorragende Wärmedämmung macht das Leben im Tiny House zu jeder Jahreszeit angenehm. Vielseitig einsetzbar: Perfekt für unterschiedliche Nutzungen, z. B. als temporäres Wohnen, als Sommerhaus oder als modulare Wohnlösung für Mitarbeiter oder auf Baustellen. Dieses 32 m² große Tiny House ist eine ideale Lösung für alle, die einen mobilen, funktionalen und langlebigen Wohnraum mit moderner Ausstattung und allem nötigen Komfort für die ganzjährige Nutzung suchen.</p>
  
  <h2>Typische Anwendungsbereiche</h2>
  <ul>
    <li>Lagerung von Baumaterialien</li>
    <li>Warenlager für Handel</li>
    <li>Seefracht-Transport</li>
    <li>Mobile Werkstatt</li>
    <li>Zwischenlager bei Umzügen</li>
  </ul>
  
  <h2>Unsere Serviceleistungen</h2>
  <ul>
    <li>Kostenlose Lieferung (auf Anfrage)</li>
    <li>Professionelle Beratung</li>
    <li>Finanzierung möglich</li>
    <li>30 Tage Rückgabegarantie</li>
  </ul>
</div>",GSHandels,"Container","Container, GSHandels, Lagerung, Transport, Tiny House",true,Title,Default Title,,,,,CDO3GJ7,,shopify,10,deny,manual,4333.33,,true,true,,https://gshandels.com/wp-content/uploads/2026/03/52aa76_11983bef50ba4a8fb5bab-600x377-1.jpg,1,"Tiny House mit zwei Schlafzimmern (32 m²)",false,"Tiny House mit zwei Schlafzimmern (32 m²) | GSHandels - Professionelle Containerlösungen","Hochwertiger Tiny House mit zwei Schlafzimmern (32 m²) von GSHandels. Professionelle Containerlösungen für Lagerung, Transport und gewerbliche Nutzung. Jetzt unverbindlich anfragen!",594,active
cd1i1zu,"40 Fuß großes, umgebautes, bewohnbares Containerstudio","<div class=""product-description"">
  <h1>40 Fuß großes, umgebautes, bewohnbares Containerstudio</h1>
  
  <h2>Produktvorteile</h2>
  <ul>
    <li>Wind- und wasserdicht nach ISO-Norm</li>
    <li>CSC-zertifiziert für weltweiten Seetransport</li>
    <li>Stabile Stahlkonstruktion</li>
    <li>Sofort verfügbar - Kurze Lieferzeiten</li>
    <li>Flexible Zahlungsoptionen möglich</li>
  </ul>
  
  <h2>Technische Spezifikationen</h2>
  <table border=""0"" cellspacing=""0"" cellpadding=""5"">
    <tr>
      <td><strong>Material</strong></td>
      <td>Hochwertiger Stahl / Cortenstahl</td>
    </tr>
    <tr>
      <td><strong>Zustand</strong></td>
      <td>Neu oder Gebraucht</td>
    </tr>
    <tr>
      <td><strong>Zertifizierung</strong></td>
      <td>ISO 668, CSC-Plakette</td>
    </tr>
    <tr>
      <td><strong>Verfügbarkeit</strong></td>
      <td>Sofort lieferbar</td>
    </tr>
  </table>
  
  <h2>Beschreibung</h2>
  <p>Entdecken Sie unsere Studio in bewohnbarem umgebautem Container, gebaut in einem 40-Fuß-Container. Ein echtes kleines Containerhaus mit grünem Dach. Umgebautes Containerstudio mit optionalem Gründach Mumgebautes Containerhaus ist das beliebteste, gebaut in einem 40-Fuß-Container. Es verfügt über eine luxuriöse Küche mit vollwertigen Geräten in verschiedenen Ausführungen. Dieses Gebäude umfasst ein Schlafzimmer im Erdgeschoss, ein schönes Wohnzimmer und eine Badewanne oder ebenerdige Dusche.</p>
  
  <h2>Typische Anwendungsbereiche</h2>
  <ul>
    <li>Lagerung von Baumaterialien</li>
    <li>Warenlager für Handel</li>
    <li>Seefracht-Transport</li>
    <li>Mobile Werkstatt</li>
    <li>Zwischenlager bei Umzügen</li>
  </ul>
  
  <h2>Unsere Serviceleistungen</h2>
  <ul>
    <li>Kostenlose Lieferung (auf Anfrage)</li>
    <li>Professionelle Beratung</li>
    <li>Finanzierung möglich</li>
    <li>30 Tage Rückgabegarantie</li>
  </ul>
</div>",GSHandels,"Container","Container, GSHandels, Lagerung, Transport, Wohncontainer, Barcontainer",true,Title,Default Title,,,,,CD1I1ZU,,shopify,10,deny,manual,4900.00,,true,true,,https://gshandels.com/wp-content/uploads/2026/03/9ac816_c2778c52afe04ce58f9d43fec79e205cmv2.webp,1,"40 Fuß großes, umgebautes, bewohnbares Containerstudio",false,"40 Fuß großes, umgebautes, bewohnbares Containerstudio | GSHandels - Professionelle Containerlösungen","Hochwertiger 40 Fuß großes, umgebautes, bewohnbares Containerstudio von GSHandels. Professionelle Containerlösungen für Lagerung, Transport und gewerbliche Nutzung. Jetzt unverbindlich anfragen!",594,active
cdch37y,"Stahlworks Eco 6000 A 2024","<div class=""product-description"">
  <h1>Stahlworks Eco 6000 A 2024</h1>
  
  <h2>Produktvorteile</h2>
  <ul>
    <li>Wind- und wasserdicht nach ISO-Norm</li>
    <li>CSC-zertifiziert für weltweiten Seetransport</li>
    <li>Stabile Stahlkonstruktion</li>
    <li>Sofort verfügbar - Kurze Lieferzeiten</li>
    <li>Flexible Zahlungsoptionen möglich</li>
  </ul>
  
  <h2>Technische Spezifikationen</h2>
  <table border=""0"" cellspacing=""0"" cellpadding=""5"">
    <tr>
      <td><strong>Material</strong></td>
      <td>Hochwertiger Stahl / Cortenstahl</td>
    </tr>
    <tr>
      <td><strong>Zustand</strong></td>
      <td>Neu oder Gebraucht</td>
    </tr>
    <tr>
      <td><strong>Zertifizierung</strong></td>
      <td>ISO 668, CSC-Plakette</td>
    </tr>
    <tr>
      <td><strong>Verfügbarkeit</strong></td>
      <td>Sofort lieferbar</td>
    </tr>
  </table>
  
  <h2>Beschreibung</h2>
  <p>Allgemeine Merkmale: Marke: Stahlwerke Modell: Eco 6000 A Baujahr: 2024 Bruttogewicht: 2 kg Gesamtabmessungen: Länge: 5 950 mm Breite: 2 300 mm Höhe: 2 550 mm Anzahl der Fenster: 3 versenkbare Fenster mit Jalousien und Moskitonetzen Struktur und Isolierung: Isolierte Wände und Dach für bessere Wärmeleistung. Aluminiumrahmen mit doppelter Sonnenschutzverglasung. Schlüsselverschluss und Knopfzylinder für zusätzliche Sicherheit. Außenmaterialien: Aluminium-Verbundplatte. Einfach beschichtetes weißes Fluorkohlenstoff-Aluminiumblech. Leichte Doppelschicht mit hoher Druckfestigkeit. Interne Materialien: Flache Holz-Kunststoff-Knotenplatte. Ökologisches Blech in EO-Qualität. Abmessungen und Transport: Transportmaße: 5 x 950 x 2 mm (L x B x H). Transportausrüstung: Hebeösen für einfachen Transport. Unterseite des Fahrgestells mit Löchern für Schaufeln versehen. Verstellbare Füße für einfache Installation. Innenaufteilung: Sanitärbereich: Bodendusche. Badezimmer. Waschbecken mit Mischbatterie, Unterschrank und Spiegel. Ventilator für effiziente Belüftung. Nachtecke: Bettkasten mit Stauraum. Nachttisch inklusive. Kleiderschrank mit zusätzlichem Stauraum. Elektrische Ausrüstung: 220-Volt-Steckdosen mit USB-Anschluss. LED-Deckenleuchten. Erdschlussschalter für zusätzliche Sicherheit. Anschlüsse und Äußeres: Außenausstattung: 220-Volt-Anschlusspunkt. Anschlusspunkt für Warm- und Kaltwasser. Anschluss für Abwasserableitung. Verwendung: Perfekt für den Einsatz als kleines Zuhause, Büro oder Werkstatt. Unbenutzter Innenraum, bereit zur Gestaltung nach Ihren Bedürfnissen.</p>
  
  <h2>Typische Anwendungsbereiche</h2>
  <ul>
    <li>Lagerung von Baumaterialien</li>
    <li>Warenlager für Handel</li>
    <li>Seefracht-Transport</li>
    <li>Mobile Werkstatt</li>
    <li>Zwischenlager bei Umzügen</li>
  </ul>
  
  <h2>Unsere Serviceleistungen</h2>
  <ul>
    <li>Kostenlose Lieferung (auf Anfrage)</li>
    <li>Professionelle Beratung</li>
    <li>Finanzierung möglich</li>
    <li>30 Tage Rückgabegarantie</li>
  </ul>
</div>",GSHandels,"Container","Container, GSHandels, Lagerung, Transport",true,Title,Default Title,,,,,CDCH37Y,,shopify,10,deny,manual,3533.33,,true,true,,https://gshandels.com/wp-content/uploads/2026/03/e5e9e5fbcmv2-1-600x440-1.webp,1,"Stahlworks Eco 6000 A 2024",false,"Stahlworks Eco 6000 A 2024 | GSHandels - Professionelle Containerlösungen","Hochwertiger Stahlworks Eco 6000 A 2024 von GSHandels. Professionelle Containerlösungen für Lagerung, Transport und gewerbliche Nutzung. Jetzt unverbindlich anfragen!",594,active
cd131z9,"Autonomer Doppel-Sanitäranhänger","<div class=""product-description"">
  <h1>Autonomer Doppel-Sanitäranhänger</h1>
  
  <h2>Produktvorteile</h2>
  <ul>
    <li>Wind- und wasserdicht nach ISO-Norm</li>
    <li>CSC-zertifiziert für weltweiten Seetransport</li>
    <li>Stabile Stahlkonstruktion</li>
    <li>Sofort verfügbar - Kurze Lieferzeiten</li>
    <li>Flexible Zahlungsoptionen möglich</li>
  </ul>
  
  <h2>Technische Spezifikationen</h2>
  <table border=""0"" cellspacing=""0"" cellpadding=""5"">
    <tr>
      <td><strong>Material</strong></td>
      <td>Hochwertiger Stahl / Cortenstahl</td>
    </tr>
    <tr>
      <td><strong>Zustand</strong></td>
      <td>Neu oder Gebraucht</td>
    </tr>
    <tr>
      <td><strong>Zertifizierung</strong></td>
      <td>ISO 668, CSC-Plakette</td>
    </tr>
    <tr>
      <td><strong>Verfügbarkeit</strong></td>
      <td>Sofort lieferbar</td>
    </tr>
  </table>
  
  <h2>Beschreibung</h2>
  <p>Neuer autonomer Sanitäranhänger mit Doppeltoilette/Dusche 3,50 x 2,00 Meter. 2x Toiletten 2x Waschbecken mit Unterschrank 1x 200L Frischwassertank 1x 200L Abwassertank – Batterie – 12V/230V Spannungswandler – 230V-Elektroinstallation und Deckenleuchten – PVC-Boden – robust und schnell zu reinigen Aufbau: 40 mm Sandwichkonstruktion mit Stahlblech und PUR-Schaum, isolierender Boden, Farbe: außen weiß, innen weiß. Struktur in zwei gleichwertigen Kabinen (Männer/Frauen). Beide Bereiche bestehen aus einer Eingangstür mit Personenschloss, 2x verzinkten Treppen. Erstanmeldung – ohne. HU – Neu Achsen – 1, gebremst 195/55 R10C-Reifen Feuerverzinkte V-Deichsel, verzinkter Rahmen, Einzelachse – Optional große Aufkleber, größere Urinale und Tanks möglich Zulässiges Gesamtgewicht – 1300 kg Achsen – 1 Höhe – 2800 mm Laderaumlänge – 3500 mm Laderaumbreite – 2 mm</p>
  
  <h2>Typische Anwendungsbereiche</h2>
  <ul>
    <li>Lagerung von Baumaterialien</li>
    <li>Warenlager für Handel</li>
    <li>Seefracht-Transport</li>
    <li>Mobile Werkstatt</li>
    <li>Zwischenlager bei Umzügen</li>
  </ul>
  
  <h2>Unsere Serviceleistungen</h2>
  <ul>
    <li>Kostenlose Lieferung (auf Anfrage)</li>
    <li>Professionelle Beratung</li>
    <li>Finanzierung möglich</li>
    <li>30 Tage Rückgabegarantie</li>
  </ul>
</div>",GSHandels,"Container","Container, GSHandels, Lagerung, Transport, Sanitärcontainer",true,Title,Default Title,,,,,CD131Z9,,shopify,10,deny,manual,2200.00,,true,true,,https://gshandels.com/wp-content/uploads/2026/03/EX_02037998-600x451-1.jpg,1,"Autonomer Doppel-Sanitäranhänger",false,"Autonomer Doppel-Sanitäranhänger | GSHandels - Professionelle Containerlösungen","Hochwertiger Autonomer Doppel-Sanitäranhänger von GSHandels. Professionelle Containerlösungen für Lagerung, Transport und gewerbliche Nutzung. Jetzt unverbindlich anfragen!",594,active
cd5yz1n,"Mezzanine-Lagerplattform 10x10m| Belastbarkeit 500 kg/m² | mit Treppe, Geländer und Übergabepunkt","<div class=""product-description"">
  <h1>Mezzanine-Lagerplattform 10x10m| Belastbarkeit 500 kg/m² | mit Treppe, Geländer und Übergabepunkt</h1>
  
  <h2>Produktvorteile</h2>
  <ul>
    <li>Wind- und wasserdicht nach ISO-Norm</li>
    <li>CSC-zertifiziert für weltweiten Seetransport</li>
    <li>Stabile Stahlkonstruktion</li>
    <li>Sofort verfügbar - Kurze Lieferzeiten</li>
    <li>Flexible Zahlungsoptionen möglich</li>
  </ul>
  
  <h2>Technische Spezifikationen</h2>
  <table border=""0"" cellspacing=""0"" cellpadding=""5"">
    <tr>
      <td><strong>Material</strong></td>
      <td>Hochwertiger Stahl / Cortenstahl</td>
    </tr>
    <tr>
      <td><strong>Zustand</strong></td>
      <td>Neu oder Gebraucht</td>
    </tr>
    <tr>
      <td><strong>Zertifizierung</strong></td>
      <td>ISO 668, CSC-Plakette</td>
    </tr>
    <tr>
      <td><strong>Verfügbarkeit</strong></td>
      <td>Sofort lieferbar</td>
    </tr>
  </table>
  
  <h2>Beschreibung</h2>
  <p>technische Daten Produkttyp: Zwischengeschoss Länge in mm: 10000 Höhe in mm: 2588 Breite in mm: 10000 Freie Höhe in mm: 2200 Anzahl der Ebenen: 1 Material: Stahl Lieferumfang: * Stützen und Geländer pulverbeschichtet in RAL 7016 * Fernlicht * Zwischenträger * Verstärkungen * Bodenbefestigung und Bodenverankerung * 38 mm Naturspanplatte, Unterseite weiß * Übergabestation: Doppelflügeltür mit automatischer Schließung L 1500 mm * 37 m langes Geländer: verzinkter Handlauf, Geländer und Rollkante * Gittertreppe 1 mm x 000 mm Diese einstöckige Lagerplattform mit einer Fläche von 10 x 10 hat eine maximale Traglast von 500 kg/m² bei gleichmäßiger Verteilung. Die maximale Länge zwischen Fußstützen und Treppen beträgt 10 mm. Die Breite beträgt 000 mm, während die Höhe bis zur Bühnenoberkante 10 mm beträgt. Die Höhe bis Unterkante Balken beträgt 000 mm. Die Lagerplattform ist mit einem 38 mm starken Spanplattenboden ausgestattet. Die Oberseite ist naturbelassen, die Unterseite des Unterteils ist weiß. Die 37 Meter lange Balustrade ist mit einem Handlauf, einer Knierampe und einer Rollkante ausgestattet und sorgt für Sicherheit auf der Bühne. Die Lagerplattform ist über eine seitliche Treppe erreichbar. Dieser hat eine Neigung von 37° und eine Gesamtbreite von 1 mm. Insgesamt bestehen 000 Stufen aus einem Raster von 15 x 1000 mm. Der bestehende Übergabeplatz ist über eine Doppeltür (Maße 1500 mm) zugänglich. Diese Bühnenkonstruktion hat eine maximale Stützlast von 204 kn. Die Stützen und das Geländer sind in Anthrazitgrau RAL 7016 lackiert. Die Stützen sind verzinkt. Eine Kreuz-/Diagonalverstrebung sorgt für die nötige Stabilität der Lagerplattform. Diese Lagerplattform ist mit einem manuellen Hubwagen zugänglich.</p>
  
  <h2>Typische Anwendungsbereiche</h2>
  <ul>
    <li>Lagerung von Baumaterialien</li>
    <li>Warenlager für Handel</li>
    <li>Seefracht-Transport</li>
    <li>Mobile Werkstatt</li>
    <li>Zwischenlager bei Umzügen</li>
  </ul>
  
  <h2>Unsere Serviceleistungen</h2>
  <ul>
    <li>Kostenlose Lieferung (auf Anfrage)</li>
    <li>Professionelle Beratung</li>
    <li>Finanzierung möglich</li>
    <li>30 Tage Rückgabegarantie</li>
  </ul>
</div>",GSHandels,"Container","Container, GSHandels, Lagerung, Transport, Barcontainer",true,Title,Default Title,,,,,CD5YZ1N,,shopify,10,deny,manual,7333.33,,true,true,,https://gshandels.com/wp-content/uploads/2026/03/Exepde03c-600x450-1.jpg,1,"Mezzanine-Lagerplattform 10x10m| Belastbarkeit 500 kg/m² | mit Treppe, Geländer und Übergabepunkt",false,"Mezzanine-Lagerplattform 10x10m| Belastbarkeit 500 kg/m² | mit Treppe, Geländer und Übergabepunkt | GSHandels - Professionelle Containerlösungen","Hochwertiger Mezzanine-Lagerplattform 10x10m| Belastbarkeit 500 kg/m² | mit Treppe, Geländer und Übergabepunkt von GSHandels. Professionelle Containerlösungen für Lagerung, Transport und gewerbliche Nutzung. Jetzt unverbindlich anfragen!",594,active
cd7mop5,"Containerhaus mit mehreren Einheiten","<div class=""product-description"">
  <h1>Containerhaus mit mehreren Einheiten</h1>
  
  <h2>Produktvorteile</h2>
  <ul>
    <li>Wind- und wasserdicht nach ISO-Norm</li>
    <li>CSC-zertifiziert für weltweiten Seetransport</li>
    <li>Stabile Stahlkonstruktion</li>
    <li>Sofort verfügbar - Kurze Lieferzeiten</li>
    <li>Flexible Zahlungsoptionen möglich</li>
  </ul>
  
  <h2>Technische Spezifikationen</h2>
  <table border=""0"" cellspacing=""0"" cellpadding=""5"">
    <tr>
      <td><strong>Material</strong></td>
      <td>Hochwertiger Stahl / Cortenstahl</td>
    </tr>
    <tr>
      <td><strong>Zustand</strong></td>
      <td>Neu oder Gebraucht</td>
    </tr>
    <tr>
      <td><strong>Zertifizierung</strong></td>
      <td>ISO 668, CSC-Plakette</td>
    </tr>
    <tr>
      <td><strong>Verfügbarkeit</strong></td>
      <td>Sofort lieferbar</td>
    </tr>
  </table>
  
  <h2>Beschreibung</h2>
  <p>„TALOR“-MODELL BEREIT ZUM VERSAND Das Talor-Modell ist ein wunderschönes L-förmiges Containerhaus mit mehreren Wohneinheiten. Das Taylor-Modell wurde entwickelt, um Ihre Quadratmeterzahl und Ihren Wohnraum zu vergrößern, ohne Ihr Budget zu sprengen.</p>
  
  <h2>Typische Anwendungsbereiche</h2>
  <ul>
    <li>Lagerung von Baumaterialien</li>
    <li>Warenlager für Handel</li>
    <li>Seefracht-Transport</li>
    <li>Mobile Werkstatt</li>
    <li>Zwischenlager bei Umzügen</li>
  </ul>
  
  <h2>Unsere Serviceleistungen</h2>
  <ul>
    <li>Kostenlose Lieferung (auf Anfrage)</li>
    <li>Professionelle Beratung</li>
    <li>Finanzierung möglich</li>
    <li>30 Tage Rückgabegarantie</li>
  </ul>
</div>",GSHandels,"Container","Container, GSHandels, Lagerung, Transport",true,Title,Default Title,,,,,CD7MOP5,,shopify,10,deny,manual,24266.67,,true,true,,https://gshandels.com/wp-content/uploads/2026/03/9ac816_6bdc8e5f76e748ca9934869e2840d13bmv2.webp,1,"Containerhaus mit mehreren Einheiten",false,"Containerhaus mit mehreren Einheiten | GSHandels - Professionelle Containerlösungen","Hochwertiger Containerhaus mit mehreren Einheiten von GSHandels. Professionelle Containerlösungen für Lagerung, Transport und gewerbliche Nutzung. Jetzt unverbindlich anfragen!",594,active
cdvcych,"Saunacontainer von 15 m² mit „schlüsselfertigem“ Ruhebereich","<div class=""product-description"">
  <h1>Saunacontainer von 15 m² mit „schlüsselfertigem“ Ruhebereich</h1>
  
  <h2>Produktvorteile</h2>
  <ul>
    <li>Wind- und wasserdicht nach ISO-Norm</li>
    <li>CSC-zertifiziert für weltweiten Seetransport</li>
    <li>Stabile Stahlkonstruktion</li>
    <li>Sofort verfügbar - Kurze Lieferzeiten</li>
    <li>Flexible Zahlungsoptionen möglich</li>
  </ul>
  
  <h2>Technische Spezifikationen</h2>
  <table border=""0"" cellspacing=""0"" cellpadding=""5"">
    <tr>
      <td><strong>Material</strong></td>
      <td>Hochwertiger Stahl / Cortenstahl</td>
    </tr>
    <tr>
      <td><strong>Zustand</strong></td>
      <td>Neu oder Gebraucht</td>
    </tr>
    <tr>
      <td><strong>Zertifizierung</strong></td>
      <td>ISO 668, CSC-Plakette</td>
    </tr>
    <tr>
      <td><strong>Verfügbarkeit</strong></td>
      <td>Sofort lieferbar</td>
    </tr>
  </table>
  
  <h2>Beschreibung</h2>
  <p>Bei diesem 15 m² großen Saunacontainer handelt es sich um eine gebrauchsfertig gelieferte Einzellösung, die eine Trockensauna und einen Ruhebereich mit Dusche kombiniert. Sein schlichtes Industriedesign und die großen Eingangstüren machen es zu einer modernen und stilvollen Installation, perfekt für Außenbereiche, Gärten oder Wellnessbereiche. Hauptmerkmale: Abmessungen: Außen: Länge 6,1 m, Breite 2,5 m, Höhe 2,9 m Innenraum: Länge 5,7 m, Breite 2,1 m, Höhe 2,5 m Layout : Eine Trockensauna aus Fichtenholz, ideal für vollkommene Entspannung. Ein mit einer Dusche ausgestatteter Ruhebereich sorgt für optimale Entspannung nach dem Saunagang. Materialien und Isolierung: Isolierung: 6 cm PUR-Schaum, garantiert thermische Effizienz für den ganzjährigen Einsatz. Fenster: Doppelt verglastes PVC sorgt für gute Isolierung und natürliches Licht. Fassade und Dach: Außen lackiert, bietet dauerhaften Schutz vor Witterungseinflüssen. Heizung und Belüftung: Heizen/Kühlen: Luft-Luft-Wärmepumpe zur Aufrechterhaltung einer angenehmen Temperatur im Ruhebereich. Integrierter elektrischer Saunaofen für optimale Saunaheizung. Komplettes Belüftungssystem sorgt für eine gesunde und konstante Luftzirkulation. Ausstattung: Komplette Dusche: Duschwand und Duschwanne im Ruhebereich integriert. Innentüren aus gehärtetem Glas, die einen modernen und eleganten Touch verleihen. Einfache Installation und Mobilität: Die Sauna ist schlüsselfertig vorinstalliert und wird mit vollständig betriebsbereiten Elektro-, Wasser- und Abwasserinstallationen geliefert. Benötigt werden nur wenige Betonblöcke für das Fundament sowie Strom-, Wasser- und Abwasseranschlüsse. Dank seines Designs, das einem Schiffscontainer nachempfunden ist, lässt es sich leicht bewegen und überall dort installieren, wo Sie möchten. Im Preis inbegriffen : Komplettes Gebäude im „schlüsselfertigen“ Standard fertiggestellt. Innen- und Außenbeleuchtung. Komplette Strom-, Wasser- und Abwasserinstallationen. Integriertes Belüftungssystem. Innenwände: Forestia-Paneele. Bodenbelag: Vinylplatten, langlebig und pflegeleicht. Badezimmer: Duschwand und Duschwanne. Heizung: Luft-Luft-Wärmepumpe für den Ruhebereich. Elektrischer Saunaofen und komplette Saunaausstattung. Nicht im Preis inbegriffen: Transport und Montage. Fundamente (Betonblöcke sind bereitzustellen). Anschluss an Strom und Wasser (vor Ort erforderlich). Zusatzoptionen: Holzfassade für eine natürlichere und warmere Ästhetik. Jalousien für Fenster, mit denen Sie die Helligkeit steuern können. Dachterrasse, ideal zur Schaffung zusätzlicher Entspannungsräume. Holzofen als Alternative zum Elektroherd für die Sauna. Diese Containersauna ist eine schlüsselfertige Lösung für einen privaten oder gewerblichen Wellnessbereich und vereint Design, Komfort und Funktionalität. Es ist bei Lieferung betriebsbereit und kann mit einfachen Fundamenten schnell installiert werden.</p>
  
  <h2>Typische Anwendungsbereiche</h2>
  <ul>
    <li>Lagerung von Baumaterialien</li>
    <li>Warenlager für Handel</li>
    <li>Seefracht-Transport</li>
    <li>Mobile Werkstatt</li>
    <li>Zwischenlager bei Umzügen</li>
  </ul>
  
  <h2>Unsere Serviceleistungen</h2>
  <ul>
    <li>Kostenlose Lieferung (auf Anfrage)</li>
    <li>Professionelle Beratung</li>
    <li>Finanzierung möglich</li>
    <li>30 Tage Rückgabegarantie</li>
  </ul>
</div>",GSHandels,"Container","Container, GSHandels, Lagerung, Transport, Sauna",true,Title,Default Title,,,,,CDVCYCH,,shopify,10,deny,manual,8000.00,,true,true,,https://gshandels.com/wp-content/uploads/2026/03/52aa76_e1ac16e1eee14cbe8bded62ffd573010mv2-600x324-1.jpg,1,"Saunacontainer von 15 m² mit „schlüsselfertigem“ Ruhebereich",false,"Saunacontainer von 15 m² mit „schlüsselfertigem“ Ruhebereich | GSHandels - Professionelle Containerlösungen","Hochwertiger Saunacontainer von 15 m² mit „schlüsselfertigem“ Ruhebereich von GSHandels. Professionelle Containerlösungen für Lagerung, Transport und gewerbliche Nutzung. Jetzt unverbindlich anfragen!",594,active
cd3d43m,"Prächtiger Vitre 20 Behälter","<div class=""product-description"">
  <h1>Prächtiger Vitre 20 Behälter</h1>
  
  <h2>Produktvorteile</h2>
  <ul>
    <li>Wind- und wasserdicht nach ISO-Norm</li>
    <li>CSC-zertifiziert für weltweiten Seetransport</li>
    <li>Stabile Stahlkonstruktion</li>
    <li>Sofort verfügbar - Kurze Lieferzeiten</li>
    <li>Flexible Zahlungsoptionen möglich</li>
  </ul>
  
  <h2>Technische Spezifikationen</h2>
  <table border=""0"" cellspacing=""0"" cellpadding=""5"">
    <tr>
      <td><strong>Material</strong></td>
      <td>Hochwertiger Stahl / Cortenstahl</td>
    </tr>
    <tr>
      <td><strong>Zustand</strong></td>
      <td>Neu oder Gebraucht</td>
    </tr>
    <tr>
      <td><strong>Zertifizierung</strong></td>
      <td>ISO 668, CSC-Plakette</td>
    </tr>
    <tr>
      <td><strong>Verfügbarkeit</strong></td>
      <td>Sofort lieferbar</td>
    </tr>
  </table>
  
  <h2>Beschreibung</h2>
  <p>Erste Fahrt mit einem 20-Fuß-Container Konstruktion: geschweißter Stahl mit ISO-Ecken Trennwände: durch Verglasung ersetzt Das Dach: 2,00 mm starkes Profil 28 mm dicker Sperrholzboden Ausgestattet mit verzinkten Schließstangen Leicht mit Kran oder Gabelstapler zu transportieren Strom nach belgischen Standards CEE-Stecker Sicherungskasten 2 Steckdosen Lichtleiste mit 6 LED-Spots Außenmaße (LxBxH) 6058 x 2438 x 2591 mm Innenmaße (LxBxH) 5898 x 2350 x 2390 mm Türöffnung (LxH) 2340 x 2280 mm Gewicht Gewicht: 2500 kg Volume 33,13 m² Neu</p>
  
  <h2>Typische Anwendungsbereiche</h2>
  <ul>
    <li>Lagerung von Baumaterialien</li>
    <li>Warenlager für Handel</li>
    <li>Seefracht-Transport</li>
    <li>Mobile Werkstatt</li>
    <li>Zwischenlager bei Umzügen</li>
  </ul>
  
  <h2>Unsere Serviceleistungen</h2>
  <ul>
    <li>Kostenlose Lieferung (auf Anfrage)</li>
    <li>Professionelle Beratung</li>
    <li>Finanzierung möglich</li>
    <li>30 Tage Rückgabegarantie</li>
  </ul>
</div>",GSHandels,"Container","Container, GSHandels, Lagerung, Transport",true,Title,Default Title,,,,,CD3D43M,,shopify,10,deny,manual,5666.67,,true,true,,https://gshandels.com/wp-content/uploads/2026/03/3f9fb6_d9188181f96b4da8.jpg,1,"Prächtiger Vitre 20 Behälter",false,"Prächtiger Vitre 20 Behälter | GSHandels - Professionelle Containerlösungen","Hochwertiger Prächtiger Vitre 20 Behälter von GSHandels. Professionelle Containerlösungen für Lagerung, Transport und gewerbliche Nutzung. Jetzt unverbindlich anfragen!",594,active
cd5id5h,"Containerhaus Büro 6×3 Meter Modell Stockholm mit Sanitäranlagen und Küche","<div class=""product-description"">
  <h1>Containerhaus Büro 6×3 Meter Modell Stockholm mit Sanitäranlagen und Küche</h1>
  
  <h2>Produktvorteile</h2>
  <ul>
    <li>Wind- und wasserdicht nach ISO-Norm</li>
    <li>CSC-zertifiziert für weltweiten Seetransport</li>
    <li>Stabile Stahlkonstruktion</li>
    <li>Sofort verfügbar - Kurze Lieferzeiten</li>
    <li>Flexible Zahlungsoptionen möglich</li>
  </ul>
  
  <h2>Technische Spezifikationen</h2>
  <table border=""0"" cellspacing=""0"" cellpadding=""5"">
    <tr>
      <td><strong>Material</strong></td>
      <td>Hochwertiger Stahl / Cortenstahl</td>
    </tr>
    <tr>
      <td><strong>Zustand</strong></td>
      <td>Neu oder Gebraucht</td>
    </tr>
    <tr>
      <td><strong>Zertifizierung</strong></td>
      <td>ISO 668, CSC-Plakette</td>
    </tr>
    <tr>
      <td><strong>Verfügbarkeit</strong></td>
      <td>Sofort lieferbar</td>
    </tr>
  </table>
  
  <h2>Beschreibung</h2>
  <p>Der Modellcontainer Stockholm ist ein modularer Raum, der als Wohn-, Büro- oder Mehrzweckeinheit dienen kann. Mit seiner eleganten Verarbeitung und dem modernen Design bietet es einen funktionalen und komfortablen Raum, ideal für eine Vielzahl von Anwendungen, sei es zu Hause, im Garten oder für professionelle Zwecke. Sein praktisches Design, kombiniert mit sorgfältiger Ästhetik, macht es zu einer perfekten Lösung für alle, die zusätzlichen Wohn- oder Arbeitsraum suchen. Hauptmerkmale: Abmessungen und Platz: Außenmaße: 600 x 300 cm Innenhöhe: 230/238 cm Die Innenfläche ist für eine komfortable Nutzung optimiert und ermöglicht eine einfache Zirkulation. Ästhetik und Verarbeitung: Außen: Anthrazitfarbe (RAL 7016), für ein elegantes und modernes Erscheinungsbild. Innen: Reinweiß (RAL 9010), wodurch eine helle und einladende Atmosphäre entsteht. Bodenbelag: Vinyl-Finish in Eichenoptik, das einen Hauch von Wärme und Eleganz verleiht. Isolierung und thermischer Komfort: Isolierung von Wänden, Dach und Boden: 100 mm EPS (expandiertes Polystyrol) garantiert eine hervorragende Wärmedämmung für optimalen Komfort zu jeder Jahreszeit. Fenster: Große Glasscheiben sorgen für reichlich natürliches Licht. Strom und Beleuchtung: Strom: 230-V-Installation mit 16 A, 3-poliger Steckdose, sorgt für eine zuverlässige Stromversorgung verschiedener Geräte. LED-Beleuchtung: Zwei installierte LED-Leuchten sorgen für eine effiziente, energiesparende Beleuchtung. Genommen: Doppelsteckdose (2 Stück) Externe Zählersteckdose (230V) Schalter (1 Stück) Sicherungskasten (1 Stück) für elektrische Sicherheit Fenster und Türen: Windows: Dreh-Kipp-Fenster (RAL 7016) an der kurzen Seite, Maße 800 x 1100 mm (1 Stück). Zwei vollständig versiegelte Glasfenster mit den Maßen 900 x 1900 mm. Tür: Vollisolierte Stahltür, Maße 1080 x 2100 mm, für erhöhte Sicherheit und effektive Isolierung. Ergänzungen: Zusätzliche integrierte Optionen: Integrierte Sanitäranlagen und Küche (je nach Bedarf ausgestattet). Vinylboden in Eichenoptik. LED-Beleuchtung für angenehme Atmosphäre und effiziente Beleuchtung. Vorteile: Vielseitigkeit: Konzipiert für verschiedene Nutzungen, ob als Büro, temporärer Wohnraum oder Freizeitraum. Perfekt für Privatpersonen und Unternehmen, die modularen Raum suchen. Zeitgenössisches Design: Die Holzoptik der Außenpaneele sorgt für ein modernes Aussehen, das sich harmonisch in verschiedene Umgebungen einfügt, egal ob es sich um einen Wohngarten, ein landwirtschaftliches Gelände oder eine gewerbliche Umgebung handelt. Einfache Lieferung und Installation: Dank seines modularen Aufbaus kann dieses Gerät schnell geliefert und installiert werden. Der Stockholm-Container ist eine schlüsselfertige Lösung für alle, die eine vielseitige und stilvolle Einheit mit allen notwendigen Einrichtungen für den täglichen Gebrauch suchen.</p>
  
  <h2>Typische Anwendungsbereiche</h2>
  <ul>
    <li>Lagerung von Baumaterialien</li>
    <li>Warenlager für Handel</li>
    <li>Seefracht-Transport</li>
    <li>Mobile Werkstatt</li>
    <li>Zwischenlager bei Umzügen</li>
  </ul>
  
  <h2>Unsere Serviceleistungen</h2>
  <ul>
    <li>Kostenlose Lieferung (auf Anfrage)</li>
    <li>Professionelle Beratung</li>
    <li>Finanzierung möglich</li>
    <li>30 Tage Rückgabegarantie</li>
  </ul>
</div>",GSHandels,"Container","Container, GSHandels, Lagerung, Transport, Bürocontainer, Sanitärcontainer",true,Title,Default Title,,,,,CD5ID5H,,shopify,10,deny,manual,6333.33,,true,true,,https://gshandels.com/wp-content/uploads/2026/03/52aa76_24f983513dc54-1-600x517-1.jpg,1,"Containerhaus Büro 6×3 Meter Modell Stockholm mit Sanitäranlagen und Küche",false,"Containerhaus Büro 6×3 Meter Modell Stockholm mit Sanitäranlagen und Küche | GSHandels - Professionelle Containerlösungen","Hochwertiger Containerhaus Büro 6×3 Meter Modell Stockholm mit Sanitäranlagen und Küche von GSHandels. Professionelle Containerlösungen für Lagerung, Transport und gewerbliche Nutzung. Jetzt unverbindlich anfragen!",594,active
cdz2gd9,"20-Fuß-Verkaufsstand für Versandcontainer mit Rolltor IICL6","<div class=""product-description"">
  <h1>20-Fuß-Verkaufsstand für Versandcontainer mit Rolltor IICL6</h1>
  
  <h2>Produktvorteile</h2>
  <ul>
    <li>Wind- und wasserdicht nach ISO-Norm</li>
    <li>CSC-zertifiziert für weltweiten Seetransport</li>
    <li>Stabile Stahlkonstruktion</li>
    <li>Sofort verfügbar - Kurze Lieferzeiten</li>
    <li>Flexible Zahlungsoptionen möglich</li>
  </ul>
  
  <h2>Technische Spezifikationen</h2>
  <table border=""0"" cellspacing=""0"" cellpadding=""5"">
    <tr>
      <td><strong>Material</strong></td>
      <td>Hochwertiger Stahl / Cortenstahl</td>
    </tr>
    <tr>
      <td><strong>Zustand</strong></td>
      <td>Neu oder Gebraucht</td>
    </tr>
    <tr>
      <td><strong>Zertifizierung</strong></td>
      <td>ISO 668, CSC-Plakette</td>
    </tr>
    <tr>
      <td><strong>Verfügbarkeit</strong></td>
      <td>Sofort lieferbar</td>
    </tr>
  </table>
  
  <h2>Beschreibung</h2>
  <p>Der 20‘-Transportcontainer ist mit Standardabmessungen ausgestattet, was seine Vielseitigkeit und Kompatibilität mit verschiedenen Gebrauchsanweisungen gewährleistet: Länge: ca. 6,06 m Breite: ca. 2,44 m Höhe: ca. 2,59 m Belastbarkeit: Entspricht den IICL6-Standards Volumen: ca. 33,2 m³ Verwendungsmöglichkeiten und Vorteile Dieser Behälter kann für verschiedene professionelle Anwendungen angepasst werden, darunter: Verkaufsstand: Eine ideale Lösung für Unternehmer, die eine mobile, zugängliche und funktionale Verkaufsfläche benötigen. Gewerbeflächen: Perfekt für temporäre oder dauerhafte gewerbliche Aktivitäten. Lagerraum: Eine zuverlässige Möglichkeit zur Lagerung von Waren oder Geräten. Der 20 Fuß große IICL6-Transportcontainer in der Farbe RAL 7016 stellt eine flexible und langlebige Lösung für Ihre Geschäftsanforderungen dar. Dank seiner hohen Qualität und Individualisierungsmöglichkeiten kann es so gestaltet werden, dass die Effizienz und Attraktivität Ihres Geschäftsbetriebs gesteigert wird. Für weitere Informationen oder um herauszufinden, wie dieser Container in Ihr Projekt passen kann, zögern Sie nicht, uns zu kontaktieren.</p>
  
  <h2>Typische Anwendungsbereiche</h2>
  <ul>
    <li>Lagerung von Baumaterialien</li>
    <li>Warenlager für Handel</li>
    <li>Seefracht-Transport</li>
    <li>Mobile Werkstatt</li>
    <li>Zwischenlager bei Umzügen</li>
  </ul>
  
  <h2>Unsere Serviceleistungen</h2>
  <ul>
    <li>Kostenlose Lieferung (auf Anfrage)</li>
    <li>Professionelle Beratung</li>
    <li>Finanzierung möglich</li>
    <li>30 Tage Rückgabegarantie</li>
  </ul>
</div>",GSHandels,"Container","Container, GSHandels, Lagerung, Transport, 20 Fuß",true,Title,Default Title,,,,,CDZ2GD9,,shopify,10,deny,manual,1733.33,,true,true,,https://gshandels.com/wp-content/uploads/2026/03/76ae60_eb24bb5b9cc24b8380baff7-600x416-1.jpg,1,"20-Fuß-Verkaufsstand für Versandcontainer mit Rolltor IICL6",false,"20-Fuß-Verkaufsstand für Versandcontainer mit Rolltor IICL6 | GSHandels - Professionelle Containerlösungen","Hochwertiger 20-Fuß-Verkaufsstand für Versandcontainer mit Rolltor IICL6 von GSHandels. Professionelle Containerlösungen für Lagerung, Transport und gewerbliche Nutzung. Jetzt unverbindlich anfragen!",594,active
cduxam2,"40-Zoll-Hauscontainer Mowowa-Modell","<div class=""product-description"">
  <h1>40-Zoll-Hauscontainer Mowowa-Modell</h1>
  
  <h2>Produktvorteile</h2>
  <ul>
    <li>Wind- und wasserdicht nach ISO-Norm</li>
    <li>CSC-zertifiziert für weltweiten Seetransport</li>
    <li>Stabile Stahlkonstruktion</li>
    <li>Sofort verfügbar - Kurze Lieferzeiten</li>
    <li>Flexible Zahlungsoptionen möglich</li>
  </ul>
  
  <h2>Technische Spezifikationen</h2>
  <table border=""0"" cellspacing=""0"" cellpadding=""5"">
    <tr>
      <td><strong>Material</strong></td>
      <td>Hochwertiger Stahl / Cortenstahl</td>
    </tr>
    <tr>
      <td><strong>Zustand</strong></td>
      <td>Neu oder Gebraucht</td>
    </tr>
    <tr>
      <td><strong>Zertifizierung</strong></td>
      <td>ISO 668, CSC-Plakette</td>
    </tr>
    <tr>
      <td><strong>Verfügbarkeit</strong></td>
      <td>Sofort lieferbar</td>
    </tr>
  </table>
  
  <h2>Beschreibung</h2>
  <p>40-Zoll-Hauscontainer Mowowa-Modell Dieses Containerhaus in moderner Architektur hinterlässt mit seinen klaren Linien, der hochwertigen Verarbeitung und der einfachen Wartung mit Sicherheit einen bleibenden Eindruck. Dies könnte der perfekte Zufluchtsort und, wenn Sie ihn nicht nutzen, eine Airbnb-Vermietung sein. Dieses kreative Design wurde mit einer hochwertigen Stahlfassade gebaut, die den Elementen standhält und gleichzeitig ihr umweltfreundliches Aussehen beibehält, sodass Sie mehr Zeit haben, Vermont zu erleben. Wenn Sie das Haus betreten, werden Sie ein Gefühl der Ruhe spüren, denn das Innere ist hell, einladend und sehr gut ausgestattet. Ein einfacher und gehobener Lebensstil erwartet Sie. Das Leben muss nicht kompliziert sein, man muss es nur vereinfachen, und diese Immobilie ist ein großartiger erster Schritt in Richtung dieses Ziels. Haupteigenschaften innen Schlafzimmer und Badezimmer Zimmer: 1 Salles de Bain : 1 3/4 Badezimmer: 1 Sonne Bodenbelag: Vinyldiele Heizung Heizeigenschaften: Wärmepumpe, Elektro Kühlung Kühlfunktionen: Mini-Split Kleidung électroménagers Inklusive Geräte: Elektrokochfeld, Kühlschrank Ausstattung der Waschküche: Wäscheanschlüsse Innenausstattung Küche/Wohnzimmer, Wohnzimmer/Esszimmer Möbliert: Ja Gesamtfläche der Struktur: 320 Gesamtwohnfläche: 320 ft² Fertige Fläche über dem Boden: 320 Immobilien Ebenen: Eins Geschichten: 1 Details zur Terrasse und Veranda: Terrasse Siehe Beschreibung: Berg(e) Vorderlänge: Vorderfassade: 341 Aufbau Haustyp: Einfamilienhaus Baustil: Moderne Architektur Immobilienuntertyp: Einfamilienhaus Hardwareinformationen Baumaterialien: Andere, Modular, Siehe Anmerkungen Fundament: Platte – Beton Dach: Sonstiges Anforderungen Neubau: Neu Elektrische Informationen: Leistungsschalter Kanalinformationen: Klärgrube Wasserinformationen: Bohrbrunnen</p>
  
  <h2>Typische Anwendungsbereiche</h2>
  <ul>
    <li>Lagerung von Baumaterialien</li>
    <li>Warenlager für Handel</li>
    <li>Seefracht-Transport</li>
    <li>Mobile Werkstatt</li>
    <li>Zwischenlager bei Umzügen</li>
  </ul>
  
  <h2>Unsere Serviceleistungen</h2>
  <ul>
    <li>Kostenlose Lieferung (auf Anfrage)</li>
    <li>Professionelle Beratung</li>
    <li>Finanzierung möglich</li>
    <li>30 Tage Rückgabegarantie</li>
  </ul>
</div>",GSHandels,"Container","Container, GSHandels, Lagerung, Transport",true,Title,Default Title,,,,,CDUXAM2,,shopify,10,deny,manual,12333.33,,true,true,,https://gshandels.com/wp-content/uploads/2026/03/9ac816_872e786843d544bd92d7f1a123632818_mv2-2-600x439-1.webp,1,"40-Zoll-Hauscontainer Mowowa-Modell",false,"40-Zoll-Hauscontainer Mowowa-Modell | GSHandels - Professionelle Containerlösungen","Hochwertiger 40-Zoll-Hauscontainer Mowowa-Modell von GSHandels. Professionelle Containerlösungen für Lagerung, Transport und gewerbliche Nutzung. Jetzt unverbindlich anfragen!",594,active
cdaog4g,"Schwarzer 2-Kammer-Hauscontainer","<div class=""product-description"">
  <h1>Schwarzer 2-Kammer-Hauscontainer</h1>
  
  <h2>Produktvorteile</h2>
  <ul>
    <li>Wind- und wasserdicht nach ISO-Norm</li>
    <li>CSC-zertifiziert für weltweiten Seetransport</li>
    <li>Stabile Stahlkonstruktion</li>
    <li>Sofort verfügbar - Kurze Lieferzeiten</li>
    <li>Flexible Zahlungsoptionen möglich</li>
  </ul>
  
  <h2>Technische Spezifikationen</h2>
  <table border=""0"" cellspacing=""0"" cellpadding=""5"">
    <tr>
      <td><strong>Material</strong></td>
      <td>Hochwertiger Stahl / Cortenstahl</td>
    </tr>
    <tr>
      <td><strong>Zustand</strong></td>
      <td>Neu oder Gebraucht</td>
    </tr>
    <tr>
      <td><strong>Zertifizierung</strong></td>
      <td>ISO 668, CSC-Plakette</td>
    </tr>
    <tr>
      <td><strong>Verfügbarkeit</strong></td>
      <td>Sofort lieferbar</td>
    </tr>
  </table>
  
  <h2>Beschreibung</h2>
  <p>✓ Kostenlose Lieferung ✓ Hohe Qualität, angemessener Preis ✓ Persönlicher Service per Chat, Telefon und E-Mail ✓ 30 Tage Rückgabegarantie</p>
  
  <h2>Typische Anwendungsbereiche</h2>
  <ul>
    <li>Lagerung von Baumaterialien</li>
    <li>Warenlager für Handel</li>
    <li>Seefracht-Transport</li>
    <li>Mobile Werkstatt</li>
    <li>Zwischenlager bei Umzügen</li>
  </ul>
  
  <h2>Unsere Serviceleistungen</h2>
  <ul>
    <li>Kostenlose Lieferung (auf Anfrage)</li>
    <li>Professionelle Beratung</li>
    <li>Finanzierung möglich</li>
    <li>30 Tage Rückgabegarantie</li>
  </ul>
</div>",GSHandels,"Container","Container, GSHandels, Lagerung, Transport",true,Title,Default Title,,,,,CDAOG4G,,shopify,10,deny,manual,4700.00,,true,true,,https://gshandels.com/wp-content/uploads/2026/03/9ac816_ea253b6366e3496ebc02995ceadbccb1mv2-600x450-1.webp,1,"Schwarzer 2-Kammer-Hauscontainer",false,"Schwarzer 2-Kammer-Hauscontainer | GSHandels - Professionelle Containerlösungen","Hochwertiger Schwarzer 2-Kammer-Hauscontainer von GSHandels. Professionelle Containerlösungen für Lagerung, Transport und gewerbliche Nutzung. Jetzt unverbindlich anfragen!",594,active
cd32mhk,"Containerhaus mit 2 Schlafzimmern","<div class=""product-description"">
  <h1>Containerhaus mit 2 Schlafzimmern</h1>
  
  <h2>Produktvorteile</h2>
  <ul>
    <li>Wind- und wasserdicht nach ISO-Norm</li>
    <li>CSC-zertifiziert für weltweiten Seetransport</li>
    <li>Stabile Stahlkonstruktion</li>
    <li>Sofort verfügbar - Kurze Lieferzeiten</li>
    <li>Flexible Zahlungsoptionen möglich</li>
  </ul>
  
  <h2>Technische Spezifikationen</h2>
  <table border=""0"" cellspacing=""0"" cellpadding=""5"">
    <tr>
      <td><strong>Material</strong></td>
      <td>Hochwertiger Stahl / Cortenstahl</td>
    </tr>
    <tr>
      <td><strong>Zustand</strong></td>
      <td>Neu oder Gebraucht</td>
    </tr>
    <tr>
      <td><strong>Zertifizierung</strong></td>
      <td>ISO 668, CSC-Plakette</td>
    </tr>
    <tr>
      <td><strong>Verfügbarkeit</strong></td>
      <td>Sofort lieferbar</td>
    </tr>
  </table>
  
  <h2>Beschreibung</h2>
  <p>✓ Kostenlose Lieferung ✓ Hohe Qualität, angemessener Preis ✓ Persönlicher Service per Chat, Telefon und E-Mail ✓ 30 Tage Rückgabegarantie</p>
  
  <h2>Typische Anwendungsbereiche</h2>
  <ul>
    <li>Lagerung von Baumaterialien</li>
    <li>Warenlager für Handel</li>
    <li>Seefracht-Transport</li>
    <li>Mobile Werkstatt</li>
    <li>Zwischenlager bei Umzügen</li>
  </ul>
  
  <h2>Unsere Serviceleistungen</h2>
  <ul>
    <li>Kostenlose Lieferung (auf Anfrage)</li>
    <li>Professionelle Beratung</li>
    <li>Finanzierung möglich</li>
    <li>30 Tage Rückgabegarantie</li>
  </ul>
</div>",GSHandels,"Container","Container, GSHandels, Lagerung, Transport",true,Title,Default Title,,,,,CD32MHK,,shopify,10,deny,manual,6766.67,,true,true,,https://gshandels.com/wp-content/uploads/2026/03/9ac816_3914868a857640d999b0bd3d633ef2bfmv2-600x450-1.webp,1,"Containerhaus mit 2 Schlafzimmern",false,"Containerhaus mit 2 Schlafzimmern | GSHandels - Professionelle Containerlösungen","Hochwertiger Containerhaus mit 2 Schlafzimmern von GSHandels. Professionelle Containerlösungen für Lagerung, Transport und gewerbliche Nutzung. Jetzt unverbindlich anfragen!",594,active
cd6q3nj,"Bewohnbarer Container","<div class=""product-description"">
  <h1>Bewohnbarer Container</h1>
  
  <h2>Produktvorteile</h2>
  <ul>
    <li>Wind- und wasserdicht nach ISO-Norm</li>
    <li>CSC-zertifiziert für weltweiten Seetransport</li>
    <li>Stabile Stahlkonstruktion</li>
    <li>Sofort verfügbar - Kurze Lieferzeiten</li>
    <li>Flexible Zahlungsoptionen möglich</li>
  </ul>
  
  <h2>Technische Spezifikationen</h2>
  <table border=""0"" cellspacing=""0"" cellpadding=""5"">
    <tr>
      <td><strong>Material</strong></td>
      <td>Hochwertiger Stahl / Cortenstahl</td>
    </tr>
    <tr>
      <td><strong>Zustand</strong></td>
      <td>Neu oder Gebraucht</td>
    </tr>
    <tr>
      <td><strong>Zertifizierung</strong></td>
      <td>ISO 668, CSC-Plakette</td>
    </tr>
    <tr>
      <td><strong>Verfügbarkeit</strong></td>
      <td>Sofort lieferbar</td>
    </tr>
  </table>
  
  <h2>Beschreibung</h2>
  <p>Wohncontainer T1 MOBIL – Gewicht ca. 1800 kg, aus Polystyrolplatten, hervorragende Isolierung im Sommer und Winter, Schlafzimmer Wandisolierung – Steinwolle (10 cm) Abmessungen: 16,8 m² Länge: 6,0 Breite: 2,8 m Höhe: 2,6 m</p>
  
  <h2>Typische Anwendungsbereiche</h2>
  <ul>
    <li>Lagerung von Baumaterialien</li>
    <li>Warenlager für Handel</li>
    <li>Seefracht-Transport</li>
    <li>Mobile Werkstatt</li>
    <li>Zwischenlager bei Umzügen</li>
  </ul>
  
  <h2>Unsere Serviceleistungen</h2>
  <ul>
    <li>Kostenlose Lieferung (auf Anfrage)</li>
    <li>Professionelle Beratung</li>
    <li>Finanzierung möglich</li>
    <li>30 Tage Rückgabegarantie</li>
  </ul>
</div>",GSHandels,"Container","Container, GSHandels, Lagerung, Transport, Wohncontainer, Barcontainer",true,Title,Default Title,,,,,CD6Q3NJ,,shopify,10,deny,manual,3056.67,,true,true,,https://gshandels.com/wp-content/uploads/2026/03/9ac816_c98f0f9cb0c94ab38558e2b6b3b82ba4mv2.webp,1,"Bewohnbarer Container",false,"Bewohnbarer Container | GSHandels - Professionelle Containerlösungen","Hochwertiger Bewohnbarer Container von GSHandels. Professionelle Containerlösungen für Lagerung, Transport und gewerbliche Nutzung. Jetzt unverbindlich anfragen!",594,active
cd98j67,"XXL-Reifenlagerbehälter H 2445 x B 4100 x T 6300 mm Einflügelige Tür an der Vorderseite","<div class=""product-description"">
  <h1>XXL-Reifenlagerbehälter H 2445 x B 4100 x T 6300 mm Einflügelige Tür an der Vorderseite</h1>
  
  <h2>Produktvorteile</h2>
  <ul>
    <li>Wind- und wasserdicht nach ISO-Norm</li>
    <li>CSC-zertifiziert für weltweiten Seetransport</li>
    <li>Stabile Stahlkonstruktion</li>
    <li>Sofort verfügbar - Kurze Lieferzeiten</li>
    <li>Flexible Zahlungsoptionen möglich</li>
  </ul>
  
  <h2>Technische Spezifikationen</h2>
  <table border=""0"" cellspacing=""0"" cellpadding=""5"">
    <tr>
      <td><strong>Material</strong></td>
      <td>Hochwertiger Stahl / Cortenstahl</td>
    </tr>
    <tr>
      <td><strong>Zustand</strong></td>
      <td>Neu oder Gebraucht</td>
    </tr>
    <tr>
      <td><strong>Zertifizierung</strong></td>
      <td>ISO 668, CSC-Plakette</td>
    </tr>
    <tr>
      <td><strong>Verfügbarkeit</strong></td>
      <td>Sofort lieferbar</td>
    </tr>
  </table>
  
  <h2>Beschreibung</h2>
  <p>technische Daten Variation: Einflügelige Haustür Version: mit Boden Höhe in mm: 2445 Breite in mm: 4100 Tiefe in mm: 6300 Material: Stahl Oberfläche: verzinkt Innenbreite in mm: 3975 Innenhöhe in mm: 2280 Innentiefe in mm: 6175 Reifencontainer XXL Reifenaufbewahrungscontainer | H 2445 x B 4100 x T 6300 mm | Eingangstür mit 1 Flügel -XXL-Reifenbehälter Beschreibung: Mit seinen Maßen H 2445 x B 4100 x T 6300 mm bietet der XXL-Reifencontainer auf einer Fläche von ca. 26 m² viel Platz für die Unterbringung von Kundenfahrrädern. Seine hohe Stabilität und Langlebigkeit verdankt der Behälter einer einzigartigen Spitzentechnologie: Die Komponenten sind so miteinander verbunden, dass die schützende Zinkschicht nicht beschädigt wird. Sie profitieren von einer 10-jährigen Korrosionsschutzgarantie! Der Reifencontainer ist mit einer einflügeligen Tür L 1150 x H 2235 mm und einem OSB-Holzboden ausgestattet. Der Boden kann eine maximale Belastung von 500 kg/m² tragen. Die Abstandshalter am Boden des Behälters sorgen für eine ausreichende Belüftung des Bodens. Der Container hat eine Schneelastbeständigkeit von bis zu 200 kg/m². Als zusätzlicher Schutz vor Diebstahl und Kollisionen sind am Container Schutzecken angebracht. Der Reifencontainer wird zerlegt in einem einfach zu montierenden Bausatz geliefert. Der Aufbau des Lagercontainers ist denkbar einfach: Die vorgefertigten Boden-, Wand- und Dachplatten werden ohne Werkzeug ineinander gesteckt. Bestellen Sie am besten gleich die entsprechenden Reifenträger (siehe Zubehör). Hier finden bis zu 288 Fahrräder Platz. Entdecken Sie weitere Ausstattungsmöglichkeiten für Ihren Reifencontainer: Unter dem Dach ist eine Antikondensbeschichtung angebracht, die das Lagergut vor Wassertropfen schützt. Der Container wird standardmäßig verzinkt geliefert. Es besteht die Möglichkeit, den Reifencontainer in Ihren Firmenfarben lackieren zu lassen und die Außenseite nach der RAL-Farbkarte zu lackieren. Sie können die Reifen über eine Rampe transportieren, z.B. B. mit Reifenkarren, einfacher im Container. Für zusätzliche Sicherheit sorgen Diebstahlsicherungen als nachrüstbarer Sicherheitsbügel oder VdS-anerkannte Sicherheitsschlösser. Allgemeine Informationen: Alle Lastangaben gelten für eine gleichmäßig verteilte Last. Lieferhinweise: Die Lieferung erfolgt zerlegt mit ausführlicher Aufbauanleitung. Die für den Behälter angegebene Lieferzeit gilt für die Standardausführung und kann je nach Bestelllage des Herstellers variieren. Bei abweichenden Lieferzeiten informieren wir Sie rechtzeitig. Bei der Bestellung von Zubehör (Außenfarbe, Antikondensbeschichtung etc.) kann sich die Lieferzeit verlängern. Wichtig! Der Container wird vom Kunden entladen und ist nicht Bestandteil der Lieferung. Zum Entladen ist ein Gabelstapler mit einer Zinkenlänge von mindestens 2,2 m und einer Tragfähigkeit von 2 t erforderlich. Wenn Sie nicht über einen solchen Gabelstapler verfügen, können Sie ggf. die Entladung durch den Spediteur als Zusatzleistung in Auftrag geben (siehe Entladezubehör für Gabelstapler). Die Breite des Zugangswegs zum Abladen der Ladung muss mindestens 6,50 m betragen. Der Wenderadius und die Befahrbarkeit der Strecke müssen vor Ort gewährleistet sein! Das Paket kann nur in Querrichtung (2 m Seite) transportiert werden! Variante: Einflügelige Tür auf der Vorderseite Ausführung: mit Boden Höhe in mm: 2445 Breite in mm: 4100 Tiefe in mm: 6300 Material: Stahl Oberfläche: verzinkt Innenbreite in mm: 3975 Innenhöhe in mm: 2280 Innentiefe in mm: 6175</p>
  
  <h2>Typische Anwendungsbereiche</h2>
  <ul>
    <li>Lagerung von Baumaterialien</li>
    <li>Warenlager für Handel</li>
    <li>Seefracht-Transport</li>
    <li>Mobile Werkstatt</li>
    <li>Zwischenlager bei Umzügen</li>
  </ul>
  
  <h2>Unsere Serviceleistungen</h2>
  <ul>
    <li>Kostenlose Lieferung (auf Anfrage)</li>
    <li>Professionelle Beratung</li>
    <li>Finanzierung möglich</li>
    <li>30 Tage Rückgabegarantie</li>
  </ul>
</div>",GSHandels,"Container","Container, GSHandels, Lagerung, Transport",true,Title,Default Title,,,,,CD98J67,,shopify,10,deny,manual,2866.67,,true,true,,https://gshandels.com/wp-content/uploads/2026/03/Expediscontainer_XXL_01-1-600x600-1.jpg,1,"XXL-Reifenlagerbehälter H 2445 x B 4100 x T 6300 mm Einflügelige Tür an der Vorderseite",false,"XXL-Reifenlagerbehälter H 2445 x B 4100 x T 6300 mm Einflügelige Tür an der Vorderseite | GSHandels - Professionelle Containerlösungen","Hochwertiger XXL-Reifenlagerbehälter H 2445 x B 4100 x T 6300 mm Einflügelige Tür an der Vorderseite von GSHandels. Professionelle Containerlösungen für Lagerung, Transport und gewerbliche Nutzung. Jetzt unverbindlich anfragen!",594,active
cd1na69,"Wohncontainer mit Küchenzeile","<div class=""product-description"">
  <h1>Wohncontainer mit Küchenzeile</h1>
  
  <h2>Produktvorteile</h2>
  <ul>
    <li>Wind- und wasserdicht nach ISO-Norm</li>
    <li>CSC-zertifiziert für weltweiten Seetransport</li>
    <li>Stabile Stahlkonstruktion</li>
    <li>Sofort verfügbar - Kurze Lieferzeiten</li>
    <li>Flexible Zahlungsoptionen möglich</li>
  </ul>
  
  <h2>Technische Spezifikationen</h2>
  <table border=""0"" cellspacing=""0"" cellpadding=""5"">
    <tr>
      <td><strong>Material</strong></td>
      <td>Hochwertiger Stahl / Cortenstahl</td>
    </tr>
    <tr>
      <td><strong>Zustand</strong></td>
      <td>Neu oder Gebraucht</td>
    </tr>
    <tr>
      <td><strong>Zertifizierung</strong></td>
      <td>ISO 668, CSC-Plakette</td>
    </tr>
    <tr>
      <td><strong>Verfügbarkeit</strong></td>
      <td>Sofort lieferbar</td>
    </tr>
  </table>
  
  <h2>Beschreibung</h2>
  <p>Beschreibungstechnik Rahmen: Professionell geschweißte Stahlkonstruktion, bestehend aus Hohl- und Walzprofilen (Stärke 3 mm S235), selbsttragend, grundiert und lackiert auf Polyurethanbasis im Farbton RAL 7016 oder nach Kundenwunsch; 8-teilige Containerecken. Bodenstruktur: Blindboden: 14 mm T0,5-Trapezblech, mit den Bodenstegen vernietet Isolierung: 100 mm Mineralwolle, 0,2 mm Dampfsperrfolie Grundplatte: OSB-Platten, verschraubt mit profilierten Stahlträgern Bodenbelag: 2 mm PVC mit vollflächig verklebter Sockelleiste, marmoriertes graues Farbmuster. Zulässige Bodenlast: 3,8 kn/m Wandaufbau: Profilblech: 8 mm T0,5-Trapezblech in RAL 7016 (Anthrazit) – andere Farben nach Kundenwunsch gegen Aufpreis. Isolierung: Mineralwolle 50 mm, je nach Kundenwunsch bis 100 mm Innenverkleidung: 16 mm Laminatplatte, weiß. Dampfsperre: 0,2 mm – Membran Dachkonstruktion: Profilblech: Trapezblech 0,7 mm T35 Isolierung: 100 mm Mineralwolle Innenverkleidung: 16 mm Laminatplatte, weiß. Dampfsperre: 0,2 mm – Membran Wasserablauf: Wasserablauf durch PVC-Rohre in den Ecken des Behälters Fenster: 1 Stück Kunststofffenster 2m x 1,2m mit Isolierverglasung, Dreh-Kipp-Beschlag und Kunststoff-Rollläden Anschlüsse: Außentür: Hörmann Einflügeltür ZKI60, RAL7016 Abmessungen 900 x 1 mm, Badezimmer: Warmwasserboiler, WC, Dusche und Waschbecken Elektroinstallation: VDE DE Elektronorm CEE 380V/32A/5-polige Außensteckdosen. Beleuchtung – 2 x 50W LED-Lampen, steuerbar über Ein-/Ausschalter, Steckdosen, Schaltschrank mit entsprechender Anzahl Sicherungen und FI-Schutzschalter. Die Elektroinstallation ist versenkt. Wir können kurzfristig weitere Fenster einbauen. Gerne fertigen wir sie auch nach Ihren Vorgaben in anderen Abmessungen und Farben oder mit Toiletten oder anderen Einrichtungen. Wohncontainer, WC und Dusche 6,00 x 2,43m</p>
  
  <h2>Typische Anwendungsbereiche</h2>
  <ul>
    <li>Lagerung von Baumaterialien</li>
    <li>Warenlager für Handel</li>
    <li>Seefracht-Transport</li>
    <li>Mobile Werkstatt</li>
    <li>Zwischenlager bei Umzügen</li>
  </ul>
  
  <h2>Unsere Serviceleistungen</h2>
  <ul>
    <li>Kostenlose Lieferung (auf Anfrage)</li>
    <li>Professionelle Beratung</li>
    <li>Finanzierung möglich</li>
    <li>30 Tage Rückgabegarantie</li>
  </ul>
</div>",GSHandels,"Container","Container, GSHandels, Lagerung, Transport, Wohncontainer",true,Title,Default Title,,,,,CD1NA69,,shopify,10,deny,manual,6333.33,,true,true,,https://gshandels.com/wp-content/uploads/2026/03/IMG_0798646680-1-600x450-1.jpg,1,"Wohncontainer mit Küchenzeile",false,"Wohncontainer mit Küchenzeile | GSHandels - Professionelle Containerlösungen","Hochwertiger Wohncontainer mit Küchenzeile von GSHandels. Professionelle Containerlösungen für Lagerung, Transport und gewerbliche Nutzung. Jetzt unverbindlich anfragen!",594,active
cdf1o15,"10 Fuß großer Bürocontainer","<div class=""product-description"">
  <h1>10 Fuß großer Bürocontainer</h1>
  
  <h2>Produktvorteile</h2>
  <ul>
    <li>Wind- und wasserdicht nach ISO-Norm</li>
    <li>CSC-zertifiziert für weltweiten Seetransport</li>
    <li>Stabile Stahlkonstruktion</li>
    <li>Sofort verfügbar - Kurze Lieferzeiten</li>
    <li>Flexible Zahlungsoptionen möglich</li>
  </ul>
  
  <h2>Technische Spezifikationen</h2>
  <table border=""0"" cellspacing=""0"" cellpadding=""5"">
    <tr>
      <td><strong>Material</strong></td>
      <td>Hochwertiger Stahl / Cortenstahl</td>
    </tr>
    <tr>
      <td><strong>Zustand</strong></td>
      <td>Neu oder Gebraucht</td>
    </tr>
    <tr>
      <td><strong>Zertifizierung</strong></td>
      <td>ISO 668, CSC-Plakette</td>
    </tr>
    <tr>
      <td><strong>Verfügbarkeit</strong></td>
      <td>Sofort lieferbar</td>
    </tr>
  </table>
  
  <h2>Beschreibung</h2>
  <p>TECHNISCHE MERKMALE Massiver Stahlrahmen mit Containerecken und Gabeltaschen Außenwände: 0,63 mm Stahl Standard-Wanddämmung aus Glaswolle A1 – 60 mm 22 mm Holzzementboden mit PVC-Beschichtung Mit 1 x PVC-Fenster (Kipp-Dreh-Fenster) und Rollladen Außentür aus verzinktem Blech mit Isolierung Elektroinstallation (nach CEE-Standards) 1 Doppel-Neonlichtleiste mit Schutzwanne (2x36W) 2 kW elektrischer Konvektor Andere Isolierungen und Zusatzausrüstung möglich Außenmaße (LxBxH) 2989 x 2435 x 2591 mm Innenmaße (LxBxH) 2795 x 2240 x 2340 mm Gewicht ab 1290 kg Auch mit einer Außenhöhe von 2800 mm erhältlich (Innenhöhe = 2540 mm) Bei optimaler Lackierung sind unsere Standardfarben: Möglichkeit der Farbauswahl NEUER 10-FUSS-BÜROCONTAINER (Andere Farben auf Anfrage erhältlich) Lieferzeit: 7-10 Tage Die Preise verstehen sich inklusive Transport (ohne Entladen)</p>
  
  <h2>Typische Anwendungsbereiche</h2>
  <ul>
    <li>Lagerung von Baumaterialien</li>
    <li>Warenlager für Handel</li>
    <li>Seefracht-Transport</li>
    <li>Mobile Werkstatt</li>
    <li>Zwischenlager bei Umzügen</li>
  </ul>
  
  <h2>Unsere Serviceleistungen</h2>
  <ul>
    <li>Kostenlose Lieferung (auf Anfrage)</li>
    <li>Professionelle Beratung</li>
    <li>Finanzierung möglich</li>
    <li>30 Tage Rückgabegarantie</li>
  </ul>
</div>",GSHandels,"Container","Container, GSHandels, Lagerung, Transport, Bürocontainer",true,Title,Default Title,,,,,CDF1O15,,shopify,10,deny,manual,1300.00,,true,true,,https://gshandels.com/wp-content/uploads/2026/03/9ac816_01973776d71e43a3833f15ae3cb5c652mv2.webp,1,"10 Fuß großer Bürocontainer",false,"10 Fuß großer Bürocontainer | GSHandels - Professionelle Containerlösungen","Hochwertiger 10 Fuß großer Bürocontainer von GSHandels. Professionelle Containerlösungen für Lagerung, Transport und gewerbliche Nutzung. Jetzt unverbindlich anfragen!",594,active
cdeibd9,"BAUSTELLECONTAINER (ABM. 5.00 X 2.40 M)","<div class=""product-description"">
  <h1>BAUSTELLECONTAINER (ABM. 5.00 X 2.40 M)</h1>
  
  <h2>Produktvorteile</h2>
  <ul>
    <li>Wind- und wasserdicht nach ISO-Norm</li>
    <li>CSC-zertifiziert für weltweiten Seetransport</li>
    <li>Stabile Stahlkonstruktion</li>
    <li>Sofort verfügbar - Kurze Lieferzeiten</li>
    <li>Flexible Zahlungsoptionen möglich</li>
  </ul>
  
  <h2>Technische Spezifikationen</h2>
  <table border=""0"" cellspacing=""0"" cellpadding=""5"">
    <tr>
      <td><strong>Material</strong></td>
      <td>Hochwertiger Stahl / Cortenstahl</td>
    </tr>
    <tr>
      <td><strong>Zustand</strong></td>
      <td>Neu oder Gebraucht</td>
    </tr>
    <tr>
      <td><strong>Zertifizierung</strong></td>
      <td>ISO 668, CSC-Plakette</td>
    </tr>
    <tr>
      <td><strong>Verfügbarkeit</strong></td>
      <td>Sofort lieferbar</td>
    </tr>
  </table>
  
  <h2>Beschreibung</h2>
  <p>BAUSTELLECONTAINER (ABM. 5.00 X 2.40 M) Außenwände: Standard-Wanddämmung aus 40 mm Polyurethan-Sandwichplatten (auch 50 mm möglich, + 50 kg) Boden: 18 mm Holzzement, mit PVC-Beschichtung 1 x Schiebefenster mit Sicherheitsstange Außentür mit Fenster und Sicherheitsstange Elektroinstallation 1 x Beleuchtung (1x36W) mit Schalter 1 x Steckdose Andere Isolierungen und Zusatzausrüstung möglich Außenmaße (LxBxH) 5000 x 2400 x 2500 mm Innenmaße (LxBxH) 4820 x 2200 x 2210 mm Gewicht ab 900 kg Auch mit einer Außenhöhe von 2670 mm erhältlich (Innenhöhe = 2500 mm) oder 2970 mm (Innenhöhe = 2700 mm) Bei optimaler Lackierung sind unsere Standardfarben: Außenwände / Weißgrau – RAL 9002 Rahmen / Blau RAL 5017 (Andere Farben auf Anfrage erhältlich) Lieferzeit: 7-10 Tage</p>
  
  <h2>Typische Anwendungsbereiche</h2>
  <ul>
    <li>Lagerung von Baumaterialien</li>
    <li>Warenlager für Handel</li>
    <li>Seefracht-Transport</li>
    <li>Mobile Werkstatt</li>
    <li>Zwischenlager bei Umzügen</li>
  </ul>
  
  <h2>Unsere Serviceleistungen</h2>
  <ul>
    <li>Kostenlose Lieferung (auf Anfrage)</li>
    <li>Professionelle Beratung</li>
    <li>Finanzierung möglich</li>
    <li>30 Tage Rückgabegarantie</li>
  </ul>
</div>",GSHandels,"Container","Container, GSHandels, Lagerung, Transport",true,Title,Default Title,,,,,CDEIBD9,,shopify,10,deny,manual,1933.33,,true,true,,https://gshandels.com/wp-content/uploads/2026/03/9ac816_69ef3e1.webp,1,"BAUSTELLECONTAINER (ABM. 5.00 X 2.40 M)",false,"BAUSTELLECONTAINER (ABM. 5.00 X 2.40 M) | GSHandels - Professionelle Containerlösungen","Hochwertiger BAUSTELLECONTAINER (ABM. 5.00 X 2.40 M) von GSHandels. Professionelle Containerlösungen für Lagerung, Transport und gewerbliche Nutzung. Jetzt unverbindlich anfragen!",594,active
cdj1x68,"Wohncontainer Tiny House Luxe Schwarz","<div class=""product-description"">
  <h1>Wohncontainer Tiny House Luxe Schwarz</h1>
  
  <h2>Produktvorteile</h2>
  <ul>
    <li>Wind- und wasserdicht nach ISO-Norm</li>
    <li>CSC-zertifiziert für weltweiten Seetransport</li>
    <li>Stabile Stahlkonstruktion</li>
    <li>Sofort verfügbar - Kurze Lieferzeiten</li>
    <li>Flexible Zahlungsoptionen möglich</li>
  </ul>
  
  <h2>Technische Spezifikationen</h2>
  <table border=""0"" cellspacing=""0"" cellpadding=""5"">
    <tr>
      <td><strong>Material</strong></td>
      <td>Hochwertiger Stahl / Cortenstahl</td>
    </tr>
    <tr>
      <td><strong>Zustand</strong></td>
      <td>Neu oder Gebraucht</td>
    </tr>
    <tr>
      <td><strong>Zertifizierung</strong></td>
      <td>ISO 668, CSC-Plakette</td>
    </tr>
    <tr>
      <td><strong>Verfügbarkeit</strong></td>
      <td>Sofort lieferbar</td>
    </tr>
  </table>
  
  <h2>Beschreibung</h2>
  <p>weitere Informationen Ausgestattet mit einer Broschüre; isolierte Wände und Dach; Eckküche mit Theke, Spüle, Mischbatterie, Oberschränken, Küchenschränken und Schubladen; 2 zusätzliche Schlafzimmer/Zimmer; Badezimmer mit Toilette, Regendusche, Waschbecken mit Spiegel und Toilettenhähnen; SPC-Bodenbelag in Holzoptik; Steckdosen (230-Volt-Anschluss); doppelt verglaste Rahmen; Wasser, Strom und Abwasser können problemlos angeschlossen werden; Schiebetüren ; Zählerschrank; Lichtschalter; Anschlusspunkte für Deckenbeleuchtung (einschließlich Downlights); inklusive Aluminium-Sockel für den Boden; abschließbar mit Schlüssel; Ausgeklappte Abmessungen 5.9×6.4×2.53 Meter; Faltmaße 5.90×2.22×2.54 Meter (Transportmaße); ungebraucht Produkttyp: Dunkelgrauer mobiler Deluxe-Wohncontainer Länge: 590 Gewicht: 3150 Hauteur: 253 Größer: 640 Wand 50 mm/75 mm/100 mm EPS/Glaswolle/PU Bodenbelag MGO-Bodenbelag 15 mm in der Mitte + 18 mm Laminatboden auf beiden Seiten + 2 mm PVC-Bodenbelag Tür Stahltür, Aluminium-Schiebetür, Brückenschnitt-Aluminiumtür Fenster PVC-Schiebefenster, Aluminiumfenster, Brückenschnitt-Aluminiumfenster Decke Stahlblech mit Glaswolleisolierung Laden von 2 Sätzen/40HQ Vorteil (1)Schnelle Installation: 10 Min./Satz, reduzierte Arbeitskosten; (2) rostfrei: heißverzinkten Stahl verwenden; (3) Wasserdicht: Ohne Holzdecke, Wand; (4) Feuerfest: Brandklasse A (5) Einfaches Fundament: Nur 16 Stück Beton-Schraubfundament; (6) windbeständig (Stufe 11) und antiseismisch (Stufe 10)</p>
  
  <h2>Typische Anwendungsbereiche</h2>
  <ul>
    <li>Lagerung von Baumaterialien</li>
    <li>Warenlager für Handel</li>
    <li>Seefracht-Transport</li>
    <li>Mobile Werkstatt</li>
    <li>Zwischenlager bei Umzügen</li>
  </ul>
  
  <h2>Unsere Serviceleistungen</h2>
  <ul>
    <li>Kostenlose Lieferung (auf Anfrage)</li>
    <li>Professionelle Beratung</li>
    <li>Finanzierung möglich</li>
    <li>30 Tage Rückgabegarantie</li>
  </ul>
</div>",GSHandels,"Container","Container, GSHandels, Lagerung, Transport, Wohncontainer, Tiny House",true,Title,Default Title,,,,,CDJ1X68,,shopify,10,deny,manual,4333.33,,true,true,,https://gshandels.com/wp-content/uploads/2026/03/dab923_e329fdb206b04789b4e21fa051d78a04mv2-600x450-1.webp,1,"Wohncontainer Tiny House Luxe Schwarz",false,"Wohncontainer Tiny House Luxe Schwarz | GSHandels - Professionelle Containerlösungen","Hochwertiger Wohncontainer Tiny House Luxe Schwarz von GSHandels. Professionelle Containerlösungen für Lagerung, Transport und gewerbliche Nutzung. Jetzt unverbindlich anfragen!",594,active
cd9g5h5,"Mobiler Wohncontainer / Luxusholz","<div class=""product-description"">
  <h1>Mobiler Wohncontainer / Luxusholz</h1>
  
  <h2>Produktvorteile</h2>
  <ul>
    <li>Wind- und wasserdicht nach ISO-Norm</li>
    <li>CSC-zertifiziert für weltweiten Seetransport</li>
    <li>Stabile Stahlkonstruktion</li>
    <li>Sofort verfügbar - Kurze Lieferzeiten</li>
    <li>Flexible Zahlungsoptionen möglich</li>
  </ul>
  
  <h2>Technische Spezifikationen</h2>
  <table border=""0"" cellspacing=""0"" cellpadding=""5"">
    <tr>
      <td><strong>Material</strong></td>
      <td>Hochwertiger Stahl / Cortenstahl</td>
    </tr>
    <tr>
      <td><strong>Zustand</strong></td>
      <td>Neu oder Gebraucht</td>
    </tr>
    <tr>
      <td><strong>Zertifizierung</strong></td>
      <td>ISO 668, CSC-Plakette</td>
    </tr>
    <tr>
      <td><strong>Verfügbarkeit</strong></td>
      <td>Sofort lieferbar</td>
    </tr>
  </table>
  
  <h2>Beschreibung</h2>
  <p>Produkttyp Komplettes Deluxe-Spiel Breite 640 Länge 590 Gewicht 3150 Marke Mobilhäuser NL Hauteur 253 weitere Informationen Ausgestattet mit einer Broschüre; isolierte Wände und Dach; Eckküche mit Theke, Spüle, Mischbatterie, Oberschränken, Küchenschränken und Schubladen; 2 zusätzliche Schlafzimmer/Zimmer; Badezimmer mit Toilette, Regendusche, Waschbecken mit Spiegel und Toilettenhähnen; SPC-Bodenbelag in Holzoptik; Steckdosen (230-Volt-Anschluss); doppelt verglaste Rahmen; Wasser-, Strom- und Abwasseranschluss sind problemlos möglich; vorbereitet; Schiebetüren ; Zählerschrank; Lichtschalter; Anschlusspunkte für Deckenbeleuchtung (einschließlich Downlights); inklusive Aluminium-Sockel für den Boden; abschließbar mit Schlüssel Ausgeklappte Abmessungen 5900 x 6400 x 2530 mm; Abmessungen zusammengeklappt 5900x2220x2540 mm (Transportabmessungen); ungebraucht Wand 50 mm/75 mm/100 mm EPS/Glaswolle/PU Bodenbelag MGO-Bodenbelag 15 mm in der Mitte + 18 mm Laminatboden auf beiden Seiten + 2 mm PVC-Bodenbelag Tür Stahltür, Aluminium-Schiebetür, Brückenschnitt-Aluminiumtür Fenster PVC-Schiebefenster, Aluminiumfenster, Brückenschnitt-Aluminiumfenster Decke Stahlblech mit Glaswolleisolierung Laden von 2 Sätzen/40HQ Vorteil (1)Schnelle Installation: 10 Min./Satz, reduzierte Arbeitskosten; (2) rostfrei: heißverzinkten Stahl verwenden; (3) Wasserdicht: Ohne Holzdecke, Wand; (4) Feuerfest: Brandklasse A (5) Einfaches Fundament: Nur 16 Stück Beton-Schraubfundament; (6) windbeständig (Stufe 11) und antiseismisch (Stufe 10)</p>
  
  <h2>Typische Anwendungsbereiche</h2>
  <ul>
    <li>Lagerung von Baumaterialien</li>
    <li>Warenlager für Handel</li>
    <li>Seefracht-Transport</li>
    <li>Mobile Werkstatt</li>
    <li>Zwischenlager bei Umzügen</li>
  </ul>
  
  <h2>Unsere Serviceleistungen</h2>
  <ul>
    <li>Kostenlose Lieferung (auf Anfrage)</li>
    <li>Professionelle Beratung</li>
    <li>Finanzierung möglich</li>
    <li>30 Tage Rückgabegarantie</li>
  </ul>
</div>",GSHandels,"Container","Container, GSHandels, Lagerung, Transport, Wohncontainer",true,Title,Default Title,,,,,CD9G5H5,,shopify,10,deny,manual,3993.33,,true,true,,https://gshandels.com/wp-content/uploads/2026/03/3c2830_5fdd28313e1-2.webp,1,"Mobiler Wohncontainer / Luxusholz",false,"Mobiler Wohncontainer / Luxusholz | GSHandels - Professionelle Containerlösungen","Hochwertiger Mobiler Wohncontainer / Luxusholz von GSHandels. Professionelle Containerlösungen für Lagerung, Transport und gewerbliche Nutzung. Jetzt unverbindlich anfragen!",594,active
cdcc1t3,"Mobiler Wohncontainer / Luxus-Tiny-Haus mit zwei Schlafzimmern","<div class=""product-description"">
  <h1>Mobiler Wohncontainer / Luxus-Tiny-Haus mit zwei Schlafzimmern</h1>
  
  <h2>Produktvorteile</h2>
  <ul>
    <li>Wind- und wasserdicht nach ISO-Norm</li>
    <li>CSC-zertifiziert für weltweiten Seetransport</li>
    <li>Stabile Stahlkonstruktion</li>
    <li>Sofort verfügbar - Kurze Lieferzeiten</li>
    <li>Flexible Zahlungsoptionen möglich</li>
  </ul>
  
  <h2>Technische Spezifikationen</h2>
  <table border=""0"" cellspacing=""0"" cellpadding=""5"">
    <tr>
      <td><strong>Material</strong></td>
      <td>Hochwertiger Stahl / Cortenstahl</td>
    </tr>
    <tr>
      <td><strong>Zustand</strong></td>
      <td>Neu oder Gebraucht</td>
    </tr>
    <tr>
      <td><strong>Zertifizierung</strong></td>
      <td>ISO 668, CSC-Plakette</td>
    </tr>
    <tr>
      <td><strong>Verfügbarkeit</strong></td>
      <td>Sofort lieferbar</td>
    </tr>
  </table>
  
  <h2>Beschreibung</h2>
  <p>Taille erweiterbar L5.9M*B6.47M*H2.54M Faltmaß L5.9M*B2.24M*H2.54M Fläche 38 m² Standardentwurf 2 Schlafzimmer, 1 Wohnzimmer mit 1 Küche und 1 Badezimmer, können auch individuell gestaltet werden Wand- und Dachmaterial 50/75/100 mm EPS/PU-Sandwichplatte Fenster und Tür: Kunststoff, Stahl/Aluminiumlegierung Lebensdauer Mehr als 30 Jahre Wir bieten alle Hardware für den Hausbau an. Darüber hinaus können wir Badezimmer (Toilette, Waschbecken, Dusche) und Küchenraum (Schrank, Gemüsespüle) sowie Möbel anbieten. Erweiterbare Containerhäuser werden häufig in allen Situationen eingesetzt, z. B. in Büros, Wohnzimmern, Besprechungsräumen, Schlafsälen, Geschäften, Toiletten, Lagerräumen, Küchen, Duschräumen usw. Darüber hinaus kann die Aufteilung des Hauses individuell an Ihre Anforderungen angepasst werden. Außerdem können wir das Layout ändern, indem wir eine Trennwand und Einrichtungen wie eine Toilette hinzufügen, sodass es direkt nach Ankunft am Standort genutzt werden kann. Installation 1.Das erweiterbare Haus lässt sich schnell installieren und verwenden. 2. Stellt Ihnen Installationszeichnungen und Videos zur Verfügung und Sie können die Installation abschließen, nachdem Sie die Anweisungen befolgt haben. 3. Bei Bedarf können wir auch unsere professionellen Ingenieure vor Ort schicken, um die Installation zu leiten.</p>
  
  <h2>Typische Anwendungsbereiche</h2>
  <ul>
    <li>Lagerung von Baumaterialien</li>
    <li>Warenlager für Handel</li>
    <li>Seefracht-Transport</li>
    <li>Mobile Werkstatt</li>
    <li>Zwischenlager bei Umzügen</li>
  </ul>
  
  <h2>Unsere Serviceleistungen</h2>
  <ul>
    <li>Kostenlose Lieferung (auf Anfrage)</li>
    <li>Professionelle Beratung</li>
    <li>Finanzierung möglich</li>
    <li>30 Tage Rückgabegarantie</li>
  </ul>
</div>",GSHandels,"Container","Container, GSHandels, Lagerung, Transport, Wohncontainer",true,Title,Default Title,,,,,CDCC1T3,,shopify,10,deny,manual,4233.33,,true,true,,https://gshandels.com/wp-content/uploads/2026/03/3e75ed4685a45464c5d789c1eb-600x450-1.jpg,1,"Mobiler Wohncontainer / Luxus-Tiny-Haus mit zwei Schlafzimmern",false,"Mobiler Wohncontainer / Luxus-Tiny-Haus mit zwei Schlafzimmern | GSHandels - Professionelle Containerlösungen","Hochwertiger Mobiler Wohncontainer / Luxus-Tiny-Haus mit zwei Schlafzimmern von GSHandels. Professionelle Containerlösungen für Lagerung, Transport und gewerbliche Nutzung. Jetzt unverbindlich anfragen!",594,active
cd2lyuz,"Bürocontainer 6,00 x 2,40m","<div class=""product-description"">
  <h1>Bürocontainer 6,00 x 2,40m</h1>
  
  <h2>Produktvorteile</h2>
  <ul>
    <li>Wind- und wasserdicht nach ISO-Norm</li>
    <li>CSC-zertifiziert für weltweiten Seetransport</li>
    <li>Stabile Stahlkonstruktion</li>
    <li>Sofort verfügbar - Kurze Lieferzeiten</li>
    <li>Flexible Zahlungsoptionen möglich</li>
  </ul>
  
  <h2>Technische Spezifikationen</h2>
  <table border=""0"" cellspacing=""0"" cellpadding=""5"">
    <tr>
      <td><strong>Material</strong></td>
      <td>Hochwertiger Stahl / Cortenstahl</td>
    </tr>
    <tr>
      <td><strong>Zustand</strong></td>
      <td>Neu oder Gebraucht</td>
    </tr>
    <tr>
      <td><strong>Zertifizierung</strong></td>
      <td>ISO 668, CSC-Plakette</td>
    </tr>
    <tr>
      <td><strong>Verfügbarkeit</strong></td>
      <td>Sofort lieferbar</td>
    </tr>
  </table>
  
  <h2>Beschreibung</h2>
  <p>BESCHREIBUNG -Abmessungen 6000x2400x2620 -Gewicht 2500 kg -Toilettenraum mit Waschbecken und Dusche – Miniküche mit Kühlschrank – Wand- und Dachisolierung aus 7,5 cm dicken Sandwichpaneelen. – 2 Dreh-Kippfenster (Doppelverglasung) – Wärmegedämmtes Sandwichprofil für geringen Energieverlust – Außentür aus Hörmann-Stahlblech – Komplette Elektroinstallation gemäß CE-Richtlinien – 230V-Steckdosen – LED-Deckenleuchten – Laminatboden – robust und schnell zu reinigen – Isolierter Boden, Innenraum mit OSB-Platte – 2000W elektrischer Wandheizkörper – Durchlauferhitzer 11KW/400V – Runde Dusche D90cm – Ösen zum Entladen mit Kran – Gabelstaplerführungen für einfachen und sicheren Transport – Robuste, geschweißte, selbsttragende Stahlrahmenkonstruktion. Die Miete ist jetzt auch ohne Anzahlung zu günstigen Monatsraten möglich. Gerne fertigen wir sie auch nach Ihren Vorgaben in anderen Abmessungen und Farben oder mit Toiletten oder anderen Einrichtungen.</p>
  
  <h2>Typische Anwendungsbereiche</h2>
  <ul>
    <li>Lagerung von Baumaterialien</li>
    <li>Warenlager für Handel</li>
    <li>Seefracht-Transport</li>
    <li>Mobile Werkstatt</li>
    <li>Zwischenlager bei Umzügen</li>
  </ul>
  
  <h2>Unsere Serviceleistungen</h2>
  <ul>
    <li>Kostenlose Lieferung (auf Anfrage)</li>
    <li>Professionelle Beratung</li>
    <li>Finanzierung möglich</li>
    <li>30 Tage Rückgabegarantie</li>
  </ul>
</div>",GSHandels,"Container","Container, GSHandels, Lagerung, Transport, Bürocontainer",true,Title,Default Title,,,,,CD2LYUZ,,shopify,10,deny,manual,5000.00,,true,true,,https://gshandels.com/wp-content/uploads/2026/03/098_029037403-4-1-600x548-1.jpg,1,"Bürocontainer 6,00 x 2,40m",false,"Bürocontainer 6,00 x 2,40m | GSHandels - Professionelle Containerlösungen","Hochwertiger Bürocontainer 6,00 x 2,40m von GSHandels. Professionelle Containerlösungen für Lagerung, Transport und gewerbliche Nutzung. Jetzt unverbindlich anfragen!",594,active
cdi8pob,"Mobiler Wohncontainer / Luxus-Tiny-Haus 19 Fuß x 20 Fuß","<div class=""product-description"">
  <h1>Mobiler Wohncontainer / Luxus-Tiny-Haus 19 Fuß x 20 Fuß</h1>
  
  <h2>Produktvorteile</h2>
  <ul>
    <li>Wind- und wasserdicht nach ISO-Norm</li>
    <li>CSC-zertifiziert für weltweiten Seetransport</li>
    <li>Stabile Stahlkonstruktion</li>
    <li>Sofort verfügbar - Kurze Lieferzeiten</li>
    <li>Flexible Zahlungsoptionen möglich</li>
  </ul>
  
  <h2>Technische Spezifikationen</h2>
  <table border=""0"" cellspacing=""0"" cellpadding=""5"">
    <tr>
      <td><strong>Material</strong></td>
      <td>Hochwertiger Stahl / Cortenstahl</td>
    </tr>
    <tr>
      <td><strong>Zustand</strong></td>
      <td>Neu oder Gebraucht</td>
    </tr>
    <tr>
      <td><strong>Zertifizierung</strong></td>
      <td>ISO 668, CSC-Plakette</td>
    </tr>
    <tr>
      <td><strong>Verfügbarkeit</strong></td>
      <td>Sofort lieferbar</td>
    </tr>
  </table>
  
  <h2>Beschreibung</h2>
  <p>Spezifikation BESCHREIBUNG Charakteristik Abmessung L19xB20xH8 (nach Erweiterung), 380 Quadratfuß Badezimmertürgröße L28,4″ x H77,2″ Rahmenstruktur Stahlrahmenkonstruktion Wandpaneel aus feuerhemmendem Schaumstoff Schneelast 40 lb/ft² Windlast 70 Meilen pro Stunde Toit Feuerfestes Aluminium-Magnesium-Mangan-Schaum-Wärmedämmdach Sonne Boden aus Magnesiumglas 0,08 Zoll verschleißfestes Laminat-Bodenleder R-Wert 0,2 ~ 0,5 (m2·K/W) Fenster Doppelschichtiges Schiebefenster aus gehärtetem Glas, Kunststoff und Stahl Fenster außerhalb des Badezimmers: Kunststoffglasfenster Toilette mit Dusche Duschvorhanghalter, Duschventil, Duschsprinkler, Duschstange, Bodenablauf, Türstopper: Edelstahl. Duschvorhang: Plane Seifenschale, Toilettenbürste: Aluminiumlegierung Wasserstopfen, Spiegelkasten: PVC Leiser Abluftventilator Sicherheitstüren Haupttür: Aluminiumtür mit Schloss Toilettentür: WPC-Tür + Milchglas Electrik Muss zusätzlich konfiguriert werden Warm- und Kaltwasserventil Edelstahl Güteklasse 304 Schläger PPR-Warm- und Kaltwasserleitung Evakuierungsschlauch aus PVC Isolierrohr Installation Hydraulische Verstärkung: Druck 3000 N Lager: 6204 Aufklappbarer Flaschenzug: 2000 lbs Metallkabel: φ5 mm Neutrale Umweltschutzmaterialien Neutraler Kitt Funktionalität Schneller Aufbau, Inneneinrichtung fertig. Verwendung: Hotel, Haus, Kiosk, Stand, Büro, Pförtnerhaus, Wachhaus, Geschäft, Toilette, Villa, Lagerhaus, Werkstatt, Fabrik. Stil: tragbares Containerhaus. Windlast: bis zu 70 Meilen pro Stunde, abhängig vom jeweiligen Fundament und den Umständen. Wir empfehlen dringend, Beton über die Beine zu gießen, um die Stabilität zu maximieren. Bitte bleiben Sie bei Unwettern (Stürme, Tornados, Hurrikane, Überschwemmungen, Schneestürme usw.) nicht drinnen. Schneelast: Das Gerät ist für den Außenbereich konzipiert und hält starker Schneelast stand. Das Gerät ist sicher, bevor der Schnee eine Höhe von 6,6 Fuß auf dem Dach erreicht. Es wird jedoch empfohlen, den Schnee rechtzeitig zu entfernen und sich bei extremen Wetterbedingungen (Stürme, Tornados, Hurrikane, Überschwemmungen, Schneestürme usw.) nicht im Haus aufzuhalten. Packungsgröße L*B*H (Zoll): 232x80x99 Gewicht (lb): 7849 Zum Entladen ist ein Gabelstapler oder ein gleichwertiges Gerät erforderlich</p>
  
  <h2>Typische Anwendungsbereiche</h2>
  <ul>
    <li>Lagerung von Baumaterialien</li>
    <li>Warenlager für Handel</li>
    <li>Seefracht-Transport</li>
    <li>Mobile Werkstatt</li>
    <li>Zwischenlager bei Umzügen</li>
  </ul>
  
  <h2>Unsere Serviceleistungen</h2>
  <ul>
    <li>Kostenlose Lieferung (auf Anfrage)</li>
    <li>Professionelle Beratung</li>
    <li>Finanzierung möglich</li>
    <li>30 Tage Rückgabegarantie</li>
  </ul>
</div>",GSHandels,"Container","Container, GSHandels, Lagerung, Transport, Wohncontainer",true,Title,Default Title,,,,,CDI8POB,,shopify,10,deny,manual,5000.00,,true,true,,https://gshandels.com/wp-content/uploads/2026/03/Prefab-House-19ftx20ft-Chery-Industrial_8_500x.webp,1,"Mobiler Wohncontainer / Luxus-Tiny-Haus 19 Fuß x 20 Fuß",false,"Mobiler Wohncontainer / Luxus-Tiny-Haus 19 Fuß x 20 Fuß | GSHandels - Professionelle Containerlösungen","Hochwertiger Mobiler Wohncontainer / Luxus-Tiny-Haus 19 Fuß x 20 Fuß von GSHandels. Professionelle Containerlösungen für Lagerung, Transport und gewerbliche Nutzung. Jetzt unverbindlich anfragen!",594,active
cd5p8jn,"Bürocontainer 4×3 Meter","<div class=""product-description"">
  <h1>Bürocontainer 4×3 Meter</h1>
  
  <h2>Produktvorteile</h2>
  <ul>
    <li>Wind- und wasserdicht nach ISO-Norm</li>
    <li>CSC-zertifiziert für weltweiten Seetransport</li>
    <li>Stabile Stahlkonstruktion</li>
    <li>Sofort verfügbar - Kurze Lieferzeiten</li>
    <li>Flexible Zahlungsoptionen möglich</li>
  </ul>
  
  <h2>Technische Spezifikationen</h2>
  <table border=""0"" cellspacing=""0"" cellpadding=""5"">
    <tr>
      <td><strong>Material</strong></td>
      <td>Hochwertiger Stahl / Cortenstahl</td>
    </tr>
    <tr>
      <td><strong>Zustand</strong></td>
      <td>Neu oder Gebraucht</td>
    </tr>
    <tr>
      <td><strong>Zertifizierung</strong></td>
      <td>ISO 668, CSC-Plakette</td>
    </tr>
    <tr>
      <td><strong>Verfügbarkeit</strong></td>
      <td>Sofort lieferbar</td>
    </tr>
  </table>
  
  <h2>Beschreibung</h2>
  <p>Das Modell Berlin ist ein moderner und eleganter Bürocontainer, der einen funktionalen und angenehmen Arbeitsbereich bietet. Mit seinem anspruchsvollen Design und den Verbundplatten in Holzoptik fügt es sich harmonisch in verschiedene Außenumgebungen ein, sei es ein privater Innenhof oder ein gewerblicher Raum. Dank seines „Plug and Play“-Systems ist es sofort einsatzbereit und vereint Stil und Funktionalität, um den Anforderungen derjenigen gerecht zu werden, die ein kompaktes, aber gut ausgestattetes Büro suchen. Hauptmerkmale: Abmessungen und Platz: Außenmaße: 400 x 300 cm Gut optimierter Innenraum für einen geräumigen und komfortablen Arbeitsplatz. Ästhetik und Verarbeitung: Außen: Holzimitat-Verbundplatten, die für ein natürliches und warmes Erscheinungsbild sorgen. Innen: Reinweiß (RAL 9010), wodurch eine helle und angenehme Atmosphäre entsteht. Boden: Vinyloberfläche in Eichenoptik, die einen Hauch von Raffinesse und Komfort verleiht. Isolierung und thermischer Komfort: Vollständige Isolierung: 100 mm expandiertes Polystyrol (EPS) für Wände, Dach und Boden sorgen für eine optimale Wärme- und Schalldämmung. Fenster: Große Glasfenster lassen natürliches Licht herein und schaffen einen hellen und motivierenden Raum. Strom und Beleuchtung: Strom: 230V-Installation mit 16A, 3-poliger Steckdose, betriebsbereit. LED-Beleuchtung: Zwei integrierte LED-Leuchten sorgen für effizientes und angenehmes Licht im täglichen Gebrauch. Genommen: Doppelsteckdose (2 Stück) zum Anschließen Ihrer Geräte. Externe Zählersteckdose (230 V), praktisch für zusätzliche Geräte. Schalter (1 Stück) und Sicherungskasten (1 Stück) für zusätzliche Sicherheit. Fenster und Türen: Windows: Dreh-Kipp-Fenster auf der kurzen Seite, Farbe RAL 7016, Maße 800 x 1100 mm. Zwei vollständig versiegelte Glasfenster mit den Maßen 900 x 1900 mm ermöglichen ausreichend Lichteinfall. Tür: Vollisolierte Stahltür, Maße 1080 x 2100 mm, für einen sicheren und gut isolierten Eingang. Ergänzungen und Vorteile: Plug-and-Play-System: Sofort einsatzbereit, mit bereits installierten Steckdosen und LED-Beleuchtung, sodass Sie den Raum ohne komplexe Installationen sofort nutzen können. Vinylboden in Eichenoptik: Eine ästhetische Note, die dem Büro ein Gefühl von Behaglichkeit und Wärme verleiht. Vielseitigkeit und Eleganz: Das moderne Design mit Kunstholzplatten macht es zu einer attraktiven Ergänzung für jede Außenumgebung und bietet eine Ästhetik, die über herkömmliche Behälter hinausgeht. Spezifische Vorteile: Komfort: Dieser Bürocontainer lässt sich einfach liefern und installieren und ist dank seines „Plug and Play“-Designs sofort einsatzbereit. Modernes und elegantes Design: Im Gegensatz zu eher rudimentären Konstruktionen bietet das Berliner Modell ein modernes Design, das perfekt in berufliche oder private Räume passt. Isolierung und Komfort: Die vollständige Isolierung gewährleistet eine komfortable Nutzung auch bei wechselnden klimatischen Bedingungen. Der Bürocontainer Berlin ist eine ideale Lösung für alle, die einen flexiblen, ästhetischen und praktischen Arbeitsplatz suchen. Ob Sie es als Büro, Freizeitraum oder kompakten Besprechungsraum nutzen, es vereint Funktionalität und Eleganz für ein optimales Benutzererlebnis.</p>
  
  <h2>Typische Anwendungsbereiche</h2>
  <ul>
    <li>Lagerung von Baumaterialien</li>
    <li>Warenlager für Handel</li>
    <li>Seefracht-Transport</li>
    <li>Mobile Werkstatt</li>
    <li>Zwischenlager bei Umzügen</li>
  </ul>
  
  <h2>Unsere Serviceleistungen</h2>
  <ul>
    <li>Kostenlose Lieferung (auf Anfrage)</li>
    <li>Professionelle Beratung</li>
    <li>Finanzierung möglich</li>
    <li>30 Tage Rückgabegarantie</li>
  </ul>
</div>",GSHandels,"Container","Container, GSHandels, Lagerung, Transport, Bürocontainer",true,Title,Default Title,,,,,CD5P8JN,,shopify,10,deny,manual,2500.00,,true,true,,https://gshandels.com/wp-content/uploads/2026/03/52aa76_a2cd7d6a3c56-600x595-1.jpg,1,"Bürocontainer 4×3 Meter",false,"Bürocontainer 4×3 Meter | GSHandels - Professionelle Containerlösungen","Hochwertiger Bürocontainer 4×3 Meter von GSHandels. Professionelle Containerlösungen für Lagerung, Transport und gewerbliche Nutzung. Jetzt unverbindlich anfragen!",594,active
cdnh5bq,"15 Fuß Container mit Elektroinstallation, Lüftungsgittern und Schlüsselschloss","<div class=""product-description"">
  <h1>15 Fuß Container mit Elektroinstallation, Lüftungsgittern und Schlüsselschloss</h1>
  
  <h2>Produktvorteile</h2>
  <ul>
    <li>Wind- und wasserdicht nach ISO-Norm</li>
    <li>CSC-zertifiziert für weltweiten Seetransport</li>
    <li>Stabile Stahlkonstruktion</li>
    <li>Sofort verfügbar - Kurze Lieferzeiten</li>
    <li>Flexible Zahlungsoptionen möglich</li>
  </ul>
  
  <h2>Technische Spezifikationen</h2>
  <table border=""0"" cellspacing=""0"" cellpadding=""5"">
    <tr>
      <td><strong>Material</strong></td>
      <td>Hochwertiger Stahl / Cortenstahl</td>
    </tr>
    <tr>
      <td><strong>Zustand</strong></td>
      <td>Neu oder Gebraucht</td>
    </tr>
    <tr>
      <td><strong>Zertifizierung</strong></td>
      <td>ISO 668, CSC-Plakette</td>
    </tr>
    <tr>
      <td><strong>Verfügbarkeit</strong></td>
      <td>Sofort lieferbar</td>
    </tr>
  </table>
  
  <h2>Beschreibung</h2>
  <p>Das komplett verschweißte Containergerüst besteht aus 3 mm starkem Stahlprofil. Ihre Wände und ihr Dach bestehen aus 1,5 mm starkem Profilstahl. Sie verfügen über eine 2-flügelige Tür über die gesamte Breite mit einem Einbruchschutzsystem. Sie verfügen über Lufteinlässe an den Wänden. Ihr Boden besteht aus 25 mm dickem Massivholz mit Anti-Feuchtigkeits-Behandlung. Ihr Dach verfügt über vier Aufnahmepunkte für Hebehaken, die Basis ermöglicht den Durchgang von Gabeln zum Anheben mit einem Gabelstapler.</p>
  
  <h2>Typische Anwendungsbereiche</h2>
  <ul>
    <li>Lagerung von Baumaterialien</li>
    <li>Warenlager für Handel</li>
    <li>Seefracht-Transport</li>
    <li>Mobile Werkstatt</li>
    <li>Zwischenlager bei Umzügen</li>
  </ul>
  
  <h2>Unsere Serviceleistungen</h2>
  <ul>
    <li>Kostenlose Lieferung (auf Anfrage)</li>
    <li>Professionelle Beratung</li>
    <li>Finanzierung möglich</li>
    <li>30 Tage Rückgabegarantie</li>
  </ul>
</div>",GSHandels,"Container","Container, GSHandels, Lagerung, Transport",true,Title,Default Title,,,,,CDNH5BQ,,shopify,10,deny,manual,1300.00,,true,true,,https://gshandels.com/wp-content/uploads/2026/03/9ac816_fc187cd33d74443eb08a6870dff3bd42mv2.webp,1,"15 Fuß Container mit Elektroinstallation, Lüftungsgittern und Schlüsselschloss",false,"15 Fuß Container mit Elektroinstallation, Lüftungsgittern und Schlüsselschloss | GSHandels - Professionelle Containerlösungen","Hochwertiger 15 Fuß Container mit Elektroinstallation, Lüftungsgittern und Schlüsselschloss von GSHandels. Professionelle Containerlösungen für Lagerung, Transport und gewerbliche Nutzung. Jetzt unverbindlich anfragen!",594,active
cdd5u5p,"40 Fuß Barcontainer","<div class=""product-description"">
  <h1>40 Fuß Barcontainer</h1>
  
  <h2>Produktvorteile</h2>
  <ul>
    <li>Wind- und wasserdicht nach ISO-Norm</li>
    <li>CSC-zertifiziert für weltweiten Seetransport</li>
    <li>Stabile Stahlkonstruktion</li>
    <li>Sofort verfügbar - Kurze Lieferzeiten</li>
    <li>Flexible Zahlungsoptionen möglich</li>
  </ul>
  
  <h2>Technische Spezifikationen</h2>
  <table border=""0"" cellspacing=""0"" cellpadding=""5"">
    <tr>
      <td><strong>Material</strong></td>
      <td>Hochwertiger Stahl / Cortenstahl</td>
    </tr>
    <tr>
      <td><strong>Zustand</strong></td>
      <td>Neu oder Gebraucht</td>
    </tr>
    <tr>
      <td><strong>Zertifizierung</strong></td>
      <td>ISO 668, CSC-Plakette</td>
    </tr>
    <tr>
      <td><strong>Verfügbarkeit</strong></td>
      <td>Sofort lieferbar</td>
    </tr>
  </table>
  
  <h2>Beschreibung</h2>
  <p>40 Fuß Barcontainer – Die perfekte Lösung für mobile Gastronomie Ein 40 Fuß Barcontainer ist die ideale Wahl für alle, die eine flexible, moderne und sofort einsatzbereite Barlösung suchen. Ob für Events, Festivals, Gastronomie oder Firmenveranstaltungen – mit einem Barcontainer schaffen Sie innerhalb kürzester Zeit eine professionelle Ausschankfläche. Dank ihrer robusten Bauweise und vielseitigen Einsatzmöglichkeiten erfreuen sich 40 Fuß Containerbars wachsender Beliebtheit. Sie kombinieren Mobilität mit Funktionalität und bieten ausreichend Platz für Personal, Ausstattung und Gäste. Was ist ein 40 Fuß Barcontainer? Ein 40 Fuß Barcontainer basiert auf einem standardisierten Seecontainer mit einer Länge von ca. 12 Metern. Dieser wird speziell für den Einsatz als Bar oder Gastronomiefläche umgebaut. Typische Merkmale: Große Verkaufs- und Ausschanköffnungen Integrierte Theken und Arbeitsflächen Elektrik und Beleuchtung Kühlmöglichkeiten Individuelles Branding möglich Durch diese Ausstattung wird der Container zu einer voll funktionsfähigen mobilen Bar. Vorteile eines 40 Fuß Barcontainers 1. Maximale Flexibilität Ein Barcontainer kann nahezu überall eingesetzt werden – egal ob in der Stadt, auf dem Land oder auf Eventgeländen. 2. Schneller Aufbau Im Vergleich zu festen Bauten ist ein Container sofort einsatzbereit. Transport, Aufstellung und Anschluss erfolgen innerhalb kurzer Zeit. 3. Hohe Stabilität Container sind für extreme Bedingungen gebaut und daher besonders langlebig und wetterfest. 4. Individuelles Design Von modern bis rustikal – ein 40 Fuß Barcontainer kann komplett nach Ihren Wünschen gestaltet werden. 5. Kosteneffizient Im Vergleich zu festen Gastronomiebauten sparen Sie Zeit und Baukosten. Einsatzbereiche für Barcontainer Ein 40 Fuß Barcontainer eignet sich für zahlreiche Anwendungen: Events & Festivals Perfekt für temporäre Bars mit hohem Besucheraufkommen. Gastronomie Als Erweiterung bestehender Betriebe oder als eigenständige Outdoor-Bar. Firmenveranstaltungen Ideal für Promotions, Messen oder Firmenfeiern. Strandbars & Outdoor-Konzepte Wetterfest und mobil – perfekt für saisonale Gastronomie. Ausstattung und Individualisierung Ein großer Vorteil eines 40 Fuß Barcontainers ist die Möglichkeit zur individuellen Anpassung. Mögliche Features: Zapfanlagen Kühlschränke und Kühltheken LED-Beleuchtung Sound-Systeme Klappbare Seitenwände Überdachungen oder Terrassen Zusätzlich kann der Container optisch komplett gebrandet werden – ideal für Marketingzwecke. 40 Fuß Barcontainer kaufen oder mieten? Kaufen Langfristige Nutzung Individuelle Gestaltung Höhere Anfangsinvestition Mieten Flexibel für Events Geringe Kosten Keine Wartung notwendig Die Entscheidung hängt stark vom geplanten Einsatz ab. Transport und Aufbau Ein 40 Fuß Barcontainer lässt sich einfach per LKW transportieren und mit einem Kran aufstellen. Wichtige Voraussetzungen: Fester, ebener Untergrund Stromanschluss Optional Wasseranschluss Nach der Installation ist der Container sofort betriebsbereit. Warum ein 40 Fuß Barcontainer die beste Wahl ist Ein 40 Fuß Barcontainer bietet die perfekte Kombination aus: Mobilität Funktionalität Design Wirtschaftlichkeit Egal ob für kurzfristige Events oder langfristige Gastronomiekonzepte – diese Lösung überzeugt durch Vielseitigkeit und Effizienz. Fazit: Mobile Bar auf höchstem Niveau Ein 40 Fuß Barcontainer ist eine moderne, flexible und wirtschaftliche Lösung für alle, die eine professionelle Bar betreiben möchten. Durch individuelle Anpassungsmöglichkeiten und schnelle Einsatzbereitschaft ist er die perfekte Wahl für unterschiedlichste Einsatzbereiche.</p>
  
  <h2>Typische Anwendungsbereiche</h2>
  <ul>
    <li>Lagerung von Baumaterialien</li>
    <li>Warenlager für Handel</li>
    <li>Seefracht-Transport</li>
    <li>Mobile Werkstatt</li>
    <li>Zwischenlager bei Umzügen</li>
  </ul>
  
  <h2>Unsere Serviceleistungen</h2>
  <ul>
    <li>Kostenlose Lieferung (auf Anfrage)</li>
    <li>Professionelle Beratung</li>
    <li>Finanzierung möglich</li>
    <li>30 Tage Rückgabegarantie</li>
  </ul>
</div>",GSHandels,"Container","Container, GSHandels, Lagerung, Transport, Barcontainer",true,Title,Default Title,,,,,CDD5U5P,,shopify,10,deny,manual,4333.33,,true,true,,https://gshandels.com/wp-content/uploads/2026/03/9ac816_1.jpg,1,"40 Fuß Barcontainer",false,"40 Fuß Barcontainer | GSHandels - Professionelle Containerlösungen","Hochwertiger 40 Fuß Barcontainer von GSHandels. Professionelle Containerlösungen für Lagerung, Transport und gewerbliche Nutzung. Jetzt unverbindlich anfragen!",594,active
cdn523r,"Dynamischer Snack-BOX-Behälter + Optionen","<div class=""product-description"">
  <h1>Dynamischer Snack-BOX-Behälter + Optionen</h1>
  
  <h2>Produktvorteile</h2>
  <ul>
    <li>Wind- und wasserdicht nach ISO-Norm</li>
    <li>CSC-zertifiziert für weltweiten Seetransport</li>
    <li>Stabile Stahlkonstruktion</li>
    <li>Sofort verfügbar - Kurze Lieferzeiten</li>
    <li>Flexible Zahlungsoptionen möglich</li>
  </ul>
  
  <h2>Technische Spezifikationen</h2>
  <table border=""0"" cellspacing=""0"" cellpadding=""5"">
    <tr>
      <td><strong>Material</strong></td>
      <td>Hochwertiger Stahl / Cortenstahl</td>
    </tr>
    <tr>
      <td><strong>Zustand</strong></td>
      <td>Neu oder Gebraucht</td>
    </tr>
    <tr>
      <td><strong>Zertifizierung</strong></td>
      <td>ISO 668, CSC-Plakette</td>
    </tr>
    <tr>
      <td><strong>Verfügbarkeit</strong></td>
      <td>Sofort lieferbar</td>
    </tr>
  </table>
  
  <h2>Beschreibung</h2>
  <p>Material: Behälter Snack-BOX Modèle: 20′ DRY Dynamic-Version + Holzverkleidung (1 Seite 1/2) Zustand: 1. Reise * Jahr: NC Außenmaße: L.6.05m x B.2.44m x H.2.59m Innenmaße: L.5.90m x B.2.35m x H.2.40m Gewicht: 2350 kg Volumen: 33 m³ Oberfläche: 14 m² Tragfähigkeit: 28000 kg Enthaltene Optionen: Vorhängeschlossschutz + Holzverkleidung (1 Seite 1/2) AUSRÜSTUNG / EINRICHTUNGEN AUTHENTISCHE Version = – 1 anhebbarer Flügel 1500 mm x 1110 mm – 200 mm Hubflügelrahmen aus Stahl – Rejingot 100 mm am Hubflügel – Außenhöhe: 1110 mm, Innenhöhe: 900 mm – Verriegelung der Flügel durch abschließbare Stifte – 2 verstellbare Zylinder (in negativer Kompression) – 1 Sicherung/Zylinder zur Positionierung durch den Benutzer – Gegenhalter aus Stahl 200 mm – Lackierung geänderter Elemente ——————— DYNAMISCHE Version = AUTHENTISCH (+) – 1 anhebbarer Flügel 3000 mm x 1110 mm Ersetzt die 1500 mm x 1110 mm der AUTHENTIC-Version – Gegenhalter aus Stahl 300 mm ——————— PRIVILEGE-Version = DYNAMIC (+) – 1 Vorkehrung für PRM-Empfang</p>
  
  <h2>Typische Anwendungsbereiche</h2>
  <ul>
    <li>Lagerung von Baumaterialien</li>
    <li>Warenlager für Handel</li>
    <li>Seefracht-Transport</li>
    <li>Mobile Werkstatt</li>
    <li>Zwischenlager bei Umzügen</li>
  </ul>
  
  <h2>Unsere Serviceleistungen</h2>
  <ul>
    <li>Kostenlose Lieferung (auf Anfrage)</li>
    <li>Professionelle Beratung</li>
    <li>Finanzierung möglich</li>
    <li>30 Tage Rückgabegarantie</li>
  </ul>
</div>",GSHandels,"Container","Container, GSHandels, Lagerung, Transport",true,Title,Default Title,,,,,CDN523R,,shopify,10,deny,manual,3999.33,,true,true,,https://gshandels.com/wp-content/uploads/2026/03/3f9fb6_d22fabad19d84f0d833.jpg,1,"Dynamischer Snack-BOX-Behälter + Optionen",false,"Dynamischer Snack-BOX-Behälter + Optionen | GSHandels - Professionelle Containerlösungen","Hochwertiger Dynamischer Snack-BOX-Behälter + Optionen von GSHandels. Professionelle Containerlösungen für Lagerung, Transport und gewerbliche Nutzung. Jetzt unverbindlich anfragen!",594,active
cdwoblh,"Bürocontainer /6×3 Meter mit Fenstern auf der langen rechten Seite","<div class=""product-description"">
  <h1>Bürocontainer /6×3 Meter mit Fenstern auf der langen rechten Seite</h1>
  
  <h2>Produktvorteile</h2>
  <ul>
    <li>Wind- und wasserdicht nach ISO-Norm</li>
    <li>CSC-zertifiziert für weltweiten Seetransport</li>
    <li>Stabile Stahlkonstruktion</li>
    <li>Sofort verfügbar - Kurze Lieferzeiten</li>
    <li>Flexible Zahlungsoptionen möglich</li>
  </ul>
  
  <h2>Technische Spezifikationen</h2>
  <table border=""0"" cellspacing=""0"" cellpadding=""5"">
    <tr>
      <td><strong>Material</strong></td>
      <td>Hochwertiger Stahl / Cortenstahl</td>
    </tr>
    <tr>
      <td><strong>Zustand</strong></td>
      <td>Neu oder Gebraucht</td>
    </tr>
    <tr>
      <td><strong>Zertifizierung</strong></td>
      <td>ISO 668, CSC-Plakette</td>
    </tr>
    <tr>
      <td><strong>Verfügbarkeit</strong></td>
      <td>Sofort lieferbar</td>
    </tr>
  </table>
  
  <h2>Beschreibung</h2>
  <p>Produktdetails Wohn-/Bürocontainer / 6×3 Meter mit Fenstern auf der langen rechten Seite RAL 7016 Außen Anthrazit RAL 7016 RAL 9010 Reinweiß im Innenbereich Außenmaße: 606 x 299 x 280 cm völlig isoliert Komplettes Stahlchassis Inklusive Strom, Beleuchtung, Heizung Einfache Lieferung und Installation Einstellbar nach Ihren Wünschen – Wanddämmung: Mineralwolle 60 mm – Dachisolierung: 100 mm Mineralwolle – Isolierboden: Mineralwolle 100 mm – Strom: 400 V/32 A/5-polig – Boden- und Dachkonstruktion: Design : Robuste Rahmen mit massivem Stahlprofil Modular erweiterbar Optimale Wärme- und Schalldämmung PN EN ISO 3834-2 und CE-zertifiziert Gestaltung des Bodenaufbaus: Bodenplatte – 5 mm P22-Spanplatte Bodenbelag – 2 mm PVC-Bodenbelag, grau Belastbarkeit von 200 kg/m2 – Fenster und Türen Dreh-Kipp-Fenster mit Rollladen in RAL 7016 – 2 Stück Türen: Außentür aus Stahl in der Farbe RAL 7016 auf der Außenseite – 1 Stück Türschließer – 1 Stück – Ergänzungen Elektrizität : Überdachte elektrische Anlage. Stromversorgung – 230-V-Steckdosen vom Typ F Externer Anschluss – 5 x 32A Hell : Lichtleisten mit Schutzart IP65, 16W – 2 Stück Heiz-, Lüftungs- und Kühlgeräte: Hochwertiger Elektroheizer aus Edelstahl – 1 Stück</p>
  
  <h2>Typische Anwendungsbereiche</h2>
  <ul>
    <li>Lagerung von Baumaterialien</li>
    <li>Warenlager für Handel</li>
    <li>Seefracht-Transport</li>
    <li>Mobile Werkstatt</li>
    <li>Zwischenlager bei Umzügen</li>
  </ul>
  
  <h2>Unsere Serviceleistungen</h2>
  <ul>
    <li>Kostenlose Lieferung (auf Anfrage)</li>
    <li>Professionelle Beratung</li>
    <li>Finanzierung möglich</li>
    <li>30 Tage Rückgabegarantie</li>
  </ul>
</div>",GSHandels,"Container","Container, GSHandels, Lagerung, Transport, Bürocontainer",true,Title,Default Title,,,,,CDWOBLH,,shopify,10,deny,manual,3533.33,,true,true,,https://gshandels.com/wp-content/uploads/2026/03/3c2830_9044659157bc4.webp,1,"Bürocontainer /6×3 Meter mit Fenstern auf der langen rechten Seite",false,"Bürocontainer /6×3 Meter mit Fenstern auf der langen rechten Seite | GSHandels - Professionelle Containerlösungen","Hochwertiger Bürocontainer /6×3 Meter mit Fenstern auf der langen rechten Seite von GSHandels. Professionelle Containerlösungen für Lagerung, Transport und gewerbliche Nutzung. Jetzt unverbindlich anfragen!",594,active
cdxa68w,"15 Fuß High Cube Open Side Container","<div class=""product-description"">
  <h1>15 Fuß High Cube Open Side Container</h1>
  
  <h2>Produktvorteile</h2>
  <ul>
    <li>Wind- und wasserdicht nach ISO-Norm</li>
    <li>CSC-zertifiziert für weltweiten Seetransport</li>
    <li>Stabile Stahlkonstruktion</li>
    <li>Sofort verfügbar - Kurze Lieferzeiten</li>
    <li>Flexible Zahlungsoptionen möglich</li>
  </ul>
  
  <h2>Technische Spezifikationen</h2>
  <table border=""0"" cellspacing=""0"" cellpadding=""5"">
    <tr>
      <td><strong>Material</strong></td>
      <td>Hochwertiger Stahl / Cortenstahl</td>
    </tr>
    <tr>
      <td><strong>Zustand</strong></td>
      <td>Neu oder Gebraucht</td>
    </tr>
    <tr>
      <td><strong>Zertifizierung</strong></td>
      <td>ISO 668, CSC-Plakette</td>
    </tr>
    <tr>
      <td><strong>Verfügbarkeit</strong></td>
      <td>Sofort lieferbar</td>
    </tr>
  </table>
  
  <h2>Beschreibung</h2>
  <p>15 Fuß High Cube Open Side Container – Die flexible Lösung für Lagerung und Transport Was ist ein 15 Fuß High Cube Open Side Container? Der 15 Fuß High Cube Open Side Container ist eine moderne und besonders vielseitige Containerlösung, die speziell für Anwendungen entwickelt wurde, bei denen Flexibilität, Zugänglichkeit und zusätzlicher Stauraum entscheidend sind. Im Vergleich zu Standardcontainern bietet die High Cube Variante eine erhöhte Bauweise, wodurch mehr Volumen und bessere Nutzungsmöglichkeiten entstehen. Das besondere Merkmal dieses Containers ist die seitliche Öffnung („Open Side“), die einen vollständigen Zugriff auf den gesamten Innenraum ermöglicht. Dadurch wird das Be- und Entladen erheblich erleichtert, insbesondere bei sperrigen oder unregelmäßig geformten Gütern. Vorteile eines High Cube Open Side Containers Maximale Zugänglichkeit Durch die seitlich zu öffnenden Türen kann der Container komplett geöffnet werden. Dies ermöglicht einen direkten Zugriff auf alle gelagerten Waren – ohne umständliches Umladen. Zusätzliche Höhe Die High Cube Bauweise bietet mehr Innenhöhe als Standardcontainer. Dadurch können größere Güter problemlos gelagert und transportiert werden. Vielseitige Einsatzmöglichkeiten Ob als Lagercontainer, Werkstatt, Verkaufsfläche oder Eventlösung – dieser Container passt sich flexibel an unterschiedlichste Anforderungen an. Zeitersparnis beim Be- und Entladen Die offene Seitenstruktur reduziert Arbeitsaufwand und beschleunigt logistische Prozesse erheblich. Robuste Bauweise Gefertigt aus hochwertigem Stahl, ist der Container wetterfest, langlebig und für den Einsatz unter anspruchsvollen Bedingungen geeignet. Technische Merkmale Länge: ca. 15 Fuß (ca. 4,5 Meter) Bauweise: High Cube (erhöhte Innenhöhe) Öffnung: Vollständig seitlich zu öffnen Material: Stahlkonstruktion Wetterbeständig und korrosionsgeschützt Stapelbar und transportfähig Einsatzbereiche des 15 Fuß Open Side Containers Baustellen Ideal zur Lagerung von Werkzeugen, Maschinen und Baumaterialien. Durch die seitliche Öffnung ist alles schnell erreichbar. Logistik & Transport Perfekt für Güter, die häufig be- und entladen werden müssen oder sperrig sind. Einzelhandel & Pop-Up Stores Der Container kann als mobile Verkaufsfläche genutzt werden und lässt sich durch die offene Seite optimal präsentieren. Events & Messen Als Bar, Verkaufsstand oder Ausstellungsfläche – schnell aufgestellt und flexibel nutzbar. Industrie & Gewerbe Geeignet als Lagerlösung oder mobile Werkstatt in verschiedensten Branchen. Warum einen 15 Fuß High Cube Open Side Container wählen? Die Kombination aus kompakter Größe, zusätzlicher Höhe und kompletter Seitenöffnung macht diesen Container zu einer der effizientesten Lösungen auf dem Markt. Unternehmen profitieren von optimierten Arbeitsabläufen, besserer Raumnutzung und hoher Flexibilität. Im Vergleich zu herkömmlichen Containern bietet dieses Modell entscheidende Vorteile: Schnellere Ladeprozesse Bessere Übersicht über gelagerte Güter Mehr Platz durch erhöhte Bauweise Flexible Einsatzmöglichkeiten Kauf oder Miete – Was ist die bessere Wahl? Je nach Bedarf kann ein 15 Fuß High Cube Open Side Container sowohl gekauft als auch gemietet werden. Kauf Langfristige Nutzung Individuelle Anpassungsmöglichkeiten Wirtschaftlich bei dauerhaftem Einsatz Miete Ideal für kurzfristige Projekte Geringere Anfangskosten Flexibel skalierbar Tipps für die richtige Nutzung Achten Sie auf einen ebenen Untergrund für optimale Stabilität Nutzen Sie Regalsysteme zur besseren Organisation Sichern Sie den Container gegen unbefugten Zugriff Prüfen Sie regelmäßig den Zustand der Türen und Scharniere Fazit Der 15 Fuß High Cube Open Side Container ist eine durchdachte, flexible und effiziente Lösung für moderne Lager- und Transportanforderungen. Mit seiner einzigartigen Kombination aus zusätzlicher Höhe und vollständiger Seitenöffnung bietet er klare Vorteile gegenüber Standardcontainern. Ob für Bau, Logistik, Handel oder Events – dieser Container überzeugt durch Funktionalität, Robustheit und Vielseitigkeit und ist eine lohnende Investition für Unternehmen jeder Größe.</p>
  
  <h2>Typische Anwendungsbereiche</h2>
  <ul>
    <li>Lagerung von Baumaterialien</li>
    <li>Warenlager für Handel</li>
    <li>Seefracht-Transport</li>
    <li>Mobile Werkstatt</li>
    <li>Zwischenlager bei Umzügen</li>
  </ul>
  
  <h2>Unsere Serviceleistungen</h2>
  <ul>
    <li>Kostenlose Lieferung (auf Anfrage)</li>
    <li>Professionelle Beratung</li>
    <li>Finanzierung möglich</li>
    <li>30 Tage Rückgabegarantie</li>
  </ul>
</div>",GSHandels,"Container","Container, GSHandels, Lagerung, Transport, High Cube",true,Title,Default Title,,,,,CDXA68W,,shopify,10,deny,manual,1850.00,,true,true,,https://gshandels.com/wp-content/uploads/2026/03/130d33_f28137fbf8384230ba442a24c4dcbe3bmv2.jpg,1,"15 Fuß High Cube Open Side Container",false,"15 Fuß High Cube Open Side Container | GSHandels - Professionelle Containerlösungen","Hochwertiger 15 Fuß High Cube Open Side Container von GSHandels. Professionelle Containerlösungen für Lagerung, Transport und gewerbliche Nutzung. Jetzt unverbindlich anfragen!",594,active
cdbvwgr,"40-Fuß-Flat-Rack-Frachttauglich","<div class=""product-description"">
  <h1>40-Fuß-Flat-Rack-Frachttauglich</h1>
  
  <h2>Produktvorteile</h2>
  <ul>
    <li>Wind- und wasserdicht nach ISO-Norm</li>
    <li>CSC-zertifiziert für weltweiten Seetransport</li>
    <li>Stabile Stahlkonstruktion</li>
    <li>Sofort verfügbar - Kurze Lieferzeiten</li>
    <li>Flexible Zahlungsoptionen möglich</li>
  </ul>
  
  <h2>Technische Spezifikationen</h2>
  <table border=""0"" cellspacing=""0"" cellpadding=""5"">
    <tr>
      <td><strong>Material</strong></td>
      <td>Hochwertiger Stahl / Cortenstahl</td>
    </tr>
    <tr>
      <td><strong>Zustand</strong></td>
      <td>Neu oder Gebraucht</td>
    </tr>
    <tr>
      <td><strong>Zertifizierung</strong></td>
      <td>ISO 668, CSC-Plakette</td>
    </tr>
    <tr>
      <td><strong>Verfügbarkeit</strong></td>
      <td>Sofort lieferbar</td>
    </tr>
  </table>
  
  <h2>Beschreibung</h2>
  <p>Ein 40-Fuß-Flat-Rack-Transportcontainer „Cargo Worthy“ (CW) ist eine Art Spezialcontainer, der für den Transport schwerer, sperriger Fracht konzipiert ist, die nicht in einen Standardcontainer mit fester Seite geladen werden kann. Flat-Rack-Container sind mit aufklappbaren oder abnehmbaren Seitenwänden und festen Endpfosten ausgestattet und bieten so große Flexibilität beim Be- und Entladen von Waren. Hauptmerkmale ABMESSUNGEN Externe Länge: 12,192 mm (40 Fuß) Breite: 2,438 mm (8 Fuß) Höhe: Variiert je nach Modell (typischerweise ca. 2,591 mm) intern Länge: 12,032 mm Länge : 2,352 mm Höhe: Variiert je nach Modell Kapazität und Gewicht Innenvolumen: Variabel je nach den spezifischen Abmessungen des Flat Racks. Maximales Bruttogewicht: ca. 45,000 kg (kann leicht variieren) Leergewicht: ca. 5,000 bis 6,000 kg (kann leicht variieren) Nutzlast: ca. 39,000 bis 40,000 kg (kann leicht variieren) Aufbau Material: Robuste Cortenstahlkonstruktion, beständig gegen Rost und Witterungseinflüsse. Boden: Normalerweise Hartholz, das schwere Lasten tragen kann. Endpfosten: Fest und stabil, für die Aufnahme schwerer Lasten ausgelegt. Seitenwände: Klappbar oder abnehmbar für einfaches Be- und Entladen. Sicherheit und Konformität Schlösser und Riegel: Robuste Endpfosten zur Warensicherung. Zertifizierungen: Einhaltung von ISO-Standards und internationalen Vorschriften für den Gütertransport. Die „Cargo Worthy“-Zertifizierung stellt sicher, dass der Container seetüchtig ist und zum Transport von Gütern eingesetzt werden kann. Flexibilität beim Laden Beladung von oben: Ideal für übergroße Güter, die nicht durch Standardtüren geladen werden können. Seitliche Beladung: Klappbare Seitenwände ermöglichen eine seitliche Be- und Entladung. Typische Anwendungen Transport schwerer und sperriger Güter: Industriemaschinen, Fahrzeuge, Baumaterialien usw. Lagerung: Zur vorübergehenden oder dauerhaften Lagerung sperriger Güter. Industrie- und Bauprojekte: Perfekt für Geräte und Materialien, die eine besondere Handhabung erfordern.</p>
  
  <h2>Typische Anwendungsbereiche</h2>
  <ul>
    <li>Lagerung von Baumaterialien</li>
    <li>Warenlager für Handel</li>
    <li>Seefracht-Transport</li>
    <li>Mobile Werkstatt</li>
    <li>Zwischenlager bei Umzügen</li>
  </ul>
  
  <h2>Unsere Serviceleistungen</h2>
  <ul>
    <li>Kostenlose Lieferung (auf Anfrage)</li>
    <li>Professionelle Beratung</li>
    <li>Finanzierung möglich</li>
    <li>30 Tage Rückgabegarantie</li>
  </ul>
</div>",GSHandels,"Container","Container, GSHandels, Lagerung, Transport, Flat Rack, 40 Fuß",true,Title,Default Title,,,,,CDBVWGR,,shopify,10,deny,manual,2033.33,,true,true,,https://gshandels.com/wp-content/uploads/2026/03/83ccc604a280mv2-1.webp,1,"40-Fuß-Flat-Rack-Frachttauglich",false,"40-Fuß-Flat-Rack-Frachttauglich | GSHandels - Professionelle Containerlösungen","Hochwertiger 40-Fuß-Flat-Rack-Frachttauglich von GSHandels. Professionelle Containerlösungen für Lagerung, Transport und gewerbliche Nutzung. Jetzt unverbindlich anfragen!",594,active
cdx9355,"20 HC mit nach oben öffnendem Container für Restaurant","<div class=""product-description"">
  <h1>20 HC mit nach oben öffnendem Container für Restaurant</h1>
  
  <h2>Produktvorteile</h2>
  <ul>
    <li>Wind- und wasserdicht nach ISO-Norm</li>
    <li>CSC-zertifiziert für weltweiten Seetransport</li>
    <li>Stabile Stahlkonstruktion</li>
    <li>Sofort verfügbar - Kurze Lieferzeiten</li>
    <li>Flexible Zahlungsoptionen möglich</li>
  </ul>
  
  <h2>Technische Spezifikationen</h2>
  <table border=""0"" cellspacing=""0"" cellpadding=""5"">
    <tr>
      <td><strong>Material</strong></td>
      <td>Hochwertiger Stahl / Cortenstahl</td>
    </tr>
    <tr>
      <td><strong>Zustand</strong></td>
      <td>Neu oder Gebraucht</td>
    </tr>
    <tr>
      <td><strong>Zertifizierung</strong></td>
      <td>ISO 668, CSC-Plakette</td>
    </tr>
    <tr>
      <td><strong>Verfügbarkeit</strong></td>
      <td>Sofort lieferbar</td>
    </tr>
  </table>
  
  <h2>Beschreibung</h2>
  <p>Entdecken Sie unsere Gourmet- und Gewerbebehälter, die speziell auf die Bedürfnisse von Gastronomieprofis zugeschnitten sind. Dieser 20-Fuß-Container mit einer Grundfläche von 15 m² ist mit einer pneumatisch anhebbaren Seitenklappe und original maritimen Türen ausgestattet und garantiert so optimale Robustheit und Funktionalität. Containerspezifikationen Außenmaße: Breite: 2,43 m Länge: m 6,04 Höhe: 2,90 m Innenfläche: 14,68 m² Zustand: Guter Zustand, gebraucht Charakteristik Lackierung: Schwarz lackiert, mit der Möglichkeit der Innenausstattung entsprechend Ihren spezifischen Bedürfnissen. Fenster: Ausgestattet mit einem Fenster an der Längswand, mit Öffnungsmechanismus, der für mehr Belüftung und Licht sorgt. Zusätzliche Optionen: Möglichkeit, auf Anfrage eine Elektroinstallation hinzuzufügen, um die Funktionalität zu erhöhen. Technische Details Rahmen: Im Lieferumfang enthalten, mit der Möglichkeit der kundenspezifischen Anpassung an spezifische Kundenanforderungen. Seecontainer: HC-Variante (High Cube) mit zusätzlichem Innenraum im Vergleich zu Standardcontainern. Version: Modifiziert, um den Restaurierungsspezifikationen zu entsprechen. Türtyp: Originale maritime Türen, die optimale Sicherheit und Haltbarkeit gewährleisten. Dieser Container ist ideal für Gourmet-Events, Foodtrucks oder als mobiler Küchenraum. Es vereint Funktionalität und Flexibilität, um sich an verschiedene professionelle Anforderungen in der Gastronomie anzupassen.</p>
  
  <h2>Typische Anwendungsbereiche</h2>
  <ul>
    <li>Lagerung von Baumaterialien</li>
    <li>Warenlager für Handel</li>
    <li>Seefracht-Transport</li>
    <li>Mobile Werkstatt</li>
    <li>Zwischenlager bei Umzügen</li>
  </ul>
  
  <h2>Unsere Serviceleistungen</h2>
  <ul>
    <li>Kostenlose Lieferung (auf Anfrage)</li>
    <li>Professionelle Beratung</li>
    <li>Finanzierung möglich</li>
    <li>30 Tage Rückgabegarantie</li>
  </ul>
</div>",GSHandels,"Container","Container, GSHandels, Lagerung, Transport",true,Title,Default Title,,,,,CDX9355,,shopify,10,deny,manual,2733.33,,true,true,,https://gshandels.com/wp-content/uploads/2026/03/52aa76_1749feee6-600x454-1.webp,1,"20 HC mit nach oben öffnendem Container für Restaurant",false,"20 HC mit nach oben öffnendem Container für Restaurant | GSHandels - Professionelle Containerlösungen","Hochwertiger 20 HC mit nach oben öffnendem Container für Restaurant von GSHandels. Professionelle Containerlösungen für Lagerung, Transport und gewerbliche Nutzung. Jetzt unverbindlich anfragen!",594,active
repled316un,"Anhänger-Flachbett für EDUARD 311 x 160 cm – PTAC 2700 kg","<div class=""product-description"">
  <h1>Anhänger-Flachbett für EDUARD 311 x 160 cm – PTAC 2700 kg</h1>
  
  <h2>Produktvorteile</h2>
  <ul>
    <li>Wind- und wasserdicht nach ISO-Norm</li>
    <li>CSC-zertifiziert für weltweiten Seetransport</li>
    <li>Stabile Stahlkonstruktion</li>
    <li>Sofort verfügbar - Kurze Lieferzeiten</li>
    <li>Flexible Zahlungsoptionen möglich</li>
  </ul>
  
  <h2>Technische Spezifikationen</h2>
  <table border=""0"" cellspacing=""0"" cellpadding=""5"">
    <tr>
      <td><strong>Material</strong></td>
      <td>Hochwertiger Stahl / Cortenstahl</td>
    </tr>
    <tr>
      <td><strong>Zustand</strong></td>
      <td>Neu oder Gebraucht</td>
    </tr>
    <tr>
      <td><strong>Zertifizierung</strong></td>
      <td>ISO 668, CSC-Plakette</td>
    </tr>
    <tr>
      <td><strong>Verfügbarkeit</strong></td>
      <td>Sofort lieferbar</td>
    </tr>
  </table>
  
  <h2>Beschreibung</h2>
  <p>UTILISATION Ce porte-voitures surbaissé Eduard est le modèle de base sans options. Le poids total autorisé en charge (PTAC) est de 750 kg à 2 700 kg, la charge utile de 502 kg à 2 452 kg. Un large éventail d’options et d’équipements est disponible pour tous les domaines d’application, moyennant un coût supplémentaire. Le poids total autorisé en charge (PTAC) de la remorque est de 2 700 kg. Hauteur de chargement : 72 ou 63 cm. Essieu simple ou double. Freinage ou absence de freins disponibles pour le modèle PTAC de 750 kg. Des options (ou équipements) supplémentaires peuvent être ajoutés : Rampes et treuils (pour faciliter le chargement) , extensions en filet ou parois latérales fermées (pour augmenter la surface de chargement et s’adapter à différents usages (déchets verts, bois de chauffage, débris de construction, outils de jardinage ou de bricolage, etc.)), porte-échelle (pour le transport de matériaux longs (échelles, poteaux métalliques, planches de bois, etc.)) , bâches plates et hautes (pour protéger votre chargement de la pluie et des intempéries). LES AVANTAGES DES ANNEAUX DE BOUTEILLE MULTIFONCTIONNELS D’EDUARD Excellent rapport qualité-prix (le modèle de base, sans options ni équipements de série, est proposé au meilleur prix). Une modularité impressionnante pour répondre à tous les besoins (privés et commerciaux). Les rouleaux sous plancher offrent une plus grande surface utile (311 x 160 cm) tout en économisant de l’espace dans votre garage ou votre pièce de rangement. Un plancher en contreplaqué résistant aux intempéries et antidérapant. Un châssis robuste galvanisé à chaud, conçu pour supporter des charges lourdes. Dans notre entrepôt de 15 000 m², Ultra Négoce propose un large choix de semi-remorques plateaux. Nous sommes à votre disposition pour vous conseiller de manière personnalisée et adaptée à vos besoins spécifiques en matière d’utilisation, de qualité et de budget. Nous disposons d’une vaste gamme de semi-remorques plateaux, et bien qu’elles puissent paraître similaires, chaque modèle est conçu pour une application particulière. N’hésitez donc pas à contacter nos experts pour toute question.</p>
  
  <h2>Typische Anwendungsbereiche</h2>
  <ul>
    <li>Lagerung von Baumaterialien</li>
    <li>Warenlager für Handel</li>
    <li>Seefracht-Transport</li>
    <li>Mobile Werkstatt</li>
    <li>Zwischenlager bei Umzügen</li>
  </ul>
  
  <h2>Unsere Serviceleistungen</h2>
  <ul>
    <li>Kostenlose Lieferung (auf Anfrage)</li>
    <li>Professionelle Beratung</li>
    <li>Finanzierung möglich</li>
    <li>30 Tage Rückgabegarantie</li>
  </ul>
</div>",GSHandels,"Container","Container, GSHandels, Lagerung, Transport",true,Title,Default Title,,,,,REPLED316UN,,shopify,10,deny,manual,2200.00,,true,true,,https://gshandels.com/wp-content/uploads/2026/03/Remorque-plateau-nu-EDUARD-PTAC-750-Kg-1-essieu-non-frei-1-2.jpg,1,"Anhänger-Flachbett für EDUARD 311 x 160 cm – PTAC 2700 kg",false,"Anhänger-Flachbett für EDUARD 311 x 160 cm – PTAC 2700 kg | GSHandels - Professionelle Containerlösungen","Hochwertiger Anhänger-Flachbett für EDUARD 311 x 160 cm – PTAC 2700 kg von GSHandels. Professionelle Containerlösungen für Lagerung, Transport und gewerbliche Nutzung. Jetzt unverbindlich anfragen!",594,active
comar20bun,"20-Fuß-Blauer Container","<div class=""product-description"">
  <h1>20-Fuß-Blauer Container</h1>
  
  <h2>Produktvorteile</h2>
  <ul>
    <li>Wind- und wasserdicht nach ISO-Norm</li>
    <li>CSC-zertifiziert für weltweiten Seetransport</li>
    <li>Stabile Stahlkonstruktion</li>
    <li>Sofort verfügbar - Kurze Lieferzeiten</li>
    <li>Flexible Zahlungsoptionen möglich</li>
  </ul>
  
  <h2>Technische Spezifikationen</h2>
  <table border=""0"" cellspacing=""0"" cellpadding=""5"">
    <tr>
      <td><strong>Material</strong></td>
      <td>Hochwertiger Stahl / Cortenstahl</td>
    </tr>
    <tr>
      <td><strong>Zustand</strong></td>
      <td>Neu oder Gebraucht</td>
    </tr>
    <tr>
      <td><strong>Zertifizierung</strong></td>
      <td>ISO 668, CSC-Plakette</td>
    </tr>
    <tr>
      <td><strong>Verfügbarkeit</strong></td>
      <td>Sofort lieferbar</td>
    </tr>
  </table>
  
  <h2>Beschreibung</h2>
  <p>Der 20-Fuß-Seecontainer in Blau – Einwegzustand – ist eine zuverlässige, langlebige und ISO-konforme Lösung, ideal für internationale Transporte, sichere Lagerung oder modulare Bauweisen. Dank seiner Standardgröße lässt er sich problemlos in jedes Gelände und jede Anlage integrieren. Zustand des Containers: Neu – Erste Reise (nur einmal für den Seetransport verwendet) Keine Dellen, kein Rost Originallack intakt Garantiert wasserdicht – vor Auslieferung geprüft CSC-zertifiziert für internationalen Seetransport Technische Daten: Außenmaße (L x B x H): 6,06 m x 2,44 m x 2,59 m Innenmaße (L x B x H): 5,90 m x 2,35 m x 2,39 m Nutzvolumen: ca. 33 m³ Leergewicht: ca. 2.200 kg Maximale Nutzlast: Bis zu 28.000 kg Konstruktion: Hochfeste CORTEN-Stahlkonstruktion, langlebig 28 mm starker, behandelter Bootsbausperrholzboden Doppelflügeltüren mit 270°-Öffnungswinkel, verstärkte Verriegelungsstangen Umlaufende Dichtungen 100 % luft- und wasserdicht Seitliche Belüftungsgitter für optimale Luftzirkulation Transport & Handhabung: Standard-ISO-Ecken für das Anheben per Kran oder Gabelstapler Stapelbarer und leicht transportierbarer Container Kann je nach Bedarf leer oder beladen transportiert werden Dieses Modell eignet sich sowohl für Logistikunternehmen als auch für Privatpersonen, die einen robusten, funktionalen und sofort einsatzbereiten Container für ihre Projekte suchen. Er bietet ein optimales Verhältnis von Kapazität, Sicherheit und einwandfreiem Zustand.</p>
  
  <h2>Typische Anwendungsbereiche</h2>
  <ul>
    <li>Lagerung von Baumaterialien</li>
    <li>Warenlager für Handel</li>
    <li>Seefracht-Transport</li>
    <li>Mobile Werkstatt</li>
    <li>Zwischenlager bei Umzügen</li>
  </ul>
  
  <h2>Unsere Serviceleistungen</h2>
  <ul>
    <li>Kostenlose Lieferung (auf Anfrage)</li>
    <li>Professionelle Beratung</li>
    <li>Finanzierung möglich</li>
    <li>30 Tage Rückgabegarantie</li>
  </ul>
</div>",GSHandels,"Container","Container, GSHandels, Lagerung, Transport, 20 Fuß",true,Title,Default Title,,,,,COMAR20BUN,,shopify,10,deny,manual,1300.00,,true,true,,https://gshandels.com/wp-content/uploads/2026/03/Rear.jpg,1,"20-Fuß-Blauer Container",false,"20-Fuß-Blauer Container | GSHandels - Professionelle Containerlösungen","Hochwertiger 20-Fuß-Blauer Container von GSHandels. Professionelle Containerlösungen für Lagerung, Transport und gewerbliche Nutzung. Jetzt unverbindlich anfragen!",594,active
3042,"Schlüsselfertiges 30 m² Containerhaus – Moderne Lösung","<div class=""product-description"">
  <h1>Schlüsselfertiges 30 m² Containerhaus – Moderne Lösung</h1>
  
  <h2>Produktvorteile</h2>
  <ul>
    <li>Wind- und wasserdicht nach ISO-Norm</li>
    <li>CSC-zertifiziert für weltweiten Seetransport</li>
    <li>Stabile Stahlkonstruktion</li>
    <li>Sofort verfügbar - Kurze Lieferzeiten</li>
    <li>Flexible Zahlungsoptionen möglich</li>
  </ul>
  
  <h2>Technische Spezifikationen</h2>
  <table border=""0"" cellspacing=""0"" cellpadding=""5"">
    <tr>
      <td><strong>Material</strong></td>
      <td>Hochwertiger Stahl / Cortenstahl</td>
    </tr>
    <tr>
      <td><strong>Zustand</strong></td>
      <td>Neu oder Gebraucht</td>
    </tr>
    <tr>
      <td><strong>Zertifizierung</strong></td>
      <td>ISO 668, CSC-Plakette</td>
    </tr>
    <tr>
      <td><strong>Verfügbarkeit</strong></td>
      <td>Sofort lieferbar</td>
    </tr>
  </table>
  
  <h2>Beschreibung</h2>
  <p>Dieses 30 m² große Containerhaus bietet eine moderne, kompakte und praktische Wohnlösung , ideal für alle, die einen sofort bezugsfertigen Wohnraum suchen. Dank hochwertiger Ausstattung und leistungsstarker Isolierung bietet es optimalen thermischen Komfort zu jeder Jahreszeit. Ob als Hauptwohnsitz , Ferienhaus oder temporäre Unterkunft – dieses schlüsselfertige Modell erfüllt alle Ihre Bedürfnisse. Hauptmerkmale: Gesamtfläche: 30 m² Äußere Abmessungen: 12,2 m lang, 2,5 m breit, 2,9 m hoch Innenmaße: 11,9 m lang, 2,1 m breit, 2,5 m hoch Innenaufteilung: Separates Schlafzimmer: Bietet Privatsphäre und Komfort , ideal für einen erholsamen Schlaf. Separates Badezimmer: Komplett ausgestattet mit Waschbecken , Dusche und Toilette . Wohnzimmer mit Kochnische: Ein offener und einladender Raum, perfekt zum Essen und Entspannen. Garderobe und Eingangsbereich: Für praktische und übersichtliche Aufbewahrung. Wärmedämmung und thermischer Komfort: Isolierung: PUR -Dämmplatten mit einem Wärmedurchgangskoeffizienten von U=0,18 W/m²K , die eine hervorragende Energieeffizienz gewährleisten. Heizung und Kühlung: Luft-Luft-Wärmepumpe für optimalen thermischen Komfort . Elektrische Fußbodenheizung für gleichmäßige Wärmeverteilung. 50-Liter-Elektroboiler zur Warmwasserbereitung. Fenster und Öffnungen: Dreifach verglaste PVC-Fenster: Für hohe Energieeffizienz und verbesserte Schalldämmung . Fensterhöhe: 240 cm , für maximalen Einfall von Tageslicht . Außenverkleidung: Fassade: Lackiert für ein klares Design und langfristige Haltbarkeit . Dach: Behandlung zur Erhöhung der Witterungsbeständigkeit . Im Preis inbegriffen: Komplett schlüsselfertiges Gebäude mit Innen- und Außenbeleuchtung . Komplette Installationen für Strom , Wasser und Abwasser , anschlussbereit. Belüftungssystem, das einen ständigen Luftaustausch gewährleistet . Innenwände aus Forestia-Paneelen mit elegantem und modernem Finish. Vinylboden : Pflegeleicht und ästhetisch ansprechend. Voll ausgestattetes Badezimmer mit allen notwendigen Utensilien. Heizung: Elektrische Heizkörper mit Thermostat zur präzisen Temperaturregelung. Weiße 80 cm Innentüren für eine gute Luftzirkulation zwischen den Räumen. Ausnahmen (nicht im Preis enthalten): Transport und Montage: Transport- und Montagekosten vor Ort sollten eingeplant werden. Fundamente: Die für die Installation erforderlichen Fundamente müssen vor Ort gelegt werden. Anschluss an Strom, Wasser und Abwasser: Wird vor Ort organisiert. Verfügbare Optionen: Anpassungen an lokale Standards : Spezifische Anpassungen zur Erfüllung lokaler Anforderungen. „Grüne“ Außenwand: Für ökologische Integration . Zusätzliche Isolierung: Verbesserte Isolierung für optimierte Wärmeleistung. Jalousien: Durch das Anbringen von Jalousien lässt sich Licht und Wärme besser regulieren. IKEA-Küche nach Maß : Gestalten Sie Ihre Küche individuell mit IKEA-Möbeln. Dachterrasse: Eine Möglichkeit, den Außenbereich optimal zu nutzen und einen Panoramablick zu genießen .</p>
  
  <h2>Typische Anwendungsbereiche</h2>
  <ul>
    <li>Lagerung von Baumaterialien</li>
    <li>Warenlager für Handel</li>
    <li>Seefracht-Transport</li>
    <li>Mobile Werkstatt</li>
    <li>Zwischenlager bei Umzügen</li>
  </ul>
  
  <h2>Unsere Serviceleistungen</h2>
  <ul>
    <li>Kostenlose Lieferung (auf Anfrage)</li>
    <li>Professionelle Beratung</li>
    <li>Finanzierung möglich</li>
    <li>30 Tage Rückgabegarantie</li>
  </ul>
</div>",GSHandels,"Container","Container, GSHandels, Lagerung, Transport",true,Title,Default Title,,,,,3042,,shopify,10,deny,manual,36000.00,,true,true,,https://gshandels.com/wp-content/uploads/2026/03/52aa76_3df67a6d79f64581a61ff10ad4f771fbmv2.webp,1,"Schlüsselfertiges 30 m² Containerhaus – Moderne Lösung",false,"Schlüsselfertiges 30 m² Containerhaus – Moderne Lösung | GSHandels - Professionelle Containerlösungen","Hochwertiger Schlüsselfertiges 30 m² Containerhaus – Moderne Lösung von GSHandels. Professionelle Containerlösungen für Lagerung, Transport und gewerbliche Nutzung. Jetzt unverbindlich anfragen!",594,active
3041,"20-Fuß-Doppeltür-Seecontainer","<div class=""product-description"">
  <h1>20-Fuß-Doppeltür-Seecontainer</h1>
  
  <h2>Produktvorteile</h2>
  <ul>
    <li>Wind- und wasserdicht nach ISO-Norm</li>
    <li>CSC-zertifiziert für weltweiten Seetransport</li>
    <li>Stabile Stahlkonstruktion</li>
    <li>Sofort verfügbar - Kurze Lieferzeiten</li>
    <li>Flexible Zahlungsoptionen möglich</li>
  </ul>
  
  <h2>Technische Spezifikationen</h2>
  <table border=""0"" cellspacing=""0"" cellpadding=""5"">
    <tr>
      <td><strong>Material</strong></td>
      <td>Hochwertiger Stahl / Cortenstahl</td>
    </tr>
    <tr>
      <td><strong>Zustand</strong></td>
      <td>Neu oder Gebraucht</td>
    </tr>
    <tr>
      <td><strong>Zertifizierung</strong></td>
      <td>ISO 668, CSC-Plakette</td>
    </tr>
    <tr>
      <td><strong>Verfügbarkeit</strong></td>
      <td>Sofort lieferbar</td>
    </tr>
  </table>
  
  <h2>Beschreibung</h2>
  <p>Der Doppeltürcontainer ermöglicht dank seiner Türen an beiden Enden einen bequemen Zugang von beiden Seiten. Gefertigt aus Cortenstahl, bietet er optimale Beständigkeit gegenüber Witterungseinflüssen und Transport. Dieses Modell eignet sich ideal für schnelles und komfortables Be- und Entladen. Spezifikationen : Abmessungen : 20 Fuß (6,06 m) oder 40 Fuß (12,2 m) Ladekapazität : 20 Fuß (28.230 kg), 40 Fuß (30.480 kg) Volumen : Abhängig von der Behältergröße Material : Cortenstahl, korrosionsbeständig Türen : Zwei Türen an jedem Ende für einfachen Zugang Verriegelung : Ein sicheres System zum Schutz von Waren Zertifizierung : Entspricht den ISO-Normen für optimale Kompatibilität mit Fördertechnik Übliche Einsatzgebiete : Transport von Schüttgütern, mobile Lager, Bauprojekte, temporäre Veranstaltungen usw.</p>
  
  <h2>Typische Anwendungsbereiche</h2>
  <ul>
    <li>Lagerung von Baumaterialien</li>
    <li>Warenlager für Handel</li>
    <li>Seefracht-Transport</li>
    <li>Mobile Werkstatt</li>
    <li>Zwischenlager bei Umzügen</li>
  </ul>
  
  <h2>Unsere Serviceleistungen</h2>
  <ul>
    <li>Kostenlose Lieferung (auf Anfrage)</li>
    <li>Professionelle Beratung</li>
    <li>Finanzierung möglich</li>
    <li>30 Tage Rückgabegarantie</li>
  </ul>
</div>",GSHandels,"Container","Container, GSHandels, Lagerung, Transport, 20 Fuß",true,Title,Default Title,,,,,3041,,shopify,10,deny,manual,2000.00,,true,true,,https://gshandels.com/wp-content/uploads/2026/03/dd-maritime.webp,1,"20-Fuß-Doppeltür-Seecontainer",false,"20-Fuß-Doppeltür-Seecontainer | GSHandels - Professionelle Containerlösungen","Hochwertiger 20-Fuß-Doppeltür-Seecontainer von GSHandels. Professionelle Containerlösungen für Lagerung, Transport und gewerbliche Nutzung. Jetzt unverbindlich anfragen!",594,active
3044,"TWEEDEHANDS 20FT BUREELCONTAINER","<div class=""product-description"">
  <h1>TWEEDEHANDS 20FT BUREELCONTAINER</h1>
  
  <h2>Produktvorteile</h2>
  <ul>
    <li>Wind- und wasserdicht nach ISO-Norm</li>
    <li>CSC-zertifiziert für weltweiten Seetransport</li>
    <li>Stabile Stahlkonstruktion</li>
    <li>Sofort verfügbar - Kurze Lieferzeiten</li>
    <li>Flexible Zahlungsoptionen möglich</li>
  </ul>
  
  <h2>Technische Spezifikationen</h2>
  <table border=""0"" cellspacing=""0"" cellpadding=""5"">
    <tr>
      <td><strong>Material</strong></td>
      <td>Hochwertiger Stahl / Cortenstahl</td>
    </tr>
    <tr>
      <td><strong>Zustand</strong></td>
      <td>Neu oder Gebraucht</td>
    </tr>
    <tr>
      <td><strong>Zertifizierung</strong></td>
      <td>ISO 668, CSC-Plakette</td>
    </tr>
    <tr>
      <td><strong>Verfügbarkeit</strong></td>
      <td>Sofort lieferbar</td>
    </tr>
  </table>
  
  <h2>Beschreibung</h2>
  <p>Buitenwanden: staalplaat Standaard wandisolatie minerale wol Vloer: spaanplaat, met pvc vloerbedekking Geïsoleerde stalen buitendeur 2 x schuifraam met rolluik Elektrische installatie met buitenaansluiting, CEE-stekker 2 x TL-verlichting met schakelaar 4 x stopcontact Met keukenblok Kleur : Blauw – RAL 5010 Buitenafmeting (LxBxH) 6055 x 2435 x 2591 mm Binnenafmetingen (LxBxH) 5860 x 2240 x 2340 mm Gewicht vanaf 2150</p>
  
  <h2>Typische Anwendungsbereiche</h2>
  <ul>
    <li>Lagerung von Baumaterialien</li>
    <li>Warenlager für Handel</li>
    <li>Seefracht-Transport</li>
    <li>Mobile Werkstatt</li>
    <li>Zwischenlager bei Umzügen</li>
  </ul>
  
  <h2>Unsere Serviceleistungen</h2>
  <ul>
    <li>Kostenlose Lieferung (auf Anfrage)</li>
    <li>Professionelle Beratung</li>
    <li>Finanzierung möglich</li>
    <li>30 Tage Rückgabegarantie</li>
  </ul>
</div>",GSHandels,"Container","Container, GSHandels, Lagerung, Transport, 20 Fuß",true,Title,Default Title,,,,,3044,,shopify,10,deny,manual,4543.00,,true,true,,https://gshandels.com/wp-content/uploads/2026/03/7647.jpeg,1,"TWEEDEHANDS 20FT BUREELCONTAINER",false,"TWEEDEHANDS 20FT BUREELCONTAINER | GSHandels - Professionelle Containerlösungen","Hochwertiger TWEEDEHANDS 20FT BUREELCONTAINER von GSHandels. Professionelle Containerlösungen für Lagerung, Transport und gewerbliche Nutzung. Jetzt unverbindlich anfragen!",594,active
3043,"15 m² Container-Minihaus – Mobile Lösung","<div class=""product-description"">
  <h1>15 m² Container-Minihaus – Mobile Lösung</h1>
  
  <h2>Produktvorteile</h2>
  <ul>
    <li>Wind- und wasserdicht nach ISO-Norm</li>
    <li>CSC-zertifiziert für weltweiten Seetransport</li>
    <li>Stabile Stahlkonstruktion</li>
    <li>Sofort verfügbar - Kurze Lieferzeiten</li>
    <li>Flexible Zahlungsoptionen möglich</li>
  </ul>
  
  <h2>Technische Spezifikationen</h2>
  <table border=""0"" cellspacing=""0"" cellpadding=""5"">
    <tr>
      <td><strong>Material</strong></td>
      <td>Hochwertiger Stahl / Cortenstahl</td>
    </tr>
    <tr>
      <td><strong>Zustand</strong></td>
      <td>Neu oder Gebraucht</td>
    </tr>
    <tr>
      <td><strong>Zertifizierung</strong></td>
      <td>ISO 668, CSC-Plakette</td>
    </tr>
    <tr>
      <td><strong>Verfügbarkeit</strong></td>
      <td>Sofort lieferbar</td>
    </tr>
  </table>
  
  <h2>Beschreibung</h2>
  <p>Entdecken Sie mit diesem 15 m² großen Container-Minihaus eine schlüsselfertige Lösung für mobiles Wohnen – ideal für die Aufstellung in ländlichen Gebieten, an einem See oder inmitten der Natur. Es vereint Robustheit, Komfort und modernes Design und bietet einen funktionalen Raum für vielfältige Nutzungsmöglichkeiten. Allgemeine Merkmale: ✅ Außenmaße: 6,1 m (L) x 2,4 m (B) x 2,9 m (H) ✅ Innenmaße: 5,7 m (L) x 2,1 m (B) x 2,5 m (H) ✅ Robuste und langlebige Konstruktion aus einem 20-Fuß-Seecontainer Innenarchitektur: ✔ Separates Badezimmer : Ausgestattet mit Waschbecken, Dusche, WC und einem 30-Liter-Warmwasserbereiter ✔ Wohnzimmer mit Kochnische (optional): Ein heller und flexibler Raum, ideal zum Entspannen und Kochen ✔ Hochleistungs-Wärmedämmung mit PUR-Schaum (U = 0,18 W/m²K), für ganzjährige Nutzung ✔ Dreifach verglaste PVC-Fenster : Optimaler akustischer und thermischer Komfort Design und Langlebigkeit: ✔ Moderne und witterungsbeständige Fassade und Dach ✔ Klares und zeitgemäßes Design , das sich harmonisch in verschiedene Umgebungen einfügt ✔ Einfacher Transport und einfache Montage , auch für schwer zugängliche Standorte geeignet Ein praktischer und funktionaler Lebensraum Ob als temporäre Unterkunft, Zweitwohnsitz oder zur saisonalen Vermietung – dieses Container-Minihaus ist eine wirtschaftliche, nachhaltige und komfortable Alternative . Es wird bezugsfertig geliefert und ermöglicht Ihnen, sofort einen optimierten und gut gestalteten Wohnraum zu genießen.</p>
  
  <h2>Typische Anwendungsbereiche</h2>
  <ul>
    <li>Lagerung von Baumaterialien</li>
    <li>Warenlager für Handel</li>
    <li>Seefracht-Transport</li>
    <li>Mobile Werkstatt</li>
    <li>Zwischenlager bei Umzügen</li>
  </ul>
  
  <h2>Unsere Serviceleistungen</h2>
  <ul>
    <li>Kostenlose Lieferung (auf Anfrage)</li>
    <li>Professionelle Beratung</li>
    <li>Finanzierung möglich</li>
    <li>30 Tage Rückgabegarantie</li>
  </ul>
</div>",GSHandels,"Container","Container, GSHandels, Lagerung, Transport",true,Title,Default Title,,,,,3043,,shopify,10,deny,manual,17000.00,,true,true,,https://gshandels.com/wp-content/uploads/2026/03/52aa76_cb819f641e934433ac83018f5fc264bemv2-2.webp,1,"15 m² Container-Minihaus – Mobile Lösung",false,"15 m² Container-Minihaus – Mobile Lösung | GSHandels - Professionelle Containerlösungen","Hochwertiger 15 m² Container-Minihaus – Mobile Lösung von GSHandels. Professionelle Containerlösungen für Lagerung, Transport und gewerbliche Nutzung. Jetzt unverbindlich anfragen!",594,active
3045,"Verwijderbare externe bar 3 x 2 meter, 10 FT","<div class=""product-description"">
  <h1>Verwijderbare externe bar 3 x 2 meter, 10 FT</h1>
  
  <h2>Produktvorteile</h2>
  <ul>
    <li>Wind- und wasserdicht nach ISO-Norm</li>
    <li>CSC-zertifiziert für weltweiten Seetransport</li>
    <li>Stabile Stahlkonstruktion</li>
    <li>Sofort verfügbar - Kurze Lieferzeiten</li>
    <li>Flexible Zahlungsoptionen möglich</li>
  </ul>
  
  <h2>Technische Spezifikationen</h2>
  <table border=""0"" cellspacing=""0"" cellpadding=""5"">
    <tr>
      <td><strong>Material</strong></td>
      <td>Hochwertiger Stahl / Cortenstahl</td>
    </tr>
    <tr>
      <td><strong>Zustand</strong></td>
      <td>Neu oder Gebraucht</td>
    </tr>
    <tr>
      <td><strong>Zertifizierung</strong></td>
      <td>ISO 668, CSC-Plakette</td>
    </tr>
    <tr>
      <td><strong>Verfügbarkeit</strong></td>
      <td>Sofort lieferbar</td>
    </tr>
  </table>
  
  <h2>Beschreibung</h2>
  <p>De buitenbar is circa 3×2 meter, zwart van kleur en beschikt over een opvouwbare luifel, de afmetingen zijn ongeveer gelijk aan een 10 voet opvouwbare container. Dit is ideaal voor mensen die wachten om droog te worden en geeft de buitenbar de uitstraling van een echte bar. Ook kan de overkapping worden neergeklapt en weer worden vergrendeld, waardoor de buitenbar veilig met de spullen erin kan blijven staan. Tevens is er aan de korte zijde een dubbele deur aanwezig. Hiermee kunnen grote voorwerpen, zoals biervaten, worden binnengebracht. Het is dan ook de ideale manier om bezoekers of vrienden een drankje aan te bieden. Een eenvoudige maar degelijke buitenbar. De buitenbar kan voor vele doeleinden gebruikt worden. Je kunt hem bijvoorbeeld gebruiken op een feest zoals een bar waar mensen terecht kunnen voor hun eten en drinken, maar hij kan zeker ook gebruikt worden op een festival of evenement. Het maakt dus niet uit of het groot of klein is. De benodigdheden, zoals drank, eten en koeling, zet je eenvoudig binnen in de buitenbar en je kunt direct aan de slag. Wij doen dit graag voor u, om uw lasten volledig te ontlasten. Vervolgens is de buitenbar eenvoudig te demonteren dankzij de verwijderbare panelen waaruit deze is gemaakt. Hierdoor kun je de buitenbar opbergen en neemt hij minimale ruimte in beslag. Uiteraard kan de buitenbar ook voor andere doeleinden gebruikt worden. Een ander groot voordeel van de buitenbarbar is dat deze gemakkelijk te verplaatsen is met een heftruck dankzij de hijshulzen aan de onderkant van de buitenbar. Het is dus gemakkelijk om het van punt a naar punt b te verplaatsen zonder de hulp van veel mensen.Wij garanderen ook de laagste prijs . U profiteert dus naast een kwaliteitsproduct ook van een lage prijs! Verdere informatie Maat 3 x 2 meter (5,5 m² /10 FT) Totaal pakketgewicht +/- 420kg Gewicht van het zwaarste element (grond) +/- 165 kg Levering Met een vrachtwagen met oplegger van 21 meter en vorkheftruck Montage Zeer gemakkelijk Garantie 1 jaar fabrieksgarantie op roest</p>
  
  <h2>Typische Anwendungsbereiche</h2>
  <ul>
    <li>Lagerung von Baumaterialien</li>
    <li>Warenlager für Handel</li>
    <li>Seefracht-Transport</li>
    <li>Mobile Werkstatt</li>
    <li>Zwischenlager bei Umzügen</li>
  </ul>
  
  <h2>Unsere Serviceleistungen</h2>
  <ul>
    <li>Kostenlose Lieferung (auf Anfrage)</li>
    <li>Professionelle Beratung</li>
    <li>Finanzierung möglich</li>
    <li>30 Tage Rückgabegarantie</li>
  </ul>
</div>",GSHandels,"Container","Container, GSHandels, Lagerung, Transport, Barcontainer",true,Title,Default Title,,,,,3045,,shopify,10,deny,manual,2053.00,,true,true,,https://gshandels.com/wp-content/uploads/2026/03/Bar-3x2-RAL9005-zonder-logo.jpg,1,"Verwijderbare externe bar 3 x 2 meter, 10 FT",false,"Verwijderbare externe bar 3 x 2 meter, 10 FT | GSHandels - Professionelle Containerlösungen","Hochwertiger Verwijderbare externe bar 3 x 2 meter, 10 FT von GSHandels. Professionelle Containerlösungen für Lagerung, Transport und gewerbliche Nutzung. Jetzt unverbindlich anfragen!",594,active
3046,"STANDAARD BUREAUCONTAINER 6,00 X 2,43M – NIEUW","<div class=""product-description"">
  <h1>STANDAARD BUREAUCONTAINER 6,00 X 2,43M – NIEUW</h1>
  
  <h2>Produktvorteile</h2>
  <ul>
    <li>Wind- und wasserdicht nach ISO-Norm</li>
    <li>CSC-zertifiziert für weltweiten Seetransport</li>
    <li>Stabile Stahlkonstruktion</li>
    <li>Sofort verfügbar - Kurze Lieferzeiten</li>
    <li>Flexible Zahlungsoptionen möglich</li>
  </ul>
  
  <h2>Technische Spezifikationen</h2>
  <table border=""0"" cellspacing=""0"" cellpadding=""5"">
    <tr>
      <td><strong>Material</strong></td>
      <td>Hochwertiger Stahl / Cortenstahl</td>
    </tr>
    <tr>
      <td><strong>Zustand</strong></td>
      <td>Neu oder Gebraucht</td>
    </tr>
    <tr>
      <td><strong>Zertifizierung</strong></td>
      <td>ISO 668, CSC-Plakette</td>
    </tr>
    <tr>
      <td><strong>Verfügbarkeit</strong></td>
      <td>Sofort lieferbar</td>
    </tr>
  </table>
  
  <h2>Beschreibung</h2>
  <p>Professioneel gelaste staalconstructie, samengesteld uit holle en gelamineerde profielen (dikte 3 mm S235), zelfdragend, gegrond en geverfd op polyurethaanbasis, Ral- Bodemstructuur: Blinde vloer: 0,5 mm T14 trapeziumplaat, vastgeklonken aan de vloerdwarsliggers Isolatie: minerale wol 100 mm, dampfilm 0,2 mm Grondplaat: OSB-panelen, geschroefd in geprofileerde stalen balken Vloerbedekking: 2 mm PVC met plint, geheel verlijmd, marmergrijs kleurpatroon. Toegestane grondbelasting: 3,8 kn/m Wandstructuur: Profielplaat: 0,5 mm T8 trapeziumplaat in RAL 7016 (antraciet) – andere kleuren volgens klantwens tegen meerprijs. Isolatie: Minerale wol 50 mm, tot 100 mm volgens klantvereisten Binnenbekleding: 16 mm laminaatpaneel, wit. Dampscherm: 0,2 mm – membraan Dakconstructie: Geprofileerde plaat: Trapeziumplaat 0,7 mm T35 Isolatie: minerale wol 100 mm Binnenbekleding: 16 mm laminaatpaneel, wit. Dampscherm: 0,2 mm – membraan Waterafvoer: afvoer van water via PVC-buizen in de hoeken van de container Raam: 1 stuk kunststof raam 2,00 x 1,20 m met isolerende beglazing, draaibeslag en kunststof zonwering 2 kunststof ramen 2,00 x 1,00 m met isolerende beglazing, draaibeslag en kunststof zonwering Deur: Buitendeur: ZKI60 deur, RAL7016 Afmetingen 900 x 1.970 mm, Elektrische installatie: VDE DE Elektrische Standaard CEE externe stekkers 380V/32A/5 polig. Verlichting – 2 x 50W LED-lampen, aangestuurd door een aan/uit-schakelaar, stopcontacten, een schakelkast met het juiste aantal zekeringen en FI-schakelaars. verandering mogelijk volgens klantvereisten; 8-delige containerhoeken.</p>
  
  <h2>Typische Anwendungsbereiche</h2>
  <ul>
    <li>Lagerung von Baumaterialien</li>
    <li>Warenlager für Handel</li>
    <li>Seefracht-Transport</li>
    <li>Mobile Werkstatt</li>
    <li>Zwischenlager bei Umzügen</li>
  </ul>
  
  <h2>Unsere Serviceleistungen</h2>
  <ul>
    <li>Kostenlose Lieferung (auf Anfrage)</li>
    <li>Professionelle Beratung</li>
    <li>Finanzierung möglich</li>
    <li>30 Tage Rückgabegarantie</li>
  </ul>
</div>",GSHandels,"Container","Container, GSHandels, Lagerung, Transport",true,Title,Default Title,,,,,3046,,shopify,10,deny,manual,1999.00,,true,true,,https://gshandels.com/wp-content/uploads/2026/03/IMG-6988_540x_1a5efa15-277f-484a.jpg,1,"STANDAARD BUREAUCONTAINER 6,00 X 2,43M – NIEUW",false,"STANDAARD BUREAUCONTAINER 6,00 X 2,43M – NIEUW | GSHandels - Professionelle Containerlösungen","Hochwertiger STANDAARD BUREAUCONTAINER 6,00 X 2,43M – NIEUW von GSHandels. Professionelle Containerlösungen für Lagerung, Transport und gewerbliche Nutzung. Jetzt unverbindlich anfragen!",594,active
3047,"Sozialcontainer 17 m² + Büro + Toilette, goldene Eiche","<div class=""product-description"">
  <h1>Sozialcontainer 17 m² + Büro + Toilette, goldene Eiche</h1>
  
  <h2>Produktvorteile</h2>
  <ul>
    <li>Wind- und wasserdicht nach ISO-Norm</li>
    <li>CSC-zertifiziert für weltweiten Seetransport</li>
    <li>Stabile Stahlkonstruktion</li>
    <li>Sofort verfügbar - Kurze Lieferzeiten</li>
    <li>Flexible Zahlungsoptionen möglich</li>
  </ul>
  
  <h2>Technische Spezifikationen</h2>
  <table border=""0"" cellspacing=""0"" cellpadding=""5"">
    <tr>
      <td><strong>Material</strong></td>
      <td>Hochwertiger Stahl / Cortenstahl</td>
    </tr>
    <tr>
      <td><strong>Zustand</strong></td>
      <td>Neu oder Gebraucht</td>
    </tr>
    <tr>
      <td><strong>Zertifizierung</strong></td>
      <td>ISO 668, CSC-Plakette</td>
    </tr>
    <tr>
      <td><strong>Verfügbarkeit</strong></td>
      <td>Sofort lieferbar</td>
    </tr>
  </table>
  
  <h2>Beschreibung</h2>
  <p>Abmessungen – 17 m² Äußere Länge : 6,0 m Äußere Breite : 2,9 m Innenhöhe : 2,6 m bis 2,5 m Technische Spezifikationen Außenwände : 10 cm Sandwichpaneel (Paneel – Polystyrol – Paneel), Wärmedurchgangskoeffizient 0,38 W/m²K. Pultdach : 10 cm Sandwichpaneel (Platte – Polystyrol – Platte), Wärmedurchgangskoeffizient 0,38 W/m²K. Trennwände : 10 cm Sandwichpaneel (Platte – Polystyrol – Platte), Wärmedurchgangskoeffizient 0,38 W/m²K. Innenwände : 5 cm Sandwichpaneel (Paneel – Polystyrol – Paneel), Wärmedurchgangskoeffizient 0,38 W/m²K. Boden : 10 cm Sandwichpaneel (Platte – Polystyrol – Platte), Wärmedurchgangskoeffizient 0,38 W/m²K + OSB-Platte (15 mm) + PVC-Beschichtung (2,2 mm). Ausrüstung Büro Elektrische Installation : LED-Beleuchtung x1 Türen : Isolierte Außentür aus Stahl (80×200 cm, 1 Stück, Graphit). Fenster : UR-PVC-Fenster (110×110 cm, 1 Stück) mit außenliegendem Rollladen. Heizung : Heizkörper. WC Elektrische Installation : Anschluss x1 Beleuchtung x1 Belüftung : 1 Ventilator. Sanitäranlagen : Waschbecken mit Möbeln (50 cm). Elektrischer Wasserkocher (5L). Kompakttoilette. Türen : Stahl-Innentür (80 cm). Soziale Gebäude Türen : Isolierte Außentür aus Stahl (80×200 cm, 1 Stück). Elektrische Installation : 2 Steckdosen LED-Beleuchtung x1 Fenster : UR-PVC-Fenster (110×110 cm, 1 Stück) mit außenliegenden Jalousien. Heizung : Heizkörper.</p>
  
  <h2>Typische Anwendungsbereiche</h2>
  <ul>
    <li>Lagerung von Baumaterialien</li>
    <li>Warenlager für Handel</li>
    <li>Seefracht-Transport</li>
    <li>Mobile Werkstatt</li>
    <li>Zwischenlager bei Umzügen</li>
  </ul>
  
  <h2>Unsere Serviceleistungen</h2>
  <ul>
    <li>Kostenlose Lieferung (auf Anfrage)</li>
    <li>Professionelle Beratung</li>
    <li>Finanzierung möglich</li>
    <li>30 Tage Rückgabegarantie</li>
  </ul>
</div>",GSHandels,"Container","Container, GSHandels, Lagerung, Transport, Bürocontainer",true,Title,Default Title,,,,,3047,,shopify,10,deny,manual,7000.00,,true,true,,https://gshandels.com/wp-content/uploads/2026/03/52aa76_a7246a56ce9b42fd8f94e71e5acfb19fmv2.jpg,1,"Sozialcontainer 17 m² + Büro + Toilette, goldene Eiche",false,"Sozialcontainer 17 m² + Büro + Toilette, goldene Eiche | GSHandels - Professionelle Containerlösungen","Hochwertiger Sozialcontainer 17 m² + Büro + Toilette, goldene Eiche von GSHandels. Professionelle Containerlösungen für Lagerung, Transport und gewerbliche Nutzung. Jetzt unverbindlich anfragen!",594,active
3048,"Sanitär-WC-Duschkabine mit Boiler und Kippfenster","<div class=""product-description"">
  <h1>Sanitär-WC-Duschkabine mit Boiler und Kippfenster</h1>
  
  <h2>Produktvorteile</h2>
  <ul>
    <li>Wind- und wasserdicht nach ISO-Norm</li>
    <li>CSC-zertifiziert für weltweiten Seetransport</li>
    <li>Stabile Stahlkonstruktion</li>
    <li>Sofort verfügbar - Kurze Lieferzeiten</li>
    <li>Flexible Zahlungsoptionen möglich</li>
  </ul>
  
  <h2>Technische Spezifikationen</h2>
  <table border=""0"" cellspacing=""0"" cellpadding=""5"">
    <tr>
      <td><strong>Material</strong></td>
      <td>Hochwertiger Stahl / Cortenstahl</td>
    </tr>
    <tr>
      <td><strong>Zustand</strong></td>
      <td>Neu oder Gebraucht</td>
    </tr>
    <tr>
      <td><strong>Zertifizierung</strong></td>
      <td>ISO 668, CSC-Plakette</td>
    </tr>
    <tr>
      <td><strong>Verfügbarkeit</strong></td>
      <td>Sofort lieferbar</td>
    </tr>
  </table>
  
  <h2>Beschreibung</h2>
  <p>Dieser Sanitärcontainer ist eine praktische und vielseitige Lösung für temporäre oder permanente Sanitärbedürfnisse auf Baustellen, Veranstaltungen oder anderen Orten, an denen autarke Sanitäranlagen benötigt werden. Er bietet den Komfort eines kompletten Badezimmers auf kleinem Raum. Containerspezifikationen: Abmessungen: Breite: 1,86 m Länge: 1,45 m Fläche: 2,70 m² Dieser kompakte Container wurde entwickelt, um den verfügbaren Platz optimal zu nutzen und gleichzeitig alle notwendigen Annehmlichkeiten zu bieten. Zustand: Neuwertig, in exzellentem Zustand. Dieser Behälter ist sofort einsatzbereit und erfordert keine Renovierung oder Reparatur. Türen: Typ: Standardtür Anzahl der Türen: 1 Standard-Zugangstür ermöglicht einfaches Betreten und Verlassen des Gebäudes. Die robuste Konstruktion gewährleistet Sicherheit und Langlebigkeit. Ramen: Lage: Das Fenster befindet sich an der längsten Wand und sorgt so für viel natürliches Licht. Typ: Kippfenster, das sich öffnen lässt, um die Belüftung des Containers zu ermöglichen. Anzahl der Fenster: 1 Dieses Kippfenster erhöht den Komfort und die Funktionalität des Sanitärraums.</p>
  
  <h2>Typische Anwendungsbereiche</h2>
  <ul>
    <li>Lagerung von Baumaterialien</li>
    <li>Warenlager für Handel</li>
    <li>Seefracht-Transport</li>
    <li>Mobile Werkstatt</li>
    <li>Zwischenlager bei Umzügen</li>
  </ul>
  
  <h2>Unsere Serviceleistungen</h2>
  <ul>
    <li>Kostenlose Lieferung (auf Anfrage)</li>
    <li>Professionelle Beratung</li>
    <li>Finanzierung möglich</li>
    <li>30 Tage Rückgabegarantie</li>
  </ul>
</div>",GSHandels,"Container","Container, GSHandels, Lagerung, Transport, Sanitärcontainer",true,Title,Default Title,,,,,3048,,shopify,10,deny,manual,2900.00,,true,true,,https://gshandels.com/wp-content/uploads/2026/03/52aa76_153fe8c57ed5443b823831ec7a32b1d4mv2.jpg,1,"Sanitär-WC-Duschkabine mit Boiler und Kippfenster",false,"Sanitär-WC-Duschkabine mit Boiler und Kippfenster | GSHandels - Professionelle Containerlösungen","Hochwertiger Sanitär-WC-Duschkabine mit Boiler und Kippfenster von GSHandels. Professionelle Containerlösungen für Lagerung, Transport und gewerbliche Nutzung. Jetzt unverbindlich anfragen!",594,active
3049,"Sanitärcontainer-WC-Box mit Doppelkabine","<div class=""product-description"">
  <h1>Sanitärcontainer-WC-Box mit Doppelkabine</h1>
  
  <h2>Produktvorteile</h2>
  <ul>
    <li>Wind- und wasserdicht nach ISO-Norm</li>
    <li>CSC-zertifiziert für weltweiten Seetransport</li>
    <li>Stabile Stahlkonstruktion</li>
    <li>Sofort verfügbar - Kurze Lieferzeiten</li>
    <li>Flexible Zahlungsoptionen möglich</li>
  </ul>
  
  <h2>Technische Spezifikationen</h2>
  <table border=""0"" cellspacing=""0"" cellpadding=""5"">
    <tr>
      <td><strong>Material</strong></td>
      <td>Hochwertiger Stahl / Cortenstahl</td>
    </tr>
    <tr>
      <td><strong>Zustand</strong></td>
      <td>Neu oder Gebraucht</td>
    </tr>
    <tr>
      <td><strong>Zertifizierung</strong></td>
      <td>ISO 668, CSC-Plakette</td>
    </tr>
    <tr>
      <td><strong>Verfügbarkeit</strong></td>
      <td>Sofort lieferbar</td>
    </tr>
  </table>
  
  <h2>Beschreibung</h2>
  <p>Hauptmerkmale: Typ: WC-Box-Sanitärbehälter, Modell KWCT2X2 Konfiguration: Doppelkabine von 2 x 2 Metern mit der Möglichkeit, je nach Bedarf mit Toilette mit Fäkalientank oder Dusche ausgestattet zu werden. Anwendung: Einfach einstecken und sofort verwenden. Technische Daten: Abmessungen: Breite: 2 Meter Länge: 2 Meter Isolierung: 80 mm wärmeisolierendes Sandwichprofil, bietet hervorragende Wärmedämmung und reduziert Energieverluste. Elektrische Installation: Komplett installiert gemäß CE-Richtlinien, inklusive 230-V-Steckdosen, einer Deckenleuchte und einem elektrischen Wandheizkörper für optimalen Komfort. Im Lieferumfang enthalten: Rückhaltebecken zur vereinfachten Abwasserentsorgung. Urinal für den praktischen Gebrauch. Fenster für Belüftung und Licht. PVC-Bodenbelag, robust und leicht zu reinigen. Vorteile : Sofort einsatzbereit: Einfach einstecken und loslegen. Wärmedämmung: Dank des 80 mm Sandwichprofils bietet dieser Container einen geringen Energieverlust und eignet sich daher für verschiedene klimatische Bedingungen. Komfort und Funktionalität: Die komplette Ausstattung, inklusive Wandheizkörper und PVC-Bodenbelag, garantiert ein angenehmes und pflegeleichtes Ambiente. Anwendungsbereiche: Ideal für Veranstaltungen, Baustellen, temporäre Standorte oder überall dort, wo mobile Sanitäranlagen benötigt werden. Die kompakte und funktionale Bauweise gewährleistet eine schnelle Installation und eine einfache, effiziente Nutzung.</p>
  
  <h2>Typische Anwendungsbereiche</h2>
  <ul>
    <li>Lagerung von Baumaterialien</li>
    <li>Warenlager für Handel</li>
    <li>Seefracht-Transport</li>
    <li>Mobile Werkstatt</li>
    <li>Zwischenlager bei Umzügen</li>
  </ul>
  
  <h2>Unsere Serviceleistungen</h2>
  <ul>
    <li>Kostenlose Lieferung (auf Anfrage)</li>
    <li>Professionelle Beratung</li>
    <li>Finanzierung möglich</li>
    <li>30 Tage Rückgabegarantie</li>
  </ul>
</div>",GSHandels,"Container","Container, GSHandels, Lagerung, Transport, Sanitärcontainer",true,Title,Default Title,,,,,3049,,shopify,10,deny,manual,2950.00,,true,true,,https://gshandels.com/wp-content/uploads/2026/03/52aa76_c6b0c631c0e741628232fd8bdb074b99mv2.jpg,1,"Sanitärcontainer-WC-Box mit Doppelkabine",false,"Sanitärcontainer-WC-Box mit Doppelkabine | GSHandels - Professionelle Containerlösungen","Hochwertiger Sanitärcontainer-WC-Box mit Doppelkabine von GSHandels. Professionelle Containerlösungen für Lagerung, Transport und gewerbliche Nutzung. Jetzt unverbindlich anfragen!",594,active
3050,"Sanitärcontainer, Toilettenpavillon mit Dreipersonenkabine","<div class=""product-description"">
  <h1>Sanitärcontainer, Toilettenpavillon mit Dreipersonenkabine</h1>
  
  <h2>Produktvorteile</h2>
  <ul>
    <li>Wind- und wasserdicht nach ISO-Norm</li>
    <li>CSC-zertifiziert für weltweiten Seetransport</li>
    <li>Stabile Stahlkonstruktion</li>
    <li>Sofort verfügbar - Kurze Lieferzeiten</li>
    <li>Flexible Zahlungsoptionen möglich</li>
  </ul>
  
  <h2>Technische Spezifikationen</h2>
  <table border=""0"" cellspacing=""0"" cellpadding=""5"">
    <tr>
      <td><strong>Material</strong></td>
      <td>Hochwertiger Stahl / Cortenstahl</td>
    </tr>
    <tr>
      <td><strong>Zustand</strong></td>
      <td>Neu oder Gebraucht</td>
    </tr>
    <tr>
      <td><strong>Zertifizierung</strong></td>
      <td>ISO 668, CSC-Plakette</td>
    </tr>
    <tr>
      <td><strong>Verfügbarkeit</strong></td>
      <td>Sofort lieferbar</td>
    </tr>
  </table>
  
  <h2>Beschreibung</h2>
  <p>Hauptmerkmale: Typ: Pavillon-Sanitärcontainer Konfiguration: Ausgestattet mit drei verschiedenen Kabinen: Kabine 1: Toilette Kabine 2: Toilette + Urinal Kabine 3: Toilette Technische Daten: Abmessungen: Breite: 3,76 m Höhe: 1,76 m Höhe: 2,48 m Gesamtfläche: 6,62 m² Status: Neu Türen: 3 normale Türen, eine für jede Kabine Windows: Keine Zusätzliche Ausstattung und Optionen: Voll ausgestattetes Badezimmer WC und Urinal Waschbecken in jeder Kabine Durchlauferhitzer für Warmwasser Split-Klimaanlage Komplette Elektroinstallation Rahmenlose Konstruktion für ein elegantes, modernes Design Anwendungsbereiche: Dieser Sanitärcontainer eignet sich ideal für Veranstaltungen, Baustellen oder andere Orte, an denen mobile Sanitäranlagen benötigt werden. Seine robuste Konstruktion und moderne Ausstattung garantieren optimalen Benutzerkomfort.</p>
  
  <h2>Typische Anwendungsbereiche</h2>
  <ul>
    <li>Lagerung von Baumaterialien</li>
    <li>Warenlager für Handel</li>
    <li>Seefracht-Transport</li>
    <li>Mobile Werkstatt</li>
    <li>Zwischenlager bei Umzügen</li>
  </ul>
  
  <h2>Unsere Serviceleistungen</h2>
  <ul>
    <li>Kostenlose Lieferung (auf Anfrage)</li>
    <li>Professionelle Beratung</li>
    <li>Finanzierung möglich</li>
    <li>30 Tage Rückgabegarantie</li>
  </ul>
</div>",GSHandels,"Container","Container, GSHandels, Lagerung, Transport, Sanitärcontainer",true,Title,Default Title,,,,,3050,,shopify,10,deny,manual,2300.00,,true,true,,https://gshandels.com/wp-content/uploads/2026/03/52aa76_9ff987edfafb4e1d90b3f2f48c1bda84mv2.jpg,1,"Sanitärcontainer, Toilettenpavillon mit Dreipersonenkabine",false,"Sanitärcontainer, Toilettenpavillon mit Dreipersonenkabine | GSHandels - Professionelle Containerlösungen","Hochwertiger Sanitärcontainer, Toilettenpavillon mit Dreipersonenkabine von GSHandels. Professionelle Containerlösungen für Lagerung, Transport und gewerbliche Nutzung. Jetzt unverbindlich anfragen!",594,active
3051,"NEUER 20-FUSS-BARCONTAINER – SCHWARZ","<div class=""product-description"">
  <h1>NEUER 20-FUSS-BARCONTAINER – SCHWARZ</h1>
  
  <h2>Produktvorteile</h2>
  <ul>
    <li>Wind- und wasserdicht nach ISO-Norm</li>
    <li>CSC-zertifiziert für weltweiten Seetransport</li>
    <li>Stabile Stahlkonstruktion</li>
    <li>Sofort verfügbar - Kurze Lieferzeiten</li>
    <li>Flexible Zahlungsoptionen möglich</li>
  </ul>
  
  <h2>Technische Spezifikationen</h2>
  <table border=""0"" cellspacing=""0"" cellpadding=""5"">
    <tr>
      <td><strong>Material</strong></td>
      <td>Hochwertiger Stahl / Cortenstahl</td>
    </tr>
    <tr>
      <td><strong>Zustand</strong></td>
      <td>Neu oder Gebraucht</td>
    </tr>
    <tr>
      <td><strong>Zertifizierung</strong></td>
      <td>ISO 668, CSC-Plakette</td>
    </tr>
    <tr>
      <td><strong>Verfügbarkeit</strong></td>
      <td>Sofort lieferbar</td>
    </tr>
  </table>
  
  <h2>Beschreibung</h2>
  <p>Abmessungen und Gewichte: – Außenabmessungen (L x B x H): 6058 x 2438 x 2591 mm – Innenabmessungen (L x B x H): 5898 x 2350 x 2390 mm – Türöffnung (BxH): 2340 x 2280 mm – Gewicht: ca. 2200 kg – Maximale Ladung: ca. 24 000 kg – Volumen: 33,13 m3 Qualität: – Neuer Seecontainer mit CSC-Platte (einmalig aus China verschifft) Struktur: – Geschweißte Stahlkonstruktion mit standardisierten ISO-Ecken – Ausgestattet mit verzinkten Türverschlüssen – Einfach mit Kran oder Gabelstapler zu transportieren – Stapelbar Boden – 28 mm dicker Holzboden Wände – 1,50 mm dickes Corton-Stahlblech (korrosionsbeständig) Dach: – Stärke 2,00 mm, profilierte Ausführung Sonstiges – Mit Klappluken Länge 5000 x 1200 mm mit 2 Gasfedern – Tür mit Schloss: 900 x 2065 mm – Installation von Strom und Beleuchtung in 20-Fuß-Container – Schild mit erforderlichen Sicherheitsvorkehrungen – CEE-Stecker – 2 x LED-Beleuchtung – Lichtschalter – 1 x Doppelsteckdose</p>
  
  <h2>Typische Anwendungsbereiche</h2>
  <ul>
    <li>Lagerung von Baumaterialien</li>
    <li>Warenlager für Handel</li>
    <li>Seefracht-Transport</li>
    <li>Mobile Werkstatt</li>
    <li>Zwischenlager bei Umzügen</li>
  </ul>
  
  <h2>Unsere Serviceleistungen</h2>
  <ul>
    <li>Kostenlose Lieferung (auf Anfrage)</li>
    <li>Professionelle Beratung</li>
    <li>Finanzierung möglich</li>
    <li>30 Tage Rückgabegarantie</li>
  </ul>
</div>",GSHandels,"Container","Container, GSHandels, Lagerung, Transport, Neu, Barcontainer",true,Title,Default Title,,,,,3051,,shopify,10,deny,manual,8588.00,,true,true,,https://gshandels.com/wp-content/uploads/2026/03/6318.jpg,1,"NEUER 20-FUSS-BARCONTAINER – SCHWARZ",false,"NEUER 20-FUSS-BARCONTAINER – SCHWARZ | GSHandels - Professionelle Containerlösungen","Hochwertiger NEUER 20-FUSS-BARCONTAINER – SCHWARZ von GSHandels. Professionelle Containerlösungen für Lagerung, Transport und gewerbliche Nutzung. Jetzt unverbindlich anfragen!",594,active
3052,"Bürocontainer mit 21 m² Fläche, Toilette und Kochnische","<div class=""product-description"">
  <h1>Bürocontainer mit 21 m² Fläche, Toilette und Kochnische</h1>
  
  <h2>Produktvorteile</h2>
  <ul>
    <li>Wind- und wasserdicht nach ISO-Norm</li>
    <li>CSC-zertifiziert für weltweiten Seetransport</li>
    <li>Stabile Stahlkonstruktion</li>
    <li>Sofort verfügbar - Kurze Lieferzeiten</li>
    <li>Flexible Zahlungsoptionen möglich</li>
  </ul>
  
  <h2>Technische Spezifikationen</h2>
  <table border=""0"" cellspacing=""0"" cellpadding=""5"">
    <tr>
      <td><strong>Material</strong></td>
      <td>Hochwertiger Stahl / Cortenstahl</td>
    </tr>
    <tr>
      <td><strong>Zustand</strong></td>
      <td>Neu oder Gebraucht</td>
    </tr>
    <tr>
      <td><strong>Zertifizierung</strong></td>
      <td>ISO 668, CSC-Plakette</td>
    </tr>
    <tr>
      <td><strong>Verfügbarkeit</strong></td>
      <td>Sofort lieferbar</td>
    </tr>
  </table>
  
  <h2>Beschreibung</h2>
  <p>21 m² Bürocontainer – Beschreibung und Details Dieser Bürocontainer bietet einen vielseitigen Arbeitsbereich, ist gut isoliert und mit allen notwendigen Einrichtungen für eine komfortable Nutzung ausgestattet. Mit seiner robusten Stahlkonstruktion und den isolierenden Sandwichpaneelen eignet er sich sowohl für den Sommer- als auch für den Wintereinsatz. Dank seiner großzügigen Abmessungen und seiner umfangreichen Ausstattung ist er die ideale Lösung für ein temporäres oder permanentes Büro. Außenmaße Länge: 7,0 m Breite: 3,0 m Innenhöhe: 2,6 m bis 2,5 m Technische Daten Bodenstruktur: Die Struktur ist mit einem Stahlprofil von 60 x 60 x 3 mm verstärkt, was eine ausgezeichnete Robustheit und Stabilität garantiert. Wände und Dach: Hergestellt aus 100 mm dicken Sandwichpaneelen mit einem Kern aus Polystyrol, die eine Wärmedämmung mit einer Wärmedurchlässigkeit von 0,38 W/m²K bieten. Boden: Der Boden besteht aus einer 100 mm dicken Sandwichplatte mit einem Kern aus Polystyrol, die mit einer 15 mm starken OSB-Platte und einem 2,2 mm starken PVC-Teppichbelag abgedeckt ist, was für Komfort und eine hochwertige Verarbeitung sorgt. Dach: Einfach geneigt, sorgt für einen guten Wasserabfluss und dauerhaften Schutz. Elektrische Installation: Inklusive 230-V-Sicherungen, 5 Steckdosen, 1 Schalter und 4 Beleuchtungskörpern, was eine komplette Installation für den täglichen Gebrauch ergibt. Belüftung: Zwei Lüftungsgitter sorgen für ausreichende Luftzirkulation und eine gesunde und gut belüftete Umgebung. Türen und Fenster Eingangstür: Aus Stahl, Größe 80 × 200 cm, für optimale Sicherheit. Innentür: Aus Stahl, ebenfalls 80 × 200 cm. Fenster: Zwei PVC-Fenster vom Typ UR, jeweils 110 × 110 cm, die viel Tageslicht hereinlassen. Ausstattung Der Container ist mit verschiedenen Einrichtungen ausgestattet, die den Komfort und die Nutzbarkeit erhöhen: WC: Inklusive Toilettenschüssel für sanitäre Einrichtungen. Küche: Küchenzeile mit 4 Einheiten, ideal für kleine kulinarische Zubereitungen. Waschbecken: Möbel mit Spüle, perfekt für den täglichen Bedarf. Boiler: Ein 5-Liter-Elektroboiler ist für die Warmwasserversorgung enthalten. Wichtigste Vorteile Optimale Wärmedämmung: Dank der 100 mm starken Sandwichpaneele sorgt dieser Container das ganze Jahr über für eine perfekte Isolierung mit geringer Wärmeübertragung, ideal für warme oder kalte Umgebungen. Robustheit: Die Stahlkonstruktion und die verwendeten langlebigen Materialien garantieren eine lange Lebensdauer ohne häufige Wartung. Mobilität: Dank seines modularen Designs lässt sich dieser Container bei Bedarf leicht versetzen. Komfort und Funktionalität: Die vorhandene Ausstattung, von Sanitäranlagen bis zur Küchenzeile, sorgt für einen kompletten und funktionalen Wohn- oder Arbeitsraum.</p>
  
  <h2>Typische Anwendungsbereiche</h2>
  <ul>
    <li>Lagerung von Baumaterialien</li>
    <li>Warenlager für Handel</li>
    <li>Seefracht-Transport</li>
    <li>Mobile Werkstatt</li>
    <li>Zwischenlager bei Umzügen</li>
  </ul>
  
  <h2>Unsere Serviceleistungen</h2>
  <ul>
    <li>Kostenlose Lieferung (auf Anfrage)</li>
    <li>Professionelle Beratung</li>
    <li>Finanzierung möglich</li>
    <li>30 Tage Rückgabegarantie</li>
  </ul>
</div>",GSHandels,"Container","Container, GSHandels, Lagerung, Transport, Bürocontainer",true,Title,Default Title,,,,,3052,,shopify,10,deny,manual,7900.00,,true,true,,https://gshandels.com/wp-content/uploads/2026/03/52aa76_263b09e848fb415b9906a618f1a2005cmv2.jpg,1,"Bürocontainer mit 21 m² Fläche, Toilette und Kochnische",false,"Bürocontainer mit 21 m² Fläche, Toilette und Kochnische | GSHandels - Professionelle Containerlösungen","Hochwertiger Bürocontainer mit 21 m² Fläche, Toilette und Kochnische von GSHandels. Professionelle Containerlösungen für Lagerung, Transport und gewerbliche Nutzung. Jetzt unverbindlich anfragen!",594,active
3053,"BÜROCONTAINER 6,00 X 2,90 M – NEU","<div class=""product-description"">
  <h1>BÜROCONTAINER 6,00 X 2,90 M – NEU</h1>
  
  <h2>Produktvorteile</h2>
  <ul>
    <li>Wind- und wasserdicht nach ISO-Norm</li>
    <li>CSC-zertifiziert für weltweiten Seetransport</li>
    <li>Stabile Stahlkonstruktion</li>
    <li>Sofort verfügbar - Kurze Lieferzeiten</li>
    <li>Flexible Zahlungsoptionen möglich</li>
  </ul>
  
  <h2>Technische Spezifikationen</h2>
  <table border=""0"" cellspacing=""0"" cellpadding=""5"">
    <tr>
      <td><strong>Material</strong></td>
      <td>Hochwertiger Stahl / Cortenstahl</td>
    </tr>
    <tr>
      <td><strong>Zustand</strong></td>
      <td>Neu oder Gebraucht</td>
    </tr>
    <tr>
      <td><strong>Zertifizierung</strong></td>
      <td>ISO 668, CSC-Plakette</td>
    </tr>
    <tr>
      <td><strong>Verfügbarkeit</strong></td>
      <td>Sofort lieferbar</td>
    </tr>
  </table>
  
  <h2>Beschreibung</h2>
  <p>– Außenwände: 150 mm Polystyrol-Sandwichplatten. – Boden: 120 mm Polystyrol, 22 mm OSB-Platte von innen – Stabile Stahlkonstruktion – Schrägdach: 150 mm Polystyrol-Sandwichplatten – Raumhöhe: 2,50 m – 1 x vollständig verglaste Aluminium-Eingangstür von 1,10 x 2,10 m – 1 x PVC-Fenster mit Festverglasung 1,20 x 2,00 m (Vorderseite) – 1 x PVC-Fenster mit Festverglasung 1,30 x 2,00 m (Vorderseite) – PVC-Böden – Komplette Elektroinstallation mit Heizkörpern, Steckdosen, LED-Deckenbeleuchtung – Installation vor Ort</p>
  
  <h2>Typische Anwendungsbereiche</h2>
  <ul>
    <li>Lagerung von Baumaterialien</li>
    <li>Warenlager für Handel</li>
    <li>Seefracht-Transport</li>
    <li>Mobile Werkstatt</li>
    <li>Zwischenlager bei Umzügen</li>
  </ul>
  
  <h2>Unsere Serviceleistungen</h2>
  <ul>
    <li>Kostenlose Lieferung (auf Anfrage)</li>
    <li>Professionelle Beratung</li>
    <li>Finanzierung möglich</li>
    <li>30 Tage Rückgabegarantie</li>
  </ul>
</div>",GSHandels,"Container","Container, GSHandels, Lagerung, Transport, Neu, Bürocontainer",true,Title,Default Title,,,,,3053,,shopify,10,deny,manual,2700.00,,true,true,,https://gshandels.com/wp-content/uploads/2026/03/IMG-2085_1024x1024.jpg,1,"BÜROCONTAINER 6,00 X 2,90 M – NEU",false,"BÜROCONTAINER 6,00 X 2,90 M – NEU | GSHandels - Professionelle Containerlösungen","Hochwertiger BÜROCONTAINER 6,00 X 2,90 M – NEU von GSHandels. Professionelle Containerlösungen für Lagerung, Transport und gewerbliche Nutzung. Jetzt unverbindlich anfragen!",594,active
3054,"BÜROCONTAINER 6 X 3 M MIT GLASWAND – NEU","<div class=""product-description"">
  <h1>BÜROCONTAINER 6 X 3 M MIT GLASWAND – NEU</h1>
  
  <h2>Produktvorteile</h2>
  <ul>
    <li>Wind- und wasserdicht nach ISO-Norm</li>
    <li>CSC-zertifiziert für weltweiten Seetransport</li>
    <li>Stabile Stahlkonstruktion</li>
    <li>Sofort verfügbar - Kurze Lieferzeiten</li>
    <li>Flexible Zahlungsoptionen möglich</li>
  </ul>
  
  <h2>Technische Spezifikationen</h2>
  <table border=""0"" cellspacing=""0"" cellpadding=""5"">
    <tr>
      <td><strong>Material</strong></td>
      <td>Hochwertiger Stahl / Cortenstahl</td>
    </tr>
    <tr>
      <td><strong>Zustand</strong></td>
      <td>Neu oder Gebraucht</td>
    </tr>
    <tr>
      <td><strong>Zertifizierung</strong></td>
      <td>ISO 668, CSC-Plakette</td>
    </tr>
    <tr>
      <td><strong>Verfügbarkeit</strong></td>
      <td>Sofort lieferbar</td>
    </tr>
  </table>
  
  <h2>Beschreibung</h2>
  <p>Außenmaße: 606 x 299 x 280 cm Vollständig isoliert Vollständig aus Stahl gefertigtes Chassis Inklusive Elektrik, Beleuchtung, Heizung. Einfach zu liefern und zu installieren Nach Ihren Wünschen anpassbar – Wandisolierung: 60 mm Mineralwolle – Dachisolierung: 100 mm Mineralwolle – Bodenisolierung: 100 mm Mineralwolle – Elektrizität: 400 V/32 A/5-polig – Boden- und Dachkonstruktion: Das Design: Robuste Rahmen mit massivem Stahlprofil Modular erweiterbar Optimale Wärme- und Schalldämmung Zertifiziert nach PN EN ISO 3834-2 und CE Entwurf der Bodenkonstruktion: Bodenplatte – Bodenplatte P5 mit einer Stärke von 22 mm Boden – 2 mm PVC-Boden, grau Tragfähigkeit 200 kg/m2</p>
  
  <h2>Typische Anwendungsbereiche</h2>
  <ul>
    <li>Lagerung von Baumaterialien</li>
    <li>Warenlager für Handel</li>
    <li>Seefracht-Transport</li>
    <li>Mobile Werkstatt</li>
    <li>Zwischenlager bei Umzügen</li>
  </ul>
  
  <h2>Unsere Serviceleistungen</h2>
  <ul>
    <li>Kostenlose Lieferung (auf Anfrage)</li>
    <li>Professionelle Beratung</li>
    <li>Finanzierung möglich</li>
    <li>30 Tage Rückgabegarantie</li>
  </ul>
</div>",GSHandels,"Container","Container, GSHandels, Lagerung, Transport, Neu, Bürocontainer",true,Title,Default Title,,,,,3054,,shopify,10,deny,manual,4500.00,,true,true,,https://gshandels.com/wp-content/uploads/2026/03/IMG-2104_1024x1024.jpg,1,"BÜROCONTAINER 6 X 3 M MIT GLASWAND – NEU",false,"BÜROCONTAINER 6 X 3 M MIT GLASWAND – NEU | GSHandels - Professionelle Containerlösungen","Hochwertiger BÜROCONTAINER 6 X 3 M MIT GLASWAND – NEU von GSHandels. Professionelle Containerlösungen für Lagerung, Transport und gewerbliche Nutzung. Jetzt unverbindlich anfragen!",594,active
3055,"Großer Lagercontainer – Schwarz (RAL 9005) – 8 x 2 Meter – mit 2 Doppeltüren – (15 m² / 26 FT)","<div class=""product-description"">
  <h1>Großer Lagercontainer – Schwarz (RAL 9005) – 8 x 2 Meter – mit 2 Doppeltüren – (15 m² / 26 FT)</h1>
  
  <h2>Produktvorteile</h2>
  <ul>
    <li>Wind- und wasserdicht nach ISO-Norm</li>
    <li>CSC-zertifiziert für weltweiten Seetransport</li>
    <li>Stabile Stahlkonstruktion</li>
    <li>Sofort verfügbar - Kurze Lieferzeiten</li>
    <li>Flexible Zahlungsoptionen möglich</li>
  </ul>
  
  <h2>Technische Spezifikationen</h2>
  <table border=""0"" cellspacing=""0"" cellpadding=""5"">
    <tr>
      <td><strong>Material</strong></td>
      <td>Hochwertiger Stahl / Cortenstahl</td>
    </tr>
    <tr>
      <td><strong>Zustand</strong></td>
      <td>Neu oder Gebraucht</td>
    </tr>
    <tr>
      <td><strong>Zertifizierung</strong></td>
      <td>ISO 668, CSC-Plakette</td>
    </tr>
    <tr>
      <td><strong>Verfügbarkeit</strong></td>
      <td>Sofort lieferbar</td>
    </tr>
  </table>
  
  <h2>Beschreibung</h2>
  <p>Großer Lagercontainer 8×2 Meter Für größere Lagerbedürfnisse bieten wir die Möglichkeit, zwei unserer 4×2-Container an der 2-Meter-Seite miteinander zu verbinden, sodass unser großer 8×2-Meter-Lagercontainer entsteht. Diese Verbindung ist wasserdicht und von außen nicht sichtbar und hat keine Innenwand. Da dieser Container aus kleineren Elementen besteht, sind die größten Paneele 4×2 Meter groß. Dadurch lässt sich dieser Container leicht auf- und abbauen und kann auf einem Palettenhubwagen oder Tieflader transportiert werden, ohne dass Sonderkonvois eingesetzt werden müssen. Sie könnten ihn sogar auseinandernehmen und von Hand tragen, Paneel für Paneel. Durch die großen Doppeltüren von 175 Zentimetern passen alle Ihre Sachen hinein und sind vor Diebstahl geschützt. Unsere Container sind nämlich mit einem doppelten 3-Punkt-Verschluss ausgestattet und der Container wird von innen verschraubt. Die Platten unseres zerlegbaren Containers sind 70 % so dick wie die Wände von Seecontainern, leicht und dennoch stabil. Sie bestehen aus verzinktem Stahl mit Pulverbeschichtung und sind rost- und witterungsbeständig. Darüber hinaus ist die Dachrinne in die Konstruktion des Daches integriert und schützt den Container vor Witterungseinflüssen. Während für Seecontainer spezielle Maßnahmen erforderlich sind, um Schäden am Boden zu vermeiden, sind unsere abnehmbaren Container die einzigen auf dem Markt mit einem erhöhten Boden, der aus OSB 3-Platten auf einem Metallrahmen besteht. Wenn Ihr Grundstück also eben ist und das Gewicht des Containers tragen kann, sind keine weiteren Maßnahmen erforderlich. Wir liefern ihn mit einer Einbruchschutzleiste, einer Auffahrrampe und 1 Meter langen Brettern. Alle unsere Container werden als Bausatz geliefert. Die Montage ist kostenlos und wird nach der Lieferung nach Vereinbarung von unseren Technikern durchgeführt. Weitere Informationen Maße 8 x 2 Meter (15 m² / 26 Ft) Bestehend aus 2 Containern von 4 x 2 Metern + Anschlussset Paketgröße bei Lieferung 2 Pakete von jeweils 4100 mm x 2200 mm x 300 mm Gesamtgewicht des Pakets 2x 510 kg Gewicht des schwersten Elements (Boden) +/- 165 kg Lieferung Mit einem 21-Meter-Sattelzug und Gabelstapler Montage Die Montage ist kostenlos und wird nach der Lieferung nach Vereinbarung von unseren Technikern durchgeführt. Garantie 1 Jahr Herstellergarantie auf Rost</p>
  
  <h2>Typische Anwendungsbereiche</h2>
  <ul>
    <li>Lagerung von Baumaterialien</li>
    <li>Warenlager für Handel</li>
    <li>Seefracht-Transport</li>
    <li>Mobile Werkstatt</li>
    <li>Zwischenlager bei Umzügen</li>
  </ul>
  
  <h2>Unsere Serviceleistungen</h2>
  <ul>
    <li>Kostenlose Lieferung (auf Anfrage)</li>
    <li>Professionelle Beratung</li>
    <li>Finanzierung möglich</li>
    <li>30 Tage Rückgabegarantie</li>
  </ul>
</div>",GSHandels,"Container","Container, GSHandels, Lagerung, Transport",true,Title,Default Title,,,,,3055,,shopify,10,deny,manual,3514.00,,true,true,,https://gshandels.com/wp-content/uploads/2026/03/combinatie-8x2-1.jpg,1,"Großer Lagercontainer – Schwarz (RAL 9005) – 8 x 2 Meter – mit 2 Doppeltüren – (15 m² / 26 FT)",false,"Großer Lagercontainer – Schwarz (RAL 9005) – 8 x 2 Meter – mit 2 Doppeltüren – (15 m² / 26 FT) | GSHandels - Professionelle Containerlösungen","Hochwertiger Großer Lagercontainer – Schwarz (RAL 9005) – 8 x 2 Meter – mit 2 Doppeltüren – (15 m² / 26 FT) von GSHandels. Professionelle Containerlösungen für Lagerung, Transport und gewerbliche Nutzung. Jetzt unverbindlich anfragen!",594,active
3056,"Demontierbare Außenbar 6 x 2 Meter XL – Farbe Schwarz – 20 FT / 2 Markisen","<div class=""product-description"">
  <h1>Demontierbare Außenbar 6 x 2 Meter XL – Farbe Schwarz – 20 FT / 2 Markisen</h1>
  
  <h2>Produktvorteile</h2>
  <ul>
    <li>Wind- und wasserdicht nach ISO-Norm</li>
    <li>CSC-zertifiziert für weltweiten Seetransport</li>
    <li>Stabile Stahlkonstruktion</li>
    <li>Sofort verfügbar - Kurze Lieferzeiten</li>
    <li>Flexible Zahlungsoptionen möglich</li>
  </ul>
  
  <h2>Technische Spezifikationen</h2>
  <table border=""0"" cellspacing=""0"" cellpadding=""5"">
    <tr>
      <td><strong>Material</strong></td>
      <td>Hochwertiger Stahl / Cortenstahl</td>
    </tr>
    <tr>
      <td><strong>Zustand</strong></td>
      <td>Neu oder Gebraucht</td>
    </tr>
    <tr>
      <td><strong>Zertifizierung</strong></td>
      <td>ISO 668, CSC-Plakette</td>
    </tr>
    <tr>
      <td><strong>Verfügbarkeit</strong></td>
      <td>Sofort lieferbar</td>
    </tr>
  </table>
  
  <h2>Beschreibung</h2>
  <p>Der abnehmbarer Barcontainer XL (20 Fuß) 6 × 2 Meter ist perfekt für die Erstellung einer großen Bar im Freien. Tatsächlich besteht dieser Container aus zwei Containern von 3 × 2 Metern, die durch unser wasserdichtes Verbindungsset ohne Innenwand miteinander verbunden sind. Ideal, um auf der einen Seite eine Bar und auf der anderen Seite eine Snackbar zu machen oder einfach den geschlossenen Bereich als Stauraum zu nutzen. Der Stangenbehälter kann für viele Zwecke verwendet werden. Sie können es auf einer Party wie einer Bar verwenden, wo Leute kommen können, um Getränke oder Essen zu holen. Nach der Veranstaltung ist der Container dank der abnehmbaren Paneele, aus denen er besteht, leicht zu zerlegen. Das große Vordach, das bis zu 3 Meter geöffnet werden kann, kann auch geschlossen werden, so dass Sie einen sicheren Zugang zum Container haben. Zusätzlich befindet sich an der kurzen Seite eine Doppeltür, durch die große Gegenstände, wie zum Beispiel ein Fass Bier, hineingebracht werden können. Ein weiterer Vorteil des abnehmbaren 6 × 2-Stangencontainers besteht darin, dass er leicht mit einem Gabelstapler bewegt werden kann. Es umfasst Gabelstaplerdurchgänge und hat keine Teile, die breiter als 3 × 2 Meter sind. Dies macht es einfach, ohne viel Arbeit zu bewegen. Die Platten unseres abnehmbaren Containers sind 70% der Wandstärke von Seecontainern, leicht und dennoch stark. Sie bestehen aus verzinktem Stahl mit Pulverbeschichtung und sind beständig gegen Rost und äußere Einflüsse. Darüber hinaus ist die Dachrinne in die Konstruktion des Daches einbezogen und schützt den Container vor schlechtem Wetter. Wir liefern es mit einer einbruchhemmenden Stange, einer Rampe und 1-Meter-Regalen. Alle unsere Container werden als Bausatz geliefert und die Montage ist kostenlos und wird von unseren Technikern nach Lieferung nach Vereinbarung durchgeführt. Weitere Informationen Größe 6 x 2 Meter (12 m2 / 20 Fuß) Gesamtgewicht des Pakets 2x 460kg Gewicht des schwersten Elements (Boden) + / – 140 kg Anlieferung per LKW mit 21 Meter Auflieger und Gabelstapler Montage Die Montage ist kostenlos und wird von unseren Technikern nach Lieferung nach Vereinbarung durchgeführt. Garantie 1 Jahr Herstellergarantie auf Rost</p>
  
  <h2>Typische Anwendungsbereiche</h2>
  <ul>
    <li>Lagerung von Baumaterialien</li>
    <li>Warenlager für Handel</li>
    <li>Seefracht-Transport</li>
    <li>Mobile Werkstatt</li>
    <li>Zwischenlager bei Umzügen</li>
  </ul>
  
  <h2>Unsere Serviceleistungen</h2>
  <ul>
    <li>Kostenlose Lieferung (auf Anfrage)</li>
    <li>Professionelle Beratung</li>
    <li>Finanzierung möglich</li>
    <li>30 Tage Rückgabegarantie</li>
  </ul>
</div>",GSHandels,"Container","Container, GSHandels, Lagerung, Transport, Barcontainer",true,Title,Default Title,,,,,3056,,shopify,10,deny,manual,4317.00,,true,true,,https://gshandels.com/wp-content/uploads/2026/03/bar-double-auvent.jpg,1,"Demontierbare Außenbar 6 x 2 Meter XL – Farbe Schwarz – 20 FT / 2 Markisen",false,"Demontierbare Außenbar 6 x 2 Meter XL – Farbe Schwarz – 20 FT / 2 Markisen | GSHandels - Professionelle Containerlösungen","Hochwertiger Demontierbare Außenbar 6 x 2 Meter XL – Farbe Schwarz – 20 FT / 2 Markisen von GSHandels. Professionelle Containerlösungen für Lagerung, Transport und gewerbliche Nutzung. Jetzt unverbindlich anfragen!",594,active
3058,"Container 6×2,5 Sanitärtoilette + Dusche + Toilette","<div class=""product-description"">
  <h1>Container 6×2,5 Sanitärtoilette + Dusche + Toilette</h1>
  
  <h2>Produktvorteile</h2>
  <ul>
    <li>Wind- und wasserdicht nach ISO-Norm</li>
    <li>CSC-zertifiziert für weltweiten Seetransport</li>
    <li>Stabile Stahlkonstruktion</li>
    <li>Sofort verfügbar - Kurze Lieferzeiten</li>
    <li>Flexible Zahlungsoptionen möglich</li>
  </ul>
  
  <h2>Technische Spezifikationen</h2>
  <table border=""0"" cellspacing=""0"" cellpadding=""5"">
    <tr>
      <td><strong>Material</strong></td>
      <td>Hochwertiger Stahl / Cortenstahl</td>
    </tr>
    <tr>
      <td><strong>Zustand</strong></td>
      <td>Neu oder Gebraucht</td>
    </tr>
    <tr>
      <td><strong>Zertifizierung</strong></td>
      <td>ISO 668, CSC-Plakette</td>
    </tr>
    <tr>
      <td><strong>Verfügbarkeit</strong></td>
      <td>Sofort lieferbar</td>
    </tr>
  </table>
  
  <h2>Beschreibung</h2>
  <p>Dieser mobile Sanitärcontainer bietet einen gut ausgestatteten und praktischen Raum, der sich ideal für den Einsatz in verschiedenen Umgebungen wie Baustellen, Veranstaltungen oder als temporäre Installation eignet. Dank seiner langlebigen Konstruktion und modernen Ausstattung ist es das ganze Jahr über einsatzbereit. Die Struktur ist perfekt isoliert und leicht zu bewegen, was sie zu einer flexiblen und effizienten Lösung macht. Schlüsselfunktion Ganzjährige Isolierung : Der Behälter besteht aus Polystyrol-Sandwichplatten, die sowohl im Sommer als auch im Winter eine optimale Wärmedämmung gewährleisten. Vollständige Ausstattung: Es ist komplett mit Lüftungs-, Strom-, Wasser- und Abwassersystemen ausgestattet, die sofortigen Komfort und Funktionalität gewährleisten. Haltbarkeit: Sandwichpaneele bestehen aus hochwertigen Materialien und erfordern keine besondere Wartung, was eine lange Lebensdauer gewährleistet. Mobilität: Dieser Container ist so konzipiert, dass er bei Bedarf leicht bewegt und transportiert werden kann.</p>
  
  <h2>Typische Anwendungsbereiche</h2>
  <ul>
    <li>Lagerung von Baumaterialien</li>
    <li>Warenlager für Handel</li>
    <li>Seefracht-Transport</li>
    <li>Mobile Werkstatt</li>
    <li>Zwischenlager bei Umzügen</li>
  </ul>
  
  <h2>Unsere Serviceleistungen</h2>
  <ul>
    <li>Kostenlose Lieferung (auf Anfrage)</li>
    <li>Professionelle Beratung</li>
    <li>Finanzierung möglich</li>
    <li>30 Tage Rückgabegarantie</li>
  </ul>
</div>",GSHandels,"Container","Container, GSHandels, Lagerung, Transport, Sanitärcontainer",true,Title,Default Title,,,,,3058,,shopify,10,deny,manual,4600.00,,true,true,,https://gshandels.com/wp-content/uploads/2026/03/52aa76_4a168d02f5674791a36ff167a71317dfmv2.jpg,1,"Container 6×2,5 Sanitärtoilette + Dusche + Toilette",false,"Container 6×2,5 Sanitärtoilette + Dusche + Toilette | GSHandels - Professionelle Containerlösungen","Hochwertiger Container 6×2,5 Sanitärtoilette + Dusche + Toilette von GSHandels. Professionelle Containerlösungen für Lagerung, Transport und gewerbliche Nutzung. Jetzt unverbindlich anfragen!",594,active
3057,"Containerkleinhaus Eco 6000 B / Werkstatt / Büro-Stahlwerke","<div class=""product-description"">
  <h1>Containerkleinhaus Eco 6000 B / Werkstatt / Büro-Stahlwerke</h1>
  
  <h2>Produktvorteile</h2>
  <ul>
    <li>Wind- und wasserdicht nach ISO-Norm</li>
    <li>CSC-zertifiziert für weltweiten Seetransport</li>
    <li>Stabile Stahlkonstruktion</li>
    <li>Sofort verfügbar - Kurze Lieferzeiten</li>
    <li>Flexible Zahlungsoptionen möglich</li>
  </ul>
  
  <h2>Technische Spezifikationen</h2>
  <table border=""0"" cellspacing=""0"" cellpadding=""5"">
    <tr>
      <td><strong>Material</strong></td>
      <td>Hochwertiger Stahl / Cortenstahl</td>
    </tr>
    <tr>
      <td><strong>Zustand</strong></td>
      <td>Neu oder Gebraucht</td>
    </tr>
    <tr>
      <td><strong>Zertifizierung</strong></td>
      <td>ISO 668, CSC-Plakette</td>
    </tr>
    <tr>
      <td><strong>Verfügbarkeit</strong></td>
      <td>Sofort lieferbar</td>
    </tr>
  </table>
  
  <h2>Beschreibung</h2>
  <p>Marke: Stahlworks Modell Nr. Modell : Eco 6000B Baujahr: 2024 Bruttogewicht: 2.070 kg Gesamtabmessungen: Länge: 5.950 mm Breite: 2.300 mm Höhe: 2.550 mm Anzahl der Fenster: 6 versenkbare Fenster mit Jalousien und Moskitonetzen Struktur und Isolierung: Isolierte Wände und Dächer für optimalen Komfort zu jeder Jahreszeit. Aluminiumrahmen mit doppelter Sonnenschutzverglasung. Außenmaterialien: Aluminium-Verbundplatte. Einfach beschichtetes weißes Fluorkohlenstoff-Aluminiumblech. Leichte Doppelschicht mit hoher Druckfestigkeit. Interne Materialien: Flache Knotenplatte aus Holz-Kunststoff. Ökologisches Blech in EO-Qualität. Innenaufteilung: Sanitärraum: Dusche Bad Waschbecken mit Mischbatterie, Unterschränken und Spiegel. Ventilator für optimale Belüftung. Küchenbereich: Wandschränke zur Aufbewahrung. 220-Volt-Steckdosen mit USB-Anschluss. Erdschlussschalter für Sicherheit. Integrierte LED-Deckenleuchten . Vorhänge inklusive. Exterieur und Anschlüsse: Outdoor-Ausrüstung: 220 volt anschlussstelle. Anschlussstelle für warmes und kaltes Wasser. Anschluss für Abwasserentsorgung. Chassis: Ausgestattet mit Hebeösen für einfachen Transport. Verstellbare Füße und Löcher für Schaufeln. Verwenden : Perfekt als kleines Zuhause, Werkstatt, Büro oder Arbeitsbereich. Unbenutztes Interieur, bereit, sich an Ihre spezifischen Bedürfnisse anzupassen.</p>
  
  <h2>Typische Anwendungsbereiche</h2>
  <ul>
    <li>Lagerung von Baumaterialien</li>
    <li>Warenlager für Handel</li>
    <li>Seefracht-Transport</li>
    <li>Mobile Werkstatt</li>
    <li>Zwischenlager bei Umzügen</li>
  </ul>
  
  <h2>Unsere Serviceleistungen</h2>
  <ul>
    <li>Kostenlose Lieferung (auf Anfrage)</li>
    <li>Professionelle Beratung</li>
    <li>Finanzierung möglich</li>
    <li>30 Tage Rückgabegarantie</li>
  </ul>
</div>",GSHandels,"Container","Container, GSHandels, Lagerung, Transport, Bürocontainer",true,Title,Default Title,,,,,3057,,shopify,10,deny,manual,5500.00,,true,true,,https://gshandels.com/wp-content/uploads/2026/03/52aa76_bd70b19b91654877bda94eea8a63b959mv2.jpg,1,"Containerkleinhaus Eco 6000 B / Werkstatt / Büro-Stahlwerke",false,"Containerkleinhaus Eco 6000 B / Werkstatt / Büro-Stahlwerke | GSHandels - Professionelle Containerlösungen","Hochwertiger Containerkleinhaus Eco 6000 B / Werkstatt / Büro-Stahlwerke von GSHandels. Professionelle Containerlösungen für Lagerung, Transport und gewerbliche Nutzung. Jetzt unverbindlich anfragen!",594,active
3059,"18 m2 gewerblicher Bürocontainer mit Toilette","<div class=""product-description"">
  <h1>18 m2 gewerblicher Bürocontainer mit Toilette</h1>
  
  <h2>Produktvorteile</h2>
  <ul>
    <li>Wind- und wasserdicht nach ISO-Norm</li>
    <li>CSC-zertifiziert für weltweiten Seetransport</li>
    <li>Stabile Stahlkonstruktion</li>
    <li>Sofort verfügbar - Kurze Lieferzeiten</li>
    <li>Flexible Zahlungsoptionen möglich</li>
  </ul>
  
  <h2>Technische Spezifikationen</h2>
  <table border=""0"" cellspacing=""0"" cellpadding=""5"">
    <tr>
      <td><strong>Material</strong></td>
      <td>Hochwertiger Stahl / Cortenstahl</td>
    </tr>
    <tr>
      <td><strong>Zustand</strong></td>
      <td>Neu oder Gebraucht</td>
    </tr>
    <tr>
      <td><strong>Zertifizierung</strong></td>
      <td>ISO 668, CSC-Plakette</td>
    </tr>
    <tr>
      <td><strong>Verfügbarkeit</strong></td>
      <td>Sofort lieferbar</td>
    </tr>
  </table>
  
  <h2>Beschreibung</h2>
  <p>Dimension Außenlänge: 6,0 m Außenbreite: 3,0 m Innenhöhe: 2,6 M bis 2,5 m Technische Spezifikationen Konstruktion: 100 mm dicke Sandwichplatten mit Polystyrolkern. Wärmedurchgang: 0,38 W/m2K für Wände, Dach und Boden. Boden: 100 mm dicke Sandwichplatte mit Polystyrolkern + OSB-Platte (15 mm) + PVC-Teppichbelag (2,2 mm). Dach: Dach mit einfacher Neigung. Elektroinstallationen: Sicherungen 230V, 4 Steckdosen, 1 Schalter, 2 LED-Leuchten. Belüftung: 2 Lüftungsgitter. Türen: Glaseingangstür (110 × 210 cm, 1 Stück). Vitrinen: PVC-Vitrinen (110×210 cm, 2 Stück). Ausrüstung WC: WC-Topf. Badezimmer: Möbel mit Waschbecken. Warmwasserbereiter: elektrischer Warmwasserbereiter von 5 Litern.</p>
  
  <h2>Typische Anwendungsbereiche</h2>
  <ul>
    <li>Lagerung von Baumaterialien</li>
    <li>Warenlager für Handel</li>
    <li>Seefracht-Transport</li>
    <li>Mobile Werkstatt</li>
    <li>Zwischenlager bei Umzügen</li>
  </ul>
  
  <h2>Unsere Serviceleistungen</h2>
  <ul>
    <li>Kostenlose Lieferung (auf Anfrage)</li>
    <li>Professionelle Beratung</li>
    <li>Finanzierung möglich</li>
    <li>30 Tage Rückgabegarantie</li>
  </ul>
</div>",GSHandels,"Container","Container, GSHandels, Lagerung, Transport, Bürocontainer",true,Title,Default Title,,,,,3059,,shopify,10,deny,manual,6150.00,,true,true,,https://gshandels.com/wp-content/uploads/2026/03/52aa76_d0cdbfb2d0764f85bec9d7240a5e9c2amv2.jpg,1,"18 m2 gewerblicher Bürocontainer mit Toilette",false,"18 m2 gewerblicher Bürocontainer mit Toilette | GSHandels - Professionelle Containerlösungen","Hochwertiger 18 m2 gewerblicher Bürocontainer mit Toilette von GSHandels. Professionelle Containerlösungen für Lagerung, Transport und gewerbliche Nutzung. Jetzt unverbindlich anfragen!",594,active
3060,"SCHREIBTISCHCONTAINER MIT SONNENSCHIRM 6×2,40 METER – NEU","<div class=""product-description"">
  <h1>SCHREIBTISCHCONTAINER MIT SONNENSCHIRM 6×2,40 METER – NEU</h1>
  
  <h2>Produktvorteile</h2>
  <ul>
    <li>Wind- und wasserdicht nach ISO-Norm</li>
    <li>CSC-zertifiziert für weltweiten Seetransport</li>
    <li>Stabile Stahlkonstruktion</li>
    <li>Sofort verfügbar - Kurze Lieferzeiten</li>
    <li>Flexible Zahlungsoptionen möglich</li>
  </ul>
  
  <h2>Technische Spezifikationen</h2>
  <table border=""0"" cellspacing=""0"" cellpadding=""5"">
    <tr>
      <td><strong>Material</strong></td>
      <td>Hochwertiger Stahl / Cortenstahl</td>
    </tr>
    <tr>
      <td><strong>Zustand</strong></td>
      <td>Neu oder Gebraucht</td>
    </tr>
    <tr>
      <td><strong>Zertifizierung</strong></td>
      <td>ISO 668, CSC-Plakette</td>
    </tr>
    <tr>
      <td><strong>Verfügbarkeit</strong></td>
      <td>Sofort lieferbar</td>
    </tr>
  </table>
  
  <h2>Beschreibung</h2>
  <p>– Abmessungen 6000 x 2400 x 2620 -Gewicht 2000 KG – Wand- und Deckendämmung in 7,5 cm Sandwichplatten. – 2 Schwingfenster (Doppelverglasung) – Sandwichprofil mit Wärmedämmung für geringen Energieverlust – Außentür aus Hörmann Stahlblech – Komplette Elektroinstallation nach CE-Richtlinien – 230V Steckdosen – LED-Deckenleuchten – Laminatboden -robust und schnell zu reinigen – Isolierter Boden, innen mit OSB-Platte – 2000W elektrischer Wandheizkörper – Ösen zum Entladen mit Kran – Gabelstaplerführungen für einfachen und sicheren Transport – Robuste, geschweißte und selbsttragende Stahlkonstruktionskonstruktion.</p>
  
  <h2>Typische Anwendungsbereiche</h2>
  <ul>
    <li>Lagerung von Baumaterialien</li>
    <li>Warenlager für Handel</li>
    <li>Seefracht-Transport</li>
    <li>Mobile Werkstatt</li>
    <li>Zwischenlager bei Umzügen</li>
  </ul>
  
  <h2>Unsere Serviceleistungen</h2>
  <ul>
    <li>Kostenlose Lieferung (auf Anfrage)</li>
    <li>Professionelle Beratung</li>
    <li>Finanzierung möglich</li>
    <li>30 Tage Rückgabegarantie</li>
  </ul>
</div>",GSHandels,"Container","Container, GSHandels, Lagerung, Transport, Neu",true,Title,Default Title,,,,,3060,,shopify,10,deny,manual,1725.00,,true,true,,https://gshandels.com/wp-content/uploads/2026/03/IMG-7022_540x_dd992f4b-5500-40e4.jpg,1,"SCHREIBTISCHCONTAINER MIT SONNENSCHIRM 6×2,40 METER – NEU",false,"SCHREIBTISCHCONTAINER MIT SONNENSCHIRM 6×2,40 METER – NEU | GSHandels - Professionelle Containerlösungen","Hochwertiger SCHREIBTISCHCONTAINER MIT SONNENSCHIRM 6×2,40 METER – NEU von GSHandels. Professionelle Containerlösungen für Lagerung, Transport und gewerbliche Nutzung. Jetzt unverbindlich anfragen!",594,active
3062,"BUNGALOW VAN 14 M² GELEVERD KLAAR VOOR MONTAGE – NIEUW","<div class=""product-description"">
  <h1>BUNGALOW VAN 14 M² GELEVERD KLAAR VOOR MONTAGE – NIEUW</h1>
  
  <h2>Produktvorteile</h2>
  <ul>
    <li>Wind- und wasserdicht nach ISO-Norm</li>
    <li>CSC-zertifiziert für weltweiten Seetransport</li>
    <li>Stabile Stahlkonstruktion</li>
    <li>Sofort verfügbar - Kurze Lieferzeiten</li>
    <li>Flexible Zahlungsoptionen möglich</li>
  </ul>
  
  <h2>Technische Spezifikationen</h2>
  <table border=""0"" cellspacing=""0"" cellpadding=""5"">
    <tr>
      <td><strong>Material</strong></td>
      <td>Hochwertiger Stahl / Cortenstahl</td>
    </tr>
    <tr>
      <td><strong>Zustand</strong></td>
      <td>Neu oder Gebraucht</td>
    </tr>
    <tr>
      <td><strong>Zertifizierung</strong></td>
      <td>ISO 668, CSC-Plakette</td>
    </tr>
    <tr>
      <td><strong>Verfügbarkeit</strong></td>
      <td>Sofort lieferbar</td>
    </tr>
  </table>
  
  <h2>Beschreibung</h2>
  <p>Deze standaardbungalow past zich aan al uw behoeften (bouwmodule, refter) aan dankzij zijn modulariteit en snelle montage. Onze bungalows voldoen aan de Europese normen. Sandwichpanelen zijn waterdicht en geïsoleerd. Opties elektrische convector Omkeerbare airconditioning RJ45-internetaansluitingen Handmatig rolgordijn Barreaudages Chassis-isolatie</p>
  
  <h2>Typische Anwendungsbereiche</h2>
  <ul>
    <li>Lagerung von Baumaterialien</li>
    <li>Warenlager für Handel</li>
    <li>Seefracht-Transport</li>
    <li>Mobile Werkstatt</li>
    <li>Zwischenlager bei Umzügen</li>
  </ul>
  
  <h2>Unsere Serviceleistungen</h2>
  <ul>
    <li>Kostenlose Lieferung (auf Anfrage)</li>
    <li>Professionelle Beratung</li>
    <li>Finanzierung möglich</li>
    <li>30 Tage Rückgabegarantie</li>
  </ul>
</div>",GSHandels,"Container","Container, GSHandels, Lagerung, Transport",true,Title,Default Title,,,,,3062,,shopify,10,deny,manual,1999.00,,true,true,,https://gshandels.com/wp-content/uploads/2026/03/IMG-7063_540x_5a137c1e-140b-4d54.jpg,1,"BUNGALOW VAN 14 M² GELEVERD KLAAR VOOR MONTAGE – NIEUW",false,"BUNGALOW VAN 14 M² GELEVERD KLAAR VOOR MONTAGE – NIEUW | GSHandels - Professionelle Containerlösungen","Hochwertiger BUNGALOW VAN 14 M² GELEVERD KLAAR VOOR MONTAGE – NIEUW von GSHandels. Professionelle Containerlösungen für Lagerung, Transport und gewerbliche Nutzung. Jetzt unverbindlich anfragen!",594,active
3061,"BUREAUCONTAINER 6 X 2,40M HOUTKLEUR – NIEUW","<div class=""product-description"">
  <h1>BUREAUCONTAINER 6 X 2,40M HOUTKLEUR – NIEUW</h1>
  
  <h2>Produktvorteile</h2>
  <ul>
    <li>Wind- und wasserdicht nach ISO-Norm</li>
    <li>CSC-zertifiziert für weltweiten Seetransport</li>
    <li>Stabile Stahlkonstruktion</li>
    <li>Sofort verfügbar - Kurze Lieferzeiten</li>
    <li>Flexible Zahlungsoptionen möglich</li>
  </ul>
  
  <h2>Technische Spezifikationen</h2>
  <table border=""0"" cellspacing=""0"" cellpadding=""5"">
    <tr>
      <td><strong>Material</strong></td>
      <td>Hochwertiger Stahl / Cortenstahl</td>
    </tr>
    <tr>
      <td><strong>Zustand</strong></td>
      <td>Neu oder Gebraucht</td>
    </tr>
    <tr>
      <td><strong>Zertifizierung</strong></td>
      <td>ISO 668, CSC-Plakette</td>
    </tr>
    <tr>
      <td><strong>Verfügbarkeit</strong></td>
      <td>Sofort lieferbar</td>
    </tr>
  </table>
  
  <h2>Beschreibung</h2>
  <p>Houten design bureaucontainer 6×2,40 meter, 2,70 meter hoog. * Sandwichpanelen wanden en plafondisolatie 7,5 cm * Draaikiepraam (dubbel glas) * Sandwichprofiel met thermische isolatie voor laag energieverlies * Hörmann plaatstalen buitendeur * Volledige elektrische installatie volgens CE-richtlijnen * 230V stopcontacten * 2 plafondlampen * Laminaatvloer: robuust en snel schoon te maken * Geïsoleerde vloer, binnenzijde voorzien van OSB paneel * elektrische muurradiator * Oogjes voor lossen met kraan en vorkheftruckgeleider onderaan * Stevige, gelaste, zelfdragende stalen frameconstructie * Gewicht 2200KG</p>
  
  <h2>Typische Anwendungsbereiche</h2>
  <ul>
    <li>Lagerung von Baumaterialien</li>
    <li>Warenlager für Handel</li>
    <li>Seefracht-Transport</li>
    <li>Mobile Werkstatt</li>
    <li>Zwischenlager bei Umzügen</li>
  </ul>
  
  <h2>Unsere Serviceleistungen</h2>
  <ul>
    <li>Kostenlose Lieferung (auf Anfrage)</li>
    <li>Professionelle Beratung</li>
    <li>Finanzierung möglich</li>
    <li>30 Tage Rückgabegarantie</li>
  </ul>
</div>",GSHandels,"Container","Container, GSHandels, Lagerung, Transport",true,Title,Default Title,,,,,3061,,shopify,10,deny,manual,2100.00,,true,true,,https://gshandels.com/wp-content/uploads/2026/03/IMG-6993_540x_ccd7abdf-b26a-47f4.jpg,1,"BUREAUCONTAINER 6 X 2,40M HOUTKLEUR – NIEUW",false,"BUREAUCONTAINER 6 X 2,40M HOUTKLEUR – NIEUW | GSHandels - Professionelle Containerlösungen","Hochwertiger BUREAUCONTAINER 6 X 2,40M HOUTKLEUR – NIEUW von GSHandels. Professionelle Containerlösungen für Lagerung, Transport und gewerbliche Nutzung. Jetzt unverbindlich anfragen!",594,active
3063,"40-Fuß BARCONTAINERS aus Holz","<div class=""product-description"">
  <h1>40-Fuß BARCONTAINERS aus Holz</h1>
  
  <h2>Produktvorteile</h2>
  <ul>
    <li>Wind- und wasserdicht nach ISO-Norm</li>
    <li>CSC-zertifiziert für weltweiten Seetransport</li>
    <li>Stabile Stahlkonstruktion</li>
    <li>Sofort verfügbar - Kurze Lieferzeiten</li>
    <li>Flexible Zahlungsoptionen möglich</li>
  </ul>
  
  <h2>Technische Spezifikationen</h2>
  <table border=""0"" cellspacing=""0"" cellpadding=""5"">
    <tr>
      <td><strong>Material</strong></td>
      <td>Hochwertiger Stahl / Cortenstahl</td>
    </tr>
    <tr>
      <td><strong>Zustand</strong></td>
      <td>Neu oder Gebraucht</td>
    </tr>
    <tr>
      <td><strong>Zertifizierung</strong></td>
      <td>ISO 668, CSC-Plakette</td>
    </tr>
    <tr>
      <td><strong>Verfügbarkeit</strong></td>
      <td>Sofort lieferbar</td>
    </tr>
  </table>
  
  <h2>Beschreibung</h2>
  <p>40-Fuß BARCONTAINERS aus Holz – Neu Unser 40-Fuß BARCONTAINER aus Holz – neu – ist die ideale Lösung für den sicheren Transport und die effiziente Lagerung von Waren. Dank seiner robusten Bauweise aus hochwertigem Holz bietet er maximale Stabilität und Langlebigkeit. Eigenschaften unserer BARCONTAINERS 40 FT IN HOUT Abmessungen: 40 Fuß Länge für maximalen Stauraum Material: Hochwertiges Holz, stabil und langlebig Zustand: Neu und sofort einsatzbereit Vielseitigkeit: Ideal für Lagerung, Transport oder Umbau zu individuellen Projekten wie Pop-up-Bars oder mobilen Verkaufsständen Nachhaltigkeit: Umweltfreundlich produziert mit wiederverwendbaren Materialien Vorteile von Holz-BARCONTAINERS Robust und langlebig – Holz bietet natürliche Stabilität und Widerstandsfähigkeit. Nachhaltig & umweltfreundlich – 100 % recycelbares Holzmaterial reduziert den ökologischen Fußabdruck. Flexibel nutzbar – Ob Lagerung, Transport oder kreative Umbauten, die Einsatzmöglichkeiten sind vielfältig. Neu & geprüft – Jeder Container wird vor Auslieferung auf Qualität und Sicherheit geprüft. Anwendungsmöglichkeiten Transport & Logistik: Sicherer Versand großer Warenmengen Lagerung: Optimal für Unternehmen mit Platzbedarf Event & Gastronomie: Umbau zu mobilen Bars, Pop-up-Shops oder Veranstaltungscontainern DIY-Projekte: Kreative Nutzungsmöglichkeiten für individuelle Ideen Warum unseren 40-Fuß BARCONTAINER wählen? Unser Container überzeugt durch Qualität, Langlebigkeit und modernes Design. Die Kombination aus Holzmaterial und standardisierten Containermaßen garantiert eine einfache Handhabung und lange Lebensdauer. Bestellung & Lieferung Wir bieten eine schnelle Lieferung und professionelle Beratung. Jeder Container ist sofort einsatzbereit, neu und in erstklassigem Zustand.</p>
  
  <h2>Typische Anwendungsbereiche</h2>
  <ul>
    <li>Lagerung von Baumaterialien</li>
    <li>Warenlager für Handel</li>
    <li>Seefracht-Transport</li>
    <li>Mobile Werkstatt</li>
    <li>Zwischenlager bei Umzügen</li>
  </ul>
  
  <h2>Unsere Serviceleistungen</h2>
  <ul>
    <li>Kostenlose Lieferung (auf Anfrage)</li>
    <li>Professionelle Beratung</li>
    <li>Finanzierung möglich</li>
    <li>30 Tage Rückgabegarantie</li>
  </ul>
</div>",GSHandels,"Container","Container, GSHandels, Lagerung, Transport, Barcontainer, 40 Fuß",true,Title,Default Title,,,,,3063,,shopify,10,deny,manual,3400.00,,true,true,,https://gshandels.com/wp-content/uploads/2026/03/20210512-105755-scaled_1024x1024.jpg,1,"40-Fuß BARCONTAINERS aus Holz",false,"40-Fuß BARCONTAINERS aus Holz | GSHandels - Professionelle Containerlösungen","Hochwertiger 40-Fuß BARCONTAINERS aus Holz von GSHandels. Professionelle Containerlösungen für Lagerung, Transport und gewerbliche Nutzung. Jetzt unverbindlich anfragen!",594,active
3064,"Afneembare buitenbar 8 x 2 meter – Kleur Zwart / 1 luifel – 26 FT","<div class=""product-description"">
  <h1>Afneembare buitenbar 8 x 2 meter – Kleur Zwart / 1 luifel – 26 FT</h1>
  
  <h2>Produktvorteile</h2>
  <ul>
    <li>Wind- und wasserdicht nach ISO-Norm</li>
    <li>CSC-zertifiziert für weltweiten Seetransport</li>
    <li>Stabile Stahlkonstruktion</li>
    <li>Sofort verfügbar - Kurze Lieferzeiten</li>
    <li>Flexible Zahlungsoptionen möglich</li>
  </ul>
  
  <h2>Technische Spezifikationen</h2>
  <table border=""0"" cellspacing=""0"" cellpadding=""5"">
    <tr>
      <td><strong>Material</strong></td>
      <td>Hochwertiger Stahl / Cortenstahl</td>
    </tr>
    <tr>
      <td><strong>Zustand</strong></td>
      <td>Neu oder Gebraucht</td>
    </tr>
    <tr>
      <td><strong>Zertifizierung</strong></td>
      <td>ISO 668, CSC-Plakette</td>
    </tr>
    <tr>
      <td><strong>Verfügbarkeit</strong></td>
      <td>Sofort lieferbar</td>
    </tr>
  </table>
  
  <h2>Beschreibung</h2>
  <p>De XL buitenbar is circa 8×2 meter, zwart van kleur en beschikt over een opvouwbare luifel, de afmetingen zijn circa gelijk aan een 26 voet afzetcontainer. Dit is ideaal voor mensen die wachten om droog te worden en het zorgt ervoor dat de buitenbar op een echte bar lijkt. Ook kan de overkapping worden neergeklapt en weer worden vergrendeld, waardoor de buitenbar veilig met de spullen erin kan blijven staan. Tevens is er aan de korte zijde een dubbele deur aanwezig. Hiermee kunnen grote voorwerpen, zoals biervaten, worden binnengebracht. Het is dan ook de ideale manier om bezoekers of vrienden een drankje aan te bieden. Een eenvoudige maar degelijke buitenbar. De buitenbar kan voor vele doeleinden gebruikt worden. Je kunt hem bijvoorbeeld gebruiken op een feest zoals een bar waar mensen terecht kunnen voor hun eten en drinken, maar hij kan zeker ook gebruikt worden op een festival of evenement. Het maakt dus niet uit of het groot of klein is. De benodigdheden, zoals drank, eten en koeling, zet je eenvoudig binnen in de buitenbar en je kunt meteen aan de slag. Wij doen dit graag voor u, om uw lasten volledig te ontlasten. Vervolgens is de buitenbar eenvoudig te demonteren dankzij de verwijderbare panelen waaruit deze is gemaakt. Hierdoor kun je de buitenbar opbergen en neemt hij minimale ruimte in beslag Een ander groot voordeel van de buitenbar is dat deze gemakkelijk te verplaatsen is met een heftruck dankzij de hijshulzen aan de onderkant van de container. Het is dus gemakkelijk om het van punt a naar punt b te verplaatsen zonder de hulp van veel mensen. Tevens garanderen wij de laagste prijs. U profiteert dus naast een kwaliteitsproduct ook van een lage prijs! Aanvullende informatie Totaal pakketgewicht 2x 545 kg Gewicht van het zwaarste element (grond) +/- 165 kg Levering Met een vrachtwagen met oplegger van 21 meter en vorkheftruck Montage Zeer gemakkelijk / 1 à 2 personen ter plaatse toelaten Garantie 1 jaar fabrieksgarantie op roest</p>
  
  <h2>Typische Anwendungsbereiche</h2>
  <ul>
    <li>Lagerung von Baumaterialien</li>
    <li>Warenlager für Handel</li>
    <li>Seefracht-Transport</li>
    <li>Mobile Werkstatt</li>
    <li>Zwischenlager bei Umzügen</li>
  </ul>
  
  <h2>Unsere Serviceleistungen</h2>
  <ul>
    <li>Kostenlose Lieferung (auf Anfrage)</li>
    <li>Professionelle Beratung</li>
    <li>Finanzierung möglich</li>
    <li>30 Tage Rückgabegarantie</li>
  </ul>
</div>",GSHandels,"Container","Container, GSHandels, Lagerung, Transport, Barcontainer",true,Title,Default Title,,,,,3064,,shopify,10,deny,manual,3307.00,,true,true,,https://gshandels.com/wp-content/uploads/2026/03/bar-simple-auvent.jpg,1,"Afneembare buitenbar 8 x 2 meter – Kleur Zwart / 1 luifel – 26 FT",false,"Afneembare buitenbar 8 x 2 meter – Kleur Zwart / 1 luifel – 26 FT | GSHandels - Professionelle Containerlösungen","Hochwertiger Afneembare buitenbar 8 x 2 meter – Kleur Zwart / 1 luifel – 26 FT von GSHandels. Professionelle Containerlösungen für Lagerung, Transport und gewerbliche Nutzung. Jetzt unverbindlich anfragen!",594,active
3065,"6×3 meter Helsinki-model geïsoleerde container – tuinkantoor – locatie bungalow","<div class=""product-description"">
  <h1>6×3 meter Helsinki-model geïsoleerde container – tuinkantoor – locatie bungalow</h1>
  
  <h2>Produktvorteile</h2>
  <ul>
    <li>Wind- und wasserdicht nach ISO-Norm</li>
    <li>CSC-zertifiziert für weltweiten Seetransport</li>
    <li>Stabile Stahlkonstruktion</li>
    <li>Sofort verfügbar - Kurze Lieferzeiten</li>
    <li>Flexible Zahlungsoptionen möglich</li>
  </ul>
  
  <h2>Technische Spezifikationen</h2>
  <table border=""0"" cellspacing=""0"" cellpadding=""5"">
    <tr>
      <td><strong>Material</strong></td>
      <td>Hochwertiger Stahl / Cortenstahl</td>
    </tr>
    <tr>
      <td><strong>Zustand</strong></td>
      <td>Neu oder Gebraucht</td>
    </tr>
    <tr>
      <td><strong>Zertifizierung</strong></td>
      <td>ISO 668, CSC-Plakette</td>
    </tr>
    <tr>
      <td><strong>Verfügbarkeit</strong></td>
      <td>Sofort lieferbar</td>
    </tr>
  </table>
  
  <h2>Beschreibung</h2>
  <p>Helsinki geïsoleerde container 6×3 m: ruim en esthetisch De Helsinki Insulated Container vertegenwoordigt uitmuntendheid op het gebied van geïsoleerde containers en biedt ongeëvenaarde flexibiliteit voor een verscheidenheid aan zakelijke en persoonlijke toepassingen. Deze tuinstudio van 6×3 m is ontworpen om aan uw specifieke eisen te voldoen en kan gemakkelijk worden omgetoverd tot een geoptimaliseerde werkruimte, een stijlvolle kapsalon, een efficiënte opslagoplossing of zelfs een operationele basis op bouwplaatsen. KWALITEIT ISOLATIE Eén van de belangrijkste troeven van ons tuinkantoor is de isolatie. Dankzij de 100 mm EPS-isolatie van de vloer, de muren en het dak zorgt deze functie ervoor dat uw kampeerbungalow in alle seizoenen comfortabel en bruikbaar blijft. Bovendien zorgt deze isolatie voor een aanzienlijke geluidsreductie, waardoor het een ideale optie is voor locaties die worden blootgesteld aan hoge niveaus van geluidsoverlast. RAMEN EN DEUREN: licht en luchtig ontwerp Voor ons was het essentieel dat onze geïsoleerde container profiteerde van een optimale helderheid, waardoor de toegang tot natuurlijk licht werd bevorderd. Dit hebben we bereikt door een groot glasraam van 900×1900 mm te integreren, evenals een kantel- en draairaam aan de zijkant van de container, waardoor natuurlijke ventilatie en de nodige toevoer van verse lucht mogelijk zijn. Daarnaast is onze tuinstudio voorzien van een stevige stalen deur, aangevuld met een groot glazen raam, dat veiligheid en duidelijkheid combineert. EEN EIGENTIJDSE CONTAINER VOOR TUINKANTOREN In tegenstelling tot traditionele zeecontainers valt onze Helsinki Stock Unit op door zijn verfijnde esthetiek. Wij hebben ervoor gekozen om een ​​RAL 7016 gekleurde staalcoating aan te brengen, waardoor onze kampeerbungalows een moderne en elegante uitstraling krijgen. De structuur wordt versterkt door oppervlaktepanelen die een vleugje luxe toevoegen. Vooral het model Helsinki is voorzien van panelen met donkere houtlook, waardoor een harmonieuze integratie in de woonomgeving of een onderscheidend karakter voor professionele ruimtes mogelijk is. LEVERINGS- EN INSTALLATIESERVICE OP MAAT Wij begrijpen dat het hanteren en vervoeren van een geïsoleerde container niet binnen het bereik van al onze klanten ligt. Daarom bieden wij een volledige transport- en bezorgservice uit onze voorraad. Het tuinkantoor in Helsinki is uitgerust met hijsogen op het dak, waardoor het eenvoudig en nauwkeurig te installeren is, zowel in een woontuin als op een bedrijfsterrein. Aanvullende informatie maat combinatie 6×3 meter</p>
  
  <h2>Typische Anwendungsbereiche</h2>
  <ul>
    <li>Lagerung von Baumaterialien</li>
    <li>Warenlager für Handel</li>
    <li>Seefracht-Transport</li>
    <li>Mobile Werkstatt</li>
    <li>Zwischenlager bei Umzügen</li>
  </ul>
  
  <h2>Unsere Serviceleistungen</h2>
  <ul>
    <li>Kostenlose Lieferung (auf Anfrage)</li>
    <li>Professionelle Beratung</li>
    <li>Finanzierung möglich</li>
    <li>30 Tage Rückgabegarantie</li>
  </ul>
</div>",GSHandels,"Container","Container, GSHandels, Lagerung, Transport",true,Title,Default Title,,,,,3065,,shopify,10,deny,manual,8476.00,,true,true,,https://gshandels.com/wp-content/uploads/2026/03/Fotos-VU-800-x-800-px-1.jpg,1,"6×3 meter Helsinki-model geïsoleerde container – tuinkantoor – locatie bungalow",false,"6×3 meter Helsinki-model geïsoleerde container – tuinkantoor – locatie bungalow | GSHandels - Professionelle Containerlösungen","Hochwertiger 6×3 meter Helsinki-model geïsoleerde container – tuinkantoor – locatie bungalow von GSHandels. Professionelle Containerlösungen für Lagerung, Transport und gewerbliche Nutzung. Jetzt unverbindlich anfragen!",594,active
3066,"20-Fuß-GLASCONTAINER – NEU (SCHWARZ RAL 9010)","<div class=""product-description"">
  <h1>20-Fuß-GLASCONTAINER – NEU (SCHWARZ RAL 9010)</h1>
  
  <h2>Produktvorteile</h2>
  <ul>
    <li>Wind- und wasserdicht nach ISO-Norm</li>
    <li>CSC-zertifiziert für weltweiten Seetransport</li>
    <li>Stabile Stahlkonstruktion</li>
    <li>Sofort verfügbar - Kurze Lieferzeiten</li>
    <li>Flexible Zahlungsoptionen möglich</li>
  </ul>
  
  <h2>Technische Spezifikationen</h2>
  <table border=""0"" cellspacing=""0"" cellpadding=""5"">
    <tr>
      <td><strong>Material</strong></td>
      <td>Hochwertiger Stahl / Cortenstahl</td>
    </tr>
    <tr>
      <td><strong>Zustand</strong></td>
      <td>Neu oder Gebraucht</td>
    </tr>
    <tr>
      <td><strong>Zertifizierung</strong></td>
      <td>ISO 668, CSC-Plakette</td>
    </tr>
    <tr>
      <td><strong>Verfügbarkeit</strong></td>
      <td>Sofort lieferbar</td>
    </tr>
  </table>
  
  <h2>Beschreibung</h2>
  <p>Erste Reise 20-Fuß-Seecontainer Geschweißte Stahlkonstruktion mit standardisierten ISO-Ecken Wände: Durch Glasflächen ersetzt Dach: 2,00 mm dicke profilierte Ausführung Holzboden mit einer Stärke von 28 mm Ausgestattet mit verzinkten Türverschlüssen Einfach mit Kran oder Gabelstapler zu transportieren Elektrischer Anschluss gemäß belgischen Normen CEE-Stecker Sicherungskasten 2 Steckdosen Lichtleiste mit 6 LED-Spots und Schalter Außenmaße (LxBxH) 6058 x 2438 x 2591 mm Innenmaße (LxBxH) 5898 x 2350 x 2390 mm Türöffnung (BxH) 2340 x 2280 mm Gewicht ab 2500 kg Volumen 33,13 m3</p>
  
  <h2>Typische Anwendungsbereiche</h2>
  <ul>
    <li>Lagerung von Baumaterialien</li>
    <li>Warenlager für Handel</li>
    <li>Seefracht-Transport</li>
    <li>Mobile Werkstatt</li>
    <li>Zwischenlager bei Umzügen</li>
  </ul>
  
  <h2>Unsere Serviceleistungen</h2>
  <ul>
    <li>Kostenlose Lieferung (auf Anfrage)</li>
    <li>Professionelle Beratung</li>
    <li>Finanzierung möglich</li>
    <li>30 Tage Rückgabegarantie</li>
  </ul>
</div>",GSHandels,"Container","Container, GSHandels, Lagerung, Transport, Neu, 20 Fuß",true,Title,Default Title,,,,,3066,,shopify,10,deny,manual,14200.00,,true,true,,https://gshandels.com/wp-content/uploads/2026/03/7066.jpg,1,"20-Fuß-GLASCONTAINER – NEU (SCHWARZ RAL 9010)",false,"20-Fuß-GLASCONTAINER – NEU (SCHWARZ RAL 9010) | GSHandels - Professionelle Containerlösungen","Hochwertiger 20-Fuß-GLASCONTAINER – NEU (SCHWARZ RAL 9010) von GSHandels. Professionelle Containerlösungen für Lagerung, Transport und gewerbliche Nutzung. Jetzt unverbindlich anfragen!",594,active
3067,"20 Fuß Glascontainer – Neu (Weiß RAL 9010)","<div class=""product-description"">
  <h1>20 Fuß Glascontainer – Neu (Weiß RAL 9010)</h1>
  
  <h2>Produktvorteile</h2>
  <ul>
    <li>Wind- und wasserdicht nach ISO-Norm</li>
    <li>CSC-zertifiziert für weltweiten Seetransport</li>
    <li>Stabile Stahlkonstruktion</li>
    <li>Sofort verfügbar - Kurze Lieferzeiten</li>
    <li>Flexible Zahlungsoptionen möglich</li>
  </ul>
  
  <h2>Technische Spezifikationen</h2>
  <table border=""0"" cellspacing=""0"" cellpadding=""5"">
    <tr>
      <td><strong>Material</strong></td>
      <td>Hochwertiger Stahl / Cortenstahl</td>
    </tr>
    <tr>
      <td><strong>Zustand</strong></td>
      <td>Neu oder Gebraucht</td>
    </tr>
    <tr>
      <td><strong>Zertifizierung</strong></td>
      <td>ISO 668, CSC-Plakette</td>
    </tr>
    <tr>
      <td><strong>Verfügbarkeit</strong></td>
      <td>Sofort lieferbar</td>
    </tr>
  </table>
  
  <h2>Beschreibung</h2>
  <p>Eerste reis 20ft zeecontainer Gelaste staalconstructie met gestandaardiseerde ISO-hoeken Wanden: Vervangen door glaspartijen Dak: 2,00 mm dik geprofileerde uitvoering Houtenvloer van 28 mm dik Uitgerust met gegalvaniseerde deursluitingen Eenvoudig te verplaatsen met kraan of heftruck Elektrische aansluiting volgens Belgische normen CEE-stekker Zekeringskast 2 stopcontacten Lichtbar met 6 ledspots en schakelaar Buitenafmeting (LxBxH) 6058 x 2438 x 2591 mm Binnenafmetingen (LxBxH) 5898 x 2350 x 2390 mm Deuropening (BxH) 2340 x 2280 mm Gewicht vanaf 2500 kg Volume 33,13 m3</p>
  
  <h2>Typische Anwendungsbereiche</h2>
  <ul>
    <li>Lagerung von Baumaterialien</li>
    <li>Warenlager für Handel</li>
    <li>Seefracht-Transport</li>
    <li>Mobile Werkstatt</li>
    <li>Zwischenlager bei Umzügen</li>
  </ul>
  
  <h2>Unsere Serviceleistungen</h2>
  <ul>
    <li>Kostenlose Lieferung (auf Anfrage)</li>
    <li>Professionelle Beratung</li>
    <li>Finanzierung möglich</li>
    <li>30 Tage Rückgabegarantie</li>
  </ul>
</div>",GSHandels,"Container","Container, GSHandels, Lagerung, Transport, Neu",true,Title,Default Title,,,,,3067,,shopify,10,deny,manual,14200.00,,true,true,,https://gshandels.com/wp-content/uploads/2026/03/7064-scaled-1.jpg,1,"20 Fuß Glascontainer – Neu (Weiß RAL 9010)",false,"20 Fuß Glascontainer – Neu (Weiß RAL 9010) | GSHandels - Professionelle Containerlösungen","Hochwertiger 20 Fuß Glascontainer – Neu (Weiß RAL 9010) von GSHandels. Professionelle Containerlösungen für Lagerung, Transport und gewerbliche Nutzung. Jetzt unverbindlich anfragen!",594,active
3068,"Mobile Wohneinheit Grönland – 25 m² einsatzbereit","<div class=""product-description"">
  <h1>Mobile Wohneinheit Grönland – 25 m² einsatzbereit</h1>
  
  <h2>Produktvorteile</h2>
  <ul>
    <li>Wind- und wasserdicht nach ISO-Norm</li>
    <li>CSC-zertifiziert für weltweiten Seetransport</li>
    <li>Stabile Stahlkonstruktion</li>
    <li>Sofort verfügbar - Kurze Lieferzeiten</li>
    <li>Flexible Zahlungsoptionen möglich</li>
  </ul>
  
  <h2>Technische Spezifikationen</h2>
  <table border=""0"" cellspacing=""0"" cellpadding=""5"">
    <tr>
      <td><strong>Material</strong></td>
      <td>Hochwertiger Stahl / Cortenstahl</td>
    </tr>
    <tr>
      <td><strong>Zustand</strong></td>
      <td>Neu oder Gebraucht</td>
    </tr>
    <tr>
      <td><strong>Zertifizierung</strong></td>
      <td>ISO 668, CSC-Plakette</td>
    </tr>
    <tr>
      <td><strong>Verfügbarkeit</strong></td>
      <td>Sofort lieferbar</td>
    </tr>
  </table>
  
  <h2>Beschreibung</h2>
  <p>Die Greenland Mobile Living Unit ist eine innovative Lösung für temporäres Wohnen oder einen mobilen Wohnraum. Mit ihren 25 m² im aufgestellten Zustand (Faltmaße: 4 m x 2,11 m x 2,55 m) bietet sie einen komfortablen und gut ausgestatteten Innenraum . Es verfügt über ein komplettes Badezimmer mit Dusche, Toilette, Waschbecken mit Spiegel und einer Belüftungsanlage (230 V). Für Wärme- und Schalldämmung sorgen isolierte Wände und Dach sowie doppelt verglaste Fenster . Dank der kompletten Anschlüsse (Wasser, 230V Strom, Abwasserableitung und integrierter Ablaufrinne) ist diese mobile Einheit sofort nach der Installation einsatzbereit . Das Klappsystem ermöglicht einen einfachen Transport und Einsatz und bietet nach der Installation eine Gesamtbreite von 6,22 m . Es eignet sich ideal als zusätzliches Zuhause, mobiles Büro oder vorübergehende Unterkunft und vereint Funktionalität, Sicherheit und Komfort, um sich all Ihren Bedürfnissen anzupassen.</p>
  
  <h2>Typische Anwendungsbereiche</h2>
  <ul>
    <li>Lagerung von Baumaterialien</li>
    <li>Warenlager für Handel</li>
    <li>Seefracht-Transport</li>
    <li>Mobile Werkstatt</li>
    <li>Zwischenlager bei Umzügen</li>
  </ul>
  
  <h2>Unsere Serviceleistungen</h2>
  <ul>
    <li>Kostenlose Lieferung (auf Anfrage)</li>
    <li>Professionelle Beratung</li>
    <li>Finanzierung möglich</li>
    <li>30 Tage Rückgabegarantie</li>
  </ul>
</div>",GSHandels,"Container","Container, GSHandels, Lagerung, Transport, Wohncontainer",true,Title,Default Title,,,,,3068,,shopify,10,deny,manual,10500.00,,true,true,,https://gshandels.com/wp-content/uploads/2026/03/52aa76_2b4b40a88f6445b79f386c9ca88173admv2.jpg,1,"Mobile Wohneinheit Grönland – 25 m² einsatzbereit",false,"Mobile Wohneinheit Grönland – 25 m² einsatzbereit | GSHandels - Professionelle Containerlösungen","Hochwertiger Mobile Wohneinheit Grönland – 25 m² einsatzbereit von GSHandels. Professionelle Containerlösungen für Lagerung, Transport und gewerbliche Nutzung. Jetzt unverbindlich anfragen!",594,active
3100,"15 m² Mini-Containerhaus – Mobile Lösung","<div class=""product-description"">
  <h1>15 m² Mini-Containerhaus – Mobile Lösung</h1>
  
  <h2>Produktvorteile</h2>
  <ul>
    <li>Wind- und wasserdicht nach ISO-Norm</li>
    <li>CSC-zertifiziert für weltweiten Seetransport</li>
    <li>Stabile Stahlkonstruktion</li>
    <li>Sofort verfügbar - Kurze Lieferzeiten</li>
    <li>Flexible Zahlungsoptionen möglich</li>
  </ul>
  
  <h2>Technische Spezifikationen</h2>
  <table border=""0"" cellspacing=""0"" cellpadding=""5"">
    <tr>
      <td><strong>Material</strong></td>
      <td>Hochwertiger Stahl / Cortenstahl</td>
    </tr>
    <tr>
      <td><strong>Zustand</strong></td>
      <td>Neu oder Gebraucht</td>
    </tr>
    <tr>
      <td><strong>Zertifizierung</strong></td>
      <td>ISO 668, CSC-Plakette</td>
    </tr>
    <tr>
      <td><strong>Verfügbarkeit</strong></td>
      <td>Sofort lieferbar</td>
    </tr>
  </table>
  
  <h2>Beschreibung</h2>
  <p>15 m² Mini-Containerhaus – Die perfekte mobile Wohnlösung Ein 15 m² Mini-Containerhaus bietet eine moderne und flexible Möglichkeit zu wohnen oder zu arbeiten. Aufgrund steigender Immobilienpreise und wachsender Nachfrage nach nachhaltigen Alternativen gewinnen Containerhäuser zunehmend an Bedeutung. Sie vereinen Funktionalität, Mobilität und minimalistisches Design auf kleinem Raum. Warum ein Mini-Containerhaus die Zukunft des Wohnens ist Die Nachfrage nach kompakten Wohnlösungen wächst kontinuierlich. Ein 15 m² Mini-Containerhaus bietet zahlreiche Vorteile: Niedrige Anschaffungskosten im Vergleich zu klassischen Immobilien Schnelle Lieferung und unkomplizierter Aufbau Umweltfreundliche Bauweise Flexible Nutzungsmöglichkeiten Mobilität und Versetzbarkeit Diese Eigenschaften machen das Mini-Containerhaus besonders attraktiv für Menschen, die effizient und unabhängig leben möchten. Vielseitige Einsatzmöglichkeiten Ein 15 m² Containerhaus ist vielseitig einsetzbar und kann individuell genutzt werden: Wohnen auf kleinem Raum Ideal für Einzelpersonen oder als Zweitwohnsitz. Durch intelligente Raumplanung wird der verfügbare Platz optimal genutzt. Mobiles Büro Perfekt als Homeoffice oder separater Arbeitsbereich im Garten oder auf dem Grundstück. Ferienunterkunft Sehr gefragt als kurzfristige Vermietung oder Ferienhaus, insbesondere in touristischen Regionen. Rückzugsort Geeignet als Atelier, Studio oder privater Rückzugsraum für Entspannung und Kreativität. Ausstattung und Features Moderne Mini-Containerhäuser sind funktional ausgestattet und bieten hohen Komfort trotz kompakter Größe: Schlafbereich Badezimmer mit Dusche und WC Kompakte Küche oder Pantrylösung Hochwertige Isolierung für ganzjährige Nutzung Anschlüsse für Strom und Wasser Optionale Erweiterungen wie Solaranlagen Dank modularer Bauweise lassen sich viele Modelle individuell anpassen. Nachhaltigkeit und Umweltfreundlichkeit Ein wesentlicher Vorteil von Containerhäusern ist ihre nachhaltige Bauweise: Wiederverwendung von Materialien Reduzierter Ressourcenverbrauch Möglichkeit zur Integration erneuerbarer Energien Geringerer CO₂-Ausstoß im Vergleich zu herkömmlichen Bauweisen Das macht das 15 m² Mini-Containerhaus zu einer zukunftsorientierten Wohnlösung. Kosten eines 15 m² Mini-Containerhauses Die Kosten variieren je nach Ausstattung, Qualität und Anbieter: Basismodelle beginnen ab etwa 10.000 € Voll ausgestattete Varianten liegen zwischen 20.000 € und 40.000 € Im Vergleich zu traditionellen Immobilien ist dies eine kosteneffiziente Alternative. Genehmigung und rechtliche Aspekte Vor dem Kauf oder der Aufstellung eines Mini-Containerhauses sollten rechtliche Rahmenbedingungen geprüft werden: Baugenehmigung je nach Standort erforderlich Einhaltung lokaler Bebauungspläne Klärung der Nutzung (dauerhaft oder temporär) Eine frühzeitige Abstimmung mit den zuständigen Behörden ist empfehlenswert. Vorteile im Überblick Flexibel einsetzbar Kostengünstig Nachhaltig Schnell verfügbar Individuell gestaltbar Fazit Ein 15 m² Mini-Containerhaus stellt eine moderne, kompakte und flexible Lösung für unterschiedliche Lebens- und Arbeitskonzepte dar. Es vereint Effizienz, Nachhaltigkeit und Mobilität und bietet eine überzeugende Alternative zum klassischen Wohnbau.</p>
  
  <h2>Typische Anwendungsbereiche</h2>
  <ul>
    <li>Lagerung von Baumaterialien</li>
    <li>Warenlager für Handel</li>
    <li>Seefracht-Transport</li>
    <li>Mobile Werkstatt</li>
    <li>Zwischenlager bei Umzügen</li>
  </ul>
  
  <h2>Unsere Serviceleistungen</h2>
  <ul>
    <li>Kostenlose Lieferung (auf Anfrage)</li>
    <li>Professionelle Beratung</li>
    <li>Finanzierung möglich</li>
    <li>30 Tage Rückgabegarantie</li>
  </ul>
</div>",GSHandels,"Container","Container, GSHandels, Lagerung, Transport",true,Title,Default Title,,,,,3100,,shopify,10,deny,manual,8740.00,,true,true,,https://gshandels.com/wp-content/uploads/2026/03/52aa76_d8ef37ab89904fa489536a9881b665bbmv2.jpg,1,"15 m² Mini-Containerhaus – Mobile Lösung",false,"15 m² Mini-Containerhaus – Mobile Lösung | GSHandels - Professionelle Containerlösungen","Hochwertiger 15 m² Mini-Containerhaus – Mobile Lösung von GSHandels. Professionelle Containerlösungen für Lagerung, Transport und gewerbliche Nutzung. Jetzt unverbindlich anfragen!",594,active
3099,"Tiny House Mobile Deluxe","<div class=""product-description"">
  <h1>Tiny House Mobile Deluxe</h1>
  
  <h2>Produktvorteile</h2>
  <ul>
    <li>Wind- und wasserdicht nach ISO-Norm</li>
    <li>CSC-zertifiziert für weltweiten Seetransport</li>
    <li>Stabile Stahlkonstruktion</li>
    <li>Sofort verfügbar - Kurze Lieferzeiten</li>
    <li>Flexible Zahlungsoptionen möglich</li>
  </ul>
  
  <h2>Technische Spezifikationen</h2>
  <table border=""0"" cellspacing=""0"" cellpadding=""5"">
    <tr>
      <td><strong>Material</strong></td>
      <td>Hochwertiger Stahl / Cortenstahl</td>
    </tr>
    <tr>
      <td><strong>Zustand</strong></td>
      <td>Neu oder Gebraucht</td>
    </tr>
    <tr>
      <td><strong>Zertifizierung</strong></td>
      <td>ISO 668, CSC-Plakette</td>
    </tr>
    <tr>
      <td><strong>Verfügbarkeit</strong></td>
      <td>Sofort lieferbar</td>
    </tr>
  </table>
  
  <h2>Beschreibung</h2>
  <p>Luxus Tiny House Mobile Deluxe – Modernes Wohnen neu definiert Das Tiny House Mobile Deluxe steht für eine neue Generation des Wohnens. Es kombiniert minimalistisches Leben mit höchstem Komfort und bietet eine ideale Lösung für alle, die flexibel, nachhaltig und stilvoll wohnen möchten. Dieses mobile Zuhause vereint durchdachtes Design, hochwertige Materialien und innovative Technik in einem kompakten Raumkonzept. Was ist ein Tiny House Mobile Deluxe? Ein Tiny House Mobile Deluxe ist ein hochwertig ausgestattetes Minihaus auf Rädern, das sich durch Mobilität und luxuriöse Ausstattung auszeichnet. Im Gegensatz zu klassischen Tiny Houses bietet die Deluxe-Variante zusätzliche Features wie: Hochwertige Innenausstattung Moderne Küchengeräte Stilvolle Badezimmerlösungen Energieeffiziente Bauweise Intelligente Raumlösungen Diese Kombination macht es zu einer perfekten Alternative zum klassischen Wohnen. Vorteile eines mobilen Tiny Houses Maximale Flexibilität Ein Tiny House auf Rädern ermöglicht es Ihnen, Ihren Wohnort jederzeit zu verändern. Ob auf dem Land, am See oder in den Bergen – Sie entscheiden, wo Sie leben möchten. Nachhaltigkeit und Umweltbewusstsein Durch die kompakte Bauweise wird der Ressourcenverbrauch deutlich reduziert. Viele Modelle sind zudem mit Solaranlagen und nachhaltigen Materialien ausgestattet. Kosteneffizienz Im Vergleich zu traditionellen Häusern sind Tiny Houses deutlich günstiger in Anschaffung und Unterhalt. Weniger Wohnfläche bedeutet geringere Energiekosten und weniger Wartungsaufwand. Minimalistischer Lebensstil Das Leben im Tiny House fördert einen bewussten Umgang mit Besitz und schafft mehr Raum für das Wesentliche. Hochwertige Ausstattung im Tiny House Deluxe Das Tiny House Mobile Deluxe überzeugt durch seine luxuriöse Innenausstattung: Moderne Küche Kompakte, voll ausgestattete Küchenzeile Hochwertige Elektrogeräte Cleverer Stauraum Komfortables Badezimmer Platzsparende Dusche Moderne Sanitäranlagen Stilvolle Materialien Wohn- und Schlafbereich Multifunktionale Möbel Große Fenster für viel Tageslicht Gemütliche Schlafbereiche auf mehreren Ebenen Design und Architektur Das Design eines Tiny House Mobile Deluxe ist modern, funktional und ästhetisch zugleich. Große Fensterflächen schaffen ein offenes Raumgefühl, während natürliche Materialien wie Holz eine warme Atmosphäre erzeugen. Beliebte Designmerkmale sind: Offene Grundrisse Loft-Schlafbereiche Klapp- und Multifunktionsmöbel Minimalistische Architektur Für wen eignet sich ein Tiny House Mobile Deluxe? Ein mobiles Deluxe Tiny House ist ideal für: Menschen, die flexibel wohnen möchten Minimalisten Digitale Nomaden Paare oder Einzelpersonen Investoren im Bereich Ferienvermietung Auch als Wochenendhaus oder Ferienunterkunft erfreut sich das Konzept großer Beliebtheit. Rechtliche Aspekte und Standortwahl Beim Kauf eines Tiny House Mobile Deluxe sollten Sie sich über lokale Bauvorschriften und Stellplatzmöglichkeiten informieren. Wichtige Punkte sind: Genehmigungen für Stellplätze Anschluss an Strom- und Wasserversorgung Zulassung als Wohn- oder Freizeitobjekt Eine sorgfältige Planung erleichtert die langfristige Nutzung erheblich. Tiny House kaufen – Worauf achten? Beim Kauf eines Tiny Houses sollten Sie folgende Kriterien berücksichtigen: Qualität der Materialien Achten Sie auf langlebige und nachhaltige Baustoffe. Energieeffizienz Eine gute Isolierung und moderne Heizsysteme sind entscheidend. Mobilität Das Haus sollte leicht transportierbar und straßenzugelassen sein. Individualisierung Viele Anbieter ermöglichen maßgeschneiderte Lösungen nach Ihren Bedürfnissen. Zukunft des Wohnens: Tiny Houses im Trend Tiny Houses sind mehr als nur ein Trend – sie sind eine Antwort auf steigende Wohnkosten und den Wunsch nach einem nachhaltigeren Lebensstil. Das Tiny House Mobile Deluxe zeigt, dass auch auf kleinem Raum luxuriöses Wohnen möglich ist. Fazit Das Tiny House Mobile Deluxe vereint Mobilität, Nachhaltigkeit und Komfort auf einzigartige Weise. Es bietet eine moderne Wohnlösung für alle, die unabhängig und stilvoll leben möchten. Mit durchdachtem Design und hochwertiger Ausstattung ist es die perfekte Wahl für die Zukunft des Wohnens.</p>
  
  <h2>Typische Anwendungsbereiche</h2>
  <ul>
    <li>Lagerung von Baumaterialien</li>
    <li>Warenlager für Handel</li>
    <li>Seefracht-Transport</li>
    <li>Mobile Werkstatt</li>
    <li>Zwischenlager bei Umzügen</li>
  </ul>
  
  <h2>Unsere Serviceleistungen</h2>
  <ul>
    <li>Kostenlose Lieferung (auf Anfrage)</li>
    <li>Professionelle Beratung</li>
    <li>Finanzierung möglich</li>
    <li>30 Tage Rückgabegarantie</li>
  </ul>
</div>",GSHandels,"Container","Container, GSHandels, Lagerung, Transport, Tiny House",true,Title,Default Title,,,,,3099,,shopify,10,deny,manual,7600.00,,true,true,,https://gshandels.com/wp-content/uploads/2026/03/1-75.jpg,1,"Tiny House Mobile Deluxe",false,"Tiny House Mobile Deluxe | GSHandels - Professionelle Containerlösungen","Hochwertiger Tiny House Mobile Deluxe von GSHandels. Professionelle Containerlösungen für Lagerung, Transport und gewerbliche Nutzung. Jetzt unverbindlich anfragen!",594,active
3101,"30 m² schlüsselfertiges Containerhaus – Moderne Lösung","<div class=""product-description"">
  <h1>30 m² schlüsselfertiges Containerhaus – Moderne Lösung</h1>
  
  <h2>Produktvorteile</h2>
  <ul>
    <li>Wind- und wasserdicht nach ISO-Norm</li>
    <li>CSC-zertifiziert für weltweiten Seetransport</li>
    <li>Stabile Stahlkonstruktion</li>
    <li>Sofort verfügbar - Kurze Lieferzeiten</li>
    <li>Flexible Zahlungsoptionen möglich</li>
  </ul>
  
  <h2>Technische Spezifikationen</h2>
  <table border=""0"" cellspacing=""0"" cellpadding=""5"">
    <tr>
      <td><strong>Material</strong></td>
      <td>Hochwertiger Stahl / Cortenstahl</td>
    </tr>
    <tr>
      <td><strong>Zustand</strong></td>
      <td>Neu oder Gebraucht</td>
    </tr>
    <tr>
      <td><strong>Zertifizierung</strong></td>
      <td>ISO 668, CSC-Plakette</td>
    </tr>
    <tr>
      <td><strong>Verfügbarkeit</strong></td>
      <td>Sofort lieferbar</td>
    </tr>
  </table>
  
  <h2>Beschreibung</h2>
  <p>Dieses 30 m² große Containerhaus bietet eine moderne, kompakte und praktische Wohnlösung , ideal für alle, die einen gebrauchsfertigen Wohnraum wünschen. Dank hochwertiger Ausstattung und effizienter Isolierung genießen Sie zu jeder Jahreszeit optimalen Wärmekomfort . Ob als Hauptwohnsitz , Ferienhaus oder vorübergehende Unterkunft – dieses schlüsselfertige Modell erfüllt alle Ihre Anforderungen. Haupteigenschaften: Gesamtfläche: 30 m² Außenmaße: 12,2 m Länge, 2,5 m Breite, 2,9 m Höhe Innenmaße: 11,9 m Länge, 2,1 m Breite, 2,5 m Höhe Innenaufteilung: Separates Schlafzimmer: Bietet Privatsphäre und Komfort , ideal für eine erholsame Nachtruhe. Separates Badezimmer: Komplett ausgestattet mit Waschbecken , Dusche und WC . Wohnzimmer mit Küchenbereich: Ein offener und freundlicher Raum, perfekt für Mahlzeiten und Momente der Entspannung. Kleiderschrank und Vorraum: Für praktische und übersichtliche Aufbewahrung. Isolierung und thermischer Komfort: Isolierung: PUR -Dämmplatten mit einem Wärmekoeffizienten von U=0,18 W/m²K , die eine hervorragende Energieeffizienz garantieren. Heizen und Kühlen: Luft-Luft-Wärmepumpe für optimalen Wärmekomfort . Elektrische Fußbodenheizung für gleichmäßige Wärmeverteilung. 50-Liter-Elektroboiler zur Warmwasserbereitung. Fenster und Öffnungen: Dreifach verglaste PVC-Fenster: Für hohe Energieeffizienz und verbesserte Schalldämmung . Fensterhöhe: 240 cm , ermöglicht maximalen Tageslichteinfall . Außenausführungen: Vorderseite: Lackiert für ein klares Design und lange Haltbarkeit . Dach: Behandlung für Wetterbeständigkeit . Im Preis inbegriffen: Komplett schlüsselfertiges Gebäude mit Innen- und Außenbeleuchtung . Komplette Installationen für Strom , Wasser und Abwasser , anschlussfertig. Belüftungssystem, das eine ständige Lufterneuerung gewährleistet . Innenwände aus Forestia-Paneelen mit eleganter und moderner Oberfläche. Vinylboden : Pflegeleicht und attraktiv. Voll ausgestattetes Badezimmer mit allen notwendigen Gegenständen. Heizung: Elektrische Heizkörper mit Thermostat für präzise Temperaturregelung. 80 cm große weiße Innentüren für eine gute Zirkulation zwischen den Räumen. Ausschlüsse (nicht im Preis inbegriffen): Transport und Montage: Es sind Transport- und Montagekosten vor Ort zu erwarten. Fundament: Das für die Aufstellung erforderliche Fundament muss bauseits erstellt werden. Anschluss an Strom, Wasser und Abwasser: Ist vor Ort zu erledigen. Verfügbare Optionen: Anpassungen an lokale Standards : Spezifische Anpassungen zur Erfüllung lokaler Anforderungen. „Grüne“ Außenwand: Für ökologische Integration . Zusätzliche Isolierung: Verbesserte Isolierung für optimierte Wärmeleistung. Jalousien: Jalousien wurden hinzugefügt, um Licht und Wärme besser zu regulieren. Individuelle IKEA-Küche : Gestalten Sie Ihre Küche individuell mit IKEA-Möbeln. Dachterrasse: Möglichkeit, den Außenbereich optimal zu nutzen und den Panoramablick zu genießen .</p>
  
  <h2>Typische Anwendungsbereiche</h2>
  <ul>
    <li>Lagerung von Baumaterialien</li>
    <li>Warenlager für Handel</li>
    <li>Seefracht-Transport</li>
    <li>Mobile Werkstatt</li>
    <li>Zwischenlager bei Umzügen</li>
  </ul>
  
  <h2>Unsere Serviceleistungen</h2>
  <ul>
    <li>Kostenlose Lieferung (auf Anfrage)</li>
    <li>Professionelle Beratung</li>
    <li>Finanzierung möglich</li>
    <li>30 Tage Rückgabegarantie</li>
  </ul>
</div>",GSHandels,"Container","Container, GSHandels, Lagerung, Transport",true,Title,Default Title,,,,,3101,,shopify,10,deny,manual,36000.00,,true,true,,https://gshandels.com/wp-content/uploads/2026/03/52aa76_3df67a6d79f64581a61ff10ad4f771fbmv2.jpg,1,"30 m² schlüsselfertiges Containerhaus – Moderne Lösung",false,"30 m² schlüsselfertiges Containerhaus – Moderne Lösung | GSHandels - Professionelle Containerlösungen","Hochwertiger 30 m² schlüsselfertiges Containerhaus – Moderne Lösung von GSHandels. Professionelle Containerlösungen für Lagerung, Transport und gewerbliche Nutzung. Jetzt unverbindlich anfragen!",594,active
3102,"Dallas De Luxe „Los Gigantos“ – Luxuriöses, faltbares mobiles Chalet","<div class=""product-description"">
  <h1>Dallas De Luxe „Los Gigantos“ – Luxuriöses, faltbares mobiles Chalet</h1>
  
  <h2>Produktvorteile</h2>
  <ul>
    <li>Wind- und wasserdicht nach ISO-Norm</li>
    <li>CSC-zertifiziert für weltweiten Seetransport</li>
    <li>Stabile Stahlkonstruktion</li>
    <li>Sofort verfügbar - Kurze Lieferzeiten</li>
    <li>Flexible Zahlungsoptionen möglich</li>
  </ul>
  
  <h2>Technische Spezifikationen</h2>
  <table border=""0"" cellspacing=""0"" cellpadding=""5"">
    <tr>
      <td><strong>Material</strong></td>
      <td>Hochwertiger Stahl / Cortenstahl</td>
    </tr>
    <tr>
      <td><strong>Zustand</strong></td>
      <td>Neu oder Gebraucht</td>
    </tr>
    <tr>
      <td><strong>Zertifizierung</strong></td>
      <td>ISO 668, CSC-Plakette</td>
    </tr>
    <tr>
      <td><strong>Verfügbarkeit</strong></td>
      <td>Sofort lieferbar</td>
    </tr>
  </table>
  
  <h2>Beschreibung</h2>
  <p>Dallas De Luxe „Los Gigantos“ ist eine mobile und faltbare Wohneinheit , ideal für alle, die einen geräumigen, funktionalen und eleganten Raum in einer leicht transportierbaren Struktur suchen . Ausgestattet mit hochwertigen Materialien und moderner Ausstattung bietet es ein optimales Wohnumfeld für verschiedene Nutzungen. Haupteigenschaften: Abmessungen: Ausgeklappt : 12 m (Länge) x 6,25 m (Breite) x 2,55 m (Höhe) Für den Transport zusammengeklappt : 12 m x 2,25 m x 2,58 m Gewicht : 7 Tonnen Materialien und Isolierung: Isolierte Wände und Dach für optimalen Wärmekomfort zu jeder Jahreszeit. Aluminiumrahmen mit verspiegelten Glasfenstern sorgen für Privatsphäre und Eleganz . Wohnräume: Geräumige Lounge , die eine freundliche und komfortable Atmosphäre bietet . 3 individuelle Schlafzimmer mit abschließbaren Türen für mehr Privatsphäre . Ausgestattete Küche: Marmorarbeitsplatte für einen Hauch von Eleganz und Haltbarkeit . Hochwertiges Waschbecken und Wasserhahn , praktisch und ästhetisch. Integrierte Küchenmöbel bieten optimierten Stauraum . Ultra-luxuriöses Badezimmer: Regendusche mit intuitiver Touch-Steuerung für ein intensives Erlebnis . Integriertes WC . Waschbecken mit Spiegelschrank , zusätzlichem Stauraum und praktischem Spiegel . Bodenbelag: Vinylboden in Holzoptik , der Wärme und Modernität vermittelt und gleichzeitig leicht zu pflegen ist . Strom und Ausrüstung: 230-V-Steckdosen zum Anschließen all Ihrer Geräte. Moderne Schalter und Anschlussmöglichkeiten für die Deckenbeleuchtung. Mobile und faltbare Wohneinheit: Dank seines innovativen Faltdesigns lässt sich dieses Chalet leicht transportieren und schnell aufbauen und bietet somit eine flexible Lösung für verschiedene Bedürfnisse. Einsatzmöglichkeiten: Zweitwohnsitz oder Ferienhaus , das einen komfortablen Wohnraum bietet. Temporäre Unterkunftseinheit für Baustellen oder Veranstaltungen. Mobiles Büro der Spitzenklasse , ideal für Telearbeit oder professionelle Räume. Schnelle Installation in ländlichen, bergigen oder Küstengebieten.</p>
  
  <h2>Typische Anwendungsbereiche</h2>
  <ul>
    <li>Lagerung von Baumaterialien</li>
    <li>Warenlager für Handel</li>
    <li>Seefracht-Transport</li>
    <li>Mobile Werkstatt</li>
    <li>Zwischenlager bei Umzügen</li>
  </ul>
  
  <h2>Unsere Serviceleistungen</h2>
  <ul>
    <li>Kostenlose Lieferung (auf Anfrage)</li>
    <li>Professionelle Beratung</li>
    <li>Finanzierung möglich</li>
    <li>30 Tage Rückgabegarantie</li>
  </ul>
</div>",GSHandels,"Container","Container, GSHandels, Lagerung, Transport, Barcontainer",true,Title,Default Title,,,,,3102,,shopify,10,deny,manual,20000.00,,true,true,,https://gshandels.com/wp-content/uploads/2026/03/52aa76_377f755e72044fa7b3e17ea148db176fmv2.jpg,1,"Dallas De Luxe „Los Gigantos“ – Luxuriöses, faltbares mobiles Chalet",false,"Dallas De Luxe „Los Gigantos“ – Luxuriöses, faltbares mobiles Chalet | GSHandels - Professionelle Containerlösungen","Hochwertiger Dallas De Luxe „Los Gigantos“ – Luxuriöses, faltbares mobiles Chalet von GSHandels. Professionelle Containerlösungen für Lagerung, Transport und gewerbliche Nutzung. Jetzt unverbindlich anfragen!",594,active
3103,"Helsinki-Modellcontainer 8×3 Meter mit Sanitäranlagen","<div class=""product-description"">
  <h1>Helsinki-Modellcontainer 8×3 Meter mit Sanitäranlagen</h1>
  
  <h2>Produktvorteile</h2>
  <ul>
    <li>Wind- und wasserdicht nach ISO-Norm</li>
    <li>CSC-zertifiziert für weltweiten Seetransport</li>
    <li>Stabile Stahlkonstruktion</li>
    <li>Sofort verfügbar - Kurze Lieferzeiten</li>
    <li>Flexible Zahlungsoptionen möglich</li>
  </ul>
  
  <h2>Technische Spezifikationen</h2>
  <table border=""0"" cellspacing=""0"" cellpadding=""5"">
    <tr>
      <td><strong>Material</strong></td>
      <td>Hochwertiger Stahl / Cortenstahl</td>
    </tr>
    <tr>
      <td><strong>Zustand</strong></td>
      <td>Neu oder Gebraucht</td>
    </tr>
    <tr>
      <td><strong>Zertifizierung</strong></td>
      <td>ISO 668, CSC-Plakette</td>
    </tr>
    <tr>
      <td><strong>Verfügbarkeit</strong></td>
      <td>Sofort lieferbar</td>
    </tr>
  </table>
  
  <h2>Beschreibung</h2>
  <p>Das Modell Helsinki (8 x 3 m) ist eine moderne modulare Einheit , ideal für den privaten oder gewerblichen Gebrauch . Sein schlankes Design mit äußeren Aluminiumpaneelen in Holzoptik ermöglicht eine harmonische Integration in unterschiedliche Umgebungen, ob städtisch oder ländlich . Seine robuste Struktur mit einem profilierten Stahlrahmen sorgt für außergewöhnliche Langlebigkeit und Widerstandsfähigkeit . Haupteigenschaften: Vollständige Wärmedämmung: Dank der 100 mm starken EPS- Dämmung an Wänden, Dach und Boden sorgt dieses Gerät das ganze Jahr über für ein angenehmes Raumklima. Es eignet sich ideal für verschiedene Umgebungen, egal ob Sommer oder Winter. Zur jahreszeitlichen Temperaturregulierung empfiehlt sich die Installation einer Split-Klimaanlage. Natürliches Licht und Belüftung: Genießen Sie reichlich natürliches Licht dank der Doppelglastür (2000 x 2100 mm), die für eine luftige und geräumige Atmosphäre sorgt. Die Drehkippfenster (800 x 1100 mm, 2 Stück) und ein Sanitärfenster (500 x 500 mm, 1 Stück) ermöglichen eine effiziente Belüftung und Anpassung an Ihre Bedürfnisse. Praktische Raumaufteilung: Die Einheit verfügt über ein komplettes Badezimmer mit Dusche und WC sowie eine kompakte Küchenzeile und bietet somit absolute Autonomie . Der Vinylboden in Eichenoptik verleiht dem Interieur eine warme und elegante Note und ist gleichzeitig pflegeleicht. Elektrische Ausrüstung: Elektroinstallation 230V/16A mit Drehstromsteckdosen , 8 Doppelsteckdosen, 3 Schaltern, Sicherungskasten und Steckdose für externen Zähler. Integrierte LED-Beleuchtung mit 3 Lampen, die optimale Helligkeit und geringen Energieverbrauch garantieren. Technische Details: Außenmaß: 800 x 300 cm Innenhöhe: zwischen 228 cm und 237 cm Konstruktion: 80x80x4 mm Profilstahlrahmen für erhöhte Festigkeit. Fenster und Türen: Aluminiumprofile in Anthrazit RAL 7016 sorgen für hervorragende Isolierung und elegantes Design . Vielseitig einsetzbar: Das Modell Helsinki eignet sich für verschiedene Zwecke , sei es als Home-Office , Arbeitsplatz oder kompaktes Zuhause . Mit seinem modernen Design, dem thermischen Komfort und der optimierten Raumaufteilung bietet es eine ideale Lösung für alle, die einen kleinen Raum optimal nutzen möchten, ohne auf Komfort zu verzichten. Perfekt für die Aufstellung im Garten , auf einer Baustelle oder als Zweitwohnsitz vereint das Modell Ästhetik , Funktionalität und Komfort .</p>
  
  <h2>Typische Anwendungsbereiche</h2>
  <ul>
    <li>Lagerung von Baumaterialien</li>
    <li>Warenlager für Handel</li>
    <li>Seefracht-Transport</li>
    <li>Mobile Werkstatt</li>
    <li>Zwischenlager bei Umzügen</li>
  </ul>
  
  <h2>Unsere Serviceleistungen</h2>
  <ul>
    <li>Kostenlose Lieferung (auf Anfrage)</li>
    <li>Professionelle Beratung</li>
    <li>Finanzierung möglich</li>
    <li>30 Tage Rückgabegarantie</li>
  </ul>
</div>",GSHandels,"Container","Container, GSHandels, Lagerung, Transport, Sanitärcontainer",true,Title,Default Title,,,,,3103,,shopify,10,deny,manual,12000.00,,true,true,,https://gshandels.com/wp-content/uploads/2026/03/1-72.jpg,1,"Helsinki-Modellcontainer 8×3 Meter mit Sanitäranlagen",false,"Helsinki-Modellcontainer 8×3 Meter mit Sanitäranlagen | GSHandels - Professionelle Containerlösungen","Hochwertiger Helsinki-Modellcontainer 8×3 Meter mit Sanitäranlagen von GSHandels. Professionelle Containerlösungen für Lagerung, Transport und gewerbliche Nutzung. Jetzt unverbindlich anfragen!",594,active
3134,"20 Fuß x 8 Fuß High Cube-Versandcontainer","<div class=""product-description"">
  <h1>20 Fuß x 8 Fuß High Cube-Versandcontainer</h1>
  
  <h2>Produktvorteile</h2>
  <ul>
    <li>Wind- und wasserdicht nach ISO-Norm</li>
    <li>CSC-zertifiziert für weltweiten Seetransport</li>
    <li>Stabile Stahlkonstruktion</li>
    <li>Sofort verfügbar - Kurze Lieferzeiten</li>
    <li>Flexible Zahlungsoptionen möglich</li>
  </ul>
  
  <h2>Technische Spezifikationen</h2>
  <table border=""0"" cellspacing=""0"" cellpadding=""5"">
    <tr>
      <td><strong>Material</strong></td>
      <td>Hochwertiger Stahl / Cortenstahl</td>
    </tr>
    <tr>
      <td><strong>Zustand</strong></td>
      <td>Neu oder Gebraucht</td>
    </tr>
    <tr>
      <td><strong>Zertifizierung</strong></td>
      <td>ISO 668, CSC-Plakette</td>
    </tr>
    <tr>
      <td><strong>Verfügbarkeit</strong></td>
      <td>Sofort lieferbar</td>
    </tr>
  </table>
  
  <h2>Beschreibung</h2>
  <p>20 Fuß x 8 Fuß High Cube-Versandcontainer mit elektrischem Rollladen: Die ideale Lagerlösung Erweitern Sie Ihre Lagerkapazitäten mit unserem 20 x 8 Fuß großen High Cube-Versandcontainer . Dieser Container ist auf maximalen Komfort ausgelegt und mit einem durchgehenden elektrischen Rollladen ausgestattet , der schnelles und müheloses Be- und Entladen selbst sperriger Gegenstände ermöglicht. Haupteigenschaften: Wasserdicht und geschützt : Dieser Behälter ist so konzipiert, dass er den Elementen standhält und optimalen Schutz vor Wind und Wasser bietet , um Ihre Sachen zu sichern. Elektrischer Rollladen : Ein durchgehender Rollladen ermöglicht einen einfachen Zugang zur schnellen Handhabung großer Objekte. Anpassung : Wählen Sie aus einer Vielzahl von Farben, um das Erscheinungsbild des Behälters an Ihre Vorlieben oder Ihr Branding anzupassen. Flexible Größen : In mehreren Konfigurationen erhältlich, mit der Möglichkeit, die Größe und das Rollladensystem an Ihre spezifischen Bedürfnisse anzupassen. Technische Daten: Außenmaße : 20 Fuß (6,06 m) x 8 Fuß (2,44 m) x 9,6 Fuß (2,90 m) Innenmaße : 19,4 Fuß (5,9 m) x 7,8 Fuß (2,39 m) x 8,6 Fuß (2,62 m) Rollladen : Elektrisch, lässt sich über die gesamte Länge ausfahren für einfachen und bequemen Zugang. Zusätzliche Optionen für mehr Flexibilität: Einwegbehälter : Wählen Sie einen fast neuen, einmal verwendeten Behälter für einen besseren Zustand und eine längere Lebensdauer. Wärmedämmung : Fügen Sie eine Isolierung hinzu , um die Temperaturregulierung zu verbessern, ideal für extreme Umgebungen. Individuelle Innenausstattung : Wählen Sie je nach Verwendungszweck Ihres Containers eine Innenausstattung aus Sperrholz, Melamin oder Gipskarton . Elektroinstallationen : Integrieren Sie ein Beleuchtungssystem und Steckdosen, um Ihren Container in einen funktionalen Arbeits- oder Lagerraum zu verwandeln. Sicherheitsverbesserungen : Fügen Sie zusätzliche Türen und Fenster hinzu , um die Sicherheit und Funktionalität des Containers zu verbessern. Vorteile des 20ft x 8ft High Cube Containers: Einfacher Zugriff : Der elektrische Rollladen ermöglicht ein schnelles Öffnen zum mühelosen Be- und Entladen , auch von sperrigen Gegenständen. Vielseitige Lösung : Ob für den gewerblichen oder privaten Gebrauch, dieser Container ist ideal für die vorübergehende oder dauerhafte Lagerung. Optimaler Schutz : Dank der robusten Konstruktion und Wasserdichtigkeit sind Ihre Sachen vor Witterungseinflüssen und äußeren Einflüssen geschützt. Dieser High Cube-Container ist die perfekte Lösung für Unternehmen und Privatpersonen, die praktischen, sicheren und individuell anpassbaren Lagerraum suchen. Ob zur Lagerung von Waren, Ausrüstung oder als Werkstatt – er erfüllt alle Ihre Anforderungen.</p>
  
  <h2>Typische Anwendungsbereiche</h2>
  <ul>
    <li>Lagerung von Baumaterialien</li>
    <li>Warenlager für Handel</li>
    <li>Seefracht-Transport</li>
    <li>Mobile Werkstatt</li>
    <li>Zwischenlager bei Umzügen</li>
  </ul>
  
  <h2>Unsere Serviceleistungen</h2>
  <ul>
    <li>Kostenlose Lieferung (auf Anfrage)</li>
    <li>Professionelle Beratung</li>
    <li>Finanzierung möglich</li>
    <li>30 Tage Rückgabegarantie</li>
  </ul>
</div>",GSHandels,"Container","Container, GSHandels, Lagerung, Transport, High Cube",true,Title,Default Title,,,,,3134,,shopify,10,deny,manual,4000.00,,true,true,,https://gshandels.com/wp-content/uploads/2026/03/20ft-x-8ft-Roller-Shutter-Shipping-Containers.webp,1,"20 Fuß x 8 Fuß High Cube-Versandcontainer",false,"20 Fuß x 8 Fuß High Cube-Versandcontainer | GSHandels - Professionelle Containerlösungen","Hochwertiger 20 Fuß x 8 Fuß High Cube-Versandcontainer von GSHandels. Professionelle Containerlösungen für Lagerung, Transport und gewerbliche Nutzung. Jetzt unverbindlich anfragen!",594,active
3136,"20-Fuß-Bürocontainer Mailand","<div class=""product-description"">
  <h1>20-Fuß-Bürocontainer Mailand</h1>
  
  <h2>Produktvorteile</h2>
  <ul>
    <li>Wind- und wasserdicht nach ISO-Norm</li>
    <li>CSC-zertifiziert für weltweiten Seetransport</li>
    <li>Stabile Stahlkonstruktion</li>
    <li>Sofort verfügbar - Kurze Lieferzeiten</li>
    <li>Flexible Zahlungsoptionen möglich</li>
  </ul>
  
  <h2>Technische Spezifikationen</h2>
  <table border=""0"" cellspacing=""0"" cellpadding=""5"">
    <tr>
      <td><strong>Material</strong></td>
      <td>Hochwertiger Stahl / Cortenstahl</td>
    </tr>
    <tr>
      <td><strong>Zustand</strong></td>
      <td>Neu oder Gebraucht</td>
    </tr>
    <tr>
      <td><strong>Zertifizierung</strong></td>
      <td>ISO 668, CSC-Plakette</td>
    </tr>
    <tr>
      <td><strong>Verfügbarkeit</strong></td>
      <td>Sofort lieferbar</td>
    </tr>
  </table>
  
  <h2>Beschreibung</h2>
  <p>Der Bürocontainer Milan (6 x 3 m) ist eine modulare Einheit , die die unterschiedlichsten Bedürfnisse von Privatpersonen und Geschäftsleuten erfüllt . Er zeichnet sich durch modernes Design und hochwertige Wärmedämmung aus und bietet so das ganze Jahr über einen komfortablen und angenehmen Raum. Dieses Modell eignet sich perfekt als zusätzliches Büro , Heimarbeitsplatz , Gartenstudio oder sogar als Freizeitbereich . Haupteigenschaften: Hervorragende Wärmedämmung: Das Modell Milan ist vollständig mit 100 mm expandiertem Polystyrol (EPS) an Wänden, Dach und Boden isoliert und bietet so hervorragenden Schutz vor klimatischen Schwankungen. Diese Hochleistungsdämmung sorgt für eine stabile Temperatur und ein angenehmes Raumklima, unabhängig von den Außenbedingungen. Modernes und ästhetisches Design: Die Außenseite ist mit Aluminiumpaneelen in Holzoptik verziert , die dem Container ein modernes und elegantes Aussehen verleihen . Die anthrazitfarbene Farbe (RAL 7016) der Fenster und der Tür kontrastiert harmonisch mit dem reinweißen Innenraum (RAL 9010) und schafft eine helle und angenehme Atmosphäre. Innenarchitektur und Beleuchtung: Reichlich Tageslicht: Das Modell Milan profitiert von großen Fenstern , die viel Tageslicht hereinlassen . Es verfügt über zwei Drehkippfenster : eines mit den Maßen 500 x 500 mm und eines mit den Maßen 800 x 1100 mm . Darüber hinaus optimiert ein doppelt zu öffnendes Balkonfenster die Belüftung und Helligkeit – perfekt für einen effizienten Arbeitsbereich oder eine helle Freizeitumgebung. Sicherer und bequemer Zugang: Das Gerät ist mit einer isolierten Stahltür (1100 x 2100 mm) ausgestattet, die für eine gute Wärmedämmung und optimalen Schutz sorgt und gleichzeitig einen einfachen und sicheren Zugang zum Innenraum ermöglicht. Komfort und Ausstattung: Komplette Elektroinstallation: Das Gerät ist betriebsfertig mit einer 230V/16A Elektroinstallation inklusive Drehstromsteckdosen und energiesparenden LED-Leuchtmitteln ausgestattet . Die Innenbeleuchtung erfolgt über LED-Leuchtmittel und sorgt für optimale Helligkeit zum Arbeiten oder Entspannen. Schnelle und einfache Installation: Das Modell Milan wird gebrauchsfertig geliefert , was die Installation vor Ort vereinfacht. Es lässt sich schnell installieren und ist ideal für alle, die eine sofortige und praktische Lösung suchen. Technische Details: Außenmaß: 600 x 300 cm Innenhöhe: zwischen 228 cm und 238 cm Robuste Konstruktion: Boden und Dach bestehen aus 80x80x4 mm Stahlprofilen , die eine erhöhte Langlebigkeit und Stabilität für den Dauereinsatz gewährleisten. Vielseitig einsetzbar: Der Milan-Container ist eine flexible und moderne Lösung , die sich für verschiedene Einsatzzwecke eignet: Homeoffice oder zusätzlicher Arbeitsplatz Gartenatelier oder Freizeitraum Lagerbereich oder Werkstatt Mit seiner hochwertigen Wärmedämmung, seinem klaren Design und seiner praktischen Ausstattung garantiert das Modell Milan optimalen Komfort zu jeder Jahreszeit und bietet somit eine ideale Lösung sowohl für den privaten als auch für den gewerblichen Gebrauch .</p>
  
  <h2>Typische Anwendungsbereiche</h2>
  <ul>
    <li>Lagerung von Baumaterialien</li>
    <li>Warenlager für Handel</li>
    <li>Seefracht-Transport</li>
    <li>Mobile Werkstatt</li>
    <li>Zwischenlager bei Umzügen</li>
  </ul>
  
  <h2>Unsere Serviceleistungen</h2>
  <ul>
    <li>Kostenlose Lieferung (auf Anfrage)</li>
    <li>Professionelle Beratung</li>
    <li>Finanzierung möglich</li>
    <li>30 Tage Rückgabegarantie</li>
  </ul>
</div>",GSHandels,"Container","Container, GSHandels, Lagerung, Transport, Bürocontainer, 20 Fuß",true,Title,Default Title,,,,,3136,,shopify,10,deny,manual,4000.00,,true,true,,https://gshandels.com/wp-content/uploads/2026/03/1-73.jpg,1,"20-Fuß-Bürocontainer Mailand",false,"20-Fuß-Bürocontainer Mailand | GSHandels - Professionelle Containerlösungen","Hochwertiger 20-Fuß-Bürocontainer Mailand von GSHandels. Professionelle Containerlösungen für Lagerung, Transport und gewerbliche Nutzung. Jetzt unverbindlich anfragen!",594,active
3135,"Erweiterbarer Eventcontainer 2x20DV – Modulare Lösung","<div class=""product-description"">
  <h1>Erweiterbarer Eventcontainer 2x20DV – Modulare Lösung</h1>
  
  <h2>Produktvorteile</h2>
  <ul>
    <li>Wind- und wasserdicht nach ISO-Norm</li>
    <li>CSC-zertifiziert für weltweiten Seetransport</li>
    <li>Stabile Stahlkonstruktion</li>
    <li>Sofort verfügbar - Kurze Lieferzeiten</li>
    <li>Flexible Zahlungsoptionen möglich</li>
  </ul>
  
  <h2>Technische Spezifikationen</h2>
  <table border=""0"" cellspacing=""0"" cellpadding=""5"">
    <tr>
      <td><strong>Material</strong></td>
      <td>Hochwertiger Stahl / Cortenstahl</td>
    </tr>
    <tr>
      <td><strong>Zustand</strong></td>
      <td>Neu oder Gebraucht</td>
    </tr>
    <tr>
      <td><strong>Zertifizierung</strong></td>
      <td>ISO 668, CSC-Plakette</td>
    </tr>
    <tr>
      <td><strong>Verfügbarkeit</strong></td>
      <td>Sofort lieferbar</td>
    </tr>
  </table>
  
  <h2>Beschreibung</h2>
  <p>Der erweiterbare 2x20DV-Eventcontainer ist die perfekte Lösung für die Schaffung modularer und funktionaler Räume für Ihre Veranstaltungen. Dieser Container wurde für Messen , Festivals, Ausstellungen und andere Veranstaltungen entwickelt und bietet außergewöhnliche Vielseitigkeit , schnelle Installation und eine hervorragende Anpassungsfähigkeit an Ihre Bedürfnisse. Haupteigenschaften: Abmessungen im ausgefahrenen Zustand: Länge : 7,4 m Breite : 7,4 m Höhe : 5,3 m Grundfläche (Erdgeschoss): 30 m² Dachterrasse : 30 m², bietet Platz für bis zu 15 Personen Konfiguration und Layout: Offener Raum im Erdgeschoss, ideal für Stände oder Präsentationen. Terrassenbelag aus Verbundholz mit verstellbarem Sonnenschutz bietet eine atemberaubende Aussicht und Platz für Besprechungen oder VIP-Bereiche. 110 cm langes Stahlgeländer zur Gewährleistung der Sicherheit der Gäste auf der Terrasse. Stahltreppe mit Zwischenpodest für einen einfachen und sicheren Zugang zur oberen Terrasse. Erweiterungsmechanismus und Flexibilität: Abnehmbare Seitenwände : Bietet zusätzliche 15 m² Fläche dank ferngesteuerter elektrischer Antriebe , sodass der Raum je nach den Anforderungen der Veranstaltung angepasst werden kann Ausstattung und Ausführungen: Beleuchtung : 16 Strahler innen + 4 Strahler außen zur Beleuchtung des Raumes . Steckdosen (IP44/65): Im Erdgeschoss und im Obergeschoss verfügbar, für den Außenbereich geeignet. Anpassbare Oberflächen : Farbe auf dem Behälter für eine einzigartige visuelle Identität.</p>
  
  <h2>Typische Anwendungsbereiche</h2>
  <ul>
    <li>Lagerung von Baumaterialien</li>
    <li>Warenlager für Handel</li>
    <li>Seefracht-Transport</li>
    <li>Mobile Werkstatt</li>
    <li>Zwischenlager bei Umzügen</li>
  </ul>
  
  <h2>Unsere Serviceleistungen</h2>
  <ul>
    <li>Kostenlose Lieferung (auf Anfrage)</li>
    <li>Professionelle Beratung</li>
    <li>Finanzierung möglich</li>
    <li>30 Tage Rückgabegarantie</li>
  </ul>
</div>",GSHandels,"Container","Container, GSHandels, Lagerung, Transport, Barcontainer",true,Title,Default Title,,,,,3135,,shopify,10,deny,manual,24000.00,,true,true,,https://gshandels.com/wp-content/uploads/2026/03/1-74.jpg,1,"Erweiterbarer Eventcontainer 2x20DV – Modulare Lösung",false,"Erweiterbarer Eventcontainer 2x20DV – Modulare Lösung | GSHandels - Professionelle Containerlösungen","Hochwertiger Erweiterbarer Eventcontainer 2x20DV – Modulare Lösung von GSHandels. Professionelle Containerlösungen für Lagerung, Transport und gewerbliche Nutzung. Jetzt unverbindlich anfragen!",594,active
3137,"Bürocontainer Helsinki – 4 x 3 m modularer Raum","<div class=""product-description"">
  <h1>Bürocontainer Helsinki – 4 x 3 m modularer Raum</h1>
  
  <h2>Produktvorteile</h2>
  <ul>
    <li>Wind- und wasserdicht nach ISO-Norm</li>
    <li>CSC-zertifiziert für weltweiten Seetransport</li>
    <li>Stabile Stahlkonstruktion</li>
    <li>Sofort verfügbar - Kurze Lieferzeiten</li>
    <li>Flexible Zahlungsoptionen möglich</li>
  </ul>
  
  <h2>Technische Spezifikationen</h2>
  <table border=""0"" cellspacing=""0"" cellpadding=""5"">
    <tr>
      <td><strong>Material</strong></td>
      <td>Hochwertiger Stahl / Cortenstahl</td>
    </tr>
    <tr>
      <td><strong>Zustand</strong></td>
      <td>Neu oder Gebraucht</td>
    </tr>
    <tr>
      <td><strong>Zertifizierung</strong></td>
      <td>ISO 668, CSC-Plakette</td>
    </tr>
    <tr>
      <td><strong>Verfügbarkeit</strong></td>
      <td>Sofort lieferbar</td>
    </tr>
  </table>
  
  <h2>Beschreibung</h2>
  <p>Der Bürocontainer Helsinki (4 x 3 m) ist eine ideale modulare Lösung für alle, die einen gut gestalteten, funktionalen und optimal isolierten Arbeits- oder Freizeitraum suchen . Dieses kompakte und elegante Modell fügt sich harmonisch in unterschiedliche Umgebungen ein, sei es ein privater Garten , ein Gewerbegrundstück oder ein temporäres Büro . Seine robuste Konstruktion , das moderne Design und die natürliche Beleuchtung machen ihn zu einer hochwertigen Wahl für den professionellen oder privaten Gebrauch. Haupteigenschaften: Außenmaß: 400 x 300 cm Innenhöhe: zwischen 228 cm und 236 cm Außenfarbe: Anthrazit RAL 7016 , bietet ein modernes und elegantes Design Innenfarbe: Reinweiß RAL 9010 , wodurch im Inneren eine helle und luftige Atmosphäre entsteht. Isolierung und Konstruktion: Vollständige Isolierung: Das Gerät ist mit 100 mm expandiertem Polystyrol (EPS) für Wände , Dach und Boden ausgestattet , was eine optimale Wärmedämmung garantiert, die vor klimatischen Schwankungen schützt. Robuste Konstruktion: Die 80 x 80 x 3 mm große Stahlkonstruktion für Boden und Dach sorgt für außergewöhnliche Haltbarkeit und Stabilität für eine dauerhafte Nutzung. Fenster und Türen: Windows: 1 Drehkippfenster (800 x 1100 mm) in RAL 7016 sorgt für effiziente Belüftung und natürliche Belichtung. 2 große Glasplatten (900 x 1900 mm) sind vollständig versiegelt, um viel Licht hereinzulassen und einen schönen Blick nach draußen zu bieten. Tür: Vollständig isolierte Stahltür (1080 x 2100 mm) garantiert Sicherheit und hervorragende Wärmedämmung. Strom und Beleuchtung: Stromversorgung: 230V / 16A mit 3-poligem System für eine zuverlässige und sichere Stromversorgung. LED-Beleuchtung: 2 LED-Deckenleuchten , die optimale Helligkeit bei gleichzeitiger Energieeffizienz garantieren. Steckdosen und Schalter: 2 eingebaute Doppelsteckdosen und ein Schalter zur einfachen Lichtsteuerung. Eine externe 230V-Tischsteckdose ermöglicht zusätzliche Anschlüsse im Außenbereich. Zuzahlungen: Vinylboden in Eichenoptik: Ein eleganter und pflegeleichter Boden, der dem Interieur eine warme und moderne Note verleiht. Integrierte Ablaufrinne: Für eine effiziente Regenwasserableitung und Schutz vor Feuchtigkeit, wodurch die Langlebigkeit des Behälters gewährleistet wird. Verwendung und Vorteile: Der Bürocontainer Helsinki ist eine vielseitige Einheit , die für mehrere Zwecke geeignet ist: Zusätzlicher Schreibtisch : Ideal für die Einrichtung eines komfortablen Arbeitsplatzes oder Homeoffice . Freizeitraum oder Gästezimmer : Perfekt als Gästezimmer oder Gartenstudio . Gewerbliche Nutzung : Perfekt für temporäre Büros , Einzelhandelsflächen oder modulare Wohnlösungen . Elegantes und komfortables Design: Paneele in Holzoptik: Die Außenpaneele in Holzoptik verleihen dem Gerät ein modernes und natürliches Design und fügen sich harmonisch in jede Umgebung ein. Reichlich natürliches Licht: Dank der großen Glasflächen profitiert die Einheit von außergewöhnlich viel natürlichem Licht und schafft so einen hellen Raum , der sich ideal zum Arbeiten oder Entspannen eignet. Schutz und Komfort: Die Wärmedämmung und die robuste Konstruktion dieses Containers gewährleisten den Schutz Ihres Hab und Guts vor extremen Wetterbedingungen und sorgen gleichzeitig das ganze Jahr über für eine angenehme Innentemperatur.</p>
  
  <h2>Typische Anwendungsbereiche</h2>
  <ul>
    <li>Lagerung von Baumaterialien</li>
    <li>Warenlager für Handel</li>
    <li>Seefracht-Transport</li>
    <li>Mobile Werkstatt</li>
    <li>Zwischenlager bei Umzügen</li>
  </ul>
  
  <h2>Unsere Serviceleistungen</h2>
  <ul>
    <li>Kostenlose Lieferung (auf Anfrage)</li>
    <li>Professionelle Beratung</li>
    <li>Finanzierung möglich</li>
    <li>30 Tage Rückgabegarantie</li>
  </ul>
</div>",GSHandels,"Container","Container, GSHandels, Lagerung, Transport, Bürocontainer",true,Title,Default Title,,,,,3137,,shopify,10,deny,manual,7900.00,,true,true,,https://gshandels.com/wp-content/uploads/2026/03/1-69.jpg,1,"Bürocontainer Helsinki – 4 x 3 m modularer Raum",false,"Bürocontainer Helsinki – 4 x 3 m modularer Raum | GSHandels - Professionelle Containerlösungen","Hochwertiger Bürocontainer Helsinki – 4 x 3 m modularer Raum von GSHandels. Professionelle Containerlösungen für Lagerung, Transport und gewerbliche Nutzung. Jetzt unverbindlich anfragen!",594,active
3138,"24′ x 10′ Jackleg Cabin – gebrauchsfertige modulare Lösung","<div class=""product-description"">
  <h1>24′ x 10′ Jackleg Cabin – gebrauchsfertige modulare Lösung</h1>
  
  <h2>Produktvorteile</h2>
  <ul>
    <li>Wind- und wasserdicht nach ISO-Norm</li>
    <li>CSC-zertifiziert für weltweiten Seetransport</li>
    <li>Stabile Stahlkonstruktion</li>
    <li>Sofort verfügbar - Kurze Lieferzeiten</li>
    <li>Flexible Zahlungsoptionen möglich</li>
  </ul>
  
  <h2>Technische Spezifikationen</h2>
  <table border=""0"" cellspacing=""0"" cellpadding=""5"">
    <tr>
      <td><strong>Material</strong></td>
      <td>Hochwertiger Stahl / Cortenstahl</td>
    </tr>
    <tr>
      <td><strong>Zustand</strong></td>
      <td>Neu oder Gebraucht</td>
    </tr>
    <tr>
      <td><strong>Zertifizierung</strong></td>
      <td>ISO 668, CSC-Plakette</td>
    </tr>
    <tr>
      <td><strong>Verfügbarkeit</strong></td>
      <td>Sofort lieferbar</td>
    </tr>
  </table>
  
  <h2>Beschreibung</h2>
  <p>Unsere 7,3 x 3,0 m große Jackleg-Kabine gehört zu unserem Standardsortiment und ist in der Regel sofort ab unserem Standort in den USA lieferbar. Sie ist flexibel einsetzbar und kann je nach Bedarf mit oder ohne Kantine geliefert werden. Mit ihrem offenen Grundriss ist diese modulare Kabine die ideale Lösung für Büros, Besprechungsräume oder temporäre Lagerräume. Hauptmerkmale Abmessungen und Aufbau Außenlänge : 7,32 m Außenbreite (ohne Füße) : 3,05 m Außenbreite (mit Füßen) : 3,20 m Außenhöhe : 2,63 m Innenlänge : 7,20 m Innenbreite : 2,93 m Innenhöhe : 2,23 m Aufteilung und Komfort Doppelt verglaste UPVC-Festfenster für gute Wärme- und Schalldämmung. Stabile Tür (0,84 m breit × 1,98 m hoch) bietet sicheren Zugang. Weiße Gipskarton-Wandverkleidung mit Vinyl-Finish für einen modernen und sauberen Touch. Bodenbeläge und Oberflächen Grauer Vinylboden in Holzdielenoptik (2 mm) , pflegeleicht und strapazierfähig. OSB3-Platte m/r 2440 x 1220 x 18 mm TG2LE , garantiert eine solide und langlebige Basis. Teppichboden ist auf Anfrage für zusätzliche individuelle Anpassungen erhältlich. Strom und Heizung Elektrische Installation : 230 V, 63 Ampere RCD, entspricht den Sicherheitsstandards. LED-Beleuchtung : 3 LED-Leuchten sorgen für optimale Helligkeit. Elektroheizung : 1 Heizpaneel mit Zeitschaltuhr für angenehmen Wärmekomfort. 4 Doppelsteckdosen (13 A) zum einfachen Anschließen Ihrer Geräte.</p>
  
  <h2>Typische Anwendungsbereiche</h2>
  <ul>
    <li>Lagerung von Baumaterialien</li>
    <li>Warenlager für Handel</li>
    <li>Seefracht-Transport</li>
    <li>Mobile Werkstatt</li>
    <li>Zwischenlager bei Umzügen</li>
  </ul>
  
  <h2>Unsere Serviceleistungen</h2>
  <ul>
    <li>Kostenlose Lieferung (auf Anfrage)</li>
    <li>Professionelle Beratung</li>
    <li>Finanzierung möglich</li>
    <li>30 Tage Rückgabegarantie</li>
  </ul>
</div>",GSHandels,"Container","Container, GSHandels, Lagerung, Transport",true,Title,Default Title,,,,,3138,,shopify,10,deny,manual,6700.00,,true,true,,https://gshandels.com/wp-content/uploads/2026/03/24ft-x-10ft-Jackleg-Cabin-Site-Cabin.webp,1,"24′ x 10′ Jackleg Cabin – gebrauchsfertige modulare Lösung",false,"24′ x 10′ Jackleg Cabin – gebrauchsfertige modulare Lösung | GSHandels - Professionelle Containerlösungen","Hochwertiger 24′ x 10′ Jackleg Cabin – gebrauchsfertige modulare Lösung von GSHandels. Professionelle Containerlösungen für Lagerung, Transport und gewerbliche Nutzung. Jetzt unverbindlich anfragen!",594,active
3139,"15 m² Containerbüro – Flexibel und mobil","<div class=""product-description"">
  <h1>15 m² Containerbüro – Flexibel und mobil</h1>
  
  <h2>Produktvorteile</h2>
  <ul>
    <li>Wind- und wasserdicht nach ISO-Norm</li>
    <li>CSC-zertifiziert für weltweiten Seetransport</li>
    <li>Stabile Stahlkonstruktion</li>
    <li>Sofort verfügbar - Kurze Lieferzeiten</li>
    <li>Flexible Zahlungsoptionen möglich</li>
  </ul>
  
  <h2>Technische Spezifikationen</h2>
  <table border=""0"" cellspacing=""0"" cellpadding=""5"">
    <tr>
      <td><strong>Material</strong></td>
      <td>Hochwertiger Stahl / Cortenstahl</td>
    </tr>
    <tr>
      <td><strong>Zustand</strong></td>
      <td>Neu oder Gebraucht</td>
    </tr>
    <tr>
      <td><strong>Zertifizierung</strong></td>
      <td>ISO 668, CSC-Plakette</td>
    </tr>
    <tr>
      <td><strong>Verfügbarkeit</strong></td>
      <td>Sofort lieferbar</td>
    </tr>
  </table>
  
  <h2>Beschreibung</h2>
  <p>Das 15 m² große Containerbüro bietet einen modernen und flexiblen Arbeitsplatz . Hergestellt aus einem 20-Fuß -Container ist es eine schlüsselfertige Lösung , die sofort nach der Lieferung einsatzbereit ist. Ob Sie ein Homeoffice, einen Arbeitsplatz vor Ort oder ein temporäres Büro benötigen, dieses Modell erfüllt alle Ihre beruflichen und persönlichen Anforderungen. Haupteigenschaften: Abmessungen: Außenmaße: 6,1 m (Länge), 2,5 m (Breite), 2,9 m (Höhe) Innenraum: 5,7 m (Länge), 2,1 m (Breite), 2,5 m (Höhe) Flexibles Layout: Offener Raum mit hoher Anpassungsfähigkeit an spezifische Bedürfnisse. Er kann nach Ihren Wünschen eingerichtet werden (Einzelbüro, Gemeinschaftsraum usw.). Materialien und Isolierung: Wärmedämmung aus PUR-Schaum (6 cm) , sorgt für gute Energieeffizienz . Fassade und Dach : Außenanstrich zum Schutz vor Witterungseinflüssen . Doppelt verglaste PVC-Fenster sorgen für natürliches Licht und gute Isolierung . Heizung und Klimaanlage: Luft-Luft-Wärmepumpe für angenehme Temperaturen zu jeder Jahreszeit. Elektrischer Konvektionsheizkörper mit integriertem Thermostat , mit dem Sie die Innentemperatur regulieren können. Belüftung : Komplettsystem zur Aufrechterhaltung optimaler Luftqualität . Strom und Beleuchtung: Komplette Elektroinstallation inkl. LED- Beleuchtung , Steckdosen und Schalter. Sofort einsatzbereit : Zur Inbetriebnahme ist keine zusätzliche Installation erforderlich. Mobilität und Installation: Einfacher Transport dank der Standardmaße für Seecontainer . Schnelle Installation : Es sind keine komplexen Fundamente erforderlich, was eine einfache Installation und einfache Bewegung nach Bedarf ermöglicht. Verwendung und Vorteile: Perfekt für temporäre Büros , Coworking Spaces oder Baustellenbüros . Ideal auch als Homeoffice . Durch die Inneneinrichtungsoptionen an Ihre Bedürfnisse anpassbar .</p>
  
  <h2>Typische Anwendungsbereiche</h2>
  <ul>
    <li>Lagerung von Baumaterialien</li>
    <li>Warenlager für Handel</li>
    <li>Seefracht-Transport</li>
    <li>Mobile Werkstatt</li>
    <li>Zwischenlager bei Umzügen</li>
  </ul>
  
  <h2>Unsere Serviceleistungen</h2>
  <ul>
    <li>Kostenlose Lieferung (auf Anfrage)</li>
    <li>Professionelle Beratung</li>
    <li>Finanzierung möglich</li>
    <li>30 Tage Rückgabegarantie</li>
  </ul>
</div>",GSHandels,"Container","Container, GSHandels, Lagerung, Transport, Bürocontainer",true,Title,Default Title,,,,,3139,,shopify,10,deny,manual,15000.00,,true,true,,https://gshandels.com/wp-content/uploads/2026/03/52aa76_00ebf196126b49bda12a2b0db977480cmv2.jpg,1,"15 m² Containerbüro – Flexibel und mobil",false,"15 m² Containerbüro – Flexibel und mobil | GSHandels - Professionelle Containerlösungen","Hochwertiger 15 m² Containerbüro – Flexibel und mobil von GSHandels. Professionelle Containerlösungen für Lagerung, Transport und gewerbliche Nutzung. Jetzt unverbindlich anfragen!",594,active
3182,"Containerfertigbau – kompakt, robust und vielseitig","<div class=""product-description"">
  <h1>Containerfertigbau – kompakt, robust und vielseitig</h1>
  
  <h2>Produktvorteile</h2>
  <ul>
    <li>Wind- und wasserdicht nach ISO-Norm</li>
    <li>CSC-zertifiziert für weltweiten Seetransport</li>
    <li>Stabile Stahlkonstruktion</li>
    <li>Sofort verfügbar - Kurze Lieferzeiten</li>
    <li>Flexible Zahlungsoptionen möglich</li>
  </ul>
  
  <h2>Technische Spezifikationen</h2>
  <table border=""0"" cellspacing=""0"" cellpadding=""5"">
    <tr>
      <td><strong>Material</strong></td>
      <td>Hochwertiger Stahl / Cortenstahl</td>
    </tr>
    <tr>
      <td><strong>Zustand</strong></td>
      <td>Neu oder Gebraucht</td>
    </tr>
    <tr>
      <td><strong>Zertifizierung</strong></td>
      <td>ISO 668, CSC-Plakette</td>
    </tr>
    <tr>
      <td><strong>Verfügbarkeit</strong></td>
      <td>Sofort lieferbar</td>
    </tr>
  </table>
  
  <h2>Beschreibung</h2>
  <p>Vorgefertigte Metallgebäude – Eine moderne und nachhaltige Lösung Entscheiden Sie sich für dieses vorgefertigte Metallgebäude, das schnelle Montage, Stabilität und Flexibilität vereint. Es eignet sich perfekt für den privaten oder gewerblichen Gebrauch und bietet eine praktische Alternative zur herkömmlichen Bauweise. Hauptmerkmale Zustand: Neu – Produkt wird für optimale Qualität in der Originalverpackung geliefert. Typ: Modularer Aufbau, montagefertig. Oberfläche: 2,44 m breit, ideal zur Platzoptimierung. Layout: 1 Schlafzimmer für optimalen Komfort. 0 Badezimmer, sodass Sie bei der Gestaltung völlige Freiheit haben. Material: Hochwertiges Metall, das eine erhöhte Witterungsbeständigkeit und außergewöhnliche Langlebigkeit garantiert. Boden: Einstöckig für schnelle Installation und einfachen Zugang. Herkunft: Hergestellt in den USA, erfüllt Sicherheits- und Qualitätsstandards. Warum dieses Fertighaus wählen? Diese Metallstruktur bietet eine schnelle und kostengünstige Lösung für die Schaffung eines neuen Wohn- oder Arbeitsraums. Der modulare Aufbau ermöglicht eine individuelle Anpassung an Ihre Bedürfnisse und die Robustheit garantiert optimale Haltbarkeit. Einsatzmöglichkeiten Tiny House oder Gästehaus Homeoffice oder Coworking Space Künstlerwerkstatt oder Kreativstudio Sicherer Speicherplatz Aufenthaltsraum oder Ruhebereich Vorteile und Stärken Schnelle und einfache Montage, die nur wenige Werkzeuge erfordert. Modular, mit anpassbarem Innenraum. Robuste Konstruktion, beständig gegen raue Wetterbedingungen. Minimaler Wartungsaufwand dank korrosionsbeständiger Materialien. Transportabel und zerlegbar, für maximale Flexibilität. Mit diesem vorgefertigten Metallgebäude schaffen Sie mühelos einen vielseitigen, funktionalen und nachhaltigen Raum.</p>
  
  <h2>Typische Anwendungsbereiche</h2>
  <ul>
    <li>Lagerung von Baumaterialien</li>
    <li>Warenlager für Handel</li>
    <li>Seefracht-Transport</li>
    <li>Mobile Werkstatt</li>
    <li>Zwischenlager bei Umzügen</li>
  </ul>
  
  <h2>Unsere Serviceleistungen</h2>
  <ul>
    <li>Kostenlose Lieferung (auf Anfrage)</li>
    <li>Professionelle Beratung</li>
    <li>Finanzierung möglich</li>
    <li>30 Tage Rückgabegarantie</li>
  </ul>
</div>",GSHandels,"Container","Container, GSHandels, Lagerung, Transport",true,Title,Default Title,,,,,3182,,shopify,10,deny,manual,6000.00,,true,true,,https://gshandels.com/wp-content/uploads/2026/03/20-ft-Shipping-Container-Office-Solar-Off-Grid-1.webp,1,"Containerfertigbau – kompakt, robust und vielseitig",false,"Containerfertigbau – kompakt, robust und vielseitig | GSHandels - Professionelle Containerlösungen","Hochwertiger Containerfertigbau – kompakt, robust und vielseitig von GSHandels. Professionelle Containerlösungen für Lagerung, Transport und gewerbliche Nutzung. Jetzt unverbindlich anfragen!",594,active
3183,"20 Fuß bewohnbarer Containersockel – Büros, Unterkunft, Küche","<div class=""product-description"">
  <h1>20 Fuß bewohnbarer Containersockel – Büros, Unterkunft, Küche</h1>
  
  <h2>Produktvorteile</h2>
  <ul>
    <li>Wind- und wasserdicht nach ISO-Norm</li>
    <li>CSC-zertifiziert für weltweiten Seetransport</li>
    <li>Stabile Stahlkonstruktion</li>
    <li>Sofort verfügbar - Kurze Lieferzeiten</li>
    <li>Flexible Zahlungsoptionen möglich</li>
  </ul>
  
  <h2>Technische Spezifikationen</h2>
  <table border=""0"" cellspacing=""0"" cellpadding=""5"">
    <tr>
      <td><strong>Material</strong></td>
      <td>Hochwertiger Stahl / Cortenstahl</td>
    </tr>
    <tr>
      <td><strong>Zustand</strong></td>
      <td>Neu oder Gebraucht</td>
    </tr>
    <tr>
      <td><strong>Zertifizierung</strong></td>
      <td>ISO 668, CSC-Plakette</td>
    </tr>
    <tr>
      <td><strong>Verfügbarkeit</strong></td>
      <td>Sofort lieferbar</td>
    </tr>
  </table>
  
  <h2>Beschreibung</h2>
  <p>20 Fuß bewohnbarer Containerboden: Vielseitiger Raum für Büros, Wohnungen, Küche oder Lager Verwandeln Sie einen 20-Fuß -Container mit dieser maßgeschneiderten Wohnbasis in einen funktionalen Wohnraum. Sie ist für vielfältige Anforderungen konzipiert und kann als Büro , Wohnraum , Küche oder Lagerraum genutzt werden . Dank ihrer robusten Bauweise und modernen Ausstattung ist sie die ideale Lösung für temporäre oder langfristige Projekte. Haupteigenschaften: 1 Servicetür : Einfacher und sicherer Zugang zum Inneren des Containers. 1 Schiebefenster mit Vandalismusschutzgittern : Garantiert Sicherheit und sorgt gleichzeitig für optimale Belüftung. 1 umschaltbare Klimaanlage : Sorgt das ganze Jahr über für eine angenehme Temperatur und mehr Komfort. Innenisolierung : Sorgt für eine angenehme Umgebung durch Temperaturregulierung und Reduzierung von Außengeräuschen. Farbe RAL 7016 : Ästhetisches und langlebiges Finish, geeignet für den Außenbereich. Elektrosatz : Bestehend aus 3 LED-Panels, 2 Schaltern und 4 Steckdosen für eine komplette Beleuchtungs- und Stromversorgungslösung. Trennwand : Ideal zum Abgrenzen von Lagerräumen oder zum Erstellen privater Bereiche entsprechend Ihren Anforderungen. Abmessungen und Spezifikationen: Außenmaße : 20 Fuß (6,06 m) x 8 Fuß (2,44 m) x 9,6 Fuß (2,90 m) Innenarchitektur : Je nach Verwendungszweck anpassbar, ob als Lager- oder Wohnraum. Vorteile der 20-Fuß-Container-Wohnbasis: Vielseitigkeit : Kann je nach Bedarf als Büro, Wohnraum, Küche oder Lagerraum eingerichtet werden. Komfort : Durch zusätzliche Isolierung und Klimaanlage ist der Raum optimiert, um zu jeder Jahreszeit ein angenehmes Erlebnis zu bieten. Sicherheit : Das Fenster mit Vandalismus-Gitter bietet Schutz vor Einbrüchen. Haltbarkeit : Diese Wohnbasis wurde aus robusten Schiffscontainern gebaut und ist auf Langlebigkeit und Widerstandsfähigkeit gegen die Elemente ausgelegt. Dieser 20-Fuß-Containerboden ist die perfekte Lösung für die Schaffung eines funktionalen und sicheren Raums. Er bietet ein hervorragendes Preis-Leistungs-Verhältnis und erfüllt gleichzeitig Ihre spezifischen Lager- oder Wohnanforderungen.</p>
  
  <h2>Typische Anwendungsbereiche</h2>
  <ul>
    <li>Lagerung von Baumaterialien</li>
    <li>Warenlager für Handel</li>
    <li>Seefracht-Transport</li>
    <li>Mobile Werkstatt</li>
    <li>Zwischenlager bei Umzügen</li>
  </ul>
  
  <h2>Unsere Serviceleistungen</h2>
  <ul>
    <li>Kostenlose Lieferung (auf Anfrage)</li>
    <li>Professionelle Beratung</li>
    <li>Finanzierung möglich</li>
    <li>30 Tage Rückgabegarantie</li>
  </ul>
</div>",GSHandels,"Container","Container, GSHandels, Lagerung, Transport, Bürocontainer, Wohncontainer, Barcontainer",true,Title,Default Title,,,,,3183,,shopify,10,deny,manual,4940.00,,true,true,,https://gshandels.com/wp-content/uploads/2026/03/rn-image_picker_lib_temp_af5ed6c4-7738-46cd-8cf8-b0895b107df4.webp,1,"20 Fuß bewohnbarer Containersockel – Büros, Unterkunft, Küche",false,"20 Fuß bewohnbarer Containersockel – Büros, Unterkunft, Küche | GSHandels - Professionelle Containerlösungen","Hochwertiger 20 Fuß bewohnbarer Containersockel – Büros, Unterkunft, Küche von GSHandels. Professionelle Containerlösungen für Lagerung, Transport und gewerbliche Nutzung. Jetzt unverbindlich anfragen!",594,active
bare4f7ez,"Containerstange 8 x 2 XL Anthrazit RAL 7016-Neu","<div class=""product-description"">
  <h1>Containerstange 8 x 2 XL Anthrazit RAL 7016-Neu</h1>
  
  <h2>Produktvorteile</h2>
  <ul>
    <li>Wind- und wasserdicht nach ISO-Norm</li>
    <li>CSC-zertifiziert für weltweiten Seetransport</li>
    <li>Stabile Stahlkonstruktion</li>
    <li>Sofort verfügbar - Kurze Lieferzeiten</li>
    <li>Flexible Zahlungsoptionen möglich</li>
  </ul>
  
  <h2>Technische Spezifikationen</h2>
  <table border=""0"" cellspacing=""0"" cellpadding=""5"">
    <tr>
      <td><strong>Material</strong></td>
      <td>Hochwertiger Stahl / Cortenstahl</td>
    </tr>
    <tr>
      <td><strong>Zustand</strong></td>
      <td>Neu oder Gebraucht</td>
    </tr>
    <tr>
      <td><strong>Zertifizierung</strong></td>
      <td>ISO 668, CSC-Plakette</td>
    </tr>
    <tr>
      <td><strong>Verfügbarkeit</strong></td>
      <td>Sofort lieferbar</td>
    </tr>
  </table>
  
  <h2>Beschreibung</h2>
  <p>‘- Abnehmbares Barfach zur Selbstmontage. – Außenmaße (L x B x H): 7762 x 2239 x 2289 mm. – Innenmaße: (L x B x H): 7600 x 2128 x 2280 mm. – Türmaße: (LxH): 1750 x 1850 mm. – Gewicht: 1138,4 kg. – Erhältlich in allen RAL-Farben! – Der Behälterdeckel ist auf beiden Seiten mit zwei Zylinderschlössern gesichert. – Vollständig selbsttragende Konstruktion, einschließlich Boden. – Unser einzigartiges modulares Design wird standardmäßig mit 2 x 3-Meter-Paneelen für stapelbare Behälter und 2 x Paneelen für Doppeltüren geliefert. – Ein zusätzliches 2-Meter-Paneel ist in der Abbildung enthalten. Wenn Sie einen individuellen Barbehälter wünschen, fragen Sie unsere Spezialisten! – Auf Lager</p>
  
  <h2>Typische Anwendungsbereiche</h2>
  <ul>
    <li>Lagerung von Baumaterialien</li>
    <li>Warenlager für Handel</li>
    <li>Seefracht-Transport</li>
    <li>Mobile Werkstatt</li>
    <li>Zwischenlager bei Umzügen</li>
  </ul>
  
  <h2>Unsere Serviceleistungen</h2>
  <ul>
    <li>Kostenlose Lieferung (auf Anfrage)</li>
    <li>Professionelle Beratung</li>
    <li>Finanzierung möglich</li>
    <li>30 Tage Rückgabegarantie</li>
  </ul>
</div>",GSHandels,"Container","Container, GSHandels, Lagerung, Transport, Neu",true,Title,Default Title,,,,,BARE4F7EZ,,shopify,10,deny,manual,3360.00,,true,true,,https://gshandels.com/wp-content/uploads/2026/04/546163_7da75a8d66bb45829cf18797bccb46c0mv2-1.webp,1,"Containerstange 8 x 2 XL Anthrazit RAL 7016-Neu",false,"Containerstange 8 x 2 XL Anthrazit RAL 7016-Neu | GSHandels - Professionelle Containerlösungen","Hochwertiger Containerstange 8 x 2 XL Anthrazit RAL 7016-Neu von GSHandels. Professionelle Containerlösungen für Lagerung, Transport und gewerbliche Nutzung. Jetzt unverbindlich anfragen!",594,active
baf87er76,"Containerstange XL 6 x 2 Anthrazit RAL 7016-Neu","<div class=""product-description"">
  <h1>Containerstange XL 6 x 2 Anthrazit RAL 7016-Neu</h1>
  
  <h2>Produktvorteile</h2>
  <ul>
    <li>Wind- und wasserdicht nach ISO-Norm</li>
    <li>CSC-zertifiziert für weltweiten Seetransport</li>
    <li>Stabile Stahlkonstruktion</li>
    <li>Sofort verfügbar - Kurze Lieferzeiten</li>
    <li>Flexible Zahlungsoptionen möglich</li>
  </ul>
  
  <h2>Technische Spezifikationen</h2>
  <table border=""0"" cellspacing=""0"" cellpadding=""5"">
    <tr>
      <td><strong>Material</strong></td>
      <td>Hochwertiger Stahl / Cortenstahl</td>
    </tr>
    <tr>
      <td><strong>Zustand</strong></td>
      <td>Neu oder Gebraucht</td>
    </tr>
    <tr>
      <td><strong>Zertifizierung</strong></td>
      <td>ISO 668, CSC-Plakette</td>
    </tr>
    <tr>
      <td><strong>Verfügbarkeit</strong></td>
      <td>Sofort lieferbar</td>
    </tr>
  </table>
  
  <h2>Beschreibung</h2>
  <p>‘- Abnehmbares Barfach zur Selbstmontage. – Außenmaße (L x B x H): 5903 x 2289 x 2238 mm. – Innenmaße: (L x B x H): 5741 x 2130 x 2230 mm. – Türmaße: (LxH): 1750 x 1850 mm. – Gewicht: 972 kg. – Erhältlich in allen RAL-Farben! – Der Behälterdeckel ist auf beiden Seiten mit zwei Zylinderschlössern gesichert. – Vollständig selbsttragende Konstruktion, einschließlich Boden. – Unser einzigartiges modulares Design wird standardmäßig mit 2 x 3-Meter-Paneelen für stapelbare Behälter und 2 x Paneelen für Doppeltüren geliefert. – Ein zusätzliches 2-Meter-Paneel ist in der Abbildung enthalten. Wenn Sie einen individuellen Barbehälter wünschen, fragen Sie unsere Spezialisten! – Auf Lager</p>
  
  <h2>Typische Anwendungsbereiche</h2>
  <ul>
    <li>Lagerung von Baumaterialien</li>
    <li>Warenlager für Handel</li>
    <li>Seefracht-Transport</li>
    <li>Mobile Werkstatt</li>
    <li>Zwischenlager bei Umzügen</li>
  </ul>
  
  <h2>Unsere Serviceleistungen</h2>
  <ul>
    <li>Kostenlose Lieferung (auf Anfrage)</li>
    <li>Professionelle Beratung</li>
    <li>Finanzierung möglich</li>
    <li>30 Tage Rückgabegarantie</li>
  </ul>
</div>",GSHandels,"Container","Container, GSHandels, Lagerung, Transport, Neu",true,Title,Default Title,,,,,BAF87ER76,,shopify,10,deny,manual,2360.00,,true,true,,https://gshandels.com/wp-content/uploads/2026/04/546163_bddab399284a4ad98d16e496a23d2082mv2-1.png,1,"Containerstange XL 6 x 2 Anthrazit RAL 7016-Neu",false,"Containerstange XL 6 x 2 Anthrazit RAL 7016-Neu | GSHandels - Professionelle Containerlösungen","Hochwertiger Containerstange XL 6 x 2 Anthrazit RAL 7016-Neu von GSHandels. Professionelle Containerlösungen für Lagerung, Transport und gewerbliche Nutzung. Jetzt unverbindlich anfragen!",594,active
ba8e7eer4,"Containerstange XL 4 x 4 Anthrazit RAL 7016-Neu","<div class=""product-description"">
  <h1>Containerstange XL 4 x 4 Anthrazit RAL 7016-Neu</h1>
  
  <h2>Produktvorteile</h2>
  <ul>
    <li>Wind- und wasserdicht nach ISO-Norm</li>
    <li>CSC-zertifiziert für weltweiten Seetransport</li>
    <li>Stabile Stahlkonstruktion</li>
    <li>Sofort verfügbar - Kurze Lieferzeiten</li>
    <li>Flexible Zahlungsoptionen möglich</li>
  </ul>
  
  <h2>Technische Spezifikationen</h2>
  <table border=""0"" cellspacing=""0"" cellpadding=""5"">
    <tr>
      <td><strong>Material</strong></td>
      <td>Hochwertiger Stahl / Cortenstahl</td>
    </tr>
    <tr>
      <td><strong>Zustand</strong></td>
      <td>Neu oder Gebraucht</td>
    </tr>
    <tr>
      <td><strong>Zertifizierung</strong></td>
      <td>ISO 668, CSC-Plakette</td>
    </tr>
    <tr>
      <td><strong>Verfügbarkeit</strong></td>
      <td>Sofort lieferbar</td>
    </tr>
  </table>
  
  <h2>Beschreibung</h2>
  <p>‘- Abnehmbarer Barbehälter – Außenmaße (LxBxH): 4585 x 3885 x 2240 mm. – Innenmaße (LxBxH): 4434 x 3727 x 2100 mm. – Türmaße: (LxH): 1750 x 1850 mm – Gewicht: 1138,4 kg. – Erhältlich in allen RAL-Farben – Containerdach ist beidseitig mit zwei Zylinderschlössern gesichert – Vollständig selbsttragende Konstruktion, inklusive Boden – Auf Lager</p>
  
  <h2>Typische Anwendungsbereiche</h2>
  <ul>
    <li>Lagerung von Baumaterialien</li>
    <li>Warenlager für Handel</li>
    <li>Seefracht-Transport</li>
    <li>Mobile Werkstatt</li>
    <li>Zwischenlager bei Umzügen</li>
  </ul>
  
  <h2>Unsere Serviceleistungen</h2>
  <ul>
    <li>Kostenlose Lieferung (auf Anfrage)</li>
    <li>Professionelle Beratung</li>
    <li>Finanzierung möglich</li>
    <li>30 Tage Rückgabegarantie</li>
  </ul>
</div>",GSHandels,"Container","Container, GSHandels, Lagerung, Transport, Neu",true,Title,Default Title,,,,,BA8E7EER4,,shopify,10,deny,manual,1960.00,,true,true,,https://gshandels.com/wp-content/uploads/2026/04/546163_383be15cb97e4fc3b008363aa3be752amv2-1.webp,1,"Containerstange XL 4 x 4 Anthrazit RAL 7016-Neu",false,"Containerstange XL 4 x 4 Anthrazit RAL 7016-Neu | GSHandels - Professionelle Containerlösungen","Hochwertiger Containerstange XL 4 x 4 Anthrazit RAL 7016-Neu von GSHandels. Professionelle Containerlösungen für Lagerung, Transport und gewerbliche Nutzung. Jetzt unverbindlich anfragen!",594,active
bae87454,"Containerstange XL 4 x 3 Anthrazit RAL 7016-Neu","<div class=""product-description"">
  <h1>Containerstange XL 4 x 3 Anthrazit RAL 7016-Neu</h1>
  
  <h2>Produktvorteile</h2>
  <ul>
    <li>Wind- und wasserdicht nach ISO-Norm</li>
    <li>CSC-zertifiziert für weltweiten Seetransport</li>
    <li>Stabile Stahlkonstruktion</li>
    <li>Sofort verfügbar - Kurze Lieferzeiten</li>
    <li>Flexible Zahlungsoptionen möglich</li>
  </ul>
  
  <h2>Technische Spezifikationen</h2>
  <table border=""0"" cellspacing=""0"" cellpadding=""5"">
    <tr>
      <td><strong>Material</strong></td>
      <td>Hochwertiger Stahl / Cortenstahl</td>
    </tr>
    <tr>
      <td><strong>Zustand</strong></td>
      <td>Neu oder Gebraucht</td>
    </tr>
    <tr>
      <td><strong>Zertifizierung</strong></td>
      <td>ISO 668, CSC-Plakette</td>
    </tr>
    <tr>
      <td><strong>Verfügbarkeit</strong></td>
      <td>Sofort lieferbar</td>
    </tr>
  </table>
  
  <h2>Beschreibung</h2>
  <p>‘- Abnehmbarer Barbehälter – Außenmaße (LxBxH): 4582 x 2950 x 2240 mm. – Innenmaße (LxBxH): 4420 x 2789 x 2100 mm. – Türmaße: (LxH): 1750 x 1850 mm – Gewicht: 972 kg. – Erhältlich in allen RAL-Farben – Das Dach des Containers ist beidseitig mit zwei Zylinderschlössern gesichert – Vollständig selbsttragende Konstruktion, inklusive Boden – Auf Lager</p>
  
  <h2>Typische Anwendungsbereiche</h2>
  <ul>
    <li>Lagerung von Baumaterialien</li>
    <li>Warenlager für Handel</li>
    <li>Seefracht-Transport</li>
    <li>Mobile Werkstatt</li>
    <li>Zwischenlager bei Umzügen</li>
  </ul>
  
  <h2>Unsere Serviceleistungen</h2>
  <ul>
    <li>Kostenlose Lieferung (auf Anfrage)</li>
    <li>Professionelle Beratung</li>
    <li>Finanzierung möglich</li>
    <li>30 Tage Rückgabegarantie</li>
  </ul>
</div>",GSHandels,"Container","Container, GSHandels, Lagerung, Transport, Neu",true,Title,Default Title,,,,,BAE87454,,shopify,10,deny,manual,1600.00,,true,true,,https://gshandels.com/wp-content/uploads/2026/04/546163_4d42f2a53b7841dda5a4eb4610872cffmv2-1.webp,1,"Containerstange XL 4 x 3 Anthrazit RAL 7016-Neu",false,"Containerstange XL 4 x 3 Anthrazit RAL 7016-Neu | GSHandels - Professionelle Containerlösungen","Hochwertiger Containerstange XL 4 x 3 Anthrazit RAL 7016-Neu von GSHandels. Professionelle Containerlösungen für Lagerung, Transport und gewerbliche Nutzung. Jetzt unverbindlich anfragen!",594,active
baf47443,"Containerstange XL 3 x 2 Anthrazit RAL 7016-Neu","<div class=""product-description"">
  <h1>Containerstange XL 3 x 2 Anthrazit RAL 7016-Neu</h1>
  
  <h2>Produktvorteile</h2>
  <ul>
    <li>Wind- und wasserdicht nach ISO-Norm</li>
    <li>CSC-zertifiziert für weltweiten Seetransport</li>
    <li>Stabile Stahlkonstruktion</li>
    <li>Sofort verfügbar - Kurze Lieferzeiten</li>
    <li>Flexible Zahlungsoptionen möglich</li>
  </ul>
  
  <h2>Technische Spezifikationen</h2>
  <table border=""0"" cellspacing=""0"" cellpadding=""5"">
    <tr>
      <td><strong>Material</strong></td>
      <td>Hochwertiger Stahl / Cortenstahl</td>
    </tr>
    <tr>
      <td><strong>Zustand</strong></td>
      <td>Neu oder Gebraucht</td>
    </tr>
    <tr>
      <td><strong>Zertifizierung</strong></td>
      <td>ISO 668, CSC-Plakette</td>
    </tr>
    <tr>
      <td><strong>Verfügbarkeit</strong></td>
      <td>Sofort lieferbar</td>
    </tr>
  </table>
  
  <h2>Beschreibung</h2>
  <p>Zerlegbarer Barbehälter. Außenmaße (LxBxH): 2952 x 2290 x 2240 mm. Innenmaße (LxBxH): 2795 x 2130 x 2100 mm. Türabmessungen: (LxH): 1750 x 1850 mm Gewicht: 486 kg. Erhältlich in allen RAL-Farben. Das Containerdach ist beidseitig mit zwei Zylinderschlössern gesichert. Komplett selbsttragende Konstruktion inklusive Boden. Auf Lager</p>
  
  <h2>Typische Anwendungsbereiche</h2>
  <ul>
    <li>Lagerung von Baumaterialien</li>
    <li>Warenlager für Handel</li>
    <li>Seefracht-Transport</li>
    <li>Mobile Werkstatt</li>
    <li>Zwischenlager bei Umzügen</li>
  </ul>
  
  <h2>Unsere Serviceleistungen</h2>
  <ul>
    <li>Kostenlose Lieferung (auf Anfrage)</li>
    <li>Professionelle Beratung</li>
    <li>Finanzierung möglich</li>
    <li>30 Tage Rückgabegarantie</li>
  </ul>
</div>",GSHandels,"Container","Container, GSHandels, Lagerung, Transport, Neu",true,Title,Default Title,,,,,BAF47443,,shopify,10,deny,manual,1000.00,,true,true,,https://gshandels.com/wp-content/uploads/2026/04/546163_863c287735f34928bf84b3678d613cd0mv2-1.webp,1,"Containerstange XL 3 x 2 Anthrazit RAL 7016-Neu",false,"Containerstange XL 3 x 2 Anthrazit RAL 7016-Neu | GSHandels - Professionelle Containerlösungen","Hochwertiger Containerstange XL 3 x 2 Anthrazit RAL 7016-Neu von GSHandels. Professionelle Containerlösungen für Lagerung, Transport und gewerbliche Nutzung. Jetzt unverbindlich anfragen!",594,active
bar957g4,"Containerstange XL 4 x 2 Anthrazit RAL 7016-Neu","<div class=""product-description"">
  <h1>Containerstange XL 4 x 2 Anthrazit RAL 7016-Neu</h1>
  
  <h2>Produktvorteile</h2>
  <ul>
    <li>Wind- und wasserdicht nach ISO-Norm</li>
    <li>CSC-zertifiziert für weltweiten Seetransport</li>
    <li>Stabile Stahlkonstruktion</li>
    <li>Sofort verfügbar - Kurze Lieferzeiten</li>
    <li>Flexible Zahlungsoptionen möglich</li>
  </ul>
  
  <h2>Technische Spezifikationen</h2>
  <table border=""0"" cellspacing=""0"" cellpadding=""5"">
    <tr>
      <td><strong>Material</strong></td>
      <td>Hochwertiger Stahl / Cortenstahl</td>
    </tr>
    <tr>
      <td><strong>Zustand</strong></td>
      <td>Neu oder Gebraucht</td>
    </tr>
    <tr>
      <td><strong>Zertifizierung</strong></td>
      <td>ISO 668, CSC-Plakette</td>
    </tr>
    <tr>
      <td><strong>Verfügbarkeit</strong></td>
      <td>Sofort lieferbar</td>
    </tr>
  </table>
  
  <h2>Beschreibung</h2>
  <p>‘- Abnehmbarer Barbehälter – Außenmaße (LxBxH): 3882 x 2142 x 2088 mm. – Innenmaße (LxBxH): 3802 x 2210 x 2100 mm. – Türmaße: (LxH): 1750 x 1850 mm – Gewicht: 569,2 kg. – Erhältlich in allen RAL-Farben – Das Dach des Containers ist beidseitig mit zwei Zylinderschlössern gesichert – Vollständig selbsttragende Konstruktion, inklusive Boden – Auf Lager</p>
  
  <h2>Typische Anwendungsbereiche</h2>
  <ul>
    <li>Lagerung von Baumaterialien</li>
    <li>Warenlager für Handel</li>
    <li>Seefracht-Transport</li>
    <li>Mobile Werkstatt</li>
    <li>Zwischenlager bei Umzügen</li>
  </ul>
  
  <h2>Unsere Serviceleistungen</h2>
  <ul>
    <li>Kostenlose Lieferung (auf Anfrage)</li>
    <li>Professionelle Beratung</li>
    <li>Finanzierung möglich</li>
    <li>30 Tage Rückgabegarantie</li>
  </ul>
</div>",GSHandels,"Container","Container, GSHandels, Lagerung, Transport, Neu",true,Title,Default Title,,,,,BAR957G4,,shopify,10,deny,manual,1200.00,,true,true,,https://gshandels.com/wp-content/uploads/2026/04/546163_20b9d753c987424a8b9f6abd82cc1a43mv2-1.webp,1,"Containerstange XL 4 x 2 Anthrazit RAL 7016-Neu",false,"Containerstange XL 4 x 2 Anthrazit RAL 7016-Neu | GSHandels - Professionelle Containerlösungen","Hochwertiger Containerstange XL 4 x 2 Anthrazit RAL 7016-Neu von GSHandels. Professionelle Containerlösungen für Lagerung, Transport und gewerbliche Nutzung. Jetzt unverbindlich anfragen!",594,active
fri7yf4g6,"40’HC Reefer-Kühlcontainer-Neu","<div class=""product-description"">
  <h1>40’HC Reefer-Kühlcontainer-Neu</h1>
  
  <h2>Produktvorteile</h2>
  <ul>
    <li>Wind- und wasserdicht nach ISO-Norm</li>
    <li>CSC-zertifiziert für weltweiten Seetransport</li>
    <li>Stabile Stahlkonstruktion</li>
    <li>Sofort verfügbar - Kurze Lieferzeiten</li>
    <li>Flexible Zahlungsoptionen möglich</li>
  </ul>
  
  <h2>Technische Spezifikationen</h2>
  <table border=""0"" cellspacing=""0"" cellpadding=""5"">
    <tr>
      <td><strong>Material</strong></td>
      <td>Hochwertiger Stahl / Cortenstahl</td>
    </tr>
    <tr>
      <td><strong>Zustand</strong></td>
      <td>Neu oder Gebraucht</td>
    </tr>
    <tr>
      <td><strong>Zertifizierung</strong></td>
      <td>ISO 668, CSC-Plakette</td>
    </tr>
    <tr>
      <td><strong>Verfügbarkeit</strong></td>
      <td>Sofort lieferbar</td>
    </tr>
  </table>
  
  <h2>Beschreibung</h2>
  <p>Wir bieten einen gebrauchten Schiffscontainer nach einer 40‘HC REEFER-Seereise an. Der Container verfügt über ein CSC-Label, das für den See- und Schienentransport 5 Jahre ab Herstellungsdatum gültig ist. Der Kühlcontainer, Kühlcontainer hat eine Außenfarbe in RAL 9010 – weiß. GEFRORENER CONTAINER 40’HC Gerät: Thermo King Magnum Plus (Kältemittel R-404A) Temperaturbereich: -40 °C – +40 °C Flacher Boden, Licht im Container, PVC-Vorhang „Metzgertür“ – Tür für Personal im Containertür (mit Nottüröffnung innen). CEE-Steckdose für Landstrom (400V, 32A, 5p6h)</p>
  
  <h2>Typische Anwendungsbereiche</h2>
  <ul>
    <li>Lagerung von Baumaterialien</li>
    <li>Warenlager für Handel</li>
    <li>Seefracht-Transport</li>
    <li>Mobile Werkstatt</li>
    <li>Zwischenlager bei Umzügen</li>
  </ul>
  
  <h2>Unsere Serviceleistungen</h2>
  <ul>
    <li>Kostenlose Lieferung (auf Anfrage)</li>
    <li>Professionelle Beratung</li>
    <li>Finanzierung möglich</li>
    <li>30 Tage Rückgabegarantie</li>
  </ul>
</div>",GSHandels,"Container","Container, GSHandels, Lagerung, Transport, Neu, Kühlcontainer",true,Title,Default Title,,,,,FRI7YF4G6,,shopify,10,deny,manual,14104.00,,true,true,,https://gshandels.com/wp-content/uploads/2026/04/546163_06653322e99446248c4e8e4770bb28dbmv2-1.png,1,"40’HC Reefer-Kühlcontainer-Neu",false,"40’HC Reefer-Kühlcontainer-Neu | GSHandels - Professionelle Containerlösungen","Hochwertiger 40’HC Reefer-Kühlcontainer-Neu von GSHandels. Professionelle Containerlösungen für Lagerung, Transport und gewerbliche Nutzung. Jetzt unverbindlich anfragen!",594,active
sg0f87hdk,"Container 4 x 2 Meter Doppeltür an der Längsseite Anthrazit RAL 7016-Neu","<div class=""product-description"">
  <h1>Container 4 x 2 Meter Doppeltür an der Längsseite Anthrazit RAL 7016-Neu</h1>
  
  <h2>Produktvorteile</h2>
  <ul>
    <li>Wind- und wasserdicht nach ISO-Norm</li>
    <li>CSC-zertifiziert für weltweiten Seetransport</li>
    <li>Stabile Stahlkonstruktion</li>
    <li>Sofort verfügbar - Kurze Lieferzeiten</li>
    <li>Flexible Zahlungsoptionen möglich</li>
  </ul>
  
  <h2>Technische Spezifikationen</h2>
  <table border=""0"" cellspacing=""0"" cellpadding=""5"">
    <tr>
      <td><strong>Material</strong></td>
      <td>Hochwertiger Stahl / Cortenstahl</td>
    </tr>
    <tr>
      <td><strong>Zustand</strong></td>
      <td>Neu oder Gebraucht</td>
    </tr>
    <tr>
      <td><strong>Zertifizierung</strong></td>
      <td>ISO 668, CSC-Plakette</td>
    </tr>
    <tr>
      <td><strong>Verfügbarkeit</strong></td>
      <td>Sofort lieferbar</td>
    </tr>
  </table>
  
  <h2>Beschreibung</h2>
  <p>Zerlegbar / selbstmontierbar. Außenmaße (L x B x H): 3880 x 2140 x 2072 mm. Innenmaße (L x B x H): 3726 x 1990 x 1948 mm. Türmaße: (L x H): 1750 (813 + 937 mm) x 1849 mm. Gesamtgewicht: 490 kg. Abstand zwischen den Staplertaschen: 850 mm Vollständig selbsttragende Konstruktion inklusive Boden</p>
  
  <h2>Typische Anwendungsbereiche</h2>
  <ul>
    <li>Lagerung von Baumaterialien</li>
    <li>Warenlager für Handel</li>
    <li>Seefracht-Transport</li>
    <li>Mobile Werkstatt</li>
    <li>Zwischenlager bei Umzügen</li>
  </ul>
  
  <h2>Unsere Serviceleistungen</h2>
  <ul>
    <li>Kostenlose Lieferung (auf Anfrage)</li>
    <li>Professionelle Beratung</li>
    <li>Finanzierung möglich</li>
    <li>30 Tage Rückgabegarantie</li>
  </ul>
</div>",GSHandels,"Container","Container, GSHandels, Lagerung, Transport, Neu",true,Title,Default Title,,,,,SG0F87HDK,,shopify,10,deny,manual,1040.00,,true,true,,https://gshandels.com/wp-content/uploads/2026/04/546163_f0a82a13bf2240ff9cbeb90311f336b6mv2-1.webp,1,"Container 4 x 2 Meter Doppeltür an der Längsseite Anthrazit RAL 7016-Neu",false,"Container 4 x 2 Meter Doppeltür an der Längsseite Anthrazit RAL 7016-Neu | GSHandels - Professionelle Containerlösungen","Hochwertiger Container 4 x 2 Meter Doppeltür an der Längsseite Anthrazit RAL 7016-Neu von GSHandels. Professionelle Containerlösungen für Lagerung, Transport und gewerbliche Nutzung. Jetzt unverbindlich anfragen!",594,active
stok4987r6,"Container 4 x 2 Meter Doppeltür an der kurzen Seite Anthrazit RAL 7016-Neu","<div class=""product-description"">
  <h1>Container 4 x 2 Meter Doppeltür an der kurzen Seite Anthrazit RAL 7016-Neu</h1>
  
  <h2>Produktvorteile</h2>
  <ul>
    <li>Wind- und wasserdicht nach ISO-Norm</li>
    <li>CSC-zertifiziert für weltweiten Seetransport</li>
    <li>Stabile Stahlkonstruktion</li>
    <li>Sofort verfügbar - Kurze Lieferzeiten</li>
    <li>Flexible Zahlungsoptionen möglich</li>
  </ul>
  
  <h2>Technische Spezifikationen</h2>
  <table border=""0"" cellspacing=""0"" cellpadding=""5"">
    <tr>
      <td><strong>Material</strong></td>
      <td>Hochwertiger Stahl / Cortenstahl</td>
    </tr>
    <tr>
      <td><strong>Zustand</strong></td>
      <td>Neu oder Gebraucht</td>
    </tr>
    <tr>
      <td><strong>Zertifizierung</strong></td>
      <td>ISO 668, CSC-Plakette</td>
    </tr>
    <tr>
      <td><strong>Verfügbarkeit</strong></td>
      <td>Sofort lieferbar</td>
    </tr>
  </table>
  
  <h2>Beschreibung</h2>
  <p>Zerlegbar / selbstmontierbar. Außenmaße (L x B x H): 3880 x 2140 x 2072 mm. Innenmaße (L x B x H): 3726 x 1990 x 1948 mm. Türmaße: (L x H): 1750 (813 + 937 mm) x 1849 mm. Gesamtgewicht: 490 kg. Abstand zwischen den Staplertaschen: 850 mm Vollständig selbsttragende Konstruktion inklusive Boden</p>
  
  <h2>Typische Anwendungsbereiche</h2>
  <ul>
    <li>Lagerung von Baumaterialien</li>
    <li>Warenlager für Handel</li>
    <li>Seefracht-Transport</li>
    <li>Mobile Werkstatt</li>
    <li>Zwischenlager bei Umzügen</li>
  </ul>
  
  <h2>Unsere Serviceleistungen</h2>
  <ul>
    <li>Kostenlose Lieferung (auf Anfrage)</li>
    <li>Professionelle Beratung</li>
    <li>Finanzierung möglich</li>
    <li>30 Tage Rückgabegarantie</li>
  </ul>
</div>",GSHandels,"Container","Container, GSHandels, Lagerung, Transport, Neu",true,Title,Default Title,,,,,STOK4987R6,,shopify,10,deny,manual,1040.00,,true,true,,https://gshandels.com/wp-content/uploads/2026/04/546163_15137be744e243ffa4caefcf91ac3452mv2-1.webp,1,"Container 4 x 2 Meter Doppeltür an der kurzen Seite Anthrazit RAL 7016-Neu",false,"Container 4 x 2 Meter Doppeltür an der kurzen Seite Anthrazit RAL 7016-Neu | GSHandels - Professionelle Containerlösungen","Hochwertiger Container 4 x 2 Meter Doppeltür an der kurzen Seite Anthrazit RAL 7016-Neu von GSHandels. Professionelle Containerlösungen für Lagerung, Transport und gewerbliche Nutzung. Jetzt unverbindlich anfragen!",594,active
st0987fv,"Container 3 x 2 Meter Doppeltür an der kurzen Seite Anthrazit RAL 7016-Neu","<div class=""product-description"">
  <h1>Container 3 x 2 Meter Doppeltür an der kurzen Seite Anthrazit RAL 7016-Neu</h1>
  
  <h2>Produktvorteile</h2>
  <ul>
    <li>Wind- und wasserdicht nach ISO-Norm</li>
    <li>CSC-zertifiziert für weltweiten Seetransport</li>
    <li>Stabile Stahlkonstruktion</li>
    <li>Sofort verfügbar - Kurze Lieferzeiten</li>
    <li>Flexible Zahlungsoptionen möglich</li>
  </ul>
  
  <h2>Technische Spezifikationen</h2>
  <table border=""0"" cellspacing=""0"" cellpadding=""5"">
    <tr>
      <td><strong>Material</strong></td>
      <td>Hochwertiger Stahl / Cortenstahl</td>
    </tr>
    <tr>
      <td><strong>Zustand</strong></td>
      <td>Neu oder Gebraucht</td>
    </tr>
    <tr>
      <td><strong>Zertifizierung</strong></td>
      <td>ISO 668, CSC-Plakette</td>
    </tr>
    <tr>
      <td><strong>Verfügbarkeit</strong></td>
      <td>Sofort lieferbar</td>
    </tr>
  </table>
  
  <h2>Beschreibung</h2>
  <p>Zerlegbar / selbstmontierbar. Außenmaße (L x B x H): 2950 x 2140 x 2072 mm. Innenmaße (L x B x H) 2800 x 1990 x 1948 mm. Türmaße: (L x H): 1750 (813 + 937 mm) x 1849 mm. Gesamtgewicht: 420 kg. Abstand zwischen den Staplertaschen: 850 mm Vollständig selbsttragende Konstruktion inklusive Boden</p>
  
  <h2>Typische Anwendungsbereiche</h2>
  <ul>
    <li>Lagerung von Baumaterialien</li>
    <li>Warenlager für Handel</li>
    <li>Seefracht-Transport</li>
    <li>Mobile Werkstatt</li>
    <li>Zwischenlager bei Umzügen</li>
  </ul>
  
  <h2>Unsere Serviceleistungen</h2>
  <ul>
    <li>Kostenlose Lieferung (auf Anfrage)</li>
    <li>Professionelle Beratung</li>
    <li>Finanzierung möglich</li>
    <li>30 Tage Rückgabegarantie</li>
  </ul>
</div>",GSHandels,"Container","Container, GSHandels, Lagerung, Transport, Neu",true,Title,Default Title,,,,,ST0987FV,,shopify,10,deny,manual,960.00,,true,true,,https://gshandels.com/wp-content/uploads/2026/04/546163_e5602e6aa3f54db1a1cd8e27aa7999d9mv2-1.webp,1,"Container 3 x 2 Meter Doppeltür an der kurzen Seite Anthrazit RAL 7016-Neu",false,"Container 3 x 2 Meter Doppeltür an der kurzen Seite Anthrazit RAL 7016-Neu | GSHandels - Professionelle Containerlösungen","Hochwertiger Container 3 x 2 Meter Doppeltür an der kurzen Seite Anthrazit RAL 7016-Neu von GSHandels. Professionelle Containerlösungen für Lagerung, Transport und gewerbliche Nutzung. Jetzt unverbindlich anfragen!",594,active
cf536792j,"20 Fuß Zweizonen-Kühlcontainer – Thermo King T880 Pro-Neu","<div class=""product-description"">
  <h1>20 Fuß Zweizonen-Kühlcontainer – Thermo King T880 Pro-Neu</h1>
  
  <h2>Produktvorteile</h2>
  <ul>
    <li>Wind- und wasserdicht nach ISO-Norm</li>
    <li>CSC-zertifiziert für weltweiten Seetransport</li>
    <li>Stabile Stahlkonstruktion</li>
    <li>Sofort verfügbar - Kurze Lieferzeiten</li>
    <li>Flexible Zahlungsoptionen möglich</li>
  </ul>
  
  <h2>Technische Spezifikationen</h2>
  <table border=""0"" cellspacing=""0"" cellpadding=""5"">
    <tr>
      <td><strong>Material</strong></td>
      <td>Hochwertiger Stahl / Cortenstahl</td>
    </tr>
    <tr>
      <td><strong>Zustand</strong></td>
      <td>Neu oder Gebraucht</td>
    </tr>
    <tr>
      <td><strong>Zertifizierung</strong></td>
      <td>ISO 668, CSC-Plakette</td>
    </tr>
    <tr>
      <td><strong>Verfügbarkeit</strong></td>
      <td>Sofort lieferbar</td>
    </tr>
  </table>
  
  <h2>Beschreibung</h2>
  <p>Kaufen Sie einen Dual-Zonen-Kühlcontainer: 20-Fuß-Dual-Zonen-Kühlcontainer – für kompromisslose Temperaturkontrolle Der 20-Fuß-Dual-Zonen-Kühlcontainer, ausgestattet mit einer Thermo King T880 Pro-Kühleinheit, wurde für Unternehmen entwickelt, die eine präzise Temperaturkontrolle in zwei unterschiedlichen Klimazonen benötigen. Kaufen Sie einen Dual-Zonen-Kühlcontainer Ganz gleich, ob Sie Tiefkühlkost und Kühlprodukte gleichzeitig transportieren oder Arzneimittel mit unterschiedlichen Lageranforderungen liefern möchten, dieser Container bietet Ihnen die technologische Flexibilität und thermische Zuverlässigkeit, die moderne Lieferketten erfordern. Kaufen Sie einen Kühlcontainer mit zwei Zonen</p>
  
  <h2>Typische Anwendungsbereiche</h2>
  <ul>
    <li>Lagerung von Baumaterialien</li>
    <li>Warenlager für Handel</li>
    <li>Seefracht-Transport</li>
    <li>Mobile Werkstatt</li>
    <li>Zwischenlager bei Umzügen</li>
  </ul>
  
  <h2>Unsere Serviceleistungen</h2>
  <ul>
    <li>Kostenlose Lieferung (auf Anfrage)</li>
    <li>Professionelle Beratung</li>
    <li>Finanzierung möglich</li>
    <li>30 Tage Rückgabegarantie</li>
  </ul>
</div>",GSHandels,"Container","Container, GSHandels, Lagerung, Transport, Neu, Kühlcontainer",true,Title,Default Title,,,,,CF536792J,,shopify,10,deny,manual,3280.00,,true,true,,https://gshandels.com/wp-content/uploads/2026/04/546163_46c34e1b9b104da89df055621aee13c1mv2-1.webp,1,"20 Fuß Zweizonen-Kühlcontainer – Thermo King T880 Pro-Neu",false,"20 Fuß Zweizonen-Kühlcontainer – Thermo King T880 Pro-Neu | GSHandels - Professionelle Containerlösungen","Hochwertiger 20 Fuß Zweizonen-Kühlcontainer – Thermo King T880 Pro-Neu von GSHandels. Professionelle Containerlösungen für Lagerung, Transport und gewerbliche Nutzung. Jetzt unverbindlich anfragen!",594,active
st98764g5,"Container 3 x 2 Meter Doppeltür an der Längsseite Anthrazit RAL 7016-Neu","<div class=""product-description"">
  <h1>Container 3 x 2 Meter Doppeltür an der Längsseite Anthrazit RAL 7016-Neu</h1>
  
  <h2>Produktvorteile</h2>
  <ul>
    <li>Wind- und wasserdicht nach ISO-Norm</li>
    <li>CSC-zertifiziert für weltweiten Seetransport</li>
    <li>Stabile Stahlkonstruktion</li>
    <li>Sofort verfügbar - Kurze Lieferzeiten</li>
    <li>Flexible Zahlungsoptionen möglich</li>
  </ul>
  
  <h2>Technische Spezifikationen</h2>
  <table border=""0"" cellspacing=""0"" cellpadding=""5"">
    <tr>
      <td><strong>Material</strong></td>
      <td>Hochwertiger Stahl / Cortenstahl</td>
    </tr>
    <tr>
      <td><strong>Zustand</strong></td>
      <td>Neu oder Gebraucht</td>
    </tr>
    <tr>
      <td><strong>Zertifizierung</strong></td>
      <td>ISO 668, CSC-Plakette</td>
    </tr>
    <tr>
      <td><strong>Verfügbarkeit</strong></td>
      <td>Sofort lieferbar</td>
    </tr>
  </table>
  
  <h2>Beschreibung</h2>
  <p>Zerlegbar / selbstmontierbar. Außenmaße (L x B x H): 2950 x 2140 x 2072 mm. Innenmaße (L x B x H) 2800 x 1990 x 1948 mm. Türmaße: (L x H): 1750 (813 + 937 mm) x 1849 mm. Gesamtgewicht: 420 kg. Abstand zwischen den Staplertaschen: 850 mm Vollständig selbsttragende Konstruktion inklusive Boden</p>
  
  <h2>Typische Anwendungsbereiche</h2>
  <ul>
    <li>Lagerung von Baumaterialien</li>
    <li>Warenlager für Handel</li>
    <li>Seefracht-Transport</li>
    <li>Mobile Werkstatt</li>
    <li>Zwischenlager bei Umzügen</li>
  </ul>
  
  <h2>Unsere Serviceleistungen</h2>
  <ul>
    <li>Kostenlose Lieferung (auf Anfrage)</li>
    <li>Professionelle Beratung</li>
    <li>Finanzierung möglich</li>
    <li>30 Tage Rückgabegarantie</li>
  </ul>
</div>",GSHandels,"Container","Container, GSHandels, Lagerung, Transport, Neu",true,Title,Default Title,,,,,ST98764G5,,shopify,10,deny,manual,960.00,,true,true,,https://gshandels.com/wp-content/uploads/2026/04/546163_32f01e6544014d0bad8257104bc14588mv2-1.webp,1,"Container 3 x 2 Meter Doppeltür an der Längsseite Anthrazit RAL 7016-Neu",false,"Container 3 x 2 Meter Doppeltür an der Längsseite Anthrazit RAL 7016-Neu | GSHandels - Professionelle Containerlösungen","Hochwertiger Container 3 x 2 Meter Doppeltür an der Längsseite Anthrazit RAL 7016-Neu von GSHandels. Professionelle Containerlösungen für Lagerung, Transport und gewerbliche Nutzung. Jetzt unverbindlich anfragen!",594,active
cf98e7e6,"Carrier PrimeLine 20 Fuß Kühlcontainer-Neu","<div class=""product-description"">
  <h1>Carrier PrimeLine 20 Fuß Kühlcontainer-Neu</h1>
  
  <h2>Produktvorteile</h2>
  <ul>
    <li>Wind- und wasserdicht nach ISO-Norm</li>
    <li>CSC-zertifiziert für weltweiten Seetransport</li>
    <li>Stabile Stahlkonstruktion</li>
    <li>Sofort verfügbar - Kurze Lieferzeiten</li>
    <li>Flexible Zahlungsoptionen möglich</li>
  </ul>
  
  <h2>Technische Spezifikationen</h2>
  <table border=""0"" cellspacing=""0"" cellpadding=""5"">
    <tr>
      <td><strong>Material</strong></td>
      <td>Hochwertiger Stahl / Cortenstahl</td>
    </tr>
    <tr>
      <td><strong>Zustand</strong></td>
      <td>Neu oder Gebraucht</td>
    </tr>
    <tr>
      <td><strong>Zertifizierung</strong></td>
      <td>ISO 668, CSC-Plakette</td>
    </tr>
    <tr>
      <td><strong>Verfügbarkeit</strong></td>
      <td>Sofort lieferbar</td>
    </tr>
  </table>
  
  <h2>Beschreibung</h2>
  <p>Carrier PrimeLine 20-Fuß-Kühlcontainer: Carrier PrimeLine RF 20-Fuß-Kühlcontainer – Wenn Präzision mit Leistung reimtDer mit einem Carrier PrimeLine-Kühlgerät ausgestattete RF 20-Fuß-Kühlcontainer wurde für Kunden entwickelt, die eine präzise Temperaturregelung und maximale Energieeffizienz fordern. Carrier PrimeLine 20ft KühlcontainerOb im internationalen Lebensmittelhandel, in der Pharmalogistik oder für exportierte Waren, die eine kontrollierte Temperatur erfordern, dieser Kühlcontainer sorgt für eine gleichmäßige und präzise Kühlleistung von -30°C bis +30°C und reduziert gleichzeitig den Energieverbrauch. Carrier PrimeLine 20-Fuß-Kühlcontainer. Modernste Kühltechnik gepaart mit robuster Konstruktion: ideal für zuverlässige, schwankungsfreie Kühlketten. Carrier PrimeLine 20 Fuß Kühlcontainer</p>
  
  <h2>Typische Anwendungsbereiche</h2>
  <ul>
    <li>Lagerung von Baumaterialien</li>
    <li>Warenlager für Handel</li>
    <li>Seefracht-Transport</li>
    <li>Mobile Werkstatt</li>
    <li>Zwischenlager bei Umzügen</li>
  </ul>
  
  <h2>Unsere Serviceleistungen</h2>
  <ul>
    <li>Kostenlose Lieferung (auf Anfrage)</li>
    <li>Professionelle Beratung</li>
    <li>Finanzierung möglich</li>
    <li>30 Tage Rückgabegarantie</li>
  </ul>
</div>",GSHandels,"Container","Container, GSHandels, Lagerung, Transport, Neu, Kühlcontainer",true,Title,Default Title,,,,,CF98E7E6,,shopify,10,deny,manual,3132.00,,true,true,,https://gshandels.com/wp-content/uploads/2026/04/546163_c3a7e02411a94fc384ea0895d76bcf3fmv2-1.webp,1,"Carrier PrimeLine 20 Fuß Kühlcontainer-Neu",false,"Carrier PrimeLine 20 Fuß Kühlcontainer-Neu | GSHandels - Professionelle Containerlösungen","Hochwertiger Carrier PrimeLine 20 Fuß Kühlcontainer-Neu von GSHandels. Professionelle Containerlösungen für Lagerung, Transport und gewerbliche Nutzung. Jetzt unverbindlich anfragen!",594,active
cd938r387,"19-Fuß-Container mit seitlicher Öffnung: Mini-Container mit seitlicher Öffnung-Neu","<div class=""product-description"">
  <h1>19-Fuß-Container mit seitlicher Öffnung: Mini-Container mit seitlicher Öffnung-Neu</h1>
  
  <h2>Produktvorteile</h2>
  <ul>
    <li>Wind- und wasserdicht nach ISO-Norm</li>
    <li>CSC-zertifiziert für weltweiten Seetransport</li>
    <li>Stabile Stahlkonstruktion</li>
    <li>Sofort verfügbar - Kurze Lieferzeiten</li>
    <li>Flexible Zahlungsoptionen möglich</li>
  </ul>
  
  <h2>Technische Spezifikationen</h2>
  <table border=""0"" cellspacing=""0"" cellpadding=""5"">
    <tr>
      <td><strong>Material</strong></td>
      <td>Hochwertiger Stahl / Cortenstahl</td>
    </tr>
    <tr>
      <td><strong>Zustand</strong></td>
      <td>Neu oder Gebraucht</td>
    </tr>
    <tr>
      <td><strong>Zertifizierung</strong></td>
      <td>ISO 668, CSC-Plakette</td>
    </tr>
    <tr>
      <td><strong>Verfügbarkeit</strong></td>
      <td>Sofort lieferbar</td>
    </tr>
  </table>
  
  <h2>Beschreibung</h2>
  <p>Der 19-Fuß-Minicontainer mit seitlicher Öffnung wurde für Anwendungen entwickelt, bei denen ein 20-Fuß-Container zu groß ist, bei denen aber dennoch eine seitliche Zugänglichkeit unerlässlich ist. 19-Fuß-Container mit seitlicher Öffnung. Mit seiner kompakten Länge und vier durchgehenden Seitenklappen bietet dieser Container eine einzigartige Kombination aus Zugänglichkeit, Flexibilität und Transportzertifizierung, ideal für anspruchsvolle Logistikvorgänge, bei denen Waren nicht von vorne, sondern von den Seiten bewegt werden. 19-Fuß-Container mit seitlicher Öffnung</p>
  
  <h2>Typische Anwendungsbereiche</h2>
  <ul>
    <li>Lagerung von Baumaterialien</li>
    <li>Warenlager für Handel</li>
    <li>Seefracht-Transport</li>
    <li>Mobile Werkstatt</li>
    <li>Zwischenlager bei Umzügen</li>
  </ul>
  
  <h2>Unsere Serviceleistungen</h2>
  <ul>
    <li>Kostenlose Lieferung (auf Anfrage)</li>
    <li>Professionelle Beratung</li>
    <li>Finanzierung möglich</li>
    <li>30 Tage Rückgabegarantie</li>
  </ul>
</div>",GSHandels,"Container","Container, GSHandels, Lagerung, Transport, Neu",true,Title,Default Title,,,,,CD938R387,,shopify,10,deny,manual,1120.00,,true,true,,https://gshandels.com/wp-content/uploads/2026/04/546163_7d164d38e7934b189a7079675ddb6e86mv2-1.webp,1,"19-Fuß-Container mit seitlicher Öffnung: Mini-Container mit seitlicher Öffnung-Neu",false,"19-Fuß-Container mit seitlicher Öffnung: Mini-Container mit seitlicher Öffnung-Neu | GSHandels - Professionelle Containerlösungen","Hochwertiger 19-Fuß-Container mit seitlicher Öffnung: Mini-Container mit seitlicher Öffnung-Neu von GSHandels. Professionelle Containerlösungen für Lagerung, Transport und gewerbliche Nutzung. Jetzt unverbindlich anfragen!",594,active
cd9878d7,"10‘ High Cube Gefahrgutcontainer (Doppelboden)-Neu","<div class=""product-description"">
  <h1>10‘ High Cube Gefahrgutcontainer (Doppelboden)-Neu</h1>
  
  <h2>Produktvorteile</h2>
  <ul>
    <li>Wind- und wasserdicht nach ISO-Norm</li>
    <li>CSC-zertifiziert für weltweiten Seetransport</li>
    <li>Stabile Stahlkonstruktion</li>
    <li>Sofort verfügbar - Kurze Lieferzeiten</li>
    <li>Flexible Zahlungsoptionen möglich</li>
  </ul>
  
  <h2>Technische Spezifikationen</h2>
  <table border=""0"" cellspacing=""0"" cellpadding=""5"">
    <tr>
      <td><strong>Material</strong></td>
      <td>Hochwertiger Stahl / Cortenstahl</td>
    </tr>
    <tr>
      <td><strong>Zustand</strong></td>
      <td>Neu oder Gebraucht</td>
    </tr>
    <tr>
      <td><strong>Zertifizierung</strong></td>
      <td>ISO 668, CSC-Plakette</td>
    </tr>
    <tr>
      <td><strong>Verfügbarkeit</strong></td>
      <td>Sofort lieferbar</td>
    </tr>
  </table>
  
  <h2>Beschreibung</h2>
  <p>Kaufen Sie 10 Fuß Gefahrgutcontainer: 10′ High Cube Gefahrgutcontainer – kompakt. Kontrolle. Konform.Ob brennbare Flüssigkeiten, Chemikalien, Farben, Öle oder andere Gefahrgüter: Mit dem 10′ High Cube Gefahrgutcontainer profitieren Sie von einer speziellen zertifizierten Lösung für die sichere Lagerung und den Umgang mit Gefahrstoffen – auf kleinem Raum, aber mit maximalem Schutz. Dieses Modell wurde speziell entwickelt, um Leckagen, Dämpfe und Umweltgefahren aktiv zu minimieren. Mit integriertem Retentionsboden, kontrollierter Belüftung und robuster Stahlkonstruktion erfüllt es höchste Ansprüche für die Lagerung gefährlicher Güter, egal ob stationär oder mobil. Kaufen Sie einen 10-Fuß-Gefahrgutcontainer</p>
  
  <h2>Typische Anwendungsbereiche</h2>
  <ul>
    <li>Lagerung von Baumaterialien</li>
    <li>Warenlager für Handel</li>
    <li>Seefracht-Transport</li>
    <li>Mobile Werkstatt</li>
    <li>Zwischenlager bei Umzügen</li>
  </ul>
  
  <h2>Unsere Serviceleistungen</h2>
  <ul>
    <li>Kostenlose Lieferung (auf Anfrage)</li>
    <li>Professionelle Beratung</li>
    <li>Finanzierung möglich</li>
    <li>30 Tage Rückgabegarantie</li>
  </ul>
</div>",GSHandels,"Container","Container, GSHandels, Lagerung, Transport, Neu, High Cube",true,Title,Default Title,,,,,CD9878D7,,shopify,10,deny,manual,760.00,,true,true,,https://gshandels.com/wp-content/uploads/2026/04/546163_7e00976f759741eeb5df52a4f1f19ff9mv2-1.webp,1,"10‘ High Cube Gefahrgutcontainer (Doppelboden)-Neu",false,"10‘ High Cube Gefahrgutcontainer (Doppelboden)-Neu | GSHandels - Professionelle Containerlösungen","Hochwertiger 10‘ High Cube Gefahrgutcontainer (Doppelboden)-Neu von GSHandels. Professionelle Containerlösungen für Lagerung, Transport und gewerbliche Nutzung. Jetzt unverbindlich anfragen!",594,active
cf987h6e,"10 Fuß Kühlcontainer – DNV-zertifiziert-Neu","<div class=""product-description"">
  <h1>10 Fuß Kühlcontainer – DNV-zertifiziert-Neu</h1>
  
  <h2>Produktvorteile</h2>
  <ul>
    <li>Wind- und wasserdicht nach ISO-Norm</li>
    <li>CSC-zertifiziert für weltweiten Seetransport</li>
    <li>Stabile Stahlkonstruktion</li>
    <li>Sofort verfügbar - Kurze Lieferzeiten</li>
    <li>Flexible Zahlungsoptionen möglich</li>
  </ul>
  
  <h2>Technische Spezifikationen</h2>
  <table border=""0"" cellspacing=""0"" cellpadding=""5"">
    <tr>
      <td><strong>Material</strong></td>
      <td>Hochwertiger Stahl / Cortenstahl</td>
    </tr>
    <tr>
      <td><strong>Zustand</strong></td>
      <td>Neu oder Gebraucht</td>
    </tr>
    <tr>
      <td><strong>Zertifizierung</strong></td>
      <td>ISO 668, CSC-Plakette</td>
    </tr>
    <tr>
      <td><strong>Verfügbarkeit</strong></td>
      <td>Sofort lieferbar</td>
    </tr>
  </table>
  
  <h2>Beschreibung</h2>
  <p>Kompakte Präzision für extreme Einsatzbedingungen Wenn es um temperaturgeführte Transporte unter härtesten Bedingungen geht, ist der DNV 10ft Kühlcontainer die ideale Wahl. Es vereint modernste Kühltechnologie, extreme Strukturfestigkeit und vollständige Zertifizierung für Offshore-Anwendungen, alles in einem kompakten, leicht zu transportierenden Format. DNV 10ft Kühlcontainer Ob für eine Bohrinsel, ein Schiff, den Pharmaexport oder die Krisenlogistik, dieser Container bietet sowohl temperaturgesteuerte, zuverlässige Struktur als auch globalen Einsatz. DNV 10ft Kühlcontainer übersetzt mit DeepL.com (kostenlose Version)</p>
  
  <h2>Typische Anwendungsbereiche</h2>
  <ul>
    <li>Lagerung von Baumaterialien</li>
    <li>Warenlager für Handel</li>
    <li>Seefracht-Transport</li>
    <li>Mobile Werkstatt</li>
    <li>Zwischenlager bei Umzügen</li>
  </ul>
  
  <h2>Unsere Serviceleistungen</h2>
  <ul>
    <li>Kostenlose Lieferung (auf Anfrage)</li>
    <li>Professionelle Beratung</li>
    <li>Finanzierung möglich</li>
    <li>30 Tage Rückgabegarantie</li>
  </ul>
</div>",GSHandels,"Container","Container, GSHandels, Lagerung, Transport, Neu, Kühlcontainer",true,Title,Default Title,,,,,CF987H6E,,shopify,10,deny,manual,1800.00,,true,true,,https://gshandels.com/wp-content/uploads/2026/04/546163_b21a835ad03544ada840e22a4dcd1f29mv2-1.webp,1,"10 Fuß Kühlcontainer – DNV-zertifiziert-Neu",false,"10 Fuß Kühlcontainer – DNV-zertifiziert-Neu | GSHandels - Professionelle Containerlösungen","Hochwertiger 10 Fuß Kühlcontainer – DNV-zertifiziert-Neu von GSHandels. Professionelle Containerlösungen für Lagerung, Transport und gewerbliche Nutzung. Jetzt unverbindlich anfragen!",594,active
ti87e66z6,"Tiny House 37m² mit großer überdachter Terrasse, 5 Jahre Garantie-Neu","<div class=""product-description"">
  <h1>Tiny House 37m² mit großer überdachter Terrasse, 5 Jahre Garantie-Neu</h1>
  
  <h2>Produktvorteile</h2>
  <ul>
    <li>Wind- und wasserdicht nach ISO-Norm</li>
    <li>CSC-zertifiziert für weltweiten Seetransport</li>
    <li>Stabile Stahlkonstruktion</li>
    <li>Sofort verfügbar - Kurze Lieferzeiten</li>
    <li>Flexible Zahlungsoptionen möglich</li>
  </ul>
  
  <h2>Technische Spezifikationen</h2>
  <table border=""0"" cellspacing=""0"" cellpadding=""5"">
    <tr>
      <td><strong>Material</strong></td>
      <td>Hochwertiger Stahl / Cortenstahl</td>
    </tr>
    <tr>
      <td><strong>Zustand</strong></td>
      <td>Neu oder Gebraucht</td>
    </tr>
    <tr>
      <td><strong>Zertifizierung</strong></td>
      <td>ISO 668, CSC-Plakette</td>
    </tr>
    <tr>
      <td><strong>Verfügbarkeit</strong></td>
      <td>Sofort lieferbar</td>
    </tr>
  </table>
  
  <h2>Beschreibung</h2>
  <p>Artikelmerkmale Artikelzustand Neu: Ein brandneuer, unbenutzter und unbeschädigter Artikel in der ungeöffneten Originalverpackung (sofern eine Verpackung vorhanden ist). Die Verpackung sollte der im Einzelhandel verwendeten entsprechen. Ausnahme: Der Artikel war ursprünglich in einer nicht im Einzelhandel erhältlichen Verpackung verpackt, beispielsweise einem unbedruckten Karton oder einem Plastikumschlag. Weitere Details im Angebot des Verkäufers. Alle Zustandsdefinitionen aufrufenWird in einem neuen Fenster oder Tab geöffnetMarke: MarkenlosProdukttyp: Modulares Haus MerkmaleDoppelfenster, Intelligentes Wohnen, Moderne Architektur, Universelles Design, Zentralheizung/KlimaanlageAnzahl der Schlafzimmer: 3Anzahl der Badezimmer: 1Materialien: Kunststoff, MetallBreite: 20 Fuß (5,86 Meter)Länge: 20 Fuß (6,1 Meter)Höhe: 20 Fuß (2,55 Meter)Herstellergarantie: 5 Jahre</p>
  
  <h2>Typische Anwendungsbereiche</h2>
  <ul>
    <li>Lagerung von Baumaterialien</li>
    <li>Warenlager für Handel</li>
    <li>Seefracht-Transport</li>
    <li>Mobile Werkstatt</li>
    <li>Zwischenlager bei Umzügen</li>
  </ul>
  
  <h2>Unsere Serviceleistungen</h2>
  <ul>
    <li>Kostenlose Lieferung (auf Anfrage)</li>
    <li>Professionelle Beratung</li>
    <li>Finanzierung möglich</li>
    <li>30 Tage Rückgabegarantie</li>
  </ul>
</div>",GSHandels,"Container","Container, GSHandels, Lagerung, Transport, Neu, Tiny House",true,Title,Default Title,,,,,TI87E66Z6,,shopify,10,deny,manual,10400.00,,true,true,,https://gshandels.com/wp-content/uploads/2026/04/c541a2_fb44012aa2e84ac090149dfe7b070129mv2-1.jpg,1,"Tiny House 37m² mit großer überdachter Terrasse, 5 Jahre Garantie-Neu",false,"Tiny House 37m² mit großer überdachter Terrasse, 5 Jahre Garantie-Neu | GSHandels - Professionelle Containerlösungen","Hochwertiger Tiny House 37m² mit großer überdachter Terrasse, 5 Jahre Garantie-Neu von GSHandels. Professionelle Containerlösungen für Lagerung, Transport und gewerbliche Nutzung. Jetzt unverbindlich anfragen!",594,active
cam938hg6,"Tiny House Deluxe 19ft x 20ft – Stahlwerke 2025-Neu","<div class=""product-description"">
  <h1>Tiny House Deluxe 19ft x 20ft – Stahlwerke 2025-Neu</h1>
  
  <h2>Produktvorteile</h2>
  <ul>
    <li>Wind- und wasserdicht nach ISO-Norm</li>
    <li>CSC-zertifiziert für weltweiten Seetransport</li>
    <li>Stabile Stahlkonstruktion</li>
    <li>Sofort verfügbar - Kurze Lieferzeiten</li>
    <li>Flexible Zahlungsoptionen möglich</li>
  </ul>
  
  <h2>Technische Spezifikationen</h2>
  <table border=""0"" cellspacing=""0"" cellpadding=""5"">
    <tr>
      <td><strong>Material</strong></td>
      <td>Hochwertiger Stahl / Cortenstahl</td>
    </tr>
    <tr>
      <td><strong>Zustand</strong></td>
      <td>Neu oder Gebraucht</td>
    </tr>
    <tr>
      <td><strong>Zertifizierung</strong></td>
      <td>ISO 668, CSC-Plakette</td>
    </tr>
    <tr>
      <td><strong>Verfügbarkeit</strong></td>
      <td>Sofort lieferbar</td>
    </tr>
  </table>
  
  <h2>Beschreibung</h2>
  <p>‘- Allgemeine Merkmale – Marke: Stahlworks – Modell: Deluxe (19 Fuß x 20 Fuß) – Herstellungsjahr: 2025 – Gewicht: 3.350 kg – Fläche: 36 m² – Aufteilung: – Komplettes Badezimmer mit Dusche, Toilette und Waschbecken – Wärmedämmung von Wänden und Dach für optimalen Komfort – Widerstandsfähige und einfach zu verwendende Vinylbodenpflege – Elektrische Belüftung (230 V) sorgt für gute Belüftung – Neun doppelt verglaste Fenster mit PVC-Rahmen – Sichere Tür mit Schloss und Knopfzylinder – Integrierte Dachrinne zur Regenwasserableitung Anschlüsse und Transport – Vorbereitet für einfachen Anschluss an Wasser, Strom und Kanalisation – Abmessungen für den Transport: 5.860 x 2.110 x 2.550 mm – Gesamtabmessungen im eingebauten Zustand: – Länge: 5,86 m – Breite: 6,22 m – Höhe: 2,55 m Vorteile – Gebrauchsfertiges Mobilheim – Robustes, isoliertes Design für den ganzjährigen Einsatz – Einfacher Transport und Installation – Geeignet als Hauptwohnsitz, mobiles Büro oder Ferienhaus Dieses Stahlworks 2025 Tiny House vereint Zweckmäßigkeit, Modernität und Komfort in einem kompakten und transportablen Format, ideal für einen flexiblen und nachhaltigen Lebensstil.</p>
  
  <h2>Typische Anwendungsbereiche</h2>
  <ul>
    <li>Lagerung von Baumaterialien</li>
    <li>Warenlager für Handel</li>
    <li>Seefracht-Transport</li>
    <li>Mobile Werkstatt</li>
    <li>Zwischenlager bei Umzügen</li>
  </ul>
  
  <h2>Unsere Serviceleistungen</h2>
  <ul>
    <li>Kostenlose Lieferung (auf Anfrage)</li>
    <li>Professionelle Beratung</li>
    <li>Finanzierung möglich</li>
    <li>30 Tage Rückgabegarantie</li>
  </ul>
</div>",GSHandels,"Container","Container, GSHandels, Lagerung, Transport, Neu, Tiny House, 20 Fuß",true,Title,Default Title,,,,,CAM938HG6,,shopify,10,deny,manual,7200.00,,true,true,,https://gshandels.com/wp-content/uploads/2026/04/c541a2_92b24f36f4aa4909acc1abddbf45854dmv2-1.jpg,1,"Tiny House Deluxe 19ft x 20ft – Stahlwerke 2025-Neu",false,"Tiny House Deluxe 19ft x 20ft – Stahlwerke 2025-Neu | GSHandels - Professionelle Containerlösungen","Hochwertiger Tiny House Deluxe 19ft x 20ft – Stahlwerke 2025-Neu von GSHandels. Professionelle Containerlösungen für Lagerung, Transport und gewerbliche Nutzung. Jetzt unverbindlich anfragen!",594,active
ti6775d6d,"Tiny House XXL 76m² mit großer überdachter Terrasse, 5 Jahre Garantie-Neu","<div class=""product-description"">
  <h1>Tiny House XXL 76m² mit großer überdachter Terrasse, 5 Jahre Garantie-Neu</h1>
  
  <h2>Produktvorteile</h2>
  <ul>
    <li>Wind- und wasserdicht nach ISO-Norm</li>
    <li>CSC-zertifiziert für weltweiten Seetransport</li>
    <li>Stabile Stahlkonstruktion</li>
    <li>Sofort verfügbar - Kurze Lieferzeiten</li>
    <li>Flexible Zahlungsoptionen möglich</li>
  </ul>
  
  <h2>Technische Spezifikationen</h2>
  <table border=""0"" cellspacing=""0"" cellpadding=""5"">
    <tr>
      <td><strong>Material</strong></td>
      <td>Hochwertiger Stahl / Cortenstahl</td>
    </tr>
    <tr>
      <td><strong>Zustand</strong></td>
      <td>Neu oder Gebraucht</td>
    </tr>
    <tr>
      <td><strong>Zertifizierung</strong></td>
      <td>ISO 668, CSC-Plakette</td>
    </tr>
    <tr>
      <td><strong>Verfügbarkeit</strong></td>
      <td>Sofort lieferbar</td>
    </tr>
  </table>
  
  <h2>Beschreibung</h2>
  <p>Artikelmerkmale Artikelzustand Neu: Ein brandneuer, unbenutzter und unbeschädigter Artikel in der ungeöffneten Originalverpackung (sofern eine Verpackung vorhanden ist). Die Verpackung sollte der im Einzelhandel verwendeten entsprechen. Ausnahme: Der Artikel war ursprünglich in einer nicht im Einzelhandel erhältlichen Verpackung verpackt, beispielsweise einem unbedruckten Karton oder einem Plastikumschlag. Weitere Details im Angebot des Verkäufers. Alle Zustandsdefinitionen aufrufenWird in einem neuen Fenster oder Tab geöffnetMarke: MarkenlosProdukttyp: ModulhausBesonderheitenDoppelfenster, Intelligentes Wohnen, Moderne Architektur, Universelles Design, Zentralheizung/KlimaanlageAnzahl der Schlafzimmer: 3Anzahl der Badezimmer: 1Materialien: Kunststoff, MetallBreite: 20 Fuß (6,1 Meter)Länge: 40 Fuß (12,19 Meter)Höhe: 10 Fuß (3,05 Meter)Herstellergarantie: 5 Jahre</p>
  
  <h2>Typische Anwendungsbereiche</h2>
  <ul>
    <li>Lagerung von Baumaterialien</li>
    <li>Warenlager für Handel</li>
    <li>Seefracht-Transport</li>
    <li>Mobile Werkstatt</li>
    <li>Zwischenlager bei Umzügen</li>
  </ul>
  
  <h2>Unsere Serviceleistungen</h2>
  <ul>
    <li>Kostenlose Lieferung (auf Anfrage)</li>
    <li>Professionelle Beratung</li>
    <li>Finanzierung möglich</li>
    <li>30 Tage Rückgabegarantie</li>
  </ul>
</div>",GSHandels,"Container","Container, GSHandels, Lagerung, Transport, Neu, Tiny House",true,Title,Default Title,,,,,TI6775D6D,,shopify,10,deny,manual,14320.00,,true,true,,https://gshandels.com/wp-content/uploads/2026/04/c541a2_3bf8e73abe0647fda9462fe93bb63656mv2-1.webp,1,"Tiny House XXL 76m² mit großer überdachter Terrasse, 5 Jahre Garantie-Neu",false,"Tiny House XXL 76m² mit großer überdachter Terrasse, 5 Jahre Garantie-Neu | GSHandels - Professionelle Containerlösungen","Hochwertiger Tiny House XXL 76m² mit großer überdachter Terrasse, 5 Jahre Garantie-Neu von GSHandels. Professionelle Containerlösungen für Lagerung, Transport und gewerbliche Nutzung. Jetzt unverbindlich anfragen!",594,active
cam5675z6,"40-Fuß Wohncontainer XXL – Zusammenklappbares Luxus-Chalet für jeden Einsatz","<div class=""product-description"">
  <h1>40-Fuß Wohncontainer XXL – Zusammenklappbares Luxus-Chalet für jeden Einsatz</h1>
  
  <h2>Produktvorteile</h2>
  <ul>
    <li>Wind- und wasserdicht nach ISO-Norm</li>
    <li>CSC-zertifiziert für weltweiten Seetransport</li>
    <li>Stabile Stahlkonstruktion</li>
    <li>Sofort verfügbar - Kurze Lieferzeiten</li>
    <li>Flexible Zahlungsoptionen möglich</li>
  </ul>
  
  <h2>Technische Spezifikationen</h2>
  <table border=""0"" cellspacing=""0"" cellpadding=""5"">
    <tr>
      <td><strong>Material</strong></td>
      <td>Hochwertiger Stahl / Cortenstahl</td>
    </tr>
    <tr>
      <td><strong>Zustand</strong></td>
      <td>Neu oder Gebraucht</td>
    </tr>
    <tr>
      <td><strong>Zertifizierung</strong></td>
      <td>ISO 668, CSC-Plakette</td>
    </tr>
    <tr>
      <td><strong>Verfügbarkeit</strong></td>
      <td>Sofort lieferbar</td>
    </tr>
  </table>
  
  <h2>Beschreibung</h2>
  <p>1. Einführung in den 40-Fuß-Wohncontainer Der 40-Fuß-Wohncontainer kombiniert Robustheit und Flexibilität. Durch seine zusammenklappbare Struktur wird er zum Luxus-Chalet XXL, das sowohl als temporärer Wohnraum als auch als fest installierte Lösung genutzt werden kann. Perfekt für private, gewerbliche oder touristische Anwendungen, bietet er eine moderne Alternative zu klassischen Bauweisen. 2. Vorteile eines zusammenklappbaren Luxus-Chalets Platzsparend: Durch die klappbare Konstruktion lässt sich der Container effizient transportieren und lagern. Luxuriöse Ausstattung: Voll ausgestattete Küche, modernes Bad, hochwertige Möbel und energiesparende Technik. Flexibilität: Ideal als Ferienhaus, Bürocontainer, Gästehaus oder mobile Wohnlösung. Nachhaltigkeit: Robuste Materialien und energieeffiziente Bauweise sorgen für lange Lebensdauer und geringe Betriebskosten. 3. Technische Daten des 40-Fuß-Wohncontainers Länge: 12,2 m (40 Fuß) Breite: 2,44 m Höhe: 2,9 m (standard) Zusammenklappbar: Ja, auf die Hälfte der Originalgröße für Transport und Lagerung Innenausstattung: Küche, Bad, Wohn- und Schlafbereich, Klimaanlage, Heizung, LED-Beleuchtung Material: Hochwertiger Stahlrahmen, isolierte Wände, wetterfeste Außenhülle 4. Einsatzmöglichkeiten Der zusammenklappbare Wohncontainer XXL eignet sich für: Ferienchalets an abgelegenen Orten Mobile Büros und Meetingräume Erweiterung von Hotels und Resorts Temporäre Wohnlösungen bei Bauprojekten oder Events 5. Design und Komfort Moderne Innenraumgestaltung und ergonomische Möbel sorgen für höchsten Wohnkomfort. Große Panoramafenster lassen viel Tageslicht herein, während eine durchdachte Raumaufteilung für effiziente Nutzung sorgt. Exklusive Materialien und hochwertige Oberflächen vermitteln das Gefühl eines echten Luxus-Chalets. 6. Transport und Aufstellung Dank des zusammenklappbaren Systems ist der Container leicht zu transportieren. Mit einem Standard-Lkw kann er einfach zur Baustelle oder zum Feriengrundstück gebracht werden. Die Aufstellung erfolgt in wenigen Stunden, ohne dass umfangreiche Fundamentarbeiten notwendig sind. 7. Nachhaltigkeit und Energieeffizienz Das Chalet ist energieeffizient: Hochwertige Dämmung reduziert Wärmeverlust Optional Solarpanels zur Energieversorgung Wasser- und Energie sparende Systeme für Bad und Küche Langlebige Materialien minimieren Wartungskosten 8. Warum ein 40-Fuß-Luxus-Chalet die beste Wahl ist Ein zusammenklappbares 40-Fuß-Luxus-Chalet XXL bietet eine Kombination aus Mobilität, Luxus und Funktionalität. Es ist ideal für alle, die flexibel wohnen möchten, ohne auf Komfort und Design zu verzichten.</p>
  
  <h2>Typische Anwendungsbereiche</h2>
  <ul>
    <li>Lagerung von Baumaterialien</li>
    <li>Warenlager für Handel</li>
    <li>Seefracht-Transport</li>
    <li>Mobile Werkstatt</li>
    <li>Zwischenlager bei Umzügen</li>
  </ul>
  
  <h2>Unsere Serviceleistungen</h2>
  <ul>
    <li>Kostenlose Lieferung (auf Anfrage)</li>
    <li>Professionelle Beratung</li>
    <li>Finanzierung möglich</li>
    <li>30 Tage Rückgabegarantie</li>
  </ul>
</div>",GSHandels,"Container","Container, GSHandels, Lagerung, Transport, Wohncontainer, Barcontainer, 40 Fuß",true,Title,Default Title,,,,,CAM5675Z6,,shopify,10,deny,manual,4500.00,,true,true,,https://gshandels.com/wp-content/uploads/2026/04/c541a2_541f79ec5a2f4317b07166940d94eeb8mv2-1.jpg,1,"40-Fuß Wohncontainer XXL – Zusammenklappbares Luxus-Chalet für jeden Einsatz",false,"40-Fuß Wohncontainer XXL – Zusammenklappbares Luxus-Chalet für jeden Einsatz | GSHandels - Professionelle Containerlösungen","Hochwertiger 40-Fuß Wohncontainer XXL – Zusammenklappbares Luxus-Chalet für jeden Einsatz von GSHandels. Professionelle Containerlösungen für Lagerung, Transport und gewerbliche Nutzung. Jetzt unverbindlich anfragen!",594,active
camr085e,"Tiny House / Mobilheim / Deluxe-Neu","<div class=""product-description"">
  <h1>Tiny House / Mobilheim / Deluxe-Neu</h1>
  
  <h2>Produktvorteile</h2>
  <ul>
    <li>Wind- und wasserdicht nach ISO-Norm</li>
    <li>CSC-zertifiziert für weltweiten Seetransport</li>
    <li>Stabile Stahlkonstruktion</li>
    <li>Sofort verfügbar - Kurze Lieferzeiten</li>
    <li>Flexible Zahlungsoptionen möglich</li>
  </ul>
  
  <h2>Technische Spezifikationen</h2>
  <table border=""0"" cellspacing=""0"" cellpadding=""5"">
    <tr>
      <td><strong>Material</strong></td>
      <td>Hochwertiger Stahl / Cortenstahl</td>
    </tr>
    <tr>
      <td><strong>Zustand</strong></td>
      <td>Neu oder Gebraucht</td>
    </tr>
    <tr>
      <td><strong>Zertifizierung</strong></td>
      <td>ISO 668, CSC-Plakette</td>
    </tr>
    <tr>
      <td><strong>Verfügbarkeit</strong></td>
      <td>Sofort lieferbar</td>
    </tr>
  </table>
  
  <h2>Beschreibung</h2>
  <p>Eigenschaften des Moduls – Komplette Deluxe-Struktur. Falt- und ausklappbares Modul, ideal für Transport und schnelle Installation. Isolierte Wände und Dach sorgen für optimalen thermischen Komfort. Doppelt verglaste Tischlerei für verstärkte Isolierung. Funktionale und ästhetische Schiebetüren. Sicheres Schließsystem mit Schlüssel. Innenausstattung. Voll ausgestattete Eckküche: Theke, Spüle mit Mischbatterie, Hochschränke, Unterschränke und Schubladen. Zwei zusätzliche Räume, die als Schlafzimmer oder Büros genutzt werden können. Modernes Badezimmer im Zimmer: Toilette, Regendusche, Waschbecken mit Spiegel, Wasserhähne inklusive. SPC in Holzoptik Bodenbelag für eine warme NoteAluminium-Sockel für einen gepflegten Abschluss im Lieferumfang enthaltenLichtschalter und Anschlusspunkte für Deckenleuchten (Leuchte im Lieferumfang enthalten)Steckdosen (230-V-Anschluss)Integrierter ZählerschrankVorverkabelung und Vorinstallation für Wasser-, Strom- und AbwasseranschlüsseAbmessungenAusgeklappt: 5900 × 6400 × 2530 mmGefaltet (Transport): 5900 × 2220 × 2540 mm Technisch InformationenProdukttyp: Complete DeluxeBreite: 640 cmLänge: 590 cmHöhe: 253 cmGewicht: 3.150 kgMarke: Mobile Houses NL</p>
  
  <h2>Typische Anwendungsbereiche</h2>
  <ul>
    <li>Lagerung von Baumaterialien</li>
    <li>Warenlager für Handel</li>
    <li>Seefracht-Transport</li>
    <li>Mobile Werkstatt</li>
    <li>Zwischenlager bei Umzügen</li>
  </ul>
  
  <h2>Unsere Serviceleistungen</h2>
  <ul>
    <li>Kostenlose Lieferung (auf Anfrage)</li>
    <li>Professionelle Beratung</li>
    <li>Finanzierung möglich</li>
    <li>30 Tage Rückgabegarantie</li>
  </ul>
</div>",GSHandels,"Container","Container, GSHandels, Lagerung, Transport, Neu, Tiny House",true,Title,Default Title,,,,,CAMR085E,,shopify,10,deny,manual,5760.00,,true,true,,https://gshandels.com/wp-content/uploads/2026/04/c541a2_dff61c4ab7de461e8b74518761e98facmv2-1.jpg,1,"Tiny House / Mobilheim / Deluxe-Neu",false,"Tiny House / Mobilheim / Deluxe-Neu | GSHandels - Professionelle Containerlösungen","Hochwertiger Tiny House / Mobilheim / Deluxe-Neu von GSHandels. Professionelle Containerlösungen für Lagerung, Transport und gewerbliche Nutzung. Jetzt unverbindlich anfragen!",594,active
stk549ea,"Stahlblauer Wechselcontainer 3 x 2 Meter – mit Doppeltür-Neu","<div class=""product-description"">
  <h1>Stahlblauer Wechselcontainer 3 x 2 Meter – mit Doppeltür-Neu</h1>
  
  <h2>Produktvorteile</h2>
  <ul>
    <li>Wind- und wasserdicht nach ISO-Norm</li>
    <li>CSC-zertifiziert für weltweiten Seetransport</li>
    <li>Stabile Stahlkonstruktion</li>
    <li>Sofort verfügbar - Kurze Lieferzeiten</li>
    <li>Flexible Zahlungsoptionen möglich</li>
  </ul>
  
  <h2>Technische Spezifikationen</h2>
  <table border=""0"" cellspacing=""0"" cellpadding=""5"">
    <tr>
      <td><strong>Material</strong></td>
      <td>Hochwertiger Stahl / Cortenstahl</td>
    </tr>
    <tr>
      <td><strong>Zustand</strong></td>
      <td>Neu oder Gebraucht</td>
    </tr>
    <tr>
      <td><strong>Zertifizierung</strong></td>
      <td>ISO 668, CSC-Plakette</td>
    </tr>
    <tr>
      <td><strong>Verfügbarkeit</strong></td>
      <td>Sofort lieferbar</td>
    </tr>
  </table>
  
  <h2>Beschreibung</h2>
  <p>Stahlblauer Behälter 3 x 2 Mit Doppeltür an der Seite 3 Meter (große Seite) Der 3 x 2 Meter große herausnehmbare Behälter ist die perfekte Lösung für die Lagerung, geräumig, ohne zu viel Platz im Garten einzunehmen. Es lässt sich leicht auf- und abbauen und ist perfekt auf Ihre Bedürfnisse abgestimmt. Dank seiner Gabeltaschen und Hebeösen kann er auch an schwer zugänglichen Stellen platziert werden. Und wem das noch nicht reicht, der kann es auch einzeln demontieren und per Hand transportieren, Stück für Stück. Die Bleche unserer Wechselcontainer haben 70 % der Wandstärke von Seecontainern, sind leicht und dennoch stabil. Sie bestehen aus verzinktem Stahl und sind beständig gegen Rost und äußere Einflüsse. Darüber hinaus ist die Dachrinne in die Dachkonstruktion integriert und schützt den Container vor Witterungseinflüssen. Während der Versandcontainer besondere Vorkehrungen erfordert, um Schäden am Boden zu vermeiden, sind unsere abnehmbaren Container die einzigen auf dem Markt, die über einen Doppelboden verfügen, der aus OSB-3-Platten besteht, die auf einem Metallrahmen platziert sind. Wenn Ihr Grundstück also flach ist und das Gewicht des Containers tragen kann, ist keine Bebauung erforderlich. Und wenn Ihr Grundstück nicht ausreichend eben ist, genügen 4 Betonplatten, um den Container zu stützen. Da unsere Container auf der 3-Meter-Seite mit einer großen Doppeltür von 175 Zentimetern ausgestattet sind, haben Sie Zugang zu all Ihren Gegenständen und sind vor Diebstahl geschützt, da unsere Container mit einem doppelten 3-Punkt-Verschluss ausgestattet sind und der Container von innen verschraubt ist. Wir haben auch die Wahl zwischen der Einbruchschutzstange, der Zugangsrampe sowie den 1-Meter- oder 2-Meter-Regalen. Alle unsere Container werden als Bausatz geliefert und müssen selbst zusammengebaut und ausgestattet werden. Zusätzliche Informationen Größe 3 x 2 Meter (5,5 m² / 10 Fuß) Türtypen Doppeltür an der Seite 3 Meter, Doppeltür an der Längsseite Farbe Zweifarbig: Stahlblau / verzinkt Paketgröße bei Lieferung 3100 mm x 2200 mm x 300 mm Gesamtgewicht des Pakets +/- 420 kg Gewicht des schwersten Elements (Boden) +/- 140 kg Lieferung per 21 m Sattelschlepper und Gabelstapler-Montage. Optional 1 bis 2 Personen vor Ort stellen. Garantie 1 Jahr Garantie gegen Durchrostung durch das Werk</p>
  
  <h2>Typische Anwendungsbereiche</h2>
  <ul>
    <li>Lagerung von Baumaterialien</li>
    <li>Warenlager für Handel</li>
    <li>Seefracht-Transport</li>
    <li>Mobile Werkstatt</li>
    <li>Zwischenlager bei Umzügen</li>
  </ul>
  
  <h2>Unsere Serviceleistungen</h2>
  <ul>
    <li>Kostenlose Lieferung (auf Anfrage)</li>
    <li>Professionelle Beratung</li>
    <li>Finanzierung möglich</li>
    <li>30 Tage Rückgabegarantie</li>
  </ul>
</div>",GSHandels,"Container","Container, GSHandels, Lagerung, Transport, Neu",true,Title,Default Title,,,,,STK549EA,,shopify,10,deny,manual,879.20,,true,true,,https://gshandels.com/wp-content/uploads/2026/04/c541a2_d2ed97095b384182842adf59140879b6mv2-1.webp,1,"Stahlblauer Wechselcontainer 3 x 2 Meter – mit Doppeltür-Neu",false,"Stahlblauer Wechselcontainer 3 x 2 Meter – mit Doppeltür-Neu | GSHandels - Professionelle Containerlösungen","Hochwertiger Stahlblauer Wechselcontainer 3 x 2 Meter – mit Doppeltür-Neu von GSHandels. Professionelle Containerlösungen für Lagerung, Transport und gewerbliche Nutzung. Jetzt unverbindlich anfragen!",594,active
stl5z7e2a,"Gartenhaus 4 x 2 Meter langseitig offen 16ft RAL5011-Neu","<div class=""product-description"">
  <h1>Gartenhaus 4 x 2 Meter langseitig offen 16ft RAL5011-Neu</h1>
  
  <h2>Produktvorteile</h2>
  <ul>
    <li>Wind- und wasserdicht nach ISO-Norm</li>
    <li>CSC-zertifiziert für weltweiten Seetransport</li>
    <li>Stabile Stahlkonstruktion</li>
    <li>Sofort verfügbar - Kurze Lieferzeiten</li>
    <li>Flexible Zahlungsoptionen möglich</li>
  </ul>
  
  <h2>Technische Spezifikationen</h2>
  <table border=""0"" cellspacing=""0"" cellpadding=""5"">
    <tr>
      <td><strong>Material</strong></td>
      <td>Hochwertiger Stahl / Cortenstahl</td>
    </tr>
    <tr>
      <td><strong>Zustand</strong></td>
      <td>Neu oder Gebraucht</td>
    </tr>
    <tr>
      <td><strong>Zertifizierung</strong></td>
      <td>ISO 668, CSC-Plakette</td>
    </tr>
    <tr>
      <td><strong>Verfügbarkeit</strong></td>
      <td>Sofort lieferbar</td>
    </tr>
  </table>
  
  <h2>Beschreibung</h2>
  <p>Gartenschuppen aus Metall, 4 x 2 offene Längsseite. Dieser abnehmbare Gartenschuppen aus Metall misst 4 x 2 Meter und hat eine lange offene Seite. Dies ist unser neuestes Produkt und kann in vielen Situationen verwendet werden. Immer noch mit der Garantie des niedrigsten Preises und der Qualität, die Sie von uns erwarten, aber mit einer vollständig offenen Seite. Die langen zerlegbaren Metall-Gartenschuppen mit offener Seite werden oft verwendet, um einen Wintergarten, einen Fahrradschuppen, eine Holzaufbewahrung und eine Überdachung im Garten zu schaffen. Dieser Metall-Gartenschuppen ähnelt einem zerlegbaren Container, was bedeutet, dass er gegenüber einem normalen Versandcontainer große Vorteile bietet. Tatsächlich ist der Gartenschuppen aus Metall leicht und lässt sich einfach und ohne die Hilfe schwerer Werkzeuge zusammenbauen. Dazu sind lediglich ein Schraubenzieher, ein Satz Schraubenschlüssel und eine Bohrmaschine erforderlich. Darüber hinaus lässt sich das Gartenhaus aus Metall mit offener Längsseite problemlos mit einem Kran, Gabelstapler/Bagger oder mit Arbeitskräften bewegen. Dies ist möglich, da das Gartenhaus aus Metall als Bausatz geliefert wird und mit Gabelstaplerösen und Hebeösen ausgestattet ist. Kurz gesagt, die perfekte Lösung für die vorübergehende oder dauerhafte Lagerung zu Hause oder auf einem Industriegelände. Wir haben auch die Wahl zwischen der Einbruchschutzstange, der Zugangsrampe sowie den 1-Meter- oder 2-Meter-Regalen. Alle unsere Container werden als Bausatz geliefert und müssen von Ihnen selbst zusammengebaut und ausgestattet werden.Zusätzliche Informationen Größe 4 x 2 Meter (7,5 m² / 13 Fuß) Farbe Zweifarbig: Stahlblau / verzinkt Paketgröße bei Lieferung 4100 mm x 2200 mm x 300 mm Gesamtpaketgewicht +/- 510 kg Gewicht des schwersten Elements (Boden) +/- 165 kg Lieferung per 21 m Sattelauflieger LKW- und Gabelstaplermontage Optional, 1 bis 2 Personen vor Ort zulassen. Garantie 1 Jahr Werksgarantie gegen Rost</p>
  
  <h2>Typische Anwendungsbereiche</h2>
  <ul>
    <li>Lagerung von Baumaterialien</li>
    <li>Warenlager für Handel</li>
    <li>Seefracht-Transport</li>
    <li>Mobile Werkstatt</li>
    <li>Zwischenlager bei Umzügen</li>
  </ul>
  
  <h2>Unsere Serviceleistungen</h2>
  <ul>
    <li>Kostenlose Lieferung (auf Anfrage)</li>
    <li>Professionelle Beratung</li>
    <li>Finanzierung möglich</li>
    <li>30 Tage Rückgabegarantie</li>
  </ul>
</div>",GSHandels,"Container","Container, GSHandels, Lagerung, Transport, Neu",true,Title,Default Title,,,,,STL5Z7E2A,,shopify,10,deny,manual,1272.00,,true,true,,https://gshandels.com/wp-content/uploads/2026/04/c541a2_55bf31505572474888776b5f3099f91dmv2-1.png,1,"Gartenhaus 4 x 2 Meter langseitig offen 16ft RAL5011-Neu",false,"Gartenhaus 4 x 2 Meter langseitig offen 16ft RAL5011-Neu | GSHandels - Professionelle Containerlösungen","Hochwertiger Gartenhaus 4 x 2 Meter langseitig offen 16ft RAL5011-Neu von GSHandels. Professionelle Containerlösungen für Lagerung, Transport und gewerbliche Nutzung. Jetzt unverbindlich anfragen!",594,active
stm5fcj3,"Holzimitatcontainer 3 x 2 Meter – mit Doppeltür an der Längsseite-Neu","<div class=""product-description"">
  <h1>Holzimitatcontainer 3 x 2 Meter – mit Doppeltür an der Längsseite-Neu</h1>
  
  <h2>Produktvorteile</h2>
  <ul>
    <li>Wind- und wasserdicht nach ISO-Norm</li>
    <li>CSC-zertifiziert für weltweiten Seetransport</li>
    <li>Stabile Stahlkonstruktion</li>
    <li>Sofort verfügbar - Kurze Lieferzeiten</li>
    <li>Flexible Zahlungsoptionen möglich</li>
  </ul>
  
  <h2>Technische Spezifikationen</h2>
  <table border=""0"" cellspacing=""0"" cellpadding=""5"">
    <tr>
      <td><strong>Material</strong></td>
      <td>Hochwertiger Stahl / Cortenstahl</td>
    </tr>
    <tr>
      <td><strong>Zustand</strong></td>
      <td>Neu oder Gebraucht</td>
    </tr>
    <tr>
      <td><strong>Zertifizierung</strong></td>
      <td>ISO 668, CSC-Plakette</td>
    </tr>
    <tr>
      <td><strong>Verfügbarkeit</strong></td>
      <td>Sofort lieferbar</td>
    </tr>
  </table>
  
  <h2>Beschreibung</h2>
  <p>Zerlegbarer Holzimitatbehälter 3 x 2 Meter Sie suchen eine robuste und langlebige Aufbewahrungslösung für Ihre Ausrüstung? Unsere Behälter aus Holzimitat sind die ideale Antwort. Mit den Standardmaßen 3 x 2 Meter bieten diese Container ausreichend Stauraum für verschiedenste Geräte. Unsere für den professionellen oder privaten Einsatz konzipierten Holzcontainer sind mit Gabeltaschen und Hebeösen ausgestattet, um den Transport und die Platzierung an schwer zugänglichen Standorten zu erleichtern. Sie sind aus hochwertigem Holz gefertigt, beständig gegen äußere Einflüsse und bieten eine natürliche Ästhetik. Unser Holzimitatbehälter besteht aus hochwertigem Stahl, der durch Verzinken gewonnen wird, während die Holzfarbe durch Pulverbeschichtung erhalten wird! Darüber hinaus ist das Dach des Containers mit einer Dachrinne ausgestattet, um das gelagerte Material vor Regenwasser zu schützen. Unsere Holzimitatbehälter sind außerdem mit einem Doppelboden aus OSB-3-Platten ausgestattet, die auf einem Metallrahmen platziert sind. Dieser erhöhte Boden verhindert Schäden durch Bodenfeuchtigkeit und erleichtert das Be- und Entladen Ihrer Ausrüstung. Wenn Ihr Boden flach ist und das Gewicht des Holzimitatbehälters tragen kann, sind keine besonderen Vorbereitungen erforderlich. Ansonsten genügen ein paar Betonplatten, um den Holzimitatbehälter zu stützen. Mit einer großen Doppeltür, die einen Durchgang von 175 Zentimetern bietet, sind unsere Holzimitat-Container leicht zugänglich zum Be- und Entladen Ihrer Ausrüstung. Um die Sicherheit Ihrer Ausrüstung zu gewährleisten, sind die Holzimitatbehälter außerdem mit einer doppelten 3-Punkt-Verriegelung ausgestattet. Alle unsere Holzimitatbehälter werden als Bausatz geliefert und können nach Ihren Wünschen ausgestattet werden. Wir bieten auch zusätzliche Optionen wie Regale und Rampen an, um Ihren spezifischen Lageranforderungen gerecht zu werden. Zusätzliche Informationen Größe 3 x 2 Meter (5,5 m² / 10 Fuß) Türtypen Doppelseitentür 3 Meter Farbe Dunkelgrau (RAL 7021), Schwarz (RAL 9005), Zweifarbig: Stahlblau/verzinkt, Anthrazitgrau (RAL 7016), verzinkt, Grün (RAL 6002), Gelb (RAL 1023), Orange (RAL 2004), Rot (RAL 3020), Blau (RAL 5010), Hellblau (RAL 5012) Paketgröße bei Lieferung 3100 mm x 2200 mm x 300 mm Gesamtpaketgewicht +/- 420 kg Gewicht des schwersten Elements (Boden) +/- 140 kg Lieferung per LKW, 21 m Sattelauflieger und Gabelstapler, oder Abholung in unserem Depot in 18360 Vesdun Montage Optional, 1 bis 2 Personen vor Ort erlauben Garantie 1 Jahr Garantie gegen Durchrostung durch das Werk</p>
  
  <h2>Typische Anwendungsbereiche</h2>
  <ul>
    <li>Lagerung von Baumaterialien</li>
    <li>Warenlager für Handel</li>
    <li>Seefracht-Transport</li>
    <li>Mobile Werkstatt</li>
    <li>Zwischenlager bei Umzügen</li>
  </ul>
  
  <h2>Unsere Serviceleistungen</h2>
  <ul>
    <li>Kostenlose Lieferung (auf Anfrage)</li>
    <li>Professionelle Beratung</li>
    <li>Finanzierung möglich</li>
    <li>30 Tage Rückgabegarantie</li>
  </ul>
</div>",GSHandels,"Container","Container, GSHandels, Lagerung, Transport, Neu",true,Title,Default Title,,,,,STM5FCJ3,,shopify,10,deny,manual,872.00,,true,true,,https://gshandels.com/wp-content/uploads/2026/04/c541a2_342126bcd2084b61afc2c526eb282b64mv2-1.webp,1,"Holzimitatcontainer 3 x 2 Meter – mit Doppeltür an der Längsseite-Neu",false,"Holzimitatcontainer 3 x 2 Meter – mit Doppeltür an der Längsseite-Neu | GSHandels - Professionelle Containerlösungen","Hochwertiger Holzimitatcontainer 3 x 2 Meter – mit Doppeltür an der Längsseite-Neu von GSHandels. Professionelle Containerlösungen für Lagerung, Transport und gewerbliche Nutzung. Jetzt unverbindlich anfragen!",594,active
stk54ane,"Schwarzer Wechselcontainer 6 x 2 Meter – mit seitlicher Doppeltür 6 Meter-Neu","<div class=""product-description"">
  <h1>Schwarzer Wechselcontainer 6 x 2 Meter – mit seitlicher Doppeltür 6 Meter-Neu</h1>
  
  <h2>Produktvorteile</h2>
  <ul>
    <li>Wind- und wasserdicht nach ISO-Norm</li>
    <li>CSC-zertifiziert für weltweiten Seetransport</li>
    <li>Stabile Stahlkonstruktion</li>
    <li>Sofort verfügbar - Kurze Lieferzeiten</li>
    <li>Flexible Zahlungsoptionen möglich</li>
  </ul>
  
  <h2>Technische Spezifikationen</h2>
  <table border=""0"" cellspacing=""0"" cellpadding=""5"">
    <tr>
      <td><strong>Material</strong></td>
      <td>Hochwertiger Stahl / Cortenstahl</td>
    </tr>
    <tr>
      <td><strong>Zustand</strong></td>
      <td>Neu oder Gebraucht</td>
    </tr>
    <tr>
      <td><strong>Zertifizierung</strong></td>
      <td>ISO 668, CSC-Plakette</td>
    </tr>
    <tr>
      <td><strong>Verfügbarkeit</strong></td>
      <td>Sofort lieferbar</td>
    </tr>
  </table>
  
  <h2>Beschreibung</h2>
  <p>Schwarzer Wechselcontainer 6 x 2 Meter Mit seitlicher Doppeltür 6 Meter (Längsseite) – getönt in RAL 9005 Als größter seiner Kategorie kennt unser 6 x 2 Meter großer Wechselcontainer keine Grenzen. Auf 12 Quadratmetern haben Sie ausreichend Platz für all Ihre Habseligkeiten. Dank der großen Doppeltür von 175 Zentimetern in der Mitte auf der 6-Meter-Seite finden alle Ihre Gegenstände Platz und sind vor Diebstahl geschützt, da unsere Container mit einem doppelten 3-Punkt-Verschluss ausgestattet sind und der Container von innen verschraubt wird. Dank seiner Gabeltaschen und Hebeösen kann er auch an schwer zugänglichen Stellen platziert werden. Es kann in sehr kurzer Zeit zusammengebaut werden. Solange 3 bis 4 Personen vor Ort sind, benötigen Sie für den Zusammenbau keine spezielle Ausrüstung, sondern nur einen 13-mm-Schraubenschlüssel, einen 19-mm-Schraubenschlüssel, einen Kreuzschlitzschraubendreher und Ihre Hände. Die Bleche unserer Wechselcontainer haben 70 % der Wandstärke von Seecontainern, sind leicht und dennoch stabil. Sie bestehen aus verzinktem Stahl mit pulverbeschichteter Farbe und sind beständig gegen Rost und äußere Einflüsse. Während der Seecontainer besondere Vorkehrungen erfordert, um Schäden am Boden zu vermeiden, ist der Boden unseres Containers erhöht und besteht aus OSB-3-Platten, die auf einem Metallrahmen platziert sind. Somit reichen 8 Betonplatten aus, um den Container zu stützen. Wir haben auch die Wahl zwischen der Einbruchschutzstange, der Zugangsrampe sowie den 1-Meter- oder 2-Meter-Regalen. Alle unsere Container werden als Bausatz geliefert und müssen selbst zusammengebaut und ausgestattet werden. Zusätzliche Informationen Größe 6 x 2 Meter (12 m² / 20 Fuß) Arten von Türen Doppeltür an der Seite 6 Meter, Doppeltür an der Längsseite Farbe Schwarz (RAL 9005) Paketgröße bei Lieferung 6100 mm x 2200 mm x 300 mm Gesamtgewicht des Pakets +/- 750 kg Lieferung mit 21 m Sattelschlepper und Gabelstapler Montage Optional können 3 bis 4 Personen vor Ort sein. Garantie 1 Jahr Garantie werkseitig gegen Rost geschützt</p>
  
  <h2>Typische Anwendungsbereiche</h2>
  <ul>
    <li>Lagerung von Baumaterialien</li>
    <li>Warenlager für Handel</li>
    <li>Seefracht-Transport</li>
    <li>Mobile Werkstatt</li>
    <li>Zwischenlager bei Umzügen</li>
  </ul>
  
  <h2>Unsere Serviceleistungen</h2>
  <ul>
    <li>Kostenlose Lieferung (auf Anfrage)</li>
    <li>Professionelle Beratung</li>
    <li>Finanzierung möglich</li>
    <li>30 Tage Rückgabegarantie</li>
  </ul>
</div>",GSHandels,"Container","Container, GSHandels, Lagerung, Transport, Neu",true,Title,Default Title,,,,,STK54ANE,,shopify,10,deny,manual,1839.20,,true,true,,https://gshandels.com/wp-content/uploads/2026/04/c541a2_a62c0586ec594013b339632dcea22f56mv2-1.png,1,"Schwarzer Wechselcontainer 6 x 2 Meter – mit seitlicher Doppeltür 6 Meter-Neu",false,"Schwarzer Wechselcontainer 6 x 2 Meter – mit seitlicher Doppeltür 6 Meter-Neu | GSHandels - Professionelle Containerlösungen","Hochwertiger Schwarzer Wechselcontainer 6 x 2 Meter – mit seitlicher Doppeltür 6 Meter-Neu von GSHandels. Professionelle Containerlösungen für Lagerung, Transport und gewerbliche Nutzung. Jetzt unverbindlich anfragen!",594,active
stk44885,"Premium 6×2 Doppeltür-Kurzseiten-Schnelldemontagecontainer-Neu","<div class=""product-description"">
  <h1>Premium 6×2 Doppeltür-Kurzseiten-Schnelldemontagecontainer-Neu</h1>
  
  <h2>Produktvorteile</h2>
  <ul>
    <li>Wind- und wasserdicht nach ISO-Norm</li>
    <li>CSC-zertifiziert für weltweiten Seetransport</li>
    <li>Stabile Stahlkonstruktion</li>
    <li>Sofort verfügbar - Kurze Lieferzeiten</li>
    <li>Flexible Zahlungsoptionen möglich</li>
  </ul>
  
  <h2>Technische Spezifikationen</h2>
  <table border=""0"" cellspacing=""0"" cellpadding=""5"">
    <tr>
      <td><strong>Material</strong></td>
      <td>Hochwertiger Stahl / Cortenstahl</td>
    </tr>
    <tr>
      <td><strong>Zustand</strong></td>
      <td>Neu oder Gebraucht</td>
    </tr>
    <tr>
      <td><strong>Zertifizierung</strong></td>
      <td>ISO 668, CSC-Plakette</td>
    </tr>
    <tr>
      <td><strong>Verfügbarkeit</strong></td>
      <td>Sofort lieferbar</td>
    </tr>
  </table>
  
  <h2>Beschreibung</h2>
  <p>Der 6×2 zerlegbare Schnellcontainer von Materiaalcontainerstore ist für jeden die ideale Wahl. Ob auf der Baustelle, im Industriegebiet oder bei der privaten Nutzung zur Lagerung von Gütern, beispielsweise während einer Sanierung, der abnehmbare Schnellcontainer ist der Container, der Ihnen als Verbraucher den Komfort bietet, den Sie brauchen. Dank des schweren OSB-Holzbodens hat der Container eine Tragfähigkeit von bis zu 500 kg pro m2. Nützlich zum Beispiel, wenn Sie den Container als Lagerraum nutzen und ihn mit unserem Stahlregal ergänzen möchten. Jeder schnell zusammenklappbare Container ist zum einfachen Transport mit vier vormontierten Hebeösen an der Oberseite und Gabelstaplerhalterungen aus Metall an der Unterseite ausgestattet. Die 0,8 mm starken verzinkten Stahlwände garantieren die Widerstandsfähigkeit Ihres abnehmbaren Schnellcontainers gegenüber Wind und Wetter; Bei Schnee und Böen von bis zu 160 km/h hält der Container einer Belastung von bis zu 210 kg pro m2 stand. Das Klicksystem sorgt dafür, dass zwei Personen den Behälter in 10 Minuten ohne Werkzeug (de-)montieren können! 6 x 2 Meter großer, eintüriger, zerlegbarer Container für die Kirche. Dank des Produktdesigns kann der schnell zerlegbare Container in vielen verschiedenen Lagersituationen eingesetzt werden. So dient der 1×2-Faltbehälter unter anderem zur Aufbewahrung von Geräten und Haushaltsgegenständen. Zur Unterbringung von Motorrädern oder Fahrrädern können Sie auch den zerlegbaren Schnellcontainer erwerben. In dem herausnehmbaren Behälter können auch Tiere untergebracht werden, beispielsweise als Hundehütte. Der abnehmbare Container kann auch zur Aufbewahrung von Reifen oder Archiven verwendet werden. Container werden auch zur Zwischenlagerung oder als zusätzlicher Lagerraum genutzt. Auch für dauerhafte Lagerflächen wie Selfstorage eignen sich High-Speed-Container hervorragend. Der herausnehmbare Behälter kann für viele andere Zwecke verwendet werden. Kontaktieren Sie uns für eine individuelle Beratung.</p>
  
  <h2>Typische Anwendungsbereiche</h2>
  <ul>
    <li>Lagerung von Baumaterialien</li>
    <li>Warenlager für Handel</li>
    <li>Seefracht-Transport</li>
    <li>Mobile Werkstatt</li>
    <li>Zwischenlager bei Umzügen</li>
  </ul>
  
  <h2>Unsere Serviceleistungen</h2>
  <ul>
    <li>Kostenlose Lieferung (auf Anfrage)</li>
    <li>Professionelle Beratung</li>
    <li>Finanzierung möglich</li>
    <li>30 Tage Rückgabegarantie</li>
  </ul>
</div>",GSHandels,"Container","Container, GSHandels, Lagerung, Transport, Neu",true,Title,Default Title,,,,,STK44885,,shopify,10,deny,manual,1679.20,,true,true,,https://gshandels.com/wp-content/uploads/2026/04/c541a2_a68da2cbead44f1dbe71103c09215f7bmv2-1.webp,1,"Premium 6×2 Doppeltür-Kurzseiten-Schnelldemontagecontainer-Neu",false,"Premium 6×2 Doppeltür-Kurzseiten-Schnelldemontagecontainer-Neu | GSHandels - Professionelle Containerlösungen","Hochwertiger Premium 6×2 Doppeltür-Kurzseiten-Schnelldemontagecontainer-Neu von GSHandels. Professionelle Containerlösungen für Lagerung, Transport und gewerbliche Nutzung. Jetzt unverbindlich anfragen!",594,active
cn3r5f6f5,"Container 20 Fuß High Cube Open Side – Premier VOYAGE-Neu","<div class=""product-description"">
  <h1>Container 20 Fuß High Cube Open Side – Premier VOYAGE-Neu</h1>
  
  <h2>Produktvorteile</h2>
  <ul>
    <li>Wind- und wasserdicht nach ISO-Norm</li>
    <li>CSC-zertifiziert für weltweiten Seetransport</li>
    <li>Stabile Stahlkonstruktion</li>
    <li>Sofort verfügbar - Kurze Lieferzeiten</li>
    <li>Flexible Zahlungsoptionen möglich</li>
  </ul>
  
  <h2>Technische Spezifikationen</h2>
  <table border=""0"" cellspacing=""0"" cellpadding=""5"">
    <tr>
      <td><strong>Material</strong></td>
      <td>Hochwertiger Stahl / Cortenstahl</td>
    </tr>
    <tr>
      <td><strong>Zustand</strong></td>
      <td>Neu oder Gebraucht</td>
    </tr>
    <tr>
      <td><strong>Zertifizierung</strong></td>
      <td>ISO 668, CSC-Plakette</td>
    </tr>
    <tr>
      <td><strong>Verfügbarkeit</strong></td>
      <td>Sofort lieferbar</td>
    </tr>
  </table>
  
  <h2>Beschreibung</h2>
  <p>20ft High Cube Open Side Container: Die vielseitige Lösung für Transport und Lagerung. Entdecken Sie den 20′ HC Open Side Container, eine ideale Lösung für alle Ihre Transport- und Lageranforderungen. Dieser Container zeichnet sich durch seine breite Seitenöffnung von 5,30 Metern aus und erleichtert so das Be- und Entladen Ihrer Güter, auch der sperrigsten. Darüber hinaus bleibt die Hecktür zugänglich, was Ihnen maximale Flexibilität für Ihre Logistikabläufe bietet. Maximaler Schutz für Ihre Waren. Der 20′ HC Open Side Container ist so konzipiert, dass er den vollständigen Schutz Ihrer Sachen gewährleistet. Dank der Wasser- und Luftdichtheit bleiben Ihre Produkte unter optimalen Bedingungen und vor schlechtem Wetter geschützt. Mit einer um 30 cm höheren Höhe als Standardbehälter bietet Ihnen dieses Modell ein größeres Lagervolumen, ideal für Projekte, die mehr Platz benötigen. 20-Fuß-HC-Container mit offener Seite: Vielseitiger Einsatz für verschiedene Kontexte. Der 20-Fuß-High-Cube-Container mit offener Seite ist äußerst vielseitig und eignet sich für mehrere Zwecke, egal ob drinnen oder draußen. Es eignet sich perfekt für den See- oder Landtransport und kann auch als temporäre oder dauerhafte Lagerlösung verwendet werden, um eine Vielzahl von Logistikanforderungen zu erfüllen. Robustheit und Sicherheit: CORTEN-Stahl im Rampenlicht. Der aus CORTEN-Stahl gefertigte 20-Fuß-Container garantiert dank seiner vollständig verschweißten Struktur eine außergewöhnliche Widerstandsfähigkeit. Dieser Stahl ist bekannt für seine Langlebigkeit und seine Fähigkeit, den extremsten Bedingungen standzuhalten und so einen optimalen Schutz vor schlechtem Wetter und Stößen zu gewährleisten. Mit der Wahl des High Cube Open Side Containers entscheiden Sie sich für Sicherheit, Langlebigkeit und Effizienz bei all Ihren Transport- und Lagervorgängen. Innenmaße Länge: 5,89 m Breite: 2,28 m Höhe: 2,60 m Außenmaße Länge: 6,05 m Breite: 2,43 m Höhe: 2,89 m Türmaße Breite: 2,22 m Höhe: 2,49 m</p>
  
  <h2>Typische Anwendungsbereiche</h2>
  <ul>
    <li>Lagerung von Baumaterialien</li>
    <li>Warenlager für Handel</li>
    <li>Seefracht-Transport</li>
    <li>Mobile Werkstatt</li>
    <li>Zwischenlager bei Umzügen</li>
  </ul>
  
  <h2>Unsere Serviceleistungen</h2>
  <ul>
    <li>Kostenlose Lieferung (auf Anfrage)</li>
    <li>Professionelle Beratung</li>
    <li>Finanzierung möglich</li>
    <li>30 Tage Rückgabegarantie</li>
  </ul>
</div>",GSHandels,"Container","Container, GSHandels, Lagerung, Transport, Neu, High Cube",true,Title,Default Title,,,,,CN3R5F6F5,,shopify,10,deny,manual,2632.00,,true,true,,https://gshandels.com/wp-content/uploads/2026/04/c541a2_1c3a85aa0d6649ca875fb92e7aa55206mv2-1.jpg,1,"Container 20 Fuß High Cube Open Side – Premier VOYAGE-Neu",false,"Container 20 Fuß High Cube Open Side – Premier VOYAGE-Neu | GSHandels - Professionelle Containerlösungen","Hochwertiger Container 20 Fuß High Cube Open Side – Premier VOYAGE-Neu von GSHandels. Professionelle Containerlösungen für Lagerung, Transport und gewerbliche Nutzung. Jetzt unverbindlich anfragen!",594,active
cn98rze2,"Isotankbehälter für den Produkttransport-Neu","<div class=""product-description"">
  <h1>Isotankbehälter für den Produkttransport-Neu</h1>
  
  <h2>Produktvorteile</h2>
  <ul>
    <li>Wind- und wasserdicht nach ISO-Norm</li>
    <li>CSC-zertifiziert für weltweiten Seetransport</li>
    <li>Stabile Stahlkonstruktion</li>
    <li>Sofort verfügbar - Kurze Lieferzeiten</li>
    <li>Flexible Zahlungsoptionen möglich</li>
  </ul>
  
  <h2>Technische Spezifikationen</h2>
  <table border=""0"" cellspacing=""0"" cellpadding=""5"">
    <tr>
      <td><strong>Material</strong></td>
      <td>Hochwertiger Stahl / Cortenstahl</td>
    </tr>
    <tr>
      <td><strong>Zustand</strong></td>
      <td>Neu oder Gebraucht</td>
    </tr>
    <tr>
      <td><strong>Zertifizierung</strong></td>
      <td>ISO 668, CSC-Plakette</td>
    </tr>
    <tr>
      <td><strong>Verfügbarkeit</strong></td>
      <td>Sofort lieferbar</td>
    </tr>
  </table>
  
  <h2>Beschreibung</h2>
  <p>Technische Eigenschaften.Kapazität: 14 bis 26 m3Länge: 6.058 bis 12.192 mmAndere Abmessungen: Kontaktieren Sie unsZusätzliche InformationenMaximale Belastung: 34.000 bis 49.100 kgUrgewicht: 2.900 bis 5.100 kgMaximales Gewicht: 42.000 bis 55.000 kgVorteile:– Geeignet für den Transport von Flüssigkeiten oder gasförmige Produkte – Für den Import-Export gemacht – Multimodale Lösung – Einfacher und unbegrenzter Transport Die Meinung des Experten: Der ISOTK-Container, auch Tankcontainer genannt, wird im Wesentlichen für den Transport von flüssigen oder gasförmigen Produkten wie Kraftstoffen, Chemikalien, Zement, Teer, Lebensmitteln und vielen anderen Produkten auf Anfrage verwendet. Die Verwendung eines Isotanks hat viele Vorteile. Sie sind eine äußerst zuverlässige, wirtschaftliche und sichere Möglichkeit, große Flüssigkeitsmengen von einem Ort zum anderen zu transportieren. Die ISOTONKs gibt es in verschiedenen Formen, aber die Basis ist immer dieselbe: ein Tank und/oder ein Tank mit Verstärkungen aus ISO-Ecken, die Multimodalität zwischen den verschiedenen Transportmitteln der Welt (Binnenschiffe, LKWs, Züge, Containerschiffe) gewährleisten: – Verschiedene Arten der Beschichtung je nach den transportierten Produkten, – Isolierung des Tanks, um das Produkt bei positiven oder negativen Temperaturen zu halten – Temperaturregelung über einen in den Tank der Container integrierten Drucktank – Kühltank zur Aufrechterhaltung des flüssigen oder gasförmigen Zustands des Produkts, genannt TANK REEFER – Heiztank zur Kontrolle der Temperatur des Produkts, genannt TANK REEFER – ADR, Atex mobile Tanks, die auch UL, BS799, CSC-Standards gemäß Ihren Anforderungen erfüllen. Dieser Containertyp ist bei Industrie, Armee, Öltankern und Brennereien sehr beliebt. ISO-Tankcontainer sind so konzipiert, dass sie abhängig von der zu transportierenden Substanz bestimmte Kriterien erfüllen. Dadurch sind sie sehr zuverlässig und halten extremen Belastungen und Beschädigungen stand (ADR-Normen). Sie sind sehr langlebig, um das Risiko von Undichtigkeiten erheblich zu reduzieren. Sie können per Fracht, auf der Straße oder auf dem Seeweg transportiert werden. Da ISO-Tanks nach ISO-Standard gebaut werden, müssen alle Ventile überprüft werden und jeder Tank muss über drei Verschlüsse verfügen. Alle drei Verschlüsse müssen überprüft werden, bevor ISO-Tanks eine sicherere Möglichkeit für den Transport flüssiger Massengüter darstellen als Fässer und flexible Beutel.</p>
  
  <h2>Typische Anwendungsbereiche</h2>
  <ul>
    <li>Lagerung von Baumaterialien</li>
    <li>Warenlager für Handel</li>
    <li>Seefracht-Transport</li>
    <li>Mobile Werkstatt</li>
    <li>Zwischenlager bei Umzügen</li>
  </ul>
  
  <h2>Unsere Serviceleistungen</h2>
  <ul>
    <li>Kostenlose Lieferung (auf Anfrage)</li>
    <li>Professionelle Beratung</li>
    <li>Finanzierung möglich</li>
    <li>30 Tage Rückgabegarantie</li>
  </ul>
</div>",GSHandels,"Container","Container, GSHandels, Lagerung, Transport, Neu",true,Title,Default Title,,,,,CN98RZE2,,shopify,10,deny,manual,4400.00,,true,true,,https://gshandels.com/wp-content/uploads/2026/04/c541a2_d67c126de74f4a2594d13783445d15d8mv2-1.jpg,1,"Isotankbehälter für den Produkttransport-Neu",false,"Isotankbehälter für den Produkttransport-Neu | GSHandels - Professionelle Containerlösungen","Hochwertiger Isotankbehälter für den Produkttransport-Neu von GSHandels. Professionelle Containerlösungen für Lagerung, Transport und gewerbliche Nutzung. Jetzt unverbindlich anfragen!",594,active
ca3m3u84e,"10 Fuß Werkstattcontainer-Neu","<div class=""product-description"">
  <h1>10 Fuß Werkstattcontainer-Neu</h1>
  
  <h2>Produktvorteile</h2>
  <ul>
    <li>Wind- und wasserdicht nach ISO-Norm</li>
    <li>CSC-zertifiziert für weltweiten Seetransport</li>
    <li>Stabile Stahlkonstruktion</li>
    <li>Sofort verfügbar - Kurze Lieferzeiten</li>
    <li>Flexible Zahlungsoptionen möglich</li>
  </ul>
  
  <h2>Technische Spezifikationen</h2>
  <table border=""0"" cellspacing=""0"" cellpadding=""5"">
    <tr>
      <td><strong>Material</strong></td>
      <td>Hochwertiger Stahl / Cortenstahl</td>
    </tr>
    <tr>
      <td><strong>Zustand</strong></td>
      <td>Neu oder Gebraucht</td>
    </tr>
    <tr>
      <td><strong>Zertifizierung</strong></td>
      <td>ISO 668, CSC-Plakette</td>
    </tr>
    <tr>
      <td><strong>Verfügbarkeit</strong></td>
      <td>Sofort lieferbar</td>
    </tr>
  </table>
  
  <h2>Beschreibung</h2>
  <p>SpezifikationenAußenmaße (L x B x H): 2.991 x 2.438 x 2.591 mmMaximales Ladegewicht: 10.160 kgStandardfarbe: RAL5013Im Lieferumfang enthalten: LüftungsschlitzeSicherHohe TürgriffeHolzbodenGabelstaplertaschenMerkmaleInkl. geschweißte RegaleStahllagerschrankWerkbank mit Stahlplatte aus HolzStahlschubladen unter der WerkbankMehrere Aufbewahrungshaken für Kabel, Ketten usw Rohre</p>
  
  <h2>Typische Anwendungsbereiche</h2>
  <ul>
    <li>Lagerung von Baumaterialien</li>
    <li>Warenlager für Handel</li>
    <li>Seefracht-Transport</li>
    <li>Mobile Werkstatt</li>
    <li>Zwischenlager bei Umzügen</li>
  </ul>
  
  <h2>Unsere Serviceleistungen</h2>
  <ul>
    <li>Kostenlose Lieferung (auf Anfrage)</li>
    <li>Professionelle Beratung</li>
    <li>Finanzierung möglich</li>
    <li>30 Tage Rückgabegarantie</li>
  </ul>
</div>",GSHandels,"Container","Container, GSHandels, Lagerung, Transport, Neu",true,Title,Default Title,,,,,CA3M3U84E,,shopify,10,deny,manual,2392.00,,true,true,,https://gshandels.com/wp-content/uploads/2026/04/c541a2_be2b90f9d0214d339593660abdbdafbbmv2-1.webp,1,"10 Fuß Werkstattcontainer-Neu",false,"10 Fuß Werkstattcontainer-Neu | GSHandels - Professionelle Containerlösungen","Hochwertiger 10 Fuß Werkstattcontainer-Neu von GSHandels. Professionelle Containerlösungen für Lagerung, Transport und gewerbliche Nutzung. Jetzt unverbindlich anfragen!",594,active
cn39de5e,"10 Fuß halbhoher Open-Top-Offshore-Container-Neu","<div class=""product-description"">
  <h1>10 Fuß halbhoher Open-Top-Offshore-Container-Neu</h1>
  
  <h2>Produktvorteile</h2>
  <ul>
    <li>Wind- und wasserdicht nach ISO-Norm</li>
    <li>CSC-zertifiziert für weltweiten Seetransport</li>
    <li>Stabile Stahlkonstruktion</li>
    <li>Sofort verfügbar - Kurze Lieferzeiten</li>
    <li>Flexible Zahlungsoptionen möglich</li>
  </ul>
  
  <h2>Technische Spezifikationen</h2>
  <table border=""0"" cellspacing=""0"" cellpadding=""5"">
    <tr>
      <td><strong>Material</strong></td>
      <td>Hochwertiger Stahl / Cortenstahl</td>
    </tr>
    <tr>
      <td><strong>Zustand</strong></td>
      <td>Neu oder Gebraucht</td>
    </tr>
    <tr>
      <td><strong>Zertifizierung</strong></td>
      <td>ISO 668, CSC-Plakette</td>
    </tr>
    <tr>
      <td><strong>Verfügbarkeit</strong></td>
      <td>Sofort lieferbar</td>
    </tr>
  </table>
  
  <h2>Beschreibung</h2>
  <p>SpezifikationenInnenmaße (L x B x H): 2.738 x 2.244 x 959 mmAußenmaße (L x B x H): 2.991 x 2.438 x 1.280 mmTüröffnung (L x H): 2.114 mmVolumen: 5,89 m³Leergewicht: 1.700 kgMaximale Nutzlast: 10.000 kgMaximum Ladungsgewicht: 11.700 kgStandardfarbe: RAL5013 / RAL1023MerkmaleHergestellt aus CortenstahlVerfügbar mit DNV-zertifizierten SchlingenStapelbarZusätzliche InformationenNicht im Lieferumfang enthalten: Dachbögen und PlaneZertifizierungenDNV 2.7-1EN 12079ISO/CSC</p>
  
  <h2>Typische Anwendungsbereiche</h2>
  <ul>
    <li>Lagerung von Baumaterialien</li>
    <li>Warenlager für Handel</li>
    <li>Seefracht-Transport</li>
    <li>Mobile Werkstatt</li>
    <li>Zwischenlager bei Umzügen</li>
  </ul>
  
  <h2>Unsere Serviceleistungen</h2>
  <ul>
    <li>Kostenlose Lieferung (auf Anfrage)</li>
    <li>Professionelle Beratung</li>
    <li>Finanzierung möglich</li>
    <li>30 Tage Rückgabegarantie</li>
  </ul>
</div>",GSHandels,"Container","Container, GSHandels, Lagerung, Transport, Neu, Open Top",true,Title,Default Title,,,,,CN39DE5E,,shopify,10,deny,manual,1580.00,,true,true,,https://gshandels.com/wp-content/uploads/2026/04/c541a2_decbc4b90b284dbd915da084da28cef0mv2-1.webp,1,"10 Fuß halbhoher Open-Top-Offshore-Container-Neu",false,"10 Fuß halbhoher Open-Top-Offshore-Container-Neu | GSHandels - Professionelle Containerlösungen","Hochwertiger 10 Fuß halbhoher Open-Top-Offshore-Container-Neu von GSHandels. Professionelle Containerlösungen für Lagerung, Transport und gewerbliche Nutzung. Jetzt unverbindlich anfragen!",594,active
ca876ene3,"Solarcontainer-Neu","<div class=""product-description"">
  <h1>Solarcontainer-Neu</h1>
  
  <h2>Produktvorteile</h2>
  <ul>
    <li>Wind- und wasserdicht nach ISO-Norm</li>
    <li>CSC-zertifiziert für weltweiten Seetransport</li>
    <li>Stabile Stahlkonstruktion</li>
    <li>Sofort verfügbar - Kurze Lieferzeiten</li>
    <li>Flexible Zahlungsoptionen möglich</li>
  </ul>
  
  <h2>Technische Spezifikationen</h2>
  <table border=""0"" cellspacing=""0"" cellpadding=""5"">
    <tr>
      <td><strong>Material</strong></td>
      <td>Hochwertiger Stahl / Cortenstahl</td>
    </tr>
    <tr>
      <td><strong>Zustand</strong></td>
      <td>Neu oder Gebraucht</td>
    </tr>
    <tr>
      <td><strong>Zertifizierung</strong></td>
      <td>ISO 668, CSC-Plakette</td>
    </tr>
    <tr>
      <td><strong>Verfügbarkeit</strong></td>
      <td>Sofort lieferbar</td>
    </tr>
  </table>
  
  <h2>Beschreibung</h2>
  <p>Technische EigenschaftenInnenmaße (LxBxH): 12.048 x 2.310 x 2.644 mAußenmaße (LxBxH): 12.192 x 2.438 x 2.896 mGerätevolumen: 73,6 m³Leergewicht: 5.900 kgMaximale Nutzlast: 5.000 kgMaximales Ladungsgewicht: 10.900 kg Standardfarbe: RAL7016 Im Lieferumfang enthalten: Standard-Lüftungsgitter Doppeltürschloss Verschlusskasten für Blockschloss Zwei Steckplätze für Gabelstapler Holzboden Merkmale Plug & Play-Design Emissionsfrei durch integrierte Solarpaneele Standortunabhängig Ausgestattet mit intelligenten Batteriesystemen zur Speicherung überschüssiger Solarenergie Zusätzliche Informationen CSC-zertifiziert Hergestellt aus CortenstahlIn allen RAL-Farben erhältlichStapelbarGeeignet für Lagerung und Transport</p>
  
  <h2>Typische Anwendungsbereiche</h2>
  <ul>
    <li>Lagerung von Baumaterialien</li>
    <li>Warenlager für Handel</li>
    <li>Seefracht-Transport</li>
    <li>Mobile Werkstatt</li>
    <li>Zwischenlager bei Umzügen</li>
  </ul>
  
  <h2>Unsere Serviceleistungen</h2>
  <ul>
    <li>Kostenlose Lieferung (auf Anfrage)</li>
    <li>Professionelle Beratung</li>
    <li>Finanzierung möglich</li>
    <li>30 Tage Rückgabegarantie</li>
  </ul>
</div>",GSHandels,"Container","Container, GSHandels, Lagerung, Transport, Neu",true,Title,Default Title,,,,,CA876ENE3,,shopify,10,deny,manual,11960.00,,true,true,,https://gshandels.com/wp-content/uploads/2026/04/c541a2_4c734e56667248bdaeae05ede5533b21mv2-1.webp,1,"Solarcontainer-Neu",false,"Solarcontainer-Neu | GSHandels - Professionelle Containerlösungen","Hochwertiger Solarcontainer-Neu von GSHandels. Professionelle Containerlösungen für Lagerung, Transport und gewerbliche Nutzung. Jetzt unverbindlich anfragen!",594,active
co874fn4,"20 Fuß halbhoher Container mit offenem Dach-Neu","<div class=""product-description"">
  <h1>20 Fuß halbhoher Container mit offenem Dach-Neu</h1>
  
  <h2>Produktvorteile</h2>
  <ul>
    <li>Wind- und wasserdicht nach ISO-Norm</li>
    <li>CSC-zertifiziert für weltweiten Seetransport</li>
    <li>Stabile Stahlkonstruktion</li>
    <li>Sofort verfügbar - Kurze Lieferzeiten</li>
    <li>Flexible Zahlungsoptionen möglich</li>
  </ul>
  
  <h2>Technische Spezifikationen</h2>
  <table border=""0"" cellspacing=""0"" cellpadding=""5"">
    <tr>
      <td><strong>Material</strong></td>
      <td>Hochwertiger Stahl / Cortenstahl</td>
    </tr>
    <tr>
      <td><strong>Zustand</strong></td>
      <td>Neu oder Gebraucht</td>
    </tr>
    <tr>
      <td><strong>Zertifizierung</strong></td>
      <td>ISO 668, CSC-Plakette</td>
    </tr>
    <tr>
      <td><strong>Verfügbarkeit</strong></td>
      <td>Sofort lieferbar</td>
    </tr>
  </table>
  
  <h2>Beschreibung</h2>
  <p>Technische EigenschaftenInnenmaße (LxBxH): 5,952 x 2,350 x 1,116 mAußenmaße (LxBxH): 6,058 x 2,438 x 1,295 mTüröffnung (LxH): 5,810 x 2,190 mmVolumen des Geräts: 15,60 m³Leergewicht: 2.210 kgMaximal Nutzlast: 21.790 kgMaximales Frachtgewicht: 24.000 kgStandardfarbe: RAL5013Boden: Vollständig geschweißtes StahlblechMerkmaleDoppeltürschlösserSchlüsselkastenZwei GabelstaplertaschenHohe Griffe und VerriegelungZusätzliche InformationenCSC-zertifiziertHergestellt aus CortenstahlIn allen RAL-Farben erhältlichStapelbarGeeignet für Lagerung und Transport</p>
  
  <h2>Typische Anwendungsbereiche</h2>
  <ul>
    <li>Lagerung von Baumaterialien</li>
    <li>Warenlager für Handel</li>
    <li>Seefracht-Transport</li>
    <li>Mobile Werkstatt</li>
    <li>Zwischenlager bei Umzügen</li>
  </ul>
  
  <h2>Unsere Serviceleistungen</h2>
  <ul>
    <li>Kostenlose Lieferung (auf Anfrage)</li>
    <li>Professionelle Beratung</li>
    <li>Finanzierung möglich</li>
    <li>30 Tage Rückgabegarantie</li>
  </ul>
</div>",GSHandels,"Container","Container, GSHandels, Lagerung, Transport, Neu",true,Title,Default Title,,,,,CO874FN4,,shopify,10,deny,manual,1832.00,,true,true,,https://gshandels.com/wp-content/uploads/2026/04/c541a2_ed1ce32bcd00453888f343c6f2cb90f2mv2-1.webp,1,"20 Fuß halbhoher Container mit offenem Dach-Neu",false,"20 Fuß halbhoher Container mit offenem Dach-Neu | GSHandels - Professionelle Containerlösungen","Hochwertiger 20 Fuß halbhoher Container mit offenem Dach-Neu von GSHandels. Professionelle Containerlösungen für Lagerung, Transport und gewerbliche Nutzung. Jetzt unverbindlich anfragen!",594,active
co873nd3,"Klärgrubenbehälter 2,5×6 m-Neu","<div class=""product-description"">
  <h1>Klärgrubenbehälter 2,5×6 m-Neu</h1>
  
  <h2>Produktvorteile</h2>
  <ul>
    <li>Wind- und wasserdicht nach ISO-Norm</li>
    <li>CSC-zertifiziert für weltweiten Seetransport</li>
    <li>Stabile Stahlkonstruktion</li>
    <li>Sofort verfügbar - Kurze Lieferzeiten</li>
    <li>Flexible Zahlungsoptionen möglich</li>
  </ul>
  
  <h2>Technische Spezifikationen</h2>
  <table border=""0"" cellspacing=""0"" cellpadding=""5"">
    <tr>
      <td><strong>Material</strong></td>
      <td>Hochwertiger Stahl / Cortenstahl</td>
    </tr>
    <tr>
      <td><strong>Zustand</strong></td>
      <td>Neu oder Gebraucht</td>
    </tr>
    <tr>
      <td><strong>Zertifizierung</strong></td>
      <td>ISO 668, CSC-Plakette</td>
    </tr>
    <tr>
      <td><strong>Verfügbarkeit</strong></td>
      <td>Sofort lieferbar</td>
    </tr>
  </table>
  
  <h2>Beschreibung</h2>
  <p>Merkmale: – Abmessungen: 2,5 Meter breit x 6 Meter lang – Höhe: 90 cm – Fassungsvermögen: Ideal für mittelgroße Wohn- oder Gewerbeimmobilien – Material: Polyethylen hoher Dichte, beständig gegen Chemikalien und Witterungseinflüsse – Installation: Einfach zu vergraben, mit Hebepunkten für einfache Handhabung – Vorteile: – Erhöhte Festigkeit: Robustes Design für lange Lebensdauer – Perfekte Abdichtung: Verstärkte Dichtung zur Vermeidung von Lecks – Einfache Wartung: Einfacher Zugang für Entleerung und Wartung. Dieser neue Container kann sofort installiert werden und ist eine zuverlässige Option für Sie Anforderungen an die Abwasserbehandlung.</p>
  
  <h2>Typische Anwendungsbereiche</h2>
  <ul>
    <li>Lagerung von Baumaterialien</li>
    <li>Warenlager für Handel</li>
    <li>Seefracht-Transport</li>
    <li>Mobile Werkstatt</li>
    <li>Zwischenlager bei Umzügen</li>
  </ul>
  
  <h2>Unsere Serviceleistungen</h2>
  <ul>
    <li>Kostenlose Lieferung (auf Anfrage)</li>
    <li>Professionelle Beratung</li>
    <li>Finanzierung möglich</li>
    <li>30 Tage Rückgabegarantie</li>
  </ul>
</div>",GSHandels,"Container","Container, GSHandels, Lagerung, Transport, Neu",true,Title,Default Title,,,,,CO873ND3,,shopify,10,deny,manual,2396.00,,true,true,,https://gshandels.com/wp-content/uploads/2026/04/c541a2_c77f35e729ec449ebe59b3551a6591aemv2-1.jpg,1,"Klärgrubenbehälter 2,5×6 m-Neu",false,"Klärgrubenbehälter 2,5×6 m-Neu | GSHandels - Professionelle Containerlösungen","Hochwertiger Klärgrubenbehälter 2,5×6 m-Neu von GSHandels. Professionelle Containerlösungen für Lagerung, Transport und gewerbliche Nutzung. Jetzt unverbindlich anfragen!",594,active
ca4efeme,"Tiny House mit zwei Schlafzimmern und Küche","<div class=""product-description"">
  <h1>Tiny House mit zwei Schlafzimmern und Küche</h1>
  
  <h2>Produktvorteile</h2>
  <ul>
    <li>Wind- und wasserdicht nach ISO-Norm</li>
    <li>CSC-zertifiziert für weltweiten Seetransport</li>
    <li>Stabile Stahlkonstruktion</li>
    <li>Sofort verfügbar - Kurze Lieferzeiten</li>
    <li>Flexible Zahlungsoptionen möglich</li>
  </ul>
  
  <h2>Technische Spezifikationen</h2>
  <table border=""0"" cellspacing=""0"" cellpadding=""5"">
    <tr>
      <td><strong>Material</strong></td>
      <td>Hochwertiger Stahl / Cortenstahl</td>
    </tr>
    <tr>
      <td><strong>Zustand</strong></td>
      <td>Neu oder Gebraucht</td>
    </tr>
    <tr>
      <td><strong>Zertifizierung</strong></td>
      <td>ISO 668, CSC-Plakette</td>
    </tr>
    <tr>
      <td><strong>Verfügbarkeit</strong></td>
      <td>Sofort lieferbar</td>
    </tr>
  </table>
  
  <h2>Beschreibung</h2>
  <p>Einführung: Tiny Houses für modernes Leben Tiny Houses erfreuen sich immer größerer Beliebtheit. Sie verbinden minimalistisches Wohnen mit Funktionalität und Komfort. Besonders ein Tiny House mit zwei Schlafzimmern und Küche bietet genügend Raum für Paare, kleine Familien oder Gäste, ohne auf die Annehmlichkeiten eines normalen Hauses verzichten zu müssen. Vorteile eines Tiny House mit zwei Schlafzimmern Platz für Familie oder GästeZwei Schlafzimmer bieten Flexibilität: Eltern können das Hauptschlafzimmer nutzen, während Kinder oder Gäste im zweiten Schlafzimmer unterkommen. Optimale RaumnutzungTiny Houses sind so konzipiert, dass jeder Quadratmeter effizient genutzt wird. Durch clevere Möbel und integrierte Lösungen entsteht viel Stauraum. Nachhaltiges WohnenTiny Houses verbrauchen weniger Energie, benötigen weniger Ressourcen beim Bau und fördern einen umweltbewussten Lebensstil. Küche im Tiny House: Kompakt und funktional Eine gut ausgestattete Küche ist essenziell für den Alltag. In einem Tiny House mit zwei Schlafzimmern ist die Küche meist kompakt, aber durchdacht: Moderne Küchengeräte auf kleinem Raum Intelligente Stauraumlösungen Essbereich integriert oder flexibel nutzbar Design und Einrichtungsideen Offenes Raumkonzept: Schafft ein großzügiges Raumgefühl trotz kleiner Fläche. Helle Farben: Reflektieren Licht und lassen Räume größer wirken. Multifunktionale Möbel: Schlafsofas, ausziehbare Betten oder Tische sparen Platz. Stauraum unter Treppen: Ideal für Kleidung, Bücher oder Haushaltsgeräte. Tiny House mit zwei Schlafzimmern: Wer sollte es wählen? Paare, die gelegentlich Gäste empfangen Kleine Familien, die eine minimalistische Lebensweise bevorzugen Remote Worker, die ein kompaktes, funktionales Zuhause suchen Umweltbewusste Menschen, die ihren ökologischen Fußabdruck reduzieren wollen Standortwahl und Mobilität Viele Tiny Houses sind mobil und können an verschiedenen Orten aufgestellt werden. Dabei sollte man auf Genehmigungen, Anschlüsse (Wasser, Strom, Abwasser) und Infrastruktur achten. Fazit: Minimalistisch, aber komfortabel Ein Tiny House mit zwei Schlafzimmern und Küche bietet die perfekte Kombination aus Funktionalität, Stil und Nachhaltigkeit. Wer clever plant, kann auf kleinem Raum einen Wohnkomfort genießen, der einem klassischen Haus in nichts nachsteht.</p>
  
  <h2>Typische Anwendungsbereiche</h2>
  <ul>
    <li>Lagerung von Baumaterialien</li>
    <li>Warenlager für Handel</li>
    <li>Seefracht-Transport</li>
    <li>Mobile Werkstatt</li>
    <li>Zwischenlager bei Umzügen</li>
  </ul>
  
  <h2>Unsere Serviceleistungen</h2>
  <ul>
    <li>Kostenlose Lieferung (auf Anfrage)</li>
    <li>Professionelle Beratung</li>
    <li>Finanzierung möglich</li>
    <li>30 Tage Rückgabegarantie</li>
  </ul>
</div>",GSHandels,"Container","Container, GSHandels, Lagerung, Transport, Tiny House",true,Title,Default Title,,,,,CA4EFEME,,shopify,10,deny,manual,3500.00,,true,true,,https://gshandels.com/wp-content/uploads/2026/04/c541a2_7d361d2be74d4ef18ba7183547bc4100mv2-1.jpg,1,"Tiny House mit zwei Schlafzimmern und Küche",false,"Tiny House mit zwei Schlafzimmern und Küche | GSHandels - Professionelle Containerlösungen","Hochwertiger Tiny House mit zwei Schlafzimmern und Küche von GSHandels. Professionelle Containerlösungen für Lagerung, Transport und gewerbliche Nutzung. Jetzt unverbindlich anfragen!",594,active
cns5433f5,"20-Fuß-Transportcontainer mit Garagen-Sektionaltoren-Neu","<div class=""product-description"">
  <h1>20-Fuß-Transportcontainer mit Garagen-Sektionaltoren-Neu</h1>
  
  <h2>Produktvorteile</h2>
  <ul>
    <li>Wind- und wasserdicht nach ISO-Norm</li>
    <li>CSC-zertifiziert für weltweiten Seetransport</li>
    <li>Stabile Stahlkonstruktion</li>
    <li>Sofort verfügbar - Kurze Lieferzeiten</li>
    <li>Flexible Zahlungsoptionen möglich</li>
  </ul>
  
  <h2>Technische Spezifikationen</h2>
  <table border=""0"" cellspacing=""0"" cellpadding=""5"">
    <tr>
      <td><strong>Material</strong></td>
      <td>Hochwertiger Stahl / Cortenstahl</td>
    </tr>
    <tr>
      <td><strong>Zustand</strong></td>
      <td>Neu oder Gebraucht</td>
    </tr>
    <tr>
      <td><strong>Zertifizierung</strong></td>
      <td>ISO 668, CSC-Plakette</td>
    </tr>
    <tr>
      <td><strong>Verfügbarkeit</strong></td>
      <td>Sofort lieferbar</td>
    </tr>
  </table>
  
  <h2>Beschreibung</h2>
  <p>Spezifikationen des Containers – Außenabmessungen: – Länge: 6,06 m – Breite: 2,44 m – Höhe: 2,90 m – Innenfläche: 14,79 m² Merkmale – Sektionaltore: Ausgestattet mit einem elektrisch angetriebenen Garagen-Sektionaltor, das einfaches Öffnen und bequemen Zugang bietet und gleichzeitig den Innenraum optimiert. – Verzinkte Stangen: Zwei integrierte verzinkte Stangen zur Verstärkung der Struktur und Gewährleistung der Haltbarkeit des Containers. – Profil für Elektrische Installation: Vorbereitet mit einem Profil, um die elektrische Installation zu erleichtern und die Integration elektrischer Systeme und Geräte zu vereinfachen. – Fenster: Fenster in der Farbe RAL 7016, einem modernen anthrazitgrauen Farbton, der sowohl Ästhetik als auch Funktionalität gewährleistet und eine gute Beständigkeit gegen Witterungseinflüsse und Verschleiß bietet. – Türsteuerungen: Zwei Türsteuerungen zur bequemen und sicheren Steuerung des Öffnens und Schließens des Sektionaltors. – Installationsarbeiten: Im Lieferumfang sind Installationsarbeiten enthalten, um sicherzustellen, dass der Container bei Lieferung betriebsbereit ist, mit professioneller Installation von alle Geräte. Verwendungszwecke und AnwendungenDieser Container ist ideal für eine Vielzahl von Anwendungen, darunter: – Sichere Lagerräume: Mit seinen verstärkten Sektionaltüren und Stangen bietet er erhöhte Sicherheit für die Lagerung von Materialien und Geräten. – Werkstätten oder Büros: Dank der einfachen elektrischen Installation und des integrierten Fensters kann er in einen funktionalen und hellen Arbeitsbereich umgewandelt werden. – Gewerbliche Einrichtungen: Geeignet für kommerzielle Zwecke, bei denen ein einfacher Zugang und eine ästhetische Präsentation wichtig sind. Zusätzliche Informationen – Lagerort: Container stehen zur Inspektion und zur Verfügung Persönliche Abholung auf Anfrage. – Individualisierungsoptionen: Möglichkeit der Personalisierung von Ausrüstung und Ausführung entsprechend Ihren spezifischen Bedürfnissen. Dieser 20-Fuß-Seecontainer mit Sektionaltoren ist so konzipiert, dass er eine robuste und anpassungsfähige Lösung für verschiedene berufliche Anforderungen bietet und dabei Praktikabilität und Modernität vereint. Kontaktieren Sie uns für weitere Informationen oder um Ihre spezifischen Anforderungen zu besprechen.</p>
  
  <h2>Typische Anwendungsbereiche</h2>
  <ul>
    <li>Lagerung von Baumaterialien</li>
    <li>Warenlager für Handel</li>
    <li>Seefracht-Transport</li>
    <li>Mobile Werkstatt</li>
    <li>Zwischenlager bei Umzügen</li>
  </ul>
  
  <h2>Unsere Serviceleistungen</h2>
  <ul>
    <li>Kostenlose Lieferung (auf Anfrage)</li>
    <li>Professionelle Beratung</li>
    <li>Finanzierung möglich</li>
    <li>30 Tage Rückgabegarantie</li>
  </ul>
</div>",GSHandels,"Container","Container, GSHandels, Lagerung, Transport, Neu, 20 Fuß",true,Title,Default Title,,,,,CNS5433F5,,shopify,10,deny,manual,3160.00,,true,true,,https://gshandels.com/wp-content/uploads/2026/04/c541a2_4be1c39591bb484c941bb1a5bbefe770mv2-1.jpg,1,"20-Fuß-Transportcontainer mit Garagen-Sektionaltoren-Neu",false,"20-Fuß-Transportcontainer mit Garagen-Sektionaltoren-Neu | GSHandels - Professionelle Containerlösungen","Hochwertiger 20-Fuß-Transportcontainer mit Garagen-Sektionaltoren-Neu von GSHandels. Professionelle Containerlösungen für Lagerung, Transport und gewerbliche Nutzung. Jetzt unverbindlich anfragen!",594,active
cam4h524,"Mobiler Wohncontainer / Luxus-Tiny-House 20 Fuß-Neu","<div class=""product-description"">
  <h1>Mobiler Wohncontainer / Luxus-Tiny-House 20 Fuß-Neu</h1>
  
  <h2>Produktvorteile</h2>
  <ul>
    <li>Wind- und wasserdicht nach ISO-Norm</li>
    <li>CSC-zertifiziert für weltweiten Seetransport</li>
    <li>Stabile Stahlkonstruktion</li>
    <li>Sofort verfügbar - Kurze Lieferzeiten</li>
    <li>Flexible Zahlungsoptionen möglich</li>
  </ul>
  
  <h2>Technische Spezifikationen</h2>
  <table border=""0"" cellspacing=""0"" cellpadding=""5"">
    <tr>
      <td><strong>Material</strong></td>
      <td>Hochwertiger Stahl / Cortenstahl</td>
    </tr>
    <tr>
      <td><strong>Zustand</strong></td>
      <td>Neu oder Gebraucht</td>
    </tr>
    <tr>
      <td><strong>Zertifizierung</strong></td>
      <td>ISO 668, CSC-Plakette</td>
    </tr>
    <tr>
      <td><strong>Verfügbarkeit</strong></td>
      <td>Sofort lieferbar</td>
    </tr>
  </table>
  
  <h2>Beschreibung</h2>
  <p>SpezifikationBeschreibungMerkmaleAbmessungen L19xB20xH8 (nach Erweiterung), 380 QuadratfußBadezimmertürgröße L28,4″ x H77,2″RahmenstrukturStahlrahmenkonstruktionFeuerhemmende SchaumstoffwandplatteSchneelast 40 psfWindlast 70 Meilen pro StundeDachFeuerhemmender Aluminium-Magnesiumschaum-Wärmedämmdach-ManganbodenMagnesiumglasboden0,08 Zoll verschleißfester Laminatboden LederR Wert0,2~0,5 (m2·K/W)FensterDoppelschichtiges Schiebegitterfenster aus gehärtetem Glas, Kunststoff und StahlFenster außerhalb des Badezimmers: KunststoffglasfensterToilette mit DuscheDuschvorhanghalter, Duschventil, Brausesprinkler, Duschstange, Siphonboden, Türstopper: Edelstahl.Duschvorhang: PlaneSeifenschale, Toilettenbürste: AluminiumlegierungWasserstopfen, Spiegelkasten: PVCLautloser AbluftventilatorSicherheitstürenHaupttür: Aluminiumtür mit SchlossToilettentür: WPC-Tür + MilchglasElektrizitätMuss zusätzlich konfiguriert werdenWarm- und KaltwasserventilEdelstahl Armaturen der Güteklasse 304Warm- und Kaltwasserrohr kalt PPRPPVC-AbflussrohrIsolierrohrInstallationHydraulische Verstärkung: Druck 3000NLager: 6204Scharnier-Flaschenzug: 2000 lbsMetallkabel: φ5 mmNeutrale UmweltschutzmaterialienNeutrales Dichtmittel</p>
  
  <h2>Typische Anwendungsbereiche</h2>
  <ul>
    <li>Lagerung von Baumaterialien</li>
    <li>Warenlager für Handel</li>
    <li>Seefracht-Transport</li>
    <li>Mobile Werkstatt</li>
    <li>Zwischenlager bei Umzügen</li>
  </ul>
  
  <h2>Unsere Serviceleistungen</h2>
  <ul>
    <li>Kostenlose Lieferung (auf Anfrage)</li>
    <li>Professionelle Beratung</li>
    <li>Finanzierung möglich</li>
    <li>30 Tage Rückgabegarantie</li>
  </ul>
</div>",GSHandels,"Container","Container, GSHandels, Lagerung, Transport, Neu, Wohncontainer, Tiny House",true,Title,Default Title,,,,,CAM4H524,,shopify,10,deny,manual,7360.00,,true,true,,https://gshandels.com/wp-content/uploads/2026/04/130d33_a6cf52b58e6641deb567ffc787649e7fmv2-1.webp,1,"Mobiler Wohncontainer / Luxus-Tiny-House 20 Fuß-Neu",false,"Mobiler Wohncontainer / Luxus-Tiny-House 20 Fuß-Neu | GSHandels - Professionelle Containerlösungen","Hochwertiger Mobiler Wohncontainer / Luxus-Tiny-House 20 Fuß-Neu von GSHandels. Professionelle Containerlösungen für Lagerung, Transport und gewerbliche Nutzung. Jetzt unverbindlich anfragen!",594,active
co25e342,"Gebrauchter 20-Fuß-Versandcontainer-Neu","<div class=""product-description"">
  <h1>Gebrauchter 20-Fuß-Versandcontainer-Neu</h1>
  
  <h2>Produktvorteile</h2>
  <ul>
    <li>Wind- und wasserdicht nach ISO-Norm</li>
    <li>CSC-zertifiziert für weltweiten Seetransport</li>
    <li>Stabile Stahlkonstruktion</li>
    <li>Sofort verfügbar - Kurze Lieferzeiten</li>
    <li>Flexible Zahlungsoptionen möglich</li>
  </ul>
  
  <h2>Technische Spezifikationen</h2>
  <table border=""0"" cellspacing=""0"" cellpadding=""5"">
    <tr>
      <td><strong>Material</strong></td>
      <td>Hochwertiger Stahl / Cortenstahl</td>
    </tr>
    <tr>
      <td><strong>Zustand</strong></td>
      <td>Neu oder Gebraucht</td>
    </tr>
    <tr>
      <td><strong>Zertifizierung</strong></td>
      <td>ISO 668, CSC-Plakette</td>
    </tr>
    <tr>
      <td><strong>Verfügbarkeit</strong></td>
      <td>Sofort lieferbar</td>
    </tr>
  </table>
  
  <h2>Beschreibung</h2>
  <p>Hochwertiger Container für Lagerung, Transport oder gewerbliche Nutzung. Robuste Bauweise aus wetterfestem Stahl, wind- und wasserdicht nach ISO-Norm. Vielseitig einsetzbar als Lagercontainer, Bürocontainer oder für spezielle Anforderungen.</p>
  
  <h2>Typische Anwendungsbereiche</h2>
  <ul>
    <li>Lagerung von Baumaterialien</li>
    <li>Warenlager für Handel</li>
    <li>Seefracht-Transport</li>
    <li>Mobile Werkstatt</li>
    <li>Zwischenlager bei Umzügen</li>
  </ul>
  
  <h2>Unsere Serviceleistungen</h2>
  <ul>
    <li>Kostenlose Lieferung (auf Anfrage)</li>
    <li>Professionelle Beratung</li>
    <li>Finanzierung möglich</li>
    <li>30 Tage Rückgabegarantie</li>
  </ul>
</div>",GSHandels,"Container","Container, GSHandels, Lagerung, Transport, Neu, Gebraucht, 20 Fuß",true,Title,Default Title,,,,,CO25E342,,shopify,10,deny,manual,1672.00,,true,true,,https://gshandels.com/wp-content/uploads/2026/04/130d33_3529c6c17d5a4210b736ee3d717a2a95mv2-1.jpg,1,"Gebrauchter 20-Fuß-Versandcontainer-Neu",false,"Gebrauchter 20-Fuß-Versandcontainer-Neu | GSHandels - Professionelle Containerlösungen","Hochwertiger Gebrauchter 20-Fuß-Versandcontainer-Neu von GSHandels. Professionelle Containerlösungen für Lagerung, Transport und gewerbliche Nutzung. Jetzt unverbindlich anfragen!",594,active
co2rvfe65,"15′-Transportcontainer-Neu","<div class=""product-description"">
  <h1>15′-Transportcontainer-Neu</h1>
  
  <h2>Produktvorteile</h2>
  <ul>
    <li>Wind- und wasserdicht nach ISO-Norm</li>
    <li>CSC-zertifiziert für weltweiten Seetransport</li>
    <li>Stabile Stahlkonstruktion</li>
    <li>Sofort verfügbar - Kurze Lieferzeiten</li>
    <li>Flexible Zahlungsoptionen möglich</li>
  </ul>
  
  <h2>Technische Spezifikationen</h2>
  <table border=""0"" cellspacing=""0"" cellpadding=""5"">
    <tr>
      <td><strong>Material</strong></td>
      <td>Hochwertiger Stahl / Cortenstahl</td>
    </tr>
    <tr>
      <td><strong>Zustand</strong></td>
      <td>Neu oder Gebraucht</td>
    </tr>
    <tr>
      <td><strong>Zertifizierung</strong></td>
      <td>ISO 668, CSC-Plakette</td>
    </tr>
    <tr>
      <td><strong>Verfügbarkeit</strong></td>
      <td>Sofort lieferbar</td>
    </tr>
  </table>
  
  <h2>Beschreibung</h2>
  <p>Hochwertiger Container für Lagerung, Transport oder gewerbliche Nutzung. Robuste Bauweise aus wetterfestem Stahl, wind- und wasserdicht nach ISO-Norm. Vielseitig einsetzbar als Lagercontainer, Bürocontainer oder für spezielle Anforderungen.</p>
  
  <h2>Typische Anwendungsbereiche</h2>
  <ul>
    <li>Lagerung von Baumaterialien</li>
    <li>Warenlager für Handel</li>
    <li>Seefracht-Transport</li>
    <li>Mobile Werkstatt</li>
    <li>Zwischenlager bei Umzügen</li>
  </ul>
  
  <h2>Unsere Serviceleistungen</h2>
  <ul>
    <li>Kostenlose Lieferung (auf Anfrage)</li>
    <li>Professionelle Beratung</li>
    <li>Finanzierung möglich</li>
    <li>30 Tage Rückgabegarantie</li>
  </ul>
</div>",GSHandels,"Container","Container, GSHandels, Lagerung, Transport, Neu",true,Title,Default Title,,,,,CO2RVFE65,,shopify,10,deny,manual,1032.00,,true,true,,https://gshandels.com/wp-content/uploads/2026/04/130d33_b8b3191b751248bc927de8bef66de278mv2-1.jpg,1,"15′-Transportcontainer-Neu",false,"15′-Transportcontainer-Neu | GSHandels - Professionelle Containerlösungen","Hochwertiger 15′-Transportcontainer-Neu von GSHandels. Professionelle Containerlösungen für Lagerung, Transport und gewerbliche Nutzung. Jetzt unverbindlich anfragen!",594,active
co7rfn33,"6 Meter (20 Fuß) Lagercontainer mit zwei Türen-Neu","<div class=""product-description"">
  <h1>6 Meter (20 Fuß) Lagercontainer mit zwei Türen-Neu</h1>
  
  <h2>Produktvorteile</h2>
  <ul>
    <li>Wind- und wasserdicht nach ISO-Norm</li>
    <li>CSC-zertifiziert für weltweiten Seetransport</li>
    <li>Stabile Stahlkonstruktion</li>
    <li>Sofort verfügbar - Kurze Lieferzeiten</li>
    <li>Flexible Zahlungsoptionen möglich</li>
  </ul>
  
  <h2>Technische Spezifikationen</h2>
  <table border=""0"" cellspacing=""0"" cellpadding=""5"">
    <tr>
      <td><strong>Material</strong></td>
      <td>Hochwertiger Stahl / Cortenstahl</td>
    </tr>
    <tr>
      <td><strong>Zustand</strong></td>
      <td>Neu oder Gebraucht</td>
    </tr>
    <tr>
      <td><strong>Zertifizierung</strong></td>
      <td>ISO 668, CSC-Plakette</td>
    </tr>
    <tr>
      <td><strong>Verfügbarkeit</strong></td>
      <td>Sofort lieferbar</td>
    </tr>
  </table>
  
  <h2>Beschreibung</h2>
  <p>Ein 6-Meter-Lagercontainer mit zwei Türen ist eine praktische Wahl für viele Einsatzzwecke, einschließlich temporärer oder dauerhafter Lagerung, auf Baustellen oder als zusätzlicher Lagerraum für Unternehmen und Privatpersonen. Hier finden Sie eine detaillierte Beschreibung und Eigenschaften dieses Containertyps:</p>
  
  <h2>Typische Anwendungsbereiche</h2>
  <ul>
    <li>Lagerung von Baumaterialien</li>
    <li>Warenlager für Handel</li>
    <li>Seefracht-Transport</li>
    <li>Mobile Werkstatt</li>
    <li>Zwischenlager bei Umzügen</li>
  </ul>
  
  <h2>Unsere Serviceleistungen</h2>
  <ul>
    <li>Kostenlose Lieferung (auf Anfrage)</li>
    <li>Professionelle Beratung</li>
    <li>Finanzierung möglich</li>
    <li>30 Tage Rückgabegarantie</li>
  </ul>
</div>",GSHandels,"Container","Container, GSHandels, Lagerung, Transport, Neu",true,Title,Default Title,,,,,CO7RFN33,,shopify,10,deny,manual,1840.00,,true,true,,https://gshandels.com/wp-content/uploads/2026/04/130d33_0e5967d44b30412599667fc5f0f7da7emv2-1.jpg,1,"6 Meter (20 Fuß) Lagercontainer mit zwei Türen-Neu",false,"6 Meter (20 Fuß) Lagercontainer mit zwei Türen-Neu | GSHandels - Professionelle Containerlösungen","Hochwertiger 6 Meter (20 Fuß) Lagercontainer mit zwei Türen-Neu von GSHandels. Professionelle Containerlösungen für Lagerung, Transport und gewerbliche Nutzung. Jetzt unverbindlich anfragen!",594,active
cndhe4ce,"40 Fuß hoher Würfel-Transportcontainer mit offener Seite (Neu)-Neu","<div class=""product-description"">
  <h1>40 Fuß hoher Würfel-Transportcontainer mit offener Seite (Neu)-Neu</h1>
  
  <h2>Produktvorteile</h2>
  <ul>
    <li>Wind- und wasserdicht nach ISO-Norm</li>
    <li>CSC-zertifiziert für weltweiten Seetransport</li>
    <li>Stabile Stahlkonstruktion</li>
    <li>Sofort verfügbar - Kurze Lieferzeiten</li>
    <li>Flexible Zahlungsoptionen möglich</li>
  </ul>
  
  <h2>Technische Spezifikationen</h2>
  <table border=""0"" cellspacing=""0"" cellpadding=""5"">
    <tr>
      <td><strong>Material</strong></td>
      <td>Hochwertiger Stahl / Cortenstahl</td>
    </tr>
    <tr>
      <td><strong>Zustand</strong></td>
      <td>Neu oder Gebraucht</td>
    </tr>
    <tr>
      <td><strong>Zertifizierung</strong></td>
      <td>ISO 668, CSC-Plakette</td>
    </tr>
    <tr>
      <td><strong>Verfügbarkeit</strong></td>
      <td>Sofort lieferbar</td>
    </tr>
  </table>
  
  <h2>Beschreibung</h2>
  <p>Hochwertiger Container für Lagerung, Transport oder gewerbliche Nutzung. Robuste Bauweise aus wetterfestem Stahl, wind- und wasserdicht nach ISO-Norm. Vielseitig einsetzbar als Lagercontainer, Bürocontainer oder für spezielle Anforderungen.</p>
  
  <h2>Typische Anwendungsbereiche</h2>
  <ul>
    <li>Lagerung von Baumaterialien</li>
    <li>Warenlager für Handel</li>
    <li>Seefracht-Transport</li>
    <li>Mobile Werkstatt</li>
    <li>Zwischenlager bei Umzügen</li>
  </ul>
  
  <h2>Unsere Serviceleistungen</h2>
  <ul>
    <li>Kostenlose Lieferung (auf Anfrage)</li>
    <li>Professionelle Beratung</li>
    <li>Finanzierung möglich</li>
    <li>30 Tage Rückgabegarantie</li>
  </ul>
</div>",GSHandels,"Container","Container, GSHandels, Lagerung, Transport, Neu",true,Title,Default Title,,,,,CNDHE4CE,,shopify,10,deny,manual,6000.00,,true,true,,https://gshandels.com/wp-content/uploads/2026/04/130d33_96af1669ebbf4d0e987dd1aeb72f7ad5mv2-1.jpg,1,"40 Fuß hoher Würfel-Transportcontainer mit offener Seite (Neu)-Neu",false,"40 Fuß hoher Würfel-Transportcontainer mit offener Seite (Neu)-Neu | GSHandels - Professionelle Containerlösungen","Hochwertiger 40 Fuß hoher Würfel-Transportcontainer mit offener Seite (Neu)-Neu von GSHandels. Professionelle Containerlösungen für Lagerung, Transport und gewerbliche Nutzung. Jetzt unverbindlich anfragen!",594,active
co4efje5,"20 Fuß Open-Side-Container-Neu","<div class=""product-description"">
  <h1>20 Fuß Open-Side-Container-Neu</h1>
  
  <h2>Produktvorteile</h2>
  <ul>
    <li>Wind- und wasserdicht nach ISO-Norm</li>
    <li>CSC-zertifiziert für weltweiten Seetransport</li>
    <li>Stabile Stahlkonstruktion</li>
    <li>Sofort verfügbar - Kurze Lieferzeiten</li>
    <li>Flexible Zahlungsoptionen möglich</li>
  </ul>
  
  <h2>Technische Spezifikationen</h2>
  <table border=""0"" cellspacing=""0"" cellpadding=""5"">
    <tr>
      <td><strong>Material</strong></td>
      <td>Hochwertiger Stahl / Cortenstahl</td>
    </tr>
    <tr>
      <td><strong>Zustand</strong></td>
      <td>Neu oder Gebraucht</td>
    </tr>
    <tr>
      <td><strong>Zertifizierung</strong></td>
      <td>ISO 668, CSC-Plakette</td>
    </tr>
    <tr>
      <td><strong>Verfügbarkeit</strong></td>
      <td>Sofort lieferbar</td>
    </tr>
  </table>
  
  <h2>Beschreibung</h2>
  <p>Wir bieten zum Verkauf einen 20-Fuß-Open-Side-Transportcontainer in ausgezeichnetem IICL 6-Zustand an. Dieser Container wurde sorgfältig geprüft und nach den höchsten Industriestandards repariert, um eine außergewöhnliche Haltbarkeit und Leistung zu gewährleisten.</p>
  
  <h2>Typische Anwendungsbereiche</h2>
  <ul>
    <li>Lagerung von Baumaterialien</li>
    <li>Warenlager für Handel</li>
    <li>Seefracht-Transport</li>
    <li>Mobile Werkstatt</li>
    <li>Zwischenlager bei Umzügen</li>
  </ul>
  
  <h2>Unsere Serviceleistungen</h2>
  <ul>
    <li>Kostenlose Lieferung (auf Anfrage)</li>
    <li>Professionelle Beratung</li>
    <li>Finanzierung möglich</li>
    <li>30 Tage Rückgabegarantie</li>
  </ul>
</div>",GSHandels,"Container","Container, GSHandels, Lagerung, Transport, Neu",true,Title,Default Title,,,,,CO4EFJE5,,shopify,10,deny,manual,2072.00,,true,true,,https://gshandels.com/wp-content/uploads/2026/04/130d33_8fc5f4e4bf78499d97ec8be9ecbda92cmv2-1.jpg,1,"20 Fuß Open-Side-Container-Neu",false,"20 Fuß Open-Side-Container-Neu | GSHandels - Professionelle Containerlösungen","Hochwertiger 20 Fuß Open-Side-Container-Neu von GSHandels. Professionelle Containerlösungen für Lagerung, Transport und gewerbliche Nutzung. Jetzt unverbindlich anfragen!",594,active
cn3edh4aqe,"Verglaster Ausstellungscontainer-Neu","<div class=""product-description"">
  <h1>Verglaster Ausstellungscontainer-Neu</h1>
  
  <h2>Produktvorteile</h2>
  <ul>
    <li>Wind- und wasserdicht nach ISO-Norm</li>
    <li>CSC-zertifiziert für weltweiten Seetransport</li>
    <li>Stabile Stahlkonstruktion</li>
    <li>Sofort verfügbar - Kurze Lieferzeiten</li>
    <li>Flexible Zahlungsoptionen möglich</li>
  </ul>
  
  <h2>Technische Spezifikationen</h2>
  <table border=""0"" cellspacing=""0"" cellpadding=""5"">
    <tr>
      <td><strong>Material</strong></td>
      <td>Hochwertiger Stahl / Cortenstahl</td>
    </tr>
    <tr>
      <td><strong>Zustand</strong></td>
      <td>Neu oder Gebraucht</td>
    </tr>
    <tr>
      <td><strong>Zertifizierung</strong></td>
      <td>ISO 668, CSC-Plakette</td>
    </tr>
    <tr>
      <td><strong>Verfügbarkeit</strong></td>
      <td>Sofort lieferbar</td>
    </tr>
  </table>
  
  <h2>Beschreibung</h2>
  <p>Hochwertiger Container für Lagerung, Transport oder gewerbliche Nutzung. Robuste Bauweise aus wetterfestem Stahl, wind- und wasserdicht nach ISO-Norm. Vielseitig einsetzbar als Lagercontainer, Bürocontainer oder für spezielle Anforderungen.</p>
  
  <h2>Typische Anwendungsbereiche</h2>
  <ul>
    <li>Lagerung von Baumaterialien</li>
    <li>Warenlager für Handel</li>
    <li>Seefracht-Transport</li>
    <li>Mobile Werkstatt</li>
    <li>Zwischenlager bei Umzügen</li>
  </ul>
  
  <h2>Unsere Serviceleistungen</h2>
  <ul>
    <li>Kostenlose Lieferung (auf Anfrage)</li>
    <li>Professionelle Beratung</li>
    <li>Finanzierung möglich</li>
    <li>30 Tage Rückgabegarantie</li>
  </ul>
</div>",GSHandels,"Container","Container, GSHandels, Lagerung, Transport, Neu",true,Title,Default Title,,,,,CN3EDH4AQE,,shopify,10,deny,manual,4720.00,,true,true,,https://gshandels.com/wp-content/uploads/2026/04/130d33_8ba012c548fc4caf9139babd30207368mv2-1.jpg,1,"Verglaster Ausstellungscontainer-Neu",false,"Verglaster Ausstellungscontainer-Neu | GSHandels - Professionelle Containerlösungen","Hochwertiger Verglaster Ausstellungscontainer-Neu von GSHandels. Professionelle Containerlösungen für Lagerung, Transport und gewerbliche Nutzung. Jetzt unverbindlich anfragen!",594,active
clef233e5,"Neuer mobiler 25-Fuß-HC-Container (große Palette)-Neu","<div class=""product-description"">
  <h1>Neuer mobiler 25-Fuß-HC-Container (große Palette)-Neu</h1>
  
  <h2>Produktvorteile</h2>
  <ul>
    <li>Wind- und wasserdicht nach ISO-Norm</li>
    <li>CSC-zertifiziert für weltweiten Seetransport</li>
    <li>Stabile Stahlkonstruktion</li>
    <li>Sofort verfügbar - Kurze Lieferzeiten</li>
    <li>Flexible Zahlungsoptionen möglich</li>
  </ul>
  
  <h2>Technische Spezifikationen</h2>
  <table border=""0"" cellspacing=""0"" cellpadding=""5"">
    <tr>
      <td><strong>Material</strong></td>
      <td>Hochwertiger Stahl / Cortenstahl</td>
    </tr>
    <tr>
      <td><strong>Zustand</strong></td>
      <td>Neu oder Gebraucht</td>
    </tr>
    <tr>
      <td><strong>Zertifizierung</strong></td>
      <td>ISO 668, CSC-Plakette</td>
    </tr>
    <tr>
      <td><strong>Verfügbarkeit</strong></td>
      <td>Sofort lieferbar</td>
    </tr>
  </table>
  
  <h2>Beschreibung</h2>
  <p>Ein mobiler 25-Fuß-High-Cube-Container (HC) ist so konzipiert, dass er dank seiner größeren Höhe als Standardcontainer eine höhere Lager- und Transportkapazität bietet. Die Palettenbreite weist darauf hin, dass er speziell für den effizienten Transport von Paletten konzipiert ist und den Innenraum für die Beladung palettierter Waren optimiert.</p>
  
  <h2>Typische Anwendungsbereiche</h2>
  <ul>
    <li>Lagerung von Baumaterialien</li>
    <li>Warenlager für Handel</li>
    <li>Seefracht-Transport</li>
    <li>Mobile Werkstatt</li>
    <li>Zwischenlager bei Umzügen</li>
  </ul>
  
  <h2>Unsere Serviceleistungen</h2>
  <ul>
    <li>Kostenlose Lieferung (auf Anfrage)</li>
    <li>Professionelle Beratung</li>
    <li>Finanzierung möglich</li>
    <li>30 Tage Rückgabegarantie</li>
  </ul>
</div>",GSHandels,"Container","Container, GSHandels, Lagerung, Transport, Neu",true,Title,Default Title,,,,,CLEF233E5,,shopify,10,deny,manual,3840.00,,true,true,,https://gshandels.com/wp-content/uploads/2026/04/130d33_a0b7047ae6414fc0a7d9650a1240d579mv2-1.jpg,1,"Neuer mobiler 25-Fuß-HC-Container (große Palette)-Neu",false,"Neuer mobiler 25-Fuß-HC-Container (große Palette)-Neu | GSHandels - Professionelle Containerlösungen","Hochwertiger Neuer mobiler 25-Fuß-HC-Container (große Palette)-Neu von GSHandels. Professionelle Containerlösungen für Lagerung, Transport und gewerbliche Nutzung. Jetzt unverbindlich anfragen!",594,active
cne4f4fs3,"20-Fuß-Seecontainer „Open Side“ mit Auffangwanne-Neu","<div class=""product-description"">
  <h1>20-Fuß-Seecontainer „Open Side“ mit Auffangwanne-Neu</h1>
  
  <h2>Produktvorteile</h2>
  <ul>
    <li>Wind- und wasserdicht nach ISO-Norm</li>
    <li>CSC-zertifiziert für weltweiten Seetransport</li>
    <li>Stabile Stahlkonstruktion</li>
    <li>Sofort verfügbar - Kurze Lieferzeiten</li>
    <li>Flexible Zahlungsoptionen möglich</li>
  </ul>
  
  <h2>Technische Spezifikationen</h2>
  <table border=""0"" cellspacing=""0"" cellpadding=""5"">
    <tr>
      <td><strong>Material</strong></td>
      <td>Hochwertiger Stahl / Cortenstahl</td>
    </tr>
    <tr>
      <td><strong>Zustand</strong></td>
      <td>Neu oder Gebraucht</td>
    </tr>
    <tr>
      <td><strong>Zertifizierung</strong></td>
      <td>ISO 668, CSC-Plakette</td>
    </tr>
    <tr>
      <td><strong>Verfügbarkeit</strong></td>
      <td>Sofort lieferbar</td>
    </tr>
  </table>
  
  <h2>Beschreibung</h2>
  <p>Hochwertiger Container für Lagerung, Transport oder gewerbliche Nutzung. Robuste Bauweise aus wetterfestem Stahl, wind- und wasserdicht nach ISO-Norm. Vielseitig einsetzbar als Lagercontainer, Bürocontainer oder für spezielle Anforderungen.</p>
  
  <h2>Typische Anwendungsbereiche</h2>
  <ul>
    <li>Lagerung von Baumaterialien</li>
    <li>Warenlager für Handel</li>
    <li>Seefracht-Transport</li>
    <li>Mobile Werkstatt</li>
    <li>Zwischenlager bei Umzügen</li>
  </ul>
  
  <h2>Unsere Serviceleistungen</h2>
  <ul>
    <li>Kostenlose Lieferung (auf Anfrage)</li>
    <li>Professionelle Beratung</li>
    <li>Finanzierung möglich</li>
    <li>30 Tage Rückgabegarantie</li>
  </ul>
</div>",GSHandels,"Container","Container, GSHandels, Lagerung, Transport, Neu, 20 Fuß",true,Title,Default Title,,,,,CNE4F4FS3,,shopify,10,deny,manual,5600.00,,true,true,,https://gshandels.com/wp-content/uploads/2026/04/130d33_190b11e1a4d34af7b3e61996760aef9fmv2-1.jpg,1,"20-Fuß-Seecontainer „Open Side“ mit Auffangwanne-Neu",false,"20-Fuß-Seecontainer „Open Side“ mit Auffangwanne-Neu | GSHandels - Professionelle Containerlösungen","Hochwertiger 20-Fuß-Seecontainer „Open Side“ mit Auffangwanne-Neu von GSHandels. Professionelle Containerlösungen für Lagerung, Transport und gewerbliche Nutzung. Jetzt unverbindlich anfragen!",594,active
cnrf5ee3s,"Neuer 8-Fuß-Versandcontainer-Neu","<div class=""product-description"">
  <h1>Neuer 8-Fuß-Versandcontainer-Neu</h1>
  
  <h2>Produktvorteile</h2>
  <ul>
    <li>Wind- und wasserdicht nach ISO-Norm</li>
    <li>CSC-zertifiziert für weltweiten Seetransport</li>
    <li>Stabile Stahlkonstruktion</li>
    <li>Sofort verfügbar - Kurze Lieferzeiten</li>
    <li>Flexible Zahlungsoptionen möglich</li>
  </ul>
  
  <h2>Technische Spezifikationen</h2>
  <table border=""0"" cellspacing=""0"" cellpadding=""5"">
    <tr>
      <td><strong>Material</strong></td>
      <td>Hochwertiger Stahl / Cortenstahl</td>
    </tr>
    <tr>
      <td><strong>Zustand</strong></td>
      <td>Neu oder Gebraucht</td>
    </tr>
    <tr>
      <td><strong>Zertifizierung</strong></td>
      <td>ISO 668, CSC-Plakette</td>
    </tr>
    <tr>
      <td><strong>Verfügbarkeit</strong></td>
      <td>Sofort lieferbar</td>
    </tr>
  </table>
  
  <h2>Beschreibung</h2>
  <p>Hochwertiger Container für Lagerung, Transport oder gewerbliche Nutzung. Robuste Bauweise aus wetterfestem Stahl, wind- und wasserdicht nach ISO-Norm. Vielseitig einsetzbar als Lagercontainer, Bürocontainer oder für spezielle Anforderungen.</p>
  
  <h2>Typische Anwendungsbereiche</h2>
  <ul>
    <li>Lagerung von Baumaterialien</li>
    <li>Warenlager für Handel</li>
    <li>Seefracht-Transport</li>
    <li>Mobile Werkstatt</li>
    <li>Zwischenlager bei Umzügen</li>
  </ul>
  
  <h2>Unsere Serviceleistungen</h2>
  <ul>
    <li>Kostenlose Lieferung (auf Anfrage)</li>
    <li>Professionelle Beratung</li>
    <li>Finanzierung möglich</li>
    <li>30 Tage Rückgabegarantie</li>
  </ul>
</div>",GSHandels,"Container","Container, GSHandels, Lagerung, Transport, Neu",true,Title,Default Title,,,,,CNRF5EE3S,,shopify,10,deny,manual,1200.00,,true,true,,https://gshandels.com/wp-content/uploads/2026/04/130d33_85704f9da65f47cdace6e7784f3abb35mv2-1.jpg,1,"Neuer 8-Fuß-Versandcontainer-Neu",false,"Neuer 8-Fuß-Versandcontainer-Neu | GSHandels - Professionelle Containerlösungen","Hochwertiger Neuer 8-Fuß-Versandcontainer-Neu von GSHandels. Professionelle Containerlösungen für Lagerung, Transport und gewerbliche Nutzung. Jetzt unverbindlich anfragen!",594,active
cn456hf2d,"Neuer 20-Fuß-Transportcontainer mit offener Seite-Neu","<div class=""product-description"">
  <h1>Neuer 20-Fuß-Transportcontainer mit offener Seite-Neu</h1>
  
  <h2>Produktvorteile</h2>
  <ul>
    <li>Wind- und wasserdicht nach ISO-Norm</li>
    <li>CSC-zertifiziert für weltweiten Seetransport</li>
    <li>Stabile Stahlkonstruktion</li>
    <li>Sofort verfügbar - Kurze Lieferzeiten</li>
    <li>Flexible Zahlungsoptionen möglich</li>
  </ul>
  
  <h2>Technische Spezifikationen</h2>
  <table border=""0"" cellspacing=""0"" cellpadding=""5"">
    <tr>
      <td><strong>Material</strong></td>
      <td>Hochwertiger Stahl / Cortenstahl</td>
    </tr>
    <tr>
      <td><strong>Zustand</strong></td>
      <td>Neu oder Gebraucht</td>
    </tr>
    <tr>
      <td><strong>Zertifizierung</strong></td>
      <td>ISO 668, CSC-Plakette</td>
    </tr>
    <tr>
      <td><strong>Verfügbarkeit</strong></td>
      <td>Sofort lieferbar</td>
    </tr>
  </table>
  
  <h2>Beschreibung</h2>
  <p>Hochwertiger Container für Lagerung, Transport oder gewerbliche Nutzung. Robuste Bauweise aus wetterfestem Stahl, wind- und wasserdicht nach ISO-Norm. Vielseitig einsetzbar als Lagercontainer, Bürocontainer oder für spezielle Anforderungen.</p>
  
  <h2>Typische Anwendungsbereiche</h2>
  <ul>
    <li>Lagerung von Baumaterialien</li>
    <li>Warenlager für Handel</li>
    <li>Seefracht-Transport</li>
    <li>Mobile Werkstatt</li>
    <li>Zwischenlager bei Umzügen</li>
  </ul>
  
  <h2>Unsere Serviceleistungen</h2>
  <ul>
    <li>Kostenlose Lieferung (auf Anfrage)</li>
    <li>Professionelle Beratung</li>
    <li>Finanzierung möglich</li>
    <li>30 Tage Rückgabegarantie</li>
  </ul>
</div>",GSHandels,"Container","Container, GSHandels, Lagerung, Transport, Neu, 20 Fuß",true,Title,Default Title,,,,,CN456HF2D,,shopify,10,deny,manual,4400.00,,true,true,,https://gshandels.com/wp-content/uploads/2026/04/130d33_41171e6482fb4b4c9bf6765f17225a3emv2-1.jpg,1,"Neuer 20-Fuß-Transportcontainer mit offener Seite-Neu",false,"Neuer 20-Fuß-Transportcontainer mit offener Seite-Neu | GSHandels - Professionelle Containerlösungen","Hochwertiger Neuer 20-Fuß-Transportcontainer mit offener Seite-Neu von GSHandels. Professionelle Containerlösungen für Lagerung, Transport und gewerbliche Nutzung. Jetzt unverbindlich anfragen!",594,active
cnef463214,"20′ Doppeltür-Versandcontainer-Neu","<div class=""product-description"">
  <h1>20′ Doppeltür-Versandcontainer-Neu</h1>
  
  <h2>Produktvorteile</h2>
  <ul>
    <li>Wind- und wasserdicht nach ISO-Norm</li>
    <li>CSC-zertifiziert für weltweiten Seetransport</li>
    <li>Stabile Stahlkonstruktion</li>
    <li>Sofort verfügbar - Kurze Lieferzeiten</li>
    <li>Flexible Zahlungsoptionen möglich</li>
  </ul>
  
  <h2>Technische Spezifikationen</h2>
  <table border=""0"" cellspacing=""0"" cellpadding=""5"">
    <tr>
      <td><strong>Material</strong></td>
      <td>Hochwertiger Stahl / Cortenstahl</td>
    </tr>
    <tr>
      <td><strong>Zustand</strong></td>
      <td>Neu oder Gebraucht</td>
    </tr>
    <tr>
      <td><strong>Zertifizierung</strong></td>
      <td>ISO 668, CSC-Plakette</td>
    </tr>
    <tr>
      <td><strong>Verfügbarkeit</strong></td>
      <td>Sofort lieferbar</td>
    </tr>
  </table>
  
  <h2>Beschreibung</h2>
  <p>Hochwertiger Container für Lagerung, Transport oder gewerbliche Nutzung. Robuste Bauweise aus wetterfestem Stahl, wind- und wasserdicht nach ISO-Norm. Vielseitig einsetzbar als Lagercontainer, Bürocontainer oder für spezielle Anforderungen.</p>
  
  <h2>Typische Anwendungsbereiche</h2>
  <ul>
    <li>Lagerung von Baumaterialien</li>
    <li>Warenlager für Handel</li>
    <li>Seefracht-Transport</li>
    <li>Mobile Werkstatt</li>
    <li>Zwischenlager bei Umzügen</li>
  </ul>
  
  <h2>Unsere Serviceleistungen</h2>
  <ul>
    <li>Kostenlose Lieferung (auf Anfrage)</li>
    <li>Professionelle Beratung</li>
    <li>Finanzierung möglich</li>
    <li>30 Tage Rückgabegarantie</li>
  </ul>
</div>",GSHandels,"Container","Container, GSHandels, Lagerung, Transport, Neu",true,Title,Default Title,,,,,CNEF463214,,shopify,10,deny,manual,2800.00,,true,true,,https://gshandels.com/wp-content/uploads/2026/04/130d33_ddba6b99e4cc44a2aa1001979b903c8amv2-1.jpg,1,"20′ Doppeltür-Versandcontainer-Neu",false,"20′ Doppeltür-Versandcontainer-Neu | GSHandels - Professionelle Containerlösungen","Hochwertiger 20′ Doppeltür-Versandcontainer-Neu von GSHandels. Professionelle Containerlösungen für Lagerung, Transport und gewerbliche Nutzung. Jetzt unverbindlich anfragen!",594,active
cn0fe3r3,"20-Fuß-Transportcontainer mit doppelter Seitentür-Neu","<div class=""product-description"">
  <h1>20-Fuß-Transportcontainer mit doppelter Seitentür-Neu</h1>
  
  <h2>Produktvorteile</h2>
  <ul>
    <li>Wind- und wasserdicht nach ISO-Norm</li>
    <li>CSC-zertifiziert für weltweiten Seetransport</li>
    <li>Stabile Stahlkonstruktion</li>
    <li>Sofort verfügbar - Kurze Lieferzeiten</li>
    <li>Flexible Zahlungsoptionen möglich</li>
  </ul>
  
  <h2>Technische Spezifikationen</h2>
  <table border=""0"" cellspacing=""0"" cellpadding=""5"">
    <tr>
      <td><strong>Material</strong></td>
      <td>Hochwertiger Stahl / Cortenstahl</td>
    </tr>
    <tr>
      <td><strong>Zustand</strong></td>
      <td>Neu oder Gebraucht</td>
    </tr>
    <tr>
      <td><strong>Zertifizierung</strong></td>
      <td>ISO 668, CSC-Plakette</td>
    </tr>
    <tr>
      <td><strong>Verfügbarkeit</strong></td>
      <td>Sofort lieferbar</td>
    </tr>
  </table>
  
  <h2>Beschreibung</h2>
  <p>Hochwertiger Container für Lagerung, Transport oder gewerbliche Nutzung. Robuste Bauweise aus wetterfestem Stahl, wind- und wasserdicht nach ISO-Norm. Vielseitig einsetzbar als Lagercontainer, Bürocontainer oder für spezielle Anforderungen.</p>
  
  <h2>Typische Anwendungsbereiche</h2>
  <ul>
    <li>Lagerung von Baumaterialien</li>
    <li>Warenlager für Handel</li>
    <li>Seefracht-Transport</li>
    <li>Mobile Werkstatt</li>
    <li>Zwischenlager bei Umzügen</li>
  </ul>
  
  <h2>Unsere Serviceleistungen</h2>
  <ul>
    <li>Kostenlose Lieferung (auf Anfrage)</li>
    <li>Professionelle Beratung</li>
    <li>Finanzierung möglich</li>
    <li>30 Tage Rückgabegarantie</li>
  </ul>
</div>",GSHandels,"Container","Container, GSHandels, Lagerung, Transport, Neu, 20 Fuß",true,Title,Default Title,,,,,CN0FE3R3,,shopify,10,deny,manual,4400.00,,true,true,,https://gshandels.com/wp-content/uploads/2026/04/130d33_e32cce6df2b34ca29e48c488a825e4b7mv2-1.jpg,1,"20-Fuß-Transportcontainer mit doppelter Seitentür-Neu",false,"20-Fuß-Transportcontainer mit doppelter Seitentür-Neu | GSHandels - Professionelle Containerlösungen","Hochwertiger 20-Fuß-Transportcontainer mit doppelter Seitentür-Neu von GSHandels. Professionelle Containerlösungen für Lagerung, Transport und gewerbliche Nutzung. Jetzt unverbindlich anfragen!",594,active
cn637hqs36,"40’HC OW-Transportcontainer – neu-Neu","<div class=""product-description"">
  <h1>40’HC OW-Transportcontainer – neu-Neu</h1>
  
  <h2>Produktvorteile</h2>
  <ul>
    <li>Wind- und wasserdicht nach ISO-Norm</li>
    <li>CSC-zertifiziert für weltweiten Seetransport</li>
    <li>Stabile Stahlkonstruktion</li>
    <li>Sofort verfügbar - Kurze Lieferzeiten</li>
    <li>Flexible Zahlungsoptionen möglich</li>
  </ul>
  
  <h2>Technische Spezifikationen</h2>
  <table border=""0"" cellspacing=""0"" cellpadding=""5"">
    <tr>
      <td><strong>Material</strong></td>
      <td>Hochwertiger Stahl / Cortenstahl</td>
    </tr>
    <tr>
      <td><strong>Zustand</strong></td>
      <td>Neu oder Gebraucht</td>
    </tr>
    <tr>
      <td><strong>Zertifizierung</strong></td>
      <td>ISO 668, CSC-Plakette</td>
    </tr>
    <tr>
      <td><strong>Verfügbarkeit</strong></td>
      <td>Sofort lieferbar</td>
    </tr>
  </table>
  
  <h2>Beschreibung</h2>
  <p>Hochwertiger Container für Lagerung, Transport oder gewerbliche Nutzung. Robuste Bauweise aus wetterfestem Stahl, wind- und wasserdicht nach ISO-Norm. Vielseitig einsetzbar als Lagercontainer, Bürocontainer oder für spezielle Anforderungen.</p>
  
  <h2>Typische Anwendungsbereiche</h2>
  <ul>
    <li>Lagerung von Baumaterialien</li>
    <li>Warenlager für Handel</li>
    <li>Seefracht-Transport</li>
    <li>Mobile Werkstatt</li>
    <li>Zwischenlager bei Umzügen</li>
  </ul>
  
  <h2>Unsere Serviceleistungen</h2>
  <ul>
    <li>Kostenlose Lieferung (auf Anfrage)</li>
    <li>Professionelle Beratung</li>
    <li>Finanzierung möglich</li>
    <li>30 Tage Rückgabegarantie</li>
  </ul>
</div>",GSHandels,"Container","Container, GSHandels, Lagerung, Transport, Neu",true,Title,Default Title,,,,,CN637HQS36,,shopify,10,deny,manual,4640.00,,true,true,,https://gshandels.com/wp-content/uploads/2026/04/130d33_1f611ae2bad74d62a80c4ab9e28809c4mv2-1.jpg,1,"40’HC OW-Transportcontainer – neu-Neu",false,"40’HC OW-Transportcontainer – neu-Neu | GSHandels - Professionelle Containerlösungen","Hochwertiger 40’HC OW-Transportcontainer – neu-Neu von GSHandels. Professionelle Containerlösungen für Lagerung, Transport und gewerbliche Nutzung. Jetzt unverbindlich anfragen!",594,active
co4yqxde,"20 Fuß hoher Würfel-Gourmetbehälter mit offener Luke-Neu","<div class=""product-description"">
  <h1>20 Fuß hoher Würfel-Gourmetbehälter mit offener Luke-Neu</h1>
  
  <h2>Produktvorteile</h2>
  <ul>
    <li>Wind- und wasserdicht nach ISO-Norm</li>
    <li>CSC-zertifiziert für weltweiten Seetransport</li>
    <li>Stabile Stahlkonstruktion</li>
    <li>Sofort verfügbar - Kurze Lieferzeiten</li>
    <li>Flexible Zahlungsoptionen möglich</li>
  </ul>
  
  <h2>Technische Spezifikationen</h2>
  <table border=""0"" cellspacing=""0"" cellpadding=""5"">
    <tr>
      <td><strong>Material</strong></td>
      <td>Hochwertiger Stahl / Cortenstahl</td>
    </tr>
    <tr>
      <td><strong>Zustand</strong></td>
      <td>Neu oder Gebraucht</td>
    </tr>
    <tr>
      <td><strong>Zertifizierung</strong></td>
      <td>ISO 668, CSC-Plakette</td>
    </tr>
    <tr>
      <td><strong>Verfügbarkeit</strong></td>
      <td>Sofort lieferbar</td>
    </tr>
  </table>
  
  <h2>Beschreibung</h2>
  <p>Beschreibung des modifizierten 20-Fuß-High-Cube-Gourmet-Containers mit Fenster und Luke Dieser 20-Fuß-High-Cube-Versandcontainer (HC) wurde speziell für den Gourmet-Einsatz modifiziert. Es bietet einen funktionalen und praktischen Raum, ideal für mobile Catering-Projekte oder Lebensmittelverkaufskioske. Spezifikationen des Containers: – Abmessungen: – Breite: 2,43 m – Länge: 6,04 m – Höhe: 2,90 m – Fläche: 14,68 m² Diese großzügigen Abmessungen bieten Ihnen einen komfortablen Arbeitsbereich, optimiert für Catering-Bedürfnisse.</p>
  
  <h2>Typische Anwendungsbereiche</h2>
  <ul>
    <li>Lagerung von Baumaterialien</li>
    <li>Warenlager für Handel</li>
    <li>Seefracht-Transport</li>
    <li>Mobile Werkstatt</li>
    <li>Zwischenlager bei Umzügen</li>
  </ul>
  
  <h2>Unsere Serviceleistungen</h2>
  <ul>
    <li>Kostenlose Lieferung (auf Anfrage)</li>
    <li>Professionelle Beratung</li>
    <li>Finanzierung möglich</li>
    <li>30 Tage Rückgabegarantie</li>
  </ul>
</div>",GSHandels,"Container","Container, GSHandels, Lagerung, Transport, Neu",true,Title,Default Title,,,,,CO4YQXDE,,shopify,10,deny,manual,3440.00,,true,true,,https://gshandels.com/wp-content/uploads/2026/04/130d33_465f0cb938ea41cc98441ae624080aa6mv2-1.webp,1,"20 Fuß hoher Würfel-Gourmetbehälter mit offener Luke-Neu",false,"20 Fuß hoher Würfel-Gourmetbehälter mit offener Luke-Neu | GSHandels - Professionelle Containerlösungen","Hochwertiger 20 Fuß hoher Würfel-Gourmetbehälter mit offener Luke-Neu von GSHandels. Professionelle Containerlösungen für Lagerung, Transport und gewerbliche Nutzung. Jetzt unverbindlich anfragen!",594,active
co454qfr,"Gebrauchter 10-Fuß-Versandcontainer-Neu","<div class=""product-description"">
  <h1>Gebrauchter 10-Fuß-Versandcontainer-Neu</h1>
  
  <h2>Produktvorteile</h2>
  <ul>
    <li>Wind- und wasserdicht nach ISO-Norm</li>
    <li>CSC-zertifiziert für weltweiten Seetransport</li>
    <li>Stabile Stahlkonstruktion</li>
    <li>Sofort verfügbar - Kurze Lieferzeiten</li>
    <li>Flexible Zahlungsoptionen möglich</li>
  </ul>
  
  <h2>Technische Spezifikationen</h2>
  <table border=""0"" cellspacing=""0"" cellpadding=""5"">
    <tr>
      <td><strong>Material</strong></td>
      <td>Hochwertiger Stahl / Cortenstahl</td>
    </tr>
    <tr>
      <td><strong>Zustand</strong></td>
      <td>Neu oder Gebraucht</td>
    </tr>
    <tr>
      <td><strong>Zertifizierung</strong></td>
      <td>ISO 668, CSC-Plakette</td>
    </tr>
    <tr>
      <td><strong>Verfügbarkeit</strong></td>
      <td>Sofort lieferbar</td>
    </tr>
  </table>
  
  <h2>Beschreibung</h2>
  <p>Abmessungen: – Länge: 10 Fuß (ca. 3,05 Meter) – Breite: 8 Fuß (ca. 2,44 Meter) – Höhe: 8 Fuß 6 Zoll (ca. 2,59 Meter) – Fläche: ca. 7,44 Quadratmeter…</p>
  
  <h2>Typische Anwendungsbereiche</h2>
  <ul>
    <li>Lagerung von Baumaterialien</li>
    <li>Warenlager für Handel</li>
    <li>Seefracht-Transport</li>
    <li>Mobile Werkstatt</li>
    <li>Zwischenlager bei Umzügen</li>
  </ul>
  
  <h2>Unsere Serviceleistungen</h2>
  <ul>
    <li>Kostenlose Lieferung (auf Anfrage)</li>
    <li>Professionelle Beratung</li>
    <li>Finanzierung möglich</li>
    <li>30 Tage Rückgabegarantie</li>
  </ul>
</div>",GSHandels,"Container","Container, GSHandels, Lagerung, Transport, Neu, Gebraucht, 10 Fuß",true,Title,Default Title,,,,,CO454QFR,,shopify,10,deny,manual,640.00,,true,true,,https://gshandels.com/wp-content/uploads/2026/04/130d33_de17b9ffe2a44deb895bc88c7306960amv2-1.webp,1,"Gebrauchter 10-Fuß-Versandcontainer-Neu",false,"Gebrauchter 10-Fuß-Versandcontainer-Neu | GSHandels - Professionelle Containerlösungen","Hochwertiger Gebrauchter 10-Fuß-Versandcontainer-Neu von GSHandels. Professionelle Containerlösungen für Lagerung, Transport und gewerbliche Nutzung. Jetzt unverbindlich anfragen!",594,active
co85532gt,"20-Fuß-Versandcontainer-Neu","<div class=""product-description"">
  <h1>20-Fuß-Versandcontainer-Neu</h1>
  
  <h2>Produktvorteile</h2>
  <ul>
    <li>Wind- und wasserdicht nach ISO-Norm</li>
    <li>CSC-zertifiziert für weltweiten Seetransport</li>
    <li>Stabile Stahlkonstruktion</li>
    <li>Sofort verfügbar - Kurze Lieferzeiten</li>
    <li>Flexible Zahlungsoptionen möglich</li>
  </ul>
  
  <h2>Technische Spezifikationen</h2>
  <table border=""0"" cellspacing=""0"" cellpadding=""5"">
    <tr>
      <td><strong>Material</strong></td>
      <td>Hochwertiger Stahl / Cortenstahl</td>
    </tr>
    <tr>
      <td><strong>Zustand</strong></td>
      <td>Neu oder Gebraucht</td>
    </tr>
    <tr>
      <td><strong>Zertifizierung</strong></td>
      <td>ISO 668, CSC-Plakette</td>
    </tr>
    <tr>
      <td><strong>Verfügbarkeit</strong></td>
      <td>Sofort lieferbar</td>
    </tr>
  </table>
  
  <h2>Beschreibung</h2>
  <p>Hochwertiger Container für Lagerung, Transport oder gewerbliche Nutzung. Robuste Bauweise aus wetterfestem Stahl, wind- und wasserdicht nach ISO-Norm. Vielseitig einsetzbar als Lagercontainer, Bürocontainer oder für spezielle Anforderungen.</p>
  
  <h2>Typische Anwendungsbereiche</h2>
  <ul>
    <li>Lagerung von Baumaterialien</li>
    <li>Warenlager für Handel</li>
    <li>Seefracht-Transport</li>
    <li>Mobile Werkstatt</li>
    <li>Zwischenlager bei Umzügen</li>
  </ul>
  
  <h2>Unsere Serviceleistungen</h2>
  <ul>
    <li>Kostenlose Lieferung (auf Anfrage)</li>
    <li>Professionelle Beratung</li>
    <li>Finanzierung möglich</li>
    <li>30 Tage Rückgabegarantie</li>
  </ul>
</div>",GSHandels,"Container","Container, GSHandels, Lagerung, Transport, Neu, 20 Fuß",true,Title,Default Title,,,,,CO85532GT,,shopify,10,deny,manual,796.00,,true,true,,https://gshandels.com/wp-content/uploads/2026/04/130d33_8300804f29c3480186da726f79d338bamv2-1.webp,1,"20-Fuß-Versandcontainer-Neu",false,"20-Fuß-Versandcontainer-Neu | GSHandels - Professionelle Containerlösungen","Hochwertiger 20-Fuß-Versandcontainer-Neu von GSHandels. Professionelle Containerlösungen für Lagerung, Transport und gewerbliche Nutzung. Jetzt unverbindlich anfragen!",594,active
co3tfqsfq,"20-Fuß-High-Cube-Versandcontainer (20’HC)-Neu","<div class=""product-description"">
  <h1>20-Fuß-High-Cube-Versandcontainer (20’HC)-Neu</h1>
  
  <h2>Produktvorteile</h2>
  <ul>
    <li>Wind- und wasserdicht nach ISO-Norm</li>
    <li>CSC-zertifiziert für weltweiten Seetransport</li>
    <li>Stabile Stahlkonstruktion</li>
    <li>Sofort verfügbar - Kurze Lieferzeiten</li>
    <li>Flexible Zahlungsoptionen möglich</li>
  </ul>
  
  <h2>Technische Spezifikationen</h2>
  <table border=""0"" cellspacing=""0"" cellpadding=""5"">
    <tr>
      <td><strong>Material</strong></td>
      <td>Hochwertiger Stahl / Cortenstahl</td>
    </tr>
    <tr>
      <td><strong>Zustand</strong></td>
      <td>Neu oder Gebraucht</td>
    </tr>
    <tr>
      <td><strong>Zertifizierung</strong></td>
      <td>ISO 668, CSC-Plakette</td>
    </tr>
    <tr>
      <td><strong>Verfügbarkeit</strong></td>
      <td>Sofort lieferbar</td>
    </tr>
  </table>
  
  <h2>Beschreibung</h2>
  <p>Un conteneur maritime de 20 pieds High Cube (20’HC) est une version plus haute du conteneur standard de 20 pieds, offrant une plus grande capacité de stockage en hauteur. Voici une description détaillée et les spécifications techniques :</p>
  
  <h2>Typische Anwendungsbereiche</h2>
  <ul>
    <li>Lagerung von Baumaterialien</li>
    <li>Warenlager für Handel</li>
    <li>Seefracht-Transport</li>
    <li>Mobile Werkstatt</li>
    <li>Zwischenlager bei Umzügen</li>
  </ul>
  
  <h2>Unsere Serviceleistungen</h2>
  <ul>
    <li>Kostenlose Lieferung (auf Anfrage)</li>
    <li>Professionelle Beratung</li>
    <li>Finanzierung möglich</li>
    <li>30 Tage Rückgabegarantie</li>
  </ul>
</div>",GSHandels,"Container","Container, GSHandels, Lagerung, Transport, Neu, High Cube, 20 Fuß",true,Title,Default Title,,,,,CO3TFQSFQ,,shopify,10,deny,manual,2560.00,,true,true,,https://gshandels.com/wp-content/uploads/2026/04/130d33_456549bb16044f3fbb08d220b3c8d9c4mv2-1.webp,1,"20-Fuß-High-Cube-Versandcontainer (20’HC)-Neu",false,"20-Fuß-High-Cube-Versandcontainer (20’HC)-Neu | GSHandels - Professionelle Containerlösungen","Hochwertiger 20-Fuß-High-Cube-Versandcontainer (20’HC)-Neu von GSHandels. Professionelle Containerlösungen für Lagerung, Transport und gewerbliche Nutzung. Jetzt unverbindlich anfragen!",594,active
ps5z5e84,"Container-Spa-Pool 3,0 x 2,5 m mit Whirlpool, Komfortpaket-Neu","<div class=""product-description"">
  <h1>Container-Spa-Pool 3,0 x 2,5 m mit Whirlpool, Komfortpaket-Neu</h1>
  
  <h2>Produktvorteile</h2>
  <ul>
    <li>Wind- und wasserdicht nach ISO-Norm</li>
    <li>CSC-zertifiziert für weltweiten Seetransport</li>
    <li>Stabile Stahlkonstruktion</li>
    <li>Sofort verfügbar - Kurze Lieferzeiten</li>
    <li>Flexible Zahlungsoptionen möglich</li>
  </ul>
  
  <h2>Technische Spezifikationen</h2>
  <table border=""0"" cellspacing=""0"" cellpadding=""5"">
    <tr>
      <td><strong>Material</strong></td>
      <td>Hochwertiger Stahl / Cortenstahl</td>
    </tr>
    <tr>
      <td><strong>Zustand</strong></td>
      <td>Neu oder Gebraucht</td>
    </tr>
    <tr>
      <td><strong>Zertifizierung</strong></td>
      <td>ISO 668, CSC-Plakette</td>
    </tr>
    <tr>
      <td><strong>Verfügbarkeit</strong></td>
      <td>Sofort lieferbar</td>
    </tr>
  </table>
  
  <h2>Beschreibung</h2>
  <p>Spécification – Longueur: 3.00 m – Largeur: 2.50 m – Niveau d’eau: 1.15 m – Hauteur extérieure : 1.37 m – Basé sur un conteneur maritime – Prêt à l’emploi le jour même de la livraison – Terrasse et escaliers en bois composite (WPC) – Système de filtration – Peu de couleurs disponibles</p>
  
  <h2>Typische Anwendungsbereiche</h2>
  <ul>
    <li>Lagerung von Baumaterialien</li>
    <li>Warenlager für Handel</li>
    <li>Seefracht-Transport</li>
    <li>Mobile Werkstatt</li>
    <li>Zwischenlager bei Umzügen</li>
  </ul>
  
  <h2>Unsere Serviceleistungen</h2>
  <ul>
    <li>Kostenlose Lieferung (auf Anfrage)</li>
    <li>Professionelle Beratung</li>
    <li>Finanzierung möglich</li>
    <li>30 Tage Rückgabegarantie</li>
  </ul>
</div>",GSHandels,"Container","Container, GSHandels, Lagerung, Transport, Neu, Pool",true,Title,Default Title,,,,,PS5Z5E84,,shopify,10,deny,manual,4480.00,,true,true,,https://gshandels.com/wp-content/uploads/2026/04/130d33_555009aaf7664509b620e67c300f20demv2-1.jpg,1,"Container-Spa-Pool 3,0 x 2,5 m mit Whirlpool, Komfortpaket-Neu",false,"Container-Spa-Pool 3,0 x 2,5 m mit Whirlpool, Komfortpaket-Neu | GSHandels - Professionelle Containerlösungen","Hochwertiger Container-Spa-Pool 3,0 x 2,5 m mit Whirlpool, Komfortpaket-Neu von GSHandels. Professionelle Containerlösungen für Lagerung, Transport und gewerbliche Nutzung. Jetzt unverbindlich anfragen!",594,active
ps5z98d3,"6,5 m x 2,5 m großer Polypropylen-Pool mit 4 m Poolfenster-Neu","<div class=""product-description"">
  <h1>6,5 m x 2,5 m großer Polypropylen-Pool mit 4 m Poolfenster-Neu</h1>
  
  <h2>Produktvorteile</h2>
  <ul>
    <li>Wind- und wasserdicht nach ISO-Norm</li>
    <li>CSC-zertifiziert für weltweiten Seetransport</li>
    <li>Stabile Stahlkonstruktion</li>
    <li>Sofort verfügbar - Kurze Lieferzeiten</li>
    <li>Flexible Zahlungsoptionen möglich</li>
  </ul>
  
  <h2>Technische Spezifikationen</h2>
  <table border=""0"" cellspacing=""0"" cellpadding=""5"">
    <tr>
      <td><strong>Material</strong></td>
      <td>Hochwertiger Stahl / Cortenstahl</td>
    </tr>
    <tr>
      <td><strong>Zustand</strong></td>
      <td>Neu oder Gebraucht</td>
    </tr>
    <tr>
      <td><strong>Zertifizierung</strong></td>
      <td>ISO 668, CSC-Plakette</td>
    </tr>
    <tr>
      <td><strong>Verfügbarkeit</strong></td>
      <td>Sofort lieferbar</td>
    </tr>
  </table>
  
  <h2>Beschreibung</h2>
  <p>Spezifikationen – Länge: 6,50 m – Breite: 2,55 m – Wasserstand: 1,15 m – Außenhöhe: 1,30 m – Basierend auf einer Stahlkonstruktion und einem Polypropylen-Becken – Einsatzbereit am selben Tag der Lieferung – Terrassen und Treppen aus rutschfestem Polypropylen – Filtersystem – Innenbeleuchtung – Wärmepumpe – Nur wenige Farben verfügbar – Jet-Schwimmen – Automatisches Schiebedach aus Polycarbonat mit zusätzlichen Türen und FernbedienungSchiebedach aus Polycarbonat für Schwimmbad – Dachabmessungen: 8,4 m lang, 5,5 m breit, 2,8 m hoch</p>
  
  <h2>Typische Anwendungsbereiche</h2>
  <ul>
    <li>Lagerung von Baumaterialien</li>
    <li>Warenlager für Handel</li>
    <li>Seefracht-Transport</li>
    <li>Mobile Werkstatt</li>
    <li>Zwischenlager bei Umzügen</li>
  </ul>
  
  <h2>Unsere Serviceleistungen</h2>
  <ul>
    <li>Kostenlose Lieferung (auf Anfrage)</li>
    <li>Professionelle Beratung</li>
    <li>Finanzierung möglich</li>
    <li>30 Tage Rückgabegarantie</li>
  </ul>
</div>",GSHandels,"Container","Container, GSHandels, Lagerung, Transport, Neu, Pool",true,Title,Default Title,,,,,PS5Z98D3,,shopify,10,deny,manual,21200.00,,true,true,,https://gshandels.com/wp-content/uploads/2026/04/130d33_c7e9d39502924f9581a96332e4e8c0d9mv2-1.jpg,1,"6,5 m x 2,5 m großer Polypropylen-Pool mit 4 m Poolfenster-Neu",false,"6,5 m x 2,5 m großer Polypropylen-Pool mit 4 m Poolfenster-Neu | GSHandels - Professionelle Containerlösungen","Hochwertiger 6,5 m x 2,5 m großer Polypropylen-Pool mit 4 m Poolfenster-Neu von GSHandels. Professionelle Containerlösungen für Lagerung, Transport und gewerbliche Nutzung. Jetzt unverbindlich anfragen!",594,active
ps144ed9,"Containerbecken 6,2 mx 2,5 m Jet Swim, Sport&amp;Spa-Neu","<div class=""product-description"">
  <h1>Containerbecken 6,2 mx 2,5 m Jet Swim, Sport&amp;Spa-Neu</h1>
  
  <h2>Produktvorteile</h2>
  <ul>
    <li>Wind- und wasserdicht nach ISO-Norm</li>
    <li>CSC-zertifiziert für weltweiten Seetransport</li>
    <li>Stabile Stahlkonstruktion</li>
    <li>Sofort verfügbar - Kurze Lieferzeiten</li>
    <li>Flexible Zahlungsoptionen möglich</li>
  </ul>
  
  <h2>Technische Spezifikationen</h2>
  <table border=""0"" cellspacing=""0"" cellpadding=""5"">
    <tr>
      <td><strong>Material</strong></td>
      <td>Hochwertiger Stahl / Cortenstahl</td>
    </tr>
    <tr>
      <td><strong>Zustand</strong></td>
      <td>Neu oder Gebraucht</td>
    </tr>
    <tr>
      <td><strong>Zertifizierung</strong></td>
      <td>ISO 668, CSC-Plakette</td>
    </tr>
    <tr>
      <td><strong>Verfügbarkeit</strong></td>
      <td>Sofort lieferbar</td>
    </tr>
  </table>
  
  <h2>Beschreibung</h2>
  <p>Spezifikation – Länge: 6,11 m – Breite: 2,55 m – Wasserstand: 1,15 m – Außenhöhe: 1,37 m – Basierend auf einem 20-Fuß-Versandcontainer – Einsatzbereit am selben Tag der Lieferung – Terrassendielen und Treppen aus Holzverbundwerkstoff (WPC) – Filtersystem – Terrassendielen aus WPC-Verbundwerkstoff – Reinigungsset – Innenbeleuchtung – Wärmepumpe – Wenige Farben verfügbar – Jet-Schwimmen</p>
  
  <h2>Typische Anwendungsbereiche</h2>
  <ul>
    <li>Lagerung von Baumaterialien</li>
    <li>Warenlager für Handel</li>
    <li>Seefracht-Transport</li>
    <li>Mobile Werkstatt</li>
    <li>Zwischenlager bei Umzügen</li>
  </ul>
  
  <h2>Unsere Serviceleistungen</h2>
  <ul>
    <li>Kostenlose Lieferung (auf Anfrage)</li>
    <li>Professionelle Beratung</li>
    <li>Finanzierung möglich</li>
    <li>30 Tage Rückgabegarantie</li>
  </ul>
</div>",GSHandels,"Container","Container, GSHandels, Lagerung, Transport, Neu",true,Title,Default Title,,,,,PS144ED9,,shopify,10,deny,manual,10800.00,,true,true,,https://gshandels.com/wp-content/uploads/2026/04/130d33_4ea950fb228f41f09a17fe2db3f52c22mv2-1.jpg,1,"Containerbecken 6,2 mx 2,5 m Jet Swim, Sport&amp;Spa-Neu",false,"Containerbecken 6,2 mx 2,5 m Jet Swim, Sport&amp;Spa-Neu | GSHandels - Professionelle Containerlösungen","Hochwertiger Containerbecken 6,2 mx 2,5 m Jet Swim, Sport&amp;Spa-Neu von GSHandels. Professionelle Containerlösungen für Lagerung, Transport und gewerbliche Nutzung. Jetzt unverbindlich anfragen!",594,active
ps2569b4,"Containerschwimmbecken 6,2m x 2,5m gebrauchsfertig, Komfortpaket-Neu","<div class=""product-description"">
  <h1>Containerschwimmbecken 6,2m x 2,5m gebrauchsfertig, Komfortpaket-Neu</h1>
  
  <h2>Produktvorteile</h2>
  <ul>
    <li>Wind- und wasserdicht nach ISO-Norm</li>
    <li>CSC-zertifiziert für weltweiten Seetransport</li>
    <li>Stabile Stahlkonstruktion</li>
    <li>Sofort verfügbar - Kurze Lieferzeiten</li>
    <li>Flexible Zahlungsoptionen möglich</li>
  </ul>
  
  <h2>Technische Spezifikationen</h2>
  <table border=""0"" cellspacing=""0"" cellpadding=""5"">
    <tr>
      <td><strong>Material</strong></td>
      <td>Hochwertiger Stahl / Cortenstahl</td>
    </tr>
    <tr>
      <td><strong>Zustand</strong></td>
      <td>Neu oder Gebraucht</td>
    </tr>
    <tr>
      <td><strong>Zertifizierung</strong></td>
      <td>ISO 668, CSC-Plakette</td>
    </tr>
    <tr>
      <td><strong>Verfügbarkeit</strong></td>
      <td>Sofort lieferbar</td>
    </tr>
  </table>
  
  <h2>Beschreibung</h2>
  <p>Spezifikation – Länge: 6,11 m – Breite: 2,55 m – Wasserstand: 1,15 m – Außenhöhe: 1,37 m – Basierend auf einem 20-Fuß-Versandcontainer – Einsatzbereit am selben Tag der Lieferung – Terrassendielen und Treppen aus Holzverbundwerkstoff (WPC) – Filtersystem – Nur wenige Farben verfügbar</p>
  
  <h2>Typische Anwendungsbereiche</h2>
  <ul>
    <li>Lagerung von Baumaterialien</li>
    <li>Warenlager für Handel</li>
    <li>Seefracht-Transport</li>
    <li>Mobile Werkstatt</li>
    <li>Zwischenlager bei Umzügen</li>
  </ul>
  
  <h2>Unsere Serviceleistungen</h2>
  <ul>
    <li>Kostenlose Lieferung (auf Anfrage)</li>
    <li>Professionelle Beratung</li>
    <li>Finanzierung möglich</li>
    <li>30 Tage Rückgabegarantie</li>
  </ul>
</div>",GSHandels,"Container","Container, GSHandels, Lagerung, Transport, Neu",true,Title,Default Title,,,,,PS2569B4,,shopify,10,deny,manual,8800.00,,true,true,,https://gshandels.com/wp-content/uploads/2026/04/130d33_f8be4805699d4f398f283a2c45aac77cmv2-1.jpg,1,"Containerschwimmbecken 6,2m x 2,5m gebrauchsfertig, Komfortpaket-Neu",false,"Containerschwimmbecken 6,2m x 2,5m gebrauchsfertig, Komfortpaket-Neu | GSHandels - Professionelle Containerlösungen","Hochwertiger Containerschwimmbecken 6,2m x 2,5m gebrauchsfertig, Komfortpaket-Neu von GSHandels. Professionelle Containerlösungen für Lagerung, Transport und gewerbliche Nutzung. Jetzt unverbindlich anfragen!",594,active
ps256ed4,"6,2 m x 2,5 m großer Containerpool mit Wärmepumpe, Premium-Paket-Neu","<div class=""product-description"">
  <h1>6,2 m x 2,5 m großer Containerpool mit Wärmepumpe, Premium-Paket-Neu</h1>
  
  <h2>Produktvorteile</h2>
  <ul>
    <li>Wind- und wasserdicht nach ISO-Norm</li>
    <li>CSC-zertifiziert für weltweiten Seetransport</li>
    <li>Stabile Stahlkonstruktion</li>
    <li>Sofort verfügbar - Kurze Lieferzeiten</li>
    <li>Flexible Zahlungsoptionen möglich</li>
  </ul>
  
  <h2>Technische Spezifikationen</h2>
  <table border=""0"" cellspacing=""0"" cellpadding=""5"">
    <tr>
      <td><strong>Material</strong></td>
      <td>Hochwertiger Stahl / Cortenstahl</td>
    </tr>
    <tr>
      <td><strong>Zustand</strong></td>
      <td>Neu oder Gebraucht</td>
    </tr>
    <tr>
      <td><strong>Zertifizierung</strong></td>
      <td>ISO 668, CSC-Plakette</td>
    </tr>
    <tr>
      <td><strong>Verfügbarkeit</strong></td>
      <td>Sofort lieferbar</td>
    </tr>
  </table>
  
  <h2>Beschreibung</h2>
  <p>Spezifikation – Länge: 6,11 m – Breite: 2,55 m – Wasserstand: 1,15 m – Außenhöhe: 1,37 m – Basierend auf einem 20-Fuß-Versandcontainer – Einsatzbereit am selben Tag der Lieferung – Terrassendielen und Treppen aus Holzverbundwerkstoff (WPC) – Filtersystem – Terrassendielen aus WPC-Verbundwerkstoff – Reinigungsset – Innenbeleuchtung – Wärmepumpe – Wenige Farben verfügbar</p>
  
  <h2>Typische Anwendungsbereiche</h2>
  <ul>
    <li>Lagerung von Baumaterialien</li>
    <li>Warenlager für Handel</li>
    <li>Seefracht-Transport</li>
    <li>Mobile Werkstatt</li>
    <li>Zwischenlager bei Umzügen</li>
  </ul>
  
  <h2>Unsere Serviceleistungen</h2>
  <ul>
    <li>Kostenlose Lieferung (auf Anfrage)</li>
    <li>Professionelle Beratung</li>
    <li>Finanzierung möglich</li>
    <li>30 Tage Rückgabegarantie</li>
  </ul>
</div>",GSHandels,"Container","Container, GSHandels, Lagerung, Transport, Neu, Pool",true,Title,Default Title,,,,,PS256ED4,,shopify,10,deny,manual,9680.00,,true,true,,https://gshandels.com/wp-content/uploads/2026/04/130d33_4fae47c211484f18933a5b9a468d5784mv2-1.jpg,1,"6,2 m x 2,5 m großer Containerpool mit Wärmepumpe, Premium-Paket-Neu",false,"6,2 m x 2,5 m großer Containerpool mit Wärmepumpe, Premium-Paket-Neu | GSHandels - Professionelle Containerlösungen","Hochwertiger 6,2 m x 2,5 m großer Containerpool mit Wärmepumpe, Premium-Paket-Neu von GSHandels. Professionelle Containerlösungen für Lagerung, Transport und gewerbliche Nutzung. Jetzt unverbindlich anfragen!",594,active
ps485247q,"Containerpool 6,11 x 2,5 m, gebrauchsfertig mit Dach, Premium-Paket-Neu","<div class=""product-description"">
  <h1>Containerpool 6,11 x 2,5 m, gebrauchsfertig mit Dach, Premium-Paket-Neu</h1>
  
  <h2>Produktvorteile</h2>
  <ul>
    <li>Wind- und wasserdicht nach ISO-Norm</li>
    <li>CSC-zertifiziert für weltweiten Seetransport</li>
    <li>Stabile Stahlkonstruktion</li>
    <li>Sofort verfügbar - Kurze Lieferzeiten</li>
    <li>Flexible Zahlungsoptionen möglich</li>
  </ul>
  
  <h2>Technische Spezifikationen</h2>
  <table border=""0"" cellspacing=""0"" cellpadding=""5"">
    <tr>
      <td><strong>Material</strong></td>
      <td>Hochwertiger Stahl / Cortenstahl</td>
    </tr>
    <tr>
      <td><strong>Zustand</strong></td>
      <td>Neu oder Gebraucht</td>
    </tr>
    <tr>
      <td><strong>Zertifizierung</strong></td>
      <td>ISO 668, CSC-Plakette</td>
    </tr>
    <tr>
      <td><strong>Verfügbarkeit</strong></td>
      <td>Sofort lieferbar</td>
    </tr>
  </table>
  
  <h2>Beschreibung</h2>
  <p>Der Premium-Containerpool ist eine hervorragende Kombination aus Komfort, Spaß und einzigartigem Design. Dank der Warmwasserbereitung und der Innenbeleuchtung können Sie den Pool zu jeder Tageszeit genießen. Sein Komfort wird auch in den etwas kälteren Monaten für Sie erreichbar sein!</p>
  
  <h2>Typische Anwendungsbereiche</h2>
  <ul>
    <li>Lagerung von Baumaterialien</li>
    <li>Warenlager für Handel</li>
    <li>Seefracht-Transport</li>
    <li>Mobile Werkstatt</li>
    <li>Zwischenlager bei Umzügen</li>
  </ul>
  
  <h2>Unsere Serviceleistungen</h2>
  <ul>
    <li>Kostenlose Lieferung (auf Anfrage)</li>
    <li>Professionelle Beratung</li>
    <li>Finanzierung möglich</li>
    <li>30 Tage Rückgabegarantie</li>
  </ul>
</div>",GSHandels,"Container","Container, GSHandels, Lagerung, Transport, Neu, Pool",true,Title,Default Title,,,,,PS485247Q,,shopify,10,deny,manual,13912.00,,true,true,,https://gshandels.com/wp-content/uploads/2026/04/130d33_8606ec5ed1374d1b9dfa8b238072ad26mv2-1.jpg,1,"Containerpool 6,11 x 2,5 m, gebrauchsfertig mit Dach, Premium-Paket-Neu",false,"Containerpool 6,11 x 2,5 m, gebrauchsfertig mit Dach, Premium-Paket-Neu | GSHandels - Professionelle Containerlösungen","Hochwertiger Containerpool 6,11 x 2,5 m, gebrauchsfertig mit Dach, Premium-Paket-Neu von GSHandels. Professionelle Containerlösungen für Lagerung, Transport und gewerbliche Nutzung. Jetzt unverbindlich anfragen!",594,active
ps24a747,"Schwimmbadbehälter aus Polypropylen 6,5 x 2,6 m-Neu","<div class=""product-description"">
  <h1>Schwimmbadbehälter aus Polypropylen 6,5 x 2,6 m-Neu</h1>
  
  <h2>Produktvorteile</h2>
  <ul>
    <li>Wind- und wasserdicht nach ISO-Norm</li>
    <li>CSC-zertifiziert für weltweiten Seetransport</li>
    <li>Stabile Stahlkonstruktion</li>
    <li>Sofort verfügbar - Kurze Lieferzeiten</li>
    <li>Flexible Zahlungsoptionen möglich</li>
  </ul>
  
  <h2>Technische Spezifikationen</h2>
  <table border=""0"" cellspacing=""0"" cellpadding=""5"">
    <tr>
      <td><strong>Material</strong></td>
      <td>Hochwertiger Stahl / Cortenstahl</td>
    </tr>
    <tr>
      <td><strong>Zustand</strong></td>
      <td>Neu oder Gebraucht</td>
    </tr>
    <tr>
      <td><strong>Zertifizierung</strong></td>
      <td>ISO 668, CSC-Plakette</td>
    </tr>
    <tr>
      <td><strong>Verfügbarkeit</strong></td>
      <td>Sofort lieferbar</td>
    </tr>
  </table>
  
  <h2>Beschreibung</h2>
  <p>Das Elite-Schwimmbad Sport & Spa ist ein oberirdisches Schwimmbad der neuen Generation. Es basiert auf einem Polypropylenbecken und einem Stahlrahmen. Dadurch ist es sehr langlebig. Dank eines regulierten Durchflusssystems erhalten Sie ein Gegenstrom-Sportbecken, das sich in wenigen Sekunden in ein Spa mit Hydromassage verwandeln lässt.FiltersystemInnenbeleuchtungWärmepumpePolypropylen-PoolbeckenPoolbecken-IsolierungJet-SwimElite Sport & Spa-Pool ist mit einem Jet-Schwimmsystem ausgestattet. Per Knopfdruck erhalten Sie Zugang zur Welt des professionellen Schwimmens.Zubehör Filtersystem, Wasserpumpenheizung, Jet SwimMontage: 1 Tag</p>
  
  <h2>Typische Anwendungsbereiche</h2>
  <ul>
    <li>Lagerung von Baumaterialien</li>
    <li>Warenlager für Handel</li>
    <li>Seefracht-Transport</li>
    <li>Mobile Werkstatt</li>
    <li>Zwischenlager bei Umzügen</li>
  </ul>
  
  <h2>Unsere Serviceleistungen</h2>
  <ul>
    <li>Kostenlose Lieferung (auf Anfrage)</li>
    <li>Professionelle Beratung</li>
    <li>Finanzierung möglich</li>
    <li>30 Tage Rückgabegarantie</li>
  </ul>
</div>",GSHandels,"Container","Container, GSHandels, Lagerung, Transport, Neu",true,Title,Default Title,,,,,PS24A747,,shopify,10,deny,manual,7192.00,,true,true,,https://gshandels.com/wp-content/uploads/2026/04/130d33_075e876cfc0d4ec2a10dbb3643ce6dd9mv2-1.jpg,1,"Schwimmbadbehälter aus Polypropylen 6,5 x 2,6 m-Neu",false,"Schwimmbadbehälter aus Polypropylen 6,5 x 2,6 m-Neu | GSHandels - Professionelle Containerlösungen","Hochwertiger Schwimmbadbehälter aus Polypropylen 6,5 x 2,6 m-Neu von GSHandels. Professionelle Containerlösungen für Lagerung, Transport und gewerbliche Nutzung. Jetzt unverbindlich anfragen!",594,active
ba1375gh,"Zerlegbarer Barcontainer 6×2 Meter XL Pink RAL 3015-Neu","<div class=""product-description"">
  <h1>Zerlegbarer Barcontainer 6×2 Meter XL Pink RAL 3015-Neu</h1>
  
  <h2>Produktvorteile</h2>
  <ul>
    <li>Wind- und wasserdicht nach ISO-Norm</li>
    <li>CSC-zertifiziert für weltweiten Seetransport</li>
    <li>Stabile Stahlkonstruktion</li>
    <li>Sofort verfügbar - Kurze Lieferzeiten</li>
    <li>Flexible Zahlungsoptionen möglich</li>
  </ul>
  
  <h2>Technische Spezifikationen</h2>
  <table border=""0"" cellspacing=""0"" cellpadding=""5"">
    <tr>
      <td><strong>Material</strong></td>
      <td>Hochwertiger Stahl / Cortenstahl</td>
    </tr>
    <tr>
      <td><strong>Zustand</strong></td>
      <td>Neu oder Gebraucht</td>
    </tr>
    <tr>
      <td><strong>Zertifizierung</strong></td>
      <td>ISO 668, CSC-Plakette</td>
    </tr>
    <tr>
      <td><strong>Verfügbarkeit</strong></td>
      <td>Sofort lieferbar</td>
    </tr>
  </table>
  
  <h2>Beschreibung</h2>
  <p>Diese Version unserer Containerbar eignet sich ideal für den Einsatz als Outdoor-Bar auf einer Terrasse. – Zerlegbarer und selbstgebauter Barcontainer – Außenabmessungen (LxBxH): 5903,2 x 2289,7 x 2238,5 mm – Innenabmessungen (LxBxH): 5741 x 2130 x 2230 mm – Türabmessungen: (LxH): 1750 x 1850 mm – Komplett abnehmbar – In allen RAL-Farben erhältlich – Container Öffnungen sind sicher – Völlig selbsttragende Konstruktion, einschließlich Boden</p>
  
  <h2>Typische Anwendungsbereiche</h2>
  <ul>
    <li>Lagerung von Baumaterialien</li>
    <li>Warenlager für Handel</li>
    <li>Seefracht-Transport</li>
    <li>Mobile Werkstatt</li>
    <li>Zwischenlager bei Umzügen</li>
  </ul>
  
  <h2>Unsere Serviceleistungen</h2>
  <ul>
    <li>Kostenlose Lieferung (auf Anfrage)</li>
    <li>Professionelle Beratung</li>
    <li>Finanzierung möglich</li>
    <li>30 Tage Rückgabegarantie</li>
  </ul>
</div>",GSHandels,"Container","Container, GSHandels, Lagerung, Transport, Neu, Barcontainer",true,Title,Default Title,,,,,BA1375GH,,shopify,10,deny,manual,2332.00,,true,true,,https://gshandels.com/wp-content/uploads/2026/04/130d33_7259a029fa7543b4843f5d77bf1c8ae6mv2-1.webp,1,"Zerlegbarer Barcontainer 6×2 Meter XL Pink RAL 3015-Neu",false,"Zerlegbarer Barcontainer 6×2 Meter XL Pink RAL 3015-Neu | GSHandels - Professionelle Containerlösungen","Hochwertiger Zerlegbarer Barcontainer 6×2 Meter XL Pink RAL 3015-Neu von GSHandels. Professionelle Containerlösungen für Lagerung, Transport und gewerbliche Nutzung. Jetzt unverbindlich anfragen!",594,active
ba525413k,"XL zerlegbarer Barcontainer 4×3 Meter Weiß RAL 9016-Neu","<div class=""product-description"">
  <h1>XL zerlegbarer Barcontainer 4×3 Meter Weiß RAL 9016-Neu</h1>
  
  <h2>Produktvorteile</h2>
  <ul>
    <li>Wind- und wasserdicht nach ISO-Norm</li>
    <li>CSC-zertifiziert für weltweiten Seetransport</li>
    <li>Stabile Stahlkonstruktion</li>
    <li>Sofort verfügbar - Kurze Lieferzeiten</li>
    <li>Flexible Zahlungsoptionen möglich</li>
  </ul>
  
  <h2>Technische Spezifikationen</h2>
  <table border=""0"" cellspacing=""0"" cellpadding=""5"">
    <tr>
      <td><strong>Material</strong></td>
      <td>Hochwertiger Stahl / Cortenstahl</td>
    </tr>
    <tr>
      <td><strong>Zustand</strong></td>
      <td>Neu oder Gebraucht</td>
    </tr>
    <tr>
      <td><strong>Zertifizierung</strong></td>
      <td>ISO 668, CSC-Plakette</td>
    </tr>
    <tr>
      <td><strong>Verfügbarkeit</strong></td>
      <td>Sofort lieferbar</td>
    </tr>
  </table>
  
  <h2>Beschreibung</h2>
  <p>Der Barbehälter ist dank seines schnell montierbaren Designs ein sicherer Einstieg in Ihr Abenteuer. – Zerlegbarer Barcontainer für Heimwerker – Außenmaße (LxBxH): 4582,3 x 2949,9 x 2238,4 mm – Innenmaße (LxBxH): 4419,7 x 2789 x 2230 mm – Türmaße (LxH): 1750 x 2050 mm – Erhältlich in allen RAL-Farben – Das Dach des Containers ist gesichert durch zwei Zylinderschlösser auf beiden Seiten – Vollständig selbsttragende Konstruktion inklusive Boden</p>
  
  <h2>Typische Anwendungsbereiche</h2>
  <ul>
    <li>Lagerung von Baumaterialien</li>
    <li>Warenlager für Handel</li>
    <li>Seefracht-Transport</li>
    <li>Mobile Werkstatt</li>
    <li>Zwischenlager bei Umzügen</li>
  </ul>
  
  <h2>Unsere Serviceleistungen</h2>
  <ul>
    <li>Kostenlose Lieferung (auf Anfrage)</li>
    <li>Professionelle Beratung</li>
    <li>Finanzierung möglich</li>
    <li>30 Tage Rückgabegarantie</li>
  </ul>
</div>",GSHandels,"Container","Container, GSHandels, Lagerung, Transport, Neu, Barcontainer",true,Title,Default Title,,,,,BA525413K,,shopify,10,deny,manual,1592.00,,true,true,,https://gshandels.com/wp-content/uploads/2026/04/130d33_4a0dc6cb42c541bab1f064d3bd2f5a0amv2-1.webp,1,"XL zerlegbarer Barcontainer 4×3 Meter Weiß RAL 9016-Neu",false,"XL zerlegbarer Barcontainer 4×3 Meter Weiß RAL 9016-Neu | GSHandels - Professionelle Containerlösungen","Hochwertiger XL zerlegbarer Barcontainer 4×3 Meter Weiß RAL 9016-Neu von GSHandels. Professionelle Containerlösungen für Lagerung, Transport und gewerbliche Nutzung. Jetzt unverbindlich anfragen!",594,active
ba171325f,"Zerlegbarer Barcontainer 4×2 Meter XL Blau RAL 5015-Neu","<div class=""product-description"">
  <h1>Zerlegbarer Barcontainer 4×2 Meter XL Blau RAL 5015-Neu</h1>
  
  <h2>Produktvorteile</h2>
  <ul>
    <li>Wind- und wasserdicht nach ISO-Norm</li>
    <li>CSC-zertifiziert für weltweiten Seetransport</li>
    <li>Stabile Stahlkonstruktion</li>
    <li>Sofort verfügbar - Kurze Lieferzeiten</li>
    <li>Flexible Zahlungsoptionen möglich</li>
  </ul>
  
  <h2>Technische Spezifikationen</h2>
  <table border=""0"" cellspacing=""0"" cellpadding=""5"">
    <tr>
      <td><strong>Material</strong></td>
      <td>Hochwertiger Stahl / Cortenstahl</td>
    </tr>
    <tr>
      <td><strong>Zustand</strong></td>
      <td>Neu oder Gebraucht</td>
    </tr>
    <tr>
      <td><strong>Zertifizierung</strong></td>
      <td>ISO 668, CSC-Plakette</td>
    </tr>
    <tr>
      <td><strong>Verfügbarkeit</strong></td>
      <td>Sofort lieferbar</td>
    </tr>
  </table>
  
  <h2>Beschreibung</h2>
  <p>Auf Einfachheit ausgelegt und aus hochwertigen Materialien hergestellt. Seine klare Geometrie und Materialkombination sorgen für einen modernen Look. – Abnehmbarer Barbehälter zur Selbstmontage – Außenmaße (LxBxH): 3882 x 2290 x 2240 mm – Innenmaße (LxBxH): 3802 x 2210 x 2100 mm – Türmaße: (LxH): 1750 x 2050 mm – Die Farbe des Behälters ist RAL Blau 5012 – Der Behälterdeckel ist mit gesichert zwei Zylinderschlösser auf beiden Seiten. – Völlig selbsttragende Konstruktion, einschließlich Boden.</p>
  
  <h2>Typische Anwendungsbereiche</h2>
  <ul>
    <li>Lagerung von Baumaterialien</li>
    <li>Warenlager für Handel</li>
    <li>Seefracht-Transport</li>
    <li>Mobile Werkstatt</li>
    <li>Zwischenlager bei Umzügen</li>
  </ul>
  
  <h2>Unsere Serviceleistungen</h2>
  <ul>
    <li>Kostenlose Lieferung (auf Anfrage)</li>
    <li>Professionelle Beratung</li>
    <li>Finanzierung möglich</li>
    <li>30 Tage Rückgabegarantie</li>
  </ul>
</div>",GSHandels,"Container","Container, GSHandels, Lagerung, Transport, Neu, Barcontainer",true,Title,Default Title,,,,,BA171325F,,shopify,10,deny,manual,1160.00,,true,true,,https://gshandels.com/wp-content/uploads/2026/04/130d33_27423affee4c4059a05c5ac92f8ebe68mv2-1.webp,1,"Zerlegbarer Barcontainer 4×2 Meter XL Blau RAL 5015-Neu",false,"Zerlegbarer Barcontainer 4×2 Meter XL Blau RAL 5015-Neu | GSHandels - Professionelle Containerlösungen","Hochwertiger Zerlegbarer Barcontainer 4×2 Meter XL Blau RAL 5015-Neu von GSHandels. Professionelle Containerlösungen für Lagerung, Transport und gewerbliche Nutzung. Jetzt unverbindlich anfragen!",594,active
ba77864po,"XL zerlegbarer Barcontainer 3×2 m Rosa RAL 3015-Neu","<div class=""product-description"">
  <h1>XL zerlegbarer Barcontainer 3×2 m Rosa RAL 3015-Neu</h1>
  
  <h2>Produktvorteile</h2>
  <ul>
    <li>Wind- und wasserdicht nach ISO-Norm</li>
    <li>CSC-zertifiziert für weltweiten Seetransport</li>
    <li>Stabile Stahlkonstruktion</li>
    <li>Sofort verfügbar - Kurze Lieferzeiten</li>
    <li>Flexible Zahlungsoptionen möglich</li>
  </ul>
  
  <h2>Technische Spezifikationen</h2>
  <table border=""0"" cellspacing=""0"" cellpadding=""5"">
    <tr>
      <td><strong>Material</strong></td>
      <td>Hochwertiger Stahl / Cortenstahl</td>
    </tr>
    <tr>
      <td><strong>Zustand</strong></td>
      <td>Neu oder Gebraucht</td>
    </tr>
    <tr>
      <td><strong>Zertifizierung</strong></td>
      <td>ISO 668, CSC-Plakette</td>
    </tr>
    <tr>
      <td><strong>Verfügbarkeit</strong></td>
      <td>Sofort lieferbar</td>
    </tr>
  </table>
  
  <h2>Beschreibung</h2>
  <p>Die perfekte Möglichkeit, Kunden oder Freunden ein Getränk anzubieten. Ein einfacher, aber robuster Barbehälter, robust und langlebig. – Selbstmontierter und abnehmbarer Barbehälter – Außenmaße (LxBxH): 2952 x 2290 x 2240 mm – Innenmaße (LxBxH): 2795 x 2130 x 2100 mm – Türmaße: (LxH): 1750 x 2050 mm – Die Farbe des Behälters ist RAL Pink 3014 – Der Behälterdeckel ist mit gesichert zwei Zylinderschlösser auf beiden Seiten. – Völlig selbsttragende Konstruktion, einschließlich Boden.</p>
  
  <h2>Typische Anwendungsbereiche</h2>
  <ul>
    <li>Lagerung von Baumaterialien</li>
    <li>Warenlager für Handel</li>
    <li>Seefracht-Transport</li>
    <li>Mobile Werkstatt</li>
    <li>Zwischenlager bei Umzügen</li>
  </ul>
  
  <h2>Unsere Serviceleistungen</h2>
  <ul>
    <li>Kostenlose Lieferung (auf Anfrage)</li>
    <li>Professionelle Beratung</li>
    <li>Finanzierung möglich</li>
    <li>30 Tage Rückgabegarantie</li>
  </ul>
</div>",GSHandels,"Container","Container, GSHandels, Lagerung, Transport, Neu, Barcontainer",true,Title,Default Title,,,,,BA77864PO,,shopify,10,deny,manual,952.00,,true,true,,https://gshandels.com/wp-content/uploads/2026/04/130d33_aa3101764397403d930dd61ed9cdd2fcmv2-1.webp,1,"XL zerlegbarer Barcontainer 3×2 m Rosa RAL 3015-Neu",false,"XL zerlegbarer Barcontainer 3×2 m Rosa RAL 3015-Neu | GSHandels - Professionelle Containerlösungen","Hochwertiger XL zerlegbarer Barcontainer 3×2 m Rosa RAL 3015-Neu von GSHandels. Professionelle Containerlösungen für Lagerung, Transport und gewerbliche Nutzung. Jetzt unverbindlich anfragen!",594,active
ba654651z,"XL zerlegbarer Barcontainer 3×2 Meter Weiß RAL 9016-Neu","<div class=""product-description"">
  <h1>XL zerlegbarer Barcontainer 3×2 Meter Weiß RAL 9016-Neu</h1>
  
  <h2>Produktvorteile</h2>
  <ul>
    <li>Wind- und wasserdicht nach ISO-Norm</li>
    <li>CSC-zertifiziert für weltweiten Seetransport</li>
    <li>Stabile Stahlkonstruktion</li>
    <li>Sofort verfügbar - Kurze Lieferzeiten</li>
    <li>Flexible Zahlungsoptionen möglich</li>
  </ul>
  
  <h2>Technische Spezifikationen</h2>
  <table border=""0"" cellspacing=""0"" cellpadding=""5"">
    <tr>
      <td><strong>Material</strong></td>
      <td>Hochwertiger Stahl / Cortenstahl</td>
    </tr>
    <tr>
      <td><strong>Zustand</strong></td>
      <td>Neu oder Gebraucht</td>
    </tr>
    <tr>
      <td><strong>Zertifizierung</strong></td>
      <td>ISO 668, CSC-Plakette</td>
    </tr>
    <tr>
      <td><strong>Verfügbarkeit</strong></td>
      <td>Sofort lieferbar</td>
    </tr>
  </table>
  
  <h2>Beschreibung</h2>
  <p>Die perfekte Möglichkeit, Kunden oder Freunden ein Getränk anzubieten. Ein einfacher, aber stabiler klappbarer Barbehälter, robust und langlebig. – Selbstmontierter und abnehmbarer Barbehälter – Außenmaße (LxBxH): 2952 x 2290 x 2240 mm – Innenmaße (LxBxH): 2795 x 2130 x 2100 mm – Türmaße: (LxH): 1750 x 2050 mm – Die Farbe des Behälters ist RAL Weiß 9016 – Der Behälterdeckel ist mit gesichert zwei Zylinderschlösser auf beiden Seiten. – Völlig selbsttragende Konstruktion, einschließlich Boden.</p>
  
  <h2>Typische Anwendungsbereiche</h2>
  <ul>
    <li>Lagerung von Baumaterialien</li>
    <li>Warenlager für Handel</li>
    <li>Seefracht-Transport</li>
    <li>Mobile Werkstatt</li>
    <li>Zwischenlager bei Umzügen</li>
  </ul>
  
  <h2>Unsere Serviceleistungen</h2>
  <ul>
    <li>Kostenlose Lieferung (auf Anfrage)</li>
    <li>Professionelle Beratung</li>
    <li>Finanzierung möglich</li>
    <li>30 Tage Rückgabegarantie</li>
  </ul>
</div>",GSHandels,"Container","Container, GSHandels, Lagerung, Transport, Neu, Barcontainer",true,Title,Default Title,,,,,BA654651Z,,shopify,10,deny,manual,952.00,,true,true,,https://gshandels.com/wp-content/uploads/2026/04/130d33_564f5bb7486948dda68e9a43092fc230mv2-scaled-1.webp,1,"XL zerlegbarer Barcontainer 3×2 Meter Weiß RAL 9016-Neu",false,"XL zerlegbarer Barcontainer 3×2 Meter Weiß RAL 9016-Neu | GSHandels - Professionelle Containerlösungen","Hochwertiger XL zerlegbarer Barcontainer 3×2 Meter Weiß RAL 9016-Neu von GSHandels. Professionelle Containerlösungen für Lagerung, Transport und gewerbliche Nutzung. Jetzt unverbindlich anfragen!",594,active
ba77433pl,"XL zerlegbarer Barcontainer 3×2 m Grün RAL 6016-Neu","<div class=""product-description"">
  <h1>XL zerlegbarer Barcontainer 3×2 m Grün RAL 6016-Neu</h1>
  
  <h2>Produktvorteile</h2>
  <ul>
    <li>Wind- und wasserdicht nach ISO-Norm</li>
    <li>CSC-zertifiziert für weltweiten Seetransport</li>
    <li>Stabile Stahlkonstruktion</li>
    <li>Sofort verfügbar - Kurze Lieferzeiten</li>
    <li>Flexible Zahlungsoptionen möglich</li>
  </ul>
  
  <h2>Technische Spezifikationen</h2>
  <table border=""0"" cellspacing=""0"" cellpadding=""5"">
    <tr>
      <td><strong>Material</strong></td>
      <td>Hochwertiger Stahl / Cortenstahl</td>
    </tr>
    <tr>
      <td><strong>Zustand</strong></td>
      <td>Neu oder Gebraucht</td>
    </tr>
    <tr>
      <td><strong>Zertifizierung</strong></td>
      <td>ISO 668, CSC-Plakette</td>
    </tr>
    <tr>
      <td><strong>Verfügbarkeit</strong></td>
      <td>Sofort lieferbar</td>
    </tr>
  </table>
  
  <h2>Beschreibung</h2>
  <p>Die perfekte Möglichkeit, Kunden oder Freunden ein Getränk anzubieten. Ein einfacher, aber stabiler klappbarer Barbehälter, robust und langlebig. – Selbstmontierbarer und zerlegbarer Barbehälter – Außenmaße (LxBxH): 2952 x 2290 x 2240 mm – Innenmaße (LxBxH): 2795 x 2130 x 2100 mm – Türmaße: (LxH): 1750 x 2050 mm – Die Farbe des Behälters ist RAL Grün 6016 – Behälterdeckel ist beidseitig mit zwei Zylinderschlössern gesichert. – Völlig selbsttragende Konstruktion, inklusive Boden.</p>
  
  <h2>Typische Anwendungsbereiche</h2>
  <ul>
    <li>Lagerung von Baumaterialien</li>
    <li>Warenlager für Handel</li>
    <li>Seefracht-Transport</li>
    <li>Mobile Werkstatt</li>
    <li>Zwischenlager bei Umzügen</li>
  </ul>
  
  <h2>Unsere Serviceleistungen</h2>
  <ul>
    <li>Kostenlose Lieferung (auf Anfrage)</li>
    <li>Professionelle Beratung</li>
    <li>Finanzierung möglich</li>
    <li>30 Tage Rückgabegarantie</li>
  </ul>
</div>",GSHandels,"Container","Container, GSHandels, Lagerung, Transport, Neu, Barcontainer",true,Title,Default Title,,,,,BA77433PL,,shopify,10,deny,manual,960.00,,true,true,,https://gshandels.com/wp-content/uploads/2026/04/130d33_c58cb6d03f454f5a936de8fc93365638mv2-1.webp,1,"XL zerlegbarer Barcontainer 3×2 m Grün RAL 6016-Neu",false,"XL zerlegbarer Barcontainer 3×2 m Grün RAL 6016-Neu | GSHandels - Professionelle Containerlösungen","Hochwertiger XL zerlegbarer Barcontainer 3×2 m Grün RAL 6016-Neu von GSHandels. Professionelle Containerlösungen für Lagerung, Transport und gewerbliche Nutzung. Jetzt unverbindlich anfragen!",594,active
ba24542w,"Zerlegbarer Barcontainer 8×2 Meter Schwarz RAL 9005-Neu","<div class=""product-description"">
  <h1>Zerlegbarer Barcontainer 8×2 Meter Schwarz RAL 9005-Neu</h1>
  
  <h2>Produktvorteile</h2>
  <ul>
    <li>Wind- und wasserdicht nach ISO-Norm</li>
    <li>CSC-zertifiziert für weltweiten Seetransport</li>
    <li>Stabile Stahlkonstruktion</li>
    <li>Sofort verfügbar - Kurze Lieferzeiten</li>
    <li>Flexible Zahlungsoptionen möglich</li>
  </ul>
  
  <h2>Technische Spezifikationen</h2>
  <table border=""0"" cellspacing=""0"" cellpadding=""5"">
    <tr>
      <td><strong>Material</strong></td>
      <td>Hochwertiger Stahl / Cortenstahl</td>
    </tr>
    <tr>
      <td><strong>Zustand</strong></td>
      <td>Neu oder Gebraucht</td>
    </tr>
    <tr>
      <td><strong>Zertifizierung</strong></td>
      <td>ISO 668, CSC-Plakette</td>
    </tr>
    <tr>
      <td><strong>Verfügbarkeit</strong></td>
      <td>Sofort lieferbar</td>
    </tr>
  </table>
  
  <h2>Beschreibung</h2>
  <p>Auf Einfachheit ausgelegt und aus hochwertigen Materialien hergestellt. Seine klare Geometrie und Materialkombination sorgen für einen modernen Look. – Zerlegbarer und selbstgebauter Barcontainer – Außenmaße (LxBxH): 7767 x 2142 x 2088 mm – Innenmaße (LxBxH): 7612 x 2062 x 1950 mm – Türmaße (LxH): 1750 x 1850 mm – Vollständig zerlegbar. – Erhältlich in allen RAL-Farben. – Behälteröffnungen sind sicher. – Vollständig selbsttragende Konstruktion, einschließlich Boden.</p>
  
  <h2>Typische Anwendungsbereiche</h2>
  <ul>
    <li>Lagerung von Baumaterialien</li>
    <li>Warenlager für Handel</li>
    <li>Seefracht-Transport</li>
    <li>Mobile Werkstatt</li>
    <li>Zwischenlager bei Umzügen</li>
  </ul>
  
  <h2>Unsere Serviceleistungen</h2>
  <ul>
    <li>Kostenlose Lieferung (auf Anfrage)</li>
    <li>Professionelle Beratung</li>
    <li>Finanzierung möglich</li>
    <li>30 Tage Rückgabegarantie</li>
  </ul>
</div>",GSHandels,"Container","Container, GSHandels, Lagerung, Transport, Neu, Barcontainer",true,Title,Default Title,,,,,BA24542W,,shopify,10,deny,manual,2559.20,,true,true,,https://gshandels.com/wp-content/uploads/2026/04/130d33_73a20160074a4810a00b6fd608b1e109mv2-1.webp,1,"Zerlegbarer Barcontainer 8×2 Meter Schwarz RAL 9005-Neu",false,"Zerlegbarer Barcontainer 8×2 Meter Schwarz RAL 9005-Neu | GSHandels - Professionelle Containerlösungen","Hochwertiger Zerlegbarer Barcontainer 8×2 Meter Schwarz RAL 9005-Neu von GSHandels. Professionelle Containerlösungen für Lagerung, Transport und gewerbliche Nutzung. Jetzt unverbindlich anfragen!",594,active
ba47523ui,"Zerlegbarer Barcontainer 6×2 Meter XL Schwarz RAL 9005-Neu","<div class=""product-description"">
  <h1>Zerlegbarer Barcontainer 6×2 Meter XL Schwarz RAL 9005-Neu</h1>
  
  <h2>Produktvorteile</h2>
  <ul>
    <li>Wind- und wasserdicht nach ISO-Norm</li>
    <li>CSC-zertifiziert für weltweiten Seetransport</li>
    <li>Stabile Stahlkonstruktion</li>
    <li>Sofort verfügbar - Kurze Lieferzeiten</li>
    <li>Flexible Zahlungsoptionen möglich</li>
  </ul>
  
  <h2>Technische Spezifikationen</h2>
  <table border=""0"" cellspacing=""0"" cellpadding=""5"">
    <tr>
      <td><strong>Material</strong></td>
      <td>Hochwertiger Stahl / Cortenstahl</td>
    </tr>
    <tr>
      <td><strong>Zustand</strong></td>
      <td>Neu oder Gebraucht</td>
    </tr>
    <tr>
      <td><strong>Zertifizierung</strong></td>
      <td>ISO 668, CSC-Plakette</td>
    </tr>
    <tr>
      <td><strong>Verfügbarkeit</strong></td>
      <td>Sofort lieferbar</td>
    </tr>
  </table>
  
  <h2>Beschreibung</h2>
  <p>Diese Version unserer Containerbar eignet sich ideal für den Einsatz als Outdoor-Bar auf einer Terrasse. – Zerlegbarer und selbstgebauter Barcontainer – Außenabmessungen (LxBxH): 5903,2 x 2289,7 x 2238,5 mm – Innenabmessungen (LxBxH): 5741 x 2130 x 2230 mm – Türabmessungen: (LxH): 1750 x 1850 mm – Komplett abnehmbar – In allen RAL-Farben erhältlich – Container Öffnungen sind sicher – Völlig selbsttragende Konstruktion, einschließlich Boden</p>
  
  <h2>Typische Anwendungsbereiche</h2>
  <ul>
    <li>Lagerung von Baumaterialien</li>
    <li>Warenlager für Handel</li>
    <li>Seefracht-Transport</li>
    <li>Mobile Werkstatt</li>
    <li>Zwischenlager bei Umzügen</li>
  </ul>
  
  <h2>Unsere Serviceleistungen</h2>
  <ul>
    <li>Kostenlose Lieferung (auf Anfrage)</li>
    <li>Professionelle Beratung</li>
    <li>Finanzierung möglich</li>
    <li>30 Tage Rückgabegarantie</li>
  </ul>
</div>",GSHandels,"Container","Container, GSHandels, Lagerung, Transport, Neu, Barcontainer",true,Title,Default Title,,,,,BA47523UI,,shopify,10,deny,manual,2324.00,,true,true,,https://gshandels.com/wp-content/uploads/2026/04/130d33_28bb107185cf47b3bb4aeadbebb46f42mv2-1.webp,1,"Zerlegbarer Barcontainer 6×2 Meter XL Schwarz RAL 9005-Neu",false,"Zerlegbarer Barcontainer 6×2 Meter XL Schwarz RAL 9005-Neu | GSHandels - Professionelle Containerlösungen","Hochwertiger Zerlegbarer Barcontainer 6×2 Meter XL Schwarz RAL 9005-Neu von GSHandels. Professionelle Containerlösungen für Lagerung, Transport und gewerbliche Nutzung. Jetzt unverbindlich anfragen!",594,active
ba545651,"XL zerlegbarer Barbehälter 3 x 2 Meter Schwarz RAL 9005-Neu","<div class=""product-description"">
  <h1>XL zerlegbarer Barbehälter 3 x 2 Meter Schwarz RAL 9005-Neu</h1>
  
  <h2>Produktvorteile</h2>
  <ul>
    <li>Wind- und wasserdicht nach ISO-Norm</li>
    <li>CSC-zertifiziert für weltweiten Seetransport</li>
    <li>Stabile Stahlkonstruktion</li>
    <li>Sofort verfügbar - Kurze Lieferzeiten</li>
    <li>Flexible Zahlungsoptionen möglich</li>
  </ul>
  
  <h2>Technische Spezifikationen</h2>
  <table border=""0"" cellspacing=""0"" cellpadding=""5"">
    <tr>
      <td><strong>Material</strong></td>
      <td>Hochwertiger Stahl / Cortenstahl</td>
    </tr>
    <tr>
      <td><strong>Zustand</strong></td>
      <td>Neu oder Gebraucht</td>
    </tr>
    <tr>
      <td><strong>Zertifizierung</strong></td>
      <td>ISO 668, CSC-Plakette</td>
    </tr>
    <tr>
      <td><strong>Verfügbarkeit</strong></td>
      <td>Sofort lieferbar</td>
    </tr>
  </table>
  
  <h2>Beschreibung</h2>
  <p>Der Barbehälter ist dank seines schnell montierbaren Designs ein sicherer Einstieg in Ihr Abenteuer. – Zerlegbarer Barcontainer zum Selbermachen – Außenmaße (LxBxH): 2952 x 2290 x 2240 mm – Innenmaße (LxBxH): 2795 x 2130 x 2100 mm – Türmaße (LxH): 1750 x 2050 mm – In allen RAL-Farben erhältlich – Das Dach des Containers ist beidseitig durch zwei Schließzylinder gesichert – Vollständig selbsttragende Konstruktion inklusive Boden</p>
  
  <h2>Typische Anwendungsbereiche</h2>
  <ul>
    <li>Lagerung von Baumaterialien</li>
    <li>Warenlager für Handel</li>
    <li>Seefracht-Transport</li>
    <li>Mobile Werkstatt</li>
    <li>Zwischenlager bei Umzügen</li>
  </ul>
  
  <h2>Unsere Serviceleistungen</h2>
  <ul>
    <li>Kostenlose Lieferung (auf Anfrage)</li>
    <li>Professionelle Beratung</li>
    <li>Finanzierung möglich</li>
    <li>30 Tage Rückgabegarantie</li>
  </ul>
</div>",GSHandels,"Container","Container, GSHandels, Lagerung, Transport, Neu, Barcontainer",true,Title,Default Title,,,,,BA545651,,shopify,10,deny,manual,880.00,,true,true,,https://gshandels.com/wp-content/uploads/2026/04/130d33_2ac693d3783c467db2dd4cc4b25e640dmv2-1.webp,1,"XL zerlegbarer Barbehälter 3 x 2 Meter Schwarz RAL 9005-Neu",false,"XL zerlegbarer Barbehälter 3 x 2 Meter Schwarz RAL 9005-Neu | GSHandels - Professionelle Containerlösungen","Hochwertiger XL zerlegbarer Barbehälter 3 x 2 Meter Schwarz RAL 9005-Neu von GSHandels. Professionelle Containerlösungen für Lagerung, Transport und gewerbliche Nutzung. Jetzt unverbindlich anfragen!",594,active
ba565684m,"Zerlegbarer Barcontainer 4×2 Meter XL Schwarz RAL 9005-Neu","<div class=""product-description"">
  <h1>Zerlegbarer Barcontainer 4×2 Meter XL Schwarz RAL 9005-Neu</h1>
  
  <h2>Produktvorteile</h2>
  <ul>
    <li>Wind- und wasserdicht nach ISO-Norm</li>
    <li>CSC-zertifiziert für weltweiten Seetransport</li>
    <li>Stabile Stahlkonstruktion</li>
    <li>Sofort verfügbar - Kurze Lieferzeiten</li>
    <li>Flexible Zahlungsoptionen möglich</li>
  </ul>
  
  <h2>Technische Spezifikationen</h2>
  <table border=""0"" cellspacing=""0"" cellpadding=""5"">
    <tr>
      <td><strong>Material</strong></td>
      <td>Hochwertiger Stahl / Cortenstahl</td>
    </tr>
    <tr>
      <td><strong>Zustand</strong></td>
      <td>Neu oder Gebraucht</td>
    </tr>
    <tr>
      <td><strong>Zertifizierung</strong></td>
      <td>ISO 668, CSC-Plakette</td>
    </tr>
    <tr>
      <td><strong>Verfügbarkeit</strong></td>
      <td>Sofort lieferbar</td>
    </tr>
  </table>
  
  <h2>Beschreibung</h2>
  <p>Der Barbehälter ist dank seines schnell montierbaren Designs ein sicherer Einstieg in Ihr Abenteuer. – Abnehmbarer Barbehälter zur Selbstmontage – Außenmaße (LxBxH): 3882 x 2290 x 2240 mm – Innenmaße (LxBxH): 3802 x 2210 x 2100 mm – Türmaße: (LxH): 1750 x 2050 mm – Erhältlich in allen RAL-Farben – Der Deckel Der Behälter wird durch zwei Zylinderschlösser an beiden gesichert Seiten. – Völlig selbsttragende Konstruktion, einschließlich Boden.</p>
  
  <h2>Typische Anwendungsbereiche</h2>
  <ul>
    <li>Lagerung von Baumaterialien</li>
    <li>Warenlager für Handel</li>
    <li>Seefracht-Transport</li>
    <li>Mobile Werkstatt</li>
    <li>Zwischenlager bei Umzügen</li>
  </ul>
  
  <h2>Unsere Serviceleistungen</h2>
  <ul>
    <li>Kostenlose Lieferung (auf Anfrage)</li>
    <li>Professionelle Beratung</li>
    <li>Finanzierung möglich</li>
    <li>30 Tage Rückgabegarantie</li>
  </ul>
</div>",GSHandels,"Container","Container, GSHandels, Lagerung, Transport, Neu, Barcontainer",true,Title,Default Title,,,,,BA565684M,,shopify,10,deny,manual,1120.00,,true,true,,https://gshandels.com/wp-content/uploads/2026/04/130d33_49aa721959964616a4f366b1b0d283d0mv2-1.webp,1,"Zerlegbarer Barcontainer 4×2 Meter XL Schwarz RAL 9005-Neu",false,"Zerlegbarer Barcontainer 4×2 Meter XL Schwarz RAL 9005-Neu | GSHandels - Professionelle Containerlösungen","Hochwertiger Zerlegbarer Barcontainer 4×2 Meter XL Schwarz RAL 9005-Neu von GSHandels. Professionelle Containerlösungen für Lagerung, Transport und gewerbliche Nutzung. Jetzt unverbindlich anfragen!",594,active
st69324e6,"Großer Lagercontainer Standardmodell 8 x 2 Meter-Neu","<div class=""product-description"">
  <h1>Großer Lagercontainer Standardmodell 8 x 2 Meter-Neu</h1>
  
  <h2>Produktvorteile</h2>
  <ul>
    <li>Wind- und wasserdicht nach ISO-Norm</li>
    <li>CSC-zertifiziert für weltweiten Seetransport</li>
    <li>Stabile Stahlkonstruktion</li>
    <li>Sofort verfügbar - Kurze Lieferzeiten</li>
    <li>Flexible Zahlungsoptionen möglich</li>
  </ul>
  
  <h2>Technische Spezifikationen</h2>
  <table border=""0"" cellspacing=""0"" cellpadding=""5"">
    <tr>
      <td><strong>Material</strong></td>
      <td>Hochwertiger Stahl / Cortenstahl</td>
    </tr>
    <tr>
      <td><strong>Zustand</strong></td>
      <td>Neu oder Gebraucht</td>
    </tr>
    <tr>
      <td><strong>Zertifizierung</strong></td>
      <td>ISO 668, CSC-Plakette</td>
    </tr>
    <tr>
      <td><strong>Verfügbarkeit</strong></td>
      <td>Sofort lieferbar</td>
    </tr>
  </table>
  
  <h2>Beschreibung</h2>
  <p>Außenmaße (LxBxH): 7765 x 2142 x 2088 mmInnenmaße (LxBxH): 7693 x 1990 x 1950 mmKurze MontagezeitKomplett zerlegbarIn allen RAL-Farben erhältlichVollständig selbsttragende Konstruktion, inklusive Boden2 Doppeltüren sind im Preis inbegriffen! Verschiedene Konfigurationen möglich, Paneele gleicher Größe sind austauschbar. Anzahl der Türen auf der Seite: 8 Meter</p>
  
  <h2>Typische Anwendungsbereiche</h2>
  <ul>
    <li>Lagerung von Baumaterialien</li>
    <li>Warenlager für Handel</li>
    <li>Seefracht-Transport</li>
    <li>Mobile Werkstatt</li>
    <li>Zwischenlager bei Umzügen</li>
  </ul>
  
  <h2>Unsere Serviceleistungen</h2>
  <ul>
    <li>Kostenlose Lieferung (auf Anfrage)</li>
    <li>Professionelle Beratung</li>
    <li>Finanzierung möglich</li>
    <li>30 Tage Rückgabegarantie</li>
  </ul>
</div>",GSHandels,"Container","Container, GSHandels, Lagerung, Transport, Neu",true,Title,Default Title,,,,,ST69324E6,,shopify,10,deny,manual,2751.20,,true,true,,https://gshandels.com/wp-content/uploads/2026/04/130d33_4192de8f37e1421d9832a17781a9094dmv2-1.webp,1,"Großer Lagercontainer Standardmodell 8 x 2 Meter-Neu",false,"Großer Lagercontainer Standardmodell 8 x 2 Meter-Neu | GSHandels - Professionelle Containerlösungen","Hochwertiger Großer Lagercontainer Standardmodell 8 x 2 Meter-Neu von GSHandels. Professionelle Containerlösungen für Lagerung, Transport und gewerbliche Nutzung. Jetzt unverbindlich anfragen!",594,active
st77843mo,"Großer Standard-Lagercontainer 6 x 4 Meter-Neu","<div class=""product-description"">
  <h1>Großer Standard-Lagercontainer 6 x 4 Meter-Neu</h1>
  
  <h2>Produktvorteile</h2>
  <ul>
    <li>Wind- und wasserdicht nach ISO-Norm</li>
    <li>CSC-zertifiziert für weltweiten Seetransport</li>
    <li>Stabile Stahlkonstruktion</li>
    <li>Sofort verfügbar - Kurze Lieferzeiten</li>
    <li>Flexible Zahlungsoptionen möglich</li>
  </ul>
  
  <h2>Technische Spezifikationen</h2>
  <table border=""0"" cellspacing=""0"" cellpadding=""5"">
    <tr>
      <td><strong>Material</strong></td>
      <td>Hochwertiger Stahl / Cortenstahl</td>
    </tr>
    <tr>
      <td><strong>Zustand</strong></td>
      <td>Neu oder Gebraucht</td>
    </tr>
    <tr>
      <td><strong>Zertifizierung</strong></td>
      <td>ISO 668, CSC-Plakette</td>
    </tr>
    <tr>
      <td><strong>Verfügbarkeit</strong></td>
      <td>Sofort lieferbar</td>
    </tr>
  </table>
  
  <h2>Beschreibung</h2>
  <p>Außenmaße (LxBxH): 3882 x 6432 x 2088 mmInnenmaße (LxBxH): 3802 x 6356 x 1950 mmKurze MontagezeitKomplett zerlegbarIn allen RAL-Farben erhältlichVollständig selbsttragende Konstruktion, inklusive Boden3 Doppeltüren sind im Preis inbegriffen! Verschiedene Konfigurationen möglich, Panels gleicher Größe sind austauschbar</p>
  
  <h2>Typische Anwendungsbereiche</h2>
  <ul>
    <li>Lagerung von Baumaterialien</li>
    <li>Warenlager für Handel</li>
    <li>Seefracht-Transport</li>
    <li>Mobile Werkstatt</li>
    <li>Zwischenlager bei Umzügen</li>
  </ul>
  
  <h2>Unsere Serviceleistungen</h2>
  <ul>
    <li>Kostenlose Lieferung (auf Anfrage)</li>
    <li>Professionelle Beratung</li>
    <li>Finanzierung möglich</li>
    <li>30 Tage Rückgabegarantie</li>
  </ul>
</div>",GSHandels,"Container","Container, GSHandels, Lagerung, Transport, Neu",true,Title,Default Title,,,,,ST77843MO,,shopify,10,deny,manual,2599.20,,true,true,,https://gshandels.com/wp-content/uploads/2026/04/130d33_652afe873054430d9662d95020ae17demv2-1.webp,1,"Großer Standard-Lagercontainer 6 x 4 Meter-Neu",false,"Großer Standard-Lagercontainer 6 x 4 Meter-Neu | GSHandels - Professionelle Containerlösungen","Hochwertiger Großer Standard-Lagercontainer 6 x 4 Meter-Neu von GSHandels. Professionelle Containerlösungen für Lagerung, Transport und gewerbliche Nutzung. Jetzt unverbindlich anfragen!",594,active
st77463gv,"Lagercontainer 5 x 2 Meter – mit Doppeltür an der Längsseite-Neu","<div class=""product-description"">
  <h1>Lagercontainer 5 x 2 Meter – mit Doppeltür an der Längsseite-Neu</h1>
  
  <h2>Produktvorteile</h2>
  <ul>
    <li>Wind- und wasserdicht nach ISO-Norm</li>
    <li>CSC-zertifiziert für weltweiten Seetransport</li>
    <li>Stabile Stahlkonstruktion</li>
    <li>Sofort verfügbar - Kurze Lieferzeiten</li>
    <li>Flexible Zahlungsoptionen möglich</li>
  </ul>
  
  <h2>Technische Spezifikationen</h2>
  <table border=""0"" cellspacing=""0"" cellpadding=""5"">
    <tr>
      <td><strong>Material</strong></td>
      <td>Hochwertiger Stahl / Cortenstahl</td>
    </tr>
    <tr>
      <td><strong>Zustand</strong></td>
      <td>Neu oder Gebraucht</td>
    </tr>
    <tr>
      <td><strong>Zertifizierung</strong></td>
      <td>ISO 668, CSC-Plakette</td>
    </tr>
    <tr>
      <td><strong>Verfügbarkeit</strong></td>
      <td>Sofort lieferbar</td>
    </tr>
  </table>
  
  <h2>Beschreibung</h2>
  <p>ZerlegbarAußenmaße (LxBxH): 4882 x 2290 x 2240 mmInnenmaße (LxBxH): 4727 x 2135 x 2100 mmTürmaße: (LxH): 1750 (813 + 937 mm) x 2030 mmAbstand für Gabeldurchfahrt: 850 mmKomplett selbsttragend aufgebaut, inklusive Boden</p>
  
  <h2>Typische Anwendungsbereiche</h2>
  <ul>
    <li>Lagerung von Baumaterialien</li>
    <li>Warenlager für Handel</li>
    <li>Seefracht-Transport</li>
    <li>Mobile Werkstatt</li>
    <li>Zwischenlager bei Umzügen</li>
  </ul>
  
  <h2>Unsere Serviceleistungen</h2>
  <ul>
    <li>Kostenlose Lieferung (auf Anfrage)</li>
    <li>Professionelle Beratung</li>
    <li>Finanzierung möglich</li>
    <li>30 Tage Rückgabegarantie</li>
  </ul>
</div>",GSHandels,"Container","Container, GSHandels, Lagerung, Transport, Neu",true,Title,Default Title,,,,,ST77463GV,,shopify,10,deny,manual,1519.20,,true,true,,https://gshandels.com/wp-content/uploads/2026/04/130d33_2cc55865a7744ae3aa256683d79131c7mv2-1.webp,1,"Lagercontainer 5 x 2 Meter – mit Doppeltür an der Längsseite-Neu",false,"Lagercontainer 5 x 2 Meter – mit Doppeltür an der Längsseite-Neu | GSHandels - Professionelle Containerlösungen","Hochwertiger Lagercontainer 5 x 2 Meter – mit Doppeltür an der Längsseite-Neu von GSHandels. Professionelle Containerlösungen für Lagerung, Transport und gewerbliche Nutzung. Jetzt unverbindlich anfragen!",594,active
st75861d,"Lagercontainer 4 x 2 Meter – mit Doppeltür an der Längsseite-Neu","<div class=""product-description"">
  <h1>Lagercontainer 4 x 2 Meter – mit Doppeltür an der Längsseite-Neu</h1>
  
  <h2>Produktvorteile</h2>
  <ul>
    <li>Wind- und wasserdicht nach ISO-Norm</li>
    <li>CSC-zertifiziert für weltweiten Seetransport</li>
    <li>Stabile Stahlkonstruktion</li>
    <li>Sofort verfügbar - Kurze Lieferzeiten</li>
    <li>Flexible Zahlungsoptionen möglich</li>
  </ul>
  
  <h2>Technische Spezifikationen</h2>
  <table border=""0"" cellspacing=""0"" cellpadding=""5"">
    <tr>
      <td><strong>Material</strong></td>
      <td>Hochwertiger Stahl / Cortenstahl</td>
    </tr>
    <tr>
      <td><strong>Zustand</strong></td>
      <td>Neu oder Gebraucht</td>
    </tr>
    <tr>
      <td><strong>Zertifizierung</strong></td>
      <td>ISO 668, CSC-Plakette</td>
    </tr>
    <tr>
      <td><strong>Verfügbarkeit</strong></td>
      <td>Sofort lieferbar</td>
    </tr>
  </table>
  
  <h2>Beschreibung</h2>
  <p>ZerlegbarAußenmaße (LxBxH): 3880 x 2140 x 2072 mmInnenmaße (LxBxH): 3726 x 1990 x 1948 mmTürmaße: (LxH): 1750 (813 + 937 mm) x 1849 mmAbstand für Gabeldurchfahrt: 850 mmKomplett selbsttragend aufgebaut, inklusive Boden</p>
  
  <h2>Typische Anwendungsbereiche</h2>
  <ul>
    <li>Lagerung von Baumaterialien</li>
    <li>Warenlager für Handel</li>
    <li>Seefracht-Transport</li>
    <li>Mobile Werkstatt</li>
    <li>Zwischenlager bei Umzügen</li>
  </ul>
  
  <h2>Unsere Serviceleistungen</h2>
  <ul>
    <li>Kostenlose Lieferung (auf Anfrage)</li>
    <li>Professionelle Beratung</li>
    <li>Finanzierung möglich</li>
    <li>30 Tage Rückgabegarantie</li>
  </ul>
</div>",GSHandels,"Container","Container, GSHandels, Lagerung, Transport, Neu",true,Title,Default Title,,,,,ST75861D,,shopify,10,deny,manual,880.00,,true,true,,https://gshandels.com/wp-content/uploads/2026/04/130d33_9557bdb859b547e9b1a68406e8216a53mv2-1.webp,1,"Lagercontainer 4 x 2 Meter – mit Doppeltür an der Längsseite-Neu",false,"Lagercontainer 4 x 2 Meter – mit Doppeltür an der Längsseite-Neu | GSHandels - Professionelle Containerlösungen","Hochwertiger Lagercontainer 4 x 2 Meter – mit Doppeltür an der Längsseite-Neu von GSHandels. Professionelle Containerlösungen für Lagerung, Transport und gewerbliche Nutzung. Jetzt unverbindlich anfragen!",594,active
st77438s,"Lagercontainer 4 x 2 Meter – mit Doppeltür an der Längsseite-Neu","<div class=""product-description"">
  <h1>Lagercontainer 4 x 2 Meter – mit Doppeltür an der Längsseite-Neu</h1>
  
  <h2>Produktvorteile</h2>
  <ul>
    <li>Wind- und wasserdicht nach ISO-Norm</li>
    <li>CSC-zertifiziert für weltweiten Seetransport</li>
    <li>Stabile Stahlkonstruktion</li>
    <li>Sofort verfügbar - Kurze Lieferzeiten</li>
    <li>Flexible Zahlungsoptionen möglich</li>
  </ul>
  
  <h2>Technische Spezifikationen</h2>
  <table border=""0"" cellspacing=""0"" cellpadding=""5"">
    <tr>
      <td><strong>Material</strong></td>
      <td>Hochwertiger Stahl / Cortenstahl</td>
    </tr>
    <tr>
      <td><strong>Zustand</strong></td>
      <td>Neu oder Gebraucht</td>
    </tr>
    <tr>
      <td><strong>Zertifizierung</strong></td>
      <td>ISO 668, CSC-Plakette</td>
    </tr>
    <tr>
      <td><strong>Verfügbarkeit</strong></td>
      <td>Sofort lieferbar</td>
    </tr>
  </table>
  
  <h2>Beschreibung</h2>
  <p>ZerlegbarAußenmaße (LxBxH): 3880 x 2140 x 2072 mmInnenmaße (LxBxH): 3726 x 1990 x 1948 mmTürmaße: (LxH): 1750 (813 + 937 mm) x 1849 mmAbstand für Gabeldurchfahrt: 850 mmKomplett selbsttragend aufgebaut, inklusive Boden</p>
  
  <h2>Typische Anwendungsbereiche</h2>
  <ul>
    <li>Lagerung von Baumaterialien</li>
    <li>Warenlager für Handel</li>
    <li>Seefracht-Transport</li>
    <li>Mobile Werkstatt</li>
    <li>Zwischenlager bei Umzügen</li>
  </ul>
  
  <h2>Unsere Serviceleistungen</h2>
  <ul>
    <li>Kostenlose Lieferung (auf Anfrage)</li>
    <li>Professionelle Beratung</li>
    <li>Finanzierung möglich</li>
    <li>30 Tage Rückgabegarantie</li>
  </ul>
</div>",GSHandels,"Container","Container, GSHandels, Lagerung, Transport, Neu",true,Title,Default Title,,,,,ST77438S,,shopify,10,deny,manual,839.20,,true,true,,https://gshandels.com/wp-content/uploads/2026/04/130d33_1f0138905c5e4d1b84462e8dca35bf9amv2-1.webp,1,"Lagercontainer 4 x 2 Meter – mit Doppeltür an der Längsseite-Neu",false,"Lagercontainer 4 x 2 Meter – mit Doppeltür an der Längsseite-Neu | GSHandels - Professionelle Containerlösungen","Hochwertiger Lagercontainer 4 x 2 Meter – mit Doppeltür an der Längsseite-Neu von GSHandels. Professionelle Containerlösungen für Lagerung, Transport und gewerbliche Nutzung. Jetzt unverbindlich anfragen!",594,active
st47584dp,"Lagercontainer 3 x 2 Meter – mit Doppeltür an der kurzen Seite-Neu","<div class=""product-description"">
  <h1>Lagercontainer 3 x 2 Meter – mit Doppeltür an der kurzen Seite-Neu</h1>
  
  <h2>Produktvorteile</h2>
  <ul>
    <li>Wind- und wasserdicht nach ISO-Norm</li>
    <li>CSC-zertifiziert für weltweiten Seetransport</li>
    <li>Stabile Stahlkonstruktion</li>
    <li>Sofort verfügbar - Kurze Lieferzeiten</li>
    <li>Flexible Zahlungsoptionen möglich</li>
  </ul>
  
  <h2>Technische Spezifikationen</h2>
  <table border=""0"" cellspacing=""0"" cellpadding=""5"">
    <tr>
      <td><strong>Material</strong></td>
      <td>Hochwertiger Stahl / Cortenstahl</td>
    </tr>
    <tr>
      <td><strong>Zustand</strong></td>
      <td>Neu oder Gebraucht</td>
    </tr>
    <tr>
      <td><strong>Zertifizierung</strong></td>
      <td>ISO 668, CSC-Plakette</td>
    </tr>
    <tr>
      <td><strong>Verfügbarkeit</strong></td>
      <td>Sofort lieferbar</td>
    </tr>
  </table>
  
  <h2>Beschreibung</h2>
  <p>Lagercontainer 3×2 Meter – Kompakte und vielseitige Lagerlösung Ein Lagercontainer in der Größe 3 x 2 Meter ist die perfekte Wahl für alle, die eine platzsparende, aber dennoch geräumige Lagermöglichkeit suchen. Dieser neue Container überzeugt durch seine robuste Bauweise, hohe Funktionalität und vielseitige Einsatzmöglichkeiten. Besonders praktisch ist die Doppeltür an der kurzen Seite, die einen komfortablen Zugang ermöglicht. Robuste Bauweise für maximale Sicherheit Der Lagercontainer besteht aus hochwertigem Stahl und ist speziell für den langfristigen Einsatz im Außenbereich konzipiert. Dank seiner stabilen Konstruktion bietet er optimalen Schutz vor Witterungseinflüssen wie Regen, Schnee und Wind. Vorteile im Überblick: Widerstandsfähiges Material Korrosionsgeschützte Oberfläche Langlebige Konstruktion Hohe Stabilität Praktische Doppeltür an der Stirnseite Die Doppeltür an der kurzen Seite des Containers sorgt für eine besonders einfache Handhabung. Auch sperrige Gegenstände lassen sich problemlos ein- und auslagern. Besondere Merkmale: Breite Öffnung für bequemes Beladen Leichtgängige Türen Sichere Verriegelung möglich Optimale Raumausnutzung Vielseitige Einsatzmöglichkeiten Der Lagercontainer eignet sich für zahlreiche Anwendungen in unterschiedlichen Bereichen: Baustelle Perfekt zur sicheren Aufbewahrung von Werkzeugen, Maschinen und Baumaterialien. Gewerbe Ideal für Handwerksbetriebe, Lagerflächen oder als zusätzlicher Stauraum. Privatgebrauch Optimal für Garten, Garage oder als zusätzlicher Lagerraum für Möbel und Geräte. Kompakte Maße – Große Wirkung Mit seinen Maßen von 3 x 2 Metern passt der Container auch auf kleinere Flächen, ohne dabei an Nutzvolumen einzubüßen. Dadurch eignet er sich besonders gut für begrenzte Stellflächen. Wetterfest und pflegeleicht Der Container ist für den ganzjährigen Einsatz im Freien geeignet. Die Oberfläche ist pflegeleicht und benötigt nur minimalen Wartungsaufwand. Warum dieser Lagercontainer die richtige Wahl ist Dieser neue Lagercontainer vereint Qualität, Funktionalität und Flexibilität in einem kompakten Format. Die durchdachte Konstruktion und die praktische Türlösung machen ihn zu einer idealen Investition für alle, die zuverlässigen Stauraum benötigen. Fazit Der Lagercontainer 3×2 Meter mit Doppeltür an der kurzen Seite ist eine effiziente und langlebige Lösung für unterschiedlichste Lageranforderungen. Ob auf der Baustelle, im Gewerbe oder privat – dieser Container bietet sicheren Stauraum in kompakter Form.</p>
  
  <h2>Typische Anwendungsbereiche</h2>
  <ul>
    <li>Lagerung von Baumaterialien</li>
    <li>Warenlager für Handel</li>
    <li>Seefracht-Transport</li>
    <li>Mobile Werkstatt</li>
    <li>Zwischenlager bei Umzügen</li>
  </ul>
  
  <h2>Unsere Serviceleistungen</h2>
  <ul>
    <li>Kostenlose Lieferung (auf Anfrage)</li>
    <li>Professionelle Beratung</li>
    <li>Finanzierung möglich</li>
    <li>30 Tage Rückgabegarantie</li>
  </ul>
</div>",GSHandels,"Container","Container, GSHandels, Lagerung, Transport, Neu",true,Title,Default Title,,,,,ST47584DP,,shopify,10,deny,manual,812.00,,true,true,,https://gshandels.com/wp-content/uploads/2026/04/130d33_b6e8ec3441a845f8bb6f1bdeab12eec5mv2-1.webp,1,"Lagercontainer 3 x 2 Meter – mit Doppeltür an der kurzen Seite-Neu",false,"Lagercontainer 3 x 2 Meter – mit Doppeltür an der kurzen Seite-Neu | GSHandels - Professionelle Containerlösungen","Hochwertiger Lagercontainer 3 x 2 Meter – mit Doppeltür an der kurzen Seite-Neu von GSHandels. Professionelle Containerlösungen für Lagerung, Transport und gewerbliche Nutzung. Jetzt unverbindlich anfragen!",594,active
ba005624j,"Lagercontainer 2 x 2 Meter – mit Doppeltür-Neu","<div class=""product-description"">
  <h1>Lagercontainer 2 x 2 Meter – mit Doppeltür-Neu</h1>
  
  <h2>Produktvorteile</h2>
  <ul>
    <li>Wind- und wasserdicht nach ISO-Norm</li>
    <li>CSC-zertifiziert für weltweiten Seetransport</li>
    <li>Stabile Stahlkonstruktion</li>
    <li>Sofort verfügbar - Kurze Lieferzeiten</li>
    <li>Flexible Zahlungsoptionen möglich</li>
  </ul>
  
  <h2>Technische Spezifikationen</h2>
  <table border=""0"" cellspacing=""0"" cellpadding=""5"">
    <tr>
      <td><strong>Material</strong></td>
      <td>Hochwertiger Stahl / Cortenstahl</td>
    </tr>
    <tr>
      <td><strong>Zustand</strong></td>
      <td>Neu oder Gebraucht</td>
    </tr>
    <tr>
      <td><strong>Zertifizierung</strong></td>
      <td>ISO 668, CSC-Plakette</td>
    </tr>
    <tr>
      <td><strong>Verfügbarkeit</strong></td>
      <td>Sofort lieferbar</td>
    </tr>
  </table>
  
  <h2>Beschreibung</h2>
  <p>ZerlegbarAußenmaße (LxBxH): 2020 x 2140 x 2072 mmInnenmaße (LxBxH): 1865 x 1985 x 1948 mmTürmaße: (LxH): 1750 (813 + 937 mm) x 1849 mmAbstand für Gabeldurchfahrt: 850 mmVollständig selbsttragende Konstruktion inklusive Boden</p>
  
  <h2>Typische Anwendungsbereiche</h2>
  <ul>
    <li>Lagerung von Baumaterialien</li>
    <li>Warenlager für Handel</li>
    <li>Seefracht-Transport</li>
    <li>Mobile Werkstatt</li>
    <li>Zwischenlager bei Umzügen</li>
  </ul>
  
  <h2>Unsere Serviceleistungen</h2>
  <ul>
    <li>Kostenlose Lieferung (auf Anfrage)</li>
    <li>Professionelle Beratung</li>
    <li>Finanzierung möglich</li>
    <li>30 Tage Rückgabegarantie</li>
  </ul>
</div>",GSHandels,"Container","Container, GSHandels, Lagerung, Transport, Neu",true,Title,Default Title,,,,,BA005624J,,shopify,10,deny,manual,760.00,,true,true,,https://gshandels.com/wp-content/uploads/2026/04/130d33_e40ef4a1089642fabd2c00eb3fdb0c06mv2-scaled-1.webp,1,"Lagercontainer 2 x 2 Meter – mit Doppeltür-Neu",false,"Lagercontainer 2 x 2 Meter – mit Doppeltür-Neu | GSHandels - Professionelle Containerlösungen","Hochwertiger Lagercontainer 2 x 2 Meter – mit Doppeltür-Neu von GSHandels. Professionelle Containerlösungen für Lagerung, Transport und gewerbliche Nutzung. Jetzt unverbindlich anfragen!",594,active
cl77320hg,"40-Fuß-High-Cube-Container mit offener Seite-Neu","<div class=""product-description"">
  <h1>40-Fuß-High-Cube-Container mit offener Seite-Neu</h1>
  
  <h2>Produktvorteile</h2>
  <ul>
    <li>Wind- und wasserdicht nach ISO-Norm</li>
    <li>CSC-zertifiziert für weltweiten Seetransport</li>
    <li>Stabile Stahlkonstruktion</li>
    <li>Sofort verfügbar - Kurze Lieferzeiten</li>
    <li>Flexible Zahlungsoptionen möglich</li>
  </ul>
  
  <h2>Technische Spezifikationen</h2>
  <table border=""0"" cellspacing=""0"" cellpadding=""5"">
    <tr>
      <td><strong>Material</strong></td>
      <td>Hochwertiger Stahl / Cortenstahl</td>
    </tr>
    <tr>
      <td><strong>Zustand</strong></td>
      <td>Neu oder Gebraucht</td>
    </tr>
    <tr>
      <td><strong>Zertifizierung</strong></td>
      <td>ISO 668, CSC-Plakette</td>
    </tr>
    <tr>
      <td><strong>Verfügbarkeit</strong></td>
      <td>Sofort lieferbar</td>
    </tr>
  </table>
  
  <h2>Beschreibung</h2>
  <p>Hochwertiger Container für Lagerung, Transport oder gewerbliche Nutzung. Robuste Bauweise aus wetterfestem Stahl, wind- und wasserdicht nach ISO-Norm. Vielseitig einsetzbar als Lagercontainer, Bürocontainer oder für spezielle Anforderungen.</p>
  
  <h2>Typische Anwendungsbereiche</h2>
  <ul>
    <li>Lagerung von Baumaterialien</li>
    <li>Warenlager für Handel</li>
    <li>Seefracht-Transport</li>
    <li>Mobile Werkstatt</li>
    <li>Zwischenlager bei Umzügen</li>
  </ul>
  
  <h2>Unsere Serviceleistungen</h2>
  <ul>
    <li>Kostenlose Lieferung (auf Anfrage)</li>
    <li>Professionelle Beratung</li>
    <li>Finanzierung möglich</li>
    <li>30 Tage Rückgabegarantie</li>
  </ul>
</div>",GSHandels,"Container","Container, GSHandels, Lagerung, Transport, Neu, High Cube, 40 Fuß",true,Title,Default Title,,,,,CL77320HG,,shopify,10,deny,manual,2640.00,,true,true,,https://gshandels.com/wp-content/uploads/2026/04/130d33_977be8bb2c88407c9ca0cc26c7be9c06mv2-1.webp,1,"40-Fuß-High-Cube-Container mit offener Seite-Neu",false,"40-Fuß-High-Cube-Container mit offener Seite-Neu | GSHandels - Professionelle Containerlösungen","Hochwertiger 40-Fuß-High-Cube-Container mit offener Seite-Neu von GSHandels. Professionelle Containerlösungen für Lagerung, Transport und gewerbliche Nutzung. Jetzt unverbindlich anfragen!",594,active
ca77174fn,"20ft High Cube Hard Open Top Container (Stahlboden)-Neu","<div class=""product-description"">
  <h1>20ft High Cube Hard Open Top Container (Stahlboden)-Neu</h1>
  
  <h2>Produktvorteile</h2>
  <ul>
    <li>Wind- und wasserdicht nach ISO-Norm</li>
    <li>CSC-zertifiziert für weltweiten Seetransport</li>
    <li>Stabile Stahlkonstruktion</li>
    <li>Sofort verfügbar - Kurze Lieferzeiten</li>
    <li>Flexible Zahlungsoptionen möglich</li>
  </ul>
  
  <h2>Technische Spezifikationen</h2>
  <table border=""0"" cellspacing=""0"" cellpadding=""5"">
    <tr>
      <td><strong>Material</strong></td>
      <td>Hochwertiger Stahl / Cortenstahl</td>
    </tr>
    <tr>
      <td><strong>Zustand</strong></td>
      <td>Neu oder Gebraucht</td>
    </tr>
    <tr>
      <td><strong>Zertifizierung</strong></td>
      <td>ISO 668, CSC-Plakette</td>
    </tr>
    <tr>
      <td><strong>Verfügbarkeit</strong></td>
      <td>Sofort lieferbar</td>
    </tr>
  </table>
  
  <h2>Beschreibung</h2>
  <p>Hochwertiger Container für Lagerung, Transport oder gewerbliche Nutzung. Robuste Bauweise aus wetterfestem Stahl, wind- und wasserdicht nach ISO-Norm. Vielseitig einsetzbar als Lagercontainer, Bürocontainer oder für spezielle Anforderungen.</p>
  
  <h2>Typische Anwendungsbereiche</h2>
  <ul>
    <li>Lagerung von Baumaterialien</li>
    <li>Warenlager für Handel</li>
    <li>Seefracht-Transport</li>
    <li>Mobile Werkstatt</li>
    <li>Zwischenlager bei Umzügen</li>
  </ul>
  
  <h2>Unsere Serviceleistungen</h2>
  <ul>
    <li>Kostenlose Lieferung (auf Anfrage)</li>
    <li>Professionelle Beratung</li>
    <li>Finanzierung möglich</li>
    <li>30 Tage Rückgabegarantie</li>
  </ul>
</div>",GSHandels,"Container","Container, GSHandels, Lagerung, Transport, Neu, High Cube, Open Top, 20 Fuß",true,Title,Default Title,,,,,CA77174FN,,shopify,10,deny,manual,1920.00,,true,true,,https://gshandels.com/wp-content/uploads/2026/04/130d33_018fc67bd3eb4896a6bf6fb7fc234e55mv2-1.webp,1,"20ft High Cube Hard Open Top Container (Stahlboden)-Neu",false,"20ft High Cube Hard Open Top Container (Stahlboden)-Neu | GSHandels - Professionelle Containerlösungen","Hochwertiger 20ft High Cube Hard Open Top Container (Stahlboden)-Neu von GSHandels. Professionelle Containerlösungen für Lagerung, Transport und gewerbliche Nutzung. Jetzt unverbindlich anfragen!",594,active
st72253cx,"Stapelbarer Aufbewahrungsbehälter aus Metall-Neu","<div class=""product-description"">
  <h1>Stapelbarer Aufbewahrungsbehälter aus Metall-Neu</h1>
  
  <h2>Produktvorteile</h2>
  <ul>
    <li>Wind- und wasserdicht nach ISO-Norm</li>
    <li>CSC-zertifiziert für weltweiten Seetransport</li>
    <li>Stabile Stahlkonstruktion</li>
    <li>Sofort verfügbar - Kurze Lieferzeiten</li>
    <li>Flexible Zahlungsoptionen möglich</li>
  </ul>
  
  <h2>Technische Spezifikationen</h2>
  <table border=""0"" cellspacing=""0"" cellpadding=""5"">
    <tr>
      <td><strong>Material</strong></td>
      <td>Hochwertiger Stahl / Cortenstahl</td>
    </tr>
    <tr>
      <td><strong>Zustand</strong></td>
      <td>Neu oder Gebraucht</td>
    </tr>
    <tr>
      <td><strong>Zertifizierung</strong></td>
      <td>ISO 668, CSC-Plakette</td>
    </tr>
    <tr>
      <td><strong>Verfügbarkeit</strong></td>
      <td>Sofort lieferbar</td>
    </tr>
  </table>
  
  <h2>Beschreibung</h2>
  <p>Materialien: MetallAnwendungen: LagerungAndere Eigenschaften: stapelbar, kundenspezifischLänge: Min.: 5’00” (1.524 m)Max: 10’00” (3.048 m) Menge an stapelbaren Metalllagercontainern…</p>
  
  <h2>Typische Anwendungsbereiche</h2>
  <ul>
    <li>Lagerung von Baumaterialien</li>
    <li>Warenlager für Handel</li>
    <li>Seefracht-Transport</li>
    <li>Mobile Werkstatt</li>
    <li>Zwischenlager bei Umzügen</li>
  </ul>
  
  <h2>Unsere Serviceleistungen</h2>
  <ul>
    <li>Kostenlose Lieferung (auf Anfrage)</li>
    <li>Professionelle Beratung</li>
    <li>Finanzierung möglich</li>
    <li>30 Tage Rückgabegarantie</li>
  </ul>
</div>",GSHandels,"Container","Container, GSHandels, Lagerung, Transport, Neu, Barcontainer",true,Title,Default Title,,,,,ST72253CX,,shopify,10,deny,manual,2800.00,,true,true,,https://gshandels.com/wp-content/uploads/2026/04/130d33_83b01e1da91146c7bde997348fa5e8a1mv2-1.webp,1,"Stapelbarer Aufbewahrungsbehälter aus Metall-Neu",false,"Stapelbarer Aufbewahrungsbehälter aus Metall-Neu | GSHandels - Professionelle Containerlösungen","Hochwertiger Stapelbarer Aufbewahrungsbehälter aus Metall-Neu von GSHandels. Professionelle Containerlösungen für Lagerung, Transport und gewerbliche Nutzung. Jetzt unverbindlich anfragen!",594,active
ca87423fd,"Neuer Standard-Bürocontainer-Neu","<div class=""product-description"">
  <h1>Neuer Standard-Bürocontainer-Neu</h1>
  
  <h2>Produktvorteile</h2>
  <ul>
    <li>Wind- und wasserdicht nach ISO-Norm</li>
    <li>CSC-zertifiziert für weltweiten Seetransport</li>
    <li>Stabile Stahlkonstruktion</li>
    <li>Sofort verfügbar - Kurze Lieferzeiten</li>
    <li>Flexible Zahlungsoptionen möglich</li>
  </ul>
  
  <h2>Technische Spezifikationen</h2>
  <table border=""0"" cellspacing=""0"" cellpadding=""5"">
    <tr>
      <td><strong>Material</strong></td>
      <td>Hochwertiger Stahl / Cortenstahl</td>
    </tr>
    <tr>
      <td><strong>Zustand</strong></td>
      <td>Neu oder Gebraucht</td>
    </tr>
    <tr>
      <td><strong>Zertifizierung</strong></td>
      <td>ISO 668, CSC-Plakette</td>
    </tr>
    <tr>
      <td><strong>Verfügbarkeit</strong></td>
      <td>Sofort lieferbar</td>
    </tr>
  </table>
  
  <h2>Beschreibung</h2>
  <p>Hochwertiger Container für Lagerung, Transport oder gewerbliche Nutzung. Robuste Bauweise aus wetterfestem Stahl, wind- und wasserdicht nach ISO-Norm. Vielseitig einsetzbar als Lagercontainer, Bürocontainer oder für spezielle Anforderungen.</p>
  
  <h2>Typische Anwendungsbereiche</h2>
  <ul>
    <li>Lagerung von Baumaterialien</li>
    <li>Warenlager für Handel</li>
    <li>Seefracht-Transport</li>
    <li>Mobile Werkstatt</li>
    <li>Zwischenlager bei Umzügen</li>
  </ul>
  
  <h2>Unsere Serviceleistungen</h2>
  <ul>
    <li>Kostenlose Lieferung (auf Anfrage)</li>
    <li>Professionelle Beratung</li>
    <li>Finanzierung möglich</li>
    <li>30 Tage Rückgabegarantie</li>
  </ul>
</div>",GSHandels,"Container","Container, GSHandels, Lagerung, Transport, Neu, Bürocontainer",true,Title,Default Title,,,,,CA87423FD,,shopify,10,deny,manual,3360.00,,true,true,,https://gshandels.com/wp-content/uploads/2026/04/130d33_0f27dcfa20b349d089c058c9bc2d830emv2-1.jpg,1,"Neuer Standard-Bürocontainer-Neu",false,"Neuer Standard-Bürocontainer-Neu | GSHandels - Professionelle Containerlösungen","Hochwertiger Neuer Standard-Bürocontainer-Neu von GSHandels. Professionelle Containerlösungen für Lagerung, Transport und gewerbliche Nutzung. Jetzt unverbindlich anfragen!",594,active
co67972rg,"40ft High Cube Hard Open Top Container-Neu","<div class=""product-description"">
  <h1>40ft High Cube Hard Open Top Container-Neu</h1>
  
  <h2>Produktvorteile</h2>
  <ul>
    <li>Wind- und wasserdicht nach ISO-Norm</li>
    <li>CSC-zertifiziert für weltweiten Seetransport</li>
    <li>Stabile Stahlkonstruktion</li>
    <li>Sofort verfügbar - Kurze Lieferzeiten</li>
    <li>Flexible Zahlungsoptionen möglich</li>
  </ul>
  
  <h2>Technische Spezifikationen</h2>
  <table border=""0"" cellspacing=""0"" cellpadding=""5"">
    <tr>
      <td><strong>Material</strong></td>
      <td>Hochwertiger Stahl / Cortenstahl</td>
    </tr>
    <tr>
      <td><strong>Zustand</strong></td>
      <td>Neu oder Gebraucht</td>
    </tr>
    <tr>
      <td><strong>Zertifizierung</strong></td>
      <td>ISO 668, CSC-Plakette</td>
    </tr>
    <tr>
      <td><strong>Verfügbarkeit</strong></td>
      <td>Sofort lieferbar</td>
    </tr>
  </table>
  
  <h2>Beschreibung</h2>
  <p>40ft High Cube Hard Open Top Container – Die optimale Lösung für sperrige Ladung Der neue 40ft High Cube Hard Open Top Container ist die perfekte Wahl für Unternehmen, die große, schwere oder überdimensionale Güter sicher transportieren und lagern möchten. Durch seine zusätzliche Höhe im Vergleich zu Standardcontainern sowie die offene Dachkonstruktion bietet dieser Container maximale Flexibilität bei der Beladung. Was ist ein Hard Open Top Container? Ein Hard Open Top Container ist ein Spezialcontainer mit abnehmbarem festen Dach. Im Gegensatz zu herkömmlichen Open Top Containern mit Plane verfügt diese Variante über ein stabiles, hartes Dach, das bei Bedarf entfernt werden kann. Dadurch eignet sich der Container besonders für: Maschinen und Anlagen Baustoffe Schwerlastgüter Überhohe Ladung Vorteile des 40ft High Cube Designs Der High Cube Container bietet etwa 30 cm mehr Höhe als Standardcontainer. Diese zusätzliche Höhe macht einen erheblichen Unterschied bei: Voluminöser Fracht Stapelbaren Gütern Effizienter Raumnutzung Gerade bei internationalen Transporten kann dies helfen, Kosten zu sparen, da mehr Ware in einem Container untergebracht werden kann. Robuste Bauweise für maximale Sicherheit Der 40ft High Cube Hard Open Top Container wird aus hochwertigem Stahl gefertigt und erfüllt internationale ISO-Standards. Die stabile Konstruktion sorgt für: Hohe Belastbarkeit Witterungsbeständigkeit Lange Lebensdauer Sicheren Transport auch unter extremen Bedingungen Flexible Beladung von oben und hinten Ein entscheidender Vorteil dieses Containers ist die Möglichkeit der Beladung von oben mittels Kran. Zusätzlich verfügt er über klassische Containertüren am Ende, sodass auch eine herkömmliche Beladung möglich ist. Diese Flexibilität ist besonders wichtig für: Industrieunternehmen Bauprojekte Maschinenexporte Projektlogistik Einsatzbereiche des 40ft Hard Open Top Containers Dieser Containertyp wird in vielen Branchen eingesetzt, darunter: Industrie und Maschinenbau Ideal für große Maschinen oder Bauteile, die nicht durch Standardtüren passen. Bauwesen Perfekt für schwere Baustoffe wie Stahlträger oder Fertigteile. Logistik und Transport Effiziente Lösung für internationale Transporte mit sperriger Ladung. Lagerung Auch als stationäre Lagerlösung für große Güter geeignet. Warum einen neuen Container wählen? Ein neuer (neu produzierter) Container bietet entscheidende Vorteile: Keine Vorschäden oder Abnutzung Maximale Lebensdauer Höchste Sicherheitsstandards Optisch einwandfreier Zustand Für Unternehmen, die Wert auf Qualität und Zuverlässigkeit legen, ist ein neuer Container die beste Investition. Technische Vorteile auf einen Blick Länge: 40 Fuß (ca. 12 Meter) High Cube Höhe für extra Volumen Abnehmbares Stahldach Kranbeladung möglich ISO-zertifiziert Wetterfest und langlebig Fazit: Maximale Effizienz für anspruchsvolle Transporte Der neue 40ft High Cube Hard Open Top Container ist die ideale Lösung für alle, die große und schwere Güter sicher und effizient transportieren möchten. Seine robuste Bauweise, die zusätzliche Höhe und die flexible Beladung machen ihn zu einem unverzichtbaren Werkzeug in der modernen Logistik.</p>
  
  <h2>Typische Anwendungsbereiche</h2>
  <ul>
    <li>Lagerung von Baumaterialien</li>
    <li>Warenlager für Handel</li>
    <li>Seefracht-Transport</li>
    <li>Mobile Werkstatt</li>
    <li>Zwischenlager bei Umzügen</li>
  </ul>
  
  <h2>Unsere Serviceleistungen</h2>
  <ul>
    <li>Kostenlose Lieferung (auf Anfrage)</li>
    <li>Professionelle Beratung</li>
    <li>Finanzierung möglich</li>
    <li>30 Tage Rückgabegarantie</li>
  </ul>
</div>",GSHandels,"Container","Container, GSHandels, Lagerung, Transport, Neu, High Cube, Open Top, 40 Fuß",true,Title,Default Title,,,,,CO67972RG,,shopify,10,deny,manual,1680.00,,true,true,,https://gshandels.com/wp-content/uploads/2026/04/130d33_3022f83cbe5345e4a8b80b8e782f19d4mv2-1.webp,1,"40ft High Cube Hard Open Top Container-Neu",false,"40ft High Cube Hard Open Top Container-Neu | GSHandels - Professionelle Containerlösungen","Hochwertiger 40ft High Cube Hard Open Top Container-Neu von GSHandels. Professionelle Containerlösungen für Lagerung, Transport und gewerbliche Nutzung. Jetzt unverbindlich anfragen!",594,active
cf51266x4,"20‘ DRY gekühlter Seecontainer-Neu","<div class=""product-description"">
  <h1>20‘ DRY gekühlter Seecontainer-Neu</h1>
  
  <h2>Produktvorteile</h2>
  <ul>
    <li>Wind- und wasserdicht nach ISO-Norm</li>
    <li>CSC-zertifiziert für weltweiten Seetransport</li>
    <li>Stabile Stahlkonstruktion</li>
    <li>Sofort verfügbar - Kurze Lieferzeiten</li>
    <li>Flexible Zahlungsoptionen möglich</li>
  </ul>
  
  <h2>Technische Spezifikationen</h2>
  <table border=""0"" cellspacing=""0"" cellpadding=""5"">
    <tr>
      <td><strong>Material</strong></td>
      <td>Hochwertiger Stahl / Cortenstahl</td>
    </tr>
    <tr>
      <td><strong>Zustand</strong></td>
      <td>Neu oder Gebraucht</td>
    </tr>
    <tr>
      <td><strong>Zertifizierung</strong></td>
      <td>ISO 668, CSC-Plakette</td>
    </tr>
    <tr>
      <td><strong>Verfügbarkeit</strong></td>
      <td>Sofort lieferbar</td>
    </tr>
  </table>
  
  <h2>Beschreibung</h2>
  <p>Material: SeecontainerModell: 20′ ft REEFER (-20° / + 20°)Zustand: 1. Reise*Jahr: NCReferenz: DEVCONTREEF20Außenmaße: L.6.058 x L.2.438 x H.2.591 mInnenmaße: L.5.320 x…</p>
  
  <h2>Typische Anwendungsbereiche</h2>
  <ul>
    <li>Lagerung von Baumaterialien</li>
    <li>Warenlager für Handel</li>
    <li>Seefracht-Transport</li>
    <li>Mobile Werkstatt</li>
    <li>Zwischenlager bei Umzügen</li>
  </ul>
  
  <h2>Unsere Serviceleistungen</h2>
  <ul>
    <li>Kostenlose Lieferung (auf Anfrage)</li>
    <li>Professionelle Beratung</li>
    <li>Finanzierung möglich</li>
    <li>30 Tage Rückgabegarantie</li>
  </ul>
</div>",GSHandels,"Container","Container, GSHandels, Lagerung, Transport, Neu, Kühlcontainer",true,Title,Default Title,,,,,CF51266X4,,shopify,10,deny,manual,7600.00,,true,true,,https://gshandels.com/wp-content/uploads/2026/04/130d33_2dada90edf204751915e8774a35f6fbemv2-1.jpg,1,"20‘ DRY gekühlter Seecontainer-Neu",false,"20‘ DRY gekühlter Seecontainer-Neu | GSHandels - Professionelle Containerlösungen","Hochwertiger 20‘ DRY gekühlter Seecontainer-Neu von GSHandels. Professionelle Containerlösungen für Lagerung, Transport und gewerbliche Nutzung. Jetzt unverbindlich anfragen!",594,active
co71578e,"15 Fuß Container mit Elektroinstallation, Lüftungsgittern und Schlüsselschloss-Neu","<div class=""product-description"">
  <h1>15 Fuß Container mit Elektroinstallation, Lüftungsgittern und Schlüsselschloss-Neu</h1>
  
  <h2>Produktvorteile</h2>
  <ul>
    <li>Wind- und wasserdicht nach ISO-Norm</li>
    <li>CSC-zertifiziert für weltweiten Seetransport</li>
    <li>Stabile Stahlkonstruktion</li>
    <li>Sofort verfügbar - Kurze Lieferzeiten</li>
    <li>Flexible Zahlungsoptionen möglich</li>
  </ul>
  
  <h2>Technische Spezifikationen</h2>
  <table border=""0"" cellspacing=""0"" cellpadding=""5"">
    <tr>
      <td><strong>Material</strong></td>
      <td>Hochwertiger Stahl / Cortenstahl</td>
    </tr>
    <tr>
      <td><strong>Zustand</strong></td>
      <td>Neu oder Gebraucht</td>
    </tr>
    <tr>
      <td><strong>Zertifizierung</strong></td>
      <td>ISO 668, CSC-Plakette</td>
    </tr>
    <tr>
      <td><strong>Verfügbarkeit</strong></td>
      <td>Sofort lieferbar</td>
    </tr>
  </table>
  
  <h2>Beschreibung</h2>
  <p>‘- EIGENSCHAFTEN Außenmaße (in m) 4,50 x 2,20 x 2,25 Innenmaße (in m) 4,30 x 2,07 x 2,02 Volumen (in m3) 18 Tragfähigkeit (in kg) 9000 RAHMEN Beschreibung Vollständig geschweißtes Stahlprofil Dicke 3 mm WÄNDE UND DECKE Beschreibung Laminatblech Dicke 1,5 mm BODEN Beschreibung Massivholz Mit Anti-Feuchtigkeit behandelt. Dicke 25 mm. TÜREN. Anordnung über die gesamte Breite. Flügel. 2 Dichtungsgummidichtungen. Sicherheits-Vorhängeschloss für den Rollladen. BEWEGEN/HEBEN. Steckdosen für Gabelstapler für lange Gabeln (Abstand 90 cm). Kran. 4 Steckdosen in den Ecken für Hebehaken. – Zusätzliche Optionen. Farben. Die Lagerbehälter können mit der Farboption ausgestattet werden. Sie können die Farboption der Behälter auswählen. Türen Lagercontainer können mit zusätzlichen Türen ausgestattet werden – Servicetüren – zweiflügelige Türen – vierflügelige Türen BLECHBODEN Lagercontainer können mit rutschfesten Blechböden ausgestattet werden. Diese Option ist beispielsweise ideal für die Regallagerung, da sie die Spannkraft und Widerstandsfähigkeit des Bodens verstärkt. ELEKTRISCHE INSTALLATION flecheLagercontainer können mit Steckdosen, Neonlicht usw. ausgestattet werden. Rüsten Sie Ihren Container mit einer Elektroinstallation aus. CONTAINER-SCHLOSS Lagercontainer können mit zusätzlichen Einbruchschutzlösungen ausgestattet werden. Den Containern können mehrere zusätzliche Sicherheitsvorrichtungen hinzugefügt werden. Schlüsselstockvorrichtungen mit Kurbel und Schloss können in den Herstellungsprozess integriert werden, ansonsten kann ein spezielles Vorhängeschloss für Behälter bereitgestellt werden.</p>
  
  <h2>Typische Anwendungsbereiche</h2>
  <ul>
    <li>Lagerung von Baumaterialien</li>
    <li>Warenlager für Handel</li>
    <li>Seefracht-Transport</li>
    <li>Mobile Werkstatt</li>
    <li>Zwischenlager bei Umzügen</li>
  </ul>
  
  <h2>Unsere Serviceleistungen</h2>
  <ul>
    <li>Kostenlose Lieferung (auf Anfrage)</li>
    <li>Professionelle Beratung</li>
    <li>Finanzierung möglich</li>
    <li>30 Tage Rückgabegarantie</li>
  </ul>
</div>",GSHandels,"Container","Container, GSHandels, Lagerung, Transport, Neu",true,Title,Default Title,,,,,CO71578E,,shopify,10,deny,manual,1240.00,,true,true,,https://gshandels.com/wp-content/uploads/2026/04/130d33_500770e052a9441386bd125028d13119mv2-1.webp,1,"15 Fuß Container mit Elektroinstallation, Lüftungsgittern und Schlüsselschloss-Neu",false,"15 Fuß Container mit Elektroinstallation, Lüftungsgittern und Schlüsselschloss-Neu | GSHandels - Professionelle Containerlösungen","Hochwertiger 15 Fuß Container mit Elektroinstallation, Lüftungsgittern und Schlüsselschloss-Neu von GSHandels. Professionelle Containerlösungen für Lagerung, Transport und gewerbliche Nutzung. Jetzt unverbindlich anfragen!",594,active
cn72133dx,"CAR-BOX 20-Neu","<div class=""product-description"">
  <h1>CAR-BOX 20-Neu</h1>
  
  <h2>Produktvorteile</h2>
  <ul>
    <li>Wind- und wasserdicht nach ISO-Norm</li>
    <li>CSC-zertifiziert für weltweiten Seetransport</li>
    <li>Stabile Stahlkonstruktion</li>
    <li>Sofort verfügbar - Kurze Lieferzeiten</li>
    <li>Flexible Zahlungsoptionen möglich</li>
  </ul>
  
  <h2>Technische Spezifikationen</h2>
  <table border=""0"" cellspacing=""0"" cellpadding=""5"">
    <tr>
      <td><strong>Material</strong></td>
      <td>Hochwertiger Stahl / Cortenstahl</td>
    </tr>
    <tr>
      <td><strong>Zustand</strong></td>
      <td>Neu oder Gebraucht</td>
    </tr>
    <tr>
      <td><strong>Zertifizierung</strong></td>
      <td>ISO 668, CSC-Plakette</td>
    </tr>
    <tr>
      <td><strong>Verfügbarkeit</strong></td>
      <td>Sofort lieferbar</td>
    </tr>
  </table>
  
  <h2>Beschreibung</h2>
  <p>‘- Typ: Container – Größe: 6,05 Meter (20′) – Containertyp: Werkstatt</p>
  
  <h2>Typische Anwendungsbereiche</h2>
  <ul>
    <li>Lagerung von Baumaterialien</li>
    <li>Warenlager für Handel</li>
    <li>Seefracht-Transport</li>
    <li>Mobile Werkstatt</li>
    <li>Zwischenlager bei Umzügen</li>
  </ul>
  
  <h2>Unsere Serviceleistungen</h2>
  <ul>
    <li>Kostenlose Lieferung (auf Anfrage)</li>
    <li>Professionelle Beratung</li>
    <li>Finanzierung möglich</li>
    <li>30 Tage Rückgabegarantie</li>
  </ul>
</div>",GSHandels,"Container","Container, GSHandels, Lagerung, Transport, Neu",true,Title,Default Title,,,,,CN72133DX,,shopify,10,deny,manual,7840.00,,true,true,,https://gshandels.com/wp-content/uploads/2026/04/130d33_1861a49eec74492283d510cb16df1524mv2-1.jpg,1,"CAR-BOX 20-Neu",false,"CAR-BOX 20-Neu | GSHandels - Professionelle Containerlösungen","Hochwertiger CAR-BOX 20-Neu von GSHandels. Professionelle Containerlösungen für Lagerung, Transport und gewerbliche Nutzung. Jetzt unverbindlich anfragen!",594,active
co257410x,"Container 20 Fuß offene seitliche Doppeltüren-Neu","<div class=""product-description"">
  <h1>Container 20 Fuß offene seitliche Doppeltüren-Neu</h1>
  
  <h2>Produktvorteile</h2>
  <ul>
    <li>Wind- und wasserdicht nach ISO-Norm</li>
    <li>CSC-zertifiziert für weltweiten Seetransport</li>
    <li>Stabile Stahlkonstruktion</li>
    <li>Sofort verfügbar - Kurze Lieferzeiten</li>
    <li>Flexible Zahlungsoptionen möglich</li>
  </ul>
  
  <h2>Technische Spezifikationen</h2>
  <table border=""0"" cellspacing=""0"" cellpadding=""5"">
    <tr>
      <td><strong>Material</strong></td>
      <td>Hochwertiger Stahl / Cortenstahl</td>
    </tr>
    <tr>
      <td><strong>Zustand</strong></td>
      <td>Neu oder Gebraucht</td>
    </tr>
    <tr>
      <td><strong>Zertifizierung</strong></td>
      <td>ISO 668, CSC-Plakette</td>
    </tr>
    <tr>
      <td><strong>Verfügbarkeit</strong></td>
      <td>Sofort lieferbar</td>
    </tr>
  </table>
  
  <h2>Beschreibung</h2>
  <p>Der neue 20-Fuß-Open-Side-Container. Der 20-Fuß-Container mit seitlicher Öffnung ist mit seiner Struktur aus Cortenstahl und der Abdeckung mit Vorhängeschloss sehr robust und garantiert die Sicherheit der gelagerten Produkte.</p>
  
  <h2>Typische Anwendungsbereiche</h2>
  <ul>
    <li>Lagerung von Baumaterialien</li>
    <li>Warenlager für Handel</li>
    <li>Seefracht-Transport</li>
    <li>Mobile Werkstatt</li>
    <li>Zwischenlager bei Umzügen</li>
  </ul>
  
  <h2>Unsere Serviceleistungen</h2>
  <ul>
    <li>Kostenlose Lieferung (auf Anfrage)</li>
    <li>Professionelle Beratung</li>
    <li>Finanzierung möglich</li>
    <li>30 Tage Rückgabegarantie</li>
  </ul>
</div>",GSHandels,"Container","Container, GSHandels, Lagerung, Transport, Neu",true,Title,Default Title,,,,,CO257410X,,shopify,10,deny,manual,2120.00,,true,true,,https://gshandels.com/wp-content/uploads/2026/04/130d33_e32c271849ea4e23822bf3ff752f4142mv2-1.jpg,1,"Container 20 Fuß offene seitliche Doppeltüren-Neu",false,"Container 20 Fuß offene seitliche Doppeltüren-Neu | GSHandels - Professionelle Containerlösungen","Hochwertiger Container 20 Fuß offene seitliche Doppeltüren-Neu von GSHandels. Professionelle Containerlösungen für Lagerung, Transport und gewerbliche Nutzung. Jetzt unverbindlich anfragen!",594,active
cf78216f,"10 Fuß großer Kühlcontainer für den Privatgebrauch-Neu","<div class=""product-description"">
  <h1>10 Fuß großer Kühlcontainer für den Privatgebrauch-Neu</h1>
  
  <h2>Produktvorteile</h2>
  <ul>
    <li>Wind- und wasserdicht nach ISO-Norm</li>
    <li>CSC-zertifiziert für weltweiten Seetransport</li>
    <li>Stabile Stahlkonstruktion</li>
    <li>Sofort verfügbar - Kurze Lieferzeiten</li>
    <li>Flexible Zahlungsoptionen möglich</li>
  </ul>
  
  <h2>Technische Spezifikationen</h2>
  <table border=""0"" cellspacing=""0"" cellpadding=""5"">
    <tr>
      <td><strong>Material</strong></td>
      <td>Hochwertiger Stahl / Cortenstahl</td>
    </tr>
    <tr>
      <td><strong>Zustand</strong></td>
      <td>Neu oder Gebraucht</td>
    </tr>
    <tr>
      <td><strong>Zertifizierung</strong></td>
      <td>ISO 668, CSC-Plakette</td>
    </tr>
    <tr>
      <td><strong>Verfügbarkeit</strong></td>
      <td>Sofort lieferbar</td>
    </tr>
  </table>
  
  <h2>Beschreibung</h2>
  <p>Hochwertiger Container für Lagerung, Transport oder gewerbliche Nutzung. Robuste Bauweise aus wetterfestem Stahl, wind- und wasserdicht nach ISO-Norm. Vielseitig einsetzbar als Lagercontainer, Bürocontainer oder für spezielle Anforderungen.</p>
  
  <h2>Typische Anwendungsbereiche</h2>
  <ul>
    <li>Lagerung von Baumaterialien</li>
    <li>Warenlager für Handel</li>
    <li>Seefracht-Transport</li>
    <li>Mobile Werkstatt</li>
    <li>Zwischenlager bei Umzügen</li>
  </ul>
  
  <h2>Unsere Serviceleistungen</h2>
  <ul>
    <li>Kostenlose Lieferung (auf Anfrage)</li>
    <li>Professionelle Beratung</li>
    <li>Finanzierung möglich</li>
    <li>30 Tage Rückgabegarantie</li>
  </ul>
</div>",GSHandels,"Container","Container, GSHandels, Lagerung, Transport, Neu, Kühlcontainer",true,Title,Default Title,,,,,CF78216F,,shopify,10,deny,manual,1040.00,,true,true,,https://gshandels.com/wp-content/uploads/2026/04/130d33_7e128a7b8dcd448a8ce1b04d6c7d44b0mv2-1.webp,1,"10 Fuß großer Kühlcontainer für den Privatgebrauch-Neu",false,"10 Fuß großer Kühlcontainer für den Privatgebrauch-Neu | GSHandels - Professionelle Containerlösungen","Hochwertiger 10 Fuß großer Kühlcontainer für den Privatgebrauch-Neu von GSHandels. Professionelle Containerlösungen für Lagerung, Transport und gewerbliche Nutzung. Jetzt unverbindlich anfragen!",594,active
cf326178e,"Gebrauchter 45′ Kühlcontainer-Neu","<div class=""product-description"">
  <h1>Gebrauchter 45′ Kühlcontainer-Neu</h1>
  
  <h2>Produktvorteile</h2>
  <ul>
    <li>Wind- und wasserdicht nach ISO-Norm</li>
    <li>CSC-zertifiziert für weltweiten Seetransport</li>
    <li>Stabile Stahlkonstruktion</li>
    <li>Sofort verfügbar - Kurze Lieferzeiten</li>
    <li>Flexible Zahlungsoptionen möglich</li>
  </ul>
  
  <h2>Technische Spezifikationen</h2>
  <table border=""0"" cellspacing=""0"" cellpadding=""5"">
    <tr>
      <td><strong>Material</strong></td>
      <td>Hochwertiger Stahl / Cortenstahl</td>
    </tr>
    <tr>
      <td><strong>Zustand</strong></td>
      <td>Neu oder Gebraucht</td>
    </tr>
    <tr>
      <td><strong>Zertifizierung</strong></td>
      <td>ISO 668, CSC-Plakette</td>
    </tr>
    <tr>
      <td><strong>Verfügbarkeit</strong></td>
      <td>Sofort lieferbar</td>
    </tr>
  </table>
  
  <h2>Beschreibung</h2>
  <p>Hochwertiger Container für Lagerung, Transport oder gewerbliche Nutzung. Robuste Bauweise aus wetterfestem Stahl, wind- und wasserdicht nach ISO-Norm. Vielseitig einsetzbar als Lagercontainer, Bürocontainer oder für spezielle Anforderungen.</p>
  
  <h2>Typische Anwendungsbereiche</h2>
  <ul>
    <li>Lagerung von Baumaterialien</li>
    <li>Warenlager für Handel</li>
    <li>Seefracht-Transport</li>
    <li>Mobile Werkstatt</li>
    <li>Zwischenlager bei Umzügen</li>
  </ul>
  
  <h2>Unsere Serviceleistungen</h2>
  <ul>
    <li>Kostenlose Lieferung (auf Anfrage)</li>
    <li>Professionelle Beratung</li>
    <li>Finanzierung möglich</li>
    <li>30 Tage Rückgabegarantie</li>
  </ul>
</div>",GSHandels,"Container","Container, GSHandels, Lagerung, Transport, Neu, Gebraucht, Kühlcontainer",true,Title,Default Title,,,,,CF326178E,,shopify,10,deny,manual,4000.00,,true,true,,https://gshandels.com/wp-content/uploads/2026/04/130d33_1db926517a8c487cae4d922d4f11801amv2-1.jpg,1,"Gebrauchter 45′ Kühlcontainer-Neu",false,"Gebrauchter 45′ Kühlcontainer-Neu | GSHandels - Professionelle Containerlösungen","Hochwertiger Gebrauchter 45′ Kühlcontainer-Neu von GSHandels. Professionelle Containerlösungen für Lagerung, Transport und gewerbliche Nutzung. Jetzt unverbindlich anfragen!",594,active
cfmf5635x,"Gebrauchter 10-Fuß-Isoliercontainer-Neu","<div class=""product-description"">
  <h1>Gebrauchter 10-Fuß-Isoliercontainer-Neu</h1>
  
  <h2>Produktvorteile</h2>
  <ul>
    <li>Wind- und wasserdicht nach ISO-Norm</li>
    <li>CSC-zertifiziert für weltweiten Seetransport</li>
    <li>Stabile Stahlkonstruktion</li>
    <li>Sofort verfügbar - Kurze Lieferzeiten</li>
    <li>Flexible Zahlungsoptionen möglich</li>
  </ul>
  
  <h2>Technische Spezifikationen</h2>
  <table border=""0"" cellspacing=""0"" cellpadding=""5"">
    <tr>
      <td><strong>Material</strong></td>
      <td>Hochwertiger Stahl / Cortenstahl</td>
    </tr>
    <tr>
      <td><strong>Zustand</strong></td>
      <td>Neu oder Gebraucht</td>
    </tr>
    <tr>
      <td><strong>Zertifizierung</strong></td>
      <td>ISO 668, CSC-Plakette</td>
    </tr>
    <tr>
      <td><strong>Verfügbarkeit</strong></td>
      <td>Sofort lieferbar</td>
    </tr>
  </table>
  
  <h2>Beschreibung</h2>
  <p>Der gebrauchte 10-Fuß-Isoliercontainer, oder auch 10-Fuß-Isolierkühlcontainer genannt, wird häufig für die Lagerung von frischen Produkten verwendet. Mit seiner geringen Stellfläche findet der 10-Fuß-Isoliercontainer seinen Platz! Ermöglicht die Aufrechterhaltung der Temperatur im Behälter ohne Motor.</p>
  
  <h2>Typische Anwendungsbereiche</h2>
  <ul>
    <li>Lagerung von Baumaterialien</li>
    <li>Warenlager für Handel</li>
    <li>Seefracht-Transport</li>
    <li>Mobile Werkstatt</li>
    <li>Zwischenlager bei Umzügen</li>
  </ul>
  
  <h2>Unsere Serviceleistungen</h2>
  <ul>
    <li>Kostenlose Lieferung (auf Anfrage)</li>
    <li>Professionelle Beratung</li>
    <li>Finanzierung möglich</li>
    <li>30 Tage Rückgabegarantie</li>
  </ul>
</div>",GSHandels,"Container","Container, GSHandels, Lagerung, Transport, Neu, Gebraucht, 10 Fuß",true,Title,Default Title,,,,,CFMF5635X,,shopify,10,deny,manual,1200.00,,true,true,,https://gshandels.com/wp-content/uploads/2026/04/130d33_18f2c7f2c67e437a993d8532eadf6a7cmv2-1.jpg,1,"Gebrauchter 10-Fuß-Isoliercontainer-Neu",false,"Gebrauchter 10-Fuß-Isoliercontainer-Neu | GSHandels - Professionelle Containerlösungen","Hochwertiger Gebrauchter 10-Fuß-Isoliercontainer-Neu von GSHandels. Professionelle Containerlösungen für Lagerung, Transport und gewerbliche Nutzung. Jetzt unverbindlich anfragen!",594,active
cf545569,"10′ Offshore-Reefer-Kühlcontainer-Neu","<div class=""product-description"">
  <h1>10′ Offshore-Reefer-Kühlcontainer-Neu</h1>
  
  <h2>Produktvorteile</h2>
  <ul>
    <li>Wind- und wasserdicht nach ISO-Norm</li>
    <li>CSC-zertifiziert für weltweiten Seetransport</li>
    <li>Stabile Stahlkonstruktion</li>
    <li>Sofort verfügbar - Kurze Lieferzeiten</li>
    <li>Flexible Zahlungsoptionen möglich</li>
  </ul>
  
  <h2>Technische Spezifikationen</h2>
  <table border=""0"" cellspacing=""0"" cellpadding=""5"">
    <tr>
      <td><strong>Material</strong></td>
      <td>Hochwertiger Stahl / Cortenstahl</td>
    </tr>
    <tr>
      <td><strong>Zustand</strong></td>
      <td>Neu oder Gebraucht</td>
    </tr>
    <tr>
      <td><strong>Zertifizierung</strong></td>
      <td>ISO 668, CSC-Plakette</td>
    </tr>
    <tr>
      <td><strong>Verfügbarkeit</strong></td>
      <td>Sofort lieferbar</td>
    </tr>
  </table>
  
  <h2>Beschreibung</h2>
  <p>Hochwertiger Container für Lagerung, Transport oder gewerbliche Nutzung. Robuste Bauweise aus wetterfestem Stahl, wind- und wasserdicht nach ISO-Norm. Vielseitig einsetzbar als Lagercontainer, Bürocontainer oder für spezielle Anforderungen.</p>
  
  <h2>Typische Anwendungsbereiche</h2>
  <ul>
    <li>Lagerung von Baumaterialien</li>
    <li>Warenlager für Handel</li>
    <li>Seefracht-Transport</li>
    <li>Mobile Werkstatt</li>
    <li>Zwischenlager bei Umzügen</li>
  </ul>
  
  <h2>Unsere Serviceleistungen</h2>
  <ul>
    <li>Kostenlose Lieferung (auf Anfrage)</li>
    <li>Professionelle Beratung</li>
    <li>Finanzierung möglich</li>
    <li>30 Tage Rückgabegarantie</li>
  </ul>
</div>",GSHandels,"Container","Container, GSHandels, Lagerung, Transport, Neu, Kühlcontainer",true,Title,Default Title,,,,,CF545569,,shopify,10,deny,manual,1640.00,,true,true,,https://gshandels.com/wp-content/uploads/2026/04/130d33_0eafa4bfdb3e47cca2f9595106ff34a0mv2-1.webp,1,"10′ Offshore-Reefer-Kühlcontainer-Neu",false,"10′ Offshore-Reefer-Kühlcontainer-Neu | GSHandels - Professionelle Containerlösungen","Hochwertiger 10′ Offshore-Reefer-Kühlcontainer-Neu von GSHandels. Professionelle Containerlösungen für Lagerung, Transport und gewerbliche Nutzung. Jetzt unverbindlich anfragen!",594,active
cf412191y,"Container Thermo King 20′ DRY-Neu","<div class=""product-description"">
  <h1>Container Thermo King 20′ DRY-Neu</h1>
  
  <h2>Produktvorteile</h2>
  <ul>
    <li>Wind- und wasserdicht nach ISO-Norm</li>
    <li>CSC-zertifiziert für weltweiten Seetransport</li>
    <li>Stabile Stahlkonstruktion</li>
    <li>Sofort verfügbar - Kurze Lieferzeiten</li>
    <li>Flexible Zahlungsoptionen möglich</li>
  </ul>
  
  <h2>Technische Spezifikationen</h2>
  <table border=""0"" cellspacing=""0"" cellpadding=""5"">
    <tr>
      <td><strong>Material</strong></td>
      <td>Hochwertiger Stahl / Cortenstahl</td>
    </tr>
    <tr>
      <td><strong>Zustand</strong></td>
      <td>Neu oder Gebraucht</td>
    </tr>
    <tr>
      <td><strong>Zertifizierung</strong></td>
      <td>ISO 668, CSC-Plakette</td>
    </tr>
    <tr>
      <td><strong>Verfügbarkeit</strong></td>
      <td>Sofort lieferbar</td>
    </tr>
  </table>
  
  <h2>Beschreibung</h2>
  <p>Hochwertiger Container für Lagerung, Transport oder gewerbliche Nutzung. Robuste Bauweise aus wetterfestem Stahl, wind- und wasserdicht nach ISO-Norm. Vielseitig einsetzbar als Lagercontainer, Bürocontainer oder für spezielle Anforderungen.</p>
  
  <h2>Typische Anwendungsbereiche</h2>
  <ul>
    <li>Lagerung von Baumaterialien</li>
    <li>Warenlager für Handel</li>
    <li>Seefracht-Transport</li>
    <li>Mobile Werkstatt</li>
    <li>Zwischenlager bei Umzügen</li>
  </ul>
  
  <h2>Unsere Serviceleistungen</h2>
  <ul>
    <li>Kostenlose Lieferung (auf Anfrage)</li>
    <li>Professionelle Beratung</li>
    <li>Finanzierung möglich</li>
    <li>30 Tage Rückgabegarantie</li>
  </ul>
</div>",GSHandels,"Container","Container, GSHandels, Lagerung, Transport, Neu",true,Title,Default Title,,,,,CF412191Y,,shopify,10,deny,manual,2240.00,,true,true,,https://gshandels.com/wp-content/uploads/2026/04/130d33_c7d43bcd8ff741aea0d2db9993be08d0mv2-1.jpg,1,"Container Thermo King 20′ DRY-Neu",false,"Container Thermo King 20′ DRY-Neu | GSHandels - Professionelle Containerlösungen","Hochwertiger Container Thermo King 20′ DRY-Neu von GSHandels. Professionelle Containerlösungen für Lagerung, Transport und gewerbliche Nutzung. Jetzt unverbindlich anfragen!",594,active
cf816244g,"40′ Carrier HC Kühlcontainer-Neu","<div class=""product-description"">
  <h1>40′ Carrier HC Kühlcontainer-Neu</h1>
  
  <h2>Produktvorteile</h2>
  <ul>
    <li>Wind- und wasserdicht nach ISO-Norm</li>
    <li>CSC-zertifiziert für weltweiten Seetransport</li>
    <li>Stabile Stahlkonstruktion</li>
    <li>Sofort verfügbar - Kurze Lieferzeiten</li>
    <li>Flexible Zahlungsoptionen möglich</li>
  </ul>
  
  <h2>Technische Spezifikationen</h2>
  <table border=""0"" cellspacing=""0"" cellpadding=""5"">
    <tr>
      <td><strong>Material</strong></td>
      <td>Hochwertiger Stahl / Cortenstahl</td>
    </tr>
    <tr>
      <td><strong>Zustand</strong></td>
      <td>Neu oder Gebraucht</td>
    </tr>
    <tr>
      <td><strong>Zertifizierung</strong></td>
      <td>ISO 668, CSC-Plakette</td>
    </tr>
    <tr>
      <td><strong>Verfügbarkeit</strong></td>
      <td>Sofort lieferbar</td>
    </tr>
  </table>
  
  <h2>Beschreibung</h2>
  <p>Hochwertiger Container für Lagerung, Transport oder gewerbliche Nutzung. Robuste Bauweise aus wetterfestem Stahl, wind- und wasserdicht nach ISO-Norm. Vielseitig einsetzbar als Lagercontainer, Bürocontainer oder für spezielle Anforderungen.</p>
  
  <h2>Typische Anwendungsbereiche</h2>
  <ul>
    <li>Lagerung von Baumaterialien</li>
    <li>Warenlager für Handel</li>
    <li>Seefracht-Transport</li>
    <li>Mobile Werkstatt</li>
    <li>Zwischenlager bei Umzügen</li>
  </ul>
  
  <h2>Unsere Serviceleistungen</h2>
  <ul>
    <li>Kostenlose Lieferung (auf Anfrage)</li>
    <li>Professionelle Beratung</li>
    <li>Finanzierung möglich</li>
    <li>30 Tage Rückgabegarantie</li>
  </ul>
</div>",GSHandels,"Container","Container, GSHandels, Lagerung, Transport, Neu, Kühlcontainer",true,Title,Default Title,,,,,CF816244G,,shopify,10,deny,manual,3280.00,,true,true,,https://gshandels.com/wp-content/uploads/2026/04/130d33_df848d1f47ed498eb23f0497f5d0eb33mv2-1.jpg,1,"40′ Carrier HC Kühlcontainer-Neu",false,"40′ Carrier HC Kühlcontainer-Neu | GSHandels - Professionelle Containerlösungen","Hochwertiger 40′ Carrier HC Kühlcontainer-Neu von GSHandels. Professionelle Containerlösungen für Lagerung, Transport und gewerbliche Nutzung. Jetzt unverbindlich anfragen!",594,active
cf96324x4,"Carrier 20′ Kühlcontainer REEFER HC-Neu","<div class=""product-description"">
  <h1>Carrier 20′ Kühlcontainer REEFER HC-Neu</h1>
  
  <h2>Produktvorteile</h2>
  <ul>
    <li>Wind- und wasserdicht nach ISO-Norm</li>
    <li>CSC-zertifiziert für weltweiten Seetransport</li>
    <li>Stabile Stahlkonstruktion</li>
    <li>Sofort verfügbar - Kurze Lieferzeiten</li>
    <li>Flexible Zahlungsoptionen möglich</li>
  </ul>
  
  <h2>Technische Spezifikationen</h2>
  <table border=""0"" cellspacing=""0"" cellpadding=""5"">
    <tr>
      <td><strong>Material</strong></td>
      <td>Hochwertiger Stahl / Cortenstahl</td>
    </tr>
    <tr>
      <td><strong>Zustand</strong></td>
      <td>Neu oder Gebraucht</td>
    </tr>
    <tr>
      <td><strong>Zertifizierung</strong></td>
      <td>ISO 668, CSC-Plakette</td>
    </tr>
    <tr>
      <td><strong>Verfügbarkeit</strong></td>
      <td>Sofort lieferbar</td>
    </tr>
  </table>
  
  <h2>Beschreibung</h2>
  <p>Hochwertiger Container für Lagerung, Transport oder gewerbliche Nutzung. Robuste Bauweise aus wetterfestem Stahl, wind- und wasserdicht nach ISO-Norm. Vielseitig einsetzbar als Lagercontainer, Bürocontainer oder für spezielle Anforderungen.</p>
  
  <h2>Typische Anwendungsbereiche</h2>
  <ul>
    <li>Lagerung von Baumaterialien</li>
    <li>Warenlager für Handel</li>
    <li>Seefracht-Transport</li>
    <li>Mobile Werkstatt</li>
    <li>Zwischenlager bei Umzügen</li>
  </ul>
  
  <h2>Unsere Serviceleistungen</h2>
  <ul>
    <li>Kostenlose Lieferung (auf Anfrage)</li>
    <li>Professionelle Beratung</li>
    <li>Finanzierung möglich</li>
    <li>30 Tage Rückgabegarantie</li>
  </ul>
</div>",GSHandels,"Container","Container, GSHandels, Lagerung, Transport, Neu, Kühlcontainer",true,Title,Default Title,,,,,CF96324X4,,shopify,10,deny,manual,2440.00,,true,true,,https://gshandels.com/wp-content/uploads/2026/04/130d33_52eaf8901a43486bb4a2fc822ab791a3mv2-1.webp,1,"Carrier 20′ Kühlcontainer REEFER HC-Neu",false,"Carrier 20′ Kühlcontainer REEFER HC-Neu | GSHandels - Professionelle Containerlösungen","Hochwertiger Carrier 20′ Kühlcontainer REEFER HC-Neu von GSHandels. Professionelle Containerlösungen für Lagerung, Transport und gewerbliche Nutzung. Jetzt unverbindlich anfragen!",594,active
cf9921b7,"Container 10′ Thermo King Standard-Neu","<div class=""product-description"">
  <h1>Container 10′ Thermo King Standard-Neu</h1>
  
  <h2>Produktvorteile</h2>
  <ul>
    <li>Wind- und wasserdicht nach ISO-Norm</li>
    <li>CSC-zertifiziert für weltweiten Seetransport</li>
    <li>Stabile Stahlkonstruktion</li>
    <li>Sofort verfügbar - Kurze Lieferzeiten</li>
    <li>Flexible Zahlungsoptionen möglich</li>
  </ul>
  
  <h2>Technische Spezifikationen</h2>
  <table border=""0"" cellspacing=""0"" cellpadding=""5"">
    <tr>
      <td><strong>Material</strong></td>
      <td>Hochwertiger Stahl / Cortenstahl</td>
    </tr>
    <tr>
      <td><strong>Zustand</strong></td>
      <td>Neu oder Gebraucht</td>
    </tr>
    <tr>
      <td><strong>Zertifizierung</strong></td>
      <td>ISO 668, CSC-Plakette</td>
    </tr>
    <tr>
      <td><strong>Verfügbarkeit</strong></td>
      <td>Sofort lieferbar</td>
    </tr>
  </table>
  
  <h2>Beschreibung</h2>
  <p>Hochwertiger Container für Lagerung, Transport oder gewerbliche Nutzung. Robuste Bauweise aus wetterfestem Stahl, wind- und wasserdicht nach ISO-Norm. Vielseitig einsetzbar als Lagercontainer, Bürocontainer oder für spezielle Anforderungen.</p>
  
  <h2>Typische Anwendungsbereiche</h2>
  <ul>
    <li>Lagerung von Baumaterialien</li>
    <li>Warenlager für Handel</li>
    <li>Seefracht-Transport</li>
    <li>Mobile Werkstatt</li>
    <li>Zwischenlager bei Umzügen</li>
  </ul>
  
  <h2>Unsere Serviceleistungen</h2>
  <ul>
    <li>Kostenlose Lieferung (auf Anfrage)</li>
    <li>Professionelle Beratung</li>
    <li>Finanzierung möglich</li>
    <li>30 Tage Rückgabegarantie</li>
  </ul>
</div>",GSHandels,"Container","Container, GSHandels, Lagerung, Transport, Neu",true,Title,Default Title,,,,,CF9921B7,,shopify,10,deny,manual,1360.00,,true,true,,https://gshandels.com/wp-content/uploads/2026/04/130d33_d2741c6f723e425a93311507de9fb0f4mv2-1.jpg,1,"Container 10′ Thermo King Standard-Neu",false,"Container 10′ Thermo King Standard-Neu | GSHandels - Professionelle Containerlösungen","Hochwertiger Container 10′ Thermo King Standard-Neu von GSHandels. Professionelle Containerlösungen für Lagerung, Transport und gewerbliche Nutzung. Jetzt unverbindlich anfragen!",594,active
cn002310,"Container 45′ High Cube-Neu","<div class=""product-description"">
  <h1>Container 45′ High Cube-Neu</h1>
  
  <h2>Produktvorteile</h2>
  <ul>
    <li>Wind- und wasserdicht nach ISO-Norm</li>
    <li>CSC-zertifiziert für weltweiten Seetransport</li>
    <li>Stabile Stahlkonstruktion</li>
    <li>Sofort verfügbar - Kurze Lieferzeiten</li>
    <li>Flexible Zahlungsoptionen möglich</li>
  </ul>
  
  <h2>Technische Spezifikationen</h2>
  <table border=""0"" cellspacing=""0"" cellpadding=""5"">
    <tr>
      <td><strong>Material</strong></td>
      <td>Hochwertiger Stahl / Cortenstahl</td>
    </tr>
    <tr>
      <td><strong>Zustand</strong></td>
      <td>Neu oder Gebraucht</td>
    </tr>
    <tr>
      <td><strong>Zertifizierung</strong></td>
      <td>ISO 668, CSC-Plakette</td>
    </tr>
    <tr>
      <td><strong>Verfügbarkeit</strong></td>
      <td>Sofort lieferbar</td>
    </tr>
  </table>
  
  <h2>Beschreibung</h2>
  <p>Hochwertiger Container für Lagerung, Transport oder gewerbliche Nutzung. Robuste Bauweise aus wetterfestem Stahl, wind- und wasserdicht nach ISO-Norm. Vielseitig einsetzbar als Lagercontainer, Bürocontainer oder für spezielle Anforderungen.</p>
  
  <h2>Typische Anwendungsbereiche</h2>
  <ul>
    <li>Lagerung von Baumaterialien</li>
    <li>Warenlager für Handel</li>
    <li>Seefracht-Transport</li>
    <li>Mobile Werkstatt</li>
    <li>Zwischenlager bei Umzügen</li>
  </ul>
  
  <h2>Unsere Serviceleistungen</h2>
  <ul>
    <li>Kostenlose Lieferung (auf Anfrage)</li>
    <li>Professionelle Beratung</li>
    <li>Finanzierung möglich</li>
    <li>30 Tage Rückgabegarantie</li>
  </ul>
</div>",GSHandels,"Container","Container, GSHandels, Lagerung, Transport, Neu, High Cube",true,Title,Default Title,,,,,CN002310,,shopify,10,deny,manual,3920.00,,true,true,,https://gshandels.com/wp-content/uploads/2026/04/130d33_c5259c095f3640469d943f8124857b3cmv2-1.webp,1,"Container 45′ High Cube-Neu",false,"Container 45′ High Cube-Neu | GSHandels - Professionelle Containerlösungen","Hochwertiger Container 45′ High Cube-Neu von GSHandels. Professionelle Containerlösungen für Lagerung, Transport und gewerbliche Nutzung. Jetzt unverbindlich anfragen!",594,active
cn0f4123,"Standard-40-Fuß-Trockencontainer-Neu","<div class=""product-description"">
  <h1>Standard-40-Fuß-Trockencontainer-Neu</h1>
  
  <h2>Produktvorteile</h2>
  <ul>
    <li>Wind- und wasserdicht nach ISO-Norm</li>
    <li>CSC-zertifiziert für weltweiten Seetransport</li>
    <li>Stabile Stahlkonstruktion</li>
    <li>Sofort verfügbar - Kurze Lieferzeiten</li>
    <li>Flexible Zahlungsoptionen möglich</li>
  </ul>
  
  <h2>Technische Spezifikationen</h2>
  <table border=""0"" cellspacing=""0"" cellpadding=""5"">
    <tr>
      <td><strong>Material</strong></td>
      <td>Hochwertiger Stahl / Cortenstahl</td>
    </tr>
    <tr>
      <td><strong>Zustand</strong></td>
      <td>Neu oder Gebraucht</td>
    </tr>
    <tr>
      <td><strong>Zertifizierung</strong></td>
      <td>ISO 668, CSC-Plakette</td>
    </tr>
    <tr>
      <td><strong>Verfügbarkeit</strong></td>
      <td>Sofort lieferbar</td>
    </tr>
  </table>
  
  <h2>Beschreibung</h2>
  <p>Hochwertiger Container für Lagerung, Transport oder gewerbliche Nutzung. Robuste Bauweise aus wetterfestem Stahl, wind- und wasserdicht nach ISO-Norm. Vielseitig einsetzbar als Lagercontainer, Bürocontainer oder für spezielle Anforderungen.</p>
  
  <h2>Typische Anwendungsbereiche</h2>
  <ul>
    <li>Lagerung von Baumaterialien</li>
    <li>Warenlager für Handel</li>
    <li>Seefracht-Transport</li>
    <li>Mobile Werkstatt</li>
    <li>Zwischenlager bei Umzügen</li>
  </ul>
  
  <h2>Unsere Serviceleistungen</h2>
  <ul>
    <li>Kostenlose Lieferung (auf Anfrage)</li>
    <li>Professionelle Beratung</li>
    <li>Finanzierung möglich</li>
    <li>30 Tage Rückgabegarantie</li>
  </ul>
</div>",GSHandels,"Container","Container, GSHandels, Lagerung, Transport, Neu, 40 Fuß",true,Title,Default Title,,,,,CN0F4123,,shopify,10,deny,manual,2560.00,,true,true,,https://gshandels.com/wp-content/uploads/2026/04/130d33_7ea0f6e704bf405eaa15516491778189mv2-1.jpg,1,"Standard-40-Fuß-Trockencontainer-Neu",false,"Standard-40-Fuß-Trockencontainer-Neu | GSHandels - Professionelle Containerlösungen","Hochwertiger Standard-40-Fuß-Trockencontainer-Neu von GSHandels. Professionelle Containerlösungen für Lagerung, Transport und gewerbliche Nutzung. Jetzt unverbindlich anfragen!",594,active
cnr46248,"Container 20′ Dry Standard Cremeweiß-Neu","<div class=""product-description"">
  <h1>Container 20′ Dry Standard Cremeweiß-Neu</h1>
  
  <h2>Produktvorteile</h2>
  <ul>
    <li>Wind- und wasserdicht nach ISO-Norm</li>
    <li>CSC-zertifiziert für weltweiten Seetransport</li>
    <li>Stabile Stahlkonstruktion</li>
    <li>Sofort verfügbar - Kurze Lieferzeiten</li>
    <li>Flexible Zahlungsoptionen möglich</li>
  </ul>
  
  <h2>Technische Spezifikationen</h2>
  <table border=""0"" cellspacing=""0"" cellpadding=""5"">
    <tr>
      <td><strong>Material</strong></td>
      <td>Hochwertiger Stahl / Cortenstahl</td>
    </tr>
    <tr>
      <td><strong>Zustand</strong></td>
      <td>Neu oder Gebraucht</td>
    </tr>
    <tr>
      <td><strong>Zertifizierung</strong></td>
      <td>ISO 668, CSC-Plakette</td>
    </tr>
    <tr>
      <td><strong>Verfügbarkeit</strong></td>
      <td>Sofort lieferbar</td>
    </tr>
  </table>
  
  <h2>Beschreibung</h2>
  <p>Hochwertiger Container für Lagerung, Transport oder gewerbliche Nutzung. Robuste Bauweise aus wetterfestem Stahl, wind- und wasserdicht nach ISO-Norm. Vielseitig einsetzbar als Lagercontainer, Bürocontainer oder für spezielle Anforderungen.</p>
  
  <h2>Typische Anwendungsbereiche</h2>
  <ul>
    <li>Lagerung von Baumaterialien</li>
    <li>Warenlager für Handel</li>
    <li>Seefracht-Transport</li>
    <li>Mobile Werkstatt</li>
    <li>Zwischenlager bei Umzügen</li>
  </ul>
  
  <h2>Unsere Serviceleistungen</h2>
  <ul>
    <li>Kostenlose Lieferung (auf Anfrage)</li>
    <li>Professionelle Beratung</li>
    <li>Finanzierung möglich</li>
    <li>30 Tage Rückgabegarantie</li>
  </ul>
</div>",GSHandels,"Container","Container, GSHandels, Lagerung, Transport, Neu",true,Title,Default Title,,,,,CNR46248,,shopify,10,deny,manual,1680.00,,true,true,,https://gshandels.com/wp-content/uploads/2026/04/130d33_cddb67268b08447dbc71d149bebf2c2dmv2-1.jpg,1,"Container 20′ Dry Standard Cremeweiß-Neu",false,"Container 20′ Dry Standard Cremeweiß-Neu | GSHandels - Professionelle Containerlösungen","Hochwertiger Container 20′ Dry Standard Cremeweiß-Neu von GSHandels. Professionelle Containerlösungen für Lagerung, Transport und gewerbliche Nutzung. Jetzt unverbindlich anfragen!",594,active
cn002003,"Container 10′ Trockenstandard-Neu","<div class=""product-description"">
  <h1>Container 10′ Trockenstandard-Neu</h1>
  
  <h2>Produktvorteile</h2>
  <ul>
    <li>Wind- und wasserdicht nach ISO-Norm</li>
    <li>CSC-zertifiziert für weltweiten Seetransport</li>
    <li>Stabile Stahlkonstruktion</li>
    <li>Sofort verfügbar - Kurze Lieferzeiten</li>
    <li>Flexible Zahlungsoptionen möglich</li>
  </ul>
  
  <h2>Technische Spezifikationen</h2>
  <table border=""0"" cellspacing=""0"" cellpadding=""5"">
    <tr>
      <td><strong>Material</strong></td>
      <td>Hochwertiger Stahl / Cortenstahl</td>
    </tr>
    <tr>
      <td><strong>Zustand</strong></td>
      <td>Neu oder Gebraucht</td>
    </tr>
    <tr>
      <td><strong>Zertifizierung</strong></td>
      <td>ISO 668, CSC-Plakette</td>
    </tr>
    <tr>
      <td><strong>Verfügbarkeit</strong></td>
      <td>Sofort lieferbar</td>
    </tr>
  </table>
  
  <h2>Beschreibung</h2>
  <p>Hochwertiger Container für Lagerung, Transport oder gewerbliche Nutzung. Robuste Bauweise aus wetterfestem Stahl, wind- und wasserdicht nach ISO-Norm. Vielseitig einsetzbar als Lagercontainer, Bürocontainer oder für spezielle Anforderungen.</p>
  
  <h2>Typische Anwendungsbereiche</h2>
  <ul>
    <li>Lagerung von Baumaterialien</li>
    <li>Warenlager für Handel</li>
    <li>Seefracht-Transport</li>
    <li>Mobile Werkstatt</li>
    <li>Zwischenlager bei Umzügen</li>
  </ul>
  
  <h2>Unsere Serviceleistungen</h2>
  <ul>
    <li>Kostenlose Lieferung (auf Anfrage)</li>
    <li>Professionelle Beratung</li>
    <li>Finanzierung möglich</li>
    <li>30 Tage Rückgabegarantie</li>
  </ul>
</div>",GSHandels,"Container","Container, GSHandels, Lagerung, Transport, Neu",true,Title,Default Title,,,,,CN002003,,shopify,10,deny,manual,952.00,,true,true,,https://gshandels.com/wp-content/uploads/2026/04/130d33_40dd13f47a4643adbc8701e8b1093f55mv2-1.webp,1,"Container 10′ Trockenstandard-Neu",false,"Container 10′ Trockenstandard-Neu | GSHandels - Professionelle Containerlösungen","Hochwertiger Container 10′ Trockenstandard-Neu von GSHandels. Professionelle Containerlösungen für Lagerung, Transport und gewerbliche Nutzung. Jetzt unverbindlich anfragen!",594,active
cn334568,"40′-Doppeltürcontainer-Neu","<div class=""product-description"">
  <h1>40′-Doppeltürcontainer-Neu</h1>
  
  <h2>Produktvorteile</h2>
  <ul>
    <li>Wind- und wasserdicht nach ISO-Norm</li>
    <li>CSC-zertifiziert für weltweiten Seetransport</li>
    <li>Stabile Stahlkonstruktion</li>
    <li>Sofort verfügbar - Kurze Lieferzeiten</li>
    <li>Flexible Zahlungsoptionen möglich</li>
  </ul>
  
  <h2>Technische Spezifikationen</h2>
  <table border=""0"" cellspacing=""0"" cellpadding=""5"">
    <tr>
      <td><strong>Material</strong></td>
      <td>Hochwertiger Stahl / Cortenstahl</td>
    </tr>
    <tr>
      <td><strong>Zustand</strong></td>
      <td>Neu oder Gebraucht</td>
    </tr>
    <tr>
      <td><strong>Zertifizierung</strong></td>
      <td>ISO 668, CSC-Plakette</td>
    </tr>
    <tr>
      <td><strong>Verfügbarkeit</strong></td>
      <td>Sofort lieferbar</td>
    </tr>
  </table>
  
  <h2>Beschreibung</h2>
  <p>Materialien: MetallAnwendungen: Lagerung, TransportAndere Eigenschaften: DoppeltürVolumen: 67,2 m³ (2.373,1 ft³)Höhe: 2.591 mm (102,0079 Zoll)Länge: 12.192 mm (480 Zoll)Breite:…</p>
  
  <h2>Typische Anwendungsbereiche</h2>
  <ul>
    <li>Lagerung von Baumaterialien</li>
    <li>Warenlager für Handel</li>
    <li>Seefracht-Transport</li>
    <li>Mobile Werkstatt</li>
    <li>Zwischenlager bei Umzügen</li>
  </ul>
  
  <h2>Unsere Serviceleistungen</h2>
  <ul>
    <li>Kostenlose Lieferung (auf Anfrage)</li>
    <li>Professionelle Beratung</li>
    <li>Finanzierung möglich</li>
    <li>30 Tage Rückgabegarantie</li>
  </ul>
</div>",GSHandels,"Container","Container, GSHandels, Lagerung, Transport, Neu",true,Title,Default Title,,,,,CN334568,,shopify,10,deny,manual,2960.00,,true,true,,https://gshandels.com/wp-content/uploads/2026/04/130d33_cc0a234b67a1460b911349dd31250172mv2-1.webp,1,"40′-Doppeltürcontainer-Neu",false,"40′-Doppeltürcontainer-Neu | GSHandels - Professionelle Containerlösungen","Hochwertiger 40′-Doppeltürcontainer-Neu von GSHandels. Professionelle Containerlösungen für Lagerung, Transport und gewerbliche Nutzung. Jetzt unverbindlich anfragen!",594,active
cn002019,"20′-Container – 4 Seitentüren-Neu","<div class=""product-description"">
  <h1>20′-Container – 4 Seitentüren-Neu</h1>
  
  <h2>Produktvorteile</h2>
  <ul>
    <li>Wind- und wasserdicht nach ISO-Norm</li>
    <li>CSC-zertifiziert für weltweiten Seetransport</li>
    <li>Stabile Stahlkonstruktion</li>
    <li>Sofort verfügbar - Kurze Lieferzeiten</li>
    <li>Flexible Zahlungsoptionen möglich</li>
  </ul>
  
  <h2>Technische Spezifikationen</h2>
  <table border=""0"" cellspacing=""0"" cellpadding=""5"">
    <tr>
      <td><strong>Material</strong></td>
      <td>Hochwertiger Stahl / Cortenstahl</td>
    </tr>
    <tr>
      <td><strong>Zustand</strong></td>
      <td>Neu oder Gebraucht</td>
    </tr>
    <tr>
      <td><strong>Zertifizierung</strong></td>
      <td>ISO 668, CSC-Plakette</td>
    </tr>
    <tr>
      <td><strong>Verfügbarkeit</strong></td>
      <td>Sofort lieferbar</td>
    </tr>
  </table>
  
  <h2>Beschreibung</h2>
  <p>Hochwertiger Container für Lagerung, Transport oder gewerbliche Nutzung. Robuste Bauweise aus wetterfestem Stahl, wind- und wasserdicht nach ISO-Norm. Vielseitig einsetzbar als Lagercontainer, Bürocontainer oder für spezielle Anforderungen.</p>
  
  <h2>Typische Anwendungsbereiche</h2>
  <ul>
    <li>Lagerung von Baumaterialien</li>
    <li>Warenlager für Handel</li>
    <li>Seefracht-Transport</li>
    <li>Mobile Werkstatt</li>
    <li>Zwischenlager bei Umzügen</li>
  </ul>
  
  <h2>Unsere Serviceleistungen</h2>
  <ul>
    <li>Kostenlose Lieferung (auf Anfrage)</li>
    <li>Professionelle Beratung</li>
    <li>Finanzierung möglich</li>
    <li>30 Tage Rückgabegarantie</li>
  </ul>
</div>",GSHandels,"Container","Container, GSHandels, Lagerung, Transport, Neu",true,Title,Default Title,,,,,CN002019,,shopify,10,deny,manual,1920.00,,true,true,,https://gshandels.com/wp-content/uploads/2026/04/130d33_9522c7e6bef4410785b5682d279831d0mv2-1.jpg,1,"20′-Container – 4 Seitentüren-Neu",false,"20′-Container – 4 Seitentüren-Neu | GSHandels - Professionelle Containerlösungen","Hochwertiger 20′-Container – 4 Seitentüren-Neu von GSHandels. Professionelle Containerlösungen für Lagerung, Transport und gewerbliche Nutzung. Jetzt unverbindlich anfragen!",594,active
cn009411,"20′ HC-Container – Doppeltür Neu-Neu","<div class=""product-description"">
  <h1>20′ HC-Container – Doppeltür Neu-Neu</h1>
  
  <h2>Produktvorteile</h2>
  <ul>
    <li>Wind- und wasserdicht nach ISO-Norm</li>
    <li>CSC-zertifiziert für weltweiten Seetransport</li>
    <li>Stabile Stahlkonstruktion</li>
    <li>Sofort verfügbar - Kurze Lieferzeiten</li>
    <li>Flexible Zahlungsoptionen möglich</li>
  </ul>
  
  <h2>Technische Spezifikationen</h2>
  <table border=""0"" cellspacing=""0"" cellpadding=""5"">
    <tr>
      <td><strong>Material</strong></td>
      <td>Hochwertiger Stahl / Cortenstahl</td>
    </tr>
    <tr>
      <td><strong>Zustand</strong></td>
      <td>Neu oder Gebraucht</td>
    </tr>
    <tr>
      <td><strong>Zertifizierung</strong></td>
      <td>ISO 668, CSC-Plakette</td>
    </tr>
    <tr>
      <td><strong>Verfügbarkeit</strong></td>
      <td>Sofort lieferbar</td>
    </tr>
  </table>
  
  <h2>Beschreibung</h2>
  <p>Hochwertiger Container für Lagerung, Transport oder gewerbliche Nutzung. Robuste Bauweise aus wetterfestem Stahl, wind- und wasserdicht nach ISO-Norm. Vielseitig einsetzbar als Lagercontainer, Bürocontainer oder für spezielle Anforderungen.</p>
  
  <h2>Typische Anwendungsbereiche</h2>
  <ul>
    <li>Lagerung von Baumaterialien</li>
    <li>Warenlager für Handel</li>
    <li>Seefracht-Transport</li>
    <li>Mobile Werkstatt</li>
    <li>Zwischenlager bei Umzügen</li>
  </ul>
  
  <h2>Unsere Serviceleistungen</h2>
  <ul>
    <li>Kostenlose Lieferung (auf Anfrage)</li>
    <li>Professionelle Beratung</li>
    <li>Finanzierung möglich</li>
    <li>30 Tage Rückgabegarantie</li>
  </ul>
</div>",GSHandels,"Container","Container, GSHandels, Lagerung, Transport, Neu",true,Title,Default Title,,,,,CN009411,,shopify,10,deny,manual,1840.00,,true,true,,https://gshandels.com/wp-content/uploads/2026/04/130d33_09595b938588494e8b41553ef07c6b18mv2-1.webp,1,"20′ HC-Container – Doppeltür Neu-Neu",false,"20′ HC-Container – Doppeltür Neu-Neu | GSHandels - Professionelle Containerlösungen","Hochwertiger 20′ HC-Container – Doppeltür Neu-Neu von GSHandels. Professionelle Containerlösungen für Lagerung, Transport und gewerbliche Nutzung. Jetzt unverbindlich anfragen!",594,active
cn120491,"15′-Lagercontainer mit offener Seite-Neu","<div class=""product-description"">
  <h1>15′-Lagercontainer mit offener Seite-Neu</h1>
  
  <h2>Produktvorteile</h2>
  <ul>
    <li>Wind- und wasserdicht nach ISO-Norm</li>
    <li>CSC-zertifiziert für weltweiten Seetransport</li>
    <li>Stabile Stahlkonstruktion</li>
    <li>Sofort verfügbar - Kurze Lieferzeiten</li>
    <li>Flexible Zahlungsoptionen möglich</li>
  </ul>
  
  <h2>Technische Spezifikationen</h2>
  <table border=""0"" cellspacing=""0"" cellpadding=""5"">
    <tr>
      <td><strong>Material</strong></td>
      <td>Hochwertiger Stahl / Cortenstahl</td>
    </tr>
    <tr>
      <td><strong>Zustand</strong></td>
      <td>Neu oder Gebraucht</td>
    </tr>
    <tr>
      <td><strong>Zertifizierung</strong></td>
      <td>ISO 668, CSC-Plakette</td>
    </tr>
    <tr>
      <td><strong>Verfügbarkeit</strong></td>
      <td>Sofort lieferbar</td>
    </tr>
  </table>
  
  <h2>Beschreibung</h2>
  <p>Hochwertiger Container für Lagerung, Transport oder gewerbliche Nutzung. Robuste Bauweise aus wetterfestem Stahl, wind- und wasserdicht nach ISO-Norm. Vielseitig einsetzbar als Lagercontainer, Bürocontainer oder für spezielle Anforderungen.</p>
  
  <h2>Typische Anwendungsbereiche</h2>
  <ul>
    <li>Lagerung von Baumaterialien</li>
    <li>Warenlager für Handel</li>
    <li>Seefracht-Transport</li>
    <li>Mobile Werkstatt</li>
    <li>Zwischenlager bei Umzügen</li>
  </ul>
  
  <h2>Unsere Serviceleistungen</h2>
  <ul>
    <li>Kostenlose Lieferung (auf Anfrage)</li>
    <li>Professionelle Beratung</li>
    <li>Finanzierung möglich</li>
    <li>30 Tage Rückgabegarantie</li>
  </ul>
</div>",GSHandels,"Container","Container, GSHandels, Lagerung, Transport, Neu",true,Title,Default Title,,,,,CN120491,,shopify,10,deny,manual,1200.00,,true,true,,https://gshandels.com/wp-content/uploads/2026/04/130d33_c3723414bb6a48b0aa26fcff3fc397e3mv2-1.jpg,1,"15′-Lagercontainer mit offener Seite-Neu",false,"15′-Lagercontainer mit offener Seite-Neu | GSHandels - Professionelle Containerlösungen","Hochwertiger 15′-Lagercontainer mit offener Seite-Neu von GSHandels. Professionelle Containerlösungen für Lagerung, Transport und gewerbliche Nutzung. Jetzt unverbindlich anfragen!",594,active
cn013149,"Offener Seitencontainer 40′ HC mit 4 Seitentüren-Neu","<div class=""product-description"">
  <h1>Offener Seitencontainer 40′ HC mit 4 Seitentüren-Neu</h1>
  
  <h2>Produktvorteile</h2>
  <ul>
    <li>Wind- und wasserdicht nach ISO-Norm</li>
    <li>CSC-zertifiziert für weltweiten Seetransport</li>
    <li>Stabile Stahlkonstruktion</li>
    <li>Sofort verfügbar - Kurze Lieferzeiten</li>
    <li>Flexible Zahlungsoptionen möglich</li>
  </ul>
  
  <h2>Technische Spezifikationen</h2>
  <table border=""0"" cellspacing=""0"" cellpadding=""5"">
    <tr>
      <td><strong>Material</strong></td>
      <td>Hochwertiger Stahl / Cortenstahl</td>
    </tr>
    <tr>
      <td><strong>Zustand</strong></td>
      <td>Neu oder Gebraucht</td>
    </tr>
    <tr>
      <td><strong>Zertifizierung</strong></td>
      <td>ISO 668, CSC-Plakette</td>
    </tr>
    <tr>
      <td><strong>Verfügbarkeit</strong></td>
      <td>Sofort lieferbar</td>
    </tr>
  </table>
  
  <h2>Beschreibung</h2>
  <p>Außenmaße Innenmaße Länge 12192 mm 12034 mm Breite 2438 mm 2352 mm Höhe 2896 mm 2698 mm Tara max. Nutzlast. MMA 3460 kg 27020 kg 30480 kg…</p>
  
  <h2>Typische Anwendungsbereiche</h2>
  <ul>
    <li>Lagerung von Baumaterialien</li>
    <li>Warenlager für Handel</li>
    <li>Seefracht-Transport</li>
    <li>Mobile Werkstatt</li>
    <li>Zwischenlager bei Umzügen</li>
  </ul>
  
  <h2>Unsere Serviceleistungen</h2>
  <ul>
    <li>Kostenlose Lieferung (auf Anfrage)</li>
    <li>Professionelle Beratung</li>
    <li>Finanzierung möglich</li>
    <li>30 Tage Rückgabegarantie</li>
  </ul>
</div>",GSHandels,"Container","Container, GSHandels, Lagerung, Transport, Neu",true,Title,Default Title,,,,,CN013149,,shopify,10,deny,manual,3760.00,,true,true,,https://gshandels.com/wp-content/uploads/2026/04/130d33_b99822cd1b654074a3400b0e327b0221mv2-1.webp,1,"Offener Seitencontainer 40′ HC mit 4 Seitentüren-Neu",false,"Offener Seitencontainer 40′ HC mit 4 Seitentüren-Neu | GSHandels - Professionelle Containerlösungen","Hochwertiger Offener Seitencontainer 40′ HC mit 4 Seitentüren-Neu von GSHandels. Professionelle Containerlösungen für Lagerung, Transport und gewerbliche Nutzung. Jetzt unverbindlich anfragen!",594,active
cn005633,"Container 40′ High Cube-Neu","<div class=""product-description"">
  <h1>Container 40′ High Cube-Neu</h1>
  
  <h2>Produktvorteile</h2>
  <ul>
    <li>Wind- und wasserdicht nach ISO-Norm</li>
    <li>CSC-zertifiziert für weltweiten Seetransport</li>
    <li>Stabile Stahlkonstruktion</li>
    <li>Sofort verfügbar - Kurze Lieferzeiten</li>
    <li>Flexible Zahlungsoptionen möglich</li>
  </ul>
  
  <h2>Technische Spezifikationen</h2>
  <table border=""0"" cellspacing=""0"" cellpadding=""5"">
    <tr>
      <td><strong>Material</strong></td>
      <td>Hochwertiger Stahl / Cortenstahl</td>
    </tr>
    <tr>
      <td><strong>Zustand</strong></td>
      <td>Neu oder Gebraucht</td>
    </tr>
    <tr>
      <td><strong>Zertifizierung</strong></td>
      <td>ISO 668, CSC-Plakette</td>
    </tr>
    <tr>
      <td><strong>Verfügbarkeit</strong></td>
      <td>Sofort lieferbar</td>
    </tr>
  </table>
  
  <h2>Beschreibung</h2>
  <p>Hochwertiger Container für Lagerung, Transport oder gewerbliche Nutzung. Robuste Bauweise aus wetterfestem Stahl, wind- und wasserdicht nach ISO-Norm. Vielseitig einsetzbar als Lagercontainer, Bürocontainer oder für spezielle Anforderungen.</p>
  
  <h2>Typische Anwendungsbereiche</h2>
  <ul>
    <li>Lagerung von Baumaterialien</li>
    <li>Warenlager für Handel</li>
    <li>Seefracht-Transport</li>
    <li>Mobile Werkstatt</li>
    <li>Zwischenlager bei Umzügen</li>
  </ul>
  
  <h2>Unsere Serviceleistungen</h2>
  <ul>
    <li>Kostenlose Lieferung (auf Anfrage)</li>
    <li>Professionelle Beratung</li>
    <li>Finanzierung möglich</li>
    <li>30 Tage Rückgabegarantie</li>
  </ul>
</div>",GSHandels,"Container","Container, GSHandels, Lagerung, Transport, Neu, High Cube",true,Title,Default Title,,,,,CN005633,,shopify,10,deny,manual,2760.00,,true,true,,https://gshandels.com/wp-content/uploads/2026/04/130d33_793b4e378a19473aae1994e7678f88cemv2-1.jpg,1,"Container 40′ High Cube-Neu",false,"Container 40′ High Cube-Neu | GSHandels - Professionelle Containerlösungen","Hochwertiger Container 40′ High Cube-Neu von GSHandels. Professionelle Containerlösungen für Lagerung, Transport und gewerbliche Nutzung. Jetzt unverbindlich anfragen!",594,active
cn0078543,"Standard-20-Fuß-Trockencontainer-Neu","<div class=""product-description"">
  <h1>Standard-20-Fuß-Trockencontainer-Neu</h1>
  
  <h2>Produktvorteile</h2>
  <ul>
    <li>Wind- und wasserdicht nach ISO-Norm</li>
    <li>CSC-zertifiziert für weltweiten Seetransport</li>
    <li>Stabile Stahlkonstruktion</li>
    <li>Sofort verfügbar - Kurze Lieferzeiten</li>
    <li>Flexible Zahlungsoptionen möglich</li>
  </ul>
  
  <h2>Technische Spezifikationen</h2>
  <table border=""0"" cellspacing=""0"" cellpadding=""5"">
    <tr>
      <td><strong>Material</strong></td>
      <td>Hochwertiger Stahl / Cortenstahl</td>
    </tr>
    <tr>
      <td><strong>Zustand</strong></td>
      <td>Neu oder Gebraucht</td>
    </tr>
    <tr>
      <td><strong>Zertifizierung</strong></td>
      <td>ISO 668, CSC-Plakette</td>
    </tr>
    <tr>
      <td><strong>Verfügbarkeit</strong></td>
      <td>Sofort lieferbar</td>
    </tr>
  </table>
  
  <h2>Beschreibung</h2>
  <p>Hochwertiger Container für Lagerung, Transport oder gewerbliche Nutzung. Robuste Bauweise aus wetterfestem Stahl, wind- und wasserdicht nach ISO-Norm. Vielseitig einsetzbar als Lagercontainer, Bürocontainer oder für spezielle Anforderungen.</p>
  
  <h2>Typische Anwendungsbereiche</h2>
  <ul>
    <li>Lagerung von Baumaterialien</li>
    <li>Warenlager für Handel</li>
    <li>Seefracht-Transport</li>
    <li>Mobile Werkstatt</li>
    <li>Zwischenlager bei Umzügen</li>
  </ul>
  
  <h2>Unsere Serviceleistungen</h2>
  <ul>
    <li>Kostenlose Lieferung (auf Anfrage)</li>
    <li>Professionelle Beratung</li>
    <li>Finanzierung möglich</li>
    <li>30 Tage Rückgabegarantie</li>
  </ul>
</div>",GSHandels,"Container","Container, GSHandels, Lagerung, Transport, Neu, 20 Fuß",true,Title,Default Title,,,,,CN0078543,,shopify,10,deny,manual,1640.00,,true,true,,https://gshandels.com/wp-content/uploads/2026/04/130d33_030c75bf173a45aaaec68a129d74b7admv2-1.jpg,1,"Standard-20-Fuß-Trockencontainer-Neu",false,"Standard-20-Fuß-Trockencontainer-Neu | GSHandels - Professionelle Containerlösungen","Hochwertiger Standard-20-Fuß-Trockencontainer-Neu von GSHandels. Professionelle Containerlösungen für Lagerung, Transport und gewerbliche Nutzung. Jetzt unverbindlich anfragen!",594,active
cn007142,"Standard-15-Fuß-Container-Neu","<div class=""product-description"">
  <h1>Standard-15-Fuß-Container-Neu</h1>
  
  <h2>Produktvorteile</h2>
  <ul>
    <li>Wind- und wasserdicht nach ISO-Norm</li>
    <li>CSC-zertifiziert für weltweiten Seetransport</li>
    <li>Stabile Stahlkonstruktion</li>
    <li>Sofort verfügbar - Kurze Lieferzeiten</li>
    <li>Flexible Zahlungsoptionen möglich</li>
  </ul>
  
  <h2>Technische Spezifikationen</h2>
  <table border=""0"" cellspacing=""0"" cellpadding=""5"">
    <tr>
      <td><strong>Material</strong></td>
      <td>Hochwertiger Stahl / Cortenstahl</td>
    </tr>
    <tr>
      <td><strong>Zustand</strong></td>
      <td>Neu oder Gebraucht</td>
    </tr>
    <tr>
      <td><strong>Zertifizierung</strong></td>
      <td>ISO 668, CSC-Plakette</td>
    </tr>
    <tr>
      <td><strong>Verfügbarkeit</strong></td>
      <td>Sofort lieferbar</td>
    </tr>
  </table>
  
  <h2>Beschreibung</h2>
  <p>Hochwertiger Container für Lagerung, Transport oder gewerbliche Nutzung. Robuste Bauweise aus wetterfestem Stahl, wind- und wasserdicht nach ISO-Norm. Vielseitig einsetzbar als Lagercontainer, Bürocontainer oder für spezielle Anforderungen.</p>
  
  <h2>Typische Anwendungsbereiche</h2>
  <ul>
    <li>Lagerung von Baumaterialien</li>
    <li>Warenlager für Handel</li>
    <li>Seefracht-Transport</li>
    <li>Mobile Werkstatt</li>
    <li>Zwischenlager bei Umzügen</li>
  </ul>
  
  <h2>Unsere Serviceleistungen</h2>
  <ul>
    <li>Kostenlose Lieferung (auf Anfrage)</li>
    <li>Professionelle Beratung</li>
    <li>Finanzierung möglich</li>
    <li>30 Tage Rückgabegarantie</li>
  </ul>
</div>",GSHandels,"Container","Container, GSHandels, Lagerung, Transport, Neu",true,Title,Default Title,,,,,CN007142,,shopify,10,deny,manual,1120.00,,true,true,,https://gshandels.com/wp-content/uploads/2026/04/130d33_2032645c4d2440139b5f0049495267camv2-1.jpg,1,"Standard-15-Fuß-Container-Neu",false,"Standard-15-Fuß-Container-Neu | GSHandels - Professionelle Containerlösungen","Hochwertiger Standard-15-Fuß-Container-Neu von GSHandels. Professionelle Containerlösungen für Lagerung, Transport und gewerbliche Nutzung. Jetzt unverbindlich anfragen!",594,active
cn005487,"Container 10′ High Cube-Neu","<div class=""product-description"">
  <h1>Container 10′ High Cube-Neu</h1>
  
  <h2>Produktvorteile</h2>
  <ul>
    <li>Wind- und wasserdicht nach ISO-Norm</li>
    <li>CSC-zertifiziert für weltweiten Seetransport</li>
    <li>Stabile Stahlkonstruktion</li>
    <li>Sofort verfügbar - Kurze Lieferzeiten</li>
    <li>Flexible Zahlungsoptionen möglich</li>
  </ul>
  
  <h2>Technische Spezifikationen</h2>
  <table border=""0"" cellspacing=""0"" cellpadding=""5"">
    <tr>
      <td><strong>Material</strong></td>
      <td>Hochwertiger Stahl / Cortenstahl</td>
    </tr>
    <tr>
      <td><strong>Zustand</strong></td>
      <td>Neu oder Gebraucht</td>
    </tr>
    <tr>
      <td><strong>Zertifizierung</strong></td>
      <td>ISO 668, CSC-Plakette</td>
    </tr>
    <tr>
      <td><strong>Verfügbarkeit</strong></td>
      <td>Sofort lieferbar</td>
    </tr>
  </table>
  
  <h2>Beschreibung</h2>
  <p>Hochwertiger Container für Lagerung, Transport oder gewerbliche Nutzung. Robuste Bauweise aus wetterfestem Stahl, wind- und wasserdicht nach ISO-Norm. Vielseitig einsetzbar als Lagercontainer, Bürocontainer oder für spezielle Anforderungen.</p>
  
  <h2>Typische Anwendungsbereiche</h2>
  <ul>
    <li>Lagerung von Baumaterialien</li>
    <li>Warenlager für Handel</li>
    <li>Seefracht-Transport</li>
    <li>Mobile Werkstatt</li>
    <li>Zwischenlager bei Umzügen</li>
  </ul>
  
  <h2>Unsere Serviceleistungen</h2>
  <ul>
    <li>Kostenlose Lieferung (auf Anfrage)</li>
    <li>Professionelle Beratung</li>
    <li>Finanzierung möglich</li>
    <li>30 Tage Rückgabegarantie</li>
  </ul>
</div>",GSHandels,"Container","Container, GSHandels, Lagerung, Transport, Neu, High Cube",true,Title,Default Title,,,,,CN005487,,shopify,10,deny,manual,1040.00,,true,true,,https://gshandels.com/wp-content/uploads/2026/04/130d33_8209909018554e11ae6260e347691626mv2-1.jpg,1,"Container 10′ High Cube-Neu",false,"Container 10′ High Cube-Neu | GSHandels - Professionelle Containerlösungen","Hochwertiger Container 10′ High Cube-Neu von GSHandels. Professionelle Containerlösungen für Lagerung, Transport und gewerbliche Nutzung. Jetzt unverbindlich anfragen!",594,active
cn008714,"Container 8′ Standard-Neu","<div class=""product-description"">
  <h1>Container 8′ Standard-Neu</h1>
  
  <h2>Produktvorteile</h2>
  <ul>
    <li>Wind- und wasserdicht nach ISO-Norm</li>
    <li>CSC-zertifiziert für weltweiten Seetransport</li>
    <li>Stabile Stahlkonstruktion</li>
    <li>Sofort verfügbar - Kurze Lieferzeiten</li>
    <li>Flexible Zahlungsoptionen möglich</li>
  </ul>
  
  <h2>Technische Spezifikationen</h2>
  <table border=""0"" cellspacing=""0"" cellpadding=""5"">
    <tr>
      <td><strong>Material</strong></td>
      <td>Hochwertiger Stahl / Cortenstahl</td>
    </tr>
    <tr>
      <td><strong>Zustand</strong></td>
      <td>Neu oder Gebraucht</td>
    </tr>
    <tr>
      <td><strong>Zertifizierung</strong></td>
      <td>ISO 668, CSC-Plakette</td>
    </tr>
    <tr>
      <td><strong>Verfügbarkeit</strong></td>
      <td>Sofort lieferbar</td>
    </tr>
  </table>
  
  <h2>Beschreibung</h2>
  <p>Hochwertiger Container für Lagerung, Transport oder gewerbliche Nutzung. Robuste Bauweise aus wetterfestem Stahl, wind- und wasserdicht nach ISO-Norm. Vielseitig einsetzbar als Lagercontainer, Bürocontainer oder für spezielle Anforderungen.</p>
  
  <h2>Typische Anwendungsbereiche</h2>
  <ul>
    <li>Lagerung von Baumaterialien</li>
    <li>Warenlager für Handel</li>
    <li>Seefracht-Transport</li>
    <li>Mobile Werkstatt</li>
    <li>Zwischenlager bei Umzügen</li>
  </ul>
  
  <h2>Unsere Serviceleistungen</h2>
  <ul>
    <li>Kostenlose Lieferung (auf Anfrage)</li>
    <li>Professionelle Beratung</li>
    <li>Finanzierung möglich</li>
    <li>30 Tage Rückgabegarantie</li>
  </ul>
</div>",GSHandels,"Container","Container, GSHandels, Lagerung, Transport, Neu",true,Title,Default Title,,,,,CN008714,,shopify,10,deny,manual,720.00,,true,true,,https://gshandels.com/wp-content/uploads/2026/04/130d33_71118cf1e5a24c0198e6524759c45689mv2-1.jpg,1,"Container 8′ Standard-Neu",false,"Container 8′ Standard-Neu | GSHandels - Professionelle Containerlösungen","Hochwertiger Container 8′ Standard-Neu von GSHandels. Professionelle Containerlösungen für Lagerung, Transport und gewerbliche Nutzung. Jetzt unverbindlich anfragen!",594,active
cb005471,"Moderner Container 6×2,40m mit WC, Dusche und Küche – Neu","<div class=""product-description"">
  <h1>Moderner Container 6×2,40m mit WC, Dusche und Küche – Neu</h1>
  
  <h2>Produktvorteile</h2>
  <ul>
    <li>Wind- und wasserdicht nach ISO-Norm</li>
    <li>CSC-zertifiziert für weltweiten Seetransport</li>
    <li>Stabile Stahlkonstruktion</li>
    <li>Sofort verfügbar - Kurze Lieferzeiten</li>
    <li>Flexible Zahlungsoptionen möglich</li>
  </ul>
  
  <h2>Technische Spezifikationen</h2>
  <table border=""0"" cellspacing=""0"" cellpadding=""5"">
    <tr>
      <td><strong>Material</strong></td>
      <td>Hochwertiger Stahl / Cortenstahl</td>
    </tr>
    <tr>
      <td><strong>Zustand</strong></td>
      <td>Neu oder Gebraucht</td>
    </tr>
    <tr>
      <td><strong>Zertifizierung</strong></td>
      <td>ISO 668, CSC-Plakette</td>
    </tr>
    <tr>
      <td><strong>Verfügbarkeit</strong></td>
      <td>Sofort lieferbar</td>
    </tr>
  </table>
  
  <h2>Beschreibung</h2>
  <p>Moderner Container 6×2,40m mit WC, Dusche und Küche – Neu Einleitung Unser Container 6×2,40m mit WC, Dusche und Küche bietet eine perfekte Lösung für alle, die eine flexible, mobile und sofort einsatzbereite Raumlösung benötigen. Ob auf Baustellen, als temporäres Büro oder für Freizeit- und Eventzwecke – dieser Container ist modern, komfortabel und besonders praktisch. Abmessungen und Ausstattung Der Container misst 6×2,40 Meter, was ausreichend Platz für alle wichtigen Funktionen bietet. Er ist neu, hochwertig verarbeitet und verfügt über folgende Ausstattungsmerkmale: WC – Praktische Sanitärlösung direkt im Container integriert Dusche – Komfortables Duschen auch unterwegs möglich Küche – Voll funktionsfähige Küchenzeile für Essenszubereitung Robuste Bauweise – Langlebige Materialien für den Außeneinsatz Einfache Montage & Transport – Mobil und flexibel einsetzbar Vorteile eines Containers mit WC, Dusche und Küche Flexibilität und Mobilität Ein Container dieser Größe ist besonders leicht zu transportieren und kann an unterschiedlichen Standorten eingesetzt werden. Ideal für Baustellen, mobile Büros, Veranstaltungen oder als temporäre Unterkunft. Komfortables Arbeiten und Leben Dank der integrierten Sanitäreinrichtungen und der Küche können Sie den Container als komfortable Arbeits- oder Wohnlösung nutzen, ohne auf externe Infrastruktur angewiesen zu sein. Nachhaltigkeit und Langlebigkeit Unsere Container bestehen aus robustem Stahl und sind witterungsbeständig. Die moderne Ausstattung sorgt dafür, dass Sie langfristig eine zuverlässige Lösung erhalten. Einsatzmöglichkeiten Baustellencontainer – Büro und Sanitäreinrichtung für Mitarbeiter direkt vor Ort Mobile Wohnlösung – Temporäres Wohnen mit allen notwendigen Einrichtungen Event-Container – Küche und Sanitärbereich für Festivals, Messen oder Veranstaltungen Bürocontainer – Flexible Bürolösung auch an schwer zugänglichen Standorten Warum unser Container die beste Wahl ist Unser 6×2,40m Container mit WC, Dusche und Küche kombiniert Mobilität, Komfort und moderne Ausstattung. Alle Einrichtungen sind neu, hygienisch und funktional. Durch die kompakte Bauweise eignet er sich für jede Umgebung, in der Platz und Komfort gefragt sind. Technische Details Außenmaße: 6 m x 2,40 m Integrierte Sanitäranlagen: WC + Dusche Küchenzeile: Spüle, Arbeitsfläche, Anschlussmöglichkeit für Kochgeräte Material: Hochwertiger Stahl, witterungsbeständig Farbe: Standard RAL oder auf Wunsch angepasst Fazit Ein Container 6×2,40m mit WC, Dusche und Küche ist die perfekte Lösung für alle, die eine mobile, moderne und komfortable Raumlösung benötigen. Ob für Baustellen, mobile Büros oder temporäre Wohn- und Eventlösungen – dieser Container ist neu, hochwertig und sofort einsatzbereit.</p>
  
  <h2>Typische Anwendungsbereiche</h2>
  <ul>
    <li>Lagerung von Baumaterialien</li>
    <li>Warenlager für Handel</li>
    <li>Seefracht-Transport</li>
    <li>Mobile Werkstatt</li>
    <li>Zwischenlager bei Umzügen</li>
  </ul>
  
  <h2>Unsere Serviceleistungen</h2>
  <ul>
    <li>Kostenlose Lieferung (auf Anfrage)</li>
    <li>Professionelle Beratung</li>
    <li>Finanzierung möglich</li>
    <li>30 Tage Rückgabegarantie</li>
  </ul>
</div>",GSHandels,"Container","Container, GSHandels, Lagerung, Transport, Neu, Sanitärcontainer",true,Title,Default Title,,,,,CB005471,,shopify,10,deny,manual,3760.00,,true,true,,https://gshandels.com/wp-content/uploads/2026/04/130d33_3c0315a1efb14ea7b521b2c2fa39d434mv2-1.jpg,1,"Moderner Container 6×2,40m mit WC, Dusche und Küche – Neu",false,"Moderner Container 6×2,40m mit WC, Dusche und Küche – Neu | GSHandels - Professionelle Containerlösungen","Hochwertiger Moderner Container 6×2,40m mit WC, Dusche und Küche – Neu von GSHandels. Professionelle Containerlösungen für Lagerung, Transport und gewerbliche Nutzung. Jetzt unverbindlich anfragen!",594,active
cb007410,"Container 5×2,40m + Sanitär-Neu","<div class=""product-description"">
  <h1>Container 5×2,40m + Sanitär-Neu</h1>
  
  <h2>Produktvorteile</h2>
  <ul>
    <li>Wind- und wasserdicht nach ISO-Norm</li>
    <li>CSC-zertifiziert für weltweiten Seetransport</li>
    <li>Stabile Stahlkonstruktion</li>
    <li>Sofort verfügbar - Kurze Lieferzeiten</li>
    <li>Flexible Zahlungsoptionen möglich</li>
  </ul>
  
  <h2>Technische Spezifikationen</h2>
  <table border=""0"" cellspacing=""0"" cellpadding=""5"">
    <tr>
      <td><strong>Material</strong></td>
      <td>Hochwertiger Stahl / Cortenstahl</td>
    </tr>
    <tr>
      <td><strong>Zustand</strong></td>
      <td>Neu oder Gebraucht</td>
    </tr>
    <tr>
      <td><strong>Zertifizierung</strong></td>
      <td>ISO 668, CSC-Plakette</td>
    </tr>
    <tr>
      <td><strong>Verfügbarkeit</strong></td>
      <td>Sofort lieferbar</td>
    </tr>
  </table>
  
  <h2>Beschreibung</h2>
  <p>Bürocontainer 5 x 2,40 m Sanitär (Urinal, WC, Duschwaschbecken). Der Star unserer Bürocontainer. Es kann bewohnbar sein und für andere private oder berufliche Zwecke Ihrer Wahl genutzt werden. Wie Sie auf dem Foto sehen können, verfügen Sie über ein integriertes festes Fenster. Dadurch haben Sie mehr Licht, können mehr nach draußen sehen und haben weniger den Eindruck, in einem Container zu sein. Dank der abnehmbaren Beschaffenheit kann es auch vorübergehend verwendet werden.</p>
  
  <h2>Typische Anwendungsbereiche</h2>
  <ul>
    <li>Lagerung von Baumaterialien</li>
    <li>Warenlager für Handel</li>
    <li>Seefracht-Transport</li>
    <li>Mobile Werkstatt</li>
    <li>Zwischenlager bei Umzügen</li>
  </ul>
  
  <h2>Unsere Serviceleistungen</h2>
  <ul>
    <li>Kostenlose Lieferung (auf Anfrage)</li>
    <li>Professionelle Beratung</li>
    <li>Finanzierung möglich</li>
    <li>30 Tage Rückgabegarantie</li>
  </ul>
</div>",GSHandels,"Container","Container, GSHandels, Lagerung, Transport, Neu, Sanitärcontainer",true,Title,Default Title,,,,,CB007410,,shopify,10,deny,manual,3520.00,,true,true,,https://gshandels.com/wp-content/uploads/2026/04/130d33_b8337e50046a4dafbc0015ffffe95fbdmv2-1.jpg,1,"Container 5×2,40m + Sanitär-Neu",false,"Container 5×2,40m + Sanitär-Neu | GSHandels - Professionelle Containerlösungen","Hochwertiger Container 5×2,40m + Sanitär-Neu von GSHandels. Professionelle Containerlösungen für Lagerung, Transport und gewerbliche Nutzung. Jetzt unverbindlich anfragen!",594,active
cb004125,"Container 4×2,40m Büro/Garten/privat-Neu","<div class=""product-description"">
  <h1>Container 4×2,40m Büro/Garten/privat-Neu</h1>
  
  <h2>Produktvorteile</h2>
  <ul>
    <li>Wind- und wasserdicht nach ISO-Norm</li>
    <li>CSC-zertifiziert für weltweiten Seetransport</li>
    <li>Stabile Stahlkonstruktion</li>
    <li>Sofort verfügbar - Kurze Lieferzeiten</li>
    <li>Flexible Zahlungsoptionen möglich</li>
  </ul>
  
  <h2>Technische Spezifikationen</h2>
  <table border=""0"" cellspacing=""0"" cellpadding=""5"">
    <tr>
      <td><strong>Material</strong></td>
      <td>Hochwertiger Stahl / Cortenstahl</td>
    </tr>
    <tr>
      <td><strong>Zustand</strong></td>
      <td>Neu oder Gebraucht</td>
    </tr>
    <tr>
      <td><strong>Zertifizierung</strong></td>
      <td>ISO 668, CSC-Plakette</td>
    </tr>
    <tr>
      <td><strong>Verfügbarkeit</strong></td>
      <td>Sofort lieferbar</td>
    </tr>
  </table>
  
  <h2>Beschreibung</h2>
  <p>Container für Büro, Garten oder Privathaus mit den Maßen 4 x 2,40 Meter. Es kann je nach Bedarf in den unterschiedlichsten Situationen eingesetzt werden. Wenn es sich beispielsweise um eine dauerhafte Nutzung handelt, kann es in einem Garten oder Innenhof aufgestellt werden, um als persönlicher Arbeitsplatz getrennt vom Haus zu dienen, an dem Sie sich auf alles konzentrieren und verbessern können, was Sie tun. Es kann auch als Studio oder kleiner Raum genutzt werden.</p>
  
  <h2>Typische Anwendungsbereiche</h2>
  <ul>
    <li>Lagerung von Baumaterialien</li>
    <li>Warenlager für Handel</li>
    <li>Seefracht-Transport</li>
    <li>Mobile Werkstatt</li>
    <li>Zwischenlager bei Umzügen</li>
  </ul>
  
  <h2>Unsere Serviceleistungen</h2>
  <ul>
    <li>Kostenlose Lieferung (auf Anfrage)</li>
    <li>Professionelle Beratung</li>
    <li>Finanzierung möglich</li>
    <li>30 Tage Rückgabegarantie</li>
  </ul>
</div>",GSHandels,"Container","Container, GSHandels, Lagerung, Transport, Neu, Bürocontainer",true,Title,Default Title,,,,,CB004125,,shopify,10,deny,manual,3360.00,,true,true,,https://gshandels.com/wp-content/uploads/2026/04/130d33_d6af419c71ee45fc99f3e19030e0988amv2-1.jpg,1,"Container 4×2,40m Büro/Garten/privat-Neu",false,"Container 4×2,40m Büro/Garten/privat-Neu | GSHandels - Professionelle Containerlösungen","Hochwertiger Container 4×2,40m Büro/Garten/privat-Neu von GSHandels. Professionelle Containerlösungen für Lagerung, Transport und gewerbliche Nutzung. Jetzt unverbindlich anfragen!",594,active
cb003698,"Container 3×2,40m-Neu","<div class=""product-description"">
  <h1>Container 3×2,40m-Neu</h1>
  
  <h2>Produktvorteile</h2>
  <ul>
    <li>Wind- und wasserdicht nach ISO-Norm</li>
    <li>CSC-zertifiziert für weltweiten Seetransport</li>
    <li>Stabile Stahlkonstruktion</li>
    <li>Sofort verfügbar - Kurze Lieferzeiten</li>
    <li>Flexible Zahlungsoptionen möglich</li>
  </ul>
  
  <h2>Technische Spezifikationen</h2>
  <table border=""0"" cellspacing=""0"" cellpadding=""5"">
    <tr>
      <td><strong>Material</strong></td>
      <td>Hochwertiger Stahl / Cortenstahl</td>
    </tr>
    <tr>
      <td><strong>Zustand</strong></td>
      <td>Neu oder Gebraucht</td>
    </tr>
    <tr>
      <td><strong>Zertifizierung</strong></td>
      <td>ISO 668, CSC-Plakette</td>
    </tr>
    <tr>
      <td><strong>Verfügbarkeit</strong></td>
      <td>Sofort lieferbar</td>
    </tr>
  </table>
  
  <h2>Beschreibung</h2>
  <p>Sehr mobiler 3 x 2,40 Meter Container. Mit seinen Standardmaßen kann es als Büro, Garten, Atelier und vor Ort genutzt werden, kann aber selbstverständlich auch komplett nach Ihren Wünschen aufgebaut werden.</p>
  
  <h2>Typische Anwendungsbereiche</h2>
  <ul>
    <li>Lagerung von Baumaterialien</li>
    <li>Warenlager für Handel</li>
    <li>Seefracht-Transport</li>
    <li>Mobile Werkstatt</li>
    <li>Zwischenlager bei Umzügen</li>
  </ul>
  
  <h2>Unsere Serviceleistungen</h2>
  <ul>
    <li>Kostenlose Lieferung (auf Anfrage)</li>
    <li>Professionelle Beratung</li>
    <li>Finanzierung möglich</li>
    <li>30 Tage Rückgabegarantie</li>
  </ul>
</div>",GSHandels,"Container","Container, GSHandels, Lagerung, Transport, Neu",true,Title,Default Title,,,,,CB003698,,shopify,10,deny,manual,2720.00,,true,true,,https://gshandels.com/wp-content/uploads/2026/04/130d33_c1dfdf6f118c4e0fb9b0142a8c84681bmv2-1.jpg,1,"Container 3×2,40m-Neu",false,"Container 3×2,40m-Neu | GSHandels - Professionelle Containerlösungen","Hochwertiger Container 3×2,40m-Neu von GSHandels. Professionelle Containerlösungen für Lagerung, Transport und gewerbliche Nutzung. Jetzt unverbindlich anfragen!",594,active
cb006341,"20′ Bürocontainer mit 2 Fenstern-Neu","<div class=""product-description"">
  <h1>20′ Bürocontainer mit 2 Fenstern-Neu</h1>
  
  <h2>Produktvorteile</h2>
  <ul>
    <li>Wind- und wasserdicht nach ISO-Norm</li>
    <li>CSC-zertifiziert für weltweiten Seetransport</li>
    <li>Stabile Stahlkonstruktion</li>
    <li>Sofort verfügbar - Kurze Lieferzeiten</li>
    <li>Flexible Zahlungsoptionen möglich</li>
  </ul>
  
  <h2>Technische Spezifikationen</h2>
  <table border=""0"" cellspacing=""0"" cellpadding=""5"">
    <tr>
      <td><strong>Material</strong></td>
      <td>Hochwertiger Stahl / Cortenstahl</td>
    </tr>
    <tr>
      <td><strong>Zustand</strong></td>
      <td>Neu oder Gebraucht</td>
    </tr>
    <tr>
      <td><strong>Zertifizierung</strong></td>
      <td>ISO 668, CSC-Plakette</td>
    </tr>
    <tr>
      <td><strong>Verfügbarkeit</strong></td>
      <td>Sofort lieferbar</td>
    </tr>
  </table>
  
  <h2>Beschreibung</h2>
  <p>‘- 1 Personaltür aus Stahl – 2 doppelt verglaste Fenster – 2 Doppelsteckdosen – 1 Wandheizkörper – Schwarzer rutschfester Vinylboden – Weiße Wilkins-Isolierung…</p>
  
  <h2>Typische Anwendungsbereiche</h2>
  <ul>
    <li>Lagerung von Baumaterialien</li>
    <li>Warenlager für Handel</li>
    <li>Seefracht-Transport</li>
    <li>Mobile Werkstatt</li>
    <li>Zwischenlager bei Umzügen</li>
  </ul>
  
  <h2>Unsere Serviceleistungen</h2>
  <ul>
    <li>Kostenlose Lieferung (auf Anfrage)</li>
    <li>Professionelle Beratung</li>
    <li>Finanzierung möglich</li>
    <li>30 Tage Rückgabegarantie</li>
  </ul>
</div>",GSHandels,"Container","Container, GSHandels, Lagerung, Transport, Neu, Bürocontainer",true,Title,Default Title,,,,,CB006341,,shopify,10,deny,manual,1680.00,,true,true,,https://gshandels.com/wp-content/uploads/2026/04/130d33_de90b61e5fd34763baa064d6f1c38e87mv2-1.jpeg,1,"20′ Bürocontainer mit 2 Fenstern-Neu",false,"20′ Bürocontainer mit 2 Fenstern-Neu | GSHandels - Professionelle Containerlösungen","Hochwertiger 20′ Bürocontainer mit 2 Fenstern-Neu von GSHandels. Professionelle Containerlösungen für Lagerung, Transport und gewerbliche Nutzung. Jetzt unverbindlich anfragen!",594,active
cb009654,"20-Fuß-Bürocontainer mit Küche und Toilette","<div class=""product-description"">
  <h1>20-Fuß-Bürocontainer mit Küche und Toilette</h1>
  
  <h2>Produktvorteile</h2>
  <ul>
    <li>Wind- und wasserdicht nach ISO-Norm</li>
    <li>CSC-zertifiziert für weltweiten Seetransport</li>
    <li>Stabile Stahlkonstruktion</li>
    <li>Sofort verfügbar - Kurze Lieferzeiten</li>
    <li>Flexible Zahlungsoptionen möglich</li>
  </ul>
  
  <h2>Technische Spezifikationen</h2>
  <table border=""0"" cellspacing=""0"" cellpadding=""5"">
    <tr>
      <td><strong>Material</strong></td>
      <td>Hochwertiger Stahl / Cortenstahl</td>
    </tr>
    <tr>
      <td><strong>Zustand</strong></td>
      <td>Neu oder Gebraucht</td>
    </tr>
    <tr>
      <td><strong>Zertifizierung</strong></td>
      <td>ISO 668, CSC-Plakette</td>
    </tr>
    <tr>
      <td><strong>Verfügbarkeit</strong></td>
      <td>Sofort lieferbar</td>
    </tr>
  </table>
  
  <h2>Beschreibung</h2>
  <p>20-Fuß Bürocontainer mit Küche und Toilette – Die flexible Komplettlösung für modernes Arbeiten Ein 20-Fuß Bürocontainer mit Küche und Toilette ist die ideale Lösung für alle, die schnell, flexibel und effizient zusätzlichen Arbeitsraum benötigen. Ob auf Baustellen, Firmengeländen, bei Events oder als temporäres Büro – diese Container bieten eine voll ausgestattete und sofort nutzbare Arbeitsumgebung. Durch ihre kompakte Größe und die integrierte Ausstattung vereinen sie Funktionalität, Komfort und Mobilität in einem einzigen System. Was ist ein 20-Fuß Bürocontainer mit Küche und Toilette? Ein 20-Fuß Bürocontainer ist ein standardisierter Container mit einer Länge von etwa 6 Metern, der speziell für die Nutzung als Büro- oder Arbeitsraum konzipiert wurde. Die Besonderheit dieser Variante liegt in der integrierten Ausstattung: Vollwertiger Bürobereich Eingebaute Küche oder Teeküche Separate Toilette mit Waschbecken Elektrik, Beleuchtung und oft Klimatisierung Damit eignet sich dieser Container perfekt als autarke Einheit, die unabhängig von externen Gebäuden genutzt werden kann. Vorteile eines Bürocontainers mit Küche und Sanitärbereich Maximale Flexibilität Ein großer Vorteil ist die Mobilität. Der Container kann problemlos transportiert und an verschiedenen Standorten eingesetzt werden. Das macht ihn ideal für temporäre Projekte oder wechselnde Einsatzorte. Sofort einsatzbereit Im Gegensatz zu klassischen Bauprojekten ist der Bürocontainer sofort verfügbar und nutzbar. Nach Lieferung und Anschluss kann direkt gearbeitet werden. Platzsparendes Design Trotz kompakter Maße bietet der Container eine durchdachte Raumaufteilung mit separaten Bereichen für Arbeiten, Kochen und Hygiene. Kosteneffiziente Lösung Im Vergleich zu festen Gebäuden sind Bürocontainer deutlich günstiger – sowohl in der Anschaffung als auch im Unterhalt. Typische Einsatzbereiche Baustellenbüro Auf Baustellen dient der Container als zentrale Anlaufstelle für Bauleiter und Mitarbeiter. Küche und Toilette sorgen für zusätzliche Autarkie. Temporäre Bürolösungen Unternehmen nutzen Bürocontainer bei Umbauten, Erweiterungen oder als Übergangslösung. Event- und Veranstaltungsräume Für Festivals, Messen oder Events bietet der Container eine praktische Kombination aus Büro und Versorgungseinheit. Mobile Arbeitsplätze Auch für Start-ups oder flexible Arbeitsmodelle wird der Container zunehmend attraktiv. Ausstattung eines 20-Fuß Bürocontainers Ein moderner Bürocontainer kann individuell ausgestattet werden. Typische Features sind: Bürobereich Schreibtische und Arbeitsflächen Steckdosen und Netzwerkanschlüsse LED-Beleuchtung Heizung oder Klimaanlage Küche Spüle mit Wasseranschluss Kühlschrank Kochplatte oder Mikrowelle Stauraum für Geschirr und Lebensmittel Sanitärbereich Toilette Waschbecken Warmwasserboiler Lüftungssystem Kauf oder Miete – Was ist die bessere Option? Bürocontainer kaufen Der Kauf lohnt sich vor allem bei langfristiger Nutzung. Unternehmen profitieren von einer dauerhaften Lösung und können den Container individuell anpassen. Bürocontainer mieten Für kurzfristige Projekte ist die Miete die ideale Wahl. Sie bietet maximale Flexibilität ohne hohe Anfangsinvestitionen. Technische Details und Maße Ein 20-Fuß Container hat in der Regel folgende Standardmaße: Länge: ca. 6,06 m Breite: ca. 2,44 m Höhe: ca. 2,59 m Je nach Anbieter können Ausstattung und Innenaufteilung variieren. Wichtige Faktoren bei der Auswahl Beim Kauf oder der Miete eines Bürocontainers sollten folgende Aspekte berücksichtigt werden: Isolierung und Energieeffizienz Qualität der Sanitäranlagen Strom- und Wasseranschlüsse Transport- und Aufbaukosten Erweiterbarkeit durch zusätzliche Container Erweiterungsmöglichkeiten Ein großer Vorteil von Containerlösungen ist die Modularität. Mehrere Container können kombiniert werden, um größere Büroflächen oder komplexe Anlagen zu schaffen. Möglichkeiten sind: Mehrere Büroräume Konferenzräume Aufenthaltsräume Zusätzliche Sanitärcontainer Fazit Ein 20-Fuß Bürocontainer mit Küche und Toilette ist eine vielseitige und praktische Lösung für unterschiedlichste Anforderungen. Er bietet eine sofort einsatzbereite, komfortable Arbeitsumgebung und überzeugt durch Flexibilität, Wirtschaftlichkeit und Mobilität. Ob zur Miete oder zum Kauf – diese Containerlösung ist eine intelligente Alternative zu herkömmlichen Gebäuden und passt sich optimal an moderne Arbeitsanforderungen an.</p>
  
  <h2>Typische Anwendungsbereiche</h2>
  <ul>
    <li>Lagerung von Baumaterialien</li>
    <li>Warenlager für Handel</li>
    <li>Seefracht-Transport</li>
    <li>Mobile Werkstatt</li>
    <li>Zwischenlager bei Umzügen</li>
  </ul>
  
  <h2>Unsere Serviceleistungen</h2>
  <ul>
    <li>Kostenlose Lieferung (auf Anfrage)</li>
    <li>Professionelle Beratung</li>
    <li>Finanzierung möglich</li>
    <li>30 Tage Rückgabegarantie</li>
  </ul>
</div>",GSHandels,"Container","Container, GSHandels, Lagerung, Transport, Bürocontainer, 20 Fuß",true,Title,Default Title,,,,,CB009654,,shopify,10,deny,manual,1680.00,,true,true,,https://gshandels.com/wp-content/uploads/2026/04/130d33_e084525186634498a8d09a629a2a6158mv2-1.png,1,"20-Fuß-Bürocontainer mit Küche und Toilette",false,"20-Fuß-Bürocontainer mit Küche und Toilette | GSHandels - Professionelle Containerlösungen","Hochwertiger 20-Fuß-Bürocontainer mit Küche und Toilette von GSHandels. Professionelle Containerlösungen für Lagerung, Transport und gewerbliche Nutzung. Jetzt unverbindlich anfragen!",594,active
cb066523,"Container 40′ Büro High Cube-Neu","<div class=""product-description"">
  <h1>Container 40′ Büro High Cube-Neu</h1>
  
  <h2>Produktvorteile</h2>
  <ul>
    <li>Wind- und wasserdicht nach ISO-Norm</li>
    <li>CSC-zertifiziert für weltweiten Seetransport</li>
    <li>Stabile Stahlkonstruktion</li>
    <li>Sofort verfügbar - Kurze Lieferzeiten</li>
    <li>Flexible Zahlungsoptionen möglich</li>
  </ul>
  
  <h2>Technische Spezifikationen</h2>
  <table border=""0"" cellspacing=""0"" cellpadding=""5"">
    <tr>
      <td><strong>Material</strong></td>
      <td>Hochwertiger Stahl / Cortenstahl</td>
    </tr>
    <tr>
      <td><strong>Zustand</strong></td>
      <td>Neu oder Gebraucht</td>
    </tr>
    <tr>
      <td><strong>Zertifizierung</strong></td>
      <td>ISO 668, CSC-Plakette</td>
    </tr>
    <tr>
      <td><strong>Verfügbarkeit</strong></td>
      <td>Sofort lieferbar</td>
    </tr>
  </table>
  
  <h2>Beschreibung</h2>
  <p>‘- 1 einzelne persönliche Stahltür – 2 Doppelsteckdosen – 3 doppelt verglaste Fenster – Zertifizierter Strom 220-240 V – 2 Wandheizkörper – 4 LED-Deckenleuchten – Schwarzer rutschfester Vinylboden – Weiße Wilkins-Wandisolierung</p>
  
  <h2>Typische Anwendungsbereiche</h2>
  <ul>
    <li>Lagerung von Baumaterialien</li>
    <li>Warenlager für Handel</li>
    <li>Seefracht-Transport</li>
    <li>Mobile Werkstatt</li>
    <li>Zwischenlager bei Umzügen</li>
  </ul>
  
  <h2>Unsere Serviceleistungen</h2>
  <ul>
    <li>Kostenlose Lieferung (auf Anfrage)</li>
    <li>Professionelle Beratung</li>
    <li>Finanzierung möglich</li>
    <li>30 Tage Rückgabegarantie</li>
  </ul>
</div>",GSHandels,"Container","Container, GSHandels, Lagerung, Transport, Neu, High Cube, Bürocontainer",true,Title,Default Title,,,,,CB066523,,shopify,10,deny,manual,2800.00,,true,true,,https://gshandels.com/wp-content/uploads/2026/04/130d33_0c289985ed884d198655b56642691037mv2-1.png,1,"Container 40′ Büro High Cube-Neu",false,"Container 40′ Büro High Cube-Neu | GSHandels - Professionelle Containerlösungen","Hochwertiger Container 40′ Büro High Cube-Neu von GSHandels. Professionelle Containerlösungen für Lagerung, Transport und gewerbliche Nutzung. Jetzt unverbindlich anfragen!",594,active
cb171547,"20′ Bürocontainer-Neu","<div class=""product-description"">
  <h1>20′ Bürocontainer-Neu</h1>
  
  <h2>Produktvorteile</h2>
  <ul>
    <li>Wind- und wasserdicht nach ISO-Norm</li>
    <li>CSC-zertifiziert für weltweiten Seetransport</li>
    <li>Stabile Stahlkonstruktion</li>
    <li>Sofort verfügbar - Kurze Lieferzeiten</li>
    <li>Flexible Zahlungsoptionen möglich</li>
  </ul>
  
  <h2>Technische Spezifikationen</h2>
  <table border=""0"" cellspacing=""0"" cellpadding=""5"">
    <tr>
      <td><strong>Material</strong></td>
      <td>Hochwertiger Stahl / Cortenstahl</td>
    </tr>
    <tr>
      <td><strong>Zustand</strong></td>
      <td>Neu oder Gebraucht</td>
    </tr>
    <tr>
      <td><strong>Zertifizierung</strong></td>
      <td>ISO 668, CSC-Plakette</td>
    </tr>
    <tr>
      <td><strong>Verfügbarkeit</strong></td>
      <td>Sofort lieferbar</td>
    </tr>
  </table>
  
  <h2>Beschreibung</h2>
  <p>‘- 1 Personaltür aus Stahl – 1 doppelt verglastes Fenster – 2 Doppelsteckdosen – 1 Wandheizkörper – Schwarzer rutschfester Vinylboden – Weiße Wilkins-Isolierung…</p>
  
  <h2>Typische Anwendungsbereiche</h2>
  <ul>
    <li>Lagerung von Baumaterialien</li>
    <li>Warenlager für Handel</li>
    <li>Seefracht-Transport</li>
    <li>Mobile Werkstatt</li>
    <li>Zwischenlager bei Umzügen</li>
  </ul>
  
  <h2>Unsere Serviceleistungen</h2>
  <ul>
    <li>Kostenlose Lieferung (auf Anfrage)</li>
    <li>Professionelle Beratung</li>
    <li>Finanzierung möglich</li>
    <li>30 Tage Rückgabegarantie</li>
  </ul>
</div>",GSHandels,"Container","Container, GSHandels, Lagerung, Transport, Neu, Bürocontainer",true,Title,Default Title,,,,,CB171547,,shopify,10,deny,manual,1560.00,,true,true,,https://gshandels.com/wp-content/uploads/2026/04/130d33_ff98e66fc8e14e96863908522902b06emv2-1.jpg,1,"20′ Bürocontainer-Neu",false,"20′ Bürocontainer-Neu | GSHandels - Professionelle Containerlösungen","Hochwertiger 20′ Bürocontainer-Neu von GSHandels. Professionelle Containerlösungen für Lagerung, Transport und gewerbliche Nutzung. Jetzt unverbindlich anfragen!",594,active
cb004568,"10‘ Bürocontainer-Neu","<div class=""product-description"">
  <h1>10‘ Bürocontainer-Neu</h1>
  
  <h2>Produktvorteile</h2>
  <ul>
    <li>Wind- und wasserdicht nach ISO-Norm</li>
    <li>CSC-zertifiziert für weltweiten Seetransport</li>
    <li>Stabile Stahlkonstruktion</li>
    <li>Sofort verfügbar - Kurze Lieferzeiten</li>
    <li>Flexible Zahlungsoptionen möglich</li>
  </ul>
  
  <h2>Technische Spezifikationen</h2>
  <table border=""0"" cellspacing=""0"" cellpadding=""5"">
    <tr>
      <td><strong>Material</strong></td>
      <td>Hochwertiger Stahl / Cortenstahl</td>
    </tr>
    <tr>
      <td><strong>Zustand</strong></td>
      <td>Neu oder Gebraucht</td>
    </tr>
    <tr>
      <td><strong>Zertifizierung</strong></td>
      <td>ISO 668, CSC-Plakette</td>
    </tr>
    <tr>
      <td><strong>Verfügbarkeit</strong></td>
      <td>Sofort lieferbar</td>
    </tr>
  </table>
  
  <h2>Beschreibung</h2>
  <p>Dieses Modell hat die Größe eines Standard-10-Fuß-Containers und kann vor Ort als Büro, Pförtnerhaus, Hütte, Wachposten, Fahrkartenschalter oder Unterschlupf verwendet werden. Und für alle anderen Verwendungszwecke Ihrer Wahl …</p>
  
  <h2>Typische Anwendungsbereiche</h2>
  <ul>
    <li>Lagerung von Baumaterialien</li>
    <li>Warenlager für Handel</li>
    <li>Seefracht-Transport</li>
    <li>Mobile Werkstatt</li>
    <li>Zwischenlager bei Umzügen</li>
  </ul>
  
  <h2>Unsere Serviceleistungen</h2>
  <ul>
    <li>Kostenlose Lieferung (auf Anfrage)</li>
    <li>Professionelle Beratung</li>
    <li>Finanzierung möglich</li>
    <li>30 Tage Rückgabegarantie</li>
  </ul>
</div>",GSHandels,"Container","Container, GSHandels, Lagerung, Transport, Neu, Bürocontainer",true,Title,Default Title,,,,,CB004568,,shopify,10,deny,manual,1680.00,,true,true,,https://gshandels.com/wp-content/uploads/2026/04/130d33_9bee10c5dcac4fadbae2040e6cdefeccmv2-1.webp,1,"10‘ Bürocontainer-Neu",false,"10‘ Bürocontainer-Neu | GSHandels - Professionelle Containerlösungen","Hochwertiger 10‘ Bürocontainer-Neu von GSHandels. Professionelle Containerlösungen für Lagerung, Transport und gewerbliche Nutzung. Jetzt unverbindlich anfragen!",594,active
mi59936,"Mobiler Mini-Schwimmbadcontainer 5M25x2M55x1M26-Neu","<div class=""product-description"">
  <h1>Mobiler Mini-Schwimmbadcontainer 5M25x2M55x1M26-Neu</h1>
  
  <h2>Produktvorteile</h2>
  <ul>
    <li>Wind- und wasserdicht nach ISO-Norm</li>
    <li>CSC-zertifiziert für weltweiten Seetransport</li>
    <li>Stabile Stahlkonstruktion</li>
    <li>Sofort verfügbar - Kurze Lieferzeiten</li>
    <li>Flexible Zahlungsoptionen möglich</li>
  </ul>
  
  <h2>Technische Spezifikationen</h2>
  <table border=""0"" cellspacing=""0"" cellpadding=""5"">
    <tr>
      <td><strong>Material</strong></td>
      <td>Hochwertiger Stahl / Cortenstahl</td>
    </tr>
    <tr>
      <td><strong>Zustand</strong></td>
      <td>Neu oder Gebraucht</td>
    </tr>
    <tr>
      <td><strong>Zertifizierung</strong></td>
      <td>ISO 668, CSC-Plakette</td>
    </tr>
    <tr>
      <td><strong>Verfügbarkeit</strong></td>
      <td>Sofort lieferbar</td>
    </tr>
  </table>
  
  <h2>Beschreibung</h2>
  <p>Mobiler Mini-Schwimmbadcontainer 5,25×2,55×1,26 m – Kompakt und Vielseitig Einleitung Der mobile Mini-Schwimmbadcontainer mit den Maßen 5,25 x 2,55 x 1,26 m ist die perfekte Lösung für alle, die den Komfort eines eigenen Pools ohne großen Aufwand genießen möchten. Ob auf dem Balkon, der Terrasse oder im Garten – dieser kompakte Pool bietet Erfrischung und Entspannung direkt vor Ihrer Haustür. Vorteile eines Mini-Schwimmbadcontainers 1. Mobilität und Flexibilität Dank seiner kompakten Größe und robusten Bauweise ist der Pool leicht transportierbar und kann flexibel aufgestellt werden. Ideal für Mieter, die keinen festen Poolplatz haben. 2. Schnell und einfach aufstellbar Der Mini-Schwimmbadcontainer ist sofort einsatzbereit. Sie benötigen keine aufwendigen Bauarbeiten – einfach auspacken, aufstellen und mit Wasser befüllen. 3. Robuste Konstruktion Hergestellt aus langlebigen Materialien, die UV-beständig und witterungsresistent sind, bietet dieser Pool jahrelangen Badespaß ohne großen Pflegeaufwand. 4. Perfekt für kleine Flächen Mit den Maßen 5,25 x 2,55 x 1,26 m passt der Pool selbst in kleine Gärten oder auf Terrassen. Ideal für Familien, Paare oder Einzelpersonen, die Entspannung direkt zu Hause suchen. Technische Details Länge: 5,25 m Breite: 2,55 m Höhe: 1,26 m Material: Hochwertiger Stahl-/Kunststoffverbund Farbe: Blau oder Anthrazit (je nach Modell) Inklusive: Aufbauanleitung, Wasseranschlussadapter Einsatzmöglichkeiten Gartenpool Genießen Sie erfrischende Momente im eigenen Garten – der mobile Pool ist ideal für heiße Sommertage. Balkon oder Terrasse Auch auf größeren Balkonen oder Terrassen kann der Mini-Schwimmbadcontainer aufgestellt werden. Durch seine kompakte Größe bleibt ausreichend Platz für andere Aktivitäten. Freizeit und Fitness Neben der Entspannung kann der Pool auch für leichte Schwimmübungen, Aquagymnastik oder Wasserspiele genutzt werden. Pflege und Wartung Die Reinigung des Mini-Schwimmbadcontainers ist unkompliziert. Mit einem einfachen Wasserfilter-System und regelmäßiger Kontrolle der Wasserqualität bleibt der Pool hygienisch und einsatzbereit. Warum dieser Mini-Schwimmbadcontainer? Kompakte Größe – passt überall hin. Mobil und flexibel – einfach zu transportieren und aufzustellen. Robust und langlebig – witterungsbeständig und pflegeleicht. Vielseitig – ideal für Entspannung, Sport und Spaß. Fazit Der mobiler Mini-Schwimmbadcontainer 5,25×2,55×1,26 m ist die perfekte Lösung für alle, die den Komfort eines eigenen Pools genießen möchten, ohne aufwendige Bauarbeiten oder große Flächen zu benötigen. Einfach aufstellen, befüllen und entspannen – Sommervergnügen garantiert!</p>
  
  <h2>Typische Anwendungsbereiche</h2>
  <ul>
    <li>Lagerung von Baumaterialien</li>
    <li>Warenlager für Handel</li>
    <li>Seefracht-Transport</li>
    <li>Mobile Werkstatt</li>
    <li>Zwischenlager bei Umzügen</li>
  </ul>
  
  <h2>Unsere Serviceleistungen</h2>
  <ul>
    <li>Kostenlose Lieferung (auf Anfrage)</li>
    <li>Professionelle Beratung</li>
    <li>Finanzierung möglich</li>
    <li>30 Tage Rückgabegarantie</li>
  </ul>
</div>",GSHandels,"Container","Container, GSHandels, Lagerung, Transport, Neu",true,Title,Default Title,,,,,MI59936,,shopify,10,deny,manual,7192.00,,true,true,,https://gshandels.com/wp-content/uploads/2026/04/130d33_9f3cc0cf23564f778de99f3002b75a9dmv2-1.jpg,1,"Mobiler Mini-Schwimmbadcontainer 5M25x2M55x1M26-Neu",false,"Mobiler Mini-Schwimmbadcontainer 5M25x2M55x1M26-Neu | GSHandels - Professionelle Containerlösungen","Hochwertiger Mobiler Mini-Schwimmbadcontainer 5M25x2M55x1M26-Neu von GSHandels. Professionelle Containerlösungen für Lagerung, Transport und gewerbliche Nutzung. Jetzt unverbindlich anfragen!",594,active