id,title,description,link,image_link,additional_image_link,availability,price,sale_price,brand,gtin,mpn,condition,product_type
10-fuss-standardcontainer,10 Fuß Standardcontainer,"Unser 10-Fuß-Container bietet die perfekte Balance zwischen Kompaktheit und Lagerkapazität. Mit einer Länge von 10 Fuß (ca. 3,05 Meter) ist dieser Container ideal für alle, die eine kompakte Lagerlösung ohne Platzeinbußen suchen. Mit einem großzügigen Lagervolumen von 16,6 m³ eignet sich dieser Container für vielfältige Anwendungen.
Warum Sie sich für den 10-Fuß-Container entscheiden sollten:
Platzsparend: Dank seines kompakten Designs benötigt der 10-Fuß-Container nur minimalen Platz und bietet dennoch ausreichend Stauraum.
Sichere Lagerung: Unsere Container sind robust und widerstandsfähig, um Ihre Wertgegenstände sicher aufzubewahren. Verlassen Sie sich auf die Langlebigkeit unserer Container, auch unter anspruchsvollen Bedingungen.
Vielfältige Einsatzmöglichkeiten: Ob Baumaterialien, Werkzeuge, Akten oder andere wertvolle Gegenstände – der 10-Fuß-Container erfüllt vielfältige Lageranforderungen.
Flexible Platzierung: Die kompakten Abmessungen ermöglichen eine einfache Platzierung an verschiedenen Standorten, auch bei begrenztem Platzangebot.
Mögliche Anwendungen:
Bau- und Konstruktionsprojekte
Lagerung bei Umzügen
Temporäre Lagerung für Veranstaltungen
Geschäftslagerung für kleinere Unternehmen
Wählen Sie den 10-Fuß-Container und profitieren Sie von der idealen Balance zwischen Kompaktheit und Lagerkapazität.
Technische Informationen
Äußere Abmessungen
Innenmaße
Länge
2991 mm
2840 mm
Breite
2438 mm
2350 mm
Höhe
2591 mm
2393 mm
Taragewicht
Tragfähigkeit
Bruttogewicht
1250 kg
8910 kg
101600 kg",https://modu-luxe-gmbh.de/products/10-fuss-standardcontainer,https://modu-luxe-gmbh.de/cdn/shop/files/rn-image_picker_lib_temp_0d24d3cb-f0e7-49cf-af47-e3fb659baf58.jpg?v=1777562046,"https://modu-luxe-gmbh.de/cdn/shop/files/rn-image_picker_lib_temp_8a93cb5a-e240-4479-adf1-d269b2a28ea8.jpg?v=1777562046, https://modu-luxe-gmbh.de/cdn/shop/files/rn-image_picker_lib_temp_1642b036-bef6-4291-8935-61d9b51c24c1.jpg?v=1777562046",in stock,925.50 EUR,,MODULUXE GMBH,,10-fuss-standardcontainer,new,Container
10-fuss-kuhlcontainer-fur-den-inlandsbereich-neu,10-Fuß-Kühlcontainer für den Inlandsbereich – Neu,"Spezifikationen:
Innenmaße (LxBxH): 2.383 x 2.292 x 2.275 mm
Außenmaße (LxBxH): 2.991 x 2.438 x 2.591 mm
Türöffnung (LxB): 2.288 x 2.251 mm
Volumen: 12,50 m³
Leergewicht: 2.010 kg
Maximale Belastung: 8.150 kg
Maximales Gewicht: 10.160 kg
Serienmäßig ausgestattet
Blitz
Ebener Boden
1/3 - 2/3 Türen
Innenwände aus Edelstahl
Temperaturregelung -40°C / +30°C
Elektrische Installation
Externer Anschluss: 380 V 32 A
50/60 Hz
Motortyp: Thermoking Magnum Plus
Der 10-Fuß-Kühlcontainer mit Thermo King Magnum Plus-Kühlmaschine ist der kleinste Kühlcontainer in unserem Sortiment. Kühlcontainer bieten eine flexible Lösung, wenn Kühl- oder Tiefkühlraum knapp ist. Der 10-Fuß-Kühlcontainer kann bis -40 °C gekühlt und eingefroren werden. Der 10-Fuß-Kühlcontainer kann Waren auch bei Temperaturen bis +30 °C transportieren und lagern. Unsere 10-Fuß-Kühlcontainer sind CSC-zugelassen.",https://modu-luxe-gmbh.de/products/10-fuss-kuhlcontainer-fur-den-inlandsbereich-neu,https://modu-luxe-gmbh.de/cdn/shop/files/rn-image_picker_lib_temp_2722090b-994a-4a43-9527-90deb9a7d7f5.jpg?v=1777562076,"https://modu-luxe-gmbh.de/cdn/shop/files/rn-image_picker_lib_temp_e75eb268-9104-4792-9701-60da7be3a7da.jpg?v=1777562076, https://modu-luxe-gmbh.de/cdn/shop/files/rn-image_picker_lib_temp_5d2a49ea-1132-4fcf-95cd-ff2695c578a8.jpg?v=1777562076, https://modu-luxe-gmbh.de/cdn/shop/files/rn-image_picker_lib_temp_8c764145-0170-41a3-9ac8-afc063708cfc.jpg?v=1777562076, https://modu-luxe-gmbh.de/cdn/shop/files/rn-image_picker_lib_temp_3c752a18-f046-4427-ae79-d588e52cbe23.jpg?v=1777562076",in stock,2200.00 EUR,,MODULUXE GMBH,,10-fuss-kuhlcontainer-fur-den-inlandsbereich-neu,new,Kühlcontainer
10-fuss-seecontainer-mit-rolltor-gebraucht,10-Fuß-Seecontainer mit Rolltor - gebraucht,"Dieser 10-Fuß-Lagercontainer mit einem 7-Fuß-Rolltor wird als Alternative zu unserem 10-Fuß-Versandcontainer mit ISO-Containertüren angeboten. Dieser Container wurde speziell für Lagerfunktionalität und Benutzerfreundlichkeit entwickelt. Unsere gebrauchten Container weisen in der Regel eine Abnutzung von etwa 10–14 Jahren auf und können leichte Dellen aufweisen.
Dieser Versandcontainer besteht aus einem gebrauchten Standardcontainer (20 Fuß) und wurde anthrazitfarben neu lackiert. Ein 7 Fuß langes Stahlrolltor sorgt für bequemen Zugang. Für zusätzliche Sicherheit sind die Rolltore mit einem Verriegelungsmechanismus ausgestattet, der den Inhalt sichert.
SPEZIFIKATIONEN
Korrosionsbeständige CORTEN-Stahlkonstruktion
19-lagiges, 1,1″ (28 mm) starkes Sperrholz in Marinequalität
Geeignet für alle Arten von Ladungen
7' langes Rolltor aus Stahl
Rolltor-Verriegelungsmechanismus
Wetterfeste Belüftungsöffnungen
Gabelöffnungen
Etwa 10 bis 14 Jahre Verschleiß
Leichter Rost und Dellen
Zusätzliche Funktionen enthalten
Neulackierung in Anthrazitgrau
Schließmechanismus für Rolltor
Containerabmessungen
Außenmaße: 9'10″L x 8'l x 8'6″h
Innenmaße: 2,83 m (L) x 2,34 m (B) x 2,27 m (H)
Rolltor: 2,13 m x 2,06 m (H)
Gewicht: 2.720 lbs
Nutzlast: 30.600 lb",https://modu-luxe-gmbh.de/products/10-fuss-seecontainer-mit-rolltor-gebraucht,https://modu-luxe-gmbh.de/cdn/shop/files/rn-image_picker_lib_temp_ad667870-eaf3-4281-a00c-aa55ca5b4d60.jpg?v=1777562079,"https://modu-luxe-gmbh.de/cdn/shop/files/rn-image_picker_lib_temp_af9e53ce-be28-47f9-b78b-f78123b34443.jpg?v=1777562079, https://modu-luxe-gmbh.de/cdn/shop/files/rn-image_picker_lib_temp_20f64c42-0caa-4bd1-baa1-3c2d6d4a79e6.jpg?v=1777562079, https://modu-luxe-gmbh.de/cdn/shop/files/rn-image_picker_lib_temp_932bd25f-0d53-4e06-a160-a4ec298b8f11.jpg?v=1777562079, https://modu-luxe-gmbh.de/cdn/shop/files/rn-image_picker_lib_temp_dd58c0e0-fe2b-44cb-bb0e-cde56e1f8d93.jpg?v=1777562079",in stock,1250.00 EUR,,MODULUXE GMBH,,10-fuss-seecontainer-mit-rolltor-gebraucht,new,Seecontainer
10ft-x-8ft-versandbehalter-eine-reise-blau,10Ft X 8Ft Versandbehälter (eine Reise) – Blau,"Die 10ft x 8ft Versandcontainer (One Trip – Blau) ist ein Hochwertige, nahezu neue Lagereinheit nach ISO-Standards gebaut. Nach nur einer Reise von der Herstellung, bietet dieser Container ausgezeichneter Zustand, lange Lebensdauer und maximale Zuverlässigkeit. Ideal für gewerbliche und private Nutzung, bietet es Sicherer, wetterfester Speicher in einer kompakten Grundfläche perfekt, wo der Platz begrenzt ist.
Hauptmerkmale
- 
One Trip Condition (Gefällt mir) – Minimaler Verschleiß für längere Lebensdauer
- 
CSC Plated – Zertifiziert für den Transport mit einem maximalen Gesamtgewicht von 10,1 Tonnen
- 
Alle Cor-Ten-Stahlkonstruktion – langlebige, korrosionsbeständige Konstruktion
- 
Doppelte Flügeltüren – voller Zugang für einfaches Laden
- 
4 Schließstangen (2 pro Tür) – Verbesserte Sicherheit
- 
Werkstaugliche Lockbox – Schützt Vorhängeschlösser vor Manipulationen
- 
Gabelstaplertaschen (beide Seiten) – Einfache Um- und Positionierung
- 
28mm Marine Sperrholzboden – Stark und geeignet für schwere Lasten
- 
Belüftetes Design (Min. 2 Lüftungsschlitze) – Reduziert Kondensation
Produktspezifikationen
Spezifikation
Details
Außenlänge
2,99 m
Außenbreite
2,44 m
Außenhöhe
2,59 m
Interne Länge
2,84 m
Innenbreite
2,35 m
Innenhöhe
2,39 m
Türöffnung (B x H)
2,34 m x 2,28 m
Gewicht
1300 kg
Bodentyp
28mm Marine Sperrholz
Bauwesen
Cor-Ten Stahl
Zustand
Eine Reise (Fast Neu)
Zertifizierung
CSC Plated (Max. Bruttogewicht: 10,1 Tonnen)
Farbe
Blau (Grün auch erhältlich)
Ideale Anwendungen
- Sicherer Standort- und Werkzeugspeicher
- Bau- und Industrieeinsatz
- Wohn- oder Gartenlagerung
- Einzelhandelsbestandsüberlauf
- Container-Umbauprojekte",https://modu-luxe-gmbh.de/products/10ft-x-8ft-versandbehalter-eine-reise-blau,https://modu-luxe-gmbh.de/cdn/shop/files/10Ft-X-8Ft-Shipping-Container1-600x450.jpg?v=1785269107,"https://modu-luxe-gmbh.de/cdn/shop/files/10Ft-X-8Ft-Shipping-Container2-600x450.jpg?v=1785269107, https://modu-luxe-gmbh.de/cdn/shop/files/10Ft-X-8Ft-Shipping-Container-600x450.jpg?v=1785269107, https://modu-luxe-gmbh.de/cdn/shop/files/10Ft-X-8Ft-Shipping-Container-One-trip-Blue1-600x400.webp?v=1785269107, https://modu-luxe-gmbh.de/cdn/shop/files/10Ft-X-8Ft-Shipping-Container-One-trip-Blue2-600x400.webp?v=1785269107",in stock,1188.00 EUR,,MODULUXE GMBH,,10ft-x-8ft-versandbehalter-eine-reise-blau,new,Seecontainer
20-fuss-hc-container-mit-doppelturen,20 Fuß HC-Container mit Doppeltüren,"Dieser 20 Fuß High Cube (HC) Container mit Doppeltüren bietet durch seine zusätzliche Höhe mehr Innenraum und ist ideal für die Lagerung und den Transport größerer Produkte. Ausgestattet mit Doppeltüren an beiden Enden erleichtert er den Zugang und das effiziente Be- und Entladen von Waren. Seine robuste Konstruktion gewährleistet hervorragende Haltbarkeit und Sicherheit und eignet sich daher für eine Vielzahl von Lager- und Versandanwendungen.
Technische Informationen
Außenmaße
Innenmaße
Länge
6058 mm
5898 mm
Breite
2438 mm
2345 mm
Höhe
2891 mm
2690 mm
Taragewicht
Tragfähigkeit
Bruttogewicht
2420 kg
28060 kg
30480 kg",https://modu-luxe-gmbh.de/products/20-fuss-hc-container-mit-doppelturen,https://modu-luxe-gmbh.de/cdn/shop/files/rn-image_picker_lib_temp_dd5eaf41-c862-46cf-bf6b-b2c01913a0f1.jpg?v=1777562101,"https://modu-luxe-gmbh.de/cdn/shop/files/rn-image_picker_lib_temp_837bf7e5-5611-47f5-97a1-ff57f576f323.jpg?v=1777562101, https://modu-luxe-gmbh.de/cdn/shop/files/rn-image_picker_lib_temp_138e7173-7fec-4d28-97e9-b8107bcefda1.jpg?v=1777562101, https://modu-luxe-gmbh.de/cdn/shop/files/rn-image_picker_lib_temp_ab2ba73a-9c36-4269-9cb6-aea1c4290cf6.jpg?v=1777562101, https://modu-luxe-gmbh.de/cdn/shop/files/rn-image_picker_lib_temp_d083e4dc-109a-41de-a914-b325a532413f.jpg?v=1777562101, https://modu-luxe-gmbh.de/cdn/shop/files/rn-image_picker_lib_temp_62c29473-6ede-4854-ab2a-26c4053467e3.jpg?v=1777562101",in stock,1710.00 EUR,,MODULUXE GMBH,,20-fuss-hc-container-mit-doppelturen,new,Container
20-fuss-high-cube-container,20 Fuß High Cube Container,"Unser 20 Fuß High Cube Container bietet zusätzlichen Platz und mehr Höhe für eine effizientere Lagerung und den Transport von Gütern. Mit einer Länge von 20 Fuß (ca. 6,10 Meter) und einer um 30 cm höheren Höhe als der Standard-20-Fuß-Container bietet dieser Container Ihnen die Möglichkeit, Ihre Ladung noch höher zu laden.
Technische Informationen
Außenmaße
Innenmaße
Länge
6058 mm
5898 mm
Breite
2438 mm
2345 mm
Höhe
2891 mm
2690 mm
Taragewicht
Tragfähigkeit
Bruttogewicht
2420 kg
28060 kg
30480 kg",https://modu-luxe-gmbh.de/products/20-fuss-high-cube-container,https://modu-luxe-gmbh.de/cdn/shop/files/rn-image_picker_lib_temp_6153824e-ab37-4f47-adaa-ae7fedb2150c.webp?v=1777562051,"https://modu-luxe-gmbh.de/cdn/shop/files/rn-image_picker_lib_temp_9c631d2e-d3bd-4bc4-afff-9cc003e42267.webp?v=1777562051, https://modu-luxe-gmbh.de/cdn/shop/files/rn-image_picker_lib_temp_82ba8245-857f-47da-b491-77ef606aa5fb.webp?v=1777562051, https://modu-luxe-gmbh.de/cdn/shop/files/rn-image_picker_lib_temp_b1593564-ae82-475b-a184-396f2b108067.webp?v=1777562051",in stock,1510.80 EUR,,MODULUXE GMBH,,20-fuss-high-cube-container,new,Container
20-fuss-high-cube-container-1,20 Fuß High Cube Container,"Unser 20 Fuß High Cube Container bietet zusätzlichen Platz und mehr Höhe für eine effizientere Lagerung und den Transport von Gütern. Mit einer Länge von 20 Fuß (ca. 6,10 Meter) und einer um 30 cm höheren Höhe als der Standard-20-Fuß-Container bietet dieser Container Ihnen die Möglichkeit, Ihre Ladung noch höher zu laden.
Technische Informationen
Außenmaße
Innenmaße
Länge
6058 mm
5898 mm
Breite
2438 mm
2345 mm
Höhe
2891 mm
2690 mm
Taragewicht
Tragfähigkeit
Bruttogewicht
2420 kg
28060 kg
30480 kg",https://modu-luxe-gmbh.de/products/20-fuss-high-cube-container-1,https://modu-luxe-gmbh.de/cdn/shop/files/rn-image_picker_lib_temp_f3327208-af64-4dbe-a426-cfd44b7e9316.jpg?v=1777562052,"https://modu-luxe-gmbh.de/cdn/shop/files/rn-image_picker_lib_temp_5690632d-ab0a-4571-932f-2c569ece1f20.jpg?v=1777562052, https://modu-luxe-gmbh.de/cdn/shop/files/rn-image_picker_lib_temp_723b6238-6e65-4b6a-995c-c38240fc2be7.jpg?v=1777562052, https://modu-luxe-gmbh.de/cdn/shop/files/rn-image_picker_lib_temp_0edecace-e9a4-4d4f-80b8-92a3890f5736.jpg?v=1777562052",in stock,1540.00 EUR,,MODULUXE GMBH,,20-fuss-high-cube-container-1,new,Container
20-fuss-high-cube-container-2,20 Fuß High Cube Container,"Unser 20 Fuß High Cube Container bietet zusätzlichen Platz und mehr Höhe für eine effizientere Lagerung und den Transport von Gütern. Mit einer Länge von 20 Fuß (ca. 6,10 Meter) und einer um 30 cm höheren Höhe als der Standard-20-Fuß-Container bietet dieser Container Ihnen die Möglichkeit, Ihre Ladung noch höher zu laden.
Technische Informationen
Außenmaße
Innenmaße
Länge
6058 mm
5898 mm
Breite
2438 mm
2345 mm
Höhe
2891 mm
2690 mm
Taragewicht
Tragfähigkeit
Bruttogewicht
2420 kg
28060 kg
30480 kg",https://modu-luxe-gmbh.de/products/20-fuss-high-cube-container-2,https://modu-luxe-gmbh.de/cdn/shop/files/rn-image_picker_lib_temp_a7a55a1a-493c-439c-b7b3-36752301ad9c.jpg?v=1777562054,"https://modu-luxe-gmbh.de/cdn/shop/files/rn-image_picker_lib_temp_71959261-4f48-446b-affd-9be1f07541f2.jpg?v=1777562054, https://modu-luxe-gmbh.de/cdn/shop/files/rn-image_picker_lib_temp_327bac42-a9e0-4f17-90f1-b87e08399195.jpg?v=1777562054, https://modu-luxe-gmbh.de/cdn/shop/files/rn-image_picker_lib_temp_58fb47c7-f3c4-4f55-9766-77205c6d9bc1.jpg?v=1777562054",in stock,1620.90 EUR,,MODULUXE GMBH,,20-fuss-high-cube-container-2,new,Container
20-fuss-open-side-container,20 Fuß Open Side Container,"Optimieren Sie Ihre Logistikprozesse mit unserem 20 Fuß Open Side Container (ISO-Typ) mit einer Höhe von 8 Fuß 6 Zoll. Dieser Container bietet dank seines einzigartigen Designs eine hervorragende Lösung zum effizienten Be-, Transport- und Entladen von Waren.
Technische Informationen
Außenmaße
Innenmaße
Länge
6058 mm
5898 mm
Breite
2438 mm
2309 mm
Höhe
2591 mm
2288 mm  
Tara Unbelastet
Tragfähigkeit
Bruttogewicht
2800 kg
27680 kg
30480 kg",https://modu-luxe-gmbh.de/products/20-fuss-open-side-container,https://modu-luxe-gmbh.de/cdn/shop/files/rn-image_picker_lib_temp_98d87d39-1848-4bf6-976c-b4c2c5ae6a0f.jpg?v=1777562056,"https://modu-luxe-gmbh.de/cdn/shop/files/rn-image_picker_lib_temp_003fbc45-1c0c-4399-96e0-b82b694d5fb1.jpg?v=1777562056, https://modu-luxe-gmbh.de/cdn/shop/files/rn-image_picker_lib_temp_f75622a7-7f8f-49f4-be2a-e02b9dbfaa2d.jpg?v=1777562056, https://modu-luxe-gmbh.de/cdn/shop/files/rn-image_picker_lib_temp_97564cf6-c4cf-4a8c-9e57-b9b99d11ef5f.jpg?v=1777562056, https://modu-luxe-gmbh.de/cdn/shop/files/rn-image_picker_lib_temp_39f3f1a6-de4d-4478-9a64-14130b0e0a93.jpg?v=1777562056, https://modu-luxe-gmbh.de/cdn/shop/files/rn-image_picker_lib_temp_8270250c-8a1f-4708-9366-3ee7f1569300.jpg?v=1777562056",in stock,1850.20 EUR,,MODULUXE GMBH,,20-fuss-open-side-container,new,Container
20-fuss-open-side-container-1,20 Fuß Open Side Container,"Optimieren Sie Ihre Logistikprozesse mit unserem 20 Fuß Open Side Container (ISO-Typ) mit einer Höhe von 8 Fuß 6 Zoll. Dieser Container bietet dank seines einzigartigen Designs eine hervorragende Lösung zum effizienten Be-, Transport- und Entladen von Waren.
Technische Informationen
Außenmaße
Innenmaße
Länge
6058 mm
5898 mm
Breite
2438 mm
2309 mm
Höhe
2591 mm
2288 mm  
Tara Unbelastet
Tragfähigkeit
Bruttogewicht
2800 kg
27680 kg
30480 kg",https://modu-luxe-gmbh.de/products/20-fuss-open-side-container-1,https://modu-luxe-gmbh.de/cdn/shop/files/rn-image_picker_lib_temp_aebb0eee-8d3b-47f2-960f-88ab49be105e.jpg?v=1777562057,"https://modu-luxe-gmbh.de/cdn/shop/files/rn-image_picker_lib_temp_3f54c637-ff27-44d3-8fd0-d64d8d56ffd2.jpg?v=1777562056, https://modu-luxe-gmbh.de/cdn/shop/files/rn-image_picker_lib_temp_be300d72-cdb0-4368-84f0-95dcf1249b95.jpg?v=1777562056",in stock,1800.00 EUR,,MODULUXE GMBH,,20-fuss-open-side-container-1,new,Container
20-fuss-standardcontainer,20 Fuß Standardcontainer,"Unser 20 Fuß Standard-Trockencontainer ist eine zuverlässige und vielseitige Wahl für vielfältige Lagerbedürfnisse. Mit einer Länge von 20 Fuß (ca. 6,10 Meter) bietet dieser Container ein großzügiges Lagervolumen von 33 Kubikmetern und ist damit die ideale Lösung für alle, die eine dauerhafte und sichere Lagerung an temporären Standorten suchen.
Technische Informationen
Außenmaße
Innenmaße
Länge
6058 mm
5900 mm
Breite
2438 mm
2348 mm
Höhe
2591 mm
2392 mm
Taragewicht
Tragfähigkeit
Bruttogewicht
2250 kg
28230 kg
30480 kg",https://modu-luxe-gmbh.de/products/20-fuss-standardcontainer,https://modu-luxe-gmbh.de/cdn/shop/files/rn-image_picker_lib_temp_5f1d0fa2-fdfb-4664-8fdf-25117fc91fb6.webp?v=1777562048,"https://modu-luxe-gmbh.de/cdn/shop/files/rn-image_picker_lib_temp_bb58db7a-d749-456e-a808-5e65ad29f503.webp?v=1777562048, https://modu-luxe-gmbh.de/cdn/shop/files/rn-image_picker_lib_temp_b47fc953-c73b-4617-a59b-ecfecd0b0959.webp?v=1777562048",in stock,1450.80 EUR,,MODULUXE GMBH,,20-fuss-standardcontainer,new,Container
20-fuss-standardcontainer-1,20 Fuß Standardcontainer,"Unser 20 Fuß Standard-Trockencontainer ist eine zuverlässige und vielseitige Wahl für vielfältige Lagerbedürfnisse. Mit einer Länge von 20 Fuß (ca. 6,10 Meter) bietet dieser Container ein großzügiges Lagervolumen von 33 Kubikmetern und ist damit die ideale Lösung für alle, die eine dauerhafte und sichere Lagerung an temporären Standorten suchen.
Technische Informationen
Außenmaße
Innenmaße
Länge
6058 mm
5900 mm
Breite
2438 mm
2348 mm
Höhe
2591 mm
2392 mm
Taragewicht
Tragfähigkeit
Bruttogewicht
2250 kg
28230 kg
30480 kg",https://modu-luxe-gmbh.de/products/20-fuss-standardcontainer-1,https://modu-luxe-gmbh.de/cdn/shop/files/rn-image_picker_lib_temp_503da0a9-51fc-473b-a888-65831ea5c32d.jpg?v=1777562050,"https://modu-luxe-gmbh.de/cdn/shop/files/rn-image_picker_lib_temp_0077391b-b6d8-4d5f-bc93-8663ff58571a.jpg?v=1777562050, https://modu-luxe-gmbh.de/cdn/shop/files/rn-image_picker_lib_temp_9adc734e-9b92-431d-96ba-88dbed162763.jpg?v=1777562050, https://modu-luxe-gmbh.de/cdn/shop/files/rn-image_picker_lib_temp_4cbfc830-3a27-402c-9118-502ea9c84795.jpg?v=1777562050",in stock,1470.90 EUR,,MODULUXE GMBH,,20-fuss-standardcontainer-1,new,Container
20-fuss-container-mit-16-rolltoren,20-Fuß Container mit 16 Rolltoren,"SPEZIFIKATIONEN
• Neuer 20’ Standardcontainer (20’ STD)• Wind- und wasserdicht• 16 Fuß seitliche Rolltore aus Stahl• Zusätzlicher seitlicher Zugang• Gabelstaplertaschen für einfaches Handling• Hohe Sicherheit
ABMESSUNGEN
Außenmaße:20’ L × 8’ B × 8’6’’ H
Innenmaße:19’9’’ L × 7’8’’ B × 7’10’’ H
Türöffnung:7’8’’ B × 7’5’’ H
Rolltore:16’ B × 6’9’’ H
Gewicht:4.820 lbs
Nutzlast:62.380 lbs
PRODUKTBESCHREIBUNG
Der 20-Fuß Container mit 16 Fuß breitem Stahl-Rolltor ist eine vielseitige mobile Lagereinheit, die einen zusätzlichen seitlichen Zugang zum Container bietet. Dank der erweiterten Zugangsmöglichkeiten wird der verfügbare Stauraum effizient genutzt und das seitliche Be- und Entladen großer Geräte oder Materialien erleichtert.
Diese Einheit basiert auf einem wind- und wasserdichten 20-Fuß-Seecontainer. Der Container besteht aus korrosionsbeständigem CORTEN-Stahl, während die Rolltore aus gewelltem Stahl (26 Gauge) gefertigt und mit einer langlebigen Polyesterbeschichtung versehen sind.
Zertifizierte Schweißer schneiden die Seitenwand des Containers, bauen eine verstärkte Stahlstruktur ein und verschweißen alle Komponenten fachgerecht. Diese Konstruktion sorgt dafür, dass die strukturelle Stabilität des Containers erhalten bleibt, während die Lackierung einen dauerhaften und widerstandsfähigen Schutz bietet.
Für zusätzliche Sicherheit ist jedes Rolltor mit einem verzinkten Stahl-Magnetverschluss mit Schloss ausgestattet.
Der große Vorteil dieses 20-Fuß Lagercontainers liegt in seiner kostengünstigen, sicheren und flexibel nutzbaren Lagerlösung. Die seitlichen Rolltore ermöglichen einen schnellen Zugriff und erleichtern das seitliche Be- und Entladen von Waren, Maschinen oder Materialien.",https://modu-luxe-gmbh.de/products/20-fuss-container-mit-16-rolltoren,https://modu-luxe-gmbh.de/cdn/shop/files/IMG_2189.webp?v=1777562039,"https://modu-luxe-gmbh.de/cdn/shop/files/IMG_2187.webp?v=1777562039, https://modu-luxe-gmbh.de/cdn/shop/files/IMG_2188.webp?v=1777562039",in stock,1670.00 EUR,,MODULUXE GMBH,,20-fuss-container-mit-16-rolltoren,new,Container
20-fuss-kuhlcontainer,20-Fuß-Kühlcontainer,"Länge: 6 Meter, Außenhöhe: 2.591 und Innenhöhe: 2.261 (m)
Maschinen von Carrier oder Thermo King
Außenmaße (LxBxH): 6.058 x 2.438 x 2.591 mm. 
Neuer 20-Fuß-Kühlcontainer, der für Anwendungen im Zusammenhang mit der Aufrechterhaltung der Produkttemperatur verwendet wird.
Um die vorgegebene Temperatur zu halten, sind die Innenwände aus Edelstahl isoliert und der Boden besteht aus T-förmigem gewelltem Aluminium.
Die am häufigsten verwendeten Maschinenmarken, die wir liefern, sind Carrier und Thermo King, obwohl wir auch andere Marken wie Star Cool oder Daikin liefern können.
Es erfüllt die CSC- und TIR-Anforderungen für den Transport sowie die ISO-Normen in seiner Konstruktion.",https://modu-luxe-gmbh.de/products/20-fuss-kuhlcontainer,https://modu-luxe-gmbh.de/cdn/shop/files/rn-image_picker_lib_temp_ea1a205a-173c-43a8-b6d4-079e45f2aa89.jpg?v=1777562077,"https://modu-luxe-gmbh.de/cdn/shop/files/rn-image_picker_lib_temp_ac543982-a9d7-4a48-8bfd-7b32b388fa17.jpg?v=1777562077, https://modu-luxe-gmbh.de/cdn/shop/files/rn-image_picker_lib_temp_8c90bd40-ee58-41d0-be5a-ecba1340e87c.jpg?v=1777562077, https://modu-luxe-gmbh.de/cdn/shop/files/rn-image_picker_lib_temp_c1822331-7cd7-494f-b7a8-706e8325bcea.jpg?v=1777562077, https://modu-luxe-gmbh.de/cdn/shop/files/rn-image_picker_lib_temp_727d807d-fc0f-4e57-a35d-a9e5112fdbbc.jpg?v=1777562077",in stock,3100.00 EUR,,MODULUXE GMBH,,20-fuss-kuhlcontainer,new,Kühlcontainer
20-fuss-offener-container-gebraucht,20-Fuß-Offener Container – Gebraucht,"20-Fuß-Open-Side-Container bietet eine einzigartige Alternative zu Standardcontainern und erleichtert den Zugang sowie das Be- und Entladen von Gütern erheblich. Er eignet sich ideal für größere Gegenstände, die nicht durch die Türen von Standardcontainern passen würden.
Der Container besteht aus korrosionsbeständigem CORTEN-Stahl, der eine bessere Rostbeständigkeit als herkömmlicher Stahl aufweist, was seine Lebensdauer verlängert und seine strukturelle Integrität verbessert. Die Böden bestehen aus 19-lagigem Keruing-Apitong-Sperrholz in Marinequalität, das die Qualität von herkömmlichem Sperrholz übertrifft. Diese Böden sind speziell darauf ausgelegt, den Feuchtigkeitsgehalt zu reduzieren und so Pilzwachstum und schädlichen Termitenbefall zu verhindern.
Containerabmessungen
Außenmaße: 20'L x 8'B x 8'6""H
Innenmaße: 6,9 m L x 2,3 m B x 2,3 m H
Türöffnung: 2,21 m B x 2,27 m H
Seitentüröffnung: 19'2""L x 7'2""
Gewicht: 7.010 Pfund
Nutzlast: 60.190 Pfund",https://modu-luxe-gmbh.de/products/20-fuss-offener-container-gebraucht,https://modu-luxe-gmbh.de/cdn/shop/files/rn-image_picker_lib_temp_9ad64682-fa2d-40fc-b1fd-de7478e1d98c.jpg?v=1777562073,"https://modu-luxe-gmbh.de/cdn/shop/files/rn-image_picker_lib_temp_12bb84c2-d06a-48a2-ad94-2d65000a6ede.jpg?v=1777562073, https://modu-luxe-gmbh.de/cdn/shop/files/rn-image_picker_lib_temp_cbbe0efc-cabc-481b-adb3-e462dbbcf7a4.jpg?v=1777562072, https://modu-luxe-gmbh.de/cdn/shop/files/rn-image_picker_lib_temp_e8af43f9-ddd6-44e2-8abe-672b9aba9480.jpg?v=1777562072, https://modu-luxe-gmbh.de/cdn/shop/files/rn-image_picker_lib_temp_be14734c-06ee-4651-8cd5-03c46460c694.jpg?v=1777562072",in stock,1699.80 EUR,,MODULUXE GMBH,,20-fuss-offener-container-gebraucht,new,Container
20-fuss-versandcontainer,20-Fuß-Versandcontainer,"Abmessungen und Gewicht
• Außenlänge: 20 Fuß (6.058 mm)
• Außenbreite: 8 Fuß (2.438 mm)
• Außenhöhe: 8 Fuß 6 Zoll (2.591 mm)
• Innenlänge: 19 Fuß 4,2 Zoll (5.898 mm)
• Innenbreite: 7 Fuß 8,6 Zoll (2.352 mm)
• Innenhöhe: 7 Fuß 10,1 Zoll (2.393 mm)
• Hubraum: 33,2 m³
• Leergewicht: 2.200 kg (4.850 lbs)
• Maximales Bruttogewicht: 24.000 kg (52.910 lbs)
• Maximale Nutzlast: 21.800 kg (48.060 lbs)
 Materialien und Konstruktion
• Material: Cortenstahl
• Türen: Doppelte Hintertür mit hermetischem Verschluss
• Boden: Hochleistungssperrholz, feuchtigkeitsbeständig behandelt
Zusätzliche Funktionen
• Belüftung: Belüftungslöcher verhindern Feuchtigkeitsansammlung
• Struktur: Verstärkter Stahlrahmen für Haltbarkeit und Festigkeit
• Kompatibilität: Vollständig kompatibel mit Transportsystemen",https://modu-luxe-gmbh.de/products/20-fuss-versandcontainer,https://modu-luxe-gmbh.de/cdn/shop/files/rn-image_picker_lib_temp_9994fe17-8de1-44e6-882d-e064b556128f.jpg?v=1777562070,"https://modu-luxe-gmbh.de/cdn/shop/files/rn-image_picker_lib_temp_75baea68-9ece-4276-998e-c49e9817c9b5.jpg?v=1777562070, https://modu-luxe-gmbh.de/cdn/shop/files/rn-image_picker_lib_temp_b4dbe668-98e1-425e-a70e-bbf18f02a3e8.jpg?v=1777562069",in stock,1600.00 EUR,,MODULUXE GMBH,,20-fuss-versandcontainer,new,Container
20-fuss-versandcontainer-gebraucht,20-Fuß-Versandcontainer - gebraucht,"Eigenschaften:
- Typ: Standard Gebrauchtcontainer (20 Fuß)
- Außenmaße:
Länge 6,06 m × Breite 2,44 m × Höhe 2,59 m
- Fassungsvermögen ca.: 33 m³
- Leergewicht: ca. 2.200 kg.
- Material: Rost- und witterungsbeständiger Cortenstahl
- Hermetischer Verschluss durch doppelflügelige Hecktüren
Zustand:
- Gebraucht in gutem baulichen Zustand
- Hermetisch (wind- und wasserdicht)
- Es können Gebrauchsspuren vorhanden sein: Oberflächenrost, Kratzer oder leichte Beulen.",https://modu-luxe-gmbh.de/products/20-fuss-versandcontainer-gebraucht,https://modu-luxe-gmbh.de/cdn/shop/files/rn-image_picker_lib_temp_76969fc1-2e9b-4f06-b7bb-7ae9effc9719.jpg?v=1777562075,"https://modu-luxe-gmbh.de/cdn/shop/files/rn-image_picker_lib_temp_8cfbfcdd-4562-4477-92ba-0a92fd165724.jpg?v=1777562075, https://modu-luxe-gmbh.de/cdn/shop/files/rn-image_picker_lib_temp_b048b80d-7efe-4dbc-b315-5112aef275d5.jpg?v=1777562075",in stock,1390.00 EUR,,MODULUXE GMBH,,20-fuss-versandcontainer-gebraucht,new,Container
20-fuss-versandcontainer-neu,20-Fuß-Versandcontainer – Neu,"Abmessungen und Gewicht
• Außenlänge: 20 Fuß (6.058 mm)
• Außenbreite: 8 Fuß (2.438 mm)
• Außenhöhe: 8 Fuß 6 Zoll (2.591 mm)
• Innenlänge: 19 Fuß 4,2 Zoll (5.898 mm)
• Innenbreite: 7 Fuß 8,6 Zoll (2.352 mm)
• Innenhöhe: 7 Fuß 10,1 Zoll (2.393 mm)
• Hubraum: 33,2 m³
• Leergewicht: 2.200 kg (4.850 lbs)
• Maximales Bruttogewicht: 24.000 kg (52.910 lbs)
• Maximale Nutzlast: 21.800 kg (48.060 lbs)
 Materialien und Konstruktion
 • Material: Cortenstahl
• Türen: Doppelte Hintertür mit hermetischem Verschluss
• Boden: Hochleistungssperrholz, feuchtigkeitsbeständig behandelt
Zusätzliche Funktionen
• Belüftung: Belüftungslöcher verhindern Feuchtigkeitsansammlung
• Struktur: Verstärkter Stahlrahmen für Haltbarkeit und Festigkeit
• Kompatibilität: Vollständig kompatibel mit Transportsystemen",https://modu-luxe-gmbh.de/products/20-fuss-versandcontainer-neu,https://modu-luxe-gmbh.de/cdn/shop/files/rn-image_picker_lib_temp_eaf19dc6-a56a-4909-a6b0-778e51c0dae9.jpg?v=1777562068,"https://modu-luxe-gmbh.de/cdn/shop/files/rn-image_picker_lib_temp_51813cf5-c592-4d16-8718-5e9ece3a8f82.jpg?v=1777562068, https://modu-luxe-gmbh.de/cdn/shop/files/rn-image_picker_lib_temp_fcc3a8f0-b9e1-436e-aa99-35cb05c80da1.jpg?v=1777562068, https://modu-luxe-gmbh.de/cdn/shop/files/rn-image_picker_lib_temp_e364abde-7eef-4cdb-9236-c0b080a9cf07.jpg?v=1777562068, https://modu-luxe-gmbh.de/cdn/shop/files/rn-image_picker_lib_temp_7e125fee-a151-4945-a104-9d33dc5e3958.jpg?v=1777562068",in stock,1655.00 EUR,,MODULUXE GMBH,,20-fuss-versandcontainer-neu,new,Container
20-fuss-versandcontainer-mit-offener-seite,20-Fuß-Versandcontainer mit offener Seite,"Im Ausland
Länge 6.058 mm
Breite 2438 mm
Höhe 2.591 mm
Innen
Länge 5.898 mm
Breite 2.224 mm
Höhe 2.302 mm
Abmessungen der hinteren Türöffnung
Breite 2114 mm
Höhe 2189 mm
Maße der Seitentüröffnung
Breite 5.702 mm
Höhe 2.189 mm
Interne Kapazität
30,2 m³ 
Gabelstaplertaschen
Mitte zu Mitte 2.080 mm
Breite 360 mm
Mindesthöhe 115 mm
Fähigkeit
Maximales Bruttogewicht 24.000 kg 59.910 lb
Tara 3,150 kg 6,945 lb
Nutzlast Nutzlast 20.850 kg 45.965 lb",https://modu-luxe-gmbh.de/products/20-fuss-versandcontainer-mit-offener-seite,https://modu-luxe-gmbh.de/cdn/shop/files/rn-image_picker_lib_temp_6b077012-d631-4004-b32c-12f8246233ae.jpg?v=1777562071,"https://modu-luxe-gmbh.de/cdn/shop/files/rn-image_picker_lib_temp_8596afdb-93e4-4df3-ab65-22ea44f6eca2.jpg?v=1777562071, https://modu-luxe-gmbh.de/cdn/shop/files/rn-image_picker_lib_temp_89f6eecb-95b9-4aa7-a169-fdcd227cd7ea.jpg?v=1777562071, https://modu-luxe-gmbh.de/cdn/shop/files/rn-image_picker_lib_temp_27dc6931-3472-4e59-96c9-3516b5c56502.jpg?v=1777562071, https://modu-luxe-gmbh.de/cdn/shop/files/rn-image_picker_lib_temp_2c3b9159-f059-4f27-b603-fbe44369e75b.jpg?v=1777562071, https://modu-luxe-gmbh.de/cdn/shop/files/rn-image_picker_lib_temp_ba211d01-8fd2-4dfe-9d75-df3f1b23e4f1.jpg?v=1777562071",in stock,1785.00 EUR,,MODULUXE GMBH,,20-fuss-versandcontainer-mit-offener-seite,new,Container
20-fuss-versandcontainer-mit-seitlicher-offnung-gebraucht,20-Fuß-Versandcontainer mit seitlicher Öffnung – gebraucht,"Eigenschaften:
- Typ: Gebrauchter Seecontainer mit vollständiger Seitenöffnung
- Außenmaße:
Länge 6,06 m × Breite 2,44 m × Höhe 2,59 m
- Fassungsvermögen ca.: 33 m³
- Leergewicht: ca. 2.400 kg.
- Material: Robuster Cortenstahl
- Öffnung:
- Standard-Doppeltür hinten
- Vollständige Seitenöffnung mit Falttüren
Zustand:
- Gebraucht, in gutem baulichen Zustand
- Hermetisch (wind- und wasserdicht)
- Mit Gebrauchsspuren (Flugrost, leichte Dellen)
Vorteile:
- Vollständiger seitlicher Zugang, ideal zum schnellen Be- und Entladen
- Ideal für Maschinen, Paletten, Möbel oder zur Zwischenlagerung",https://modu-luxe-gmbh.de/products/20-fuss-versandcontainer-mit-seitlicher-offnung-gebraucht,https://modu-luxe-gmbh.de/cdn/shop/files/rn-image_picker_lib_temp_cc202b91-f399-4cd5-8d3f-31ac61d6b07e.jpg?v=1777562074,"https://modu-luxe-gmbh.de/cdn/shop/files/rn-image_picker_lib_temp_9a253335-b505-4762-ba20-df7ca66a63b0.jpg?v=1777562074, https://modu-luxe-gmbh.de/cdn/shop/files/rn-image_picker_lib_temp_f1e1a4f1-58a0-4de1-83b9-58a922d42fe0.jpg?v=1777562074, https://modu-luxe-gmbh.de/cdn/shop/files/rn-image_picker_lib_temp_224e8f8c-6142-41b3-aded-ed7fc3f1b261.jpg?v=1777562074",in stock,1700.00 EUR,,MODULUXE GMBH,,20-fuss-versandcontainer-mit-seitlicher-offnung-gebraucht,new,Container
20ft-high-cube-container-eine-fahrt-9ft-6-hoch,20Ft High Cube Container – Eine Fahrt (9FT 6′ Hoch),"Der 20Ft High Cube Container – One Trip (9FT 6′ High) ist eine neue One-Trip-Einheit, die für maximalen Innenraum und Vielseitigkeit ausgelegt ist. Mit einer zusätzlichen Höhe von 300mm (1ft) im Vergleich zu Standardbehältern ist es ideal für die Lagerung von hohen Geräten, Maschinen und sperrigeren Waren.
Hergestellt nach ISO-Normen und CSC für den Versand, bietet dieser Container nahezu neuen Zustand, Haltbarkeit und lange Lebensdauer.
Hauptmerkmale
- 
High Cube Design (9’6“ High) – Zusätzliche Innenhöhe (2,70m) für erhöhte Kapazität
- 
Neu – One Trip Only – Minimaler Tragekomfort und ausgezeichneter Zustand
- 
CSC Plated – Versandzertifiziert (Max. Bruttogewicht: 30 Tonnen)
- 
Alle Corten-Stahlkonstruktion – Stark, korrosionsbeständig und langlebig
- 
Factory-Fitted Lockbox – Verbesserte Sicherheit für Vorhängeschlösser
- 
Doppelte Flügeltüren – voller Zugang für einfaches Laden
- 
4 Schließstäbe (2 pro Tür) – Sicheres Verriegelungssystem
- 
Gabelstaplertaschen (beide Seiten) – Einfacher Transport und Positionierung
- 
28mm Marine Sperrholzboden – Heavy-Duty und Gabelstapler-freundlich
- 
Belüftet (4 Belüftungsöffnungen) – Hilft, Kondensation zu reduzieren
- 
Erhältlich in RAL Colors – Benutzerdefinierte Oberflächen auf Anfrage erhältlich
Produktspezifikationen
Spezifikation
Details
Außenlänge
6,06 m
Außenbreite
2,44 m
Außenhöhe
2,90 m
Interne Länge
5,84 m
Innenbreite
2,35 m
Innenhöhe
2,70 m
Türöffnung (B x H)
2,34 m x 2,59 m
Gewicht
2.320 kg
Bodentyp
28mm Marine Sperrholz
Kubik-Kapazität
1.320 cu ft
Bauwesen
Corten Stahl
Zustand
Neu (Eine Reise)
Zertifizierung
CSC Plated (Max Gross: 30 Tonnen)
Vorteile
- 
Erhöhte Lagermenge – Ideal für größere Gegenstände und gestapelte Güter
- 
Perfekt für die Maschinenlagerung – Geeignet für Anlagen, Bagger und Ausrüstung
- 
Flexible Nutzung – Ideal für Lagerung, Transport oder Umbauten
- 
Lange Lebensdauer – Nahezu neuer Zustand sorgt für Langlebigkeit
Ideale Anwendungen
- Lagerung von Anlagen und Maschinen
- Bau- und Industrielagerung
- Lagerung landwirtschaftlicher Geräte
- Containerumbauten (Workshops, Büros, Studios)
- Einzelhandel und gewerbliche Lagerung",https://modu-luxe-gmbh.de/products/20ft-high-cube-container-eine-fahrt-9ft-6-hoch,https://modu-luxe-gmbh.de/cdn/shop/files/20Ft-High-Cube-Container5-600x450.jpg?v=1785269380,"https://modu-luxe-gmbh.de/cdn/shop/files/20Ft-High-Cube-Container4-600x450.jpg?v=1785269379, https://modu-luxe-gmbh.de/cdn/shop/files/20Ft-High-Cube-Container6-600x450.jpg?v=1785269379, https://modu-luxe-gmbh.de/cdn/shop/files/20Ft-High-Cube-Container7-600x450.jpg?v=1785269379",in stock,1789.00 EUR,,MODULUXE GMBH,,20ft-high-cube-container-eine-fahrt-9ft-6-hoch,new,Container
20ft-versandbehalter-eine-reise-dunkelgrun,20Ft Versandbehälter (Eine Reise) – Dunkelgrün,"20Ft Versandcontainer (Eine Reise) – Dunkelgrüne Hauptmerkmale
- 
Der 20Ft Shipping Container (One Trip) – Dark Green ist ein Premium-One-Trip-Container, der nach strengen ISO-Normen hergestellt und nur einmal für den Transport von Fracht verwendet wird. Dieses Gerät aus korrosionsbeständigem Corten-Stahl bietet einen nahezu neuen Zustand, eine lange Lebensdauer und eine hervorragende Haltbarkeit für die Lagerung und den Transport.
Veredelt in einer dunkelgrünen Beschichtung, fügt es sich gut in die Außenumgebung ein und ist somit ideal für den gewerblichen, baulichen und privaten Gebrauch.
Hauptmerkmale
- 
Neu – One Trip Only – Minimaler Verschleiß, ausgezeichneter Zustand
- 
CSC Plated – Versandzertifiziert (Max. Bruttogewicht: 30 Tonnen)
- 
Alle Corten Steel Construction – Stark, witterungsbeständig und langlebig
- 
Factory-Fitted Lockbox – Zusätzliche Sicherheit für Vorhängeschlösser
- 
Doppelte Flügeltüren – Vollbreiter Zugang für effizientes Laden
- 
4 Schließstäbe (2 pro Tür) – Sicheres Verriegelungssystem
- 
28mm Marine Sperrholzboden – Geeignet für Gabelstaplerbeladung
- 
Belüftet (4 Belüftungsöffnungen) – Reduziert Kondensation und Feuchtigkeitsspeicherung
- 
Dunkelgrünes Finish – diskret und für die Außen- oder ländliche Umgebung geeignet
Produktspezifikationen (Verifiziert)
Spezifikation
Details
Außenlänge
6,06 m
Außenbreite
2,44 m
Außenhöhe
2,59 m
Interne Länge
5,84 m
Innenbreite
2,35 m
Innenhöhe
2,39 m
Türöffnung (B x H).
2,34 m x 2,28 m
Gewicht
2.180 kg
Bodentyp
28mm Marine Sperrholz
Bauwesen
Corten Stahl
Zustand
Neu (Eine Reise)
Zertifizierung
CSC Plated (Max Gross: 30 Tonnen)
Verfügbare Farboptionen
- Dunkelgrün (dieses Modell)
- Weiß
- Gentian Blau
- Kobaltblau
Ideale Anwendungen
- Sichere gewerbliche und industrielle Lagerung
- Baustellenlager
- Landwirtschaftliche und ländliche Lagerhaltung
- Einzelhandel und Lagerhaltung
- Containerumbauten (Büros, Werkstätten, Studios)",https://modu-luxe-gmbh.de/products/20ft-versandbehalter-eine-reise-dunkelgrun,https://modu-luxe-gmbh.de/cdn/shop/files/20Ft-Shipping-Container-Dark-Green-1.jpg?v=1785267612,"https://modu-luxe-gmbh.de/cdn/shop/files/20Ft-Shipping-Container-Dark-Green1-1-600x600.jpg?v=1785267612, https://modu-luxe-gmbh.de/cdn/shop/files/20Ft-Shipping-Container-Dark-Green2-1.jpg?v=1785267613, https://modu-luxe-gmbh.de/cdn/shop/files/20Ft-Shipping-Container-Dark-Green3-1-600x600.jpg?v=1785267611, https://modu-luxe-gmbh.de/cdn/shop/files/20Ft-Shipping-Container-Dark-Green4-1.jpg?v=1785267612, https://modu-luxe-gmbh.de/cdn/shop/files/20Ft-Shipping-Container-One-Trip-Dark-Green1.webp?v=1785267611, https://modu-luxe-gmbh.de/cdn/shop/files/20Ft-Shipping-Container-One-Trip-Dark-Green2.webp?v=1785267611, https://modu-luxe-gmbh.de/cdn/shop/files/20Ft-Shipping-Container-One-Trip-Dark-Green3.webp?v=1785267611",in stock,1512.00 EUR,,MODULUXE GMBH,,20ft-versandbehalter-eine-reise-dunkelgrun,new,Seecontainer
20ft-versandbehalter-eine-reise-weiss,20Ft Versandbehälter (Eine Reise) – Weiß,"20Ft Versandcontainer (One Trip) – Weiße Hauptmerkmale
- 
Neu – One Trip Only – Minimaler Verschleiß, nahezu neuer Zustand
- 
CSC Plated – Versandzertifiziert (Max. Bruttogewicht: 30 Tonnen)
- 
Alle Corten Steel Construction – Stark, langlebig und korrosionsbeständig
- 
Factory-Fitted Lockbox – Verbesserte Sicherheit für Vorhängeschlösser
- 
Doppelte Flügeltüren – Vollbreiter Zugang für effizientes Laden
- 
4 Schließstangen (2 pro Tür) – Sicheres Verschlusssystem
- 
28mm Marine Sperrholzboden – Geeignet für Gabelstaplerbeladung
- 
Belüftet (4 Belüftungsöffnungen) – Hilft, Kondensation zu reduzieren
- 
Clean White Finish – Professionelles Erscheinungsbild, ideal für sichtbare Standorte 
Der 20Ft Shipping Container (One Trip) – White ist eine hochwertige One-Trip-Einheit, die nach strengen ISO-Normen hergestellt und nur einmal für den Frachttransport aus China verwendet wird. Dieser Behälter ist aus korrosionsbeständigem Cortenstahl gefertigt und bietet einen nahezu neuen Zustand und eignet sich daher ideal für sichere Lagerungs-, Transport- oder Umbauprojekte.
Hauptmerkmale
- 
Neu – One Trip Only – Minimaler Verschleiß, nahezu neuer Zustand
- 
CSC Plated – Versandzertifiziert (Max. Bruttogewicht: 30 Tonnen)
- 
Alle Corten Steel Construction – Stark, langlebig und korrosionsbeständig
- 
Factory-Fitted Lockbox – Verbesserte Sicherheit für Vorhängeschlösser
- 
Doppelte Flügeltüren – Vollbreiter Zugang für effizientes Laden
- 
4 Schließstangen (2 pro Tür) – Sicheres Verschlusssystem
- 
28mm Marine Sperrholzboden – Geeignet für Gabelstaplerbeladung
- 
Belüftet (4 Belüftungsöffnungen) – Hilft, Kondensation zu reduzieren
- 
Clean White Finish – Professionelles Erscheinungsbild, ideal für sichtbare Standorte
Produktspezifikationen
Spezifikation
Details
Außenlänge
6,06 m
Außenbreite
2,44 m
Außenhöhe
2,59 m
Interne Länge
5,84 m
Innenbreite
2,35 m
Innenhöhe
2,39 m
Türöffnung (B x H).
2,34 m x 2,28 m
Gewicht
2.180 kg
Bodentyp
28mm Marine Sperrholz
Kubik-Kapazität
1.172 cu ft
Bauwesen
Corten Stahl
Zustand
Neu (Eine Reise)
Zertifizierung
CSC Plated (Max Gross: 30 Tonnen)
Verfügbare Farboptionen
- Weiß (Standard)
- Gentian Blau
- Kobaltblau
- Flaschengrün
Ideale Anwendungen
- Sichere gewerbliche und industrielle Lagerung
- Baustellenlager
- Einzelhandel und Geschäftsinventar
- Containerumbauprojekte (Büros, Workshops, etc.)
- Haus- und Gartenlagerung",https://modu-luxe-gmbh.de/products/20ft-versandbehalter-eine-reise-weiss,https://modu-luxe-gmbh.de/cdn/shop/files/20ft-New-Standard-Container-white-1.jpg?v=1785267305,"https://modu-luxe-gmbh.de/cdn/shop/files/20ft-New-Standard-Container-white1-1.jpg?v=1785267305, https://modu-luxe-gmbh.de/cdn/shop/files/20ft-New-Standard-Container-white2-1-600x450.jpg?v=1785267304, https://modu-luxe-gmbh.de/cdn/shop/files/20ft-New-Standard-Container-white3-1-600x600.jpg?v=1785267304",in stock,2088.00 EUR,,MODULUXE GMBH,,20ft-versandbehalter-eine-reise-weiss,new,Seecontainer
20ft-versandbehalter-mit-doppelten-rollturen,20ft Versandbehälter Mit Doppelten Rolltüren,"20ft Versandbehälter mit doppelten Rolltüren – Maximale Zugänglichkeit und Vielseitigkeit
Der 20ft Shipping Container mit Double Roll-Up Doors bietet eine flexible, sichere und effiziente Aufbewahrungs- oder Arbeitsplatzlösung für gewerbliche und persönliche Anwendungen. Egal, ob Sie eine leicht zugängliche Lagerung, eine mobile Werkstatt, ein Pop-up-Einzelhandelsgeschäft oder einen Veranstaltungsstand benötigen, die doppelten Rolltüren dieses Containers bieten maximalen Komfort und Funktionalität.
Dieser aus hochwertigem Cortenstahl gefertigte, überholte Behälter ist sowohl wind- als auch wasserdicht und gewährleistet eine zuverlässige langfristige Nutzung. Der Behälter wird professionell gereinigt, repariert, grundiert.
20ft Versandbehälter Mit Doppelten Roll-Up-Türen Hauptmerkmale:
Standard 20ft Länge (20' x 8') — Ideale Balance der Kapazität und überschaubare Größe 
Doppelte Rolltüren — Doppelte Einstiegspunkte für unübertroffene Zugänglichkeit, Benutzerfreundlichkeit und flexible Layoutoptionen 
Heavy-Duty Corten Steel Construction — Entwickelt, um rauem Wetter, Korrosion und starker Nutzung standzuhalten 
Multi-Purpose-Anwendungen — Lagerung, Werkstatt, Pop-up im Einzelhandel, Messestand oder tragbares Büro 
Wind & wasserdicht — Schützt den Inhalt vor Regen, Staub und Feuchtigkeit 
Abschließbare Rolltüren — Vorhängeschloss bereit für Sicherheit und Sicherheit
Spezifikationen:
Spezifikation
Details
Außenlänge
20 ft (6.058 m)
Außenbreite
8 ft (2.438 m)
Außenhöhe
8 ft 6 in. (2.591 m)
Interne Länge
19 ft 4 in. (5.898 m)
Innenbreite
7 ft 8 1/8 in. (2.350 m)
Innenhöhe
7 ft 10 1/8 in. (2.393 m)
Taragewicht
Ca. 5.070 lbs (2.300 kg)
Türtyp
Zwei Abschließbare Rolltüren
Türöffnungsbreite (Jeweils)
7 ft 8 1/8 in. (2,34 m)
Türöffnungshöhe (Jeweils)
7 ft 5 3/4 in. (2.28 m)
Bauwesen
Überholter Cortenstahl (korrosionsbeständig)
Bodenbelag
1.1 in. (28 mm) Marine-Grad Sperrholz
Wetterbeständigkeit
Wind & wasserdicht mit Gummitürdichtungen
Vielseitige Anwendungen:
- 
Easy Access Storage Unit: Perfekt für Lager, Lagerhaltung und Unternehmen, die einen effizienten Warenumschlag benötigen
- 
Mobile Werkstatt- oder Werkzeuglagerung: Schaffung eines transportablen Arbeitsplatzes für Bau-, Elektro- oder mechanische Werkzeuge
- 
Tragbare Verkaufsstelle für den Einzelhandel: Ideal für Pop-up-Shops, saisonale Kioske oder mobile Verkaufsstände
- 
Ausstellung oder Veranstaltungsstand: Ideal für Messen, Messen und Veranstaltungsräume, die offene, zugängliche Ausstellungen erfordern
- 
Modulare Wohn- oder Büroräume: Leicht in Bürokapseln, temporäre Gehäuse oder Arbeitsplätze mit doppeltem Einstieg für Luftstrom und Zugang zu modifizieren
Zusätzliche Informationen:
- 
Vorhängeschloss-fertige doppelte Rolltüren: Maximale Sicherheit und Benutzerfreundlichkeit
- 
Professionelle Renovierung: Gereinigt, repariert, grundiert und beschichtet für langlebige Haltbarkeit
- 
Wetterbeständig: Versiegelt gegen Wasser, Wind und Staub
- 
Anpassungsoptionen: Zusätzliche Farbfarben oder Innenmodifikationen auf Anfrage erhältlich",https://modu-luxe-gmbh.de/products/20ft-versandbehalter-mit-doppelten-rollturen,https://modu-luxe-gmbh.de/cdn/shop/files/20ft-Shipping-Container-With-Double-Roll-Up-Doors.jpg?v=1785267995,"https://modu-luxe-gmbh.de/cdn/shop/files/20ft-Shipping-Container-With-Double-Roll-Up-Doors3-600x423.jpg?v=1785267993, https://modu-luxe-gmbh.de/cdn/shop/files/20ft-Shipping-Container-With-Double-Roll-Up-Doors2-600x423.jpg?v=1785267993, https://modu-luxe-gmbh.de/cdn/shop/files/20ft-Shipping-Container-With-Double-Roll-Up-Doors1-600x423.jpg?v=1785267993",in stock,1889.00 EUR,,MODULUXE GMBH,,20ft-versandbehalter-mit-doppelten-rollturen,new,Seecontainer
20ft-x-8ft-behalter-mit-seitlicher-rolltur,20ft x 8ft Behälter mit seitlicher Rolltür,"20ft x 8ft Container mit seitlichem Roll-up-Türschlüssel Vorteile
- 
Side Roll-Up Access – Einfacheres Be- und Entladen und begehbarer Kundenfluss
- 
Sicher & langlebig – Gebaut aus strapazierfähigem Cortenstahl und manipulationssicheren Türen
- 
Multi-Purpose – Passt sich nahezu jedem Geschäftsmodell oder jeder Speicherherausforderung an
- 
Portable & Compact – Einfach zu transportieren und vor Ort neu zu positionieren
- 
Ready to Customize – Outfit mit Elektro, Isolierung, Branding oder Regal  
Verbessern Sie Ihren Gewerbe- oder Lagerraum mit dem 20ft x 8ft Container mit seitlicher Rolltür, einer optimierten, sicheren und zugänglichen Lösung, die auf moderne Unternehmen, mobile Setups oder persönliche Speicherung zugeschnitten ist. Im Gegensatz zu herkömmlichen Geräten für den Rückfahrtzugang bietet dieses Modell einen bequemen Seiteneingang, was es ideal für den verkehrsintensiven Betrieb, Werkstätten oder Einzelhandelsgebäude macht, bei denen Barrierefreiheit wichtig ist.
Egal, ob Sie Werkzeuge aufbewahren, einen mobilen Nagelstudio einrichten, eine kompakte Ladenfront betreiben oder eine flexible Büro- oder Werkstattlösung benötigen, dieser Behälter passt sich mit Haltbarkeit, Mobilität und Stil an Ihre Bedürfnisse an.
Spezifikationen
Kategorie
Details
Außenmaße
20 ft (L) × 8 ft (W) × 8 ft 6 Zoll (H)
Gewicht
2.300 kg
Struktur
Gewellter Stahlrahmen mit Marine-Farbe
Türtyp
Full-Size seitlich montierte Rolltür für einfachen Zugang
Belüftung
Standard-Lumenöffnungen (aufgerüstet auf angetriebene Belüftungsöffnungen)
Bodenbelag
Marine Sperrholz (Antirutsch) oder Stahl (optionale Beschichtung verfügbar)
Schließsystem
Rolltür mit integrierter verriegelbarer Verriegelung (maßgeschneidert)
Farboptionen
Standardgrau oder benutzerdefinierte Branding/Farbe verfügbar
Zustand
Brandneu
Hauptvorteile
- 
Side Roll-Up Access – Einfacheres Be- und Entladen und begehbarer Kundenfluss
- 
Sicher & langlebig – Gebaut aus strapazierfähigem Cortenstahl und manipulationssicheren Türen
- 
Multi-Purpose – Passt sich nahezu jedem Geschäftsmodell oder jeder Speicherherausforderung an
- 
Portable & Compact – Einfach zu transportieren und vor Ort neu zu positionieren
- 
Ready to Customize – Outfit mit Elektro, Isolierung, Branding oder Regal",https://modu-luxe-gmbh.de/products/20ft-x-8ft-behalter-mit-seitlicher-rolltur,https://modu-luxe-gmbh.de/cdn/shop/files/20x8ft-Container-With-Side-Roll-Up-Door-5-600x779.jpg?v=1785266888,"https://modu-luxe-gmbh.de/cdn/shop/files/20x8ft-Container-With-Side-Roll-Up-Door-1.jpg?v=1785266889, https://modu-luxe-gmbh.de/cdn/shop/files/20x8ft-Container-With-Side-Roll-Up-Door-2.jpg?v=1785266888, https://modu-luxe-gmbh.de/cdn/shop/files/20x8ft-Container-With-Side-Roll-Up-Door-3.jpg?v=1785266890, https://modu-luxe-gmbh.de/cdn/shop/files/20x8ft-Container-With-Side-Roll-Up-Door-4-600x787.jpg?v=1785266888",in stock,1569.00 EUR,,MODULUXE GMBH,,20ft-x-8ft-behalter-mit-seitlicher-rolltur,new,Container
21ft-x-8ft-custom-cabin-office-canteen-picture-windows-portable-building,21ft x 8ft Custom Cabin Office / Canteen | Picture Windows | Portable Building,"21ft x 8ft Custom Cabin Office / Canteen Hauptmerkmale:
Geräumig & vielseitig – Ideal für Büros, Pausenräume, Kantinen oder Stauraum. 
Große Bildfenster – Verbessern Sie das natürliche Licht und die Sichtbarkeit. 
Langlebig & wetterbeständig – gebaut, um rauen Bedingungen standzuhalten. 
Einfacher Transport und Installation – Tragbar und verlagerbar. 
Anpassbare Optionen – Wählen Sie Isolierung, elektrische Verkabelung, Trennwände und mehr.  
Verbessern Sie Ihren Arbeitsplatz mit unserem 21ft x 8ft Custom Cabin Office / Canteen, das auf Flexibilität, Haltbarkeit und moderne Ästhetik ausgelegt ist. Egal, ob Sie ein tragbares Büro, eine Kantine, eine Baustellenkabine oder eine Lagereinheit benötigen, diese anpassbare Kabine bietet eine schlanke, funktionale Lösung mit großen Panoramafenstern für die natürliche Beleuchtung und ein professionelles Erscheinungsbild.
Diese Kabine wurde mit hochwertigen Materialien gebaut und wurde für eine einfache Umsiedlung entwickelt und eignet sich perfekt für Baustellen, Firmenbüros, Schulen oder temporäre Gewerberäume. Passen Sie das Innenlayout, die Isolierung, die elektrische Einrichtung und mehr an Ihre Bedürfnisse an.
Hauptmerkmale:
Geräumig & vielseitig – Ideal für Büros, Pausenräume, Kantinen oder Stauraum. 
Große Bildfenster – Verbessern Sie das natürliche Licht und die Sichtbarkeit. 
Langlebig & wetterbeständig – gebaut, um rauen Bedingungen standzuhalten. 
Einfacher Transport und Installation – Tragbar und verlagerbar. 
Anpassbare Optionen – Wählen Sie Isolierung, elektrische Verkabelung, Trennwände und mehr.
Spezifikationen:
- 
Abmessungen: 21ft (Länge) x 8ft (Breite) x 8ft (Höhe)
- 
Material: Hochwertiger Stahlrahmen mit langlebiger Verkleidung (Optionen für isolierte Wände)
- 
Fenster: Große Bildfenster für natürliche Beleuchtung (maßgeschneiderte Größe und Platzierung)
- 
Türen: Sichere Stahl- oder Glastür (Ein- oder Doppeltüroptionen)
- 
Bodenbelag: Starker, rutschfester Bodenbelag (optionaler Hochboden)
- 
Dach: Wetterfest, schräg oder flaches Design
- 
Isolierung: Optionale Wärme- und Schalldämmung für die Klimatisierung
- 
Elektrisch: Vorverdrahtet für Beleuchtung & Steckdosen (anpassbar)
- 
Belüftung: Optionale HLK- oder Auspufflüglervorräte
- 
Mobilität: Gabelstaplertaschen oder Skids für einfachen Umzug
Ideale Verwendungen:
Standortbüros – Perfekt für Bauleiter und Vorgesetzte. 
Mitarbeiter-Kantinen – Ein komfortabler Pausenraum für das Personal. 
Tragbare Klassenzimmer – temporäre Lernräume. 
Lagereinheiten – Sichere und witterungsbeständige Lagerung. 
Pop-Up-Shops – Mobile Einzelhandels- oder Service-Kioske.",https://modu-luxe-gmbh.de/products/21ft-x-8ft-custom-cabin-office-canteen-picture-windows-portable-building,https://modu-luxe-gmbh.de/cdn/shop/files/21-x8ft-Custom-Cabin-Office-Canteen-Picture-Windows-Portable-Building-1-600x600.jpg?v=1785264488,"https://modu-luxe-gmbh.de/cdn/shop/files/21-x8ft-Custom-Cabin-Office-Canteen-Picture-Windows-Portable-Building-2.jpg?v=1785264490, https://modu-luxe-gmbh.de/cdn/shop/files/21-x8ft-Custom-Cabin-Office-Canteen-Picture-Windows-Portable-Building-4-600x600.jpg?v=1785264488, https://modu-luxe-gmbh.de/cdn/shop/files/21-x8ft-Custom-Cabin-Office-Canteen-Picture-Windows-Portable-Building-8-600x600.jpg?v=1785264488, https://modu-luxe-gmbh.de/cdn/shop/files/21-x8ft-Custom-Cabin-Office-Canteen-Picture-Windows-Portable-Building-6-600x600.jpg?v=1785264488, https://modu-luxe-gmbh.de/cdn/shop/files/21-x8ft-Custom-Cabin-Office-Canteen-Picture-Windows-Portable-Building-10-600x600.jpg?v=1785264488, https://modu-luxe-gmbh.de/cdn/shop/files/21-x8ft-Custom-Cabin-Office-Canteen-Picture-Windows-Portable-Building-12-1-600x600.jpg?v=1785264488, https://modu-luxe-gmbh.de/cdn/shop/files/21-x8ft-Custom-Cabin-Office-Canteen-Picture-Windows-Portable-Building-5-600x600.jpg?v=1785264488, https://modu-luxe-gmbh.de/cdn/shop/files/21-x8ft-Custom-Cabin-Office-Canteen-Picture-Windows-Portable-Building-7-600x600.jpg?v=1785264488, https://modu-luxe-gmbh.de/cdn/shop/files/21-x8ft-Custom-Cabin-Office-Canteen-Picture-Windows-Portable-Building-11-600x600.jpg?v=1785264488, https://modu-luxe-gmbh.de/cdn/shop/files/21-x8ft-Custom-Cabin-Office-Canteen-Picture-Windows-Portable-Building-3.jpg?v=1785264556, https://modu-luxe-gmbh.de/cdn/shop/files/21-x8ft-Custom-Cabin-Office-Canteen-Picture-Windows-Portable-Building-9.jpg?v=1785264558",in stock,5890.00 EUR,,MODULUXE GMBH,,21ft-x-8ft-custom-cabin-office-canteen-picture-windows-portable-building,new,Container
40-fuss-high-cube-container,40 Fuß High Cube Container,"Unser 40 Fuß High Cube Container ist eine unserer beliebtesten und praktischsten Optionen für verschiedene Transport- und Lageranforderungen. Mit einer Länge von 40 Fuß (ca. 12,20 Meter) und einer zusätzlichen Höhe von 30 cm im Vergleich zum Standard-40-Fuß-Container bietet dieser Container zusätzlichen Platz für eine effizientere Beladung Ihrer Fracht oder Waren.
Technische Informationen
Außenmaße
Innenmaße
Länge
12192 mm
12032 mm
Breite
2438 mm
2348 mm
Höhe
2896 mm
2699 mm
Taragewicht
Tragfähigkeit
Bruttogewicht
4000 kg
26480 kg
30480 kg",https://modu-luxe-gmbh.de/products/40-fuss-high-cube-container,https://modu-luxe-gmbh.de/cdn/shop/files/rn-image_picker_lib_temp_dfb5e45d-5d8b-4561-a0d4-b20d046fdcfd.jpg?v=1777562058,"https://modu-luxe-gmbh.de/cdn/shop/files/rn-image_picker_lib_temp_00316075-eb10-4738-a349-f687232bac56.jpg?v=1777562058, https://modu-luxe-gmbh.de/cdn/shop/files/rn-image_picker_lib_temp_750783c0-5d57-48de-856a-1788896f2476.jpg?v=1777562058, https://modu-luxe-gmbh.de/cdn/shop/files/rn-image_picker_lib_temp_761ee97e-62c3-4905-9187-57453a8db30b.jpg?v=1777562058",in stock,1900.00 EUR,,MODULUXE GMBH,,40-fuss-high-cube-container,new,Container
40-fuss-high-cube-container-1,40 Fuß High Cube Container,"Unser 40 Fuß High Cube Container ist eine unserer beliebtesten und praktischsten Optionen für verschiedene Transport- und Lageranforderungen. Mit einer Länge von 40 Fuß (ca. 12,20 Meter) und einer zusätzlichen Höhe von 30 cm im Vergleich zum Standard-40-Fuß-Container bietet dieser Container zusätzlichen Platz für eine effizientere Beladung Ihrer Fracht oder Waren.
Technische Informationen
Außenmaße
Innenmaße
Länge
12192 mm
12032 mm
Breite
2438 mm
2348 mm
Höhe
2896 mm
2699 mm
Taragewicht
Tragfähigkeit
Bruttogewicht
4000 kg
26480 kg
30480 kg",https://modu-luxe-gmbh.de/products/40-fuss-high-cube-container-1,https://modu-luxe-gmbh.de/cdn/shop/files/rn-image_picker_lib_temp_585da557-67a1-45de-bce0-87d82811f300.jpg?v=1777562060,"https://modu-luxe-gmbh.de/cdn/shop/files/rn-image_picker_lib_temp_6116ef0a-3af0-45c8-b2a9-3cbf440ecf54.jpg?v=1777562060, https://modu-luxe-gmbh.de/cdn/shop/files/rn-image_picker_lib_temp_4746860d-b963-455d-ba7e-42ed19535e92.jpg?v=1777562060, https://modu-luxe-gmbh.de/cdn/shop/files/rn-image_picker_lib_temp_467b3856-4e9d-44f0-8869-c7b6aba93db7.jpg?v=1777562060",in stock,1820.90 EUR,,MODULUXE GMBH,,40-fuss-high-cube-container-1,new,Container
40-fuss-hc-versandcontainer-neu,40-Fuß-HC-Versandcontainer – Neu,"Ein 40 Fuß HC (High Cube) „First Voyage“-Container in RAL 7016 (Anthrazitgrau) ist in der Regel ein neuer oder sehr neuer Container für den Gütertransport. High Cube-Container sind etwas höher als Standardcontainer und bieten daher mehr Ladevolumen. Hier sind einige typische Spezifikationen für einen solchen Container:
Technische Daten
Außenmaße:
Länge: 12.192 mm
Breite: 2.438 mm
Höhe: 2.896 mm
Innenmaße:
Länge: 12.032 mm
Breite: 2.352 mm
Höhe: 2.698 mm
Fähigkeit :
Volumen: ca. 76,4 m³
 Gewicht :
Leergewicht: ca. 3.750 kg
Maximales Gesamtgewicht: 30.480 kg
Maximale Nutzlast: ca. 26.730kg",https://modu-luxe-gmbh.de/products/40-fuss-hc-versandcontainer-neu,https://modu-luxe-gmbh.de/cdn/shop/files/rn-image_picker_lib_temp_9230f576-e349-4009-9b2d-9a10769bc29c.jpg?v=1777562064,"https://modu-luxe-gmbh.de/cdn/shop/files/rn-image_picker_lib_temp_95a10a48-00d1-4a86-8d3e-7880d4b9534f.jpg?v=1777562064, https://modu-luxe-gmbh.de/cdn/shop/files/rn-image_picker_lib_temp_171c30c5-cd4b-454c-8448-3ab3906d5ca4.jpg?v=1777562064, https://modu-luxe-gmbh.de/cdn/shop/files/rn-image_picker_lib_temp_540ec1f4-3c07-4a1e-b2a9-55496fd1819a.jpg?v=1777562064, https://modu-luxe-gmbh.de/cdn/shop/files/rn-image_picker_lib_temp_0323258f-e1ef-4cc7-a060-7445733595fb.jpg?v=1777562065",in stock,1855.90 EUR,,MODULUXE GMBH,,40-fuss-hc-versandcontainer-neu,new,Container
40-fuss-hc-versandcontainer-mit-4-seitenturen-gebraucht,40-Fuß-HC-Versandcontainer mit 4 Seitentüren – gebraucht,"Weitere Informationen
High Cube Container sind 300 mm höher als Standardcontainer und bieten somit deutlich mehr Nutzfläche.
Spezifikationen:
Innenhöhe: 2695 mm
- Innenlänge: 12035 mm
- Innenbreite: 2352 mm
- Gewicht: 3.890 kg
- Kubikmeter: 76,4 m3",https://modu-luxe-gmbh.de/products/40-fuss-hc-versandcontainer-mit-4-seitenturen-gebraucht,https://modu-luxe-gmbh.de/cdn/shop/files/rn-image_picker_lib_temp_2da73665-6345-4885-8cc5-22a7597a7893.jpg?v=1777562065,"https://modu-luxe-gmbh.de/cdn/shop/files/rn-image_picker_lib_temp_04cd71cf-7193-4d24-82da-a2f54913b2ec.jpg?v=1777562065, https://modu-luxe-gmbh.de/cdn/shop/files/rn-image_picker_lib_temp_96e536d7-5355-49b2-870c-ecbb0c629a2f.jpg?v=1777562065, https://modu-luxe-gmbh.de/cdn/shop/files/rn-image_picker_lib_temp_e274fd7a-3072-4d53-8d73-09de38dce28e.jpg?v=1777562065",in stock,2850.00 EUR,,MODULUXE GMBH,,40-fuss-hc-versandcontainer-mit-4-seitenturen-gebraucht,new,Container
40-fuss-hc-versandcontainer-mit-seitlichen-offnungen,40-Fuß-HC-Versandcontainer mit seitlichen Öffnungen,"Komplette Cor-Ten-Stahlkonstruktion
Außentüren mit Doppelscharnieren und zwei Verriegelungsstangen pro Tür an einem 8-Fuß-Ende und drei Verriegelungsstangen pro Tür an einer 40-Fuß-Seite
28 mm Bootsbausperrholzboden auf Stahlschwellen
8 Belüftungsöffnungen
Gegen Aufpreis kann ein stahlgebundener Boden eingebaut werden
 PRODUKTSPEZIFIKATIONEN
Außenlänge (m)
12.19
 Außenbreite (m)
2,44
 Außenhöhe (m)
2,90
 Innenlänge (m)
12.03
 Innenbreite (m)
2.29
Innenhöhe (m)
2,70",https://modu-luxe-gmbh.de/products/40-fuss-hc-versandcontainer-mit-seitlichen-offnungen,https://modu-luxe-gmbh.de/cdn/shop/files/rn-image_picker_lib_temp_8310ef18-c020-4313-8ac6-73321aaa1d0e.jpg?v=1777562067,"https://modu-luxe-gmbh.de/cdn/shop/files/rn-image_picker_lib_temp_305847c6-7353-4992-a8a8-fb4ecb324078.jpg?v=1777562066, https://modu-luxe-gmbh.de/cdn/shop/files/rn-image_picker_lib_temp_3a8553e0-ccf1-41cd-bc47-a175668f0539.jpg?v=1777562071, https://modu-luxe-gmbh.de/cdn/shop/files/rn-image_picker_lib_temp_842bb677-a12c-4811-aee7-0cc737027640.jpg?v=1777562066, https://modu-luxe-gmbh.de/cdn/shop/files/rn-image_picker_lib_temp_933f910d-d140-4eff-aab2-43faa31121bb.jpg?v=1777562066, https://modu-luxe-gmbh.de/cdn/shop/files/rn-image_picker_lib_temp_dac7ab5e-4438-461d-955c-6355f12478d4.jpg?v=1777562066",in stock,2790.00 EUR,,MODULUXE GMBH,,40-fuss-hc-versandcontainer-mit-seitlichen-offnungen,new,Container
40-fuss-seecontainer-mit-seitlicher-offnung,40-Fuß-Seecontainer mit seitlicher Öffnung,"Der 40 Fuß Open Side Container ist eine hervorragende Lagermöglichkeit und zeichnet sich durch seine Robustheit und Sicherheit aus. Gefertigt aus Cortenstahl bietet er effektiven Schutz vor Diebstahl. Seine Konstruktion aus Wellblechwänden und -trägern sowie einem 28 mm starken Bootsbausperrholzboden sorgt für Langlebigkeit und Stabilität.
Dieses Modell ermöglicht dank seiner breiten Seitenöffnung einen optimierten Zugang zur Ladung . Zusätzlich zu einer Tür an einem Ende verfügt es über eine vollständige Seitenöffnung ohne Mittelsäule , die auf beiden Seiten mit zwei faltbaren Doppeltüren ausgestattet ist .
Der neue 40-Fuß-Open-Side- Container (First Trip) ist für zusätzliche Sicherheit an beiden Öffnungen mit Vorhängeschlosssicherungen ausgestattet . Er ist eine multimodale Lösung, die per Lkw, Bahn, Binnenschiff oder Schiff transportiert und ausgeliefert werden kann.
Vorteile
- Große Seitenöffnung für einfaches Be- und Entladen
- Hohe Sicherheit und Dichtheit gegen widrige Bedingungen
- Einfache Installation ohne Standortbeschränkungen
- Ideal für die Lagerung auf Kragarmregalen
- Starke und langlebige selbsttragende Struktur
- Entspricht ISO-Typ 42G1 – ISO-Gruppe 42GP
Maße
- Außenmaße : 12,19 m x 2,44 m x 2,59 m
- Innenmaße : 12,03 m x 2,35 m x 2,39 m",https://modu-luxe-gmbh.de/products/40-fuss-seecontainer-mit-seitlicher-offnung,https://modu-luxe-gmbh.de/cdn/shop/files/rn-image_picker_lib_temp_5dd5d87d-14b0-4254-8fab-9a72e63fd8c0.jpg?v=1777562102,"https://modu-luxe-gmbh.de/cdn/shop/files/rn-image_picker_lib_temp_7da5280a-2dc9-49d4-8f39-11da7ccc9693.jpg?v=1777562103, https://modu-luxe-gmbh.de/cdn/shop/files/rn-image_picker_lib_temp_0ad8b969-d843-46af-8437-7535f02db3bd.jpg?v=1777562102",in stock,2700.00 EUR,,MODULUXE GMBH,,40-fuss-seecontainer-mit-seitlicher-offnung,new,Seecontainer
40-fuss-seecontainer-mit-seitlicher-offnung-1,40-Fuß-Seecontainer mit seitlicher Öffnung,"Der 40 Fuß Open Side Container ist eine hervorragende Lagermöglichkeit und zeichnet sich durch seine Robustheit und Sicherheit aus. Gefertigt aus Cortenstahl bietet er effektiven Schutz vor Diebstahl. Seine Konstruktion aus Wellblechwänden und -trägern sowie einem 28 mm starken Bootsbausperrholzboden sorgt für Langlebigkeit und Stabilität.
Dieses Modell ermöglicht dank seiner breiten Seitenöffnung einen optimierten Zugang zur Ladung . Zusätzlich zu einer Tür an einem Ende verfügt es über eine vollständige Seitenöffnung ohne Mittelsäule , die auf beiden Seiten mit zwei faltbaren Doppeltüren ausgestattet ist .
Der neue 40-Fuß-Open-Side- Container (First Trip) ist für zusätzliche Sicherheit an beiden Öffnungen mit Vorhängeschlosssicherungen ausgestattet . Er ist eine multimodale Lösung, die per Lkw, Bahn, Binnenschiff oder Schiff transportiert und ausgeliefert werden kann.
Vorteile
- Große Seitenöffnung für einfaches Be- und Entladen
- Hohe Sicherheit und Dichtheit gegen widrige Bedingungen
- Einfache Installation ohne Standortbeschränkungen
- Ideal für die Lagerung auf Kragarmregalen
- Starke und langlebige selbsttragende Struktur
- Entspricht ISO-Typ 42G1 – ISO-Gruppe 42GP
Maße
- Außenmaße : 12,19 m x 2,44 m x 2,59 m
- Innenmaße : 12,03 m x 2,35 m x 2,39 m",https://modu-luxe-gmbh.de/products/40-fuss-seecontainer-mit-seitlicher-offnung-1,https://modu-luxe-gmbh.de/cdn/shop/files/rn-image_picker_lib_temp_da1c87e6-be73-48b5-b8ff-6f500630d465.jpg?v=1777562105,"https://modu-luxe-gmbh.de/cdn/shop/files/rn-image_picker_lib_temp_2435cd59-bf7b-4280-b8bf-5ed53f32d323.jpg?v=1777562105, https://modu-luxe-gmbh.de/cdn/shop/files/rn-image_picker_lib_temp_08ca3c29-0daa-46ee-8dd0-9df41b89f02e.jpg?v=1777562105",in stock,2650.00 EUR,,MODULUXE GMBH,,40-fuss-seecontainer-mit-seitlicher-offnung-1,new,Seecontainer
sans-titre-20juil-_23-52,40-Fuß-weißer Versandcontainer – neu,"ISO-Zertifikat
Aus Cortenstahl (witterungsbeständig)
Mit der Marke CSC
Musterzulassung (GL, BV oder ABS)
Erste Reise Neue Ware (kann leichte Gebrauchsspuren durch Import aufweisen)
In verschiedenen Farben erhältlich
Abmessungen:
Länge 12,20m
Breite 2,4 m
Höhe 2,6 m
Tara (Nettogewicht/Garage) 3,8 t
Nutzlast 27,6 t
Ladefläche 28,3 m²
Ladevolumen: 67,7 m³",https://modu-luxe-gmbh.de/products/sans-titre-20juil-_23-52,https://modu-luxe-gmbh.de/cdn/shop/files/rn-image_picker_lib_temp_7de47e84-aeff-49ca-ae6b-a7e156d7fedb.jpg?v=1777562061,"https://modu-luxe-gmbh.de/cdn/shop/files/rn-image_picker_lib_temp_efdb4192-5c2d-4ace-815a-0114feee7281.jpg?v=1777562061, https://modu-luxe-gmbh.de/cdn/shop/files/rn-image_picker_lib_temp_ea2c46ca-50c8-495b-bb7d-79933d3628bc.jpg?v=1777562061, https://modu-luxe-gmbh.de/cdn/shop/files/rn-image_picker_lib_temp_3199b9e1-9313-4cf0-9bf1-9a6c952f7454.jpg?v=1777562061",in stock,1890.00 EUR,,MODULUXE GMBH,,sans-titre-20juil-_23-52,new,Container
40-hc-containereinheit-vollstandig-entworfen-neu,40' HC-Containereinheit (vollständig entworfen) – NEU,"40'HC-Containereinheit (vollständig entworfen) – NEU
 Außenmaße
 Länge: 12.192 mm | 40'0″
 Breite – 2438 mm | 8′ 0″
 Höhe – 2896 mm | 9′ 6″
 Innenmaße
 Länge: 12.032 mm | 39'6″
 Breite – 2353 mm | 7′ 9″
 Höhe – 2698 mm | 8′ 10″
 Gewicht ca. 3.940 kg | 8.686 lbs Hubraum ft
Kubikmeter – 2.697,5",https://modu-luxe-gmbh.de/products/40-hc-containereinheit-vollstandig-entworfen-neu,https://modu-luxe-gmbh.de/cdn/shop/files/rn-image_picker_lib_temp_c9808085-5eaa-42f8-a66f-dc97b5f1e540.jpg?v=1777562062,"https://modu-luxe-gmbh.de/cdn/shop/files/rn-image_picker_lib_temp_8777f02d-5e25-423b-8d75-1b3d3916bd91.jpg?v=1777562062, https://modu-luxe-gmbh.de/cdn/shop/files/rn-image_picker_lib_temp_0268acd3-3da2-4677-82c1-8b04ee6d64e6.jpg?v=1777562062, https://modu-luxe-gmbh.de/cdn/shop/files/rn-image_picker_lib_temp_8f316f2d-aeba-41c9-8c79-c171b0e32517.jpg?v=1777562062, https://modu-luxe-gmbh.de/cdn/shop/files/rn-image_picker_lib_temp_501e09f8-1523-43ee-9008-c6932cb7dbf2.jpg?v=1777562062, https://modu-luxe-gmbh.de/cdn/shop/files/rn-image_picker_lib_temp_fa42b9dc-af9e-4dfa-b6c7-5c98409d86c4.jpg?v=1777562062, https://modu-luxe-gmbh.de/cdn/shop/files/rn-image_picker_lib_temp_175a8ed9-cf81-41b3-b24d-aaadd0913b42.jpg?v=1777562062",in stock,3550.00 EUR,,MODULUXE GMBH,,40-hc-containereinheit-vollstandig-entworfen-neu,new,Container
40ft-high-cube-storage-shipping-container-conex-w-4-offene-seitentur-9-5-gross,"40FT High Cube Storage Shipping Container Conex w/4 Offene Seitentür 9,5′ groß","40FT High Cube Storage Shipping Container Conex w/4 offene Seitentür 9.5′ Hohe Schlüssel Vorteile
- 
Hohe Würfelkapazität – Zusätzliche Kopffreiheit für hohe oder übergroße Fracht
- 
4 Seitentüren – Schneller, direkter Zugang, ohne Ihre gelagerten Gegenstände zu stören
- 
Langlebig und sicher – Corten-Stahlkonstruktion, verwittert und abschließbar
- 
Modulares Potenzial – Umbaufertig für eine Reihe von gewerblichen oder privaten Nutzungen
- 
Intermodal Ready – Passt sich nahtlos in globale Transportsysteme ein   
Bringen Sie Ihr Lager- und Logistikspiel auf die nächste Stufe mit unserem 40FT High Cube Storage Shipping Container Conex w/4 Open Side Door 9,5′ Tall, mit vier praktischen Seitentüren für ultimative Zugänglichkeit. Diese Einheit wurde für den Schwerlast- und intermodalen Güterverkehr entwickelt und bietet einen weitläufigen, sicheren Raum für die Lagerung von Inventar, Ausrüstung oder persönlichen Vermögenswerten, ohne Entladen oder Neupositionieren erforderlich.
Hergestellt aus robustem Corten A-Stahl und nach ISO-Standards gebaut, bietet dieser High-Cube-Container 12 zusätzliche Höhe für zusätzliches Volumen - ideal für sperrige Gegenstände, palettierte Ladung oder Industrieausrüstung. Ob als statische Lagereinheit, mobiles Lager oder Umbaubasis für Unterstände, Kioske oder Werkstätten, dieser Container bietet die Kraft, Flexibilität und einfachen Zugang zu Ihren Betriebsanforderungen.
Mit seiner schlanken Form, seiner wetterfesten Integrität und der anpassbaren Branding-Optionen ist es mehr als ein Container – es ist Ihre Speicherlösung mit Stil und Sicherheit.
Spezifikationen
Art: Hoher Würfel Trockener Fracht-Verschiffenbehälter 
Außenmaße: 40 ft (L) × 8 ft (W) × 9 ft 6 in (H) — Ca. 12192mm × 2438mm × 2896mm Innenmaße: Ca. 12032mm × 2352mm × 2698mm 
Gewicht: 43.519 lbs (ca. 19.740 kg) 
Material: Corten A Steel – korrosionsbeständig und witterungsbeständig 
Türkonfiguration 
• 4 seitlich angebrachte Klapptüren 
• 1 hintere doppelte Ladetür 
Bodenbelag: Sperrholz oder Stahl in Marinequalität (anpassbar) 
Belüftung: Standard-Luftaustritte (aufrüstbar auf angetriebene Ventilatoren) 
Sicherheitsmerkmale: Lockbox-fertige Verriegelungen, Stahl-Verriegelungsstangen 
Farboptionen: Standard- oder benutzerdefinierte Farbe + Logo-Anwendung 
Zertifizierungen: ISO 1496-1 konform; CSC plattiert (auf Anfrage)
Hauptvorteile
- 
Hohe Würfelkapazität – Zusätzliche Kopffreiheit für hohe oder übergroße Fracht
- 
4 Seitentüren – Schneller, direkter Zugang, ohne Ihre gelagerten Gegenstände zu stören
- 
Langlebig und sicher – Corten-Stahlkonstruktion, verwittert und abschließbar
- 
Modulares Potenzial – Umbaufertig für eine Reihe von gewerblichen oder privaten Nutzungen
- 
Intermodal Ready – Passt sich nahtlos in globale Transportsysteme ein
Die besten Anwendungsfälle
- Baustellenlagerung für Werkzeuge, Materialien und Ausrüstung
- Lagerüberlauf oder Palettenlager
- Markierbare Einzelhandels- oder Werbecontainer-Build-outs
- Sicherer Inventarcontainer für E-Commerce oder Logistik
- Werkstattbasis, Pop-up-Garage oder Maker-Raumrahmen",https://modu-luxe-gmbh.de/products/40ft-high-cube-storage-shipping-container-conex-w-4-offene-seitentur-9-5-gross,https://modu-luxe-gmbh.de/cdn/shop/files/40FT-High-Cube-Storage-Shipping-Container2-600x450.webp?v=1785265259,"https://modu-luxe-gmbh.de/cdn/shop/files/40FT-High-Cube-Storage-Shipping-Container.webp?v=1785265259, https://modu-luxe-gmbh.de/cdn/shop/files/40FT-High-Cube-Storage-Shipping-Container1-600x450.webp?v=1785265259, https://modu-luxe-gmbh.de/cdn/shop/files/40FT-High-Cube-Storage-Shipping-Container3-600x800.webp?v=1785265259, https://modu-luxe-gmbh.de/cdn/shop/files/40FT-High-Cube-Storage-Shipping-Container4.webp?v=1785265259, https://modu-luxe-gmbh.de/cdn/shop/files/40FT-High-Cube-Storage-Shipping-Container5.webp?v=1785265259, https://modu-luxe-gmbh.de/cdn/shop/files/40FT-High-Cube-Storage-Shipping-Container7-600x450.webp?v=1785265259, https://modu-luxe-gmbh.de/cdn/shop/files/40FT-High-Cube-Storage-Shipping-Container8.webp?v=1785265260, https://modu-luxe-gmbh.de/cdn/shop/files/40FT-High-Cube-Storage-Shipping-Container9.webp?v=1785265259",in stock,3735.00 EUR,,MODULUXE GMBH,,40ft-high-cube-storage-shipping-container-conex-w-4-offene-seitentur-9-5-gross,new,Seecontainer
40ft-hoher-wurfel-verschiffen-behalter-mit-4-roll-up-turen,40ft hoher Würfel-Verschiffen-Behälter mit 4 Roll-Up-Türen,"40ft hoher Würfel-Verschiffen-Container mit 4 Roll-up-Türen Hauptmerkmale:
- 
4 Heavy-Duty Roll-Up Türen 
Ermöglichen Sie den Seitenzugriff an mehreren Punkten – ideal für segmentierte Speicher- oder häufige Eingabeanforderungen. Jede Tür verfügt über ein sicheres Verriegelungssystem für einen verbesserten Schutz.
- 
Hohes Würfel-Design (9’6′′ Höhe) 
Ein Fuß höher als Standardcontainer, die zusätzlichen vertikalen Platz für hohe oder sperrige Gegenstände bieten.
- 
Wetterfester & Korrosionsbeständiger Cortenstahl 
Entwickelt, um rauen Umgebungen standzuhalten und eine langlebige Haltbarkeit und strukturelle Integrität zu bieten.
- 
Marine-Grad Sperrholz oder Stahl Checker Plattenboden 
Entwickelt, um schwere Lasten und robusten Einsatz in industriellen und Outdoor-Umgebungen zu bewältigen.
- 
Passives Lüftungssystem 
Integrierte Belüftungsöffnungen reduzieren Feuchtigkeit und Kondensation und schützen den Inhalt vor Feuchtigkeitsschäden.  
Der 40ft High Cube Shipping Container mit 4 Roll-Up-Türen ist eine Premium-, Hochleistungslager- und Transportlösung, die für maximale Kapazität und Bequemlichkeit entwickelt wurde. Hergestellt aus langlebigem Cortenstahl und mit einem High Cube-Design, das einen zusätzlichen Fuß in der Innenhöhe bietet, ist dieser Behälter ideal für die Aufbewahrung von übergroßer Ausrüstung, hohem Inventar und Schüttgütern.
Mit vier integrierten Rolltüren auf einer Seite bietet dieser Container einen Mehrpunktzugang für eine verbesserte Organisation, schnelleres Be- und Entladen und optimierte betriebliche Effizienz. Jede Rolltür arbeitet reibungslos und sicher, wodurch diese Einheit besonders für industrielle, kommerzielle, landwirtschaftliche und logistische Umgebungen geeignet ist, in denen Flexibilität und Zugang von entscheidender Bedeutung sind.
Hauptmerkmale:
- 
4 Heavy-Duty Roll-Up Türen 
Ermöglichen Sie den Seitenzugriff an mehreren Punkten – ideal für segmentierte Speicher- oder häufige Eingabeanforderungen. Jede Tür verfügt über ein sicheres Verriegelungssystem für einen verbesserten Schutz.
- 
Hohes Würfel-Design (9’6′′ Höhe) 
Ein Fuß höher als Standardcontainer, die zusätzlichen vertikalen Platz für hohe oder sperrige Gegenstände bieten.
- 
Wetterfester & Korrosionsbeständiger Cortenstahl 
Entwickelt, um rauen Umgebungen standzuhalten und eine langlebige Haltbarkeit und strukturelle Integrität zu bieten.
- 
Marine-Grad Sperrholz oder Stahl Checker Plattenboden 
Entwickelt, um schwere Lasten und robusten Einsatz in industriellen und Outdoor-Umgebungen zu bewältigen.
- 
Passives Lüftungssystem 
Integrierte Belüftungsöffnungen reduzieren Feuchtigkeit und Kondensation und schützen den Inhalt vor Feuchtigkeitsschäden.
- 
Mehrere Außen-Finish-Optionen 
Bemalt mit industrietauglichen Beschichtungen in Standardbehälterfarben (z.B. Blau, Grün, Grau) für Langzeitschutz und professionelles Erscheinungsbild.
Produktspezifikationen – 40ft High Cube Shipping Container Mit 4 Roll-Up Türen
Kategorie
Details
Produktname
40ft hoher Würfel-Verschiffen-Container mit 4 Roll-Up-Türen
Behältertyp
Hoher Würfel (Extrahöhe)
Material
Corten Stahl (korrosionsbeständig, wetterfest)
Außenabschluss
Industriell-Grad-Farbe (Standardfarben: Blau, Grün, Grau, etc.)
Anzahl der Türen
4 Aufrolltüren aus Stahl
Türtyp
Seitlich montierte, robuste Rollladentüren mit sicherem Verriegelungssystem
Belüftung
Passive Luftentlüftungen (Feuchtigkeits- und Kondensationssteuerung)
Bodenbelagsoptionen
Marine-Grade Sperrholz oder Stahl Checker Plate
Abmessungen (Ungefähr)
Dimension
Messung (Imperial)
Messung (Metrisch)
Außenlänge
40 ft
12,19 m
Außenbreite
8 ft
2,44 m
Außenhöhe
9 ft 6 in
2,89 m
Interne Länge
39 ft 5 in
12,03 m
Innenbreite
7 ft 8 in
2,34 m
Innenhöhe
8 ft 10 in
2,69 m
Internes Volumen
~2.700 cu. ft
~76.45 m3
Gewicht
Typ
Gewicht (Ungefähr)
Taragewicht
4.000–4.300 kg
8.818–9.480 lbs
Anwendungen:
- Lagerhaltung & Lagerhaltung
- Mobile Workshops oder Werkzeugspeicher
- Landwirtschaftliche Ausrüstung & Futterspeicher
- Baulager vor Ort
- Logistik- und Distributionszentren
- Fahrzeug- und Maschinenlagerung",https://modu-luxe-gmbh.de/products/40ft-hoher-wurfel-verschiffen-behalter-mit-4-roll-up-turen,https://modu-luxe-gmbh.de/cdn/shop/files/40ft-High-Cube-Shipping-Container-With-4-Roll-Up-Doors-600x600.jpg?v=1785265510,"https://modu-luxe-gmbh.de/cdn/shop/files/40ft-High-Cube-Shipping-Container-With-4-Roll-Up-Doors2-600x600.jpg?v=1785265510, https://modu-luxe-gmbh.de/cdn/shop/files/40ft-High-Cube-Shipping-Container-With-4-Roll-Up-Doors1-600x600.jpg?v=1785265510",in stock,3835.00 EUR,,MODULUXE GMBH,,40ft-hoher-wurfel-verschiffen-behalter-mit-4-roll-up-turen,new,Container
40ft-luxus-gute-qualitat-prefab-moderne-container-home,40ft Luxus Gute Qualität Prefab Moderne Container Home,"Entdecken Sie die Freiheit des Fertighauses mit unserem geräumigen und anpassbaren 40ft Luxus Good Quality Fertighaus Modern Container Home. Entworfen mit einer zeitgenössischen Ästhetik und für Komfort gefertigt, bietet diese einbaufertige Einheit die perfekte Balance zwischen Haltbarkeit und modernem Design. Egal, ob Sie eine stilvolle Villa bauen, ein Büro schaffen oder einen Boutique-Retreat einrichten, dieses Containerhaus bietet die Vielseitigkeit, um sich mit Ihrer Vision zu entwickeln. 
Mit seinem soliden Stahlrahmen, den leistungsstarken Isolierungsoptionen und dem schnellen Montagedesign ist es eine intelligente Lösung für umweltbewusste Hausbesitzer, Entwickler und zukunftsorientierte Unternehmer gleichermaßen. Ob als Daueraufenthalt oder als tragbares Büro, es ist ein Beweis dafür, dass großartige Dinge in effizienten Paketen enthalten sind.
Technische Spezifikationen
Flexible Anwendungen
• Privatwohnung oder Gästehaus 
• Boutique-Hotel-Einheit oder Hospitality-Suite 
• Remote-Büro- oder Gewerbe-Einzelhandelskabine 
• Dusch-/WC oder Wachhaus 
• Vorübergehende Unterkunft oder mobile Pflanzenbetreuung
Warum Dieses Modell Wählen?
• Bereit zum Anpassen: Passen Sie die Anordnung, Materialien und Armaturen auf Ihre Vision an 
• Schnelle Einrichtung: Präzisions-Vorfertigungsplatten und Stahlrahmen für effiziente Bauzeit 
• Umweltbewusst: Recycelbare Struktur, energiesparende Isolationsmöglichkeiten 
• Gebaut für die Ewigkeit: Industrielle Konstruktion mit minimalem Wartungsbedarf",https://modu-luxe-gmbh.de/products/40ft-luxus-gute-qualitat-prefab-moderne-container-home,https://modu-luxe-gmbh.de/cdn/shop/files/40ft-Luxury-Good-Quality-Prefab-Modern-Container-Home.jpg?v=1785264997,"https://modu-luxe-gmbh.de/cdn/shop/files/40ft-Luxury-Good-Quality-Prefab-Modern-Container-Home1-600x446.jpg?v=1785264994, https://modu-luxe-gmbh.de/cdn/shop/files/40ft-Luxury-Good-Quality-Prefab-Modern-Container-Home2-600x448.jpg?v=1785264995, https://modu-luxe-gmbh.de/cdn/shop/files/40ft-Luxury-Good-Quality-Prefab-Modern-Container-Home3-600x447.jpg?v=1785264995",in stock,4549.00 EUR,,MODULUXE GMBH,,40ft-luxus-gute-qualitat-prefab-moderne-container-home,new,Wohncontainer
40ft-x-8ft-versandbehalter-mit-roll-up-tur,40ft X 8ft Versandbehälter Mit Roll-Up-Tür,"Massive 40ft x 8ft Innenraum - Ideal für große Lager, Einzelhandel, Büro oder Werkstatt 
Full-Width Roll-Up-Tür — Einfacher, ungehinderter Zugang für Waren, Werkzeuge oder Kundeneintritt 
Schwerlast-Cortenstahlbau — Industriestandard-Material für Festigkeit und Korrosionsbeständigkeit 
Flexible Nutzungsoptionen – Konvertieren Sie in Lagerung, Geschäft, Büro, Studio, mobile Lebensmittelständer oder Veranstaltungsstand 
Wetterbeständig und sicher — Gummitürdichtungen zum Schutz vor Wasser, Wind und Staub 
Abschließbare Roll-Up-Tür-Design — Vorhängeschloss-bereit für zusätzliche Sicherheit 
Erhältlich zum Aktionspreis — Qualität zu erschwinglichen Kosten  
Der 40ft x 8ft Shipping Container mit Roll-Up-Tür bietet eine außergewöhnliche Lager- und Arbeitsplatzlösung für kommerzielle, industrielle und persönliche Bedürfnisse. Dieser Container wurde für die Flexibilität entwickelt und kann als sicherer Lagerraum, Pop-up-Einzelhandelseinheit, mobile Werkstatt, temporäres Büro oder sogar als Veranstaltungsraum dienen. Seine hochbreite Rolltür sorgt für einen reibungslosen, einfachen Zugang und ermöglicht eine effiziente Be- und Entladung oder Kundeninteraktion.
Hergestellt aus hochwertigem Cortenstahl, ist dieses Gerät wind- und wasserdicht und garantiert einen langfristigen Schutz Ihrer Waren und Ausrüstung. Professionell überholt und mit strapazierfähiger, korrosionsbeständiger Farbe beschichtet, bietet es eine saubere, moderne Optik, während es den Elementen standhält.
40ft X 8ft Versandbehälter Mit Roll-Up-Türschlüssel Eigenschaften:
Massive 40ft x 8ft Innenraum - Ideal für große Lager, Einzelhandel, Büro oder Werkstatt 
Full-Width Roll-Up-Tür — Einfacher, ungehinderter Zugang für Waren, Werkzeuge oder Kundeneintritt 
Schwerlast-Cortenstahlbau — Industriestandard-Material für Festigkeit und Korrosionsbeständigkeit 
Flexible Nutzungsoptionen – Konvertieren Sie in Lagerung, Geschäft, Büro, Studio, mobile Lebensmittelständer oder Veranstaltungsstand 
Wetterbeständig und sicher — Gummitürdichtungen zum Schutz vor Wasser, Wind und Staub 
Abschließbare Roll-Up-Tür-Design — Vorhängeschloss-bereit für zusätzliche Sicherheit 
Erhältlich zum Aktionspreis — Qualität zu erschwinglichen Kosten
Spezifikationen:
Spezifikation
Details
Außenlänge
40 ft (12.192 m)
Außenbreite
8 ft (2.438 m)
Außenhöhe
8 ft 6 in. (2.591 m)
Innenlänge
39 ft 5 in. (12,017 m)
Innenbreite
7 ft 8 1/2 Zoll. (2.352 m)
Innenhöhe
7 ft 10 1/8 in. (2,39 m)
Taragewicht
Ca. 8.000 lbs (3.629 kg)
Türtyp
Abschließbare Volle Rolltür
Türöffnungsbreite
7 ft 8 1/8 in. (2,34 m)
Türöffnungshöhe
7 ft 5 3/4 in. (2.28 m)
Bauwesen
Überholter Cortenstahl (korrosionsbeständig)
Bodenbelag
1.1 in. (28 mm) Marine-Grad Sperrholz
Wetter Siegel
Hochwertige Gummitürdichtungen
Wetterbeständigkeit
Wind & wasserdicht
Malen
RAL 1015 Light Beige oder benutzerdefinierte Farboptionen
Vielseitige Anwendungen:
- 
Gewerbliche Lagereinheit — Lagern Sie Massengüter, saisonales Inventar oder Ausrüstung sicher
- 
Pop-Up Retail Space — Perfekt für mobile Geschäfte, Boutiquen oder Messestände
- 
Workshop-Raum — Umwandlung in eine Werkstatt für Schreinerei, Metallarbeiten oder Handwerk
- 
Temporäres oder mobiles Büro — Verwenden Sie als Standortbüro oder tragbaren Arbeitsbereich
- 
Veranstaltungsort — Erstellen Sie einzigartige Umgebungen für Ausstellungen, Veranstaltungen oder Gemeindeversammlungen
- 
Mobile Food- oder Getränke-Kiosk – Bauen Sie Ihren Food Truck oder Ihre Straßenküche von dieser geräumigen Basis aus
Zusätzliche Informationen:
- 
Vorhängeschloss-fertige Roll-Up-Tür: Gewährleistet eine sichere Aufbewahrung bei gleichzeitig mühelosem Zugriff
- 
Ideal für permanente oder temporäre Installationen: Anpassungsfähig für den kurzfristigen oder langfristigen Einsatz
- 
Wind & Watertight: Bietet zuverlässigen Schutz bei verschiedenen Wetterbedingungen
- 
Stapelbare Konstruktion: Optionales Stapeln je nach baulichen Erfordernissen
- 
Professionell renoviert: Gereinigt, grundiert, lackiert und versiegelt für lange Lebensdauer",https://modu-luxe-gmbh.de/products/40ft-x-8ft-versandbehalter-mit-roll-up-tur,https://modu-luxe-gmbh.de/cdn/shop/files/40ft-X-8ft-Shipping-Container-With-Roll-Up-Door.jpg?v=1785264778,"https://modu-luxe-gmbh.de/cdn/shop/files/40ft-X-8ft-Shipping-Container-With-Roll-Up-Door1.jpg?v=1785264778, https://modu-luxe-gmbh.de/cdn/shop/files/40ft-X-8ft-Shipping-Container-With-Roll-Up-Door2-600x775.jpg?v=1785264776, https://modu-luxe-gmbh.de/cdn/shop/files/40ft-X-8ft-Shipping-Container-With-Roll-Up-Door3-600x751.jpg?v=1785264776, https://modu-luxe-gmbh.de/cdn/shop/files/40ft-X-8ft-Shipping-Container-With-Roll-Up-Door4-600x773.jpg?v=1785264776, https://modu-luxe-gmbh.de/cdn/shop/files/40ft-X-8ft-Shipping-Container-With-Roll-Up-Door5-600x788.jpg?v=1785264776",in stock,3349.00 EUR,,MODULUXE GMBH,,40ft-x-8ft-versandbehalter-mit-roll-up-tur,new,Seecontainer
4x2m-sanitarcontainer-doppel-wc-mit-dusche,4x2M SANITÄRCONTAINER DOPPEL-WC MIT DUSCHE,"Unser Sanitärcontainer mit den Maßen 4 x 2 m erfüllt höchste Hygieneanforderungen auf Baustellen, bei Veranstaltungen oder in anderen Umgebungen, in denen eigenständige Sanitäranlagen benötigt werden. Er ist die ideale Lösung.
Ein funktionaler und gut ausgestatteter Raum
Mit einer Grundfläche von 8 m² bietet dieser modulare Container großzügigen und voll ausgestatteten Platz. Er beinhaltet:
Zwei unabhängige Toiletten : Ausgestattet mit Keramiktoiletten, effizienten Toiletten und Toilettenpapierspendern garantieren sie optimalen Benutzerkomfort.
Zwei geräumige Duschen : Ausgestattet mit Thermostatmischern, Hochdruckbrausen und langlebigen Wannen ermöglichen sie Ihnen eine Erfrischung bei absoluter Hygiene.
Ein effektives Belüftungssystem : Sorgen Sie für eine gute Belüftung und beseitigen Sie unangenehme Gerüche.
Leistungsstarke Beleuchtung : sorgt auch außerhalb der Saison für optimales Licht im Container.
Wärme- und Schalldämmung : für optimalen Komfort zu jeder Jahreszeit.
Robuste und langlebige Konstruktion
Unser Sanitärcontainer ist aus hochwertigen Materialien gefertigt und für härteste Bedingungen ausgelegt. Seine verzinkte Stahlkonstruktion verleiht ihm kompromisslose Stabilität, während die isolierten Sandwichpaneele eine hervorragende Haltbarkeit garantieren.
Schnelle und einfache Installation
Der Sanitärcontainer wird betriebsbereit geliefert. Schließen Sie ihn einfach an das Wasser- und Stromnetz an und schon ist er einsatzbereit. Sein modularer Aufbau ermöglicht eine schnelle und einfache Installation, selbst auf kleinstem Raum.
Die Vorteile unseres Sanitärcontainers:
Vollständige Autonomie : kein Anschluss an Wassernetze erforderlich.
Einfache Pflege : Die Oberflächen sind glatt und leicht zu reinigen.
Modularität : Möglichkeit, die Inneneinrichtung Ihren Bedürfnissen entsprechend anzupassen.
Ästhetik : ein modernes und raffiniertes Design, das sich harmonisch in jede Umgebung einfügt.
Respektieren Sie die Umwelt : Die verwendeten Materialien sind recycelbar und die Geräte sind so konzipiert, dass die Umweltbelastung minimiert wird.
Weitere Informationen
- Doppelkabinentoilette 4x2 Meter mit Duschen
- Sandwichprofil mit Wärmedämmung für geringen Energieverlust
- Außentür aus verzinktem Hörmann Stahlblech
- Komplette Elektroinstallation nach EG-Richtlinien
- 230 V Steckdosen
- Deckenleuchten
- Durchlauferhitzer 2x 11KW/380V
- PVC-Boden: Strapazierfähig und schnell zu reinigen
- Elektrischer Wandheizkörper
- Urin",https://modu-luxe-gmbh.de/products/4x2m-sanitarcontainer-doppel-wc-mit-dusche,https://modu-luxe-gmbh.de/cdn/shop/files/rn-image_picker_lib_temp_8a147c19-757a-4e44-befa-3d760d1861a5.png?v=1777562089,"https://modu-luxe-gmbh.de/cdn/shop/files/rn-image_picker_lib_temp_2c23de09-8d80-4cf4-9596-fa157b1e3704.png?v=1777562089, https://modu-luxe-gmbh.de/cdn/shop/files/rn-image_picker_lib_temp_ec739287-3ce9-4d0b-a135-8970a5044705.png?v=1777562089, https://modu-luxe-gmbh.de/cdn/shop/files/rn-image_picker_lib_temp_893294c0-0f01-4875-a774-8cad857539f1.png?v=1777562089, https://modu-luxe-gmbh.de/cdn/shop/files/rn-image_picker_lib_temp_4acd066c-7afc-4af6-848e-c9eca7dd7767.png?v=1777562089, https://modu-luxe-gmbh.de/cdn/shop/files/rn-image_picker_lib_temp_96e9739a-d9f5-4ba0-b4b0-ff46541c862d.png?v=1777562089, https://modu-luxe-gmbh.de/cdn/shop/files/rn-image_picker_lib_temp_aa0cad2f-8d94-411d-b79b-31c7848723db.png?v=1777562089",in stock,2200.00 EUR,,MODULUXE GMBH,,4x2m-sanitarcontainer-doppel-wc-mit-dusche,new,Sanitärcontainer
5x2-20-schreibtischcontainer-mit-toilette,"5x2,20 Schreibtischcontainer mit Toilette","Entdecken Sie unseren 5x2,20 Bürocontainer – die perfekte Lösung für Mobilität und Komfort an Ihrem Arbeitsplatz. Dieser modulare Container wurde speziell für mobile Mitarbeiter oder Personen entwickelt, die zusätzlichen Arbeitsraum benötigen. Er bietet eine angenehme und funktionale Arbeitsumgebung.
Ein maßgeschneiderter Arbeitsplatz
Unser 5x2,20-Bürocontainer lässt sich an Ihre spezifischen Bedürfnisse anpassen und bietet zahlreiche Optionen:
Innenarchitektur: Schreibtische, Stauraum, Schränke usw.
Ausstattung: Strom, Heizung, Klimaanlage, Beleuchtung...
Isolierung: Thermisch und akustisch für optimalen Komfort
Oberflächen: Wand- und Bodenbeläge zur Auswahl
Die Vorteile unseres Bürocontainers:
Mobilität: Einfach zu transportieren und zu installieren
Geschwindigkeit: Schnellstart
Haltbarkeit: Robuste und langlebige Konstruktion
Economy: Wirtschaftliche und flexible Lösung
Ästhetik: Modernes und anpassbares Design
Bürocontainer 5x2,20 Meter, 2,62 Meter hoch mit WC.
– Sandwichpaneele Wände und Deckendämmung 7,5 cm.
– Waschbecken mit Unterschrank
– Urinale
– 3 Fenster
– Sandwichprofil mit Wärmedämmung für geringen Energieverlust
– Wärmegedämmte Eingangstür (Doppelverglasung)
– Komplette Elektroinstallation mit Steckdosen und LED-Deckenleuchte
– Laminat- und PVC-Bodenbelag im Badezimmer – robust und schnell zu reinigen
– Isolierter Boden und Decke
– Elektrischer Wandheizkörper
– Ösen für Kranentladung und Gabelstaplerführung an der Unterseite
– Konstruktion mit einem robusten, geschweißten, selbsttragenden Stahlrahmen.",https://modu-luxe-gmbh.de/products/5x2-20-schreibtischcontainer-mit-toilette,https://modu-luxe-gmbh.de/cdn/shop/files/rn-image_picker_lib_temp_966e3377-2a0f-4006-9cb3-9d966e558510.jpg?v=1777562086,"https://modu-luxe-gmbh.de/cdn/shop/files/rn-image_picker_lib_temp_b9ef3be8-a5aa-4ee4-9329-67a1caab37f5.jpg?v=1777562086, https://modu-luxe-gmbh.de/cdn/shop/files/rn-image_picker_lib_temp_ca82bb24-a4ae-4db1-9157-7facbb39fb85.jpg?v=1777562086, https://modu-luxe-gmbh.de/cdn/shop/files/rn-image_picker_lib_temp_cf2aff86-e4c6-461e-8b69-4487c4c17cb8.jpg?v=1777562086, https://modu-luxe-gmbh.de/cdn/shop/files/rn-image_picker_lib_temp_3d323f60-8b04-4441-9b0c-ab81c60d16f0.jpg?v=1777562086, https://modu-luxe-gmbh.de/cdn/shop/files/rn-image_picker_lib_temp_b45ad5b0-7e13-4c23-ad73-77ac694f88a2.jpg?v=1777562086, https://modu-luxe-gmbh.de/cdn/shop/files/rn-image_picker_lib_temp_2ee16c45-b50b-422d-861e-5dc2eb1b6f76.jpg?v=1777562086",in stock,3055.00 EUR,,MODULUXE GMBH,,5x2-20-schreibtischcontainer-mit-toilette,new,Sanitärcontainer
6x3-burocontainer,6x3 Bürocontainer,"AUSRÜSTUNG :
1x Außentür 875 x 2.000mm, Profilzylinderschloss
inkl. 3 Schlüssel.
1x D/K Fenster 2.050 x 1.240mm Isoglas / Rollo
2x Fenster D/K 900 x 1.200mm Isoglas / Rollo
1x Elektroinstallation bestehend aus:
1x Ein-/Ausschalter, Steckdosen,
2x Linearleuchten 2x 58 Watt,
1x Elektroheizung 2,0kW,
1x Sicherungskasten mit FI-Schalter,
2x CEE 32A-5 poliger Außenstecker,
Mineralwolledämmung
Boden und Decke jeweils 100mm / Wände 160mm
Innenfutter in grau-weiß,
22 mm Zementbodenplatte
PVC-Bodenbelag in Grau
ABMESSUNGEN
L 6.055 x B 2.990 x 2.500mm-Innenhöhe-
Außenhöhe: 2.890 mm",https://modu-luxe-gmbh.de/products/6x3-burocontainer,https://modu-luxe-gmbh.de/cdn/shop/files/rn-image_picker_lib_temp_e2e5f10b-068d-481f-9fb5-b22d4ced8b75.jpg?v=1777562081,"https://modu-luxe-gmbh.de/cdn/shop/files/rn-image_picker_lib_temp_cf6b60ff-1860-4ed8-961e-febb654a62fe.jpg?v=1777562081, https://modu-luxe-gmbh.de/cdn/shop/files/rn-image_picker_lib_temp_810fe1f1-4ec1-49c2-86cf-e764d701d930.jpg?v=1777562081, https://modu-luxe-gmbh.de/cdn/shop/files/rn-image_picker_lib_temp_ee78c5e0-940b-4684-a758-fd83c05d3d54.jpg?v=1777562081, https://modu-luxe-gmbh.de/cdn/shop/files/rn-image_picker_lib_temp_bb023b30-4b38-4fae-b924-25bd83491cb7.jpg?v=1777562080, https://modu-luxe-gmbh.de/cdn/shop/files/rn-image_picker_lib_temp_66fc2c67-87a8-4ed9-b749-53d441dedae2.jpg?v=1777562081",in stock,2690.85 EUR,,MODULUXE GMBH,,6x3-burocontainer,new,Bürocontainer
7ft-x-7ft-versandbehalter-buro-tragbares-gebaude-anti-vandal-gebaude,7Ft x 7Ft Versandbehälter Büro | Tragbares Gebäude | Anti-Vandal Gebäude,"7Ft x 7Ft Versand Container Office Optionale Add-ons
- Klimaanlage oder Heizungsanlage
- Eingebauter Schreibtisch und Regale
- Solarbetriebener Beleuchtungssatz
- Wi-Fi-Router-Installation
- Außenbranding oder Vinyl-Wrap   
Steigen Sie mit unserem 7Ft x 7Ft Shipping Container Office, einem tragbaren Plug-and-Play-Arbeitsbereich für Profis, die unterwegs in die Produktivität einsteigen. Egal, ob Sie Baustellen verwalten, Live-Events koordinieren oder ein anpassbares Remote-Büro benötigen, diese kompakte Einheit bietet die Privatsphäre, Sicherheit und den Komfort eines traditionellen Büros in einem verdichteten, transportablen Format.
Dieser Container wurde mit einem Anti-Vandalen-Stahlrahmen, isolierten Wänden und einem stilvollen, modernen Finish gebaut und sorgt dafür, dass Ihr Arbeitsplatz geschützt, belüftet und einladend bleibt. Ausgestattet mit elektrischer Verkabelung, LED-Beleuchtung und anpassbaren Layout-Optionen, ist alles, was Sie in einem robusten, verlagerbaren Fußabdruck benötigen.
Schlüsselspezifikationen
Kategorie
Details
Außenmaße
7 ft (L) × 7 ft (W) × 8,5 ft (H) (ca. 2134 × 2134 × 2590mm)
Innenraum
Offenes Layout, ideal für Schreibtisch, Stuhl und Ausrüstung
Struktur
Galvanisierter Stahlrahmen mit Anti-Vandal-Verkleidung
Isolierung
Polyurethan- oder Steinwolle (optionales Klima-Upgrade)
Türen
Sichere Stahltür mit Mehrpunktverriegelung
Windows
Doppelverglaste Schiebe- oder Kipp- und Drehfenster mit abschließbaren Rollläden
Belüftung
Manueller Dachentlüftungsschlitz oder optionaler mechanischer Absauger
Bodenbelag
Heavy-Duty Vinyl oder Sperrholz mit wasserdichtem Finish
Innenausstattung
Bemalter weißer Stahl oder isolierte Platten
Elektrische Einrichtung
Integrierte Beleuchtung, Steckdosen, Schalterbox & Schalttafel
Farboptionen
Standardgraue oder benutzerdefinierte Farben auf Anfrage erhältlich
Mobilität
Gabelstaplertaschen + kranfertige Hubpunkte
Öko-Vorteil
Upcycling-Behälter mit abgeschwächtem Herstellungsprozess
Ideal Für:
- Bauleiter & Bauleiter
- Werkzeug-Check-in/-out-Stationen
- Event-Koordinationsstände
- Remote-Kundenservice-Stationen
- Campingplätze, Wachstationen oder Sicherheitskioske
Optionale Add-ons
- Klimaanlage oder Heizungsanlage
- Eingebauter Schreibtisch und Regale
- Solarbetriebener Beleuchtungssatz
- Wi-Fi-Router-Installation
- Außenbranding oder Vinyl-Wrap",https://modu-luxe-gmbh.de/products/7ft-x-7ft-versandbehalter-buro-tragbares-gebaude-anti-vandal-gebaude,https://modu-luxe-gmbh.de/cdn/shop/files/7x7ft-Shipping-Container-Office-Portable-Building-Anti-Vandal-Building-9-600x600.jpg?v=1785264213,"https://modu-luxe-gmbh.de/cdn/shop/files/7x7ft-Shipping-Container-Office-Portable-Building-Anti-Vandal-Building-2.jpg?v=1785264215, https://modu-luxe-gmbh.de/cdn/shop/files/7x7ft-Shipping-Container-Office-Portable-Building-Anti-Vandal-Building-3-600x600.jpg?v=1785264214, https://modu-luxe-gmbh.de/cdn/shop/files/7x7ft-Shipping-Container-Office-Portable-Building-Anti-Vandal-Building-5-600x600.jpg?v=1785264214, https://modu-luxe-gmbh.de/cdn/shop/files/7x7ft-Shipping-Container-Office-Portable-Building-Anti-Vandal-Building-6-600x600.jpg?v=1785264214, https://modu-luxe-gmbh.de/cdn/shop/files/7x7ft-Shipping-Container-Office-Portable-Building-Anti-Vandal-Building-7-600x600.jpg?v=1785264214, https://modu-luxe-gmbh.de/cdn/shop/files/7x7ft-Shipping-Container-Office-Portable-Building-Anti-Vandal-Building-12-600x600.jpg?v=1785264214",in stock,2689.00 EUR,,MODULUXE GMBH,,7ft-x-7ft-versandbehalter-buro-tragbares-gebaude-anti-vandal-gebaude,new,Bürocontainer
8ft-one-trip-versandcontainer-grun,8Ft x 10Ft One Trip Versandcontainer (Grün),"8Ft One Trip Shipping Container (Grün) FUNKTIONEN
- NEU – Nur eine Reise
- Alle Cor-Ten Stahlkonstruktion
- Außenklappbare Doppeltüren am Ende
- Eine Verriegelungsstange an jeder Tür
- Werkseitig eingebauter Schließkasten
- 2 x Gabelstaplertaschen
- 28mm Marine Sperrholzboden auf Stahlkreuzgliedern
- Min 2 Vents pro Behälter    Die 8ft One Trip Versandbehälter (Grün) ist ein Kompakte, hochsichere Lagereinheit nach vollständigen ISO-Standards gebaut. Nachdem dieser Container nur eine einzige Reise von der Herstellung absolviert hat, wird dieser Container berücksichtigt „Eine Reise“ (fast neu) und bietet einen ausgezeichneten Zustand mit minimalem Verschleiß. Ideal für Standorte mit begrenztem Platz, diese Einheit bietet langlebige, wetterfeste Lagerung für Werkzeuge, Ausrüstung und Materialien in einer Vielzahl von Branchen.
Hauptmerkmale
- 
One Trip Condition (Gefällt mir neu) – Minimaler Einsatz für maximale Lebensdauer
- 
Alle Cor-Ten Stahlkonstruktion – Starke, korrosionsbeständige Konstruktion
- 
Kompakte 8ft Größe – Perfekt für enge Räume und einfache Positionierung
- 
Doppelte Flügeltüren – Ausfüllender Zugang zum Be- und Entladen
- 
Lockbox als Standard montiert – Verbesserte Sicherheit für Vorhängeschlossschutz
- 
Sicherungsstangen an jeder Tür – Sicheres Verschlusssystem
- 
Gabelstapler Taschen (x2) – Einfacher Transport und Umzug
- 
28mm Marine Sperrholzboden – langlebig und tragend
- 
Belüftet (Min. 2 Vents) – Reduziert Kondensation und Feuchtigkeit
Produktspezifikationen
Spezifikation
Details
Außenlänge
2,44 m
Außenbreite
2,20 m
Außenhöhe
2,26 m
Interne Länge
2,29 m
Innenbreite
2,11 m
Innenhöhe
2,06 m
Türöffnung (B x H)
2,11 m x 1,95 m
Gewicht
900 kg
Bodentyp
28mm Marine Sperrholz
Kubik-Kapazität
351 cu ft
Bauwesen
Cor-Ten Stahl
Zustand
Eine Reise (Fast Neu)
Farbe
Grün (Blue Option auch verfügbar)
Ideale Anwendungen
- Sichere Werkzeug- und Gerätelagerung
- Baustellenlager
- Garten- oder Wohnlagerung
- Einzelhandels- oder Geschäftsüberlaufspeicher
- Kleine Werkstatt- oder Umbauprojekte",https://modu-luxe-gmbh.de/products/8ft-one-trip-versandcontainer-grun,https://modu-luxe-gmbh.de/cdn/shop/files/8Ft-One-Trip-green1.jpg?v=1785268643,"https://modu-luxe-gmbh.de/cdn/shop/files/8Ft-One-Trip-green2-600x450.jpg?v=1785268642, https://modu-luxe-gmbh.de/cdn/shop/files/8Ft-One-Trip-green-600x450.jpg?v=1785268641, https://modu-luxe-gmbh.de/cdn/shop/files/8Ft-One-Trip-Shipping-Container-Green1-600x400.webp?v=1785268641, https://modu-luxe-gmbh.de/cdn/shop/files/8Ft-One-Trip-Shipping-Container-Green2.webp?v=1785268641, https://modu-luxe-gmbh.de/cdn/shop/files/8Ft-One-Trip-Shipping-Container-Green3-600x400.webp?v=1785268641",in stock,985.00 EUR,,MODULUXE GMBH,,8ft-one-trip-versandcontainer-grun,new,Container
8ft-x-10ft-versandbehalter-one-trip-blau,8Ft x 10Ft Versandbehälter One Trip Blau,"Der 8ft Shipping Container One Trip Blue ist eine kompakte, sichere Aufbewahrungslösung, die sich ideal für den privaten und gewerblichen Einsatz eignet. Hergestellt aus Cor-Ten-Stahl, ist es so gebaut, dass es rauem Wetter standhält und gleichzeitig sicher ist, dass Ihre Waren sicher bleiben. Als One-Trip-Container hat es nur einmal Fracht transportiert, was es praktisch neu, aber viel billiger macht als brandneue Einheiten. Zu den Funktionen gehören doppelte Flügeltüren, ein werkseitig montierter Schließkasten, Gabelstaplertaschen, Marine-Sperrholzböden und Belüftung, um Kondensation zu verhindern. Seine kompakte Größe macht es perfekt für platzbeschränkte Bereiche. Erhältlich in blau (auch in grün).   
Hauptmerkmale
- 
Neu – Nur eine Fahrt (nach und nach beförderte Fracht)
- 
Premium Cor-Ten Stahlkonstruktion für Langlebigkeit
- 
Außenklappbare Doppeltüren an einem Ende
- 
Eine Schließstange pro Tür für zusätzliche Sicherheit
- 
Werkseitig montierte Lockbox enthalten
- 
2 x Gabelstaplertaschen für einfache Handhabung
- 
28mm Marine Sperrholzboden mit Stahlkreuzteilen
- 
Mindestens 2 Belüftungsöffnungen zur Luftstrom- und Kondensationsreduzierung
- 
Erhältlich in blau (auch in grün erhältlich)
Vorteile
- 
Kompakte Größe macht es perfekt für begrenzte oder enge Räume
- 
Sicher und witterungsbeständig – ideal für die Aufbewahrung im Freien
- 
Kostengünstige Alternative zu brandneuen Versandcontainern
- 
Leicht zu transportieren mit Gabelstaplertaschen
- 
Geeignet für den privaten, gewerblichen oder industriellen Gebrauch
- 
Verfügbar für die Lieferung in den USA und weltweit
Typische Verwendungen
- 
Garten und Wohnlager
- 
Werkzeuge, Ausrüstung oder Baustellenlagerung
- 
Lagerung von Kleinunternehmen
- 
Saison- oder temporäre Einzelhandelslagerung
- 
Sichere Lagerung in raumgebremsten städtischen Gebieten
PRODUKTSPEZIFIKATIONEN
Außenbreite (m)
2.44
Außenhöhe (m)
2.26
Innenlänge (m)
2.29
Innenbreite (m)
2.11
Innenhöhe (m)
2.06
Türbreite (m)
2.11
Türhöhe (m)
1,95
Gewicht (kg)
900
Bodentyp
28mm Marinelage
Kubikkapazität (Kubikfuß)
351",https://modu-luxe-gmbh.de/products/8ft-x-10ft-versandbehalter-one-trip-blau,https://modu-luxe-gmbh.de/cdn/shop/files/8Ft-One-Trip-blue1.jpg?v=1785268889,"https://modu-luxe-gmbh.de/cdn/shop/files/8Ft-One-Trip-blue2-600x450.jpg?v=1785268887, https://modu-luxe-gmbh.de/cdn/shop/files/8Ft-One-Trip-blue-600x450.jpg?v=1785268888, https://modu-luxe-gmbh.de/cdn/shop/files/8Ft-Shipping-Container-One-Trip-Blue1.webp?v=1785268887, https://modu-luxe-gmbh.de/cdn/shop/files/8Ft-Shipping-Container-One-Trip-Blue2-600x400.webp?v=1785268887",in stock,1175.00 EUR,,MODULUXE GMBH,,8ft-x-10ft-versandbehalter-one-trip-blau,new,Seecontainer
burocontainer-3-00-2-44-m-sicherheits-kontrollstation,"Bürocontainer 3,00 × 2,44 m – Sicherheits- / Kontrollstation","Der Bürocontainer 3,00 × 2,44 m (7,3 m²) ist eine kompakte, moderne und funktionale Lösung – ideal als Sicherheitskabine, Wachposten, Baustellenmodul oder Zugangskontrollpunkt.Die robuste Stahlkonstruktion und die effiziente Isolierung bieten einen komfortablen und vollständig ausgestatteten Arbeitsraum für den professionellen Einsatz.
⚙️ Hauptmerkmale
Abmessungen: 3,00 × 2,44 m
Fenster:
2 Dreh-/Kippfenster (D/K)
1 Kontroll- / Servicefenster (Schalter / Ausgabe)
Elektrische Installation 230V:
Komplett installiert
Innensteckdosen
LED-Deckenbeleuchtung
Elektrischer Wandheizkörper
Boden:
PVC-Belag, strapazierfähig und leicht zu reinigen
Struktur:
Robuste Metallkonstruktion
Hebeösen integriert – geeignet für Kranentladung
Einsatzbereit:
Schnelle Installation, benötigt nur Stromanschluss
💡 Vorteile
✅ Ideal für Wachpersonal, Zugangskontrolle oder Empfang✅ Kompakt, stabil und gut isoliert✅ Integrierte LED-Beleuchtung und elektrische Heizung✅ Einfacher Transport und Positionierung per Kran",https://modu-luxe-gmbh.de/products/burocontainer-3-00-2-44-m-sicherheits-kontrollstation,https://modu-luxe-gmbh.de/cdn/shop/files/4150893601-scaled.webp?v=1777562042,"https://modu-luxe-gmbh.de/cdn/shop/files/4150897049-scaled.webp?v=1777562042, https://modu-luxe-gmbh.de/cdn/shop/files/4150896291-scaled.webp?v=1777562041, https://modu-luxe-gmbh.de/cdn/shop/files/4150897054-scaled.webp?v=1777562041",in stock,1100.00 EUR,,MODULUXE GMBH,,burocontainer-3-00-2-44-m-sicherheits-kontrollstation,new,Bürocontainer
burocontainer-3-50-2-20-ref-2351,"Bürocontainer 3,50 × 2,20 (Ref: 2351)","Produktübersicht
Neuer Bürocontainer mit den Maßen 3,50 x 2,20 m und einer Höhe von 2,70 m.
- Wände und Dach mit 7,5 cm dicken Sandwichpaneelen isoliert.
- Zwei Dreh-Kipp-Fenster (Doppelverglasung).
- Sandwichprofil mit Wärmedämmung für geringe Energieverluste.
- Außentür aus Hörmann-Stahlblech.
- Komplette Elektroinstallation gemäß CE-Richtlinien.
- 230-V-Steckdosen.
- Deckenleuchte.
- Laminatboden – robust und pflegeleicht.
- Isolierter Boden und isolierte Decke.
- Wandheizkörper (2000 W).
- Ösen für Kranverladung und Gabelstaplerführung am Boden.
- Stabiler, selbsttragender, geschweißter Stahlrahmen mit einem Gewicht von 1000 kg.
Hochwertige Materialien",https://modu-luxe-gmbh.de/products/burocontainer-3-50-2-20-ref-2351,https://modu-luxe-gmbh.de/cdn/shop/files/rn-image_picker_lib_temp_c2146a41-afbd-487c-bfa9-c6b1a456d400.webp?v=1785399096,"https://modu-luxe-gmbh.de/cdn/shop/files/rn-image_picker_lib_temp_d33fddb8-3ffa-4f6b-a5f9-0e4e2a3c530f.webp?v=1785399096, https://modu-luxe-gmbh.de/cdn/shop/files/rn-image_picker_lib_temp_0d483c1f-b034-461a-acac-48dabd38e7b1.webp?v=1785399096, https://modu-luxe-gmbh.de/cdn/shop/files/rn-image_picker_lib_temp_3f7ae2c8-581e-4333-b7bb-5317b6b7a5b4.webp?v=1785399096, https://modu-luxe-gmbh.de/cdn/shop/files/rn-image_picker_lib_temp_65bcbad7-a1de-417a-82c4-cc4b7069b46d.webp?v=1785399095, https://modu-luxe-gmbh.de/cdn/shop/files/rn-image_picker_lib_temp_976bb2d6-30ac-46bf-a2a7-22d626781ff3.webp?v=1785399096",in stock,1299.00 EUR,,MODULUXE GMBH,,burocontainer-3-50-2-20-ref-2351,new,Bürocontainer
burocontainer-4-00-m-x-2-20-m,"Bürocontainer 4,00 m x 2,20 m","Dieser kompakte Bürocontainer von 4,00 × 2,20 m bietet eine hochwertige, thermisch isolierte und sofort einsatzbereite Lösung für Baustellen, Gewerbe, Industrie und temporäre Arbeitsbereiche.
🪟 Ausstattung
2 Dreh-Kipp-Fenster (Doppelverglasung)
Sandwichpaneelprofil mit Wärmedämmung für geringe Energieverluste
Hörmann Aussen-Stahltür
Komplette Elektroinstallation gemäss CE-Richtlinien
230V-Steckdosen
Deckenleuchte
Laminatboden – robust und leicht zu reinigen
Isolierter Boden innen mit OSB-Platte
Elektrischer Wandheizer 2000W
🚚 Transport & Handhabung
Kranösen für einfache Entladung
Gabelstaplertaschen für sicheren Transport
Robuste, selbsttragende Stahlkonstruktion, vollständig verschweisst",https://modu-luxe-gmbh.de/products/burocontainer-4-00-m-x-2-20-m,https://modu-luxe-gmbh.de/cdn/shop/files/IMG0289437.webp?v=1777562042,"https://modu-luxe-gmbh.de/cdn/shop/files/IMG0289439.webp?v=1777562042, https://modu-luxe-gmbh.de/cdn/shop/files/IMG0289438.webp?v=1777562041, https://modu-luxe-gmbh.de/cdn/shop/files/IMG0289443.webp?v=1777562041, https://modu-luxe-gmbh.de/cdn/shop/files/IMG0289442.webp?v=1777562041, https://modu-luxe-gmbh.de/cdn/shop/files/IMG0289441.webp?v=1777562042, https://modu-luxe-gmbh.de/cdn/shop/files/IMG0289440.webp?v=1777562041",in stock,1750.00 EUR,,MODULUXE GMBH,,burocontainer-4-00-m-x-2-20-m,new,Bürocontainer
burocontainer-5-2-4-m-vorgefertigtes-modul-mit-isolierung,"Bürocontainer 5×2,4 m – Vorgefertigtes Modul mit Isolierung","Dieser 5×2,4 m Bürocontainer (12 m²) bietet eine praktische, moderne und vollständig ausgestattete Lösung als mobiles Büro, Baustellenmodul oder Kontrollpunkt.Hergestellt aus langlebigen Materialien und isolierten Sandwichpaneelen garantiert er Komfort, Wärmedämmung und eine lange Lebensdauer.
⚙️ Technische Merkmale
Aussenmasse: 5,00 × 2,40 × 2,62 m(Gesamthöhe mit Kranösen ca. 2,70 m)
Struktur: Verstärkter Stahl mit Hebeösen und Gabelstapleröffnungen
Wände & Dach: Sandwichpaneele mit Wärme- und Schalldämmung
Boden: Robuster, leicht zu reinigender Laminatboden
Aussentür: Stahltür mit Sicherheitsschloss
Fenster: 2 Stück, Doppelverglasung (D/K) mit Metallrahmen
🔌 Elektrische Installation 230V
Steckdosen
LED-Deckenbeleuchtung
Elektrischer Wandheizer
🎨 Verfügbare Farben
RAL 7016 – Anthrazitgrau
💡 Vorteile
✅ Sofort einsatzbereit, keine Bauarbeiten nötig✅ Hervorragende Isolierung und hoher Komfort✅ Ideal für Baustellen, temporäre Büros, Events oder Industrieflächen✅ Robuste Struktur mit Hebepunkten für einfachen Transport",https://modu-luxe-gmbh.de/products/burocontainer-5-2-4-m-vorgefertigtes-modul-mit-isolierung,https://modu-luxe-gmbh.de/cdn/shop/files/4209516271.webp?v=1777562044,"https://modu-luxe-gmbh.de/cdn/shop/files/4209516283.webp?v=1777562044, https://modu-luxe-gmbh.de/cdn/shop/files/4209516276.webp?v=1777562043, https://modu-luxe-gmbh.de/cdn/shop/files/4209515767.webp?v=1777562043, https://modu-luxe-gmbh.de/cdn/shop/files/4209515777.webp?v=1777562043",in stock,2300.00 EUR,,MODULUXE GMBH,,burocontainer-5-2-4-m-vorgefertigtes-modul-mit-isolierung,new,Bürocontainer
burocontainer-6-x-2-40-holzfarbe,"BÜROCONTAINER 6 X 2,40 HOLZFARBE","Bieten Sie Ihrem Unternehmen oder Ihrer Selbstständigkeit mit unserem 6 x 2,40 m großen Bürocontainer einen individuellen und mobilen Arbeitsplatz. Dieses großzügig bemessene Modell erfüllt alle funktionalen und ästhetischen Ansprüche.
Holzfassade: eine natürliche und warme Optik
Die Außenverkleidung in Holzoptik verleiht Ihrem Container einen Hauch von Modernität und Natürlichkeit. Die wetterbeständige Oberfläche fügt sich harmonisch in jede Umgebung ein, egal ob urban oder Outdoor.
Die Vorteile unseres Bürocontainers:
Mobilität:Dank der entsprechenden Ausrüstung sind unsere Container leicht zu bewegen und können überall dort aufgestellt werden, wo Sie möchten.
Wärme- und Schalldämmung:Genießen Sie optimalen Komfort dank der leistungsstarken Isolierung, die Sie vor Temperaturschwankungen und Lärmbelästigung schützt.
Haltbarkeit:Unser Container ist aus hochwertigen Materialien gefertigt und auf eine lange Lebensdauer ausgelegt.
Details
- Designer-Bürocontainer aus Holz mit den Maßen 6 x 2,40 Meter und 2,70 Meter Höhe.
- Sandwichpaneele für Wände und Dächer, 7,5 cm Dämmung
- Drehkippfenster (Doppelverglasung)
- Sandwichprofil mit Wärmedämmung für geringen Energieverlust
- Hörmann Stahlblech-Außentür
- Komplette Elektroinstallation nach EG-Richtlinien
- 230 V Steckdosen
- 2 Deckenleuchten
- Laminatboden: robust und schnell zu reinigen
- Isolierter Boden, innen mit OSB-Platte
- elektrische Wandheizung
- Ösen für Kranentladung und Staplerführung an der Unterseite
- Selbsttragende, geschweißte, hochfeste Stahlrahmenkonstruktion
- Gewicht 2200 kg",https://modu-luxe-gmbh.de/products/burocontainer-6-x-2-40-holzfarbe,https://modu-luxe-gmbh.de/cdn/shop/files/rn-image_picker_lib_temp_f47bcbf8-43bb-4b61-93af-85648eb8309c.png?v=1777562083,"https://modu-luxe-gmbh.de/cdn/shop/files/rn-image_picker_lib_temp_be97ef6d-79d9-4060-bec7-66977bd07430.png?v=1777562084, https://modu-luxe-gmbh.de/cdn/shop/files/rn-image_picker_lib_temp_276bec6c-6489-4b50-b582-8b16916ccbc0.png?v=1777562083, https://modu-luxe-gmbh.de/cdn/shop/files/rn-image_picker_lib_temp_2d14b310-5054-41ae-a87f-34cd967efce7.png?v=1777562083, https://modu-luxe-gmbh.de/cdn/shop/files/rn-image_picker_lib_temp_440354e0-f889-4fc8-a5c6-32bf32c404a3.png?v=1777562083, https://modu-luxe-gmbh.de/cdn/shop/files/rn-image_picker_lib_temp_db00914d-a21c-4eb4-92aa-29282bdf7991.png?v=1777562084",in stock,2650.00 EUR,,MODULUXE GMBH,,burocontainer-6-x-2-40-holzfarbe,new,Bürocontainer
burocontainer-6-00-2-90-m,"Bürocontainer 6,00 × 2,90 m","Der Bürocontainer 6,00 × 2,90 m (17,4 m²) wurde als vollwertiger Arbeitsraum, temporäres Büro oder Pausenraum entwickelt.Dank seiner starken Dämmung und robusten Stahlkonstruktion bietet er optimalen Komfort und lange Haltbarkeit.
Das Modell ist sofort lieferbar, vollständig ausgestattet und einsatzbereit bei Ankunft.
⚙️ Technische Merkmale
Aussenmasse: 6,00 × 2,90 mInnenhöhe: 2,50 m
Struktur:
Verstärkte, selbsttragende Stahlkonstruktion
Professionell verschweisst
Aussenwände:
Sandwichpaneele 150 mm
Dämmung aus Styropor (Polystyrol)
Dach (einseitiges Gefälle):
Sandwichpaneele 150 mm mit Styropor-Dämmung
Boden:
120 mm Styropor-Isolation
Innenverkleidung: 22 mm OSB-Platte
PVC-Bodenbelag, robust und pflegeleicht
Frontfenster:
1 festes PVC-Fenster 1,20 × 2,00 m
1 festes PVC-Fenster 1,30 × 2,00 m
Aussentür:
Vollverglaste Aluminiumtür
Abmessungen: 1,10 × 2,10 m
Elektrik:
Vollständige Elektroinstallation
LED-Deckenbeleuchtung
230V-Steckdosen
Wandheizgerät inklusive
💡 Vorteile
✅ Hervorragende Wärmedämmung dank 150-mm-Sandwichpaneelen✅ Robuste, langlebige Stahlstruktur✅ Integrierte Beleuchtung und Heizung✅ Ideal als Baustellenbüro, Technikraum oder Pausenraum✅ Sofort lieferbar – schnelle Installation, direkt einsatzbereit",https://modu-luxe-gmbh.de/products/burocontainer-6-00-2-90-m,https://modu-luxe-gmbh.de/cdn/shop/files/4405555594-scaled-1.webp?v=1777562046,"https://modu-luxe-gmbh.de/cdn/shop/files/4405554855-scaled-1.webp?v=1777562046, https://modu-luxe-gmbh.de/cdn/shop/files/4405555599-scaled-1.webp?v=1777562046, https://modu-luxe-gmbh.de/cdn/shop/files/4405550906-scaled-1.webp?v=1777562046, https://modu-luxe-gmbh.de/cdn/shop/files/4405554865-scaled-1.webp?v=1777562045, https://modu-luxe-gmbh.de/cdn/shop/files/4405545924-scaled-1.webp?v=1777562045, https://modu-luxe-gmbh.de/cdn/shop/files/4405550911.webp?v=1777562044, https://modu-luxe-gmbh.de/cdn/shop/files/4405554870.webp?v=1777562044",in stock,3000.00 EUR,,MODULUXE GMBH,,burocontainer-6-00-2-90-m,new,Bürocontainer
burocontainer-6-00-x-2-40-m-mit-toilette-dusche-und-kuche,"BÜROCONTAINER 6,00 X 2,40 M MIT TOILETTE, DUSCHE UND KÜCHE","Entdecken Sie unseren 6 x 2,4 m großen Bürocontainer – die ideale Lösung für die Einrichtung eines individuellen, professionellen Arbeitsbereichs. Dieser modulare Container wurde für höchste Ansprüche entwickelt und vereint Robustheit mit Ästhetik.
Komfort ohne Kompromisse: Ausgestattet mit einem kompletten Sanitärgebäude inklusive Toilette, Dusche und Waschbecken bietet Ihnen unser Container optimalen Alltagskomfort. Die funktionale und voll ausgestattete Küche ermöglicht Ihnen die unkomplizierte Zubereitung Ihrer Mahlzeiten.
Ein modularer Arbeitsplatz: Dank seines modularen Designs passt sich unser Bürocontainer jeder Umgebung und jedem Bedarf an. So können Sie die Inneneinrichtung individuell an Ihr Unternehmen und Ihre Belegschaft anpassen.
Hochwertige Verarbeitung: Unser Bürocontainer ist aus hochwertigen Materialien gefertigt und auf Langlebigkeit ausgelegt. Die sorgfältige Verarbeitung und die leistungsstarke Ausstattung garantieren optimalen Nutzerkomfort.
Die Vorteile unseres Bürocontainers:
Mobilität: Leicht zu bewegen und zu installieren, ist unser Container schnell einsatzbereit.
Wärme- und Schalldämmung: Genießen Sie zu jeder Jahreszeit eine ruhige und angenehme Arbeitsumgebung.
Sicherheit: Unser Container ist so konzipiert, dass er den Elementen und Einbrüchen standhält.
Langlebigkeit: Seine robuste Konstruktion garantiert eine lange Lebensdauer.
Weitere Informationen
- -Abmessungen 6000x2400x2620
- -Gewicht 2500KG
- -Toilette mit Waschbecken und Dusche
- – Miniküche mit Kühlschrank
- – Wand- und Deckendämmung mit 7,5 cm Sandwichpaneelen.
- – 2 Flügelfenster (Doppelverglasung)
- – Sandwichprofil mit Wärmedämmung für geringen Energieverlust
- - Hörmann Stahlblech-Außentür
- - Komplette Elektroinstallation nach CE-Richtlinien
- – 230V Steckdosen
- – LED-Deckenleuchten
- - Laminatboden – robust und schnell zu reinigen
- – Isolierter Boden, Innenausbau mit OSB-Platte
- – 2000W elektrischer Wandheizkörper
- – 11KW/400V Durchlauferhitzer
- – Runde Dusche D90cm
- – Ösen für die Kranentladung
- – Gabelstaplerführungen für einfachen und sicheren Transport
- – Konstruktion mit robuster, geschweißter, selbsttragender Stahlkonstruktion.",https://modu-luxe-gmbh.de/products/burocontainer-6-00-x-2-40-m-mit-toilette-dusche-und-kuche,https://modu-luxe-gmbh.de/cdn/shop/files/rn-image_picker_lib_temp_d4adc9ae-92f2-434a-8313-8283969d11ce.jpg?v=1777562087,"https://modu-luxe-gmbh.de/cdn/shop/files/rn-image_picker_lib_temp_603b495f-89b8-4b4e-a9b1-7f1767d4fb74.jpg?v=1777562088, https://modu-luxe-gmbh.de/cdn/shop/files/rn-image_picker_lib_temp_386713ce-c01a-42ad-bf5c-dcd3c924f46e.jpg?v=1777562087, https://modu-luxe-gmbh.de/cdn/shop/files/rn-image_picker_lib_temp_61754d57-5bd0-4773-bfd9-1f4a44dfddc3.jpg?v=1777562087, https://modu-luxe-gmbh.de/cdn/shop/files/rn-image_picker_lib_temp_38348acf-f1ef-46f0-9249-aa592b85851a.jpg?v=1777562087, https://modu-luxe-gmbh.de/cdn/shop/files/rn-image_picker_lib_temp_d16eae9d-1547-4c3c-8db3-bffad0dc34fc.jpg?v=1777562087, https://modu-luxe-gmbh.de/cdn/shop/files/rn-image_picker_lib_temp_62dfa397-25bd-4196-83af-ff67f8607490.jpg?v=1777562087, https://modu-luxe-gmbh.de/cdn/shop/files/rn-image_picker_lib_temp_fa229dfa-9055-4b6d-bf1b-78711bbf9afd.jpg?v=1777562087, https://modu-luxe-gmbh.de/cdn/shop/files/rn-image_picker_lib_temp_8753f32f-4e40-4070-962c-a01ac183965f.jpg?v=1777562087",in stock,3290.00 EUR,,MODULUXE GMBH,,burocontainer-6-00-x-2-40-m-mit-toilette-dusche-und-kuche,new,Bürocontainer
burocontainer-mit-jalousien-6-x-2-4-m,"Bürocontainer mit Jalousien 6 x 2,4 m","Entdecken Sie unseren hochwertigen Bürocontainer, der Ihren höchsten beruflichen Ansprüchen gerecht wird. Mit seinen großzügigen Abmessungen von 6 x 2,40 m bietet dieses Modul einen komfortablen und funktionalen Arbeitsplatz, egal wo Sie sich befinden.
Sicherheit und Robustheit: Integrierte Rollläden gewährleisten optimalen Schutz Ihrer Geräte und Daten und bieten gleichzeitig absolute Privatsphäre. Der robuste Stahlrahmen garantiert Witterungs- und Stoßfestigkeit für den dauerhaften Einsatz in unterschiedlichsten Umgebungen.
Komfort und Funktionalität: Im Inneren profitieren Sie von einer individuell anpassbaren Inneneinrichtung mit der Möglichkeit, Trennwände, Stauraum und Möbel nach Ihren Wünschen zu installieren. Die Wärme- und Schalldämmung reduziert die Lärmbelästigung und sorgt das ganze Jahr über für eine angenehme Temperatur.
Flexibilität und Mobilität: Der Bürocontainer ist leicht transportierbar und kann schnell auf jedem Gelände aufgestellt werden. Er passt sich allen Arten von Projekten an: Baustellen, temporäre Veranstaltungen, Designbüros.
Weitere Informationen
- -Abmessungen 6000x2400x2620
- -Gewicht 2000KG
- – Wand- und Deckendämmung mit 7,5 cm Sandwichpaneelen.
- – 2 Flügelfenster (Doppelverglasung)
- – Sandwichprofil mit Wärmedämmung für geringen Energieverlust
- - Hörmann Stahlblech-Außentür
- - Komplette Elektroinstallation nach CE-Richtlinien
- – 230V Steckdosen
- – LED-Deckenleuchten
- - Laminatboden – robust und schnell zu reinigen
- – Isolierter Boden, Innenausbau mit OSB-Platte
- – 2000W elektrischer Wandheizkörper
- – Ösen für die Kranentladung
- – Gabelstaplerführungen für einfachen und sicheren Transport
- – Konstruktion mit robuster, geschweißter, selbsttragender Stahlkonstruktion.",https://modu-luxe-gmbh.de/products/burocontainer-mit-jalousien-6-x-2-4-m,https://modu-luxe-gmbh.de/cdn/shop/files/rn-image_picker_lib_temp_fef4a648-5d49-4376-9584-da70a92e95b7.jpg?v=1777562085,"https://modu-luxe-gmbh.de/cdn/shop/files/rn-image_picker_lib_temp_fec133de-3a0d-4d9e-ba81-5aacb4bfc92c.jpg?v=1777562084, https://modu-luxe-gmbh.de/cdn/shop/files/rn-image_picker_lib_temp_67ca07ff-f7ca-493c-afa3-486f69218062.jpg?v=1777562084, https://modu-luxe-gmbh.de/cdn/shop/files/rn-image_picker_lib_temp_2b63f08e-be13-4f9b-bcb0-f28956a794e6.jpg?v=1777562084, https://modu-luxe-gmbh.de/cdn/shop/files/rn-image_picker_lib_temp_8b05592e-2a54-4509-9b81-3d653676a23c.jpg?v=1777562084, https://modu-luxe-gmbh.de/cdn/shop/files/rn-image_picker_lib_temp_43d1cdb5-47df-44cd-b0bc-7413f5182de0.jpg?v=1777562084, https://modu-luxe-gmbh.de/cdn/shop/files/rn-image_picker_lib_temp_062aab66-7459-4b69-9a31-8eb1dc59d292.jpg?v=1777562084, https://modu-luxe-gmbh.de/cdn/shop/files/rn-image_picker_lib_temp_4a7196ab-dd4e-4d9c-b299-9bf8704591f1.jpg?v=1777562084",in stock,2700.00 EUR,,MODULUXE GMBH,,burocontainer-mit-jalousien-6-x-2-4-m,new,Bürocontainer
burocontainer-typ-london-6-00-x-5-00-m,"Bürocontainer Typ „London“, 6,00 x 5,00 m","Bürocontainersystem Modell „London“ mit Außenmaßen von 6 x 5 Metern. Der Bürocontainer besteht aus Sandwichpaneelen mit einem 150 mm dicken Polystyrolkern und einem isolierten Boden. 
Produktübersicht
Bürocontainersystem Modell „London“ mit Außenmaßen von 6 x 5 Metern. Der Bürocontainer besteht aus Sandwichpaneelen mit einem 150 mm dicken Polystyrolkern und einem isolierten Boden.
Der gesamte Boden ist aus robusten Stahlprofilen gefertigt.
Der Bürocontainer ist ab sofort verfügbar. 
Technische Spezifikationen
Für Langlebigkeit, Funktionalität und langfristige Leistung entwickelt, sind unsere Containerlösungen darauf ausgelegt, anspruchsvolle gewerbliche und modulare Bauanforderungen zu erfüllen.
Außenmaße: 12,19 m (L) × 2,44 m (B) × 2,59 m (H)Innenmaße: 11,95 m (L) × 2,25 m (B) × 2,30 m (H)Containertyp: Modifizierter SchiffscontainerContainerzustand: First Trip / NeuzustandStrukturmaterial: Hochfeste Cortenstahl-KonstruktionAußenbeschichtung: Hochwertige, wetterbeständige BeschichtungWandkonstruktion: Vollständig isolierte VerbundplattenBodensystem: Verstärkter Boden in IndustriequalitätDachkonstruktion: Wasserdichte und hitzebeständige AusführungElektrisches System: Vollständige 220V / 380V ElektroinstallationBeleuchtung: Integriertes InnenbeleuchtungssystemIsolierung: Wärme- und Schalldämmung inklusiveBelüftung: Optimierter Luftstrom und FeuchtigkeitskontrolleMaximale Nutzlast: Bis zu 10.000 kgInnenvolumen: Ca. 62 m³Nutzbare Bodenfläche: Ca. 27 m²Entwässerungssystem: Integrierte WasserableitungslösungInstallationsart: Einsatzbereite modulare AusführungWartung: Wartungsarme IndustriekomponentenZertifizierung: Gebaut nach europäischen Qualitätsstandards",https://modu-luxe-gmbh.de/products/burocontainer-typ-london-6-00-x-5-00-m,https://modu-luxe-gmbh.de/cdn/shop/files/rn-image_picker_lib_temp_92eb44e9-0576-4900-bbac-093c905864ed.webp?v=1785282863,"https://modu-luxe-gmbh.de/cdn/shop/files/rn-image_picker_lib_temp_8607e8af-5399-4212-82f0-49083f257f59.webp?v=1785282864, https://modu-luxe-gmbh.de/cdn/shop/files/rn-image_picker_lib_temp_133c93bf-f57b-4756-9d6b-695105c45f9a.webp?v=1785282864, https://modu-luxe-gmbh.de/cdn/shop/files/rn-image_picker_lib_temp_ede4c26e-bfbe-45ea-a33a-bd71ece3d62f.webp?v=1785282864, https://modu-luxe-gmbh.de/cdn/shop/files/rn-image_picker_lib_temp_fb883b16-245a-4ffa-98ed-7c682a2d2867.webp?v=1785282864, https://modu-luxe-gmbh.de/cdn/shop/files/rn-image_picker_lib_temp_a1058cc9-89d5-434b-99ba-95cf3842074a.webp?v=1785282863, https://modu-luxe-gmbh.de/cdn/shop/files/rn-image_picker_lib_temp_1dd4e9c8-3e72-46fd-86fd-4f38af4a1ef0.webp?v=1785282863, https://modu-luxe-gmbh.de/cdn/shop/files/rn-image_picker_lib_temp_3d87349a-2779-4386-b3c7-c3103ef55d5a.webp?v=1785282863, https://modu-luxe-gmbh.de/cdn/shop/files/rn-image_picker_lib_temp_077decb9-cab8-439f-bc41-d591415fed0d.webp?v=1785282863, https://modu-luxe-gmbh.de/cdn/shop/files/rn-image_picker_lib_temp_b25d5b95-7248-4296-9e87-e75e03deedf0.webp?v=1785282864",in stock,4420.00 EUR,,MODULUXE GMBH,,burocontainer-typ-london-6-00-x-5-00-m,new,Bürocontainer
container-home-office-vorteile,Container Home Office VORTEILE,"Container Home Office VORTEILE
- Auf Lager. Bereit für den Versand
- Überlegene Ästhetik mit bündig montierter Elektrik und vorbereitet für fugenloses Gips-Finish
- Einfach zu bedienende Jalousien, geschützt innerhalb der Verglasung
- Helles Licht und geräumig
- Ideal für den Einsatz von zu Hause aus als Geschäftsbüro oder als Hobbyraum oder Meditationsraum  
Das Container Home Office (20ft) ist ein Premium-Schiffscontainer-Umbau, der einen hellen, komfortablen und hochfunktionalen Arbeitsplatz schafft. Diese Einheit wurde aus einem Ein-Trip-Schiffscontainer 20ft x 8ft gebaut und kombiniert Haltbarkeit mit moderner Ästhetik, die perfekt für die Arbeit von zu Hause aus, kreative Projekte oder einen privaten Rückzugsort ist.
Dieses Containerbüro wurde von einem spezialisierten Inhouse-Team umgebaut und ist bereit für den letzten Schliff, der zu Ihrem persönlichen Stil passt.
Hauptmerkmale
- 
Vollbreite Schiebetüren – Doppelt verglast mit integrierten Jalousien für Privatsphäre und Lichtsteuerung
- 
Offenes und geräumiges Design – Eine volle Seite entfernt, um das natürliche Licht zu maximieren
- 
Hochwertige Isolierung
- 50mm Dritherm Earthwool (Wände)
- 100mm Loft Isolierung (Decke)
- 
Plasterboard Interior Finish – Bereit für Skimming, Malerei oder individuelle Oberflächen
- 
Flush-Fitted Electrical System – Sauberer, moderner Look mit verdeckter Verkabelung
- 
Move-In Ready Structure – Aus einem langlebigen One-Trip-Container
Elektrische Spezifikation
- 
3 x LED-Streifenleuchten – helle, energieeffiziente Beleuchtung
- 
4 x Doppel-13A Steckdosen – ideal für Bürogeräte
- 
2 x 32A Isolatoren – Vorinstalliert für optionale Klimaanlagen
Konstruktionsdetails
- Basierend auf einem One-Trip (fast neu) 20ft Container
- Professionell modifiziert mit struktureller Verstärkung
- Vollständig isoliert für ganzjährigen Komfort
- Konzipiert für den langfristigen Außenbereich
Vorteile von Container Office
- 
Auf Lager & Versandfertig – Minimale Vorlaufzeiten
- 
Heller und luftiger Arbeitsplatz – Große verglaste Fassade steigert die Produktivität
- 
Sleek Interior Finish – Flush-Elektrik für einen Premium-Look
- 
Integrierte Jalousien – Eingebaut in Verglasung für Komfort und Schutz
- 
Multizwecknutzung – Büro, Studio, Hobbyraum oder Meditationsraum
Ideale Verwendungen
- Home Office oder Remote Workspace
- Garten Büro Pod
- Kreatives Studio oder Workshop
- Gym, Yoga oder Meditationsraum
- Arbeitsbereich für kleine Unternehmen",https://modu-luxe-gmbh.de/products/container-home-office-vorteile,https://modu-luxe-gmbh.de/cdn/shop/files/Container-Home-Office1-600x600.jpg?v=1785263977,"https://modu-luxe-gmbh.de/cdn/shop/files/Container-Home-Office2-600x600.jpg?v=1785263977, https://modu-luxe-gmbh.de/cdn/shop/files/Container-Home-Office-600x342.jpg?v=1785263977, https://modu-luxe-gmbh.de/cdn/shop/files/Container-Home-Office1-1-600x400.jpg?v=1785263977",in stock,5785.00 EUR,,MODULUXE GMBH,,container-home-office-vorteile,new,Wohncontainer
dali-modulares-projekt-24-m-ref-11900,Dalì Modulares Projekt 24 m² ( Ref: 11900 ),"Produktübersicht
DALÍ MODULARPROJEKT 8 x 3,0 m
24 m² WOHNFLÄCHE
OFFENER GRUNDRISS
GÄSTE-WC
PROJEKTMERKMALE
Innenverkleidung: OSB und glatte Gipskartonplatten;
Außenverkleidung: mattschwarzes, gefaltetes Stahlblech;
Deckendämmung mit Polyurethan-Einsätzen;
Wände mit Glasfaserdämmung
Klick-Vinylboden
2 feststehende, doppelt verglaste Fenster, schwarzes Aluminium, 2,00 x 2,00 m
1 Schiebefenster, doppelt verglast, schwarzes Aluminium, 2,00 x 2,00 m
1 feststehendes, doppelt verglastes Fenster, schwarzes Aluminium, 1,80 x 2,00 m
1 verglaste, doppelt verglaste Außentür, schwarzes Aluminium, 0,80 x 2,00 m
1 einfaches, schwarzes Aluminium-Lamellengitter, 0,46 x 0,55 m
Innenwände: Holzrahmenkonstruktion
Holzdecke (25 Ampere)
3 warmweiße LED-Leuchten
1 kaltweiße LED-Leuchte
2 Außenleuchten
1 Einzelschalter mit Steckdose
1 Doppelschalter
2 Außensteckdosen (einzeln)
6 Doppelsteckdosen
1 Gäste-WC mit Waschbecken
PPR-Rohrleitungen
Hochwertige Materialien",https://modu-luxe-gmbh.de/products/dali-modulares-projekt-24-m-ref-11900,https://modu-luxe-gmbh.de/cdn/shop/files/rn-image_picker_lib_temp_45c6cb5c-79dc-4953-b7e0-67a45fe0d596_1.webp?v=1785399243,"https://modu-luxe-gmbh.de/cdn/shop/files/rn-image_picker_lib_temp_4cf8ef0f-0637-4421-8f69-d3eab24a49ab_1.webp?v=1785399243, https://modu-luxe-gmbh.de/cdn/shop/files/rn-image_picker_lib_temp_06c18445-601b-4506-91f6-af406d264e8a_1.webp?v=1785399243, https://modu-luxe-gmbh.de/cdn/shop/files/rn-image_picker_lib_temp_47dd1340-5703-47ca-a4c3-50b95c8ad517_1.webp?v=1785399242, https://modu-luxe-gmbh.de/cdn/shop/files/rn-image_picker_lib_temp_99725e3a-7424-4875-8348-824307138a2b_1.webp?v=1785399243, https://modu-luxe-gmbh.de/cdn/shop/files/rn-image_picker_lib_temp_13666094-2131-4ad6-b783-8ab3639b3455_1.webp?v=1785399243, https://modu-luxe-gmbh.de/cdn/shop/files/rn-image_picker_lib_temp_b7cf2693-d614-485a-a3a4-33bb9ab73da0_1.webp?v=1785399242, https://modu-luxe-gmbh.de/cdn/shop/files/rn-image_picker_lib_temp_e852fe8c-d792-4b96-9b5a-6ec4adf6c535_1.webp?v=1785399242, https://modu-luxe-gmbh.de/cdn/shop/files/rn-image_picker_lib_temp_faf72354-dcbd-46a2-b78b-54e529003abf_1.webp?v=1785399243",in stock,4300.00 EUR,,MODULUXE GMBH,,dali-modulares-projekt-24-m-ref-11900,new,Container
doppelter-sanitarcontainer-mit-abfalltank,DOPPELTER SANITÄRCONTAINER MIT ABFALLTANK,"Premiummodell im Holzdesign
 Einfach Strom, Wasser und Abwasser anschließen, sofort einsatzbereit.
 Doppelkabine WC 3x2 Meter mit Abwassertank
 mit Herren- und Damentoiletten
 - 2 Fenster
 - 75 mm wärmegedämmtes Sandwichprofil für geringen Energieverlust
 - Außentür aus verzinktem Stahlblech Hörmann
 - Urinale
 - Komplette Elektroinstallation nach EG-Richtlinien
 - 230V Steckdosen
 - Deckenlampen
 - PVC-Boden: robust und schnell zu reinigen
 - 2 elektrische Wandheizkörper
 - Rückhaltetank
 - Treppe
 -Abmessungen 3,00 Meter breit, 2 Meter tief, 3 Meter hoch, Gewicht 1500KG
 - Treppenmaße: 2,60 Meter breit x 0,64 Meter hoch x 0,75 Meter tief",https://modu-luxe-gmbh.de/products/doppelter-sanitarcontainer-mit-abfalltank,https://modu-luxe-gmbh.de/cdn/shop/files/rn-image_picker_lib_temp_4d80fd48-86e3-4b2f-bc04-aa267f91e5e0.jpg?v=1777562090,"https://modu-luxe-gmbh.de/cdn/shop/files/rn-image_picker_lib_temp_25108e3b-6368-4aef-b348-7e9be39183c1.jpg?v=1777562090, https://modu-luxe-gmbh.de/cdn/shop/files/rn-image_picker_lib_temp_e1bbc1c0-de67-4fd9-898f-317e51afd08b.jpg?v=1777562091, https://modu-luxe-gmbh.de/cdn/shop/files/rn-image_picker_lib_temp_4c526fa1-96c6-4ce5-bcd0-d18c5bd2f180.jpg?v=1777562091, https://modu-luxe-gmbh.de/cdn/shop/files/rn-image_picker_lib_temp_87374433-dce6-4b19-be29-1c7db545cc18.jpg?v=1777562090, https://modu-luxe-gmbh.de/cdn/shop/files/rn-image_picker_lib_temp_aec713c4-f5b8-4e60-80b9-4bf27a7b096d.jpg?v=1777562090, https://modu-luxe-gmbh.de/cdn/shop/files/rn-image_picker_lib_temp_3473d8c9-7585-427c-8aec-619bb16897f4.jpg?v=1777562091, https://modu-luxe-gmbh.de/cdn/shop/files/rn-image_picker_lib_temp_cae0348c-898f-47a7-9473-997a2b94f6ec.jpg?v=1777562090, https://modu-luxe-gmbh.de/cdn/shop/files/rn-image_picker_lib_temp_b5da3c15-60ec-4a00-bff3-4a2663f99596.jpg?v=1777562090, https://modu-luxe-gmbh.de/cdn/shop/files/rn-image_picker_lib_temp_0742e730-fede-445f-9055-e6d9fd7c28f2.jpg?v=1777562090, https://modu-luxe-gmbh.de/cdn/shop/files/rn-image_picker_lib_temp_52760f71-e0d8-46ce-baba-04b20bf4d594.jpg?v=1777562090, https://modu-luxe-gmbh.de/cdn/shop/files/rn-image_picker_lib_temp_88aa964b-2021-489e-bc02-85fad5798d3a.jpg?v=1777562090, https://modu-luxe-gmbh.de/cdn/shop/files/rn-image_picker_lib_temp_d722f5fa-0f9a-419e-b706-29efc80ef7cc.jpg?v=1777562091, https://modu-luxe-gmbh.de/cdn/shop/files/rn-image_picker_lib_temp_a36c6c43-e60d-4c6d-acde-c29f565872a9.jpg?v=1777562090",in stock,2795.90 EUR,,MODULUXE GMBH,,doppelter-sanitarcontainer-mit-abfalltank,new,Sanitärcontainer
doppelter-sanitarcontainer-mit-weissem-abfalltank,DOPPELTER SANITÄRCONTAINER MIT WEISSEM ABFALLTANK,"Neuer Toilettencontainer mit Fäkalientank, Toilettenbox, Sanitärcontainer für Camping
 Einfach Strom, Wasser und Abwasser anschließen, sofort einsatzbereit.
 Doppelkabine WC 3x2 Meter mit Abwassertank
 mit Herren- und Damentoiletten
 - 2 Fenster
 - 75 mm wärmegedämmtes Sandwichprofil für geringen Energieverlust
 - Außentür aus verzinktem Stahlblech Hörmann
 - Urinale
 - Komplette Elektroinstallation nach EG-Richtlinien
 - 230V Steckdosen
 - 2 Deckenlampen
 - PVC-Boden: robust und schnell zu reinigen
 - 2 elektrische Wandheizkörper
 - Rückhaltetank
 - Treppe
 -Abmessungen 3,00 Meter breit, 2 Meter tief, 3 Meter hoch, Gewicht 1500KG
 - Treppenmaße: 2,60 Meter breit x 0,64 Meter hoch x 0,75 Meter tief",https://modu-luxe-gmbh.de/products/doppelter-sanitarcontainer-mit-weissem-abfalltank,https://modu-luxe-gmbh.de/cdn/shop/files/rn-image_picker_lib_temp_f527bcc1-9ede-425c-baf2-7c29a2cb1d3e.jpg?v=1777562092,"https://modu-luxe-gmbh.de/cdn/shop/files/rn-image_picker_lib_temp_34968aa9-09e0-41ad-bfbc-5a6407be215f.jpg?v=1777562092, https://modu-luxe-gmbh.de/cdn/shop/files/rn-image_picker_lib_temp_8d9f3b3e-8a2d-4196-b8cc-cab711843b07.jpg?v=1777562092, https://modu-luxe-gmbh.de/cdn/shop/files/rn-image_picker_lib_temp_c18bec94-0287-4613-946d-6570231105c3.jpg?v=1777562092, https://modu-luxe-gmbh.de/cdn/shop/files/rn-image_picker_lib_temp_04304528-fca7-4042-9b94-a67b8dc349ec.jpg?v=1777562092, https://modu-luxe-gmbh.de/cdn/shop/files/rn-image_picker_lib_temp_03a0985d-5bb8-4f97-80a5-57963b34378a.jpg?v=1777562092, https://modu-luxe-gmbh.de/cdn/shop/files/rn-image_picker_lib_temp_97cf2b5c-146d-455a-af0c-b7375fe9a458.jpg?v=1777562092, https://modu-luxe-gmbh.de/cdn/shop/files/rn-image_picker_lib_temp_37499636-0667-4da8-860a-ba24bc4cee51.jpg?v=1777562092, https://modu-luxe-gmbh.de/cdn/shop/files/rn-image_picker_lib_temp_c94701c7-8511-46aa-9e14-e5ac61dd235c.jpg?v=1777562092, https://modu-luxe-gmbh.de/cdn/shop/files/rn-image_picker_lib_temp_4e33092f-3f36-409e-a340-8fbbfe1790f7.jpg?v=1777562092, https://modu-luxe-gmbh.de/cdn/shop/files/rn-image_picker_lib_temp_064ac94f-ab4f-4e72-a7ae-5fc373898bee.jpg?v=1777562092",in stock,2700.00 EUR,,MODULUXE GMBH,,doppelter-sanitarcontainer-mit-weissem-abfalltank,new,Sanitärcontainer
grosser-lagercontainer-standardmodell-8-2-meter,Großer Lagercontainer Standardmodell 8 × 2 Meter,"Großer Lagercontainer 8 × 2 Meter
Für größere Lageranforderungen bieten wir die Möglichkeit, zwei unserer 4 × 2 Meter Container seitlich miteinander zu verbinden, um einen großen Lagercontainer mit den Abmessungen 8 × 2 Meter zu schaffen.Die Verbindung ist wasserdicht, von außen unsichtbar und ohne innere Trennwand, wodurch ein großer durchgehender Lagerraum entsteht.
Da dieser Container aus kleineren Elementen besteht, sind die größten Paneele 4 × 2 Meter groß. Dadurch bleibt der Container einfach zu montieren und zu demontieren und kann problemlos mit einem Hubwagen oder auf einem Flachbettanhänger transportiert werden, ohne dass ein Sondertransport erforderlich ist.Der Container kann sogar Paneel für Paneel von Hand transportiert werden.
Mit seinen großen Doppeltüren von 175 cm Breite können auch sperrige Gegenstände problemlos eingelagert werden. Gleichzeitig sind Ihre Waren optimal geschützt, da unsere Container mit einem doppelten 3-Punkt-Schließsystem ausgestattet sind und der Container von innen verschraubt wird.
Unsere 8 × 2 Meter Lagercontainer bieten zahlreiche Konfigurationsmöglichkeiten.Die gleich großen Paneele sind austauschbar, wodurch verschiedene Layouts möglich sind. Kontaktieren Sie uns gerne, um alle verfügbaren Optionen zu entdecken.
Die Paneele unseres zerlegbaren Containers besitzen etwa 70 % der Wandstärke eines Seecontainers – dadurch sind sie leichter, bleiben jedoch stabil und robust.Sie bestehen aus verzinktem Stahl mit Pulverbeschichtung, wodurch sie korrosionsbeständig und widerstandsfähig gegen Witterungseinflüsse sind.
Zusätzlich ist im Dach eine integrierte Regenrinne verbaut, die den Container zuverlässig vor Niederschlag schützt.
Während bei klassischen Seecontainern häufig spezielle Bodenarbeiten erforderlich sind, verfügen unsere zerlegbaren Container über einen erhöhten Boden aus OSB-3 Platten auf einem stabilen Stahlrahmen.Solange der Untergrund eben ist und das Gewicht tragen kann, sind keine zusätzlichen Fundamentarbeiten erforderlich.
Technische Informationen
Eigenschaft
Details
Größe
8 × 2 Meter (15 m² / 26 Fuß)
Weitere Größen
Auf Anfrage verfügbar
Aufbau
2 Container à 4 × 2 Meter + Verbindungskit
Paketgröße bei Lieferung
2 Pakete à 4100 mm × 2200 mm × 300 mm
Gesamtgewicht
2 × 510 kg
Gewicht des schwersten Elements
ca. 165 kg (Bodenplatte)
Lieferung
Per Sattelzug (21 m) und Gabelstapler",https://modu-luxe-gmbh.de/products/grosser-lagercontainer-standardmodell-8-2-meter,https://modu-luxe-gmbh.de/cdn/shop/files/Captured_ecran2026-03-11a23.00.01.png?v=1777562039,"https://modu-luxe-gmbh.de/cdn/shop/files/Conteneur-Demontable-Standard-8-x-2-m-_-Noir-RAL-9005-3.webp?v=1777562039, https://modu-luxe-gmbh.de/cdn/shop/files/Conteneur-Demontable-Standard-8-x-2-m-_-Noir-RAL-9005-2.webp?v=1777562038, https://modu-luxe-gmbh.de/cdn/shop/files/8x2-close-container.webp?v=1777562039, https://modu-luxe-gmbh.de/cdn/shop/files/8x2-container.webp?v=1777562039, https://modu-luxe-gmbh.de/cdn/shop/files/8x2-container-open.webp?v=1777562039",in stock,3800.00 EUR,,MODULUXE GMBH,,grosser-lagercontainer-standardmodell-8-2-meter,new,Lagercontainer
kundenspezifisches-20ft-versandbehalterhaus,Kundenspezifisches 20ft Versandbehälterhaus,"Außenmaße: 20ft (L) × 8ft (W) × 8,5ft (H) — ca. 6.06m × 2.44m × 2.59m 
Gewicht: 5,155 kg 
Struktur: Verstärkter Wellstahl, isoliert für thermischen Komfort 
Außenausführung: Wetterfeste Emailbeschichtung (maßgeschneiderte Farboptionen verfügbar)  
Kompakt, effizient und stilvoll, ist unser Custom 20FT Shipping Container House Ihre schlüsselfertige Mobilheimlösung. Entwickelt aus strapazierfähigem Stahl und durchdacht mit Essentials wie einer Toilette, Klimaanlage, Gasherd, Fenstern und einer sicheren Eingangstür ausgestattet, bietet diese gemütliche Einheit Komfort und Komfort an jeden Ort.
Ideal für netzfernes Wohnen, persönliche Retreats, Gästeunterkünfte oder sogar Vor-Ort-Arbeitswohnungen, ist dieses Containerhaus eine kostengünstige Alternative zum traditionellen Bau und bietet die Freiheit zu leben, wo Sie wählen, mit allem, was Sie unter einem Stahldach benötigen.
Egal, ob Sie Ihre kleine Heimreise beginnen oder Ihrem Eigentum flexibles Wohnen hinzufügen möchten, dieses 20-Fuß-Containerhaus verbindet minimalistisches Wohnen mit intelligentem Design.
Produktspezifikationen
Kategorie
Details
Außenmaße
20ft (L) × 8ft (W) × 8,5ft (H) — ca. 6.06m × 2.44m × 2.59m
Gewicht
5.155 kg
Struktur
Verstärkter Wellstahl, isoliert für thermischen Komfort
Außenabschluss
Wetterfeste Emailbeschichtung (maßgeschneiderte Farboptionen verfügbar)
Windows
2 feste/vertäfelte Fenster für natürliches Licht und Belüftung
Haupttür
Standard-Eingangstür mit sicherem Verriegelungsmechanismus
Innenausstattung
Bemalte Trockenbau- oder Plattenverkleidung mit fertigem Bodenbelag (Vinyl/Laminat)
Bodenbelag
Dauerhafte, leicht zu reinigende Oberfläche für den verkehrsreichen Einsatz
Badezimmer
Inklusive WC, Duscheinrichtung und kompaktem Waschbecken
Küche
Verfügt über eingebaute Gasherd, Spüle und Aufbewahrungsschränke
Klimaanlage
Wandmontiertes Wechselstromgerät für optimale Temperaturregelung
Versorgungsunternehmen
Vollständig verkabelt mit Steckdosen, Beleuchtung und Sanitär
Mobilität
Umlagerbar durch Pritschenanhänger (stationär bei Lieferung)
Anpassung
Optionale Upgrades: Solarmodule, zusätzliche Fenster, benutzerdefiniertes Layout
Bringen Sie die Zukunft des Lebens nach Hause
Sie sind auf der Suche nach kompaktem Komfort mit allem, was Sie brauchen? Unser 20FT Versandcontainer nach Hause ist ein Tor zu Freiheit und Flexibilität.
Beste Gebrauchsszenarien
- Wochenend-Getaway-Kabine
- Urbane Hinterhof Gasteinheit
- Baustellenwohnungen
- Ferienhaus (Airbnb-ready)
- Mobiler Arbeitsplatz oder Studio",https://modu-luxe-gmbh.de/products/kundenspezifisches-20ft-versandbehalterhaus,https://modu-luxe-gmbh.de/cdn/shop/files/Custom-20ft-Shipping-Container-House-1.webp?v=1785263831,"https://modu-luxe-gmbh.de/cdn/shop/files/Custom-20ft-Shipping-Container-House-2.webp?v=1785263831, https://modu-luxe-gmbh.de/cdn/shop/files/Custom-20ft-Shipping-Container-House-3-600x600.webp?v=1785263831, https://modu-luxe-gmbh.de/cdn/shop/files/Custom-20ft-Shipping-Container-House-4.webp?v=1785263831, https://modu-luxe-gmbh.de/cdn/shop/files/Custom-20ft-Shipping-Container-House-5-600x600.webp?v=1785263831",in stock,3849.00 EUR,,MODULUXE GMBH,,kundenspezifisches-20ft-versandbehalterhaus,new,Wohncontainer
lagercontainer-2-2-meter-mit-doppeltur,Lagercontainer 2 × 2 Meter – mit Doppeltür,"Metall-Lagercontainer 2 × 2 Meter mit Doppeltür
Dieser Metall-Lagercontainer 2 × 2 Meter mit Doppeltür eignet sich ideal für die sichere Lagerung von Materialien, Waren oder Ausrüstung.
Der zerlegbare Lagercontainer aus Metall ist leicht genug, um bei Bedarf auch von Hand transportiert zu werden. Die einzelnen Komponenten sind kompakt und können problemlos durch schmale Durchgänge oder Zugänge transportiert werden. Dadurch ist kein Kran, Gabelstapler oder schweres Gerät erforderlich.Trotzdem ist der Container mit Hebepunkten ausgestattet, sodass ein Gabelstapler den Aufbau zusätzlich erleichtern kann.
Der Container-Bausatz wird komplett geliefert, einschließlich Boden, Wänden, Dach und Türen. Die Wände bestehen aus verzinktem Stahlblech, das eine hohe Widerstandsfähigkeit gegen Korrosion und Witterungseinflüsse bietet. Außerdem können diese Metallcontainer gestapelt werden, was zusätzliche Flexibilität bei der Lagerung ermöglicht.
Ein 2 × 2 Meter Metallcontainer eignet sich perfekt als Lagercontainer für verschiedenste Zwecke. Er kann zum Beispiel für die Lagerung von Waren, Beständen oder Archiven verwendet werden.
Der zerlegbare Lagercontainer kann auch als Reifenlager genutzt werden, beispielsweise für Garagen oder Autohäuser. Darüber hinaus werden viele dieser Metallcontainer im Self-Storage-Bereich eingesetzt. Unternehmen nutzen sie als flexible Lagereinheiten, die Kunden zur sicheren Aufbewahrung ihrer persönlichen Gegenstände mieten können.
Eine weitere häufige Anwendung ist die temporäre Lagerung, beispielsweise bei Umzügen oder Renovierungsarbeiten. Ein zerlegbarer Container ist eine praktische Lösung, wenn kurzfristig zusätzlicher Stauraum benötigt wird.
Kurz gesagt: eine zuverlässige, sichere und flexible Lösung für kurz- oder langfristige Lagerung. Unsere Metallcontainer sind robust und langlebig.
Eigenschaften
Vollständig verzinkter Metall-Lagercontainer
Zerlegbar, benötigt daher wenig Platz bei Nichtgebrauch
Einfache Montage
Optionale „Snap-in“ Regalsysteme und Tragarme
Kostengünstige Lagerlösung
Container-Bausatz mit doppeltem Verriegelungssystem für erhöhte Sicherheit (ohne Aufpreis)
Technische Informationen
Eigenschaft
Details
Größe
2 × 2 Meter (3,7 m² / 6,5 Fuß)
Türtyp
Doppeltür auf der 2-Meter-Seite
Paketgröße bei Lieferung
2100 mm × 2200 mm × 300 mm
Gesamtgewicht
ca. 330 kg
Gewicht des schwersten Elements
ca. 100 kg (Boden)
Lieferung
Per Sattelzug (21 m) und Gabelstapler",https://modu-luxe-gmbh.de/products/lagercontainer-2-2-meter-mit-doppeltur,https://modu-luxe-gmbh.de/cdn/shop/files/FOCO-2x2-DDS-RAL9005-1.webp?v=1777562039,"https://modu-luxe-gmbh.de/cdn/shop/files/FOCO-2x2-DDS-RAL9005-2.webp?v=1777562037, https://modu-luxe-gmbh.de/cdn/shop/files/FOCO-2x2-DDS-RAL9005-3.webp?v=1777562037",in stock,1210.00 EUR,,MODULUXE GMBH,,lagercontainer-2-2-meter-mit-doppeltur,new,Lagercontainer
modifizierter-10-fuss-versandcontainer,Modifizierter 10-Fuß-Versandcontainer,"Die Abmessungen dieses Containers werden üblicherweise nach dem angelsächsischen System gemessen, wobei ein Fuß 30,48 Zentimetern entspricht. Mit dieser Umrechnung betragen die Außen- und Innenmaße eines 10-Fuß-Containers:
Außenmaße:
2,98 Meter lang, 2,44 Meter breit und 2,50 Meter hoch.
Innenmaße:
2,98 Meter lang, 2,44 Meter breit und 2,50 Meter hoch.
Innenmaße:
2,83 Meter lang, 2,32 Meter breit und 2,41 Meter hoch.
Das Durchschnittsgewicht eines 10-Fuß-Containers beträgt 825 Kilo.
Die Hauptmerkmale eines 10-Fuß-Containers sind:
Luftdicht
Keine Belüftung oder Kühlung
Aus Stahl",https://modu-luxe-gmbh.de/products/modifizierter-10-fuss-versandcontainer,https://modu-luxe-gmbh.de/cdn/shop/files/rn-image_picker_lib_temp_63d89d3b-8741-433e-a955-9750543ae500.webp?v=1777562100,"https://modu-luxe-gmbh.de/cdn/shop/files/rn-image_picker_lib_temp_2196da06-58af-4c5b-8efe-ea9ccc1667e7.webp?v=1777562100, https://modu-luxe-gmbh.de/cdn/shop/files/rn-image_picker_lib_temp_500b2705-4821-457c-90fe-87de41e1d253.webp?v=1777562100",in stock,1199.20 EUR,,MODULUXE GMBH,,modifizierter-10-fuss-versandcontainer,new,Container
modifiziertes-20ft-containerburo-mit-glastur-ac,Modifiziertes 20FT Containerbüro mit Glastür & AC,"Verwandeln Sie den Alltag in das Außergewöhnliche mit unserem Modified 20FT Container Office, einer innovativen Raumlösung für den modernen Lebensstil. Ausgestattet mit einer eleganten Glasschiebetür und eingebauter Klimaanlage bietet dieser intelligent neu gestaltete Schiffscontainer eine nahtlose Mischung aus Indoor-Luxus und Outdoor-Gelassenheit.
Egal, ob Sie es sich als Hinterhofbüro, Gartenstudio, Pop-up-Shop oder gemütliche Gästelounge vorstellen, dieser Container bietet Komfort, Stil und Vielseitigkeit. Natürliches Licht strömt durch die weitläufige Glastür ein und beleuchtet den Raum unter Beibehaltung einer polierten, zeitgenössischen Ästhetik. Im Inneren hält die integrierte Klimaanlage Ihre Umgebung das ganze Jahr über perfekt gehärtet, was diesen Behälter mehr als nur eine Struktur macht; es ist ein Lifestyle-Upgrade.
Kreieren Sie Ihren Traumretreat, einen stilvollen Arbeitsplatz oder einen unvergesslichen Unterhaltungsraum, alles von einem einzigen 20-Fuß-Stahlrahmen, der sorgfältig auf Komfort und Eleganz ausgelegt ist.
Schlüsselspezifikationen
Feature
Beschreibung
Behältergröße
20FT (ca. 6,1m L × 2,4m B × 2.6m H)
Bauwesen
Corten-Stahlkonstruktion mit Premium-Isolierung
Türen
Durchgehende gehärtete Glasschiebetür für reichlich natürliches Licht und Outdoor-Integration
Innenausstattung
Optionale Oberflächen: Vinylböden, Holzverkleidungen oder anpassbare Innenräume
Klimasteuerung
Hocheffiziente Klimaanlage für heißes oder kühles Klima
Windows
Optionale zusätzliche Fenster für verbesserte Belüftung und Ansicht
Stromversorgung
Vorinstallierte Verkabelung mit Steckdosen, Schaltern und Beleuchtung (auf Anfrage anpassbar)
Anwendungsfälle
Home-Office, Hinterhof-Retreat, Pop-up-Einzelhandelsfläche, Gästezimmer, Outdoor-Lounge
Mobilität
Leicht zu transportieren und zu verlagern",https://modu-luxe-gmbh.de/products/modifiziertes-20ft-containerburo-mit-glastur-ac,https://modu-luxe-gmbh.de/cdn/shop/files/Modified-20FT-container-office-with-Glass-door-AC.jpg?v=1785263627,"https://modu-luxe-gmbh.de/cdn/shop/files/Modified-20FT-container-office-with-Glass-door-AC1-600x600.jpg?v=1785263625, https://modu-luxe-gmbh.de/cdn/shop/files/Modified-20FT-container-office-with-Glass-door-AC2-600x600.jpg?v=1785263625, https://modu-luxe-gmbh.de/cdn/shop/files/Modified-20FT-container-office-with-Glass-door-AC3-600x600.jpg?v=1785263625",in stock,3349.00 EUR,,MODULUXE GMBH,,modifiziertes-20ft-containerburo-mit-glastur-ac,new,Bürocontainer
sanitarblock-s1-mit-wc-und-waschbecken,SANITÄRBLOCK S1 MIT WC UND WASCHBECKEN,"Der Sanitärblock S1 ist ein in sich geschlossenes Modul für optimalen Komfort am Arbeitsplatz oder bei Veranstaltungen. Dank seines kompakten Designs eignet er sich hervorragend für Baustellen, Festivals, Sportveranstaltungen und viele weitere Anlässe.
Robustes und langlebiges Design: Der Sanitärblock S1 ist aus hochwertigen Materialien gefertigt und hält selbst härtesten Außenbedingungen stand. Seine verzinkte und lackierte Stahlkonstruktion verleiht ihm kompromisslose Stabilität, während die Innenbeschichtung die Wartung vereinfacht.
Komplette und funktionale Ausstattung: Der Sanitärblock S1 ist mit einer Keramiktoilette und einem Keramikwaschbecken für einwandfreie Hygiene ausgestattet. Der Spülkasten besteht aus PVC und gewährleistet so eine lange Lebensdauer. Ein Toilettenpapierhalter sorgt für optimalen Komfort.
Schnelle und einfache Installation: Der Sanitärblock S1 wird betriebsbereit geliefert. Schließen Sie ihn einfach an das Wasser- und Abwassernetz an und schon ist er einsatzbereit. Die an der Wand markierten Zu- und Abläufe erleichtern den Anschluss.
Mobilität und Flexibilität: Dank seiner vier Befestigungspunkte lässt sich der Sanitärblock S1 problemlos mit einem Kran bewegen. Diese Funktionalität macht ihn zu einer Lösung, die sich besonders für Bau- und Veranstaltungsprofis eignet, die ihre Ausrüstung regelmäßig bewegen müssen.
Anpassung: Obwohl der Sanitärblock S1 in einer Standardkonfiguration angeboten wird, ist es möglich, diese Ausstattung an Ihre spezifischen Bedürfnisse anzupassen. Bitte zögern Sie nicht, uns zu kontaktieren, um Ihre Projekte zu besprechen und ein individuelles Angebot zu erhalten.
Die Vorteile des Sanitärblocks S1:
Kompakt und leicht: Einfach zu transportieren und zu installieren.
Robust und langlebig: Wetter- und stoßfest.
Hygienisch: Hergestellt aus leicht zu reinigenden Materialien.
Standalone: Funktioniert unabhängig von bestehenden Netzwerken.
Anpassbar: An Ihre spezifischen Bedürfnisse anpassbar.
Weitere Informationen
Außenhöhe: 256 cm
Innenhöhe: 220 cm
Breite: 118 cm
Tiefe: 118 cm
RAHMEN
Material: Verzinkter und lackierter Stahl.
Farbe: Lichtgrau RAL 9002.
Stärke: 1,5 mm.
Sockel: Höhe 80 mm
. Dach: Höhe 154 mm.
Handhabung: 4 Dachaufnahmen für Hebehaken. Dank der 4-Fuß-Sockelverlängerung ist die Nutzung mit Gabelstaplern möglich. Achten Sie auf die Kanten und die Balance des Moduls (durch Anpassen des Gabelabstands).
ZIMMEREI
Material: Weiß lackiertes Aluminium RAL 9010
Tür(en): 1 Volltür 78 x 220 cm (64 cm Abstand)
Fenster: 1 Velux 58 x 58 cm, Einfachverglasung in der Tür
WÄNDE, TRENNWÄNDE UND DECKEN
Material: Sandwichpaneele
Isolierung: Polyurethan-Hartschaum
Wandstärke: 40 mm
Dachstärke: 30 mm
Dacheindeckung: Griechische Wellen aus verzinktem Stahlblech
Wandfarbe: Lichtgrau RAL 9002
SONNE
Struktur: wasserabweisende Spanplatte
Dicke: 18 mm
Beschichtung: PVC
SANITÄRINSTALLATION
1 Waschbecken aus PVC, Größe 36 cm, mit Kaltwasserhahn und Spiegel.
1 Keramik-WC im englischen Stil, ausgestattet mit einem Spülkasten aus PVC und einem Papierhalter.
Wasserzulauf an der Wand (A) und Ablauf unter dem Boden, angeschlossen an einen einzigen Abfluss (E).
STROM
Beleuchtung: 1 Schalter + 1 7,5W LED-Deckenleuchte
Schaltschrank: 1 Schaltschrank inkl. Zwischendifferential und Leistungsschalter
Anschluss: 1 externer Anschlusskasten
Mögliche Optionen
Warmwasser im Spülbecken
Elektrischer Gebläsekonvektor
16 mm starker Holzzementplattenboden mit PVC-Belag
Doppelverglasung
Strapazierfähiger PVC-Bodenbelag anstelle von herkömmlichem Parkett oder PVC-Fliesen
Glatte Platten, Lebensmittelplatten, Feuerplatten oder Steinwolleplatten
Auslässe
Luftabsaugung 90 m3/h mit Schalter
Verstärkter Sockel (Höhe 160 mm) mit Gabelstaplerdurchfahrt (Radstand 90 cm) für die Handhabung mit einem rohrsicheren Gabelstapler
Sockel auf Kufen (2 IPE-Stützen 16 cm)",https://modu-luxe-gmbh.de/products/sanitarblock-s1-mit-wc-und-waschbecken,https://modu-luxe-gmbh.de/cdn/shop/files/rn-image_picker_lib_temp_25a6741d-1288-47e1-9cfa-1ba7af83323d.jpg?v=1777562094,"https://modu-luxe-gmbh.de/cdn/shop/files/rn-image_picker_lib_temp_5b8d3b34-887d-451f-8ea5-a66e41ca1e04.jpg?v=1777562094, https://modu-luxe-gmbh.de/cdn/shop/files/rn-image_picker_lib_temp_f23c9fe1-63a7-42e9-8629-a1b6fc335483.jpg?v=1777562094",in stock,1250.00 EUR,,MODULUXE GMBH,,sanitarblock-s1-mit-wc-und-waschbecken,new,Sanitärcontainer
sanitarcontainer-mini-toilette,SANITÄRCONTAINER - MINI-TOILETTE,"Außenmaße:   1610 mm x 1670 mm x 2540 mm (Länge x Breite x Höhe)
Freiraum im Innenraum: Raumhöhe 2300 mm
Gewicht: ca. 450 Kilo
Konstruktionsbeschreibung:
vollverzinkte Stahlkonstruktion (nicht stapelbar!)
Wand und Dach: beidseitig verzinkte PU-Sandwichelemente (40 mm PU-Schaum)
Innenverkleidung weiß - leicht gewellt, Außenverkleidung und Rahmenkonstruktion komplett verzinkt, lackiert in RAL 9002 (Grauweiß)
Innenliegende Dachentwässerung,
4 Kranseilaufhängungen
Standardausrüstung:
1,5mm starker Hart-PVC-Bodenbelag (grau gesprenkelt)
1 verzinkte Außentür aus ZK-Stahlblech, 750 x 2000 mm
1 Kunststoff-Sanitärschiebefenster, 600 x 380 mm, mit Einfach-Ornamentverglasung
Elektroinstallation (Licht, Lichtschalter, Steckdose)
1 Stand-WC mit geringer Spülmenge, WC-Sitz und Spülkasten aus PVC mit geringer Spülmenge (weiß)
1 Toilettenpapierhalter aus Chrom
1 Keramikurinal (weiß) mit Spülhahn
1 Keramikspüle (weiß) mit Einhebel-Kaltwasserhahn
1 Glasspiegel mit PVC-Spiegelablage (weiß)
1 Frostschutz, 500 W, mit Stecker",https://modu-luxe-gmbh.de/products/sanitarcontainer-mini-toilette,https://modu-luxe-gmbh.de/cdn/shop/files/rn-image_picker_lib_temp_b2c46cb9-fd74-49d2-ad6e-7c55993d1ddd.jpg?v=1777562096,"https://modu-luxe-gmbh.de/cdn/shop/files/rn-image_picker_lib_temp_99a6d791-6626-4a78-81b5-9bfa6ce40961.jpg?v=1777562096, https://modu-luxe-gmbh.de/cdn/shop/files/rn-image_picker_lib_temp_4cdb7ddc-ffe1-45a7-b357-e7766c039f5e.jpg?v=1777562096, https://modu-luxe-gmbh.de/cdn/shop/files/rn-image_picker_lib_temp_c5f99d82-d3b5-4984-83f9-ba261c212066.jpg?v=1777562095, https://modu-luxe-gmbh.de/cdn/shop/files/rn-image_picker_lib_temp_19f17cb1-1391-4404-98e7-f0f2c642d56f.jpg?v=1777562096, https://modu-luxe-gmbh.de/cdn/shop/files/rn-image_picker_lib_temp_e8c7809a-9be3-4c48-b4fa-a067a26663a2.jpg?v=1777562096",in stock,1800.00 EUR,,MODULUXE GMBH,,sanitarcontainer-mini-toilette,new,Sanitärcontainer
sanitarcontainer-2-00-x-2-00-m-mit-toilette-und-urinar,"SANITÄRCONTAINER 2,00 x 2,00 M MIT TOILETTE UND URINAR","- Badezimmer
- Urinale
- Waschbecken mit Unterschrank
- LED-Deckenbeleuchtung
- 230V Elektroinstallation mit Steckdosen.
- 2000W elektrischer Wandheizkörper
- PVC-Böden
- Höhe 2,50m
- Dachfenster
- Warmwasserbereiter",https://modu-luxe-gmbh.de/products/sanitarcontainer-2-00-x-2-00-m-mit-toilette-und-urinar,https://modu-luxe-gmbh.de/cdn/shop/files/rn-image_picker_lib_temp_cf4e51a5-6440-4031-9c2e-2daf5894e246.jpg?v=1777562099,"https://modu-luxe-gmbh.de/cdn/shop/files/rn-image_picker_lib_temp_81d74ebf-ca61-4cf3-9012-4f7bcea960cb.jpg?v=1777562098, https://modu-luxe-gmbh.de/cdn/shop/files/rn-image_picker_lib_temp_a69bc790-ce08-49a9-829c-b4a1d8e6d8a2.jpg?v=1777562099, https://modu-luxe-gmbh.de/cdn/shop/files/rn-image_picker_lib_temp_8e9f2408-a8b3-4ca2-87bd-4f7c8e46daff.jpg?v=1777562098, https://modu-luxe-gmbh.de/cdn/shop/files/rn-image_picker_lib_temp_33b2ed00-f5b6-49eb-a5af-1298b3be7820.jpg?v=1777562098, https://modu-luxe-gmbh.de/cdn/shop/files/rn-image_picker_lib_temp_b8a45e91-7590-4276-95e8-217661202516.jpg?v=1777562098, https://modu-luxe-gmbh.de/cdn/shop/files/rn-image_picker_lib_temp_f20e6b8b-00e7-469a-a69d-c934df8afb79.jpg?v=1777562098, https://modu-luxe-gmbh.de/cdn/shop/files/rn-image_picker_lib_temp_7bb90cdf-a8ae-4e3b-9cbf-2e22c022c7f1.jpg?v=1777562098",in stock,2050.90 EUR,,MODULUXE GMBH,,sanitarcontainer-2-00-x-2-00-m-mit-toilette-und-urinar,new,Sanitärcontainer
sanitarcontainer-mit-dusche-wc-und-urinal,"Sanitärcontainer mit Dusche, WC und Urinal","Unser Unisex-WC-Sanitärcontainer mit Dusche und Urinal ist die ideale mobile Sanitäreinheit für Baustellen, Veranstaltungen oder temporäre Installationen. Mit seiner modernen Farbgebung in RAL 7016 (Anthrazitgrau) fügt sich der Container nahtlos in jede Umgebung ein und bietet gleichzeitig eine funktionale und komfortable Lösung.
Die Doppelkabine des Containers ist voll ausgestattet und bietet alles, was für eine hygienische und komfortable Nutzung notwendig ist. Zur Innenausstattung gehören:
Durchlauferhitzer für die Dusche: Sorgt sofort für heißes Wasser.
Urinal: Praktisch und platzsparend integriert.
Duschen: Für eine erfrischende Reinigung.
Badezimmer: Standardbadezimmer für den täglichen Gebrauch.
2x Waschbecken: eines pro Kabine, inkl. Spiegel.
2 Lichtschalter und Deckenleuchten: für optimale Beleuchtung in jeder Kabine.
1x Steckdose: für weitere Elektrogeräte.
1x Duschvorhang: Für Privatsphäre während der Benutzung. (Muster kann variieren)
Voll ausgestattet: Inklusive Dusche, Urinal, Toilette, Waschbecken, Spiegel und mehr.
Modernes Design: Zeitloses RAL 7016 (Anthrazitgrau) für eine ansprechende Optik.
Einfaches Handling: Staplerschienen ermöglichen ein schnelles Verschieben des Containers.
Kompakte Abmessungen: platzsparend und dennoch geräumig genug für eine komfortable Nutzung.
Leicht zu reinigen: Der Innenraum ist pflegeleicht und schnell zu reinigen.
Technische Daten:
Kran- und Staplertauglich: Dank der integrierten Staplerschienen lässt sich der Container schnell und einfach bewegen.
Farbe: RAL 7016 (Anthrazitgrau): modern und zeitlos.
Außenmaße: 125 x 240 x 235 cm (Länge x Breite x Höhe)
Innenmaße Duschkabine: ca. 100 x 90 x 210 cm (Länge x Breite x Höhe)
Innenmaße der Nasszelle: ca. 100 x 120 x 210 cm (Länge x Breite x Höhe)
Gewicht: ca. 310 kg
Wasseranschluss: 1/2"" Außengewinde
Abwasserrohr: 110 mm (Außendurchmesser)
Wandpaneele: 5 cm Sandwichplatte, EPS (Polystyrol) Füllung
Dach: 40 mm PUR-Sandwichplatte
Boden: 14mm Faserzement mit PVC-Belag (keine billigen Holz-/Spanplatten, die früher oder später verrotten)
Die Containertüren bestehen aus stabilem Stahl und verfügen über einen abschließbaren Griff sowie zwei Schlüssel pro Kabine. Die Durchgangsmaße betragen 65 x 190 cm (Breite x Höhe). Der Container ist zudem mit einem ca. 60 x 40 cm großen PVC-Fenster ausgestattet.",https://modu-luxe-gmbh.de/products/sanitarcontainer-mit-dusche-wc-und-urinal,https://modu-luxe-gmbh.de/cdn/shop/files/rn-image_picker_lib_temp_b1dd6a65-fdce-48fa-a8df-3d2fd8055a4d.jpg?v=1777562098,"https://modu-luxe-gmbh.de/cdn/shop/files/rn-image_picker_lib_temp_b0fb7494-eb49-46f8-833f-e34f111bf1ce.jpg?v=1777562097, https://modu-luxe-gmbh.de/cdn/shop/files/rn-image_picker_lib_temp_1cafd627-e4c6-4f14-b279-03d6a914cdf0.jpg?v=1777562097, https://modu-luxe-gmbh.de/cdn/shop/files/rn-image_picker_lib_temp_e0eca2d5-4b28-4709-bbd0-e0edf958a051.jpg?v=1777562097, https://modu-luxe-gmbh.de/cdn/shop/files/rn-image_picker_lib_temp_2c01d0c9-a598-4f49-b723-4fea42fdcfe4.jpg?v=1777562097, https://modu-luxe-gmbh.de/cdn/shop/files/rn-image_picker_lib_temp_40da4a09-d9c4-477b-a49d-be716ae84e95.jpg?v=1777562097",in stock,2650.00 EUR,,MODULUXE GMBH,,sanitarcontainer-mit-dusche-wc-und-urinal,new,Sanitärcontainer
sanitareinheit-reinigungseinheit-1-platz,SANITÄREINHEIT REINIGUNGSEINHEIT 1 PLATZ,"Unser maßgeschneiderter Sanitärblock erfüllt höchste Hygieneanforderungen und vereint Technik und Komfort. Ob auf der Baustelle, beim Festival oder bei der Ausstattung eines Veranstaltungsortes – diese geschlossene Lösung garantiert einwandfreie Hygiene bis ins kleinste Detail.
Optimaler Komfort auf kleinem Raum
Trotz ihrer kompakten Abmessungen bietet unsere maßgeschneiderte Sanitäreinheit höchsten Komfort. Im Inneren finden Sie:
Hochwertige Sanitärausstattung: Toilette, Waschbecken, Spiegel, Beleuchtung … Alles wurde so konzipiert, dass es Ihnen ein angenehmes und praktisches Erlebnis bietet.
Effektive Wärmedämmung: Dank der effektiven Isolierung bleibt der Geräteinnenraum das ganze Jahr über angenehm temperiert.
Optimale Belüftung: Eine Lüftungsanlage sorgt für eine ständige Belüftung und somit für saubere und gesunde Luft.
Ein modernes und anspruchsvolles Design: Die Ästhetik des Geräts wurde besonders sorgfältig durchdacht, um sich harmonisch in jede Umgebung einzufügen.
Tadellose Autonomie
Dank ihres geschlossenen Systems benötigt unsere individuelle Sanitäreinheit keinen Anschluss an das Wasser- oder Abwassernetz. Sie ist ausgestattet mit:
Ein sauberer Wassertank: Sorgen Sie für die Versorgung mit sicherem Trinkwasser zum Händewaschen.
Ein Abwasserrückgewinnungstank: Ausgestattet mit einem Abwasserbehandlungssystem, das den aktuellen Standards entspricht.
Ein Filtersystem: Garantiert stets optimale Wasserqualität.
Schnelle und einfache Installation
Der Toilettenblock mit Einzelwaschbecken wird betriebsbereit geliefert. Die Installation ist schnell und einfach und erfordert keine besonderen Arbeiten. Er kann auf jedem Untergrund, auch auf schwer zugänglichen, installiert werden.
Die Vorteile unseres individuellen Sanitärgebäudes:
Einwandfreie Hygiene: Leicht zu reinigende Materialien und ein wirksames Desinfektionssystem.
Optimaler Komfort: Ein funktionaler und angenehmer Raum.
Vollständige Autonomie: Keine Verbindung zu Netzwerken.
Mobilität: Einfach zu bewegen und zu installieren.
Haltbarkeit: Robustes, wetterbeständiges Design.
Respektieren Sie die Umwelt: Effektives Abwasserbehandlungssystem.
Weitere Informationen
1 Toilette; 1 Waschbecken; Entlüftung; Lüftungsgerät; Licht; Toilettenpapierhalter; abschließbar; 220V; Absaugung; Gabelstapler-Einfahrplätze; Kranhaken",https://modu-luxe-gmbh.de/products/sanitareinheit-reinigungseinheit-1-platz,https://modu-luxe-gmbh.de/cdn/shop/files/rn-image_picker_lib_temp_2bfe7337-3621-4015-aa30-97a5cba5e3e9.jpg?v=1777562093,"https://modu-luxe-gmbh.de/cdn/shop/files/rn-image_picker_lib_temp_dfb78e74-6ed6-4569-811a-02626d890b6d.jpg?v=1777562093, https://modu-luxe-gmbh.de/cdn/shop/files/rn-image_picker_lib_temp_faa8ad87-f155-4b35-834c-612a3c165c0f.jpg?v=1777562093, https://modu-luxe-gmbh.de/cdn/shop/files/rn-image_picker_lib_temp_894d9f60-f605-44c0-8d8f-5d056ecd9d2c.jpg?v=1777562093, https://modu-luxe-gmbh.de/cdn/shop/files/rn-image_picker_lib_temp_294d8a02-bed5-491e-ab97-a1453869a98f.jpg?v=1777562093",in stock,1300.00 EUR,,MODULUXE GMBH,,sanitareinheit-reinigungseinheit-1-platz,new,Sanitärcontainer
standard-burocontainer-6-00-x-2-43m,"STANDARD-BÜROCONTAINER 6,00 X 2,43M","Investieren Sie in einen maßgeschneiderten Arbeitsbereich mit unserem Standard-Bürocontainer 6,00 x 2,43 m. Dieser Container wurde für die Bedürfnisse anspruchsvollster Fachleute entwickelt und bietet den idealen Kompromiss zwischen Funktionalität und Design.
Robust und langlebig: Unser Container aus hochwertigem Stahl ist wetter- und stoßfest und garantiert eine außergewöhnliche Langlebigkeit. Seine Wärme- und Schalldämmung garantiert optimalen Komfort zu jeder Jahreszeit.
Modular und individuell anpassbar: Passen Sie Ihren Container mit zahlreichen Anpassungsoptionen an Ihre individuellen Bedürfnisse an. Wählen Sie aus verschiedenen Innenausstattungen, Fenstern und Türen, um einen maßgeschneiderten Arbeitsbereich zu schaffen.
Funktional und praktisch: Unser Bürocontainer ist mit allem ausgestattet, was Sie für optimale Arbeitsbedingungen benötigen: Steckdosen, LED-Beleuchtung, Belüftungssystem usw. Optional können Sie sich für zusätzliche Ausstattung wie einen Schreibtisch, Regale oder eine Klimaanlage entscheiden.
Ästhetik und Design: Das moderne und elegante Design unseres Bürocontainers fügt sich perfekt in jede Umgebung ein. Erhältlich in einer breiten Farbpalette verleiht er Ihrem Arbeitsbereich einen Hauch von Eleganz.
Ihre Vorteile bei der Wahl unseres Bürocontainers:
Schnelle Montage: Ihr Container wird betriebsbereit geliefert und kann vor Ort schnell aufgebaut werden.
Mobilität: Verlegen Sie Ihr Büro mit unseren Transportlösungen, wohin Sie möchten.
Wirtschaftlichkeit: Eine wirtschaftliche und flexible Lösung für alle Ihre Arbeitsplatzanforderungen.
Respekt für die Umwelt: Unsere Behälter werden aus recycelbaren Materialien hergestellt und sind auf Langlebigkeit ausgelegt.
Weitere Informationen
Bodenstruktur:
Blindboden: 0,5 mm T14 Trapezblech, mit den Bodentraversen vernietet
Dämmung: 100 mm Mineralwolle, 0,2 mm Dampfsperre
Grundplatte: OSB-Platten, verschraubt auf Profilstahlträger
Bodenbelag: 2 mm PVC mit Sockelleiste, vollflächig verklebt, Muster grau meliert.
Zulässige Erdlast: 3,8 kn/m
Wandaufbau:
Profilblech: 0,5 mm T8 Trapezblech (Anthrazit) - andere Farben nach Kundenwunsch gegen Aufpreis.
Dämmung: 50mm Mineralwolle, bis 100mm nach Kundenwunsch
Innenverkleidung: 16 mm Schichtstoffplatte, weiß.
Dampfbrecher: 0,2 mm - Membran
Dachkonstruktion:
Profilblech: Trapezblech 0,7 mm T35
Isolierung: 100 mm Mineralwolle
Innenverkleidung: 16 mm Schichtstoffplatte, weiß.
Dampfbrecher: 0,2 mm - Membran
Wasserablauf: Wasserableitung durch PVC-Rohre an den Ecken des Containers
Fenster:
1 Stück Kunststofffenster 2,00 x 1,20 m mit Isolierverglasung, Schwingbeschlägen und Kunststoffrollos
2 Kunststofffenster 2,00 x 1,00 m mit Isolierverglasung, Ausschwenkbeschlägen und Kunststoffrollläden
Tür:
Außentür: ZKI60 Tür, RAL7016
Abmessungen 900 x 1 970 mm,
Elektroinstallation: VDE-Norm für Elektroinstallationen
CEE 380V/32A/5-polige Außensteckdosen. Beleuchtung - Zwei 50W LED-Leuchten, gesteuert über einen Ein-/Ausschalter, Steckdosen und einen Schaltschrank mit der entsprechenden Anzahl an FI-Sicherungen und Leitungsschutzschaltern.
Die Elektroinstallation erfolgt versenkt",https://modu-luxe-gmbh.de/products/standard-burocontainer-6-00-x-2-43m,https://modu-luxe-gmbh.de/cdn/shop/files/rn-image_picker_lib_temp_a2501b88-a384-4b8f-85d0-239f0cc1bb27.jpg?v=1777562082,"https://modu-luxe-gmbh.de/cdn/shop/files/rn-image_picker_lib_temp_c310a423-e131-47bc-b75b-df90a8ac9094.jpg?v=1777562082, https://modu-luxe-gmbh.de/cdn/shop/files/rn-image_picker_lib_temp_cdfa7c75-5c9e-4e87-81ba-d90ad81e95ed.jpg?v=1777562082",in stock,2490.00 EUR,,MODULUXE GMBH,,standard-burocontainer-6-00-x-2-43m,new,Bürocontainer
tragbare-toilette-badezimmer-mobile-toilette-mit-dusche-und-waschbecken,"Tragbare Toilette, Badezimmer, Mobile Toilette Mit Dusche Und Waschbecken","Verbessern Sie Ihr Outdoor-Erlebnis mit einer kompakten, multifunktionalen Badezimmerlösung!
Die tragbare Toilette, Badezimmer, mobile Toilette mit Dusche und Waschbecken ist die ultimative mobile Badezimmereinheit für Bequemlichkeit, Komfort und Vielseitigkeit. Perfekt für Camping, Baustellen, Outdoor-Events, Wohnmobilfahrten und Remote-Auftragsplätze, kombiniert diese in sich geschlossene Einheit eine Toilette, Waschbecken und Dusche in einem kompakten, leicht zu transportierenden Design.
Egal, ob Sie eine hygienische Toilettenlösung für Arbeiter oder ein luxuriöses Campingbad benötigen, diese eigenständige Einheit ist einsatzbereit, schließen Sie einfach an eine 110V-Stromquelle, eine Wasserversorgung und ein Klärsystem an (oder externe Abfalltanks, wenn kein Kanalanschluss verfügbar ist).
Hauptmerkmale:
All-in-One-Design – Toilette, Waschbecken und Dusche in einer einzigen tragbaren Einheit 
Compact & Mobile – Einfach zu transportieren und überall aufzustellen 
Langlebige Konstruktion – Gebaut für den robusten Außenbereich und den Einsatz auf der Baustelle 
Stilvolles Interieur – Komfortable und angenehme Benutzererfahrung 
Einfaches Anschließen – Erfordert 110V Strom, Wasserversorgung und Klär-/Abfalltankanschluss 
Vielseitige Nutzung – Ideal für Camping, Bau, Veranstaltungen, Wohnmobile und Off-Grid-Leben
Spezifikationen:
- 
Stromversorgung: 110V elektrischer Anschluss
- 
Wasseranschluss: Erfordert Kaltwasserversorgung; Warmwasser über Heizbrenner verfügbar
- 
Abfallwirtschaft: Anschluss an die Sanitäranleitung oder externe Abfallbehälter
- 
Installationshinweis: Verwenden Sie Gewindedichtungsband (nicht Kleber) für Rohrverbindungen
- 
Empfohlene Verwendung:
- 
Baustellen: Anbindung an die Kanalisation zur Abfallentsorgung
- 
Abgelegene Standorte: Verwenden Sie externe Abfalltanks, wenn kein Kanalzugang
- 
Camping/Outdoor Events: Tragbar und leicht zu verlagern
Warum wählen Sie diese mobile Toilette mit Dusche & Waschbecken?
- 
Spart Raum & Zeit – Keine Notwendigkeit für mehrere Einheiten; alles in einem!
- 
Hygienisch & Komfortabel – Aufrechterhaltung der Sauberkeit an abgelegenen Standorten
- 
Einfache Einrichtung & Mobilität – Bewegen und installieren, wo immer nötig
- 
Ideal für temporäre oder dauerhafte Nutzung – Perfekt für Baustellen, Festivals und netzunabhängiges Leben
Bestellen Sie noch heute und genießen Sie ein voll funktionsfähiges Badezimmer überall!",https://modu-luxe-gmbh.de/products/tragbare-toilette-badezimmer-mobile-toilette-mit-dusche-und-waschbecken,https://modu-luxe-gmbh.de/cdn/shop/files/Portable-Restroom-Bathroom-Mobile-Toilet-With-Shower-And-Sink.webp?v=1785263476,"https://modu-luxe-gmbh.de/cdn/shop/files/Portable-Restroom-Bathroom-Mobile-Toilet-With-Shower-And-Sink2.webp?v=1785263476, https://modu-luxe-gmbh.de/cdn/shop/files/Portable-Restroom-Bathroom-Mobile-Toilet-With-Shower-And-Sink3.webp?v=1785263476, https://modu-luxe-gmbh.de/cdn/shop/files/Portable-Restroom-Bathroom-Mobile-Toilet-With-Shower-And-Sink4.webp?v=1785263476, https://modu-luxe-gmbh.de/cdn/shop/files/Portable-Restroom-Bathroom-Mobile-Toilet-With-Shower-And-Sink5.webp?v=1785263476, https://modu-luxe-gmbh.de/cdn/shop/files/Portable-Restroom-Bathroom-Mobile-Toilet-With-Shower-And-Sink6.webp?v=1785263477, https://modu-luxe-gmbh.de/cdn/shop/files/Portable-Restroom-Bathroom-Mobile-Toilet-With-Shower-And-Sink8.webp?v=1785263476, https://modu-luxe-gmbh.de/cdn/shop/files/Portable-Restroom-Bathroom-Mobile-Toilet-With-Shower-And-Sink9.webp?v=1785263477, https://modu-luxe-gmbh.de/cdn/shop/files/Portable-Restroom-Bathroom-Mobile-Toilet-With-Shower-And-Sink10.webp?v=1785263477, https://modu-luxe-gmbh.de/cdn/shop/files/Portable-Restroom-Bathroom-Mobile-Toilet-With-Shower-And-Sink11.webp?v=1785263476",in stock,2649.00 EUR,,MODULUXE GMBH,,tragbare-toilette-badezimmer-mobile-toilette-mit-dusche-und-waschbecken,new,Sanitärcontainer
wohncontainer-6-00-x-2-44-m-mit-kuchenzeile-wc-und-dusche,"Wohncontainer 6,00 x 2,44 m mit Küchenzeile, WC und Dusche","Produktbeschreibung
Der Wohncontainer 6,00 x 2,44 m ist eine sofort einsatzbereite, moderne und robuste Lösung für Wohnen, Baustellen, Büros oder temporäre Unterkünfte.
Er ist vollständig ausgestattet mit Küchenzeile, Badezimmer (WC + Dusche + Waschbecken) sowie einer hochwertigen Isolierung für optimalen Komfort zu jeder Jahreszeit.
Die stabile Stahlkonstruktion, kombiniert mit professioneller Verarbeitung und CH-Norm Elektroinstallation, garantiert Langlebigkeit, Sicherheit und Funktionalität.
📊 Technische Daten
Kategorie
Details
Abmessungen
6,00 x 2,44 m
Struktur
Geschweißte Stahlkonstruktion (3 mm S235)
Farbe
RAL 
Container-Ecken
8 Stück
🧱 Bodenaufbau
Element
Beschreibung
Blindboden
0,5 mm Trapezblech T14
Isolierung
Mineralwolle 100 mm
Dampfsperre
0,2 mm Folie
Bodenplatte
OSB-Platten
Bodenbelag
2 mm PVC (grau marmoriert)
Tragfähigkeit
3,8 kN/m²
🧱 Wandaufbau
Element
Beschreibung
Außenwand
0,5 mm Trapezblech T8 (RAL 7016)
Isolierung
50 mm (optional bis 100 mm)
Innenverkleidung
16 mm Laminatplatte (weiß)
Dampfsperre
0,2 mm Membran
🏠 Dachaufbau
Element
Beschreibung
Dachblech
0,7 mm Trapezblech T35
Isolierung
Mineralwolle 100 mm
Innenverkleidung
16 mm Laminatplatte
Dampfsperre
0,2 mm Membran
Entwässerung
PVC-Rohre in Containerecken
🪟 Fenster & Türen
Element
Beschreibung
Fenster
1x Kunststofffenster (2,00 x 1,20 m), Dreh-/Kipp
Verglasung
Isolierverglasung
Rollläden
Kunststoff
Außentür
Hörmann ZKI60
Türmaß
900 x 1.970 mm
🚿 Badezimmerausstattung
WC
Dusche
Waschbecken
Warmwasserboiler
⚡ Elektroinstallation (CH Standard)
Außensteckdose CEE 380V / 32A / 5-polig
2x LED-Beleuchtung (50W)
Lichtschalter Ein/Aus
Steckdosen innen
Schaltschrank mit Sicherungen
FI-Schutzschalter
✅ Vorteile
✔ Sofort einsatzbereit✔ Komplett ausgestattet (Küche + Bad)✔ Hochwertige Isolierung✔ Robuste Stahlkonstruktion✔ Ideal für Wohnen, Büro oder Baustelle",https://modu-luxe-gmbh.de/products/wohncontainer-6-00-x-2-44-m-mit-kuchenzeile-wc-und-dusche,https://modu-luxe-gmbh.de/cdn/shop/files/4147213205.png?v=1777562036,"https://modu-luxe-gmbh.de/cdn/shop/files/4147213210.png?v=1777562036, https://modu-luxe-gmbh.de/cdn/shop/files/4147223676.png?v=1777562036, https://modu-luxe-gmbh.de/cdn/shop/files/4147213215.png?v=1777562036, https://modu-luxe-gmbh.de/cdn/shop/files/4147213220.png?v=1777562037, https://modu-luxe-gmbh.de/cdn/shop/files/4147223681.png?v=1777562036, https://modu-luxe-gmbh.de/cdn/shop/files/4147227157.png?v=1777562037, https://modu-luxe-gmbh.de/cdn/shop/files/4147213225.png?v=1777562036, https://modu-luxe-gmbh.de/cdn/shop/files/4147227162.png?v=1777562036, https://modu-luxe-gmbh.de/cdn/shop/files/4147227167.png?v=1777562036, https://modu-luxe-gmbh.de/cdn/shop/files/4147228119.png?v=1777562037, https://modu-luxe-gmbh.de/cdn/shop/files/4147228124.png?v=1777562035, https://modu-luxe-gmbh.de/cdn/shop/files/4147227172.png?v=1777562035",in stock,4120.00 EUR,,MODULUXE GMBH,,wohncontainer-6-00-x-2-44-m-mit-kuchenzeile-wc-und-dusche,new,Sanitärcontainer
