Handle,Title,Body (HTML),Vendor,Product Category,Type,Tags,Published,Option1 Name,Option1 Value,Option1 Linked To,Option2 Name,Option2 Value,Option2 Linked To,Option3 Name,Option3 Value,Option3 Linked To,Variant SKU,Variant Grams,Variant Inventory Tracker,Variant Inventory Qty,Variant Inventory Policy,Variant Fulfillment Service,Variant Price,Variant Compare At Price,Variant Requires Shipping,Variant Taxable,Unit Price Total Measure,Unit Price Total Measure Unit,Unit Price Base Measure,Unit Price Base Measure Unit,Variant Barcode,Image Src,Image Position,Image Alt Text,Gift Card,SEO Title,SEO Description,Farbe (product.metafields.shopify.color-pattern),Material (product.metafields.shopify.material),Variant Image,Variant Weight Unit,Variant Tax Code,Cost per item,Status,Google Product Category
achsen-anhanger-fur-den-transport-von-20-fuss-und-10-fuss-container,Achsen Anhänger für den Transport von 20 Fuß und 10 Fuß Container,<h2>2-Achs Fahrgestell mit Twist-Lock – für 10 &amp; 20 Fuß Container</h2> <p>Dieses <strong>preisgünstige zweiachsige Container-Fahrgestell</strong> ist speziell für den sicheren Transport von <strong>10-Fuß- und 20-Fuß-Containern</strong> konzipiert. Dank der integrierten Twist-Lock-Aufnahmen ist eine schnelle und zuverlässige Fixierung der Container gewährleistet.</p> <hr> <h2>⚙️ Hauptmerkmale</h2> <ul> <li>Geeignet für <strong>10-Fuß- und 20-Fuß-Container</strong> </li> <li>Ausgestattet mit <strong>Twist-Lock-Systemen</strong> für sicheren Halt</li> <li>Zwei Achsen für <strong>stabiles und leichtes Fahrverhalten</strong> </li> <li>Gute Manövrierfähigkeit auch bei voller Beladung</li> <li>Robuste Konstruktion für den täglichen Einsatz im Transportwesen</li> </ul> <hr> <h2>⚖️ Technische Daten</h2> <ul> <li> <strong>Eigengewicht:</strong> 750 kg</li> <li> <strong>Zuladung:</strong> 2.750 kg</li> </ul> <hr> <p><strong>👉 Eine praktische und wirtschaftliche Lösung für den flexiblen Containertransport im gewerblichen Einsatz.</strong></p>,Containerdienst ASL GmbH,Vehicles & Parts > Vehicle Parts & Accessories > Vehicle Storage & Cargo > Motor Vehicle Trailers > Utility & Cargo Trailers,Containeranhänger,,true,Title,Default Title,,,,,,,,ASL-299-071,0.0,shopify,14,deny,manual,1500.00,,true,true,,,,,,https://cdn.shopify.com/s/files/1/1075/4175/8301/files/3_achsen_anhanger_fur_20_fuss_und_10_fuss_container.jpg?v=1780942386,1,,false,,,,metal,,kg,,,active,Fahrzeuge & Teile > Fahrzeuganhänger & Zubehör > Nutzfahrzeuganhänger
40-fuss-ladencontainer-imbissstand-buro-kiosk,40-Fuß Ladencontainer – Imbissstand / Büro / Kiosk,"<h2>40-Fuß Ladencontainer – Imbissstand / Büro / Kiosk</h2> <p>Dieser 40-Fuß-Container (First Voyage) wurde zu einem vielseitigen Ladencontainer umgebaut und eignet sich ideal als Imbissstand, Büro, Verkaufsstand oder Kiosk. Durch seine durchdachte Ausstattung und moderne Optik ist er sofort einsatzbereit für gewerbliche Nutzung.</p> <h3>Abmessungen</h3> <ul> <li>Länge: 12 m</li> <li>Breite: 2,45 m</li> <li>Höhe: 2,60 m</li> </ul> <h3>Öffnungen</h3> <ul> <li>1 × Gasdruckfeder-Markise 2000 × 1200 mm</li> <li>1 × Gasdruckfeder-Markise 3000 × 1200 mm</li> <li>1 × Zugangstür 800 × 2000 mm</li> </ul> <h3>Theken</h3> <ul> <li>1 × Klapptheke 2000 × 300 mm</li> <li>1 × Klapptheke 3000 × 300 mm</li> </ul> <h3>Elektrische Installation</h3> <ul> <li>1 × einreihiger Elektroverteiler</li> <li>3 × wasserdichte LED-Leuchten</li> <li>4 × 16A Steckdosen mit Schutzkontakt</li> <li>1 × Lichtschalter</li> <li>1 × Schnellanschlussdose</li> </ul> <h3>Innenausbau &amp; Isolierung</h3> <ul> <li>40 mm Lebensmittel-Sandwichpaneele (weiß)</li> <li>Vollständige Innenisolierung für ganzjährigen Einsatz</li> </ul> <h3>Außenverarbeitung</h3> <ul> <li>Komplettlackierung in RAL 7016 (Anthrazitgrau)</li> <li>Holzverkleidung rund um den gesamten Container für eine moderne und ansprechende Optik</li> </ul> <p>Ein hochwertiger, sofort einsatzbereiter Verkaufscontainer für Gastronomie, Handel oder mobile Geschäftskonzepte.</p>",Containerdienst ASL GmbH,Business & Industrial > Food Service > Food Service Carts,Container BAR/CAFÉ,Container BAR/CAFÉ Kaufen,true,Title,Default Title,,,,,,,,ASL-299-068,0.0,shopify,13,deny,manual,2250.00,,true,true,,,,,,https://cdn.shopify.com/s/files/1/1075/4175/8301/files/rn-image_picker_lib_temp_4343a404-34dc-4a52-8df4-540523d9cf07.webp?v=1780942385,1,,false,,,,,,kg,,,active,Business & Industrie > Gastronomie > Food Trucks & Imbissstände
40-fuss-ladencontainer-imbissstand-buro-kiosk,,,,,,,,,,,,,,,,,,,,,,,,,,,,,,,,https://cdn.shopify.com/s/files/1/1075/4175/8301/files/rn-image_picker_lib_temp_41a0665a-4496-4171-904d-ece29bd9ab6f.webp?v=1780942384,2,,,,,,,,,,,,
40-fuss-ladencontainer-imbissstand-buro-kiosk,,,,,,,,,,,,,,,,,,,,,,,,,,,,,,,,https://cdn.shopify.com/s/files/1/1075/4175/8301/files/rn-image_picker_lib_temp_5c0b5c45-e52e-42b2-a0e5-ad349bd4d6c9.webp?v=1780942384,3,,,,,,,,,,,,
40-fuss-ladencontainer-imbissstand-buro-kiosk,,,,,,,,,,,,,,,,,,,,,,,,,,,,,,,,https://cdn.shopify.com/s/files/1/1075/4175/8301/files/rn-image_picker_lib_temp_0e550739-3b0f-44aa-a13f-49539d68ab17.webp?v=1780942383,4,,,,,,,,,,,,
sanitarcontainer-4-x-2-m-mit-dusche-und-doppel-wc-komplett-ausgestatteter-wc-duschcontainer,Sanitärcontainer 4 x 2 m mit Dusche und Doppel-WC – komplett ausgestatteter WC-Duschcontainer,"<h2>Komplette Sanitärlösung für Baustellen, Events und mobile Einsätze</h2> <p>Dieser 4 × 2 m große Sanitärcontainer bietet eine voll ausgestattete Lösung für hygienische Anforderungen auf Baustellen, Veranstaltungen oder temporären Standorten. Der Container verfügt über zwei separate Toiletten sowie integrierte Duschen und ermöglicht somit eine komfortable Nutzung für mehrere Personen gleichzeitig.</p> <p>Dank seiner robusten Bauweise und der integrierten Installationen ist der Container sofort einsatzbereit.</p> <h3>Vorteile auf einen Blick</h3> <ul> <li>Zwei separate WC-Kabinen</li> <li>Integrierte Dusche(n)</li> <li>Sofort einsatzbereit</li> <li>Kompakte Bauweise (ca. 8 m²)</li> <li>Robuste und wetterfeste Konstruktion</li> </ul> <h3>Ausstattung</h3> <ul> <li>2 Toiletten (getrennte Kabinen)</li> <li>1–2 Duschen</li> <li>Waschbecken</li> <li>Warmwasser (Boiler oder Durchlauferhitzer)</li> <li>Elektroinstallation (Steckdosen, Beleuchtung)</li> <li>Wasser- und Abwasseranschlüsse</li> <li>Belüftungssystem</li> <li>Isolierte Wände (Sandwichpaneele)</li> </ul> <h3>Wichtiger Hinweis</h3> <p>Die Ausstattung kann je nach Modell variieren.</p> <h3>Typische Einsatzbereiche</h3> <ul> <li>Baustellen</li> <li>Events und Festivals</li> <li>Industrieanlagen</li> <li>Landwirtschaft</li> <li>Temporäre Unterkünfte</li> </ul> <h3>Technische Daten</h3> <ul> <li>Maße: ca. 4.000 × 2.000 × 2.500 mm</li> <li>Nutzfläche: ca. 8 m²</li> <li>Gewicht: ca. 1.000 – 1.500 kg</li> <li>Konstruktion: Stahlrahmen</li> <li>Wände: isolierte Sandwichpaneele</li> </ul> <h3>Wichtige Hinweise</h3> <ul> <li>Anschluss an Wasser und Abwasser erforderlich</li> <li>Stromanschluss notwendig</li> <li>Ausstattung kann variieren</li> <li>Bilder dienen als Beispiel</li> </ul>",Containerdienst ASL GmbH,Sporting Goods > Outdoor Recreation > Camping & Hiking > Portable Toilets & Showers,Sanitärcontainer,"Sanitärcontainer, Sanitärcontainer kaufen",true,Title,Default Title,,,,,,,,ASL-299-063,0.0,shopify,21,deny,manual,1750.00,,true,true,,,,,,https://cdn.shopify.com/s/files/1/1075/4175/8301/files/Sanit_rcontainer_4_x_2_m_mit_Dusche_und_Doppel-WC_komplett_ausgestatteter_WC-Duschcontainer_neu.webp?v=1780942380,1,,false,,,,,,kg,,,active,Business & Industrie > Baugewerbe > Baustellenausstattung > Mobile Sanitäranlagen
sanitarcontainer-4-x-2-m-mit-dusche-und-doppel-wc-komplett-ausgestatteter-wc-duschcontainer,,,,,,,,,,,,,,,,,,,,,,,,,,,,,,,,https://cdn.shopify.com/s/files/1/1075/4175/8301/files/Sanit_rcontainer_4_x_2_m_mit_Dusche_und_Doppel-WC_komplett_ausgestatteter_WC-Duschcontainer_neu_369.webp?v=1780942380,2,,,,,,,,,,,,
sanitarcontainer-4-x-2-m-mit-dusche-und-doppel-wc-komplett-ausgestatteter-wc-duschcontainer,,,,,,,,,,,,,,,,,,,,,,,,,,,,,,,,https://cdn.shopify.com/s/files/1/1075/4175/8301/files/Sanit_rcontainer_4_x_2_m_mit_Dusche_und_Doppel-WC_komplett_ausgestatteter_WC-Duschcontainer_neu_036.webp?v=1780942380,3,,,,,,,,,,,,
sanitarcontainer-4-x-2-m-mit-dusche-und-doppel-wc-komplett-ausgestatteter-wc-duschcontainer,,,,,,,,,,,,,,,,,,,,,,,,,,,,,,,,https://cdn.shopify.com/s/files/1/1075/4175/8301/files/Sanit_rcontainer_4_x_2_m_mit_Dusche_und_Doppel-WC_komplett_ausgestatteter_WC-Duschcontainer_neu_023.webp?v=1780942381,4,,,,,,,,,,,,
sanitarcontainer-4-x-2-m-mit-dusche-und-doppel-wc-komplett-ausgestatteter-wc-duschcontainer,,,,,,,,,,,,,,,,,,,,,,,,,,,,,,,,https://cdn.shopify.com/s/files/1/1075/4175/8301/files/Sanit_rcontainer_4_x_2_m_mit_Dusche_und_Doppel-WC_komplett_ausgestatteter_WC-Duschcontainer_neu_0010.webp?v=1780942380,5,,,,,,,,,,,,
sanitarcontainer-4-x-2-m-mit-dusche-und-doppel-wc-komplett-ausgestatteter-wc-duschcontainer,,,,,,,,,,,,,,,,,,,,,,,,,,,,,,,,https://cdn.shopify.com/s/files/1/1075/4175/8301/files/Sanit_rcontainer_4_x_2_m_mit_Dusche_und_Doppel-WC_komplett_ausgestatteter_WC-Duschcontainer_neu_003.webp?v=1780942380,6,,,,,,,,,,,,
sanitarcontainer-4-x-2-m-mit-dusche-und-doppel-wc-komplett-ausgestatteter-wc-duschcontainer,,,,,,,,,,,,,,,,,,,,,,,,,,,,,,,,https://cdn.shopify.com/s/files/1/1075/4175/8301/files/Sanit_rcontainer_4_x_2_m_mit_Dusche_und_Doppel-WC_komplett_ausgestatteter_WC-Duschcontainer_neu_01.webp?v=1780942380,7,,,,,,,,,,,,
sanitareinheit-reinigungseinheit-1-platz,Sanitäreinheit Reinigungseinheit 1 platz,"<p><strong>Unser maßgeschneiderter Sanitärblock erfüllt höchste Hygieneanforderungen und vereint Technik und Komfort. Ob auf der Baustelle, beim Festival oder bei der Ausstattung eines Veranstaltungsortes – diese geschlossene Lösung garantiert einwandfreie Hygiene bis ins kleinste Detail.</strong></p> <p><strong>Optimaler Komfort auf kleinem Raum</strong></p> <p><strong>Trotz ihrer kompakten Abmessungen bietet unsere maßgeschneiderte Sanitäreinheit höchsten Komfort. Im Inneren finden Sie:</strong></p> <ul> <li><strong>Hochwertige Sanitärausstattung: Toilette, Waschbecken, Spiegel, Beleuchtung … Alles wurde so konzipiert, dass es Ihnen ein angenehmes und praktisches Erlebnis bietet.</strong></li> <li><strong>Effektive Wärmedämmung: Dank der effektiven Isolierung bleibt der Geräteinnenraum das ganze Jahr über angenehm temperiert.</strong></li> <li><strong>Optimale Belüftung: Eine Lüftungsanlage sorgt für eine ständige Belüftung und somit für saubere und gesunde Luft.</strong></li> <li><strong>Ein modernes und anspruchsvolles Design: Die Ästhetik des Geräts wurde besonders sorgfältig durchdacht, um sich harmonisch in jede Umgebung einzufügen.</strong></li> </ul> <p><strong>Tadellose Autonomie</strong></p> <p><strong>Dank ihres geschlossenen Systems benötigt unsere individuelle Sanitäreinheit keinen Anschluss an das Wasser- oder Abwassernetz. Sie ist ausgestattet mit:</strong></p> <ul> <li><strong>Ein sauberer Wassertank: Sorgen Sie für die Versorgung mit sicherem Trinkwasser zum Händewaschen.</strong></li> <li><strong>Ein Abwasserrückgewinnungstank: Ausgestattet mit einem Abwasserbehandlungssystem, das den aktuellen Standards entspricht.</strong></li> <li><strong>Ein Filtersystem: Garantiert stets optimale Wasserqualität.</strong></li> </ul> <p><strong>Schnelle und einfache Installation</strong></p> <p><strong>Der Toilettenblock mit Einzelwaschbecken wird betriebsbereit geliefert. Die Installation ist schnell und einfach und erfordert keine besonderen Arbeiten. Er kann auf jedem Untergrund, auch auf schwer zugänglichen, installiert werden.</strong></p> <p><strong>Die Vorteile unseres individuellen Sanitärgebäudes:</strong></p> <ul> <li><strong>Einwandfreie Hygiene: Leicht zu reinigende Materialien und ein wirksames Desinfektionssystem.</strong></li> <li><strong>Optimaler Komfort: Ein funktionaler und angenehmer Raum.</strong></li> <li><strong>Vollständige Autonomie: Keine Verbindung zu Netzwerken.</strong></li> <li><strong>Mobilität: Einfach zu bewegen und zu installieren.</strong></li> <li><strong>Haltbarkeit: Robustes, wetterbeständiges Design.</strong></li> <li><strong>Respektieren Sie die Umwelt: Effektives Abwasserbehandlungssystem.</strong></li> </ul> <p class=""sZg4jFb obhdl_Q---typography-11-runningText obhdl_Q---priority-7-primary _HOcyB x4nptw sxbtulv"" aria-hidden=""false""><strong>Weitere Informationen</strong></p> <div class=""rah-static rah-static--height-auto"" aria-hidden=""false""> <div> <div class=""ulKuLk QfrfFD cell""> <div class=""zp8uy2""> <p><strong>1 Toilette; 1 Waschbecken; Entlüftung; Lüftungsgerät; Licht; Toilettenpapierhalter; abschließbar; 220V; Absaugung; Gabelstapler-Einfahrplätze; Kranhaken</strong></p> </div> </div> </div> </div>",GRAL Containerdienst GmbH,Business & Industrial > Industrial Storage > Shipping Containers,SANITÄREINHEIT,"Sanitärcontainer, Sanitärcontainer kaufen",true,Title,Default Title,,,,,,,,GCG-300-026,0.0,shopify,15,deny,manual,1300.00,,true,true,,,,,,https://cdn.shopify.com/s/files/1/1075/4175/8301/files/Contenedor_sanitario_2_00_x_2_00_m_con_ducha_y_cisterna_m_dulo_prefabricado_con_sistema_de_agua_para_obra_y_uso_intensivo_1.webp?v=1779773775,1,,false,,,grau; weiss,metall,,kg,,,active,Business & Industrie > Baugewerbe > Baustellenausstattung > Mobile Sanitäranlagen
sanitareinheit-reinigungseinheit-1-platz,,,,,,,,,,,,,,,,,,,,,,,,,,,,,,,,https://cdn.shopify.com/s/files/1/1075/4175/8301/files/Contenedor_sanitario_2_00_x_2_00_m_con_ducha_y_cisterna_m_dulo_prefabricado_con_sistema_de_agua_para_obra_y_uso_intensivo_01_1.webp?v=1779773775,2,,,,,,,,,,,,
sanitareinheit-reinigungseinheit-1-platz,,,,,,,,,,,,,,,,,,,,,,,,,,,,,,,,https://cdn.shopify.com/s/files/1/1075/4175/8301/files/Contenedor_sanitario_2_00_x_2_00_m_con_ducha_y_cisterna_m_dulo_prefabricado_con_sistema_de_agua_para_obra_y_uso_intensivo_036_1.webp?v=1779773776,3,,,,,,,,,,,,
sanitarcontainer-mit-dusche-wc-und-urinal,"Sanitärcontainer mit Dusche, WC und Urinal","<p><strong>Unser Unisex-WC-Sanitärcontainer mit Dusche und Urinal ist die ideale mobile Sanitäreinheit für Baustellen, Veranstaltungen oder temporäre Installationen. Mit seiner modernen Farbgebung in RAL 7016 (Anthrazitgrau) fügt sich der Container nahtlos in jede Umgebung ein und bietet gleichzeitig eine funktionale und komfortable Lösung.</strong></p> <p><strong>Die Doppelkabine des Containers ist voll ausgestattet und bietet alles, was für eine hygienische und komfortable Nutzung notwendig ist. Zur Innenausstattung gehören:</strong></p> <p><strong>Durchlauferhitzer für die Dusche: Sorgt sofort für heißes Wasser.</strong><br><strong>Urinal: Praktisch und platzsparend integriert.</strong><br><strong>Duschen: Für eine erfrischende Reinigung.</strong><br><strong>Badezimmer: Standardbadezimmer für den täglichen Gebrauch.</strong><br><strong>2x Waschbecken: eines pro Kabine, inkl. Spiegel.</strong><br><strong>2 Lichtschalter und Deckenleuchten: für optimale Beleuchtung in jeder Kabine.</strong><br><strong>1x Steckdose: für weitere Elektrogeräte.</strong><br><strong>1x Duschvorhang: Für Privatsphäre während der Benutzung. (Muster kann variieren)</strong></p> <p><strong>Voll ausgestattet: Inklusive Dusche, Urinal, Toilette, Waschbecken, Spiegel und mehr.</strong><br><strong>Modernes Design: Zeitloses RAL 7016 (Anthrazitgrau) für eine ansprechende Optik.</strong><br><strong>Einfaches Handling: Staplerschienen ermöglichen ein schnelles Verschieben des Containers.</strong><br><strong>Kompakte Abmessungen: platzsparend und dennoch geräumig genug für eine komfortable Nutzung.</strong><br><strong>Leicht zu reinigen: Der Innenraum ist pflegeleicht und schnell zu reinigen.</strong></p> <p><strong>Technische Daten:</strong></p> <p><strong>Kran- und Staplertauglich: Dank der integrierten Staplerschienen lässt sich der Container schnell und einfach bewegen.</strong><br><strong>Farbe: RAL 7016 (Anthrazitgrau): modern und zeitlos.</strong><br><strong>Außenmaße: 125 x 240 x 235 cm (Länge x Breite x Höhe)</strong><br><strong>Innenmaße Duschkabine: ca. 100 x 90 x 210 cm (Länge x Breite x Höhe)</strong><br><strong>Innenmaße der Nasszelle: ca. 100 x 120 x 210 cm (Länge x Breite x Höhe)</strong><br><strong>Gewicht: ca. 310 kg</strong><br><strong>Wasseranschluss: 1/2"" Außengewinde</strong><br><strong>Abwasserrohr: 110 mm (Außendurchmesser)</strong></p> <p><strong>Wandpaneele: 5 cm Sandwichplatte, EPS (Polystyrol) Füllung</strong><br><strong>Dach: 40 mm PUR-Sandwichplatte</strong><br><strong>Boden: 14mm Faserzement mit PVC-Belag (keine billigen Holz-/Spanplatten, die früher oder später verrotten)</strong></p> <p><strong>Die Containertüren bestehen aus stabilem Stahl und verfügen über einen abschließbaren Griff sowie zwei Schlüssel pro Kabine. Die Durchgangsmaße betragen 65 x 190 cm (Breite x Höhe). Der Container ist zudem mit einem ca. 60 x 40 cm großen PVC-Fenster ausgestattet.</strong></p>",GRAL Containerdienst GmbH,Business & Industrial > Industrial Storage > Shipping Containers,Sanitärcontainer,"Modulcontainer, Sanitärcontainer, Sanitärcontainer kaufen",true,Title,Default Title,,,,,,,,GCG-605-026,0.0,shopify,14,deny,manual,2650.00,,true,true,,,,,,https://cdn.shopify.com/s/files/1/1075/4175/8301/files/Contenedor_sanitario_1_30_x_2_05_m_con_ducha_doble_m_dulo_compacto_con_2_cabinas_para_uso_intensivo_en_obra.avif?v=1779778701,1,,false,,,,,,kg,,,active,Business & Industrie > Baugewerbe > Baustellenausstattung > Mobile Sanitäranlagen
sanitarcontainer-mit-dusche-wc-und-urinal,,,,,,,,,,,,,,,,,,,,,,,,,,,,,,,,https://cdn.shopify.com/s/files/1/1075/4175/8301/files/Contenedor_sanitario_1_30_x_2_05_m_con_ducha_doble_m_dulo_compacto_con_2_cabinas_para_uso_intensivo_en_obra_145.webp?v=1779778701,2,,,,,,,,,,,,
sanitarcontainer-mit-dusche-wc-und-urinal,,,,,,,,,,,,,,,,,,,,,,,,,,,,,,,,https://cdn.shopify.com/s/files/1/1075/4175/8301/files/Contenedor_sanitario_1_30_x_2_05_m_con_ducha_doble_m_dulo_compacto_con_2_cabinas_para_uso_intensivo_en_obra_01.webp?v=1779778701,3,,,,,,,,,,,,
sanitarcontainer-mit-dusche-wc-und-urinal,,,,,,,,,,,,,,,,,,,,,,,,,,,,,,,,https://cdn.shopify.com/s/files/1/1075/4175/8301/files/Contenedor_sanitario_1_30_x_2_05_m_con_ducha_doble_m_dulo_compacto_con_2_cabinas_para_uso_intensivo_en_obra_789.webp?v=1779778701,4,,,,,,,,,,,,
sanitarcontainer-mini-toilette,Sanitärcontainer - Mini-Toilette,"<p><strong>Außenmaße:   1610 mm x 1670 mm x 2540 mm (Länge x Breite x Höhe)</strong></p> <p><strong>Freiraum im Innenraum: Raumhöhe 2300 mm</strong></p> <p><strong>Gewicht: ca. 450 Kilo</strong></p> <p><strong>Konstruktionsbeschreibung:</strong><br><strong>vollverzinkte Stahlkonstruktion (nicht stapelbar!)</strong><br><strong>Wand und Dach: beidseitig verzinkte PU-Sandwichelemente (40 mm PU-Schaum)</strong><br><strong>Innenverkleidung weiß - leicht gewellt, Außenverkleidung und Rahmenkonstruktion komplett verzinkt, lackiert in RAL 9002 (Grauweiß)</strong><br><strong>Innenliegende Dachentwässerung,</strong><br><strong>4 Kranseilaufhängungen</strong><br><br></p> <p><strong>Standardausrüstung:</strong><br><strong>1,5mm starker Hart-PVC-Bodenbelag (grau gesprenkelt)</strong><br><strong>1 verzinkte Außentür aus ZK-Stahlblech, 750 x 2000 mm</strong><br><strong>1 Kunststoff-Sanitärschiebefenster, 600 x 380 mm, mit Einfach-Ornamentverglasung</strong><br><strong>Elektroinstallation (Licht, Lichtschalter, Steckdose)</strong><br><strong>1 Stand-WC mit geringer Spülmenge, WC-Sitz und Spülkasten aus PVC mit geringer Spülmenge (weiß)</strong><br><strong>1 Toilettenpapierhalter aus Chrom</strong><br><strong>1 Keramikurinal (weiß) mit Spülhahn</strong><br><strong>1 Keramikspüle (weiß) mit Einhebel-Kaltwasserhahn</strong><br><strong>1 Glasspiegel mit PVC-Spiegelablage (weiß)</strong><br><strong>1 Frostschutz, 500 W, mit Stecker</strong></p>",GRAL Containerdienst GmbH,Business & Industrial > Industrial Storage > Shipping Containers,SANITÄRCONTAINER - MINI-TOILETTE,Sanitärcontainer kaufen,true,Title,Default Title,,,,,,,,GCG-800-026,0.0,shopify,18,deny,manual,1800.00,,true,true,,,,,,https://cdn.shopify.com/s/files/1/1075/4175/8301/files/M_dulo_sanitario_WC_simple_color_gris_cabina_prefabricada_compacta_con_lavabo_para_obra_y_uso_profesional.webp?v=1779773643,1,,false,,,,,,kg,,,active,Business & Industrie > Baugewerbe > Baustellenausstattung > Mobile Sanitäranlagen
sanitarcontainer-mini-toilette,,,,,,,,,,,,,,,,,,,,,,,,,,,,,,,,https://cdn.shopify.com/s/files/1/1075/4175/8301/files/M_dulo_sanitario_WC_simple_color_gris_cabina_prefabricada_compacta_con_lavabo_para_obra_y_uso_profesional_4.webp?v=1779773643,2,,,,,,,,,,,,
sanitarcontainer-mini-toilette,,,,,,,,,,,,,,,,,,,,,,,,,,,,,,,,https://cdn.shopify.com/s/files/1/1075/4175/8301/files/M_dulo_sanitario_WC_simple_color_gris_cabina_prefabricada_compacta_con_lavabo_para_obra_y_uso_profesional_5.webp?v=1779773643,3,,,,,,,,,,,,
sanitarcontainer-mini-toilette,,,,,,,,,,,,,,,,,,,,,,,,,,,,,,,,https://cdn.shopify.com/s/files/1/1075/4175/8301/files/M_dulo_sanitario_WC_simple_color_gris_cabina_prefabricada_compacta_con_lavabo_para_obra_y_uso_profesional_78.webp?v=1779773643,4,,,,,,,,,,,,
sanitarcontainer-2-00-x-2-00-m-mit-toilette-und-urinar,"Sanitärcontainer 2,00 x 2,00 m mit Toilette und Urinal","<p><strong>- Badezimmer</strong></p> <p><strong>- Urinale</strong></p> <p><strong>- Waschbecken mit Unterschrank</strong></p> <p><strong>- LED-Deckenbeleuchtung</strong></p> <p><strong>- 230V Elektroinstallation mit Steckdosen.</strong></p> <p><strong>- 2000W elektrischer Wandheizkörper</strong></p> <p><strong>- PVC-Böden</strong></p> <p><strong>- Höhe 2,50m</strong></p> <p><strong>- Dachfenster</strong></p> <p><strong>- Warmwasserbereiter</strong></p>",GRAL Containerdienst GmbH,Business & Industrial > Industrial Storage > Shipping Containers,SANITÄRCONTAINER,Sanitärcontainer kaufen,true,Title,Default Title,,,,,,,,GCG-050-026,0.0,shopify,14,deny,manual,2050.90,,true,true,,,,,,https://cdn.shopify.com/s/files/1/1075/4175/8301/files/Contenedor_sanitario_2_00_x_2_00_m_con_inodoro_y_urinario_m_dulo_prefabricado_compacto_para_obra_y_eventos.avif?v=1779771655,1,,false,,,weiss; grau,metall; polyvinylchlorid-pvc,,kg,,,active,Business & Industrie > Baugewerbe > Baustellenausstattung > Mobile Sanitäranlagen
sanitarcontainer-2-00-x-2-00-m-mit-toilette-und-urinar,,,,,,,,,,,,,,,,,,,,,,,,,,,,,,,,https://cdn.shopify.com/s/files/1/1075/4175/8301/files/Contenedor_sanitario_2_00_x_2_00_m_con_inodoro_y_urinario_m_dulo_prefabricado_compacto_para_obra_y_eventos_31.webp?v=1779771655,2,,,,,,,,,,,,
sanitarcontainer-2-00-x-2-00-m-mit-toilette-und-urinar,,,,,,,,,,,,,,,,,,,,,,,,,,,,,,,,https://cdn.shopify.com/s/files/1/1075/4175/8301/files/Contenedor_sanitario_2_00_x_2_00_m_con_inodoro_y_urinario_m_dulo_prefabricado_compacto_para_obra_y_eventos_1.webp?v=1779771655,3,,,,,,,,,,,,
sanitarcontainer-2-00-x-2-00-m-mit-toilette-und-urinar,,,,,,,,,,,,,,,,,,,,,,,,,,,,,,,,https://cdn.shopify.com/s/files/1/1075/4175/8301/files/Contenedor_sanitario_2_00_x_2_00_m_con_inodoro_y_urinario_m_dulo_prefabricado_compacto_para_obra_y_eventos_3.webp?v=1779771655,4,,,,,,,,,,,,
sanitarcontainer-2-00-x-2-00-m-mit-toilette-und-urinar,,,,,,,,,,,,,,,,,,,,,,,,,,,,,,,,https://cdn.shopify.com/s/files/1/1075/4175/8301/files/Contenedor_sanitario_2_00_x_2_00_m_con_inodoro_y_urinario_m_dulo_prefabricado_compacto_para_obra_y_eventos_012.webp?v=1779771655,5,,,,,,,,,,,,
sanitarblock-s1-mit-wc-und-waschbecken,Sanitärblock s1 mit wc und Waschbecken,"<p><strong>Der Sanitärblock S1 ist ein in sich geschlossenes Modul für optimalen Komfort am Arbeitsplatz oder bei Veranstaltungen. Dank seines kompakten Designs eignet er sich hervorragend für Baustellen, Festivals, Sportveranstaltungen und viele weitere Anlässe.</strong></p> <p><strong>Robustes und langlebiges Design: Der Sanitärblock S1 ist aus hochwertigen Materialien gefertigt und hält selbst härtesten Außenbedingungen stand. Seine verzinkte und lackierte Stahlkonstruktion verleiht ihm kompromisslose Stabilität, während die Innenbeschichtung die Wartung vereinfacht.</strong></p> <p><strong>Komplette und funktionale Ausstattung: Der Sanitärblock S1 ist mit einer Keramiktoilette und einem Keramikwaschbecken für einwandfreie Hygiene ausgestattet. Der Spülkasten besteht aus PVC und gewährleistet so eine lange Lebensdauer. Ein Toilettenpapierhalter sorgt für optimalen Komfort.</strong></p> <p><strong>Schnelle und einfache Installation: Der Sanitärblock S1 wird betriebsbereit geliefert. Schließen Sie ihn einfach an das Wasser- und Abwassernetz an und schon ist er einsatzbereit. Die an der Wand markierten Zu- und Abläufe erleichtern den Anschluss.</strong></p> <p><strong>Mobilität und Flexibilität: Dank seiner vier Befestigungspunkte lässt sich der Sanitärblock S1 problemlos mit einem Kran bewegen. Diese Funktionalität macht ihn zu einer Lösung, die sich besonders für Bau- und Veranstaltungsprofis eignet, die ihre Ausrüstung regelmäßig bewegen müssen.</strong></p> <p><strong>Anpassung: Obwohl der Sanitärblock S1 in einer Standardkonfiguration angeboten wird, ist es möglich, diese Ausstattung an Ihre spezifischen Bedürfnisse anzupassen. Bitte zögern Sie nicht, uns zu kontaktieren, um Ihre Projekte zu besprechen und ein individuelles Angebot zu erhalten.</strong></p> <p><strong>Die Vorteile des Sanitärblocks S1:</strong></p> <ul> <li><strong>Kompakt und leicht: Einfach zu transportieren und zu installieren.</strong></li> <li><strong>Robust und langlebig: Wetter- und stoßfest.</strong></li> <li><strong>Hygienisch: Hergestellt aus leicht zu reinigenden Materialien.</strong></li> <li><strong>Standalone: Funktioniert unabhängig von bestehenden Netzwerken.</strong></li> <li><strong>Anpassbar: An Ihre spezifischen Bedürfnisse anpassbar.</strong></li> </ul> <p class=""sZg4jFb obhdl_Q---typography-11-runningText obhdl_Q---priority-7-primary _HOcyB x4nptw sxbtulv"" aria-hidden=""false""><strong>Weitere Informationen</strong></p> <p><strong>Außenhöhe: 256 cm</strong><br><strong>Innenhöhe: 220 cm</strong><br><strong>Breite: 118 cm</strong></p> <p><strong>Tiefe: 118 cm</strong></p> <p><strong>RAHMEN</strong></p> <p><strong>Material: Verzinkter und lackierter Stahl.</strong><br><strong>Farbe: Lichtgrau RAL 9002.</strong><br><strong>Stärke: 1,5 mm.</strong><br><strong>Sockel: Höhe 80 mm</strong><br><strong>. Dach: Höhe 154 mm.</strong><br><strong>Handhabung: 4 Dachaufnahmen für Hebehaken. Dank der 4-Fuß-Sockelverlängerung ist die Nutzung mit Gabelstaplern möglich. Achten Sie auf die Kanten und die Balance des Moduls (durch Anpassen des Gabelabstands).</strong></p> <p><strong>ZIMMEREI</strong></p> <p><strong>Material: Weiß lackiertes Aluminium RAL 9010</strong><br><strong>Tür(en): 1 Volltür 78 x 220 cm (64 cm Abstand)</strong><br><strong>Fenster: 1 Velux 58 x 58 cm, Einfachverglasung in der Tür</strong></p> <p><strong>WÄNDE, TRENNWÄNDE UND DECKEN</strong></p> <p><strong>Material: Sandwichpaneele</strong><br><strong>Isolierung: Polyurethan-Hartschaum</strong><br><strong>Wandstärke: 40 mm</strong><br><strong>Dachstärke: 30 mm</strong><br><strong>Dacheindeckung: Griechische Wellen aus verzinktem Stahlblech</strong><br><strong>Wandfarbe: Lichtgrau RAL 9002</strong></p> <p><strong>SONNE</strong></p> <p><strong>Struktur: wasserabweisende Spanplatte</strong><br><strong>Dicke: 18 mm</strong><br><strong>Beschichtung: PVC</strong></p> <p><strong>SANITÄRINSTALLATION</strong></p> <p><strong>1 Waschbecken aus PVC, Größe 36 cm, mit Kaltwasserhahn und Spiegel.</strong><br><strong>1 Keramik-WC im englischen Stil, ausgestattet mit einem Spülkasten aus PVC und einem Papierhalter.</strong><br><strong>Wasserzulauf an der Wand (A) und Ablauf unter dem Boden, angeschlossen an einen einzigen Abfluss (E).</strong></p> <p><strong>STROM</strong></p> <p><strong>Beleuchtung: 1 Schalter + 1 7,5W LED-Deckenleuchte</strong><br><strong>Schaltschrank: 1 Schaltschrank inkl. Zwischendifferential und Leistungsschalter</strong><br><strong>Anschluss: 1 externer Anschlusskasten</strong></p> <p><strong>Mögliche Optionen</strong></p> <p><strong>Warmwasser im Spülbecken</strong><br><strong>Elektrischer Gebläsekonvektor</strong><br><strong>16 mm starker Holzzementplattenboden mit PVC-Belag</strong><br><strong>Doppelverglasung</strong><br><strong>Strapazierfähiger PVC-Bodenbelag anstelle von herkömmlichem Parkett oder PVC-Fliesen</strong><br><strong>Glatte Platten, Lebensmittelplatten, Feuerplatten oder Steinwolleplatten</strong><br><strong>Auslässe</strong><br><strong>Luftabsaugung 90 m3/h mit Schalter</strong><br><strong>Verstärkter Sockel (Höhe 160 mm) mit Gabelstaplerdurchfahrt (Radstand 90 cm) für die Handhabung mit einem rohrsicheren Gabelstapler</strong><br><strong>Sockel auf Kufen (2 IPE-Stützen 16 cm)</strong></p>",GRAL Containerdienst GmbH,Business & Industrial > Industrial Storage > Shipping Containers,SANITÄRBLOCK,"Modulcontainer, Sanitärcontainer, Sanitärcontainer kaufen",true,Title,Default Title,,,,,,,,GCG-250-026,0.0,shopify,18,deny,manual,1250.00,,true,true,,,,,,https://cdn.shopify.com/s/files/1/1075/4175/8301/files/Contenedor_sanitario_WC_ducha_conectable_gris_m_dulo_prefabricado_compacto_con_lavabo_para_obra_y_uso_intensivo.webp?v=1779772811,1,,false,,,grau,metall; kunststoff; keramik,,kg,,,active,Business & Industrie > Baugewerbe > Baustellenausstattung > Mobile Sanitäranlagen
sanitarblock-s1-mit-wc-und-waschbecken,,,,,,,,,,,,,,,,,,,,,,,,,,,,,,,,https://cdn.shopify.com/s/files/1/1075/4175/8301/files/Contenedor_sanitario_WC_ducha_conectable_gris_m_dulo_prefabricado_compacto_con_lavabo_para_obra_y_uso_intensivo_1.webp?v=1779772811,2,,,,,,,,,,,,
sanitarblock-s1-mit-wc-und-waschbecken,,,,,,,,,,,,,,,,,,,,,,,,,,,,,,,,https://cdn.shopify.com/s/files/1/1075/4175/8301/files/Contenedor_sanitario_WC_ducha_conectable_gris_m_dulo_prefabricado_compacto_con_lavabo_para_obra_y_uso_intensivo_741.webp?v=1779772811,3,,,,,,,,,,,,
sanitarblock-s1-mit-wc-und-waschbecken,,,,,,,,,,,,,,,,,,,,,,,,,,,,,,,,https://cdn.shopify.com/s/files/1/1075/4175/8301/files/Contenedor_sanitario_WC_ducha_conectable_gris_m_dulo_prefabricado_compacto_con_lavabo_para_obra_y_uso_intensivo_780.webp?v=1779772812,4,,,,,,,,,,,,
sanitarblock-s1-mit-wc-und-waschbecken,,,,,,,,,,,,,,,,,,,,,,,,,,,,,,,,https://cdn.shopify.com/s/files/1/1075/4175/8301/files/Contenedor_sanitario_WC_ducha_conectable_gris_m_dulo_prefabricado_compacto_con_lavabo_para_obra_y_uso_intensivo_80.webp?v=1779772811,5,,,,,,,,,,,,
doppelter-sanitarcontainer-mit-weissem-abfalltank,Doppelter Sanitärcontainer mit weißem Abfalltank,"<p><strong>Neuer Toilettencontainer mit Fäkalientank, Toilettenbox, Sanitärcontainer für Camping</strong></p> <p><strong> Einfach Strom, Wasser und Abwasser anschließen, sofort einsatzbereit.</strong></p> <p><strong> Doppelkabine WC 3x2 Meter mit Abwassertank</strong></p> <p><strong> mit Herren- und Damentoiletten</strong></p> <p><strong> - 2 Fenster</strong></p> <p><strong> - 75 mm wärmegedämmtes Sandwichprofil für geringen Energieverlust</strong></p> <p><strong> - Außentür aus verzinktem Stahlblech Hörmann</strong></p> <p><strong> - Urinale</strong></p> <p><strong> - Komplette Elektroinstallation nach EG-Richtlinien</strong></p> <p><strong> - 230V Steckdosen</strong></p> <p><strong> - 2 Deckenlampen</strong></p> <p><strong> - PVC-Boden: robust und schnell zu reinigen</strong></p> <p><strong> - 2 elektrische Wandheizkörper</strong></p> <p><strong> - Rückhaltetank</strong></p> <p><strong> - Treppe</strong></p> <p><strong> -Abmessungen 3,00 Meter breit, 2 Meter tief, 3 Meter hoch, Gewicht 1500KG</strong></p> <p><strong> - Treppenmaße: 2,60 Meter breit x 0,64 Meter hoch x 0,75 Meter tief</strong></p>",GRAL Containerdienst GmbH,Business & Industrial > Industrial Storage > Shipping Containers,SANITÄRCONTAINER,"Modulcontainer, Sanitärcontainer, Sanitärcontainer kaufen",true,Title,Default Title,,,,,,,,GCG-700-026,0.0,shopify,15,deny,manual,2700.00,,true,true,,,,,,https://cdn.shopify.com/s/files/1/1075/4175/8301/files/Contenedor_sanitario_doble_3_00_x_2_00_m_m_dulo_prefabricado_con_cabinas_WC_para_obras_y_eventos.webp?v=1779772419,1,,false,,,,,,kg,,,active,Business & Industrie > Baugewerbe > Baustellenausstattung > Mobile Sanitäranlagen
doppelter-sanitarcontainer-mit-weissem-abfalltank,,,,,,,,,,,,,,,,,,,,,,,,,,,,,,,,https://cdn.shopify.com/s/files/1/1075/4175/8301/files/Contenedor_sanitario_doble_3_00_x_2_00_m_m_dulo_prefabricado_con_cabinas_WC_para_obras_y_eventos_2.webp?v=1779772419,2,,,,,,,,,,,,
doppelter-sanitarcontainer-mit-weissem-abfalltank,,,,,,,,,,,,,,,,,,,,,,,,,,,,,,,,https://cdn.shopify.com/s/files/1/1075/4175/8301/files/Contenedor_sanitario_doble_3_00_x_2_00_m_m_dulo_prefabricado_con_cabinas_WC_para_obras_y_eventos_1.webp?v=1779772418,3,,,,,,,,,,,,
doppelter-sanitarcontainer-mit-weissem-abfalltank,,,,,,,,,,,,,,,,,,,,,,,,,,,,,,,,https://cdn.shopify.com/s/files/1/1075/4175/8301/files/Contenedor_sanitario_doble_3_00_x_2_00_m_m_dulo_prefabricado_con_cabinas_WC_para_obras_y_eventos_3.webp?v=1779772419,4,,,,,,,,,,,,
doppelter-sanitarcontainer-mit-abfalltank,Doppelter Sanitärcontainer mit Abfalltank,"<p><strong>Premiummodell im Holzdesign</strong></p> <p><strong> Einfach Strom, Wasser und Abwasser anschließen, sofort einsatzbereit.</strong></p> <p><strong> Doppelkabine WC 3x2 Meter mit Abwassertank</strong></p> <p><strong> mit Herren- und Damentoiletten</strong></p> <p><strong> - 2 Fenster</strong></p> <p><strong> - 75 mm wärmegedämmtes Sandwichprofil für geringen Energieverlust</strong></p> <p><strong> - Außentür aus verzinktem Stahlblech Hörmann</strong></p> <p><strong> - Urinale</strong></p> <p><strong> - Komplette Elektroinstallation nach EG-Richtlinien</strong></p> <p><strong> - 230V Steckdosen</strong></p> <p><strong> - Deckenlampen</strong></p> <p><strong> - PVC-Boden: robust und schnell zu reinigen</strong></p> <p><strong> - 2 elektrische Wandheizkörper</strong></p> <p><strong> - Rückhaltetank</strong></p> <p><strong> - Treppe</strong></p> <p><strong> -Abmessungen 3,00 Meter breit, 2 Meter tief, 3 Meter hoch, Gewicht 1500KG</strong></p> <p><strong> - Treppenmaße: 2,60 Meter breit x 0,64 Meter hoch x 0,75 Meter tief</strong></p>",GRAL Containerdienst GmbH,Business & Industrial > Industrial Storage > Shipping Containers,SANITÄRCONTAINER,"Modulcontainer, Sanitärcontainer, Sanitärcontainer kaufen",true,Title,Default Title,,,,,,,,GCG-795-026,0.0,shopify,18,deny,manual,2795.90,,true,true,,,,,,https://cdn.shopify.com/s/files/1/1075/4175/8301/files/Contenedor_sanitario_WC_ducha_conectable_gris_m_dulo_prefabricado_compacto_con_lavabo_para_obra_y_uso_intensivo_1_7b1d239f-ba30-4a2e-9c54-3ce255a0c584.webp?v=1779778822,1,,false,,,grau; schwarz,metall,,kg,,,active,Business & Industrie > Baugewerbe > Baustellenausstattung > Mobile Sanitäranlagen
doppelter-sanitarcontainer-mit-abfalltank,,,,,,,,,,,,,,,,,,,,,,,,,,,,,,,,https://cdn.shopify.com/s/files/1/1075/4175/8301/files/Contenedor_sanitario_WC_ducha_conectable_gris_m_dulo_prefabricado_compacto_con_lavabo_para_obra_y_uso_intensivo_1_1.webp?v=1779778823,2,,,,,,,,,,,,
doppelter-sanitarcontainer-mit-abfalltank,,,,,,,,,,,,,,,,,,,,,,,,,,,,,,,,https://cdn.shopify.com/s/files/1/1075/4175/8301/files/Contenedor_sanitario_WC_ducha_conectable_gris_m_dulo_prefabricado_compacto_con_lavabo_para_obra_y_uso_intensivo_741_1.webp?v=1779778822,3,,,,,,,,,,,,
doppelter-sanitarcontainer-mit-abfalltank,,,,,,,,,,,,,,,,,,,,,,,,,,,,,,,,https://cdn.shopify.com/s/files/1/1075/4175/8301/files/Contenedor_sanitario_WC_ducha_conectable_gris_m_dulo_prefabricado_compacto_con_lavabo_para_obra_y_uso_intensivo_80_1.webp?v=1779778822,4,,,,,,,,,,,,
doppelter-sanitarcontainer-mit-abfalltank,,,,,,,,,,,,,,,,,,,,,,,,,,,,,,,,https://cdn.shopify.com/s/files/1/1075/4175/8301/files/Contenedor_sanitario_WC_ducha_conectable_gris_m_dulo_prefabricado_compacto_con_lavabo_para_obra_y_uso_intensivo_780_1.webp?v=1779778822,5,,,,,,,,,,,,
burocontainer-mit-jalousien-6-x-2-4-m,"Bürocontainer mit Jalousien 6 x 2,4 m","<p><strong>Entdecken Sie unseren hochwertigen Bürocontainer, der Ihren höchsten beruflichen Ansprüchen gerecht wird. Mit seinen großzügigen Abmessungen von 6 x 2,40 m bietet dieses Modul einen komfortablen und funktionalen Arbeitsplatz, egal wo Sie sich befinden.</strong></p> <p><strong>Sicherheit und Robustheit: Integrierte Rollläden gewährleisten optimalen Schutz Ihrer Geräte und Daten und bieten gleichzeitig absolute Privatsphäre. Der robuste Stahlrahmen garantiert Witterungs- und Stoßfestigkeit für den dauerhaften Einsatz in unterschiedlichsten Umgebungen.</strong></p> <p><strong>Komfort und Funktionalität: Im Inneren profitieren Sie von einer individuell anpassbaren Inneneinrichtung mit der Möglichkeit, Trennwände, Stauraum und Möbel nach Ihren Wünschen zu installieren. Die Wärme- und Schalldämmung reduziert die Lärmbelästigung und sorgt das ganze Jahr über für eine angenehme Temperatur.</strong></p> <p><strong>Flexibilität und Mobilität: Der Bürocontainer ist leicht transportierbar und kann schnell auf jedem Gelände aufgestellt werden. Er passt sich allen Arten von Projekten an: Baustellen, temporäre Veranstaltungen, Designbüros.</strong></p> <p class=""sZg4jFb obhdl_Q---typography-11-runningText obhdl_Q---priority-7-primary _HOcyB x4nptw sxbtulv"" aria-hidden=""false""><strong>Weitere Informationen</strong></p> <div class=""rah-static rah-static--height-auto"" aria-hidden=""false""> <div class=""ulKuLk QfrfFD cell""> <div class=""zp8uy2""> <ul> <li><strong>-Abmessungen 6000x2400x2620</strong></li> <li><strong>-Gewicht 2000KG</strong></li> <li><strong>– Wand- und Deckendämmung mit 7,5 cm Sandwichpaneelen.</strong></li> <li><strong>– 2 Flügelfenster (Doppelverglasung)</strong></li> <li><strong>– Sandwichprofil mit Wärmedämmung für geringen Energieverlust</strong></li> <li><strong>- Hörmann Stahlblech-Außentür</strong></li> <li><strong>- Komplette Elektroinstallation nach CE-Richtlinien</strong></li> <li><strong>– 230V Steckdosen</strong></li> <li><strong>– LED-Deckenleuchten</strong></li> <li><strong>- Laminatboden – robust und schnell zu reinigen</strong></li> <li><strong>– Isolierter Boden, Innenausbau mit OSB-Platte</strong></li> <li><strong>– 2000W elektrischer Wandheizkörper</strong></li> <li><strong>– Ösen für die Kranentladung</strong></li> <li><strong>– Gabelstaplerführungen für einfachen und sicheren Transport</strong></li> <li><strong>– Konstruktion mit robuster, geschweißter, selbsttragender Stahlkonstruktion.</strong></li> </ul> </div> </div> </div>",GRAL Containerdienst GmbH,Business & Industrial > Industrial Storage > Shipping Containers,Bürocontainer,"Bürocontainer, Container kaufen, Modulcontainer",true,Title,Default Title,,,,,,,,GCG-090-026,0.0,shopify,16,deny,manual,2900.00,,true,true,,,,,,,,,false,,,,,,kg,,,active,Business & Industrie > Baugewerbe > Modulare & Fertiggebäude > Bürocontainer
burocontainer-6-x-2-40-holzfarbe,"Bürocontainer 6 x 2,40 Holzfarbe","<p><strong>Bieten Sie Ihrem Unternehmen oder Ihrer Selbstständigkeit mit unserem 6 x 2,40 m großen Bürocontainer einen individuellen und mobilen Arbeitsplatz. Dieses großzügig bemessene Modell erfüllt alle funktionalen und ästhetischen Ansprüche.</strong></p> <p><strong>Holzfassade: eine natürliche und warme Optik</strong></p> <p><strong>Die Außenverkleidung in Holzoptik verleiht Ihrem Container einen Hauch von Modernität und Natürlichkeit. Die wetterbeständige Oberfläche fügt sich harmonisch in jede Umgebung ein, egal ob urban oder Outdoor.</strong></p> <p><strong>Die Vorteile unseres Bürocontainers:</strong></p> <ul> <li><strong>Mobilität:Dank der entsprechenden Ausrüstung sind unsere Container leicht zu bewegen und können überall dort aufgestellt werden, wo Sie möchten.</strong></li> <li><strong>Wärme- und Schalldämmung:Genießen Sie optimalen Komfort dank der leistungsstarken Isolierung, die Sie vor Temperaturschwankungen und Lärmbelästigung schützt.</strong></li> <li><strong>Haltbarkeit:Unser Container ist aus hochwertigen Materialien gefertigt und auf eine lange Lebensdauer ausgelegt.</strong></li> </ul> <p><strong>Details</strong></p> <ul> <li><strong>Designer-Bürocontainer aus Holz mit den Maßen 6 x 2,40 Meter und 2,70 Meter Höhe.</strong></li> <li><strong>Sandwichpaneele für Wände und Dächer, 7,5 cm Dämmung</strong></li> <li><strong>Drehkippfenster (Doppelverglasung)</strong></li> <li><strong>Sandwichprofil mit Wärmedämmung für geringen Energieverlust</strong></li> <li><strong>Hörmann Stahlblech-Außentür</strong></li> <li><strong>Komplette Elektroinstallation nach EG-Richtlinien</strong></li> <li><strong>230 V Steckdosen</strong></li> <li><strong>2 Deckenleuchten</strong></li> <li><strong>Laminatboden: robust und schnell zu reinigen</strong></li> <li><strong>Isolierter Boden, innen mit OSB-Platte</strong></li> <li><strong>elektrische Wandheizung</strong></li> <li><strong>Ösen für Kranentladung und Staplerführung an der Unterseite</strong></li> <li><strong>Selbsttragende, geschweißte, hochfeste Stahlrahmenkonstruktion</strong></li> <li><strong>Gewicht 2200 kg</strong></li> </ul>",GRAL Containerdienst GmbH,Business & Industrial > Industrial Storage > Shipping Containers,BÜROCONTAINER,"Bürocontainer, Container kaufen, Modulcontainer",true,Title,Default Title,,,,,,,,GCG-585-026,0.0,shopify,15,deny,manual,2850.00,,true,true,,,,,,,,,false,,,,,,kg,,,active,Business & Industrie > Baugewerbe > Modulare & Fertiggebäude > Bürocontainer
burocontainer-6-00-x-2-40-m-mit-toilette-dusche-und-kuche,"Bürocontainer 6,00 x 2,40 m mit toilette, dusche und küche","<p class=""""><strong>Entdecken Sie unseren 6 x 2,4 m großen Bürocontainer – die ideale Lösung für die Einrichtung eines individuellen, professionellen Arbeitsbereichs. Dieser modulare Container wurde für höchste Ansprüche entwickelt und vereint Robustheit mit Ästhetik.</strong></p> <p><strong>Komfort ohne Kompromisse: Ausgestattet mit einem kompletten Sanitärgebäude inklusive Toilette, Dusche und Waschbecken bietet Ihnen unser Container optimalen Alltagskomfort. Die funktionale und voll ausgestattete Küche ermöglicht Ihnen die unkomplizierte Zubereitung Ihrer Mahlzeiten.</strong></p> <p><strong>Ein modularer Arbeitsplatz: Dank seines modularen Designs passt sich unser Bürocontainer jeder Umgebung und jedem Bedarf an. So können Sie die Inneneinrichtung individuell an Ihr Unternehmen und Ihre Belegschaft anpassen.</strong></p> <p><strong>Hochwertige Verarbeitung: Unser Bürocontainer ist aus hochwertigen Materialien gefertigt und auf Langlebigkeit ausgelegt. Die sorgfältige Verarbeitung und die leistungsstarke Ausstattung garantieren optimalen Nutzerkomfort.</strong></p> <p><strong>Die Vorteile unseres Bürocontainers:</strong></p> <ul> <li><strong>Mobilität: Leicht zu bewegen und zu installieren, ist unser Container schnell einsatzbereit.</strong></li> <li><strong>Wärme- und Schalldämmung: Genießen Sie zu jeder Jahreszeit eine ruhige und angenehme Arbeitsumgebung.</strong></li> <li><strong>Sicherheit: Unser Container ist so konzipiert, dass er den Elementen und Einbrüchen standhält.</strong></li> <li><strong>Langlebigkeit: Seine robuste Konstruktion garantiert eine lange Lebensdauer.</strong></li> </ul> <p class=""sZg4jFb obhdl_Q---typography-11-runningText obhdl_Q---priority-7-primary _HOcyB x4nptw sxbtulv"" aria-hidden=""false""><strong>Weitere Informationen</strong></p> <div class=""rah-static rah-static--height-auto"" aria-hidden=""false""> <div class=""ulKuLk QfrfFD cell""> <div class=""zp8uy2""> <ul> <li><strong>-Abmessungen 6000x2400x2620</strong></li> <li><strong>-Gewicht 2500KG</strong></li> <li><strong>-Toilette mit Waschbecken und Dusche</strong></li> <li><strong>– Miniküche mit Kühlschrank</strong></li> <li><strong>– Wand- und Deckendämmung mit 7,5 cm Sandwichpaneelen.</strong></li> <li><strong>– 2 Flügelfenster (Doppelverglasung)</strong></li> <li><strong>– Sandwichprofil mit Wärmedämmung für geringen Energieverlust</strong></li> <li><strong>- Hörmann Stahlblech-Außentür</strong></li> <li><strong>- Komplette Elektroinstallation nach CE-Richtlinien</strong></li> <li><strong>– 230V Steckdosen</strong></li> <li><strong>– LED-Deckenleuchten</strong></li> <li><strong>- Laminatboden – robust und schnell zu reinigen</strong></li> <li><strong>– Isolierter Boden, Innenausbau mit OSB-Platte</strong></li> <li><strong>– 2000W elektrischer Wandheizkörper</strong></li> <li><strong>– 11KW/400V Durchlauferhitzer</strong></li> <li><strong>– Runde Dusche D90cm</strong></li> <li><strong>– Ösen für die Kranentladung</strong></li> <li><strong>– Gabelstaplerführungen für einfachen und sicheren Transport</strong></li> <li><strong>– Konstruktion mit robuster, geschweißter, selbsttragender Stahlkonstruktion.</strong></li> </ul> </div> </div> </div>",GRAL Containerdienst GmbH,Business & Industrial > Industrial Storage > Shipping Containers,BÜROCONTAINER,"[""Container Schreibtisch""]",true,Title,Default Title,,,,,,,,GCG-990-026,0.0,shopify,14,deny,manual,3990.00,,true,true,,,,,,,,,false,,,,,,kg,,,active,Business & Industrie > Baugewerbe > Modulare & Fertiggebäude > Bürocontainer
5x2-20-schreibtischcontainer-mit-toilette,"5x2,20 Schreibtischcontainer mit Toilette","<p><strong>Entdecken Sie unseren 5x2,20 Bürocontainer – die perfekte Lösung für Mobilität und Komfort an Ihrem Arbeitsplatz. Dieser modulare Container wurde speziell für mobile Mitarbeiter oder Personen entwickelt, die zusätzlichen Arbeitsraum benötigen. Er bietet eine angenehme und funktionale Arbeitsumgebung.</strong></p> <p><strong>Ein maßgeschneiderter Arbeitsplatz</strong></p> <p><strong>Unser 5x2,20-Bürocontainer lässt sich an Ihre spezifischen Bedürfnisse anpassen und bietet zahlreiche Optionen:</strong></p> <ul> <li><strong>Innenarchitektur: Schreibtische, Stauraum, Schränke usw.</strong></li> <li><strong>Ausstattung: Strom, Heizung, Klimaanlage, Beleuchtung...</strong></li> <li><strong>Isolierung: Thermisch und akustisch für optimalen Komfort</strong></li> <li><strong>Oberflächen: Wand- und Bodenbeläge zur Auswahl</strong></li> </ul> <p><strong>Die Vorteile unseres Bürocontainers:</strong></p> <ul> <li><strong>Mobilität: Einfach zu transportieren und zu installieren</strong></li> <li><strong>Geschwindigkeit: Schnellstart</strong></li> <li><strong>Haltbarkeit: Robuste und langlebige Konstruktion</strong></li> <li><strong>Economy: Wirtschaftliche und flexible Lösung</strong></li> <li><strong>Ästhetik: Modernes und anpassbares Design</strong></li> </ul> <p><strong>Bürocontainer 5x2,20 Meter, 2,62 Meter hoch mit WC.</strong></p> <p><strong>– Sandwichpaneele Wände und Deckendämmung 7,5 cm.</strong><br><strong>– Waschbecken mit Unterschrank</strong><br><strong>– Urinale</strong><br><strong>– 3 Fenster</strong><br><strong>– Sandwichprofil mit Wärmedämmung für geringen Energieverlust</strong><br><strong>– Wärmegedämmte Eingangstür (Doppelverglasung)</strong><br><strong>– Komplette Elektroinstallation mit Steckdosen und LED-Deckenleuchte</strong><br><strong>– Laminat- und PVC-Bodenbelag im Badezimmer – robust und schnell zu reinigen</strong><br><strong>– Isolierter Boden und Decke</strong><br><strong>– Elektrischer Wandheizkörper</strong><br><strong>– Ösen für Kranentladung und Gabelstaplerführung an der Unterseite</strong><br><strong>– Konstruktion mit einem robusten, geschweißten, selbsttragenden Stahlrahmen.</strong></p>",GRAL Containerdienst GmbH,Business & Industrial > Industrial Storage > Shipping Containers,BÜROCONTAINER,"Bürocontainer, Container kaufen, Modulcontainer",true,Title,Default Title,,,,,,,,GCG-255-026,0.0,shopify,15,deny,manual,3255.00,,true,true,,,,,,,,,false,,,,,,kg,,,active,Business & Industrie > Baugewerbe > Modulare & Fertiggebäude > Bürocontainer
4x2m-sanitarcontainer-doppel-wc-mit-dusche,4x2m Sanitärcontainer doppel-wc mit dusche,"<p><strong>Unser Sanitärcontainer mit den Maßen 4 x 2 m erfüllt höchste Hygieneanforderungen auf Baustellen, bei Veranstaltungen oder in anderen Umgebungen, in denen eigenständige Sanitäranlagen benötigt werden. Er ist die ideale Lösung.</strong></p> <p><strong>Ein funktionaler und gut ausgestatteter Raum</strong></p> <p><strong>Mit einer Grundfläche von 8 m² bietet dieser modulare Container großzügigen und voll ausgestatteten Platz. Er beinhaltet:</strong></p> <ul> <li><strong>Zwei unabhängige Toiletten : Ausgestattet mit Keramiktoiletten, effizienten Toiletten und Toilettenpapierspendern garantieren sie optimalen Benutzerkomfort.</strong></li> <li><strong>Zwei geräumige Duschen : Ausgestattet mit Thermostatmischern, Hochdruckbrausen und langlebigen Wannen ermöglichen sie Ihnen eine Erfrischung bei absoluter Hygiene.</strong></li> <li><strong>Ein effektives Belüftungssystem : Sorgen Sie für eine gute Belüftung und beseitigen Sie unangenehme Gerüche.</strong></li> <li><strong>Leistungsstarke Beleuchtung : sorgt auch außerhalb der Saison für optimales Licht im Container.</strong></li> <li><strong>Wärme- und Schalldämmung : für optimalen Komfort zu jeder Jahreszeit.</strong></li> </ul> <p><strong>Robuste und langlebige Konstruktion</strong></p> <p><strong>Unser Sanitärcontainer ist aus hochwertigen Materialien gefertigt und für härteste Bedingungen ausgelegt. Seine verzinkte Stahlkonstruktion verleiht ihm kompromisslose Stabilität, während die isolierten Sandwichpaneele eine hervorragende Haltbarkeit garantieren.</strong></p> <p><strong>Schnelle und einfache Installation</strong></p> <p><strong>Der Sanitärcontainer wird betriebsbereit geliefert. Schließen Sie ihn einfach an das Wasser- und Stromnetz an und schon ist er einsatzbereit. Sein modularer Aufbau ermöglicht eine schnelle und einfache Installation, selbst auf kleinstem Raum.</strong></p> <p><strong>Die Vorteile unseres Sanitärcontainers:</strong></p> <ul> <li><strong>Vollständige Autonomie : kein Anschluss an Wassernetze erforderlich.</strong></li> <li><strong>Einfache Pflege : Die Oberflächen sind glatt und leicht zu reinigen.</strong></li> <li><strong>Modularität : Möglichkeit, die Inneneinrichtung Ihren Bedürfnissen entsprechend anzupassen.</strong></li> <li><strong>Ästhetik : ein modernes und raffiniertes Design, das sich harmonisch in jede Umgebung einfügt.</strong></li> <li><strong>Respektieren Sie die Umwelt : Die verwendeten Materialien sind recycelbar und die Geräte sind so konzipiert, dass die Umweltbelastung minimiert wird.</strong></li> </ul> <p class=""sZg4jFb obhdl_Q---typography-11-runningText obhdl_Q---priority-7-primary _HOcyB x4nptw sxbtulv"" aria-hidden=""false""><strong>Weitere Informationen</strong></p> <div class=""rah-static rah-static--height-auto"" aria-hidden=""false""> <div class=""ulKuLk QfrfFD cell""> <div class=""zp8uy2""> <ul> <li><strong>Doppelkabinentoilette 4x2 Meter mit Duschen</strong></li> <li><strong>Sandwichprofil mit Wärmedämmung für geringen Energieverlust</strong></li> <li><strong>Außentür aus verzinktem Hörmann Stahlblech</strong></li> <li><strong>Komplette Elektroinstallation nach EG-Richtlinien</strong></li> <li><strong>230 V Steckdosen</strong></li> <li><strong>Deckenleuchten</strong></li> <li><strong>Durchlauferhitzer 2x 11KW/380V</strong></li> <li><strong>PVC-Boden: Strapazierfähig und schnell zu reinigen</strong></li> <li><strong>Elektrischer Wandheizkörper</strong></li> <li><strong>Urin</strong></li> </ul> </div> </div> </div>",GRAL Containerdienst GmbH,Business & Industrial > Industrial Storage > Shipping Containers,SANITÄRCONTAINER,"Modulcontainer, Sanitärcontainer, Sanitärcontainer kaufen",true,Title,Default Title,,,,,,,,GCG-200-026,0.0,shopify,18,deny,manual,2200.00,,true,true,,,,,,,,,false,,,,,,kg,,,active,Business & Industrie > Baugewerbe > Baustellenausstattung > Mobile Sanitäranlagen
40-fuss-weisser-versandcontainer-neu,40-Fuß-weißer Versandcontainer – neu,"<p><strong>ISO-Zertifikat</strong></p> <p><strong>Aus Cortenstahl (witterungsbeständig)</strong></p> <p><strong>Mit der Marke CSC</strong></p> <p><strong>Musterzulassung (GL, BV oder ABS)</strong></p> <p><strong>Erste Reise Neue Ware (kann leichte Gebrauchsspuren durch Import aufweisen)</strong></p> <p><strong>In verschiedenen Farben erhältlich</strong></p> <p><strong>Abmessungen:</strong></p> <p><strong>Länge 12,20m</strong></p> <p><strong>Breite 2,4 m</strong></p> <p><strong>Höhe 2,6 m</strong></p> <p><strong>Tara (Nettogewicht/Garage) 3,8 t</strong></p> <p><strong>Nutzlast 27,6 t</strong></p> <p><strong>Ladefläche 28,3 m²</strong></p> <p><strong>Ladevolumen: 67,7 m³</strong></p>",GRAL Containerdienst GmbH,Business & Industrial > Industrial Storage > Shipping Containers,40-Fuß-weißer Versandcontainer,"[""40-Fuß-Container""]",true,Title,Default Title,,,,,,,,GCG-890-026,0.0,shopify,14,deny,manual,1890.00,,true,true,,,,,,,,,false,,,,,,kg,,,active,Business & Industrie > Industrielle Lagerung > Schiffscontainer
40-fuss-seecontainer-mit-seitlicher-offnung-1,40-Fuß-Seecontainer mit seitlicher Öffnung,"<p><strong>Der 40 Fuß Open Side Container ist eine hervorragende Lagermöglichkeit und zeichnet sich durch seine Robustheit und Sicherheit aus. Gefertigt aus Cortenstahl bietet er effektiven Schutz vor Diebstahl. Seine Konstruktion aus Wellblechwänden und -trägern sowie einem 28 mm starken Bootsbausperrholzboden sorgt für Langlebigkeit und Stabilität.</strong></p> <p><strong>Dieses Modell ermöglicht dank seiner breiten Seitenöffnung einen optimierten Zugang zur Ladung . Zusätzlich zu einer Tür an einem Ende verfügt es über eine vollständige Seitenöffnung ohne Mittelsäule , die auf beiden Seiten mit zwei faltbaren Doppeltüren ausgestattet ist .</strong></p> <p><strong>Der neue 40-Fuß-Open-Side- Container (First Trip) ist für zusätzliche Sicherheit an beiden Öffnungen mit Vorhängeschlosssicherungen ausgestattet . Er ist eine multimodale Lösung, die per Lkw, Bahn, Binnenschiff oder Schiff transportiert und ausgeliefert werden kann.</strong></p> <h3><strong>Vorteile</strong></h3> <ul> <li><strong>Große Seitenöffnung für einfaches Be- und Entladen</strong></li> <li><strong>Hohe Sicherheit und Dichtheit gegen widrige Bedingungen</strong></li> <li><strong>Einfache Installation ohne Standortbeschränkungen</strong></li> <li><strong>Ideal für die Lagerung auf Kragarmregalen</strong></li> <li><strong>Starke und langlebige selbsttragende Struktur</strong></li> <li><strong>Entspricht ISO-Typ 42G1 – ISO-Gruppe 42GP</strong></li> </ul> <h3><strong>Maße</strong></h3> <ul> <li><strong>Außenmaße : 12,19 m x 2,44 m x 2,59 m</strong></li> <li><strong>Innenmaße : 12,03 m x 2,35 m x 2,39 m</strong></li> </ul>",Container Goertz,Business & Industrial > Industrial Storage > Shipping Containers,40-Fuß-Seecontainer,,false,Title,Default Title,,,,,,,,GCG-650-026,0.0,shopify,18,deny,manual,2650.00,,true,true,,,,,,https://cdn.shopify.com/s/files/1/1075/4175/8301/files/rn-image_picker_lib_temp_dc7e6d19-2c88-4928-b8e5-ad40a61a595c.jpg?v=1779732383,1,,false,,,,,,kg,,,draft,Business & Industrie > Industrielle Lagerung > Schiffscontainer
40-fuss-seecontainer-mit-seitlicher-offnung-1,,,,,,,,,,,,,,,,,,,,,,,,,,,,,,,,https://cdn.shopify.com/s/files/1/1075/4175/8301/files/rn-image_picker_lib_temp_6c3e1319-614f-4f46-bac9-c34af7470104.jpg?v=1779732384,2,,,,,,,,,,,,
40-fuss-seecontainer-mit-seitlicher-offnung-1,,,,,,,,,,,,,,,,,,,,,,,,,,,,,,,,https://cdn.shopify.com/s/files/1/1075/4175/8301/files/rn-image_picker_lib_temp_1c178c3a-d637-49a3-951c-5b3a0eb166bf.jpg?v=1779732383,3,,,,,,,,,,,,
40-fuss-seecontainer-mit-seitlicher-offnung,40-Fuß-Seecontainer mit seitlicher Öffnung – GCG-007-026,"<p><strong>Der 40 Fuß Open Side Container ist eine hervorragende Lagermöglichkeit und zeichnet sich durch seine Robustheit und Sicherheit aus. Gefertigt aus Cortenstahl bietet er effektiven Schutz vor Diebstahl. Seine Konstruktion aus Wellblechwänden und -trägern sowie einem 28 mm starken Bootsbausperrholzboden sorgt für Langlebigkeit und Stabilität.</strong></p> <p><strong>Dieses Modell ermöglicht dank seiner breiten Seitenöffnung einen optimierten Zugang zur Ladung . Zusätzlich zu einer Tür an einem Ende verfügt es über eine vollständige Seitenöffnung ohne Mittelsäule , die auf beiden Seiten mit zwei faltbaren Doppeltüren ausgestattet ist .</strong></p> <p><strong>Der neue 40-Fuß-Open-Side- Container (First Trip) ist für zusätzliche Sicherheit an beiden Öffnungen mit Vorhängeschlosssicherungen ausgestattet . Er ist eine multimodale Lösung, die per Lkw, Bahn, Binnenschiff oder Schiff transportiert und ausgeliefert werden kann.</strong></p> <h3><strong>Vorteile</strong></h3> <ul> <li><strong>Große Seitenöffnung für einfaches Be- und Entladen</strong></li> <li><strong>Hohe Sicherheit und Dichtheit gegen widrige Bedingungen</strong></li> <li><strong>Einfache Installation ohne Standortbeschränkungen</strong></li> <li><strong>Ideal für die Lagerung auf Kragarmregalen</strong></li> <li><strong>Starke und langlebige selbsttragende Struktur</strong></li> <li><strong>Entspricht ISO-Typ 42G1 – ISO-Gruppe 42GP</strong></li> </ul> <h3><strong>Maße</strong></h3> <ul> <li><strong>Außenmaße : 12,19 m x 2,44 m x 2,59 m</strong></li> <li><strong>Innenmaße : 12,03 m x 2,35 m x 2,39 m</strong></li> </ul>",GRAL Containerdienst GmbH,Business & Industrial > Industrial Storage > Shipping Containers,40-Fuß-Seecontainer,"[""40-Fuß-Container""]",true,Title,Default Title,,,,,,,,GCG-007-026,0.0,shopify,16,deny,manual,2700.00,,true,true,,,,,,,,,false,,,,,,kg,,,active,Business & Industrie > Industrielle Lagerung > Schiffscontainer
40-fuss-high-cube-container-1,40 Fuß High Cube Container,"<div class=""description accordion open""> <div class=""accordion-content""> <div class=""user-content margin-b-6""> <p><strong>Unser 40 Fuß High Cube Container ist eine unserer beliebtesten und praktischsten Optionen für verschiedene Transport- und Lageranforderungen. Mit einer Länge von 40 Fuß (ca. 12,20 Meter) und einer zusätzlichen Höhe von 30 cm im Vergleich zum Standard-40-Fuß-Container bietet dieser Container zusätzlichen Platz für eine effizientere Beladung Ihrer Fracht oder Waren.</strong></p> </div> </div> </div> <div class=""description accordion open""> <div class=""accordion-title flex flex-items-space-between flex-items-middle gaps-9""> <h5 class=""fw-medium margin-tb-8""><strong>Technische Informationen</strong></h5> <strong><i class=""fas fa-chevron-down""></i></strong> </div> <div class=""accordion-content""> <div class=""user-content margin-b-6""> <table> <thead> <tr> <th></th> <th><strong>Außenmaße</strong></th> <th><strong>Innenmaße</strong></th> </tr> </thead> <tbody> <tr> <td><strong>Länge</strong></td> <td><strong>12192 mm</strong></td> <td><strong>12032 mm</strong></td> </tr> <tr> <td><strong>Breite</strong></td> <td><strong>2438 mm</strong></td> <td><strong>2348 mm</strong></td> </tr> <tr> <td><strong>Höhe</strong></td> <td><strong>2896 mm</strong></td> <td><strong>2699 mm</strong></td> </tr> </tbody> <thead> <tr> <th> <br><strong>Taragewicht</strong> </th> <th> <br><strong>Tragfähigkeit</strong> </th> <th> <br><strong>Bruttogewicht</strong> </th> </tr> </thead> <tbody> <tr> <td><strong>4000 kg</strong></td> <td><strong>26480 kg</strong></td> <td><strong>30480 kg</strong></td> </tr> </tbody> </table> </div> </div> </div>",Container Goertz,Business & Industrial > Industrial Storage > Shipping Containers,40 Fuß High Cube Container,"[""40-Fuß-Container""]",false,Title,Default Title,,,,,,,,GCG-820-026,0.0,shopify,13,deny,manual,1820.90,,true,true,,,,,,https://cdn.shopify.com/s/files/1/1075/4175/8301/files/rn-image_picker_lib_temp_86705eb7-4d2b-4f78-abd1-1cb6c2eb8a9e.jpg?v=1779732382,1,,false,,,,,,kg,,,draft,Business & Industrie > Industrielle Lagerung > Schiffscontainer
40-fuss-high-cube-container-1,,,,,,,,,,,,,,,,,,,,,,,,,,,,,,,,https://cdn.shopify.com/s/files/1/1075/4175/8301/files/rn-image_picker_lib_temp_08857003-0d14-4df9-87ca-db41085e7a97.jpg?v=1779732382,2,,,,,,,,,,,,
40-fuss-high-cube-container-1,,,,,,,,,,,,,,,,,,,,,,,,,,,,,,,,https://cdn.shopify.com/s/files/1/1075/4175/8301/files/rn-image_picker_lib_temp_33d15b9b-e9a8-4076-b539-c5b5d1d2d8aa.jpg?v=1779732382,3,,,,,,,,,,,,
40-fuss-high-cube-container-1,,,,,,,,,,,,,,,,,,,,,,,,,,,,,,,,https://cdn.shopify.com/s/files/1/1075/4175/8301/files/rn-image_picker_lib_temp_e7a298bb-8f94-454b-9c2b-8d95260be38f.jpg?v=1779732382,4,,,,,,,,,,,,
40-fuss-high-cube-container,40 Fuß High Cube Container – GCG-009-026,"<div class=""description accordion open""> <div class=""accordion-content""> <div class=""user-content margin-b-6""> <p><strong>Unser 40 Fuß High Cube Container ist eine unserer beliebtesten und praktischsten Optionen für verschiedene Transport- und Lageranforderungen. Mit einer Länge von 40 Fuß (ca. 12,20 Meter) und einer zusätzlichen Höhe von 30 cm im Vergleich zum Standard-40-Fuß-Container bietet dieser Container zusätzlichen Platz für eine effizientere Beladung Ihrer Fracht oder Waren.</strong></p> </div> </div> </div> <div class=""description accordion open""> <div class=""accordion-title flex flex-items-space-between flex-items-middle gaps-9""> <h5 class=""fw-medium margin-tb-8""><strong>Technische Informationen</strong></h5> <strong><i class=""fas fa-chevron-down""></i></strong> </div> <div class=""accordion-content""> <div class=""user-content margin-b-6""> <table> <thead> <tr> <th></th> <th><strong>Außenmaße</strong></th> <th><strong>Innenmaße</strong></th> </tr> </thead> <tbody> <tr> <td><strong>Länge</strong></td> <td><strong>12192 mm</strong></td> <td><strong>12032 mm</strong></td> </tr> <tr> <td><strong>Breite</strong></td> <td><strong>2438 mm</strong></td> <td><strong>2348 mm</strong></td> </tr> <tr> <td><strong>Höhe</strong></td> <td><strong>2896 mm</strong></td> <td><strong>2699 mm</strong></td> </tr> </tbody> <thead> <tr> <th> <br><strong>Taragewicht</strong> </th> <th> <br><strong>Tragfähigkeit</strong> </th> <th> <br><strong>Bruttogewicht</strong> </th> </tr> </thead> <tbody> <tr> <td><strong>4000 kg</strong></td> <td><strong>26480 kg</strong></td> <td><strong>30480 kg</strong></td> </tr> </tbody> </table> </div> </div> </div>",GRAL Containerdienst GmbH,Business & Industrial > Industrial Storage > Shipping Containers,40 Fuß High Cube Container,"[""40-Fuß-Container""]",true,Title,Default Title,,,,,,,,GCG-009-026,0.0,shopify,21,deny,manual,1900.00,,true,true,,,,,,,,,false,,,,,,kg,,,active,Business & Industrie > Industrielle Lagerung > Schiffscontainer
40-fuss-hc-versandcontainer-neu,40-Fuß-HC-Versandcontainer – Neu,"<p><strong>Ein 40 Fuß HC (High Cube) „First Voyage“-Container in RAL 7016 (Anthrazitgrau) ist in der Regel ein neuer oder sehr neuer Container für den Gütertransport. High Cube-Container sind etwas höher als Standardcontainer und bieten daher mehr Ladevolumen. Hier sind einige typische Spezifikationen für einen solchen Container:</strong></p> <p><strong>Technische Daten</strong></p> <p><strong>Außenmaße:</strong></p> <p><strong>Länge: 12.192 mm</strong></p> <p><strong>Breite: 2.438 mm</strong></p> <p><strong>Höhe: 2.896 mm</strong></p> <p><strong>Innenmaße:</strong></p> <p><strong>Länge: 12.032 mm</strong></p> <p><strong>Breite: 2.352 mm</strong></p> <p><strong>Höhe: 2.698 mm</strong></p> <p><strong>Fähigkeit :</strong></p> <p><strong>Volumen: ca. 76,4 m³</strong></p> <p><strong> Gewicht :</strong></p> <p><strong>Leergewicht: ca. 3.750 kg</strong></p> <p><strong>Maximales Gesamtgewicht: 30.480 kg</strong></p> <p><strong>Maximale Nutzlast: ca. 26.730kg</strong></p>",GRAL Containerdienst GmbH,Business & Industrial > Industrial Storage > Shipping Containers,40-Fuß-HC-Versandcontainer,"[""40-Fuß-Container""]",true,Title,Default Title,,,,,,,,GCG-855-026,0.0,shopify,14,deny,manual,1855.90,,true,true,,,,,,,,,false,,,,,,kg,,,active,Business & Industrie > Industrielle Lagerung > Schiffscontainer
40-fuss-hc-versandcontainer-mit-seitlichen-offnungen,40-Fuß-HC-Versandcontainer mit seitlichen Öffnungen,"<p><strong>Komplette Cor-Ten-Stahlkonstruktion</strong></p> <p><strong>Außentüren mit Doppelscharnieren und zwei Verriegelungsstangen pro Tür an einem 8-Fuß-Ende und drei Verriegelungsstangen pro Tür an einer 40-Fuß-Seite</strong></p> <p><strong>28 mm Bootsbausperrholzboden auf Stahlschwellen</strong></p> <p><strong>8 Belüftungsöffnungen</strong></p> <p><strong>Gegen Aufpreis kann ein stahlgebundener Boden eingebaut werden</strong></p> <p><strong> PRODUKTSPEZIFIKATIONEN</strong></p> <p><strong>Außenlänge (m)</strong></p> <p><strong>12.19</strong></p> <p><strong> Außenbreite (m)</strong></p> <p><strong>2,44</strong></p> <p><strong> Außenhöhe (m)</strong></p> <p><strong>2,90</strong></p> <p><strong> Innenlänge (m)</strong></p> <p><strong>12.03</strong></p> <p><strong> Innenbreite (m)</strong></p> <p><strong>2.29</strong></p> <p><strong>Innenhöhe (m)</strong></p> <p><strong>2,70</strong></p>",GRAL Containerdienst GmbH,Business & Industrial > Industrial Storage > Shipping Containers,40-Fuß-Versandcontainer,"[""40-Fuß-Container""]",true,Title,Default Title,,,,,,,,GCG-790-026,0.0,shopify,14,deny,manual,2790.00,,true,true,,,,,,,,,false,,,,,,kg,,,active,Business & Industrie > Industrielle Lagerung > Schiffscontainer
40-fuss-hc-versandcontainer-mit-4-seitenturen-gebraucht,40-Fuß-HC-Versandcontainer mit 4 Seitentüren – gebraucht,"<p><strong>Weitere Informationen</strong></p> <p><strong>High Cube Container sind 300 mm höher als Standardcontainer und bieten somit deutlich mehr Nutzfläche.</strong></p> <p><strong>Spezifikationen:</strong></p> <p><strong>Innenhöhe: 2695 mm</strong></p> <p><strong>- Innenlänge: 12035 mm</strong></p> <p><strong>- Innenbreite: 2352 mm</strong></p> <p><strong>- Gewicht: 3.890 kg</strong></p> <p><strong>- Kubikmeter: 76,4 m3</strong></p>",GRAL Containerdienst GmbH,Business & Industrial > Industrial Storage > Shipping Containers,40-Fuß-Versandcontainer,"[""40-Fuß-Container""]",true,Title,Default Title,,,,,,,,GCG-580-026,0.0,shopify,12,deny,manual,2850.00,,true,true,,,,,,,,,false,,,,,,kg,,,active,Business & Industrie > Industrielle Lagerung > Schiffscontainer
20-fuss-versandcontainer-mit-seitlicher-offnung-gebraucht,20-Fuß-Versandcontainer mit seitlicher Öffnung – gebraucht,"<p><strong>Eigenschaften:</strong></p> <ul> <li><strong>Typ: Gebrauchter Seecontainer mit vollständiger Seitenöffnung</strong></li> <li><strong>Außenmaße:<br>Länge 6,06 m × Breite 2,44 m × Höhe 2,59 m</strong></li> <li><strong>Fassungsvermögen ca.: 33 m³</strong></li> <li><strong>Leergewicht: ca. 2.400 kg.</strong></li> <li><strong>Material: Robuster Cortenstahl</strong></li> <li><strong>Öffnung:<br></strong></li> <ul> <li><strong>Standard-Doppeltür hinten</strong></li> <li><strong>Vollständige Seitenöffnung mit Falttüren</strong></li> </ul> </ul> <p><strong>Zustand:</strong></p> <ul> <li><strong>Gebraucht, in gutem baulichen Zustand</strong></li> <li><strong>Hermetisch (wind- und wasserdicht)</strong></li> <li><strong>Mit Gebrauchsspuren (Flugrost, leichte Dellen)</strong></li> </ul> <p><strong>Vorteile:</strong></p> <ul> <li><strong>Vollständiger seitlicher Zugang, ideal zum schnellen Be- und Entladen</strong></li> <li><strong>Ideal für Maschinen, Paletten, Möbel oder zur Zwischenlagerung</strong></li> </ul>",GRAL Containerdienst GmbH,Business & Industrial > Industrial Storage > Shipping Containers,20-Fuß-Versandcontainer,"[""20-Fuß-Container""]",true,Title,Default Title,,,,,,,,GCG-070-026,0.0,shopify,17,deny,manual,1700.00,,true,true,,,,,,,,,false,,,,,,kg,,,active,Business & Industrie > Industrielle Lagerung > Schiffscontainer
20-fuss-versandcontainer-gebraucht,20-Fuß-Versandcontainer - gebraucht,"<p><strong>Eigenschaften:</strong></p> <ul> <li><strong>Typ: Standard Gebrauchtcontainer (20 Fuß)</strong></li> <li><strong>Außenmaße:<br>Länge 6,06 m × Breite 2,44 m × Höhe 2,59 m</strong></li> <li><strong>Fassungsvermögen ca.: 33 m³</strong></li> <li><strong>Leergewicht: ca. 2.200 kg.</strong></li> <li><strong>Material: Rost- und witterungsbeständiger Cortenstahl</strong></li> <li><strong>Hermetischer Verschluss durch doppelflügelige Hecktüren</strong></li> </ul> <p><strong>Zustand:</strong></p> <ul> <li><strong>Gebraucht in gutem baulichen Zustand</strong></li> <li><strong>Hermetisch (wind- und wasserdicht)</strong></li> <li><strong>Es können Gebrauchsspuren vorhanden sein: Oberflächenrost, Kratzer oder leichte Beulen.</strong></li> </ul>",GRAL Containerdienst GmbH,Business & Industrial > Industrial Storage > Shipping Containers,20-Fuß-Versandcontainer,"[""20-Fuß-Container""]",true,Title,Default Title,,,,,,,,GCG-390-026,0.0,shopify,14,deny,manual,1390.00,,true,true,,,,,,https://cdn.shopify.com/s/files/1/1075/4175/8301/files/rn-image_picker_lib_temp_9cd827e9-3ee3-432e-8f8c-0a1b81645205.jpg?v=1779732369,1,,false,,,,,,kg,,,active,Business & Industrie > Industrielle Lagerung > Schiffscontainer
20-fuss-versandcontainer-gebraucht,,,,,,,,,,,,,,,,,,,,,,,,,,,,,,,,https://cdn.shopify.com/s/files/1/1075/4175/8301/files/rn-image_picker_lib_temp_bb3e9b05-f66c-4d70-9277-cd89abca7888.jpg?v=1779732369,2,,,,,,,,,,,,
20-fuss-versandcontainer-gebraucht,,,,,,,,,,,,,,,,,,,,,,,,,,,,,,,,https://cdn.shopify.com/s/files/1/1075/4175/8301/files/rn-image_picker_lib_temp_3a44596d-bc2b-4a7d-85d5-6fa9a39f61aa.jpg?v=1779732369,3,,,,,,,,,,,,
20-fuss-versandcontainer,20-Fuß-Versandcontainer,"<p><strong>Abmessungen und Gewicht</strong></p> <p><strong>• Außenlänge: 20 Fuß (6.058 mm)</strong></p> <p><strong>• Außenbreite: 8 Fuß (2.438 mm)</strong></p> <p><strong>• Außenhöhe: 8 Fuß 6 Zoll (2.591 mm)</strong></p> <p><strong>• Innenlänge: 19 Fuß 4,2 Zoll (5.898 mm)</strong></p> <p><strong>• Innenbreite: 7 Fuß 8,6 Zoll (2.352 mm)</strong></p> <p><strong>• Innenhöhe: 7 Fuß 10,1 Zoll (2.393 mm)</strong></p> <p><strong>• Hubraum: 33,2 m³</strong></p> <p><strong>• Leergewicht: 2.200 kg (4.850 lbs)</strong></p> <p><strong>• Maximales Bruttogewicht: 24.000 kg (52.910 lbs)</strong></p> <p><strong>• Maximale Nutzlast: 21.800 kg (48.060 lbs)</strong></p> <p><strong> Materialien und Konstruktion</strong></p> <p><strong>• Material: Cortenstahl</strong></p> <p><strong>• Türen: Doppelte Hintertür mit hermetischem Verschluss</strong></p> <p><strong>• Boden: Hochleistungssperrholz, feuchtigkeitsbeständig behandelt</strong></p> <p><strong>Zusätzliche Funktionen</strong></p> <p><strong>• Belüftung: Belüftungslöcher verhindern Feuchtigkeitsansammlung</strong></p> <p><strong>• Struktur: Verstärkter Stahlrahmen für Haltbarkeit und Festigkeit</strong></p> <p><strong>• Kompatibilität: Vollständig kompatibel mit Transportsystemen</strong></p>",GRAL Containerdienst GmbH,Business & Industrial > Industrial Storage > Shipping Containers,20-Fuß-Versandcontainer,"[""20-Fuß-Container""]",true,Title,Default Title,,,,,,,,GCG-006-026,0.0,shopify,16,deny,manual,1600.00,,true,true,,,,,,,,,false,,,,,,kg,,,active,Business & Industrie > Industrielle Lagerung > Schiffscontainer
20-fuss-standardcontainer-1,20 Fuß Standardcontainer,"<div class=""description accordion open""> <div class=""accordion-content""> <div class=""user-content margin-b-6""> <p><strong>Unser 20 Fuß Standard-Trockencontainer ist eine zuverlässige und vielseitige Wahl für vielfältige Lagerbedürfnisse. Mit einer Länge von 20 Fuß (ca. 6,10 Meter) bietet dieser Container ein großzügiges Lagervolumen von 33 Kubikmetern und ist damit die ideale Lösung für alle, die eine dauerhafte und sichere Lagerung an temporären Standorten suchen.</strong></p> </div> </div> </div> <div class=""description accordion open""> <div class=""accordion-title flex flex-items-space-between flex-items-middle gaps-9""> <h5 class=""fw-medium margin-tb-8""><strong>Technische Informationen</strong></h5> <strong><i class=""fas fa-chevron-down""></i></strong> </div> <div class=""accordion-content""> <div class=""user-content margin-b-6""> <table> <thead> <tr> <th></th> <th><strong>Außenmaße</strong></th> <th><strong>Innenmaße</strong></th> </tr> </thead> <tbody> <tr> <td><strong>Länge</strong></td> <td><strong>6058 mm</strong></td> <td><strong>5900 mm</strong></td> </tr> <tr> <td><strong>Breite</strong></td> <td><strong>2438 mm</strong></td> <td><strong>2348 mm</strong></td> </tr> <tr> <td><strong>Höhe</strong></td> <td><strong>2591 mm</strong></td> <td><strong>2392 mm</strong></td> </tr> </tbody> <thead> <tr> <th> <br><strong>Taragewicht</strong> </th> <th> <br><strong>Tragfähigkeit</strong> </th> <th> <br><strong>Bruttogewicht</strong> </th> </tr> </thead> <tbody> <tr> <td><strong>2250 kg</strong></td> <td><strong>28230 kg</strong></td> <td><strong>30480 kg</strong></td> </tr> </tbody> </table> </div> </div> </div>",Container Goertz,Business & Industrial > Industrial Storage > Shipping Containers,20 Fuß Standardcontainer,"[""20-Fuß-Container""]",false,Title,Default Title,,,,,,,,GCG-470-026,0.0,shopify,18,deny,manual,1470.90,,true,true,,,,,,https://cdn.shopify.com/s/files/1/1075/4175/8301/files/rn-image_picker_lib_temp_d23cce36-42f8-44b9-a3e4-ce92c87ef8e1.jpg?v=1779732367,1,,false,,,,,,kg,,,draft,Business & Industrie > Industrielle Lagerung > Schiffscontainer
20-fuss-standardcontainer-1,,,,,,,,,,,,,,,,,,,,,,,,,,,,,,,,https://cdn.shopify.com/s/files/1/1075/4175/8301/files/rn-image_picker_lib_temp_2ddfe596-51d6-49c4-9edd-b98a66b34197.jpg?v=1779732367,2,,,,,,,,,,,,
20-fuss-standardcontainer-1,,,,,,,,,,,,,,,,,,,,,,,,,,,,,,,,https://cdn.shopify.com/s/files/1/1075/4175/8301/files/rn-image_picker_lib_temp_81281393-b31a-45ce-90c6-423673bf59cb.jpg?v=1779732367,3,,,,,,,,,,,,
20-fuss-standardcontainer-1,,,,,,,,,,,,,,,,,,,,,,,,,,,,,,,,https://cdn.shopify.com/s/files/1/1075/4175/8301/files/rn-image_picker_lib_temp_7414af96-c752-4acc-8471-512de5619341.jpg?v=1779732367,4,,,,,,,,,,,,
20-fuss-standardcontainer,20 Fuß Standardcontainer – GCG-045-026,"<div class=""description accordion open""> <div class=""accordion-content""> <div class=""user-content margin-b-6""> <p><strong>Unser 20 Fuß Standard-Trockencontainer ist eine zuverlässige und vielseitige Wahl für vielfältige Lagerbedürfnisse. Mit einer Länge von 20 Fuß (ca. 6,10 Meter) bietet dieser Container ein großzügiges Lagervolumen von 33 Kubikmetern und ist damit die ideale Lösung für alle, die eine dauerhafte und sichere Lagerung an temporären Standorten suchen.</strong></p> </div> </div> </div> <div class=""description accordion open""> <div class=""accordion-title flex flex-items-space-between flex-items-middle gaps-9""> <h5 class=""fw-medium margin-tb-8""><strong>Technische Informationen</strong></h5> <strong><i class=""fas fa-chevron-down""></i></strong> </div> <div class=""accordion-content""> <div class=""user-content margin-b-6""> <table> <thead> <tr> <th></th> <th><strong>Außenmaße</strong></th> <th><strong>Innenmaße</strong></th> </tr> </thead> <tbody> <tr> <td><strong>Länge</strong></td> <td><strong>6058 mm</strong></td> <td><strong>5900 mm</strong></td> </tr> <tr> <td><strong>Breite</strong></td> <td><strong>2438 mm</strong></td> <td><strong>2348 mm</strong></td> </tr> <tr> <td><strong>Höhe</strong></td> <td><strong>2591 mm</strong></td> <td><strong>2392 mm</strong></td> </tr> </tbody> <thead> <tr> <th> <br><strong>Taragewicht</strong> </th> <th> <br><strong>Tragfähigkeit</strong> </th> <th> <br><strong>Bruttogewicht</strong> </th> </tr> </thead> <tbody> <tr> <td><strong>2250 kg</strong></td> <td><strong>28230 kg</strong></td> <td><strong>30480 kg</strong></td> </tr> </tbody> </table> </div> </div> </div>",GRAL Containerdienst GmbH,Business & Industrial > Industrial Storage > Shipping Containers,20 Fuß Standardcontainer,"[""20-Fuß-Container""]",true,Title,Default Title,,,,,,,,GCG-045-026,0.0,shopify,14,deny,manual,1450.80,,true,true,,,,,,,,,false,,,,,,kg,,,active,Business & Industrie > Industrielle Lagerung > Schiffscontainer
20-fuss-open-side-container-1,20 Fuß Open Side Container,"<div class=""description accordion open""> <div class=""accordion-content""> <div class=""user-content margin-b-6""> <p><strong>Optimieren Sie Ihre Logistikprozesse mit unserem 20 Fuß Open Side Container (ISO-Typ) mit einer Höhe von 8 Fuß 6 Zoll. Dieser Container bietet dank seines einzigartigen Designs eine hervorragende Lösung zum effizienten Be-, Transport- und Entladen von Waren.</strong></p> </div> </div> </div> <div class=""description accordion open""> <div class=""accordion-title flex flex-items-space-between flex-items-middle gaps-9""> <h5 class=""fw-medium margin-tb-8""><strong>Technische Informationen</strong></h5> <strong><i class=""fas fa-chevron-down""></i></strong> </div> <div class=""accordion-content""> <div class=""user-content margin-b-6""> <table> <thead> <tr> <th></th> <th><strong>Außenmaße</strong></th> <th><strong>Innenmaße</strong></th> </tr> </thead> <tbody> <tr> <td><strong>Länge</strong></td> <td><strong>6058 mm</strong></td> <td><strong>5898 mm</strong></td> </tr> <tr> <td><strong>Breite</strong></td> <td><strong>2438 mm</strong></td> <td><strong>2309 mm</strong></td> </tr> <tr> <td><strong>Höhe</strong></td> <td><strong>2591 mm</strong></td> <td><strong>2288 mm  </strong></td> </tr> </tbody> <thead> <tr> <th><strong>Tara Unbelastet</strong></th> <th><strong>Tragfähigkeit</strong></th> <th><strong>Bruttogewicht</strong></th> </tr> </thead> <tbody> <tr> <td><strong>2800 kg</strong></td> <td><strong>27680 kg</strong></td> <td><strong>30480 kg</strong></td> </tr> </tbody> </table> </div> </div> </div>",Container Goertz,Business & Industrial > Industrial Storage > Shipping Containers,20 Fuß Open Side Container,"[""20-Fuß-Container""]",false,Title,Default Title,,,,,,,,GCG-008-026,0.0,shopify,15,deny,manual,1800.00,,true,true,,,,,,https://cdn.shopify.com/s/files/1/1075/4175/8301/files/rn-image_picker_lib_temp_b60fc7bb-6b41-4358-9b63-90ea9993aa3a.jpg?v=1779732365,1,,false,,,,,,kg,,,draft,Business & Industrie > Industrielle Lagerung > Schiffscontainer
20-fuss-open-side-container-1,,,,,,,,,,,,,,,,,,,,,,,,,,,,,,,,https://cdn.shopify.com/s/files/1/1075/4175/8301/files/rn-image_picker_lib_temp_9e10808d-f772-45b0-b5c4-341c95ec0b7e.jpg?v=1779732365,2,,,,,,,,,,,,
20-fuss-open-side-container-1,,,,,,,,,,,,,,,,,,,,,,,,,,,,,,,,https://cdn.shopify.com/s/files/1/1075/4175/8301/files/rn-image_picker_lib_temp_20aa4573-8614-4ece-b335-a097d50eebb1.jpg?v=1779732365,3,,,,,,,,,,,,
20-fuss-offener-container-gebraucht,20-Fuß-Offener Container – Gebraucht,"<p><strong>20-Fuß-Open-Side-Container bietet eine einzigartige Alternative zu Standardcontainern und erleichtert den Zugang sowie das Be- und Entladen von Gütern erheblich. Er eignet sich ideal für größere Gegenstände, die nicht durch die Türen von Standardcontainern passen würden.</strong></p> <p> </p> <p><strong>Der Container besteht aus korrosionsbeständigem CORTEN-Stahl, der eine bessere Rostbeständigkeit als herkömmlicher Stahl aufweist, was seine Lebensdauer verlängert und seine strukturelle Integrität verbessert. Die Böden bestehen aus 19-lagigem Keruing-Apitong-Sperrholz in Marinequalität, das die Qualität von herkömmlichem Sperrholz übertrifft. Diese Böden sind speziell darauf ausgelegt, den Feuchtigkeitsgehalt zu reduzieren und so Pilzwachstum und schädlichen Termitenbefall zu verhindern.</strong></p> <p><strong>Containerabmessungen</strong></p> <p><strong>Außenmaße: 20'L x 8'B x 8'6""H</strong></p> <p><strong>Innenmaße: 6,9 m L x 2,3 m B x 2,3 m H</strong></p> <p><strong>Türöffnung: 2,21 m B x 2,27 m H</strong></p> <p><strong>Seitentüröffnung: 19'2""L x 7'2""</strong></p> <p><strong>Gewicht: 7.010 Pfund</strong></p> <p><strong>Nutzlast: 60.190 Pfund</strong></p>",GRAL Containerdienst GmbH,Business & Industrial > Industrial Storage > Shipping Containers,20-Fuß-Offener Container,"[""20-Fuß-Container""]",true,Title,Default Title,,,,,,,,GCG-699-026,0.0,shopify,12,deny,manual,1699.80,,true,true,,,,,,https://cdn.shopify.com/s/files/1/1075/4175/8301/files/rn-image_picker_lib_temp_21c38c99-07b7-4013-90aa-609d60e0d1cf.jpg?v=1779732363,1,,false,,,,,,kg,,,active,Business & Industrie > Industrielle Lagerung > Schiffscontainer
20-fuss-offener-container-gebraucht,,,,,,,,,,,,,,,,,,,,,,,,,,,,,,,,https://cdn.shopify.com/s/files/1/1075/4175/8301/files/rn-image_picker_lib_temp_6734c0a4-aff5-4184-8714-3459a7cff060.jpg?v=1779732363,2,,,,,,,,,,,,
20-fuss-offener-container-gebraucht,,,,,,,,,,,,,,,,,,,,,,,,,,,,,,,,https://cdn.shopify.com/s/files/1/1075/4175/8301/files/rn-image_picker_lib_temp_172ea85e-be3c-4086-ae8f-817ebda7162b.jpg?v=1779732363,3,,,,,,,,,,,,
20-fuss-offener-container-gebraucht,,,,,,,,,,,,,,,,,,,,,,,,,,,,,,,,https://cdn.shopify.com/s/files/1/1075/4175/8301/files/rn-image_picker_lib_temp_b621c42b-b36b-42db-bf41-d4ce0d8c6284.jpg?v=1779732363,4,,,,,,,,,,,,
20-fuss-offener-container-gebraucht,,,,,,,,,,,,,,,,,,,,,,,,,,,,,,,,https://cdn.shopify.com/s/files/1/1075/4175/8301/files/rn-image_picker_lib_temp_aa8b904f-3fb7-48ee-9c23-d3c0a161ab1b.jpg?v=1779732363,5,,,,,,,,,,,,
20-fuss-kuhlcontainer,20-Fuß-Kühlcontainer,"<p><strong>Länge: 6 Meter, Außenhöhe: 2.591 und Innenhöhe: 2.261 (m)</strong></p> <p><strong>Maschinen von Carrier oder Thermo King</strong></p> <p><strong>Außenmaße (LxBxH): 6.058 x 2.438 x 2.591 mm. </strong></p> <p><strong>Neuer 20-Fuß-Kühlcontainer, der für Anwendungen im Zusammenhang mit der Aufrechterhaltung der Produkttemperatur verwendet wird.</strong></p> <p><strong>Um die vorgegebene Temperatur zu halten, sind die Innenwände aus Edelstahl isoliert und der Boden besteht aus T-förmigem gewelltem Aluminium.</strong></p> <p><strong>Die am häufigsten verwendeten Maschinenmarken, die wir liefern, sind Carrier und Thermo King, obwohl wir auch andere Marken wie Star Cool oder Daikin liefern können.</strong></p> <p><strong>Es erfüllt die CSC- und TIR-Anforderungen für den Transport sowie die ISO-Normen in seiner Konstruktion.</strong></p>",GRAL Containerdienst GmbH,Business & Industrial > Industrial Storage > Shipping Containers,20-Fuß-Kühlcontainer,"20-Fuß-Container, Kühlcontainer",true,Title,Default Title,,,,,,,,GCG-100-026,0.0,shopify,15,deny,manual,3100.00,,true,true,,,,,,,,,false,,,,,,kg,,,active,Business & Industrie > Industrielle Lagerung > Schiffscontainer
20-fuss-high-cube-container-2,20 Fuß High Cube Container,"<div class=""description accordion open""> <div class=""accordion-content""> <div class=""user-content margin-b-6""> <p><strong>Unser 20 Fuß High Cube Container bietet zusätzlichen Platz und mehr Höhe für eine effizientere Lagerung und den Transport von Gütern. Mit einer Länge von 20 Fuß (ca. 6,10 Meter) und einer um 30 cm höheren Höhe als der Standard-20-Fuß-Container bietet dieser Container Ihnen die Möglichkeit, Ihre Ladung noch höher zu laden.</strong></p> </div> </div> </div> <div class=""description accordion open""> <div class=""accordion-title flex flex-items-space-between flex-items-middle gaps-9""> <h5 class=""fw-medium margin-tb-8""><strong>Technische Informationen</strong></h5> <strong><i class=""fas fa-chevron-down""></i></strong> </div> <div class=""accordion-content""> <div class=""user-content margin-b-6""> <table> <thead> <tr> <th></th> <th><strong>Außenmaße</strong></th> <th><strong>Innenmaße</strong></th> </tr> </thead> <tbody> <tr> <td><strong>Länge</strong></td> <td><strong>6058 mm</strong></td> <td><strong>5898 mm</strong></td> </tr> <tr> <td><strong>Breite</strong></td> <td><strong>2438 mm</strong></td> <td><strong>2345 mm</strong></td> </tr> <tr> <td><strong>Höhe</strong></td> <td><strong>2891 mm</strong></td> <td><strong>2690 mm</strong></td> </tr> </tbody> <thead> <tr> <th> <br><strong>Taragewicht</strong> </th> <th> <br><strong>Tragfähigkeit</strong> </th> <th> <br><strong>Bruttogewicht</strong> </th> </tr> </thead> <tbody> <tr> <td><strong>2420 kg</strong></td> <td><strong>28060 kg</strong></td> <td><strong>30480 kg</strong></td> </tr> </tbody> </table> </div> </div> </div>",Container Goertz,Business & Industrial > Industrial Storage > Shipping Containers,20 Fuß HC-Container,"[""20-Fuß-Container""]",false,Title,Default Title,,,,,,,,GCG-620-026,0.0,shopify,14,deny,manual,1620.90,,true,true,,,,,,https://cdn.shopify.com/s/files/1/1075/4175/8301/files/rn-image_picker_lib_temp_9f10522a-454b-486f-bc4f-687812aefdf6.jpg?v=1779732361,1,,false,,,,,,kg,,,draft,Business & Industrie > Industrielle Lagerung > Schiffscontainer
20-fuss-high-cube-container-2,,,,,,,,,,,,,,,,,,,,,,,,,,,,,,,,https://cdn.shopify.com/s/files/1/1075/4175/8301/files/rn-image_picker_lib_temp_8f02149d-82c9-47d4-91b9-db6ed0184f6f.jpg?v=1779732361,2,,,,,,,,,,,,
20-fuss-high-cube-container-2,,,,,,,,,,,,,,,,,,,,,,,,,,,,,,,,https://cdn.shopify.com/s/files/1/1075/4175/8301/files/rn-image_picker_lib_temp_a348fddc-438a-4dab-9507-d420f2be98d4.jpg?v=1779732361,3,,,,,,,,,,,,
20-fuss-high-cube-container-2,,,,,,,,,,,,,,,,,,,,,,,,,,,,,,,,https://cdn.shopify.com/s/files/1/1075/4175/8301/files/rn-image_picker_lib_temp_d88b06d8-ec0a-4add-82c9-1fdcda674a28.jpg?v=1779732360,4,,,,,,,,,,,,
20-fuss-hc-container-mit-doppelturen,20 Fuß HC-Container mit Doppeltüren,"<p><strong>Dieser 20 Fuß High Cube (HC) Container mit Doppeltüren bietet durch seine zusätzliche Höhe mehr Innenraum und ist ideal für die Lagerung und den Transport größerer Produkte. Ausgestattet mit Doppeltüren an beiden Enden erleichtert er den Zugang und das effiziente Be- und Entladen von Waren. Seine robuste Konstruktion gewährleistet hervorragende Haltbarkeit und Sicherheit und eignet sich daher für eine Vielzahl von Lager- und Versandanwendungen.</strong></p> <div class=""accordion-title flex flex-items-space-between flex-items-middle gaps-9""> <h5 class=""fw-medium margin-tb-8""><strong>Technische Informationen</strong></h5> <strong><i class=""fas fa-chevron-down""></i></strong> </div> <div class=""accordion-content""> <div class=""user-content margin-b-6""> <table> <thead> <tr> <th></th> <th><strong>Außenmaße</strong></th> <th><strong>Innenmaße</strong></th> </tr> </thead> <tbody> <tr> <td><strong>Länge</strong></td> <td><strong>6058 mm</strong></td> <td><strong>5898 mm</strong></td> </tr> <tr> <td><strong>Breite</strong></td> <td><strong>2438 mm</strong></td> <td><strong>2345 mm</strong></td> </tr> <tr> <td><strong>Höhe</strong></td> <td><strong>2891 mm</strong></td> <td><strong>2690 mm</strong></td> </tr> </tbody> <thead> <tr> <th> <br><strong>Taragewicht</strong> </th> <th> <br><strong>Tragfähigkeit</strong> </th> <th> <br><strong>Bruttogewicht</strong> </th> </tr> </thead> <tbody> <tr> <td><strong>2420 kg</strong></td> <td><strong>28060 kg</strong></td> <td><strong>30480 kg</strong></td> </tr> </tbody> </table> </div> </div>",GRAL Containerdienst GmbH,Business & Industrial > Industrial Storage > Shipping Containers,20 Fuß HC-Container,"[""20-Fuß-Container""]",true,Title,Default Title,,,,,,,,GCG-710-026,0.0,shopify,14,deny,manual,1710.00,,true,true,,,,,,,,,false,,,,,,kg,,,active,Business & Industrie > Industrielle Lagerung > Schiffscontainer
10-fuss-standardcontainer-1,10 Fuß Standardcontainer,"<p><strong>Unser 10-Fuß-Container bietet die perfekte Balance zwischen Kompaktheit und Lagerkapazität. Mit einer Länge von 10 Fuß (ca. 3,05 Meter) ist dieser Container ideal für alle, die eine kompakte Lagerlösung ohne Platzeinbußen suchen. Mit einem großzügigen Lagervolumen von 16,6 m³ eignet sich dieser Container für vielfältige Anwendungen.</strong></p> <p><strong>Warum Sie sich für den 10-Fuß-Container entscheiden sollten:</strong></p> <p><strong>Platzsparend: Dank seines kompakten Designs benötigt der 10-Fuß-Container nur minimalen Platz und bietet dennoch ausreichend Stauraum.</strong><br><strong>Sichere Lagerung: Unsere Container sind robust und widerstandsfähig, um Ihre Wertgegenstände sicher aufzubewahren. Verlassen Sie sich auf die Langlebigkeit unserer Container, auch unter anspruchsvollen Bedingungen.</strong></p> <div class=""description accordion open""> <div class=""accordion-content""> <div class=""user-content margin-b-6""> <p><strong>Vielfältige Einsatzmöglichkeiten: Ob Baumaterialien, Werkzeuge, Akten oder andere wertvolle Gegenstände – der 10-Fuß-Container erfüllt vielfältige Lageranforderungen.</strong><br><strong>Flexible Platzierung: Die kompakten Abmessungen ermöglichen eine einfache Platzierung an verschiedenen Standorten, auch bei begrenztem Platzangebot.</strong><br><strong>Mögliche Anwendungen:</strong></p> <p><strong>Bau- und Konstruktionsprojekte</strong><br><strong>Lagerung bei Umzügen</strong><br><strong>Temporäre Lagerung für Veranstaltungen</strong><br><strong>Geschäftslagerung für kleinere Unternehmen</strong><br><strong>Wählen Sie den 10-Fuß-Container und profitieren Sie von der idealen Balance zwischen Kompaktheit und Lagerkapazität.</strong></p> </div> </div> </div> <div class=""description accordion open""> <div class=""accordion-title flex flex-items-space-between flex-items-middle gaps-9""> <h5 class=""fw-medium margin-tb-8""><strong>Technische Informationen</strong></h5> <strong><i class=""fas fa-chevron-down""></i></strong> </div> <div class=""accordion-content""> <div class=""user-content margin-b-6""> <table> <thead> <tr> <th></th> <th><strong>Äußere Abmessungen</strong></th> <th><strong>Innenmaße</strong></th> </tr> </thead> <tbody> <tr> <td><strong>Länge</strong></td> <td><strong>2991 mm</strong></td> <td><strong>2840 mm</strong></td> </tr> <tr> <td><strong>Breite</strong></td> <td><strong>2438 mm</strong></td> <td><strong>2350 mm</strong></td> </tr> <tr> <td><strong>Höhe</strong></td> <td><strong>2591 mm</strong></td> <td><strong>2393 mm</strong></td> </tr> </tbody> <thead> <tr> <th> <br><strong>Taragewicht</strong> </th> <th> <br><strong>Tragfähigkeit</strong> </th> <th> <br><strong>Bruttogewicht</strong> </th> </tr> </thead> <tbody> <tr> <td><strong>1250 kg</strong></td> <td><strong>8910 kg</strong></td> <td><strong>101600 kg</strong></td> </tr> </tbody> </table> </div> </div> </div>",Container Goertz,Business & Industrial > Industrial Storage > Shipping Containers,10 Fuß Standardcontainer,"[""10- und 15-Fuß-Container""]",false,Title,Default Title,,,,,,,,GCG-590-026,0.0,shopify,18,deny,manual,950.00,,true,true,,,,,,https://cdn.shopify.com/s/files/1/1075/4175/8301/files/rn-image_picker_lib_temp_dc719a95-af19-4ea1-8fb8-bcddc5befe03.jpg?v=1779732356,1,,false,,,,,,kg,,,draft,Business & Industrie > Industrielle Lagerung > Schiffscontainer
10-fuss-standardcontainer-1,,,,,,,,,,,,,,,,,,,,,,,,,,,,,,,,https://cdn.shopify.com/s/files/1/1075/4175/8301/files/rn-image_picker_lib_temp_8c44e896-61be-4996-b4a8-849dbc77725a.jpg?v=1779732357,2,,,,,,,,,,,,
10-fuss-standardcontainer-1,,,,,,,,,,,,,,,,,,,,,,,,,,,,,,,,https://cdn.shopify.com/s/files/1/1075/4175/8301/files/rn-image_picker_lib_temp_9951f0ce-5ad5-41eb-9344-18e2575d7f61.jpg?v=1779732356,3,,,,,,,,,,,,
10-fuss-standardcontainer,10 Fuß Standardcontainer – GCG-259-026,"<p><strong>Unser 10-Fuß-Container bietet die perfekte Balance zwischen Kompaktheit und Lagerkapazität. Mit einer Länge von 10 Fuß (ca. 3,05 Meter) ist dieser Container ideal für alle, die eine kompakte Lagerlösung ohne Platzeinbußen suchen. Mit einem großzügigen Lagervolumen von 16,6 m³ eignet sich dieser Container für vielfältige Anwendungen.</strong></p> <p><strong>Warum Sie sich für den 10-Fuß-Container entscheiden sollten:</strong></p> <p><strong>Platzsparend: Dank seines kompakten Designs benötigt der 10-Fuß-Container nur minimalen Platz und bietet dennoch ausreichend Stauraum.</strong><br><strong>Sichere Lagerung: Unsere Container sind robust und widerstandsfähig, um Ihre Wertgegenstände sicher aufzubewahren. Verlassen Sie sich auf die Langlebigkeit unserer Container, auch unter anspruchsvollen Bedingungen.</strong></p> <div class=""description accordion open""> <div class=""accordion-content""> <div class=""user-content margin-b-6""> <p><strong>Vielfältige Einsatzmöglichkeiten: Ob Baumaterialien, Werkzeuge, Akten oder andere wertvolle Gegenstände – der 10-Fuß-Container erfüllt vielfältige Lageranforderungen.</strong><br><strong>Flexible Platzierung: Die kompakten Abmessungen ermöglichen eine einfache Platzierung an verschiedenen Standorten, auch bei begrenztem Platzangebot.</strong><br><strong>Mögliche Anwendungen:</strong></p> <p><strong>Bau- und Konstruktionsprojekte</strong><br><strong>Lagerung bei Umzügen</strong><br><strong>Temporäre Lagerung für Veranstaltungen</strong><br><strong>Geschäftslagerung für kleinere Unternehmen</strong><br><strong>Wählen Sie den 10-Fuß-Container und profitieren Sie von der idealen Balance zwischen Kompaktheit und Lagerkapazität.</strong></p> </div> </div> </div> <div class=""description accordion open""> <div class=""accordion-title flex flex-items-space-between flex-items-middle gaps-9""> <h5 class=""fw-medium margin-tb-8""><strong>Technische Informationen</strong></h5> <strong><i class=""fas fa-chevron-down""></i></strong> </div> <div class=""accordion-content""> <div class=""user-content margin-b-6""> <table> <thead> <tr> <th></th> <th><strong>Äußere Abmessungen</strong></th> <th><strong>Innenmaße</strong></th> </tr> </thead> <tbody> <tr> <td><strong>Länge</strong></td> <td><strong>2991 mm</strong></td> <td><strong>2840 mm</strong></td> </tr> <tr> <td><strong>Breite</strong></td> <td><strong>2438 mm</strong></td> <td><strong>2350 mm</strong></td> </tr> <tr> <td><strong>Höhe</strong></td> <td><strong>2591 mm</strong></td> <td><strong>2393 mm</strong></td> </tr> </tbody> <thead> <tr> <th> <br><strong>Taragewicht</strong> </th> <th> <br><strong>Tragfähigkeit</strong> </th> <th> <br><strong>Bruttogewicht</strong> </th> </tr> </thead> <tbody> <tr> <td><strong>1250 kg</strong></td> <td><strong>8910 kg</strong></td> <td><strong>101600 kg</strong></td> </tr> </tbody> </table> </div> </div> </div>",GRAL Containerdienst GmbH,Business & Industrial > Industrial Storage > Shipping Containers,10 Fuß Standardcontainer,"[""10- und 15-Fuß-Container""]",true,Title,Default Title,,,,,,,,GCG-259-026,0.0,shopify,15,deny,manual,925.50,,true,true,,,,,,https://cdn.shopify.com/s/files/1/1075/4175/8301/files/rn-image_picker_lib_temp_1ab161c6-87bf-4e65-970c-0f555d76f7fd.jpg?v=1779732355,1,,false,,,,,,kg,,,active,Business & Industrie > Industrielle Lagerung > Schiffscontainer
10-fuss-seecontainer-mit-rolltor-gebraucht,10-Fuß-Seecontainer mit Rolltor - gebraucht,"<p><strong>Dieser 10-Fuß-Lagercontainer mit einem 7-Fuß-Rolltor wird als Alternative zu unserem 10-Fuß-Versandcontainer mit ISO-Containertüren angeboten. Dieser Container wurde speziell für Lagerfunktionalität und Benutzerfreundlichkeit entwickelt. Unsere gebrauchten Container weisen in der Regel eine Abnutzung von etwa 10–14 Jahren auf und können leichte Dellen aufweisen.</strong></p> <p><strong>Dieser Versandcontainer besteht aus einem gebrauchten Standardcontainer (20 Fuß) und wurde anthrazitfarben neu lackiert. Ein 7 Fuß langes Stahlrolltor sorgt für bequemen Zugang. Für zusätzliche Sicherheit sind die Rolltore mit einem Verriegelungsmechanismus ausgestattet, der den Inhalt sichert.</strong></p> <p><strong>SPEZIFIKATIONEN</strong></p> <p><strong>Korrosionsbeständige CORTEN-Stahlkonstruktion</strong></p> <p><strong>19-lagiges, 1,1″ (28 mm) starkes Sperrholz in Marinequalität</strong></p> <p><strong>Geeignet für alle Arten von Ladungen</strong></p> <p><strong>7' langes Rolltor aus Stahl</strong></p> <p><strong>Rolltor-Verriegelungsmechanismus</strong></p> <p><strong>Wetterfeste Belüftungsöffnungen</strong></p> <p><strong>Gabelöffnungen</strong></p> <p><strong>Etwa 10 bis 14 Jahre Verschleiß</strong></p> <p><strong>Leichter Rost und Dellen</strong></p> <p><strong>Zusätzliche Funktionen enthalten</strong></p> <p><strong>Neulackierung in Anthrazitgrau</strong></p> <p><strong>Schließmechanismus für Rolltor</strong></p> <p><strong>Containerabmessungen</strong></p> <p><strong>Außenmaße: 9'10″L x 8'l x 8'6″h</strong></p> <p><strong>Innenmaße: 2,83 m (L) x 2,34 m (B) x 2,27 m (H)</strong></p> <p><strong>Rolltor: 2,13 m x 2,06 m (H)</strong></p> <p><strong>Gewicht: 2.720 lbs</strong></p> <p><strong>Nutzlast: 30.600 lb</strong></p>",GRAL Containerdienst GmbH,Business & Industrial > Industrial Storage > Shipping Containers,10-Fuß-Seecontainer,"""8-""], [""10- und 15-Fuß-Container""",true,Title,Default Title,,,,,,,,GCG-054-026,0.0,shopify,12,deny,manual,1450.00,,true,true,,,,,,https://cdn.shopify.com/s/files/1/1075/4175/8301/files/rn-image_picker_lib_temp_595bce33-ddc4-4a6b-b096-8d3887724c5c.jpg?v=1779732354,1,,false,,,,,,kg,,,active,Business & Industrie > Industrielle Lagerung > Schiffscontainer
10-fuss-kuhlcontainer-fur-den-inlandsbereich-neu,10-Fuß-Kühlcontainer für den Inlandsbereich – Neu,"<p><strong>Spezifikationen:</strong></p> <p><strong>Innenmaße (LxBxH): 2.383 x 2.292 x 2.275 mm</strong></p> <p><strong>Außenmaße (LxBxH): 2.991 x 2.438 x 2.591 mm</strong></p> <p><strong>Türöffnung (LxB): 2.288 x 2.251 mm</strong></p> <p><strong>Volumen: 12,50 m³</strong></p> <p><strong>Leergewicht: 2.010 kg</strong></p> <p><strong>Maximale Belastung: 8.150 kg</strong></p> <p><strong>Maximales Gewicht: 10.160 kg</strong></p> <p><strong>Serienmäßig ausgestattet</strong></p> <p><strong>Blitz</strong></p> <p><strong>Ebener Boden</strong></p> <p><strong>1/3 - 2/3 Türen</strong></p> <p><strong>Innenwände aus Edelstahl</strong></p> <p><strong>Temperaturregelung -40°C / +30°C</strong></p> <p><strong>Elektrische Installation</strong></p> <p><strong>Externer Anschluss: 380 V 32 A</strong></p> <p><strong>50/60 Hz</strong></p> <p><strong>Motortyp: Thermoking Magnum Plus</strong></p> <p><strong>Der 10-Fuß-Kühlcontainer mit Thermo King Magnum Plus-Kühlmaschine ist der kleinste Kühlcontainer in unserem Sortiment. Kühlcontainer bieten eine flexible Lösung, wenn Kühl- oder Tiefkühlraum knapp ist. Der 10-Fuß-Kühlcontainer kann bis -40 °C gekühlt und eingefroren werden. Der 10-Fuß-Kühlcontainer kann Waren auch bei Temperaturen bis +30 °C transportieren und lagern. Unsere 10-Fuß-Kühlcontainer sind CSC-zugelassen.</strong></p>",GRAL Containerdienst GmbH,Business & Industrial > Industrial Storage > Shipping Containers,10-Fuß-Kühlcontainer,"""8-""], [""10- und 15-Fuß-Container""",true,Title,Default Title,,,,,,,,GCG-020-026,0.0,shopify,17,deny,manual,2200.00,,true,true,,,,,,,,,false,,,,,,kg,,,active,Business & Industrie > Industrielle Lagerung > Schiffscontainer
wohneinheit-buroeinheit-von-24-m,Wohneinheit / Büroeinheit von 24 m²,"<p><strong><span dir=""auto"">Abmessungen (L x B x H): 8 m x 3 m x 3 m</span></strong></p> <p><strong><span dir=""auto""> – Hochgradig isoliert</span></strong></p> <p><strong><span dir=""auto""> – Kunststofffensterrahmen mit Doppelverglasung.</span></strong></p> <p><strong><span dir=""auto""> – Aufteilung: Wohn-/Esszimmer mit Küche, großes separates Schlafzimmer, Badezimmer</span></strong></p> <p><strong><span dir=""auto""> – 2 Dreh-Kipp-Fenster</span></strong></p> <p><strong><span dir=""auto""> – 1 Tür nach draußen und 2 große Schiebefenster zur Terrasse</span></strong></p> <p><strong><span dir=""auto""> – Amerikanische Küche</span></strong></p> <p><strong><span dir=""auto"">– PVC-Bodenbelag</span></strong></p> <p><strong><span dir=""auto""> – Elektrische Heizung</span></strong></p> <p><strong><span dir=""auto""> – Elektrischer Warmwasserbereiter</span></strong></p> <p><strong><span dir=""auto""> – Zählerschrank, Beleuchtung und Steckdosen.</span></strong></p> <p><strong><span dir=""auto""> – Zentraler Wasseranschluss / Abwasserableitung nach außen</span></strong></p> <p><strong><span dir=""auto""> – Toilette, Luxusdusche und Waschbecken/Waschtisch.</span></strong></p> <p><strong><span dir=""auto""> – Wartungsfreie Kunststoffoberfläche</span></strong></p> <p><strong><span dir=""auto""> – Vollständige Stahlgrundkonstruktion, sehr stabil</span></strong></p> <p><strong><span dir=""auto""> Einfach installieren, anschließen und sofort loslegen!</span></strong></p>",Container Centralen Gmbh,Business & Industrial > Industrial Storage > Shipping Containers,,,true,Title,Default Title,,,,,,,,,0.0,,0,deny,manual,4055.00,,true,true,,,,,,https://cdn.shopify.com/s/files/1/1075/4175/8301/files/rn-image_picker_lib_temp_d3c9a40b-b94b-4994-a590-d18d27e9b938.jpg?v=1779718280,1,,false,,,,,,kg,,,active,Business & Industrie > Industrielle Lagerung > Schiffscontainer
wohneinheit-buroeinheit-von-24-m,,,,,,,,,,,,,,,,,,,,,,,,,,,,,,,,https://cdn.shopify.com/s/files/1/1075/4175/8301/files/rn-image_picker_lib_temp_b34d2dbb-7451-4579-8317-c748c9eadbf1.jpg?v=1779718280,2,,,,,,,,,,,,
wohneinheit-buroeinheit-von-24-m,,,,,,,,,,,,,,,,,,,,,,,,,,,,,,,,https://cdn.shopify.com/s/files/1/1075/4175/8301/files/rn-image_picker_lib_temp_2bb4725d-f46a-4748-bdd7-266a59adfd4b.jpg?v=1779718280,3,,,,,,,,,,,,
wohneinheit-buroeinheit-von-24-m,,,,,,,,,,,,,,,,,,,,,,,,,,,,,,,,https://cdn.shopify.com/s/files/1/1075/4175/8301/files/rn-image_picker_lib_temp_968ada71-5818-4f19-8139-2ac98730656b.jpg?v=1779718280,4,,,,,,,,,,,,
wohneinheit-buroeinheit-von-24-m,,,,,,,,,,,,,,,,,,,,,,,,,,,,,,,,https://cdn.shopify.com/s/files/1/1075/4175/8301/files/rn-image_picker_lib_temp_5877f55a-053a-4d07-bba6-1bc08c9f6019.jpg?v=1779718280,5,,,,,,,,,,,,
wohneinheit-buroeinheit-von-24-m,,,,,,,,,,,,,,,,,,,,,,,,,,,,,,,,https://cdn.shopify.com/s/files/1/1075/4175/8301/files/rn-image_picker_lib_temp_e19d5119-d796-476b-a0f4-e6a696742cc8.jpg?v=1779718279,6,,,,,,,,,,,,
wohneinheit-buroeinheit-von-24-m,,,,,,,,,,,,,,,,,,,,,,,,,,,,,,,,https://cdn.shopify.com/s/files/1/1075/4175/8301/files/rn-image_picker_lib_temp_ec50ff2c-03ad-4c56-93d2-bdd35023ac69.jpg?v=1779718279,7,,,,,,,,,,,,
wohneinheit-buroeinheit-von-24-m,,,,,,,,,,,,,,,,,,,,,,,,,,,,,,,,https://cdn.shopify.com/s/files/1/1075/4175/8301/files/rn-image_picker_lib_temp_61170d16-3994-42e3-9643-3a59199f355f.jpg?v=1779718279,8,,,,,,,,,,,,
wohneinheit-buroeinheit-von-24-m,,,,,,,,,,,,,,,,,,,,,,,,,,,,,,,,https://cdn.shopify.com/s/files/1/1075/4175/8301/files/rn-image_picker_lib_temp_a064e2e7-8305-479d-8bd6-7940708c88cc.jpg?v=1779718280,9,,,,,,,,,,,,
wohneinheit-buroeinheit-von-24-m,,,,,,,,,,,,,,,,,,,,,,,,,,,,,,,,https://cdn.shopify.com/s/files/1/1075/4175/8301/files/rn-image_picker_lib_temp_0f848d62-0814-4302-88bb-a0c63bcd309d.jpg?v=1779718279,10,,,,,,,,,,,,
wohneinheit-buroeinheit-von-24-m,,,,,,,,,,,,,,,,,,,,,,,,,,,,,,,,https://cdn.shopify.com/s/files/1/1075/4175/8301/files/rn-image_picker_lib_temp_57647fcb-4ff6-4c02-ba4e-172b106c50d6.jpg?v=1779718280,11,,,,,,,,,,,,
wohneinheit-buroeinheit-von-24-m,,,,,,,,,,,,,,,,,,,,,,,,,,,,,,,,https://cdn.shopify.com/s/files/1/1075/4175/8301/files/rn-image_picker_lib_temp_80f4e160-9470-4a1d-911f-a16b01baa95e.jpg?v=1779718279,12,,,,,,,,,,,,
wohneinheit-buroeinheit-von-24-m,,,,,,,,,,,,,,,,,,,,,,,,,,,,,,,,https://cdn.shopify.com/s/files/1/1075/4175/8301/files/rn-image_picker_lib_temp_168116cc-da9e-49f6-8bed-e501ce6db32b.jpg?v=1779718280,13,,,,,,,,,,,,
premium-modulcontainer-ideal-fur-moderne-unternehmen,Premium-Modulcontainer – Ideal für moderne Unternehmen,"<p><strong><span dir=""auto"">Dieser stilvolle und funktionale Container eignet sich perfekt als Büro, Schönheitssalon, Geschäft oder Kundenservice-Kiosk. Seine Glasfassade kombiniert eine Eingangstür mit feststehenden Fenstern und verleiht ihm ein professionelles und modernes Erscheinungsbild.</span></strong></p> <div><strong><span dir=""auto"">Hauptmerkmale:</span></strong></div> <div><strong><span dir=""auto"">•Eine zentrale, funktionale und sichere verglaste Eingangstür.</span></strong></div> <div><strong><span dir=""auto"">• Links ein feststehendes Fenster und rechts eine dekorative Glastür (nicht funktionsfähig).</span></strong></div> <div><strong><span dir=""auto"">• Seitenfenster für bessere Belüftung und Innenbeleuchtung.</span></strong></div> <div><strong><span dir=""auto"">•Modernes und professionelles Design, ideal zur Kundengewinnung.</span></strong></div> <div><strong><span dir=""auto"">•Robuste Konstruktion mit ganzjähriger Wärmedämmung.</span></strong></div> <div><strong><span dir=""auto"">• Einfache Installation auf jedem ebenen Untergrund.</span></strong></div> <div> <div><strong><span dir=""auto"">Ungefähre Abmessungen:</span></strong></div> <div><strong><span dir=""auto"">6 m (Länge) x 2,4 m (Breite) x 2,6 m (Höhe) – Fläche: ca. 14,4 m²</span></strong></div> <div></div> <div><strong><span dir=""auto"">Geschätzte Containerabmessungen:</span></strong></div> <div><strong><span dir=""auto"">•Außenlänge: 6 Meter</span></strong></div> <div><strong><span dir=""auto"">•Außenbreite: 2,40 Meter</span></strong></div> <div><strong><span dir=""auto"">•Außenhöhe: 2,60 Meter</span></strong></div> <div><strong><span dir=""auto"">•Gesamtfläche: ca. 14,4 m²</span></strong></div> <div><strong><span dir=""auto"">•Innenhöhe: 2,30 Meter (geschätzt)</span></strong></div> </div>",Container Centralen Gmbh,Business & Industrial > Industrial Storage > Shipping Containers,,,true,Title,Default Title,,,,,,,,,0.0,,0,deny,manual,2990.00,,true,true,,,,,,https://cdn.shopify.com/s/files/1/1075/4175/8301/files/rn-image_picker_lib_temp_21833bae-55ea-4267-ae0d-744924c83700.jpg?v=1779718277,1,,false,,,,,,kg,,,active,Business & Industrie > Industrielle Lagerung > Schiffscontainer
premium-modulcontainer-ideal-fur-moderne-unternehmen,,,,,,,,,,,,,,,,,,,,,,,,,,,,,,,,https://cdn.shopify.com/s/files/1/1075/4175/8301/files/rn-image_picker_lib_temp_bca09370-0c63-4a90-8191-11483d678563.jpg?v=1779718278,2,,,,,,,,,,,,
premium-modulcontainer-ideal-fur-moderne-unternehmen,,,,,,,,,,,,,,,,,,,,,,,,,,,,,,,,https://cdn.shopify.com/s/files/1/1075/4175/8301/files/rn-image_picker_lib_temp_fda7c738-6fbd-4ecf-a5dd-9ff49202973b.jpg?v=1779718277,3,,,,,,,,,,,,
premium-modulcontainer-ideal-fur-moderne-unternehmen,,,,,,,,,,,,,,,,,,,,,,,,,,,,,,,,https://cdn.shopify.com/s/files/1/1075/4175/8301/files/rn-image_picker_lib_temp_e278e4f5-7fca-44bd-857e-2ff78bc6cf04.jpg?v=1779718277,4,,,,,,,,,,,,
premium-modulcontainer-ideal-fur-moderne-unternehmen,,,,,,,,,,,,,,,,,,,,,,,,,,,,,,,,https://cdn.shopify.com/s/files/1/1075/4175/8301/files/rn-image_picker_lib_temp_b3707bb5-718a-4029-b1a6-51addfe0c217.jpg?v=1779718278,5,,,,,,,,,,,,
premium-modulcontainer-ideal-fur-moderne-unternehmen,,,,,,,,,,,,,,,,,,,,,,,,,,,,,,,,https://cdn.shopify.com/s/files/1/1075/4175/8301/files/rn-image_picker_lib_temp_49614ea2-978d-48c2-bfa1-d3d4d498a7ab.jpg?v=1779718278,6,,,,,,,,,,,,
premium-modulcontainer-ideal-fur-moderne-unternehmen,,,,,,,,,,,,,,,,,,,,,,,,,,,,,,,,https://cdn.shopify.com/s/files/1/1075/4175/8301/files/rn-image_picker_lib_temp_8f7cb979-1b3d-441d-bcd7-e55af8fdab17.jpg?v=1779718278,7,,,,,,,,,,,,
modifizierter-10-fuss-versandcontainer,Modifizierter 10-Fuß-Versandcontainer,"<p><strong>Die Abmessungen dieses Containers werden üblicherweise nach dem angelsächsischen System gemessen, wobei ein Fuß 30,48 Zentimetern entspricht. Mit dieser Umrechnung betragen die Außen- und Innenmaße eines 10-Fuß-Containers:</strong></p> <p><strong>Außenmaße:</strong></p> <p><strong>2,98 Meter lang, 2,44 Meter breit und 2,50 Meter hoch.</strong></p> <p><strong>Innenmaße:</strong></p> <p><strong>2,98 Meter lang, 2,44 Meter breit und 2,50 Meter hoch.</strong></p> <p><strong>Innenmaße:</strong></p> <p><strong>2,83 Meter lang, 2,32 Meter breit und 2,41 Meter hoch.</strong></p> <p><strong>Das Durchschnittsgewicht eines 10-Fuß-Containers beträgt 825 Kilo.</strong></p> <p><strong>Die Hauptmerkmale eines 10-Fuß-Containers sind:</strong></p> <p><strong>Luftdicht</strong></p> <p><strong>Keine Belüftung oder Kühlung</strong></p> <p><strong>Aus Stahl</strong></p>",GRAL Containerdienst GmbH,Business & Industrial > Industrial Storage > Shipping Containers,10-Fuß-Versandcontainer,"10- und 15-Fuß-Container, Seecontainer",true,Title,Default Title,,,,,,,,GCG-299-026,0.0,shopify,13,deny,manual,1299.20,,true,true,,,,,,,,,false,,,,,,kg,,,active,Business & Industrie > Industrielle Lagerung > Schiffscontainer
kuhlcontainer-3-meter-hoch,Kühlcontainer. 3 Meter hoch,"<main id=""MainContent""> <div id=""shopify-section-template--29194839621977__main"" class=""shopify-section section-product-template""> <div> <div class=""container product-detail very-large-row-under""> <div class=""page-width""> <div class=""product-layout-grid product-layout-grid--medium""> <div class=""product-layout-grid__images layout--list has-multiple-images""> <div class=""product-layout-grid__images-and-thumbs  sticky-element""> <div class=""product-detail__images-container""> <div class=""slick-external-controls""> <div class=""slick-dots"" role=""toolbar""> <p><strong><span dir=""auto""><span dir=""auto"">Technische Informationen</span></span></strong></p> </div> </div> </div> </div> </div> <div class=""product-layout-grid__detail""> <div class=""product-detail__detail sticky-element""> <div class=""rte rte--expanded-images clearfix row  product-description__no-expand""> <div class=""kb-row-layout-wrap kb-row-layout-id226578_a5d61a-6d alignfull wp-block-kadence-rowlayout""> <div class=""kt-row-column-wrap kt-has-2-columns kt-row-layout-equal kt-tab-layout-row kt-mobile-layout-row kt-row-valign-top kt-inner-column-height-full kb-theme-content-width""> <div class=""wp-block-kadence-column kadence-column226578_5624d0-97""> <div class=""kt-inside-inner-col""> <div class=""wp-block-kadence-column kadence-column226578_e18ea7-79""> <div class=""kt-inside-inner-col""> <h3 class=""kt-adv-heading226578_100734-6f wp-block-kadence-advancedheading has-theme-palette-9-background-color has-background""><strong><span dir=""auto""><span dir=""auto"">Masse</span></span></strong></h3> <p class=""kt-adv-heading226578_4edb18-b3 wp-block-kadence-advancedheading""><strong><span dir=""auto""><span dir=""auto"">Außenmaße: L 3050 mm x B 2438 mm x H 2591 mm</span></span></strong></p> <p class=""kt-adv-heading226578_e4c072-f8 wp-block-kadence-advancedheading""><strong><span dir=""auto""><span dir=""auto"">Innenmaße: Länge 2383 mm x Breite 2190 mm x Höhe 2291 mm</span></span></strong></p> <p class=""kt-adv-heading226578_fe193e-40 wp-block-kadence-advancedheading""><strong><span dir=""auto""><span dir=""auto"">Türabmessungen: Breite 2291 mm x Höhe 2259 mm</span></span></strong></p> <p class=""kt-adv-heading226578_156bd6-cd wp-block-kadence-advancedheading""><strong><span dir=""auto""><span dir=""auto"">Volumen: 12 m³</span></span></strong></p> <p class=""kt-adv-heading226578_bffe5e-5e wp-block-kadence-advancedheading""><strong><span dir=""auto""><span dir=""auto"">Europäische Paletten: 5</span></span></strong></p> <h3 class=""kt-adv-heading226578_87decb-45 wp-block-kadence-advancedheading has-theme-palette-9-background-color has-background""><strong><span dir=""auto""><span dir=""auto"">Eigenschaften</span></span></strong></h3> <p class=""kt-adv-heading226578_cb3422-50 inline-block wp-block-kadence-advancedheading""><strong><span dir=""auto""><span dir=""auto"">Größe: 10 Fuß HC</span></span></strong></p> <p class=""kt-adv-heading226578_5e1a62-fe inline-block wp-block-kadence-advancedheading""><strong><span dir=""auto""><span dir=""auto"">Zustand: Gebraucht</span></span></strong></p> <p class=""kt-adv-heading226578_b3831f-78 inline-block wp-block-kadence-advancedheading""><strong><span dir=""auto""><span dir=""auto"">Baujahr: 2018</span></span></strong></p> <p class=""kt-adv-heading226578_841ae4-56 wp-block-kadence-advancedheading""><strong><span dir=""auto""><span dir=""auto"">Abzeichen: Es liegt kein gültiges CSC-Abzeichen vor.</span></span></strong></p> <p class=""kt-adv-heading226578_89aab4-83 inline-block wp-block-kadence-advancedheading""><strong><span dir=""auto""><span dir=""auto"">Ort: Hamburg</span></span></strong></p> <h3 class=""kt-adv-heading226578_84ef1d-4a wp-block-kadence-advancedheading has-theme-palette-9-background-color has-background""><strong><span dir=""auto""><span dir=""auto"">Kühlleistung und elektrischer Anschluss</span></span></strong></h3> <p class=""kt-adv-heading226578_70b9f6-6a inline-block wp-block-kadence-advancedheading""><strong><span dir=""auto""><span dir=""auto"">Temperatur: +25 bis -25 °C</span></span></strong></p> <p class=""kt-adv-heading226578_e5d360-97 wp-block-kadence-advancedheading""><strong><span dir=""auto""><span dir=""auto"">Kältemittel: R-134a</span></span></strong></p> <p class=""kt-adv-heading226578_2f0e89-ba wp-block-kadence-advancedheading""><strong><span dir=""auto""><span dir=""auto"">Stromanschluss: 380 V/32 Ampere</span></span></strong></p> <p class=""kt-adv-heading226578_a2c286-4f wp-block-kadence-advancedheading""><strong><span dir=""auto""><span dir=""auto"">Betriebsspannung: 6-10 kW/h</span></span></strong></p> <p class=""kt-adv-heading226578_446640-01 wp-block-kadence-advancedheading""><strong><span dir=""auto""><span dir=""auto"">Leistung:</span></span></strong></p> <p class=""kt-adv-heading226578_496afe-45 wp-block-kadence-advancedheading""><strong><span dir=""auto""><span dir=""auto"">Zusätzliche Lautstärke: 63–78 dB</span></span></strong></p> <h3 class=""kt-adv-heading226578_f9e3a9-24 wp-block-kadence-advancedheading has-theme-palette-9-background-color has-background""><strong><span dir=""auto""><span dir=""auto"">Weitere Informationen</span></span></strong></h3> <p class=""kt-adv-heading226578_f8fb74-45 wp-block-kadence-advancedheading""><strong><span dir=""auto""><span dir=""auto"">Leergewicht: 2250 kg</span></span></strong></p> <p class=""kt-adv-heading226578_5f99a5-81 wp-block-kadence-advancedheading""><strong><span dir=""auto""><span dir=""auto"">Nutzlast: 7910 kg</span></span></strong></p> <p class=""kt-adv-heading226578_336196-eb wp-block-kadence-advancedheading""><strong><span dir=""auto""><span dir=""auto"">Gesamtgewicht: 10160 kg</span></span></strong></p> </div> </div> </div> </div> </div> </div> </div> </div> </div> </div> </div> </div> </div> </div> </main> <p> </p>",Container Centralen Gmbh,Business & Industrial > Industrial Storage > Shipping Containers,,,true,Title,Default Title,,,,,,,,,0.0,,0,deny,manual,1720.00,,true,true,,,,,,https://cdn.shopify.com/s/files/1/1075/4175/8301/files/rn-image_picker_lib_temp_ea6e1577-62ef-4cec-8a29-4b24f420ea95.jpg?v=1779718274,1,,false,,,,,,kg,,,active,Business & Industrie > Industrielle Lagerung > Schiffscontainer
kuhlcontainer-3-meter-hoch,,,,,,,,,,,,,,,,,,,,,,,,,,,,,,,,https://cdn.shopify.com/s/files/1/1075/4175/8301/files/rn-image_picker_lib_temp_320cd5a3-fa3e-46cf-8e28-623904f73863.jpg?v=1779718274,2,,,,,,,,,,,,
kuhlcontainer-3-meter-hoch,,,,,,,,,,,,,,,,,,,,,,,,,,,,,,,,https://cdn.shopify.com/s/files/1/1075/4175/8301/files/rn-image_picker_lib_temp_0affedbd-7d3d-4511-acfa-df1f69b3f0cd.jpg?v=1779718274,3,,,,,,,,,,,,
kuhlcontainer-3-meter-hoch,,,,,,,,,,,,,,,,,,,,,,,,,,,,,,,,https://cdn.shopify.com/s/files/1/1075/4175/8301/files/rn-image_picker_lib_temp_0576c7bf-a857-405a-a739-74b764df6350.jpg?v=1779718274,4,,,,,,,,,,,,
kuhlcontainer-3-meter-hoch,,,,,,,,,,,,,,,,,,,,,,,,,,,,,,,,https://cdn.shopify.com/s/files/1/1075/4175/8301/files/rn-image_picker_lib_temp_384dd944-edc2-44c3-8b72-6ba42d6ef500.jpg?v=1779718274,5,,,,,,,,,,,,
sans-titre-17mars_22-15,"Bürocontainer. 6,75 × 2,42 m","<p><strong><span dir=""auto"">1x Außentür 6,75 x 2,42 m, Profilzylinderschloss inklusive 3 Schlüsseln.</span></strong></p> <p><strong><span dir=""auto"">1 Doppel-/Klappfenster 2050 x 1240 mm aus Isolierglas / Rollladen</span></strong></p> <p><strong><span dir=""auto"">2 doppelt verglaste Fenster 900 x 1200 mm, Isolierglas / Rollladen</span></strong></p> <p><strong><span dir=""auto"">1x elektrische Anlage bestehend aus:</span></strong></p> <p><strong><span dir=""auto"">1x Ein-/Ausschalter, Steckdosen,</span></strong></p> <p><strong><span dir=""auto"">2 x 58-Watt-Lichtleisten,</span></strong></p> <p><strong><span dir=""auto"">1x 2,0 kW elektrischer Heizkörper,</span></strong></p> <p><strong><span dir=""auto"">1x Sicherungskasten mit Differenzialschalter,</span></strong></p> <p><strong><span dir=""auto"">2 externe 32A 5-polige CEE-Steckdosen</span></strong></p> <p><strong><span dir=""auto"">Mineralwolle-Dämmung</span></strong></p> <p><strong><span dir=""auto"">Boden und Decke je 100 mm / Wände 160 mm</span></strong></p> <p><strong><span dir=""auto"">22 mm Zementfliese</span></strong></p> <p><strong><span dir=""auto"">Grauer PVC-Bodenbelag</span></strong></p> <p><strong><span dir=""auto"">Außenanstrichfarbe RAL: 9002 Grauweiß</span></strong></p> <p><strong><span dir=""auto"">Abmessungen: 6,75 m x 2,42 m x 2,89 m (Länge x Breite x Höhe)</span></strong></p>",Container Centralen Gmbh,Business & Industrial > Industrial Storage > Shipping Containers,,,true,Title,Default Title,,,,,,,,,0.0,,-3,deny,manual,2455.00,,true,true,,,,,,https://cdn.shopify.com/s/files/1/1075/4175/8301/files/rn-image_picker_lib_temp_96e2f32c-0a05-4cfd-bbf3-2922e43f10b2.jpg?v=1779718272,1,,false,,,,,,kg,,,active,Business & Industrie > Industrielle Lagerung > Schiffscontainer
sans-titre-17mars_22-15,,,,,,,,,,,,,,,,,,,,,,,,,,,,,,,,https://cdn.shopify.com/s/files/1/1075/4175/8301/files/rn-image_picker_lib_temp_d4c2aa09-47b3-4b38-b05f-fe9af123a4e0.jpg?v=1779718273,2,,,,,,,,,,,,
sans-titre-17mars_22-15,,,,,,,,,,,,,,,,,,,,,,,,,,,,,,,,https://cdn.shopify.com/s/files/1/1075/4175/8301/files/rn-image_picker_lib_temp_47fc5a32-fe4f-43ba-8f9c-5dc379f4de12.jpg?v=1779718273,3,,,,,,,,,,,,
sans-titre-17mars_22-15,,,,,,,,,,,,,,,,,,,,,,,,,,,,,,,,https://cdn.shopify.com/s/files/1/1075/4175/8301/files/rn-image_picker_lib_temp_011bc18d-be7b-4e47-be0f-8a6a9be2aa43.jpg?v=1779718272,4,,,,,,,,,,,,
sans-titre-17mars_22-15,,,,,,,,,,,,,,,,,,,,,,,,,,,,,,,,https://cdn.shopify.com/s/files/1/1075/4175/8301/files/rn-image_picker_lib_temp_cf29e4d0-04b9-47da-a3b6-25494b3e9f18.jpg?v=1779718272,5,,,,,,,,,,,,
sans-titre-17mars_22-15,,,,,,,,,,,,,,,,,,,,,,,,,,,,,,,,https://cdn.shopify.com/s/files/1/1075/4175/8301/files/rn-image_picker_lib_temp_4e96a382-fe73-4da1-b4ab-529d0847be4c.jpg?v=1779718272,6,,,,,,,,,,,,
burocontainer-6-00-x-2-40-m-mit-wc-dusche-und-kuche,"Bürocontainer. 6,00 x 2,40 m mit WC, Dusche und Küche","<p><strong><span dir=""auto"">-Abmessungen: 6000 x 2400 x 2620</span></strong></p> <p><strong><span dir=""auto"">- Gewicht 2500 kg</span></strong></p> <p><strong><span dir=""auto"">- Toilette mit Waschbecken und Dusche</span></strong></p> <p><strong><span dir=""auto"">- Miniküche mit Kühlschrank</span></strong></p> <p><strong><span dir=""auto"">- Dämmung von Wänden und Decken mit 7,5 cm Sandwichpaneelen.</span></strong></p> <p><strong><span dir=""auto"">- 2 Dreh-Kipp-Fenster (Doppelverglasung)</span></strong></p> <p><strong><span dir=""auto"">- Sandwichprofil mit Wärmedämmung für geringen Energieverlust</span></strong></p> <p><strong><span dir=""auto"">- Hörmann Außentür aus Stahlblech</span></strong></p> <p><strong><span dir=""auto"">- Vollständige Elektroinstallation gemäß CE-Richtlinien</span></strong></p> <p><strong><span dir=""auto"">- 230-V-Steckdosen</span></strong></p> <p><strong><span dir=""auto"">- LED-Deckenleuchten</span></strong></p> <p><strong><span dir=""auto"">- Laminatboden: robust und schnell zu reinigen</span></strong></p> <p><strong><span dir=""auto"">- Isolierter Boden, Innenausbau mit OSB-Platten</span></strong></p> <p><strong><span dir=""auto"">- 2000-W-Elektrowandheizkörper</span></strong></p> <p><strong><span dir=""auto"">- Durchlauferhitzer 11 kW/400 V</span></strong></p> <p><strong><span dir=""auto"">- Runde Dusche D90cm</span></strong></p> <p><strong><span dir=""auto"">- Ösen zum Entladen mit dem Kran</span></strong></p>",Container Centralen Gmbh,"Home & Garden > Lawn & Garden > Outdoor Living > Outdoor Structures > Sheds, Garages & Carports > Sheds",,,true,Title,Default Title,,,,,,,,,0.0,,-1,deny,manual,3020.00,,true,true,,,,,,https://cdn.shopify.com/s/files/1/1075/4175/8301/files/rn-image_picker_lib_temp_af896f80-f073-4311-a2ee-09297cfea389.jpg?v=1779718271,1,,false,,,,,,kg,,,active,Business & Industrie > Baugewerbe > Modulare & Fertiggebäude
burocontainer-6-00-x-2-40-m-mit-wc-dusche-und-kuche,,,,,,,,,,,,,,,,,,,,,,,,,,,,,,,,https://cdn.shopify.com/s/files/1/1075/4175/8301/files/rn-image_picker_lib_temp_891987e8-cee8-46a2-b03e-280041a8c91a.jpg?v=1779718271,2,,,,,,,,,,,,
burocontainer-6-00-x-2-40-m-mit-wc-dusche-und-kuche,,,,,,,,,,,,,,,,,,,,,,,,,,,,,,,,https://cdn.shopify.com/s/files/1/1075/4175/8301/files/rn-image_picker_lib_temp_ac5728f6-1df0-48b5-9c35-e2f0ab888ae2.jpg?v=1779718271,3,,,,,,,,,,,,
burocontainer-6-00-x-2-40-m-mit-wc-dusche-und-kuche,,,,,,,,,,,,,,,,,,,,,,,,,,,,,,,,https://cdn.shopify.com/s/files/1/1075/4175/8301/files/rn-image_picker_lib_temp_f28514b6-2e87-4850-9bc5-35a4dd4eddc8.jpg?v=1779718271,4,,,,,,,,,,,,
burocontainer-6-00-x-2-40-m-mit-wc-dusche-und-kuche,,,,,,,,,,,,,,,,,,,,,,,,,,,,,,,,https://cdn.shopify.com/s/files/1/1075/4175/8301/files/rn-image_picker_lib_temp_08b0e2b6-e8bc-4c44-a1a7-af09947f9994.jpg?v=1779718271,5,,,,,,,,,,,,
burocontainer-6-00-x-2-40-m-mit-wc-dusche-und-kuche,,,,,,,,,,,,,,,,,,,,,,,,,,,,,,,,https://cdn.shopify.com/s/files/1/1075/4175/8301/files/rn-image_picker_lib_temp_b4371887-ff28-4cc4-9243-cfc045aaeb61.jpg?v=1779718271,6,,,,,,,,,,,,
burocontainer-6-00-x-2-40-m-mit-wc-dusche-und-kuche,,,,,,,,,,,,,,,,,,,,,,,,,,,,,,,,https://cdn.shopify.com/s/files/1/1075/4175/8301/files/rn-image_picker_lib_temp_be7b6db2-3c8d-40be-bba4-9569f0136058.jpg?v=1779718271,7,,,,,,,,,,,,
burocontainer-6-00-x-2-40-m-mit-wc-dusche-und-kuche,,,,,,,,,,,,,,,,,,,,,,,,,,,,,,,,https://cdn.shopify.com/s/files/1/1075/4175/8301/files/rn-image_picker_lib_temp_a9d715b4-c48d-4a99-a4db-43000595e2fc.jpg?v=1779718271,8,,,,,,,,,,,,
burocontainer-6-00-x-2-40-m-mit-wc-dusche-und-kuche,,,,,,,,,,,,,,,,,,,,,,,,,,,,,,,,https://cdn.shopify.com/s/files/1/1075/4175/8301/files/rn-image_picker_lib_temp_4f929b02-0697-49d5-a57e-7dd488322959.jpg?v=1779718271,9,,,,,,,,,,,,
burocontainer-3-50-2-20m,"Bürocontainer. 3,50 × 2,20m","<p><strong><span dir=""auto"">Neuer Bürocontainer mit den Maßen 3,50 x 2,20 Meter und einer Höhe von 2,70 Metern.</span></strong></p> <p><strong><span dir=""auto"">- Wände und Decke sind mit 7,5 cm dicken Sandwichpaneelen isoliert.</span></strong></p> <p><strong><span dir=""auto"">- 2 Dreh-Kipp-Fenster (Doppelverglasung).</span></strong></p> <p><strong><span dir=""auto"">- Sandwichprofil mit Wärmedämmung für geringe Energieverluste.</span></strong></p> <p><strong><span dir=""auto"">- Hörmann Außentür aus Stahlblech.</span></strong></p> <p><strong><span dir=""auto"">- Vollständige Elektroinstallation gemäß CE-Richtlinien</span></strong></p> <p><strong><span dir=""auto"">- 230-V-Steckdosen</span></strong></p> <p><strong><span dir=""auto"">- Deckenleuchte</span></strong></p> <p><strong><span dir=""auto"">- Laminatboden – robust und schnell zu reinigen</span></strong></p> <p><strong><span dir=""auto"">- Isolierter Boden und Decke</span></strong></p> <p><strong><span dir=""auto"">- 2000-W-Elektrowandheizkörper</span></strong></p> <p><strong><span dir=""auto"">- Ösen für Kranentladung und Gabelstaplerführung am Boden</span></strong></p> <p><strong><span dir=""auto"">- Stabiler und selbsttragender geschweißter Stahlrahmen, Gewicht 1000 kg</span></strong></p>",Container Centralen Gmbh,Business & Industrial > Industrial Storage > Shipping Containers,,,true,Title,Default Title,,,,,,,,,0.0,,-1,deny,manual,2100.00,,true,true,,,,,,https://cdn.shopify.com/s/files/1/1075/4175/8301/files/rn-image_picker_lib_temp_d3ff9bda-2b30-40cc-a232-70ab546ec968.jpg?v=1779718270,1,,false,,,,,,kg,,,active,Business & Industrie > Industrielle Lagerung > Schiffscontainer
burocontainer-3-50-2-20m,,,,,,,,,,,,,,,,,,,,,,,,,,,,,,,,https://cdn.shopify.com/s/files/1/1075/4175/8301/files/rn-image_picker_lib_temp_80ccf0d0-6125-466a-b978-a8552b121b97.jpg?v=1779718270,2,,,,,,,,,,,,
burocontainer-3-50-2-20m,,,,,,,,,,,,,,,,,,,,,,,,,,,,,,,,https://cdn.shopify.com/s/files/1/1075/4175/8301/files/rn-image_picker_lib_temp_83ee92d9-0bd0-4ba5-bbb2-646e9431087e.jpg?v=1779718270,3,,,,,,,,,,,,
burocontainer-3-50-2-20m,,,,,,,,,,,,,,,,,,,,,,,,,,,,,,,,https://cdn.shopify.com/s/files/1/1075/4175/8301/files/rn-image_picker_lib_temp_f01abbca-f0ef-4a60-9baf-5b8093f4f7e1.jpg?v=1779718270,4,,,,,,,,,,,,
burocontainer-3-50-2-20m,,,,,,,,,,,,,,,,,,,,,,,,,,,,,,,,https://cdn.shopify.com/s/files/1/1075/4175/8301/files/rn-image_picker_lib_temp_db9031db-c345-4daf-afc5-67021cbd3853.jpg?v=1779718269,5,,,,,,,,,,,,
burocontainer-3-50-2-20m,,,,,,,,,,,,,,,,,,,,,,,,,,,,,,,,https://cdn.shopify.com/s/files/1/1075/4175/8301/files/rn-image_picker_lib_temp_1b65f80e-0ee3-4bff-bf83-13d0e5614372.jpg?v=1779718270,6,,,,,,,,,,,,
burocontainer-3-50-2-20m,,,,,,,,,,,,,,,,,,,,,,,,,,,,,,,,https://cdn.shopify.com/s/files/1/1075/4175/8301/files/rn-image_picker_lib_temp_b1813ad0-128f-4d6a-9246-aaeb39da85c5.jpg?v=1779718270,7,,,,,,,,,,,,
burocontainer-3-50-2-20m,,,,,,,,,,,,,,,,,,,,,,,,,,,,,,,,https://cdn.shopify.com/s/files/1/1075/4175/8301/files/rn-image_picker_lib_temp_68a30919-80e8-4b37-ae41-86d24ffb4621.jpg?v=1779718270,8,,,,,,,,,,,,
burocontainer-20-fuss-mit-2-fenstern,Bürocontainer. 20 Fuß mit 2 Fenstern,"<p><strong><span dir=""auto"">Dieser 20-Fuß-Bürocontainer eignet sich ideal für Baustellen, Grundstücke, Industriegebiete oder mobile Unternehmen. Robust und komplett aus Metall gefertigt, bietet er einen sicheren und sofort nutzbaren Arbeitsplatz.</span></strong></p> <p><strong><span dir=""auto"">Hauptmerkmale:</span><br><span dir=""auto"">• Zwei Schiebefenster mit Metallrollläden für Sicherheit und Belüftung.</span><br><span dir=""auto"">• Seitliche Eingangstür mit verstärktem Schloss.</span><br><span dir=""auto"">• Witterungsbeständiger und langlebiger Metallrahmen.</span><br><span dir=""auto"">• Ideal als Baustellenbüro, Kontrollposten, Technikraum oder Wachhaus.</span></strong></p> <p><strong><span dir=""auto"">Ungefähre Abmessungen:</span><br><span dir=""auto"">•Außenlänge: 6 Meter</span><br><span dir=""auto"">•Außenbreite: 2,44 Meter</span><br><span dir=""auto"">•Außenhöhe: 2,60 Meter</span><br><span dir=""auto"">•Gesamtfläche: 14,6 m²</span><br><span dir=""auto"">•Nutzbare Innenhöhe: ca. 2,35 Meter.</span></strong></p> <p><strong><span dir=""auto"">1 Stahltür für Mitarbeiter</span><br><span dir=""auto"">, 2 doppelt verglaste Fenster,</span><br><span dir=""auto"">2 Doppelsteckdosen,</span><br><span dir=""auto"">1 Wandheizkörper,</span><br><span dir=""auto"">schwarzer rutschfester Vinylboden,</span><br><span dir=""auto"">weiße Wilkins-Isolierung</span></strong></p>",Container Centralen Gmbh,Business & Industrial > Industrial Storage > Shipping Containers,,,true,Title,Default Title,,,,,,,,,0.0,,-4,deny,manual,1950.00,,true,true,,,,,,https://cdn.shopify.com/s/files/1/1075/4175/8301/files/rn-image_picker_lib_temp_518da9ea-32bf-47de-ac5c-dcdbe1542ce8.jpg?v=1779718269,1,,false,,,,,,kg,,,active,Business & Industrie > Industrielle Lagerung > Schiffscontainer
burocontainer-20-fuss-mit-2-fenstern,,,,,,,,,,,,,,,,,,,,,,,,,,,,,,,,https://cdn.shopify.com/s/files/1/1075/4175/8301/files/rn-image_picker_lib_temp_8f1b82b5-784e-47fd-a95e-ff5aaebae6ec.jpg?v=1779718269,2,,,,,,,,,,,,
burocontainer-20-fuss-mit-2-fenstern,,,,,,,,,,,,,,,,,,,,,,,,,,,,,,,,https://cdn.shopify.com/s/files/1/1075/4175/8301/files/rn-image_picker_lib_temp_91863c3a-913b-4550-85fb-5d2aee91a842.jpg?v=1779718269,3,,,,,,,,,,,,
burocontainer-20-fuss-mit-2-fenstern,,,,,,,,,,,,,,,,,,,,,,,,,,,,,,,,https://cdn.shopify.com/s/files/1/1075/4175/8301/files/rn-image_picker_lib_temp_ea2f7603-227f-4a32-9812-0c57d947ca5a.jpg?v=1779718269,4,,,,,,,,,,,,
burocontainer-20-fuss-mit-2-fenstern,,,,,,,,,,,,,,,,,,,,,,,,,,,,,,,,https://cdn.shopify.com/s/files/1/1075/4175/8301/files/rn-image_picker_lib_temp_0e473a39-fb90-4b64-b6e2-7ae2a0126a2d.jpg?v=1779718268,5,,,,,,,,,,,,
40-fuss-high-cube-kuhlcontainer,40-Fuß-High-Cube-Kühlcontainer,"<div class=""kb-row-layout-wrap kb-row-layout-id226578_2b3c41-20 alignfull wp-block-kadence-rowlayout""> <div class=""kt-row-column-wrap kt-has-1-columns kt-row-layout-equal kt-tab-layout-inherit kt-mobile-layout-row kt-row-valign-top kb-theme-content-width""> <div class=""wp-block-kadence-column kadence-column226578_920911-65""> <div class=""kt-inside-inner-col""> <h2 class=""kt-adv-heading226578_77810b-26 wp-block-kadence-advancedheading""><strong><span dir=""auto""><span dir=""auto"">Technische Informationen</span></span></strong></h2> </div> </div> </div> </div> <div class=""kb-row-layout-wrap kb-row-layout-id226578_a5d61a-6d alignfull wp-block-kadence-rowlayout""> <div class=""kt-row-column-wrap kt-has-2-columns kt-row-layout-equal kt-tab-layout-row kt-mobile-layout-row kt-row-valign-top kt-inner-column-height-full kb-theme-content-width""> <div class=""wp-block-kadence-column kadence-column226578_5624d0-97""> <div class=""kt-inside-inner-col""> <div class=""wp-block-kadence-column kadence-column226578_e18ea7-79""> <div class=""kt-inside-inner-col""> <h3 class=""kt-adv-heading226578_100734-6f wp-block-kadence-advancedheading has-theme-palette-9-background-color has-background""><strong><span dir=""auto""><span dir=""auto"">Masse</span></span></strong></h3> <p class=""kt-adv-heading226578_4edb18-b3 wp-block-kadence-advancedheading""><strong><span dir=""auto""><span dir=""auto"">Abmessungen: L 12192 mm x B 2438 mm x H 2896 mm</span></span></strong></p> <p class=""kt-adv-heading226578_e4c072-f8 wp-block-kadence-advancedheading""><strong><span dir=""auto""><span dir=""auto"">Innenmaße: L 12032 mm x B 2352 mm x H 2698 mm</span></span></strong></p> <p class=""kt-adv-heading226578_fe193e-40 wp-block-kadence-advancedheading""><strong><span dir=""auto""><span dir=""auto"">Abmessungen: L 2340 mm x B 2585 mm</span></span></strong></p> <p class=""kt-adv-heading226578_156bd6-cd wp-block-kadence-advancedheading""><strong><span dir=""auto""><span dir=""auto"">Volumen: 76,4 m³</span></span></strong></p> <p class=""kt-adv-heading226578_bffe5e-5e wp-block-kadence-advancedheading""><strong><span dir=""auto""><span dir=""auto"">Europaletten: 25</span></span></strong></p> <h3 class=""kt-adv-heading226578_87decb-45 wp-block-kadence-advancedheading has-theme-palette-9-background-color has-background""><strong><span dir=""auto""><span dir=""auto"">Eigenschaften</span></span></strong></h3> <p class=""kt-adv-heading226578_cb3422-50 inline-block wp-block-kadence-advancedheading""><strong><span dir=""auto""><span dir=""auto"">Größe: 40 Fuß HC</span></span></strong></p> <p class=""kt-adv-heading226578_5e1a62-fe inline-block wp-block-kadence-advancedheading""><strong><span dir=""auto""><span dir=""auto"">Zustand: Gebraucht</span></span></strong></p> <p class=""kt-adv-heading226578_b3831f-78 inline-block wp-block-kadence-advancedheading""><strong><span dir=""auto""><span dir=""auto"">Baujahr: 2011</span></span></strong></p> <p class=""kt-adv-heading226578_841ae4-56 wp-block-kadence-advancedheading""><strong><span dir=""auto""><span dir=""auto"">Platte: Gültige CSC Platte</span></span></strong></p> <p class=""kt-adv-heading226578_89aab4-83 inline-block wp-block-kadence-advancedheading""><strong><span dir=""auto""><span dir=""auto"">Ort: Hamburg</span></span></strong></p> <h3 class=""kt-adv-heading226578_84ef1d-4a wp-block-kadence-advancedheading has-theme-palette-9-background-color has-background""><strong><span dir=""auto""><span dir=""auto"">Kühlleistung und Stromanschluss</span></span></strong></h3> <p class=""kt-adv-heading226578_70b9f6-6a inline-block wp-block-kadence-advancedheading""><strong><span dir=""auto""><span dir=""auto"">Temperatur: +25 bis -25 °C</span></span></strong></p> <p class=""kt-adv-heading226578_e5d360-97 wp-block-kadence-advancedheading""><strong><span dir=""auto""><span dir=""auto"">Mittlere Kühlung: R134a</span></span></strong></p> <p class=""kt-adv-heading226578_2f0e89-ba wp-block-kadence-advancedheading""><strong><span dir=""auto""><span dir=""auto"">Stromversorgung: 380 V/32 Ampere</span></span></strong></p> <p class=""kt-adv-heading226578_496afe-45 wp-block-kadence-advancedheading""><strong><span dir=""auto""><span dir=""auto"">Gesamtausgangsleistung: in 1 m Entfernung 63-78 dB</span></span></strong></p> <h3 class=""kt-adv-heading226578_f9e3a9-24 wp-block-kadence-advancedheading has-theme-palette-9-background-color has-background""><strong><span dir=""auto""><span dir=""auto"">Weitere Angaben</span></span></strong></h3> <p class=""kt-adv-heading226578_f8fb74-45 wp-block-kadence-advancedheading""><strong><span dir=""auto""><span dir=""auto"">Gewicht: 4550 kg</span></span></strong></p> <p class=""kt-adv-heading226578_5f99a5-81 wp-block-kadence-advancedheading""><strong><span dir=""auto""><span dir=""auto"">Gewicht: 29450 kg</span></span></strong></p> <p class=""kt-adv-heading226578_336196-eb wp-block-kadence-advancedheading""><strong><span dir=""auto""><span dir=""auto"">Gesamtgewicht: 34000 kg</span></span></strong></p> <p class=""kt-adv-heading226578_670cd9-be wp-block-kadence-advancedheading""><strong><span dir=""auto""><span dir=""auto"">ISO Bauartschlüssel: 45R1</span></span></strong></p> <p class=""kt-adv-heading226578_88c86c-71 wp-block-kadence-advancedheading""><strong><span dir=""auto""><span dir=""auto"">ISO-Gruppenschlüssel: 45RT</span></span></strong></p> </div> </div> </div> </div> </div> </div>",Container Centralen Gmbh,Business & Industrial > Industrial Storage > Shipping Containers,,,true,Title,Default Title,,,,,,,,,0.0,,0,deny,manual,3550.00,,true,true,,,,,,https://cdn.shopify.com/s/files/1/1075/4175/8301/files/rn-image_picker_lib_temp_927b8d8f-d334-40e1-bb33-f9c34d8e69b4.jpg?v=1779718268,1,,false,,,,,,kg,,,active,Business & Industrie > Industrielle Lagerung > Schiffscontainer
40-fuss-high-cube-kuhlcontainer,,,,,,,,,,,,,,,,,,,,,,,,,,,,,,,,https://cdn.shopify.com/s/files/1/1075/4175/8301/files/rn-image_picker_lib_temp_50eaa747-9e82-4957-aeb4-87e061819681.jpg?v=1779718267,2,,,,,,,,,,,,
40-fuss-high-cube-kuhlcontainer,,,,,,,,,,,,,,,,,,,,,,,,,,,,,,,,https://cdn.shopify.com/s/files/1/1075/4175/8301/files/rn-image_picker_lib_temp_d8ae663c-40af-472e-b041-645036d3b95e.jpg?v=1779718268,3,,,,,,,,,,,,
40-fuss-high-cube-kuhlcontainer,,,,,,,,,,,,,,,,,,,,,,,,,,,,,,,,https://cdn.shopify.com/s/files/1/1075/4175/8301/files/rn-image_picker_lib_temp_9c7261f4-fe09-448b-ad05-ac2af3f81b88.jpg?v=1779718268,4,,,,,,,,,,,,
40-fuss-high-cube-kuhlcontainer,,,,,,,,,,,,,,,,,,,,,,,,,,,,,,,,https://cdn.shopify.com/s/files/1/1075/4175/8301/files/rn-image_picker_lib_temp_b4bf6ff7-eacf-4143-8dcd-6b04fac03881.jpg?v=1779718267,5,,,,,,,,,,,,
40-fuss-high-cube-kuhlcontainer,,,,,,,,,,,,,,,,,,,,,,,,,,,,,,,,https://cdn.shopify.com/s/files/1/1075/4175/8301/files/rn-image_picker_lib_temp_0d7ac51a-dc06-4116-b57f-5639da846360.jpg?v=1779718268,6,,,,,,,,,,,,
40-fuss-tri-door-container,40-Fuß Tri-Door Container,"<h3 class=""""><strong>Technische Daten des 40′ Tri-Door Containers:</strong></h3> <div class=""_tableContainer_16hzy_1""> <div class=""_tableWrapper_16hzy_14 group flex w-fit flex-col-reverse"" tabindex=""-1""> <table class=""w-fit min-w-(--thread-content-width)""> <thead> <tr> <th><strong>Merkmal</strong></th> <th><strong>Maße / Angaben</strong></th> </tr> </thead> <tbody> <tr> <td><strong>Außenmaße (L×B×H)</strong></td> <td><strong>12.192 mm × 2.438 mm × 2.591 mm</strong></td> </tr> <tr> <td><strong>Innenmaße (L×B×H)</strong></td> <td><strong>ca. 12.032 mm × 2.352 mm × 2.393 mm</strong></td> </tr> <tr> <td><strong>Volumen</strong></td> <td><strong>ca. 67,7 m³</strong></td> </tr> <tr> <td><strong>Leergewicht</strong></td> <td><strong>ca. 3.800–4.000 kg</strong></td> </tr> <tr> <td><strong>Zuladung (Payload)</strong></td> <td><strong>ca. 26.500 kg</strong></td> </tr> <tr> <td><strong>Türen</strong></td> <td> <strong>Hinten: Standard-Doppeltür</strong><br><strong>Seite: große Seitentür über ca. ⅓–½ der Containerlänge</strong> </td> </tr> <tr> <td><strong>Material</strong></td> <td><strong>Stahlkonstruktion, wind- &amp; wasserdicht</strong></td> </tr> </tbody> </table> <div class=""sticky end-(--thread-content-margin) h-0 self-end select-none""> <div class=""absolute end-0 flex items-end""></div> </div> </div> </div> <h3 class=""""><strong>Vorteile eines 40 Fuß Tri-Door Containers:</strong></h3> <ul> <li class=""""> <p class=""""><strong>Seitliche Türöffnung für einfacheren Zugriff auf gelagerte Waren</strong></p> </li> <li class=""""> <p class=""""><strong>Schnelleres Be- und Entladen – ideal für Logistikzentren &amp; Lagerhallen</strong></p> </li> <li class=""""> <p class=""""><strong>Perfekt für Teilladungen, getrennte Fracht oder häufigen Zugriff</strong></p> </li> <li class=""""> <p class=""""><strong>Witterungsgeschützt &amp; abschließbar</strong></p> </li> <li class=""""> <p class=""""><strong>ISO-genormt &amp; CSC-zertifiziert auf Wunsch</strong></p> </li> </ul>",Container Centralen Gmbh,Business & Industrial > Industrial Storage > Shipping Containers,,,true,Title,Default Title,,,,,,,,,0.0,,0,deny,manual,1950.00,,true,true,,,,,,https://cdn.shopify.com/s/files/1/1075/4175/8301/files/rn-image_picker_lib_temp_fcf09e15-0381-48c8-bb9f-4a3502d31773.webp?v=1779718266,1,,false,,,,,,kg,,,active,Business & Industrie > Industrielle Lagerung > Schiffscontainer
40-fuss-tri-door-container,,,,,,,,,,,,,,,,,,,,,,,,,,,,,,,,https://cdn.shopify.com/s/files/1/1075/4175/8301/files/rn-image_picker_lib_temp_0267f6fc-30ee-4df0-8e3e-6ef6338ec4a3.webp?v=1779718266,2,,,,,,,,,,,,
40-fuss-tri-door-container,,,,,,,,,,,,,,,,,,,,,,,,,,,,,,,,https://cdn.shopify.com/s/files/1/1075/4175/8301/files/rn-image_picker_lib_temp_e67ff6b7-8cd7-487b-bee2-58a62036379a.webp?v=1779718266,3,,,,,,,,,,,,
40-fuss-tri-door-container,,,,,,,,,,,,,,,,,,,,,,,,,,,,,,,,https://cdn.shopify.com/s/files/1/1075/4175/8301/files/rn-image_picker_lib_temp_8a9269a5-7b1a-4ed0-a416-a6d9c444f0d5.webp?v=1779718266,4,,,,,,,,,,,,
40-fuss-tri-door-container,,,,,,,,,,,,,,,,,,,,,,,,,,,,,,,,https://cdn.shopify.com/s/files/1/1075/4175/8301/files/rn-image_picker_lib_temp_c554bab5-f074-46ef-8ceb-d3a9052fae05.webp?v=1779718266,5,,,,,,,,,,,,
40-hc-containereinheit-vollstandig-entworfen-neu,40' HC-Containereinheit (vollständig entworfen) – NEU,"<p><strong>40'HC-Containereinheit (vollständig entworfen) – NEU</strong></p> <p><strong> Außenmaße</strong></p> <p><strong> Länge: 12.192 mm | 40'0″</strong></p> <p><strong> Breite – 2438 mm | 8′ 0″</strong></p> <p><strong> Höhe – 2896 mm | 9′ 6″</strong></p> <p><strong> Innenmaße</strong></p> <p><strong> Länge: 12.032 mm | 39'6″</strong></p> <p><strong> Breite – 2353 mm | 7′ 9″</strong></p> <p><strong> Höhe – 2698 mm | 8′ 10″</strong></p> <p><strong> Gewicht ca. 3.940 kg | 8.686 lbs Hubraum ft</strong></p> <p><strong>Kubikmeter – 2.697,5</strong></p>",GRAL Containerdienst GmbH,Business & Industrial > Industrial Storage > Shipping Containers,40' HC-Containereinheit,"[""40-Fuß-Container""]",true,Title,Default Title,,,,,,,,GCG-505-026,0.0,shopify,15,deny,manual,3550.00,,true,true,,,,,,,,,false,,,,,,kg,,,active,Business & Industrie > Industrielle Lagerung > Schiffscontainer
40-fuss-seecontainer-gebrauchter-high-cube,40 Fuß Seecontainer. Gebrauchter High-Cube,"<p><strong><span dir=""auto"">Der 40-Fuß-High-Cube-Container ist ein 12 Meter langer, wasserdichter Trockencontainer mit einem Volumen von 76 m³ und einer Höhe von 2,89 Metern. Dieser Trockencontainer kann beispielsweise zur Lagerung, zum Transport und Export von Waren sowie sogar für den Bau von Containerhäusern verwendet werden.</span></strong></p> <p><span><strong><span dir=""auto"">Innenabmessungen:</span></strong></span></p> <p><strong><span dir=""auto"">- Länge: 12.029 mm</span></strong><br><strong><span dir=""auto"">- Breite: 2.350 mm</span></strong><br><strong><span dir=""auto"">- Höhe: 2.690 mm</span></strong></p> <h5><span><strong><span dir=""auto"">Äußere Abmessungen:</span></strong></span></h5> <p><strong><span dir=""auto"">- Länge: 12.192 mm</span></strong><br><strong><span dir=""auto"">- Breite: 2.438 mm</span></strong><br><strong><span dir=""auto"">- Höhe: 2.890 mm</span></strong></p> <h5><span><strong><span dir=""auto"">Türabmessungen:</span></strong></span></h5> <p><strong><span dir=""auto"">- Breite: 2340 mm</span></strong><br><strong><span dir=""auto"">- Höhe: 2580 mm</span></strong></p> <h5><strong><span dir=""auto"">Struktur: Vollverschweißter CORTEN</span></strong></h5> <h5><strong><span dir=""auto"">Boden: 28 mm starkes Bootsbausperrholz</span></strong></h5> <p><strong><span dir=""auto"">Äußerer Zugang über zwei robuste Türen.</span></strong><br><strong><span dir=""auto"">Stabile Verschlüsse durch 4 vertikale Cremone-Riegel</span></strong><br><strong><span dir=""auto"">. Türen lassen sich um 270° öffnen.</span></strong></p> <h5><span><strong><span dir=""auto"">Weitere Informationen:</span></strong></span></h5> <p><strong><span dir=""auto"">- Maximale Zuladung: 26.460 kg</span></strong><br><strong><span dir=""auto"">- Leergewicht: 3.940 kg</span></strong><br><strong><span dir=""auto"">- Gesamtgewicht: 30.480 kg</span></strong></p>",Container Centralen Gmbh,Business & Industrial > Industrial Storage > Shipping Containers,,,true,Title,Default Title,,,,,,,,,0.0,,0,deny,manual,1855.00,,true,true,,,,,,https://cdn.shopify.com/s/files/1/1075/4175/8301/files/rn-image_picker_lib_temp_14511eff-0e82-4522-9882-47a17891d0bd.jpg?v=1779718264,1,,false,,,,,,kg,,,active,Business & Industrie > Industrielle Lagerung > Schiffscontainer
40-fuss-seecontainer-gebrauchter-high-cube,,,,,,,,,,,,,,,,,,,,,,,,,,,,,,,,https://cdn.shopify.com/s/files/1/1075/4175/8301/files/rn-image_picker_lib_temp_ec3a2931-89e2-4e95-9fe6-fa5ed0cc1c57.jpg?v=1779718264,2,,,,,,,,,,,,
40-fuss-seecontainer-gebrauchter-high-cube,,,,,,,,,,,,,,,,,,,,,,,,,,,,,,,,https://cdn.shopify.com/s/files/1/1075/4175/8301/files/rn-image_picker_lib_temp_fce6166d-d606-4678-8832-05d0c4a3213b.jpg?v=1779718264,3,,,,,,,,,,,,
40-fuss-seecontainer-gebrauchter-high-cube,,,,,,,,,,,,,,,,,,,,,,,,,,,,,,,,https://cdn.shopify.com/s/files/1/1075/4175/8301/files/rn-image_picker_lib_temp_9109fb50-474f-42c8-bbc8-6f8baa61fa0f.jpg?v=1779718264,4,,,,,,,,,,,,
40-fuss-seecontainer-ral-7016,40 fuß seecontainer Ral 7016,"<p><strong><span dir=""auto"">Der 40-Fuß-High-Cube-Container ist ein 12 Meter langer, wasserdichter Trockencontainer mit einem Volumen von 76 m³ und einer Höhe von 2,89 Metern. Dieser Trockencontainer kann beispielsweise zur Lagerung, zum Transport und Export von Waren sowie sogar für den Bau von Containerhäusern verwendet werden.</span></strong></p> <p><span><strong><span dir=""auto"">Innenabmessungen:</span></strong></span></p> <p><strong><span dir=""auto"">- Länge: 12.029 mm</span></strong><br><strong><span dir=""auto"">- Breite: 2.350 mm</span></strong><br><strong><span dir=""auto"">- Höhe: 2.690 mm</span></strong></p> <h5><span><strong><span dir=""auto"">Äußere Abmessungen:</span></strong></span></h5> <p><strong><span dir=""auto"">- Länge: 12.192 mm</span></strong><br><strong><span dir=""auto"">- Breite: 2.438 mm</span></strong><br><strong><span dir=""auto"">- Höhe: 2.890 mm</span></strong></p> <h5><span><strong><span dir=""auto"">Türabmessungen:</span></strong></span></h5> <p><strong><span dir=""auto"">- Breite: 2340 mm</span></strong><br><strong><span dir=""auto"">- Höhe: 2580 mm</span></strong></p> <h5><strong><span dir=""auto"">Struktur: Vollverschweißter CORTEN</span></strong></h5> <h5><strong><span dir=""auto"">Boden: 28 mm starkes Bootsbausperrholz</span></strong></h5> <p><strong><span dir=""auto"">Äußerer Zugang über zwei robuste Türen.</span></strong><br><strong><span dir=""auto"">Stabile Verschlüsse durch 4 vertikale Cremone-Riegel</span></strong><br><strong><span dir=""auto"">. Türen lassen sich um 270° öffnen.</span></strong></p> <h5><span><strong><span dir=""auto"">Weitere Informationen:</span></strong></span></h5> <p><strong><span dir=""auto"">- Maximale Zuladung: 26.460 kg</span></strong><br><strong><span dir=""auto"">- Leergewicht: 3.940 kg</span></strong><br><strong><span dir=""auto"">- Gesamtgewicht: 30.480 kg</span></strong></p>",Container Centralen Gmbh,Business & Industrial > Industrial Storage > Shipping Containers,,,true,Title,Default Title,,,,,,,,,0.0,,0,deny,manual,1900.00,,true,true,,,,,,https://cdn.shopify.com/s/files/1/1075/4175/8301/files/rn-image_picker_lib_temp_9688fbc3-df58-4345-8825-0ca42388a4bd.jpg?v=1779718263,1,,false,,,,,,kg,,,active,Business & Industrie > Industrielle Lagerung > Schiffscontainer
40-fuss-seecontainer-ral-7016,,,,,,,,,,,,,,,,,,,,,,,,,,,,,,,,https://cdn.shopify.com/s/files/1/1075/4175/8301/files/rn-image_picker_lib_temp_4dd73984-e8b8-41b8-8274-e550efd4ce0e.jpg?v=1779718263,2,,,,,,,,,,,,
40-fuss-seecontainer-ral-7016,,,,,,,,,,,,,,,,,,,,,,,,,,,,,,,,https://cdn.shopify.com/s/files/1/1075/4175/8301/files/rn-image_picker_lib_temp_2c0692ac-ff0d-49d6-9bc6-b4684a5d28b9.jpg?v=1779718263,3,,,,,,,,,,,,
40-fuss-seecontainer-ral-7016,,,,,,,,,,,,,,,,,,,,,,,,,,,,,,,,https://cdn.shopify.com/s/files/1/1075/4175/8301/files/rn-image_picker_lib_temp_2adc5a6e-085a-4904-a795-597fb065348d.jpg?v=1779718263,4,,,,,,,,,,,,
40-fuss-seecontainer-ral-7016,,,,,,,,,,,,,,,,,,,,,,,,,,,,,,,,https://cdn.shopify.com/s/files/1/1075/4175/8301/files/rn-image_picker_lib_temp_e2d67d7a-cf38-4c91-a494-6f5a27222956.jpg?v=1779718263,5,,,,,,,,,,,,
40-fuss-seecontainer-ral-7016,,,,,,,,,,,,,,,,,,,,,,,,,,,,,,,,https://cdn.shopify.com/s/files/1/1075/4175/8301/files/rn-image_picker_lib_temp_292bb255-949b-42d2-b4e6-fda5f513312f.jpg?v=1779718263,6,,,,,,,,,,,,
40-fuss-seecontainer-ral-7016,,,,,,,,,,,,,,,,,,,,,,,,,,,,,,,,https://cdn.shopify.com/s/files/1/1075/4175/8301/files/rn-image_picker_lib_temp_35b54b3b-41e6-4fc6-ab05-6a7b851bad93.jpg?v=1779718263,7,,,,,,,,,,,,
40-fuss-seecontainer,40 Fuß Seecontainer,"<h3 class=""""><strong>Technische Daten des 40 Fuß Containers</strong></h3> <ul> <li class=""""> <p class=""""><strong>Außenmaße: 12,19 m (L) × 2,44 m (B) × 2,59 m (H)</strong></p> </li> <li class=""""> <p class=""""><strong>Innenmaße: ca. 12,03 m × 2,35 m × 2,39 m</strong></p> </li> <li class=""""> <p class=""""><strong>Nutzvolumen: ca. 67,7 m³</strong></p> </li> <li class=""""> <p class=""""><strong>Leergewicht (Tara): ca. 3.700 kg</strong></p> </li> <li class=""""> <p class=""""><strong>Zuladung (Payload): bis zu 26.780 kg</strong></p> </li> <li class=""""> <p class=""""><strong>Material: wetterbeständiger Stahl, wind- und wasserdicht</strong></p> </li> </ul> <h3 class=""""><strong>Varianten: Standard &amp; High Cube</strong></h3> <p class=""""><strong>Neben dem klassischen 40 Fuß Standardcontainer gibt es auch den 40 Fuß High Cube Container, der durch seine zusätzliche Höhe von ca. 30 cm (Gesamthöhe 2,89 m) mehr Laderaum mitbringt – ideal für voluminöse Güter oder zum Ausbau als Wohn- oder Bürocontainer.</strong></p> <h3 class=""""><strong>Einsatzbereiche</strong></h3> <ul> <li class=""""> <p class=""""><strong>Seefracht &amp; Export: International genormt, stapelbar, kranbar</strong></p> </li> <li class=""""> <p class=""""><strong>Lagercontainer: Ideal als trockene, sichere Lagerlösung auf Baustellen oder Firmengeländen</strong></p> </li> <li class=""""> <p class=""""><strong>Mobile Räume: Beliebt im Containerbau für Büros, Werkstätten oder Tiny Houses</strong></p> </li> </ul> <h3 class=""""><strong>Vorteile eines 40 Fuß Seecontainers</strong></h3> <ul> <li class=""""> <p class=""""><strong>Hohe Kapazität bei kompakten Außenmaßen</strong></p> </li> <li class=""""> <p class=""""><strong>Robuste, langlebige Stahlkonstruktion</strong></p> </li> <li class=""""> <p class=""""><strong>ISO-genormt – weltweit einsetzbar</strong></p> </li> <li class=""""> <p class=""""><strong>Flexibel nutzbar für Transport, Lagerung oder Umbau</strong></p> </li> </ul>",Container Centralen Gmbh,Business & Industrial > Industrial Storage > Shipping Containers,,,true,Title,Default Title,,,,,,,,,0.0,,0,deny,manual,1900.00,,true,true,,,,,,https://cdn.shopify.com/s/files/1/1075/4175/8301/files/rn-image_picker_lib_temp_9348e77d-a958-428f-b785-634cd0a7a30d.webp?v=1779718262,1,,false,,,,,,kg,,,active,Business & Industrie > Industrielle Lagerung > Schiffscontainer
40-fuss-seecontainer,,,,,,,,,,,,,,,,,,,,,,,,,,,,,,,,https://cdn.shopify.com/s/files/1/1075/4175/8301/files/rn-image_picker_lib_temp_dc59b7c2-6306-44d6-9658-efd3e07a3d13.webp?v=1779718262,2,,,,,,,,,,,,
40-fuss-seecontainer,,,,,,,,,,,,,,,,,,,,,,,,,,,,,,,,https://cdn.shopify.com/s/files/1/1075/4175/8301/files/rn-image_picker_lib_temp_954c2e64-c1d6-41b3-a1c8-4682f4f10c57.webp?v=1779718262,3,,,,,,,,,,,,
40-fuss-seecontainer,,,,,,,,,,,,,,,,,,,,,,,,,,,,,,,,https://cdn.shopify.com/s/files/1/1075/4175/8301/files/rn-image_picker_lib_temp_c7c79de3-771f-4923-b2da-ed41b3ffca35.webp?v=1779718262,4,,,,,,,,,,,,
40-fuss-high-cube-seecontainer,40 Fuß Seecontainer – 40-fuss-high-cube-seecontainer,"<p><strong><span dir=""auto"">Ein 40-Fuß-High-Cube-Container (HC-Container) ist ein Standardcontainer mit verlängerter Länge, der aufgrund seiner größeren Höhe ein höheres Ladevolumen bietet. HC-Container werden für den Transport von sperrigen Gütern eingesetzt und eignen sich besonders für leichte, sperrige Fracht, die mehr vertikalen Platz benötigt.</span></strong></p> <h5><strong><span dir=""auto"">Hauptmerkmale</span></strong></h5> <p><strong><span dir=""auto"">Abmessungen</span></strong></p> <p><strong><span dir=""auto"">Äußere</span></strong><br><strong><span dir=""auto"">Abmessungen: Länge: 12.192 mm,</span></strong><br><strong><span dir=""auto"">Breite: 2.438 mm</span></strong><br><strong><span dir=""auto"">, Höhe: 2.896 mm;</span></strong><br><strong><span dir=""auto"">Innere</span></strong><br><strong><span dir=""auto"">Abmessungen: Länge: 12.032 mm,</span></strong><br><strong><span dir=""auto"">Breite: 2.352 mm</span></strong><br><strong><span dir=""auto"">, Höhe: 2.698 mm</span></strong></p> <p><br><strong><span dir=""auto"">Kapazität und Gewicht</span></strong></p> <p><strong><span dir=""auto"">Innenvolumen: ca. 76,4 m³</span></strong><br><strong><span dir=""auto"">Zulässiges Gesamtgewicht: ca. 30.480 kg</span></strong><br><strong><span dir=""auto"">Leergewicht: ca. 3.750 kg (kann geringfügig abweichen)</span></strong><br><strong><span dir=""auto"">Nutzlast: ca. 26.730 kg (kann geringfügig abweichen)</span></strong><br><strong><span dir=""auto"">Konstruktion</span></strong></p>",Container Centralen Gmbh,Business & Industrial > Industrial Storage > Shipping Containers,,,true,Title,Default Title,,,,,,,,,0.0,,0,deny,manual,1890.00,,true,true,,,,,,https://cdn.shopify.com/s/files/1/1075/4175/8301/files/rn-image_picker_lib_temp_32d9bc0b-8434-4052-a497-df9f3028d750.png?v=1779718261,1,,false,,,,,,kg,,,active,Business & Industrie > Industrielle Lagerung > Schiffscontainer
40-fuss-high-cube-seecontainer,,,,,,,,,,,,,,,,,,,,,,,,,,,,,,,,https://cdn.shopify.com/s/files/1/1075/4175/8301/files/rn-image_picker_lib_temp_5074e22d-110b-4d5d-9b42-c18049e618c6.png?v=1779718261,2,,,,,,,,,,,,
40-fuss-high-cube-seecontainer,,,,,,,,,,,,,,,,,,,,,,,,,,,,,,,,https://cdn.shopify.com/s/files/1/1075/4175/8301/files/rn-image_picker_lib_temp_ed9e3aca-f641-4d0b-846e-99ee77d74aef.png?v=1779718261,3,,,,,,,,,,,,
40-fuss-high-cube-seecontainer,,,,,,,,,,,,,,,,,,,,,,,,,,,,,,,,https://cdn.shopify.com/s/files/1/1075/4175/8301/files/rn-image_picker_lib_temp_b45fbeb0-68cb-4521-a868-4819d2a9b355.png?v=1779718261,4,,,,,,,,,,,,
40-fuss-isolierter-seecontainer,40 Fuß isolierter Seecontainer,"<h3 class=""""><strong>Technische Daten – 40′ isolierter Container</strong></h3> <div class=""_tableContainer_16hzy_1""> <div class=""_tableWrapper_16hzy_14 group flex w-fit flex-col-reverse"" tabindex=""-1""> <table class=""w-fit min-w-(--thread-content-width)""> <thead> <tr> <th><strong>Merkmal</strong></th> <th><strong>Details</strong></th> </tr> </thead> <tbody> <tr> <td><strong>Außenmaße (L×B×H)</strong></td> <td><strong>12.192 mm × 2.438 mm × 2.591 mm</strong></td> </tr> <tr> <td><strong>Innenmaße (L×B×H)</strong></td> <td><strong>ca. 12.032 mm × 2.350 mm × 2.380 mm</strong></td> </tr> <tr> <td><strong>Innenvolumen</strong></td> <td><strong>ca. 67,5 m³</strong></td> </tr> <tr> <td><strong>Material</strong></td> <td><strong>Stahlkorpus, Cortenstahl, ISO-zertifiziert</strong></td> </tr> <tr> <td><strong>Isolierung</strong></td> <td><strong>PU-/Mineralwolle oder Sandwichpaneele</strong></td> </tr> <tr> <td><strong>Tür</strong></td> <td><strong>Doppelflügeltür, gummigedichtet, abschließbar</strong></td> </tr> <tr> <td><strong>Optional erhältlich</strong></td> <td><strong>Klimagerät, Regalsystem, Licht, Elektroanschlüsse</strong></td> </tr> </tbody> </table> <div class=""sticky end-(--thread-content-margin) h-0 self-end select-none""> <div class=""absolute end-0 flex items-end""></div> </div> </div> </div> <h3 class=""""><strong>Ihre Vorteile mit einem isolierten 40-Fuß Container</strong></h3> <ul> <li class=""""> <p class=""""><strong>Schutz vor Kondenswasser und extremen Temperaturen</strong></p> </li> <li class=""""> <p class=""""><strong>Optimal für Lagerung von temperaturempfindlichen Gütern</strong></p> </li> <li class=""""> <p class=""""><strong>Großer Stauraum – auch für sperrige Waren geeignet</strong></p> </li> <li class=""""> <p class=""""><strong>Witterungsbeständig, robust und vandalismussicher</strong></p> </li> <li class=""""> <p class=""""><strong>Als Lager, Werkstatt, Technikraum oder Materialcontainer nutzbar</strong></p> </li> </ul> <h3 class=""""><strong>Typische Anwendungsbereiche</strong></h3> <ul> <li class=""""> <p class=""""><strong>Lagerung von Lebensmitteln, Farben, Maschinen oder Elektronik</strong></p> </li> <li class=""""> <p class=""""><strong>Technikcontainer für Aggregate oder Steuerungstechnik</strong></p> </li> <li class=""""> <p class=""""><strong>Event- und Messebedarf mit Temperaturanforderungen</strong></p> </li> <li class=""""> <p class=""""><strong>Langfristige Zwischenlagerung bei Umbauten oder Sanierungen</strong></p> </li> <li class=""""> <p class=""""><strong>Mobile Werkstatt oder Geräteraum mit Klimatisierung</strong></p> </li> </ul> <h3 class=""""><strong>40-Fuß isolierter Container – Jetzt kaufen oder individuell ausstatten</strong></h3> <p class=""""><strong>Wir bieten:</strong></p> <ul> <li class=""""> <p class=""""><strong> Neue &amp; gebrauchte isolierte Seecontainer in geprüfter Qualität</strong></p> </li> <li class=""""> <p class=""""><strong> Maßgeschneiderte Ausstattung nach Ihren Anforderungen</strong></p> </li> <li class=""""> <p class=""""><strong>Lieferung und Aufstellung bundesweit</strong></p> </li> <li class=""""> <p class=""""><strong>Fachberatung für gewerbliche und industrielle Kunden</strong></p> </li> </ul>",Container Centralen Gmbh,Business & Industrial > Industrial Storage > Shipping Containers,,,true,Title,Default Title,,,,,,,,,0.0,,0,deny,manual,3010.00,,true,true,,,,,,https://cdn.shopify.com/s/files/1/1075/4175/8301/files/rn-image_picker_lib_temp_a053b1ed-903f-46d6-9e89-7499009a7069.webp?v=1779718259,1,,false,,,,,,kg,,,active,Business & Industrie > Industrielle Lagerung > Schiffscontainer
40-fuss-isolierter-seecontainer,,,,,,,,,,,,,,,,,,,,,,,,,,,,,,,,https://cdn.shopify.com/s/files/1/1075/4175/8301/files/rn-image_picker_lib_temp_928a3125-3ab6-4995-9ab3-164c9de6bd0d.webp?v=1779718259,2,,,,,,,,,,,,
40-fuss-isolierter-seecontainer,,,,,,,,,,,,,,,,,,,,,,,,,,,,,,,,https://cdn.shopify.com/s/files/1/1075/4175/8301/files/rn-image_picker_lib_temp_7301cfdd-99d5-4b87-84a4-635384588f8e.webp?v=1779718259,3,,,,,,,,,,,,
40-fuss-isolierter-seecontainer,,,,,,,,,,,,,,,,,,,,,,,,,,,,,,,,https://cdn.shopify.com/s/files/1/1075/4175/8301/files/rn-image_picker_lib_temp_d77a084b-c03c-4ae8-86e2-d3441cc1c869.webp?v=1779718259,4,,,,,,,,,,,,
40-fuss-isolierter-seecontainer,,,,,,,,,,,,,,,,,,,,,,,,,,,,,,,,https://cdn.shopify.com/s/files/1/1075/4175/8301/files/rn-image_picker_lib_temp_a6ca7b71-4eb2-40b2-ab6f-ea152dda61b4.webp?v=1779718259,5,,,,,,,,,,,,
40-fuss-isolierter-seecontainer,,,,,,,,,,,,,,,,,,,,,,,,,,,,,,,,https://cdn.shopify.com/s/files/1/1075/4175/8301/files/rn-image_picker_lib_temp_af2eba7e-e287-4460-998e-d289cbe3f6de.webp?v=1779718259,6,,,,,,,,,,,,
40-fuss-high-cube-container-3-seiten-zu-offnen-side-door,"40 Fuß High Cube Container, 3 Seiten zu öffnen (Side Door )","<h3 class=""""><strong>Technische Daten – 40′ High Cube Side Door Container</strong></h3> <div class=""_tableContainer_16hzy_1""> <div class=""_tableWrapper_16hzy_14 group flex w-fit flex-col-reverse"" tabindex=""-1""> <table class=""w-fit min-w-(--thread-content-width)""> <thead> <tr> <th><strong>Merkmal</strong></th> <th><strong>Werte</strong></th> </tr> </thead> <tbody> <tr> <td><strong>Außenmaße (L×B×H)</strong></td> <td><strong>12.192 mm × 2.438 mm × 2.896 mm</strong></td> </tr> <tr> <td><strong>Innenmaße (L×B×H)</strong></td> <td><strong>ca. 12.032 mm × 2.352 mm × 2.698 mm</strong></td> </tr> <tr> <td><strong>Volumen</strong></td> <td><strong>ca. 76,4 m³</strong></td> </tr> <tr> <td><strong>Leergewicht</strong></td> <td><strong>ca. 4.200–4.500 kg</strong></td> </tr> <tr> <td><strong>Zuladung (Payload)</strong></td> <td><strong>bis zu 26.000 kg</strong></td> </tr> <tr> <td><strong>Türen</strong></td> <td> <strong>Hinten: Doppeltür</strong><br><strong>Seite: vollständige oder segmentierte Seitentür(en)</strong> </td> </tr> <tr> <td><strong>Material</strong></td> <td><strong>Corten-Stahl, Boden aus Sperrholz oder Stahl</strong></td> </tr> </tbody> </table> <div class=""sticky end-(--thread-content-margin) h-0 self-end select-none""> <div class=""absolute end-0 flex items-end""></div> </div> </div> </div> <hr class=""""> <h3 class=""""><strong>Vorteile des 40 Fuß High Cube Side Door Containers:</strong></h3> <ul> <li class=""""> <p class=""""><strong>Zugang von 3 Seiten – ideal für palettierte Ware, Maschinen oder Baustellenlager</strong></p> </li> <li class=""""> <p class=""""><strong>High Cube Ausführung – 30 cm mehr Innenhöhe für mehr Volumen &amp; Kopffreiheit</strong></p> </li> <li class=""""> <p class=""""><strong>Vielseitig nutzbar: Lagercontainer, mobile Werkstatt, Eventmodul, Exportlösung</strong></p> </li> <li class=""""> <p class=""""><strong>Erleichtertes Be- und Entladen mit Stapler oder von Hand</strong></p> </li> <li class=""""> <p class=""""><strong>Robuste, abschließbare Stahlkonstruktion, ISO-genormt, wind- &amp; wasserdicht</strong></p> </li> </ul> <hr class=""""> <h3 class=""""><strong>Mögliche Einsatzbereiche:</strong></h3> <ul> <li class=""""> <p class=""""><strong>Logistik &amp; Lagerung mit häufigem Zugriff auf Teilbereiche</strong></p> </li> <li class=""""> <p class=""""><strong>Baustellencontainer für Werkzeug, Materialien und Maschinen</strong></p> </li> <li class=""""> <p class=""""><strong>Eventcontainer mit Zugang von mehreren Seiten</strong></p> </li> <li class=""""> <p class=""""><strong>Ladung mit Spezialmaß oder Stückgut mit seitlichem Entladungsbedarf</strong></p> </li> </ul>",Container Centralen Gmbh,Business & Industrial > Industrial Storage > Shipping Containers,,,true,Title,Default Title,,,,,,,,,0.0,,0,deny,manual,2600.00,,true,true,,,,,,https://cdn.shopify.com/s/files/1/1075/4175/8301/files/rn-image_picker_lib_temp_ce1dbf91-6c35-4478-9ed8-b482f8833c5d.webp?v=1779718258,1,,false,,,,,,kg,,,active,Business & Industrie > Industrielle Lagerung > Schiffscontainer
40-fuss-high-cube-container-3-seiten-zu-offnen-side-door,,,,,,,,,,,,,,,,,,,,,,,,,,,,,,,,https://cdn.shopify.com/s/files/1/1075/4175/8301/files/rn-image_picker_lib_temp_ed72bff0-fbd0-4b23-9ec9-f19c28ab19b6.webp?v=1779718258,2,,,,,,,,,,,,
40-fuss-high-cube-container-3-seiten-zu-offnen-side-door,,,,,,,,,,,,,,,,,,,,,,,,,,,,,,,,https://cdn.shopify.com/s/files/1/1075/4175/8301/files/rn-image_picker_lib_temp_c132979a-3f20-483a-9976-7827a3dfc57f.webp?v=1779718258,3,,,,,,,,,,,,
40-fuss-high-cube-container-3-seiten-zu-offnen-side-door,,,,,,,,,,,,,,,,,,,,,,,,,,,,,,,,https://cdn.shopify.com/s/files/1/1075/4175/8301/files/rn-image_picker_lib_temp_ed140130-29fa-4fce-b6d7-58992058ccd6.webp?v=1779718258,4,,,,,,,,,,,,
40-fuss-high-cube-container-3-seiten-zu-offnen-side-door,,,,,,,,,,,,,,,,,,,,,,,,,,,,,,,,https://cdn.shopify.com/s/files/1/1075/4175/8301/files/rn-image_picker_lib_temp_5105c5b3-30e6-402f-8d01-68db94961154.webp?v=1779718258,5,,,,,,,,,,,,
40-fuss-high-cube-container-3-seiten-zu-offnen-side-door,,,,,,,,,,,,,,,,,,,,,,,,,,,,,,,,https://cdn.shopify.com/s/files/1/1075/4175/8301/files/rn-image_picker_lib_temp_860dcd95-db47-4c0f-aecb-7ac45c55be15.webp?v=1779718258,6,,,,,,,,,,,,
40-fuss-high-cube-container-3-seiten-zu-offnen-side-door,,,,,,,,,,,,,,,,,,,,,,,,,,,,,,,,https://cdn.shopify.com/s/files/1/1075/4175/8301/files/rn-image_picker_lib_temp_d9d190c8-d02c-4d13-bdc9-cbe2a95e72a9.webp?v=1779718258,7,,,,,,,,,,,,
20-kuhlcontainer-einphasenbetrieb-stationar,"20′ Kühlcontainer (Einphasenbetrieb, stationär)","<p><strong>Dieser 20 Fuß Kühlcontainer wurde speziell für Unternehmen entwickelt, die zuverlässige stationäre Kältelösungen benötigen – unabhängig von schwer zugänglichen Starkstromanschlüssen oder komplexer Infrastruktur.  20 Fuß Kühlcontainer einphasig</strong></p> <p><strong>Mit einphasigem Stromanschluss (230V) lässt sich die Einheit sowohl in städtischen als auch ländlichen Gebieten problemlos betreiben – von Veranstaltungen über Gastronomie bis zur temporären Lagerlösung für Pharma oder Lebensmittel.  20 Fuß Kühlcontainer einphasig</strong></p> <p><strong>Die verbaute Carrier ThinLINE Kühltechnologie bietet energieeffiziente Leistung, hohe Temperaturgenauigkeit und weltweite Serviceverfügbarkeit.  20</strong></p> <h3><strong>Technische Daten</strong></h3> <div class=""_tableContainer_80l1q_1""> <div class=""_tableWrapper_80l1q_14 group flex w-fit flex-col-reverse"" tabindex=""-1""> <table class=""w-fit min-w-(--thread-content-width)""> <thead> <tr> <th><strong>Merkmal</strong></th> <th><strong>Wert</strong></th> </tr> </thead> <tbody> <tr> <td><strong>Länge (außen)</strong></td> <td><strong>ca. 6,06 m (20 Fuß)</strong></td> </tr> <tr> <td><strong>Leergewicht (Tare)</strong></td> <td><strong>2.860 kg</strong></td> </tr> <tr> <td><strong>Max. Bruttogewicht</strong></td> <td><strong>30.480 kg</strong></td> </tr> <tr> <td><strong>Nutzlast</strong></td> <td><strong>27.620 kg</strong></td> </tr> <tr> <td><strong>Temperaturbereich</strong></td> <td><strong>-40 °C bis +20 °C</strong></td> </tr> <tr> <td><strong>Umgebungsbedingungen Betrieb</strong></td> <td><strong>-20 °C bis +48 °C Umgebungstemp.</strong></td> </tr> <tr> <td><strong>Stromanschluss</strong></td> <td><strong>230 V Einphasenbetrieb</strong></td> </tr> <tr> <td><strong>Kühlaggregat</strong></td> <td><strong>Carrier ThinLINE System</strong></td> </tr> </tbody> </table> <div class=""sticky end-(--thread-content-margin) h-0 self-end select-none""> <div class=""absolute end-0 flex items-end""></div> </div> </div> </div> <hr> <h3><strong>Aufbau &amp; Ausstattung</strong></h3> <p><strong>Der Kühlcontainer basiert auf einem ISO-standardisierten 20-Fuß-Container, konstruiert aus wetterfestem Corten-Stahl. Seine Bauweise kombiniert robuste Langlebigkeit mit praxisorientierten Details:</strong></p> <ul> <li><strong>Gummidichtende Doppeltüren mit Verriegelungssystem</strong></li> <li><strong>Innenliegende Lashing-Ringe zur Ladungssicherung</strong></li> <li><strong>Staplertaschen zur einfachen Umsetzung auf dem Betriebsgelände</strong></li> <li><strong>Innenbeleuchtung mit Zeitverzögerung für energieeffiziente Nutzung</strong></li> <li><strong>Flachboden für problemloses Be- und Entladen</strong></li> <li><strong>Luftvorhang am Türbereich zur Temperaturstabilisierung bei geöffneter Tür</strong></li> <li><strong>Notausstiegshatch für erhöhte Betriebssicherheit</strong></li> <li><strong>Bierzapfloch (Eventoption) für den Einsatz bei Veranstaltungen oder im Getränkebereich</strong></li> </ul> <hr> <h3><strong>Funktionsweise &amp; Betriebshinweis</strong></h3> <p><strong>Der Container ist speziell für stationäre Anwendungen konzipiert – d. h. der Betrieb während des Transports ist nicht zulässig. Dies erhöht die Lebensdauer der Technik, reduziert Wartungsaufwand und sorgt für stabile Kälteführung ohne Erschütterungseinwirkung.</strong></p> <p><strong>Die Integration in bestehende Versorgungssysteme ist denkbar einfach:</strong><br><strong>➡️ Einphasiger Netzanschluss (230 V / 50–60 Hz) genügt für den vollständigen Betrieb</strong></p>",Container Centralen Gmbh,Business & Industrial > Industrial Storage > Shipping Containers,,,true,Title,Default Title,,,,,,,,,0.0,,0,deny,manual,3150.00,,true,true,,,,,,https://cdn.shopify.com/s/files/1/1075/4175/8301/files/rn-image_picker_lib_temp_e4a4eea9-cdc0-4be1-befc-5f7ffacd8922.webp?v=1779718257,1,,false,,,,,,kg,,,active,Business & Industrie > Industrielle Lagerung > Schiffscontainer
20-kuhlcontainer-einphasenbetrieb-stationar,,,,,,,,,,,,,,,,,,,,,,,,,,,,,,,,https://cdn.shopify.com/s/files/1/1075/4175/8301/files/rn-image_picker_lib_temp_04531769-8ec0-4c3d-bc93-0d518b2f40be.webp?v=1779718256,2,,,,,,,,,,,,
20-kuhlcontainer-einphasenbetrieb-stationar,,,,,,,,,,,,,,,,,,,,,,,,,,,,,,,,https://cdn.shopify.com/s/files/1/1075/4175/8301/files/rn-image_picker_lib_temp_7962371c-1612-43d6-8427-0b66c518211f.webp?v=1779718257,3,,,,,,,,,,,,
20-kuhlcontainer-einphasenbetrieb-stationar,,,,,,,,,,,,,,,,,,,,,,,,,,,,,,,,https://cdn.shopify.com/s/files/1/1075/4175/8301/files/rn-image_picker_lib_temp_9df3e8de-1024-4678-909b-61111276ea7d.webp?v=1779718257,4,,,,,,,,,,,,
20-kuhlcontainer-einphasenbetrieb-stationar,,,,,,,,,,,,,,,,,,,,,,,,,,,,,,,,https://cdn.shopify.com/s/files/1/1075/4175/8301/files/rn-image_picker_lib_temp_c9e2cad6-a6ca-4f85-91a1-3ba6cb43d564.webp?v=1779718257,5,,,,,,,,,,,,
20-kuhlcontainer-einphasenbetrieb-stationar,,,,,,,,,,,,,,,,,,,,,,,,,,,,,,,,https://cdn.shopify.com/s/files/1/1075/4175/8301/files/rn-image_picker_lib_temp_e903c7a8-49e9-432b-9ba8-e8e20b6d74b0.webp?v=1779718257,6,,,,,,,,,,,,
20-kuhlcontainer-einphasenbetrieb-stationar,,,,,,,,,,,,,,,,,,,,,,,,,,,,,,,,https://cdn.shopify.com/s/files/1/1075/4175/8301/files/rn-image_picker_lib_temp_bc1fbb07-00b2-4b4e-974b-7d7728c10a34.webp?v=1779718257,7,,,,,,,,,,,,
20-kuhlcontainer-einphasenbetrieb-stationar,,,,,,,,,,,,,,,,,,,,,,,,,,,,,,,,https://cdn.shopify.com/s/files/1/1075/4175/8301/files/rn-image_picker_lib_temp_9eb7b147-1d33-42a8-be59-9d5b24feaf2a.webp?v=1779718256,8,,,,,,,,,,,,
20-kuhlcontainer-einphasenbetrieb-stationar,,,,,,,,,,,,,,,,,,,,,,,,,,,,,,,,https://cdn.shopify.com/s/files/1/1075/4175/8301/files/rn-image_picker_lib_temp_d98870ed-23b3-4a8c-91c8-ebb5e52963e9.webp?v=1779718256,9,,,,,,,,,,,,
20-fuss-versandcontainer-mit-offener-seite,20-Fuß-Versandcontainer mit offener Seite,"<p><strong>Im Ausland</strong></p> <p><strong>Länge 6.058 mm</strong></p> <p><strong>Breite 2438 mm</strong></p> <p><strong>Höhe 2.591 mm</strong></p> <p><strong>Innen</strong></p> <p><strong>Länge 5.898 mm</strong></p> <p><strong>Breite 2.224 mm</strong></p> <p><strong>Höhe 2.302 mm</strong></p> <p><strong>Abmessungen der hinteren Türöffnung</strong></p> <p><strong>Breite 2114 mm</strong></p> <p><strong>Höhe 2189 mm</strong></p> <p><strong>Maße der Seitentüröffnung</strong></p> <p><strong>Breite 5.702 mm</strong></p> <p><strong>Höhe 2.189 mm</strong></p> <p><strong>Interne Kapazität</strong></p> <p><strong>30,2 m³ </strong></p> <p><strong>Gabelstaplertaschen</strong></p> <p><strong>Mitte zu Mitte 2.080 mm</strong></p> <p><strong>Breite 360 mm</strong></p> <p><strong>Mindesthöhe 115 mm</strong></p> <p><strong>Fähigkeit</strong></p> <p><strong>Maximales Bruttogewicht 24.000 kg 59.910 lb</strong></p> <p><strong>Tara 3,150 kg 6,945 lb</strong></p> <p><strong>Nutzlast Nutzlast 20.850 kg 45.965 lb</strong></p>",GRAL Containerdienst GmbH,Business & Industrial > Industrial Storage > Shipping Containers,20-Fuß-Versandcontainer,"[""20-Fuß-Container""]",true,Title,Default Title,,,,,,,,GCG-785-026,0.0,shopify,13,deny,manual,1785.00,,true,true,,,,,,,,,false,,,,,,kg,,,active,Business & Industrie > Industrielle Lagerung > Schiffscontainer
20-fuss-lagercontainer-mit-seitentur,20-Fuß Lagercontainer mit Seitentür,"<h3 class=""""><strong>Technische Daten – 20-Fuß Container mit Seitentür</strong></h3> <div class=""_tableContainer_16hzy_1""> <div class=""_tableWrapper_16hzy_14 group flex w-fit flex-col-reverse"" tabindex=""-1""> <table class=""w-fit min-w-(--thread-content-width)""> <thead> <tr> <th><strong>Merkmal</strong></th> <th><strong>Maße / Gewicht</strong></th> </tr> </thead> <tbody> <tr> <td><strong>Außenmaße (L×B×H)</strong></td> <td><strong>6.058 mm × 2.438 mm × 2.591 mm</strong></td> </tr> <tr> <td><strong>Innenmaße (L×B×H)</strong></td> <td><strong>ca. 5.898 mm × 2.352 mm × 2.393 mm</strong></td> </tr> <tr> <td><strong>Volumen</strong></td> <td><strong>ca. 33,1 m³</strong></td> </tr> <tr> <td><strong>Türarten</strong></td> <td><strong>Doppeltür an Stirnseite &amp; Seitentür (optional über gesamte Länge)</strong></td> </tr> <tr> <td><strong>Material</strong></td> <td><strong>Cortenstahl, wind- &amp; wasserdicht</strong></td> </tr> <tr> <td><strong>Leergewicht</strong></td> <td><strong>ca. 2.300–2.500 kg</strong></td> </tr> </tbody> </table> <div class=""sticky end-(--thread-content-margin) h-0 self-end select-none""> <div class=""absolute end-0 flex items-end""></div> </div> </div> </div> <h3 class=""""><strong>Ihre Vorteile mit einem Container mit Seitentür</strong></h3> <ul> <li class=""""> <p class=""""><strong>Seitlicher Zugang für einfaches Be- und Entladen</strong></p> </li> <li class=""""> <p class=""""><strong>Mehr Flexibilität bei der Lagerung langer oder sperriger Güter</strong></p> </li> <li class=""""> <p class=""""><strong>Stabile Stahlkonstruktion – ideal für den ganzjährigen Außeneinsatz</strong></p> </li> <li class=""""> <p class=""""><strong>Schnell aufgestellt und sofort einsatzbereit</strong></p> </li> <li class=""""> <p class=""""><strong>Vielseitig nutzbar – von Bau bis Handel</strong></p> </li> </ul> <h3 class=""""><strong>Typische Einsatzbereiche</strong></h3> <p class=""""><strong>Ein 20′ Lagercontainer mit Seitentür eignet sich perfekt für:</strong></p> <ul> <li class=""""> <p class=""""><strong>Baustellenlagerung mit schnellem Materialzugriff</strong></p> </li> <li class=""""> <p class=""""><strong>Messe- und Eventlogistik</strong></p> </li> <li class=""""> <p class=""""><strong>Lagerung von Maschinen, Werkzeugen oder Langgut</strong></p> </li> <li class=""""> <p class=""""><strong>Flexible Lagerlösungen für Handel, Industrie und Kommunen</strong></p> </li> </ul> <h3 class=""""><strong>Container mit Seitentür – Kaufen oder Mieten</strong></h3> <p class=""""><strong>Wir bieten Ihnen:</strong></p> <ul> <li class=""""> <p class=""""><strong>Neue und gebrauchte Modelle mit Seitentür</strong></p> </li> <li class=""""> <p class=""""><strong>Wahlweise mit Doppelflügeltür, Rolltor oder Komplettöffnung</strong></p> </li> <li class=""""> <p class=""""><strong>Kurze Lieferzeiten &amp; deutschlandweiter Service</strong></p> </li> <li class=""""> <p class=""""><strong>Optional mit Regalsystem, Elektroinstallation oder Einbruchschutz</strong></p> </li> </ul>",Container Centralen Gmbh,Business & Industrial > Industrial Storage > Shipping Containers,,,true,Title,Default Title,,,,,,,,,0.0,,0,deny,manual,1680.00,,true,true,,,,,,https://cdn.shopify.com/s/files/1/1075/4175/8301/files/rn-image_picker_lib_temp_bd429c58-07b9-4935-90ed-fae8b5762eac.webp?v=1779718255,1,,false,,,,,,kg,,,active,Business & Industrie > Industrielle Lagerung > Schiffscontainer
20-fuss-lagercontainer-mit-seitentur,,,,,,,,,,,,,,,,,,,,,,,,,,,,,,,,https://cdn.shopify.com/s/files/1/1075/4175/8301/files/rn-image_picker_lib_temp_fe8dff75-3c1d-40c6-8900-456b43422371.webp?v=1779718254,2,,,,,,,,,,,,
20-fuss-lagercontainer-mit-seitentur,,,,,,,,,,,,,,,,,,,,,,,,,,,,,,,,https://cdn.shopify.com/s/files/1/1075/4175/8301/files/rn-image_picker_lib_temp_287653d5-e8db-4184-923e-ed2b97c9c3ca.webp?v=1779718254,3,,,,,,,,,,,,
20-fuss-lagercontainer-mit-seitentur,,,,,,,,,,,,,,,,,,,,,,,,,,,,,,,,https://cdn.shopify.com/s/files/1/1075/4175/8301/files/rn-image_picker_lib_temp_e6a35aa9-4315-410e-bfb8-88a6952d2e0b.webp?v=1779718254,4,,,,,,,,,,,,
20-fuss-high-cube-seecontainer,20-Fuß High Cube Seecontainer,"<h3><strong>Technische Daten – 20-Fuß High Cube Container</strong></h3> <div class=""_tableContainer_16hzy_1""> <div class=""_tableWrapper_16hzy_14 group flex w-fit flex-col-reverse"" tabindex=""-1""> <table class=""w-fit min-w-(--thread-content-width)""> <thead> <tr> <th><strong>Merkmal</strong></th> <th><strong>Maße / Gewicht</strong></th> </tr> </thead> <tbody> <tr> <td><strong>Außenmaße (L×B×H)</strong></td> <td><strong>6.058 mm × 2.438 mm × 2.896 mm</strong></td> </tr> <tr> <td><strong>Innenmaße (L×B×H)</strong></td> <td><strong>ca. 5.898 mm × 2.352 mm × 2.698 mm</strong></td> </tr> <tr> <td><strong>Türöffnung (B×H)</strong></td> <td><strong>ca. 2.340 mm × 2.585 mm</strong></td> </tr> <tr> <td><strong>Volumen</strong></td> <td><strong>ca. 37,4 m³</strong></td> </tr> <tr> <td><strong>Leergewicht (Tara)</strong></td> <td><strong>ca. 2.300–2.500 kg</strong></td> </tr> <tr> <td><strong>Max. Nutzlast</strong></td> <td><strong>ca. 28.000 kg</strong></td> </tr> <tr> <td><strong>Max. Gesamtgewicht</strong></td> <td><strong>30.480 kg</strong></td> </tr> </tbody> </table> <div class=""sticky end-(--thread-content-margin) h-0 self-end select-none""> <div class=""absolute end-0 flex items-end""></div> </div> </div> </div> <hr> <h3><strong>Vorteile des 20-Fuß High Cube Containers</strong></h3> <ul> <li> <p><strong>Zusätzliche Innenhöhe von 30 cm</strong></p> </li> <li> <p><strong>Mehr Ladevolumen bei gleicher Stellfläche</strong></p> </li> <li> <p><strong>Ideal für hohes Ladegut oder stapelbare Waren</strong></p> </li> <li> <p><strong>Wetterfest, stabil und abschließbar</strong></p> </li> <li> <p><strong>Einfach zu transportieren, platzsparende Aufstellung</strong></p> </li> </ul>",Container Centralen Gmbh,Business & Industrial > Industrial Storage > Shipping Containers,,,true,Title,Default Title,,,,,,,,,0.0,,0,deny,manual,1550.00,,true,true,,,,,,https://cdn.shopify.com/s/files/1/1075/4175/8301/files/rn-image_picker_lib_temp_3bac821b-d515-43fc-a75b-efa1806f2382.webp?v=1779718253,1,,false,,,,,,kg,,,active,Business & Industrie > Industrielle Lagerung > Schiffscontainer
20-fuss-high-cube-seecontainer,,,,,,,,,,,,,,,,,,,,,,,,,,,,,,,,https://cdn.shopify.com/s/files/1/1075/4175/8301/files/rn-image_picker_lib_temp_17ad5865-9b6d-42a6-8212-47caff4958ee.webp?v=1779718254,2,,,,,,,,,,,,
20-fuss-high-cube-seecontainer,,,,,,,,,,,,,,,,,,,,,,,,,,,,,,,,https://cdn.shopify.com/s/files/1/1075/4175/8301/files/rn-image_picker_lib_temp_f4949d0d-c247-46af-982f-db27a6c37223.webp?v=1779718253,3,,,,,,,,,,,,
20-fuss-high-cube-seecontainer,,,,,,,,,,,,,,,,,,,,,,,,,,,,,,,,https://cdn.shopify.com/s/files/1/1075/4175/8301/files/rn-image_picker_lib_temp_3f8012b8-56a4-4d84-abb1-fbf3d6da56f6.webp?v=1779718253,4,,,,,,,,,,,,
20-fuss-high-cube-isoliercontainer,20-Fuß High Cube Isoliercontainer,"<h3><strong>Technische Daten – 20′ High Cube Isoliercontainer</strong></h3> <table> <thead> <tr> <th><strong>Merkmal</strong></th> <th><strong>Details</strong></th> </tr> </thead> <tbody> <tr> <td><strong>Außenmaße (L×B×H)</strong></td> <td><strong>6.058 mm × 2.438 mm × 2.896 mm</strong></td> </tr> <tr> <td><strong>Innenmaße (ca.)</strong></td> <td><strong>5.900 mm × 2.350 mm × 2.700 mm</strong></td> </tr> <tr> <td><strong>Innenvolumen</strong></td> <td><strong>ca. 37 m³</strong></td> </tr> <tr> <td><strong>Isolierung</strong></td> <td><strong>PU-Schaum oder Sandwichpaneele (modellabhängig)</strong></td> </tr> <tr> <td><strong>Boden</strong></td> <td><strong>Siebdruckplatte oder Aluminium-Riffelblech</strong></td> </tr> <tr> <td><strong>Türen</strong></td> <td><strong>Doppelflügeltür, abschließbar, mit Gummidichtung</strong></td> </tr> <tr> <td><strong>Optional</strong></td> <td><strong>Beleuchtung, Heizung, Regalsystem, Stromanschlüsse</strong></td> </tr> </tbody> </table> <hr> <h3><strong>Vorteile des 20′ High Cube Isoliercontainers</strong></h3> <ul> <li><strong>Mehr Innenhöhe als Standardcontainer – ideal für sperrige Güter</strong></li> <li><strong>Isolierung schützt vor Temperaturschwankungen und Kondensation</strong></li> <li><strong>Robuste, wetterfeste Bauweise für den Innen- und Außeneinsatz</strong></li> <li><strong>Vielseitig einsetzbar: Lager, Werkstatt, Technik- oder Kühlvorbereitung</strong></li> <li><strong>Auch als Basis für Ausbaucontainer geeignet</strong></li> </ul> <hr> <h3><strong>Typische Einsatzbereiche</strong></h3> <ul> <li><strong>Temperaturgeführte Lagerung von Maschinen, Farben, Elektronik</strong></li> <li><strong>Baustellen- oder Betriebslager mit empfindlichen Materialien</strong></li> <li><strong>Archiv- oder Aktenlager bei wechselnden Außentemperaturen</strong></li> <li><strong>Mobiler Technikraum für Steuerung, IT oder Stromgeneratoren</strong></li> <li><strong>Vorbereitung für Klimatisierung oder Heizung möglich</strong></li> </ul>",Container Centralen Gmbh,Business & Industrial > Industrial Storage > Shipping Containers,,,true,Title,Default Title,,,,,,,,,0.0,,0,deny,manual,2200.00,,true,true,,,,,,https://cdn.shopify.com/s/files/1/1075/4175/8301/files/rn-image_picker_lib_temp_d3a13c31-3591-4101-8928-e987d4996287.webp?v=1779718252,1,,false,,,,,,kg,,,active,Business & Industrie > Industrielle Lagerung > Schiffscontainer
20-fuss-high-cube-isoliercontainer,,,,,,,,,,,,,,,,,,,,,,,,,,,,,,,,https://cdn.shopify.com/s/files/1/1075/4175/8301/files/rn-image_picker_lib_temp_83b402a6-da7a-4fb7-88bb-ba0141e590bc.webp?v=1779718252,2,,,,,,,,,,,,
20-fuss-high-cube-isoliercontainer,,,,,,,,,,,,,,,,,,,,,,,,,,,,,,,,https://cdn.shopify.com/s/files/1/1075/4175/8301/files/rn-image_picker_lib_temp_144123db-a600-4d0b-8c0d-03b123c072fe.webp?v=1779718252,3,,,,,,,,,,,,
20-fuss-high-cube-isoliercontainer,,,,,,,,,,,,,,,,,,,,,,,,,,,,,,,,https://cdn.shopify.com/s/files/1/1075/4175/8301/files/rn-image_picker_lib_temp_d8ab6363-4732-4073-8714-7d860f6c4be4.webp?v=1779718252,4,,,,,,,,,,,,
20-fuss-high-cube-isoliercontainer,,,,,,,,,,,,,,,,,,,,,,,,,,,,,,,,https://cdn.shopify.com/s/files/1/1075/4175/8301/files/rn-image_picker_lib_temp_eaad26e9-ee7f-45be-b0bb-016a452fef00.webp?v=1779718252,5,,,,,,,,,,,,
20-fuss-versandcontainer-neu,20-Fuß-Versandcontainer – Neu,"<p><strong>Abmessungen und Gewicht</strong></p> <p><strong>• Außenlänge: 20 Fuß (6.058 mm)</strong></p> <p><strong>• Außenbreite: 8 Fuß (2.438 mm)</strong></p> <p><strong>• Außenhöhe: 8 Fuß 6 Zoll (2.591 mm)</strong></p> <p><strong>• Innenlänge: 19 Fuß 4,2 Zoll (5.898 mm)</strong></p> <p><strong>• Innenbreite: 7 Fuß 8,6 Zoll (2.352 mm)</strong></p> <p><strong>• Innenhöhe: 7 Fuß 10,1 Zoll (2.393 mm)</strong></p> <p><strong>• Hubraum: 33,2 m³</strong></p> <p><strong>• Leergewicht: 2.200 kg (4.850 lbs)</strong></p> <p><strong>• Maximales Bruttogewicht: 24.000 kg (52.910 lbs)</strong></p> <p><strong>• Maximale Nutzlast: 21.800 kg (48.060 lbs)</strong></p> <p><strong> Materialien und Konstruktion</strong></p> <p><strong> • Material: Cortenstahl</strong></p> <p><strong>• Türen: Doppelte Hintertür mit hermetischem Verschluss</strong></p> <p><strong>• Boden: Hochleistungssperrholz, feuchtigkeitsbeständig behandelt</strong></p> <p><strong>Zusätzliche Funktionen</strong></p> <p><strong>• Belüftung: Belüftungslöcher verhindern Feuchtigkeitsansammlung</strong></p> <p><strong>• Struktur: Verstärkter Stahlrahmen für Haltbarkeit und Festigkeit</strong></p> <p><strong>• Kompatibilität: Vollständig kompatibel mit Transportsystemen</strong></p>",GRAL Containerdienst GmbH,Business & Industrial > Industrial Storage > Shipping Containers,20-Fuß-Versandcontainer,"[""20-Fuß-Container""]",true,Title,Default Title,,,,,,,,GCG-565-026,0.0,shopify,15,deny,manual,1655.00,,true,true,,,,,,,,,false,,,,,,kg,,,active,Business & Industrie > Industrielle Lagerung > Schiffscontainer
20-fuss-seecontainer-ral-7016,20 fuß seecontainer Ral 7016,"<div class=""description accordion open""> <div class=""accordion-content""> <div class=""user-content margin-b-6""> <p><strong>Unser 20 Fuß High Cube Container bietet zusätzlichen Platz und mehr Höhe für eine effizientere Lagerung und den Transport von Gütern. Mit einer Länge von 20 Fuß (ca. 6,10 Meter) und einer um 30 cm höheren Höhe als der Standard-20-Fuß-Container bietet dieser Container Ihnen die Möglichkeit, Ihre Ladung noch höher zu laden.</strong></p> </div> </div> </div> <div class=""description accordion open""> <div class=""accordion-title flex flex-items-space-between flex-items-middle gaps-9""> <h5 class=""fw-medium margin-tb-8""><strong>Technische Informationen</strong></h5> <strong><i class=""fas fa-chevron-down""></i></strong> </div> <div class=""accordion-content""> <div class=""user-content margin-b-6""> <table> <thead> <tr> <th></th> <th><strong>Außenmaße</strong></th> <th><strong>Innenmaße</strong></th> </tr> </thead> <tbody> <tr> <td><strong>Länge</strong></td> <td><strong>6058 mm</strong></td> <td><strong>5898 mm</strong></td> </tr> <tr> <td><strong>Breite</strong></td> <td><strong>2438 mm</strong></td> <td><strong>2345 mm</strong></td> </tr> <tr> <td><strong>Höhe</strong></td> <td><strong>2891 mm</strong></td> <td><strong>2690 mm</strong></td> </tr> </tbody> <thead> <tr> <th> <br><strong>Taragewicht</strong> </th> <th> <br><strong>Tragfähigkeit</strong> </th> <th> <br><strong>Bruttogewicht</strong> </th> </tr> </thead> <tbody> <tr> <td><strong>2420 kg</strong></td> <td><strong>28060 kg</strong></td> <td><strong>30480 kg</strong></td> </tr> </tbody> </table> </div> </div> </div>",Container Centralen Gmbh,Business & Industrial > Industrial Storage > Shipping Containers,,,true,Title,Default Title,,,,,,,,,0.0,,0,deny,manual,1600.00,,true,true,,,,,,https://cdn.shopify.com/s/files/1/1075/4175/8301/files/rn-image_picker_lib_temp_7ffeb029-24cb-40e1-9f8e-7e6f2ef3efd6.jpg?v=1779718250,1,,false,,,,,,kg,,,active,Business & Industrie > Industrielle Lagerung > Schiffscontainer
20-fuss-seecontainer-ral-7016,,,,,,,,,,,,,,,,,,,,,,,,,,,,,,,,https://cdn.shopify.com/s/files/1/1075/4175/8301/files/rn-image_picker_lib_temp_28cf0a48-f116-4bd3-99d4-83163e6292ea.jpg?v=1779718250,2,,,,,,,,,,,,
20-fuss-seecontainer-ral-7016,,,,,,,,,,,,,,,,,,,,,,,,,,,,,,,,https://cdn.shopify.com/s/files/1/1075/4175/8301/files/rn-image_picker_lib_temp_ded2f332-5c5d-4fef-ae11-4492870f3b93.jpg?v=1779718250,3,,,,,,,,,,,,
20-fuss-seecontainer-ral-7016,,,,,,,,,,,,,,,,,,,,,,,,,,,,,,,,https://cdn.shopify.com/s/files/1/1075/4175/8301/files/rn-image_picker_lib_temp_29061557-bd67-42ce-988e-fa97a0ca9876.jpg?v=1779718250,4,,,,,,,,,,,,
20-fuss-high-cube-container,20 Fuß High Cube Container – GCG-150-026,"<div class=""description accordion open""> <div class=""accordion-content""> <div class=""user-content margin-b-6""> <p><strong>Unser 20 Fuß High Cube Container bietet zusätzlichen Platz und mehr Höhe für eine effizientere Lagerung und den Transport von Gütern. Mit einer Länge von 20 Fuß (ca. 6,10 Meter) und einer um 30 cm höheren Höhe als der Standard-20-Fuß-Container bietet dieser Container Ihnen die Möglichkeit, Ihre Ladung noch höher zu laden.</strong></p> </div> </div> </div> <div class=""description accordion open""> <div class=""accordion-title flex flex-items-space-between flex-items-middle gaps-9""> <h5 class=""fw-medium margin-tb-8""><strong>Technische Informationen</strong></h5> <strong><i class=""fas fa-chevron-down""></i></strong> </div> <div class=""accordion-content""> <div class=""user-content margin-b-6""> <table> <thead> <tr> <th></th> <th><strong>Außenmaße</strong></th> <th><strong>Innenmaße</strong></th> </tr> </thead> <tbody> <tr> <td><strong>Länge</strong></td> <td><strong>6058 mm</strong></td> <td><strong>5898 mm</strong></td> </tr> <tr> <td><strong>Breite</strong></td> <td><strong>2438 mm</strong></td> <td><strong>2345 mm</strong></td> </tr> <tr> <td><strong>Höhe</strong></td> <td><strong>2891 mm</strong></td> <td><strong>2690 mm</strong></td> </tr> </tbody> <thead> <tr> <th> <br><strong>Taragewicht</strong> </th> <th> <br><strong>Tragfähigkeit</strong> </th> <th> <br><strong>Bruttogewicht</strong> </th> </tr> </thead> <tbody> <tr> <td><strong>2420 kg</strong></td> <td><strong>28060 kg</strong></td> <td><strong>30480 kg</strong></td> </tr> </tbody> </table> </div> </div> </div>",GRAL Containerdienst GmbH,Business & Industrial > Industrial Storage > Shipping Containers,20 Fuß HC-Container,"[""20-Fuß-Container""]",true,Title,Default Title,,,,,,,,GCG-150-026,0.0,shopify,16,deny,manual,1510.80,,true,true,,,,,,,,,false,,,,,,kg,,,active,Business & Industrie > Industrielle Lagerung > Schiffscontainer
20-fuss-open-side-container,20 Fuß Open Side Container – GCG-058-026,"<div class=""description accordion open""> <div class=""accordion-content""> <div class=""user-content margin-b-6""> <p><strong>Optimieren Sie Ihre Logistikprozesse mit unserem 20 Fuß Open Side Container (ISO-Typ) mit einer Höhe von 8 Fuß 6 Zoll. Dieser Container bietet dank seines einzigartigen Designs eine hervorragende Lösung zum effizienten Be-, Transport- und Entladen von Waren.</strong></p> </div> </div> </div> <div class=""description accordion open""> <div class=""accordion-title flex flex-items-space-between flex-items-middle gaps-9""> <h5 class=""fw-medium margin-tb-8""><strong>Technische Informationen</strong></h5> <strong><i class=""fas fa-chevron-down""></i></strong> </div> <div class=""accordion-content""> <div class=""user-content margin-b-6""> <table> <thead> <tr> <th></th> <th><strong>Außenmaße</strong></th> <th><strong>Innenmaße</strong></th> </tr> </thead> <tbody> <tr> <td><strong>Länge</strong></td> <td><strong>6058 mm</strong></td> <td><strong>5898 mm</strong></td> </tr> <tr> <td><strong>Breite</strong></td> <td><strong>2438 mm</strong></td> <td><strong>2309 mm</strong></td> </tr> <tr> <td><strong>Höhe</strong></td> <td><strong>2591 mm</strong></td> <td><strong>2288 mm  </strong></td> </tr> </tbody> <thead> <tr> <th><strong>Tara Unbelastet</strong></th> <th><strong>Tragfähigkeit</strong></th> <th><strong>Bruttogewicht</strong></th> </tr> </thead> <tbody> <tr> <td><strong>2800 kg</strong></td> <td><strong>27680 kg</strong></td> <td><strong>30480 kg</strong></td> </tr> </tbody> </table> </div> </div> </div>",GRAL Containerdienst GmbH,Business & Industrial > Industrial Storage > Shipping Containers,20 Fuß Open Side Container,"[""20-Fuß-Container""]",true,Title,Default Title,,,,,,,,GCG-058-026,0.0,shopify,15,deny,manual,1850.20,,true,true,,,,,,,,,false,,,,,,kg,,,active,Business & Industrie > Industrielle Lagerung > Schiffscontainer
20-fuss-high-cube-container-1,20 Fuß High Cube Container – GCG-540-026,"<div class=""description accordion open""> <div class=""accordion-content""> <div class=""user-content margin-b-6""> <p><strong>Unser 20 Fuß High Cube Container bietet zusätzlichen Platz und mehr Höhe für eine effizientere Lagerung und den Transport von Gütern. Mit einer Länge von 20 Fuß (ca. 6,10 Meter) und einer um 30 cm höheren Höhe als der Standard-20-Fuß-Container bietet dieser Container Ihnen die Möglichkeit, Ihre Ladung noch höher zu laden.</strong></p> </div> </div> </div> <div class=""description accordion open""> <div class=""accordion-title flex flex-items-space-between flex-items-middle gaps-9""> <h5 class=""fw-medium margin-tb-8""><strong>Technische Informationen</strong></h5> <strong><i class=""fas fa-chevron-down""></i></strong> </div> <div class=""accordion-content""> <div class=""user-content margin-b-6""> <table> <thead> <tr> <th></th> <th><strong>Außenmaße</strong></th> <th><strong>Innenmaße</strong></th> </tr> </thead> <tbody> <tr> <td><strong>Länge</strong></td> <td><strong>6058 mm</strong></td> <td><strong>5898 mm</strong></td> </tr> <tr> <td><strong>Breite</strong></td> <td><strong>2438 mm</strong></td> <td><strong>2345 mm</strong></td> </tr> <tr> <td><strong>Höhe</strong></td> <td><strong>2891 mm</strong></td> <td><strong>2690 mm</strong></td> </tr> </tbody> <thead> <tr> <th> <br><strong>Taragewicht</strong> </th> <th> <br><strong>Tragfähigkeit</strong> </th> <th> <br><strong>Bruttogewicht</strong> </th> </tr> </thead> <tbody> <tr> <td><strong>2420 kg</strong></td> <td><strong>28060 kg</strong></td> <td><strong>30480 kg</strong></td> </tr> </tbody> </table> </div> </div> </div>",Container Goertz,Business & Industrial > Industrial Storage > Shipping Containers,20 Fuß HC-Container,"[""20-Fuß-Container""]",false,Title,Default Title,,,,,,,,GCG-540-026,0.0,shopify,16,deny,manual,1540.00,,true,true,,,,,,https://cdn.shopify.com/s/files/1/1075/4175/8301/files/rn-image_picker_lib_temp_f3327208-af64-4dbe-a426-cfd44b7e9316.jpg?v=1779732360,1,,false,,,,,,kg,,,draft,Business & Industrie > Industrielle Lagerung > Schiffscontainer
20-fuss-high-cube-container-1,,,,,,,,,,,,,,,,,,,,,,,,,,,,,,,,https://cdn.shopify.com/s/files/1/1075/4175/8301/files/rn-image_picker_lib_temp_5690632d-ab0a-4571-932f-2c569ece1f20.jpg?v=1779732360,2,,,,,,,,,,,,
20-fuss-high-cube-container-1,,,,,,,,,,,,,,,,,,,,,,,,,,,,,,,,https://cdn.shopify.com/s/files/1/1075/4175/8301/files/rn-image_picker_lib_temp_723b6238-6e65-4b6a-995c-c38240fc2be7.jpg?v=1779732360,3,,,,,,,,,,,,
20-fuss-high-cube-container-1,,,,,,,,,,,,,,,,,,,,,,,,,,,,,,,,https://cdn.shopify.com/s/files/1/1075/4175/8301/files/rn-image_picker_lib_temp_0edecace-e9a4-4d4f-80b8-92a3890f5736.jpg?v=1779732360,4,,,,,,,,,,,,
10-fuss-kubus-seecontainer,10-Fuß-Seecontainer,"<p><strong><span dir=""auto"">Allgemeine Merkmale</span></strong></p> <ul> <li><strong><span dir=""auto"">Typ</span> <span dir=""auto""> : High-Cube-Trockenfrachtcontainer</span></strong></li> <li><strong><span dir=""auto"">Standard</span> <span dir=""auto""> : IICL (höhere Qualität und optimierte Lebensdauer)</span></strong></li> <li><strong><span dir=""auto"">Material</span> <span dir=""auto""> : Robuster Cortenstahl, entwickelt, um extremen Bedingungen standzuhalten</span></strong></li> <li><strong><span dir=""auto"">Struktur</span> <span dir=""auto""> : Verstärkte Wellblechwände für erhöhte Festigkeit</span></strong></li> <li><strong><span dir=""auto"">Boden</span> <span dir=""auto""> : Rutschfestes Sperrholz, geeignet für hohe Belastungen</span></strong></li> <li><strong><span dir=""auto"">Türen</span> <span dir=""auto""> : Doppeltüren mit vollständiger Öffnung und sicherem Verriegelungssystem</span></strong></li> <li><strong><span dir=""auto"">Wasserdichtigkeit</span> <span dir=""auto""> : 100 % luftdicht, geschützt gegen Feuchtigkeit und Wassereintritt</span></strong></li> </ul> <p><strong><span dir=""auto"">Äußere Abmessungen</span></strong></p> <ul> <li><strong><span dir=""auto"">Länge</span> <span dir=""auto""> : 2,99 m (10 Fuß 0 Zoll)</span></strong></li> <li><strong><span dir=""auto"">Breite</span> <span dir=""auto""> : 2,44 m (8 Fuß)</span></strong></li> <li><strong><span dir=""auto"">Höhe</span> <span dir=""auto""> : 2,89 m (9'6"")</span></strong></li> </ul> <p><strong><span dir=""auto"">Innenabmessungen</span></strong></p> <ul> <li><strong><span dir=""auto"">Länge</span> <span dir=""auto""> : 2,84 m (9'4"")</span></strong></li> <li><strong><span dir=""auto"">Breite</span> <span dir=""auto""> : 2,35 m (7'9"")</span></strong></li> <li><strong><span dir=""auto"">Höhe</span> <span dir=""auto""> : 2,69 m (8'10"")</span></strong></li> </ul> <p><strong><span dir=""auto"">Kapazität und maximale Belastung</span></strong></p> <ul> <li><strong><span dir=""auto"">Innenvolumen</span> <span dir=""auto""> : ca. 17,9 m³</span></strong></li> <li><strong><span dir=""auto"">Leergewicht</span> <span dir=""auto""> : 1.300 – 1.400 kg (modellabhängig)</span></strong></li> <li><strong><span dir=""auto"">Maximale Tragfähigkeit</span> <span dir=""auto""> : 8.000 kg</span></strong></li> </ul>",Container Centralen Gmbh,Business & Industrial > Industrial Storage > Shipping Containers,,,true,Title,Default Title,,,,,,,,,0.0,,-1,deny,manual,920.00,,true,true,,,,,,https://cdn.shopify.com/s/files/1/1075/4175/8301/files/rn-image_picker_lib_temp_8c875704-5127-4d7c-b574-535e7a8ba847.jpg?v=1779718245,1,,false,,,,,,kg,,,active,Business & Industrie > Industrielle Lagerung > Schiffscontainer
10-fuss-kubus-seecontainer,,,,,,,,,,,,,,,,,,,,,,,,,,,,,,,,https://cdn.shopify.com/s/files/1/1075/4175/8301/files/rn-image_picker_lib_temp_dd71e8ff-a367-43d3-a9e8-a59386209bbd.jpg?v=1779718245,2,,,,,,,,,,,,
10-fuss-kubus-seecontainer,,,,,,,,,,,,,,,,,,,,,,,,,,,,,,,,https://cdn.shopify.com/s/files/1/1075/4175/8301/files/rn-image_picker_lib_temp_5534d991-3558-4be9-b8bf-7adb729a7183.jpg?v=1779718244,3,,,,,,,,,,,,
10-fuss-kubus-seecontainer,,,,,,,,,,,,,,,,,,,,,,,,,,,,,,,,https://cdn.shopify.com/s/files/1/1075/4175/8301/files/rn-image_picker_lib_temp_defef151-20a4-4bdc-977f-4c8f3786337d.jpg?v=1779718245,4,,,,,,,,,,,,
10-fuss-hc-seecontainer,10-Fuß-HC-Seecontainer,"<p><strong>Allgemeine Merkmale</strong></p> <p><strong>Typ : High-Cube-Trockenfrachtcontainer</strong></p> <p><strong>Standard : IICL (höhere Qualität und optimierte Lebensdauer)</strong></p> <p><strong>Material : Robuster Cortenstahl, entwickelt, um extremen Bedingungen standzuhalten</strong></p> <p><strong>Struktur : Verstärkte Wellblechwände für erhöhte Festigkeit</strong></p> <p><strong>Boden : Rutschfestes Sperrholz, geeignet für hohe Belastungen</strong></p> <p><strong>Türen : Doppeltüren mit vollständiger Öffnung und sicherem Verriegelungssystem</strong></p> <p><strong>Wasserdichtigkeit : 100 % luftdicht, geschützt gegen Feuchtigkeit und Wassereintritt</strong></p> <p><strong>Äußere Abmessungen</strong></p> <p><strong>Länge : 2,99 m (10 Fuß 0 Zoll)</strong></p> <p><strong>Breite : 2,44 m (8 Fuß)</strong></p> <p><strong>Höhe : 2,89 m (9'6"")</strong></p> <p><strong>Innenabmessungen</strong></p> <p><strong>Länge : 2,84 m (9'4"")</strong></p> <p><strong>Breite : 2,35 m (7'9"")</strong></p> <p><strong>Höhe : 2,69 m (8'10"")</strong></p> <p><strong>Kapazität und maximale Belastung</strong></p> <p><strong>Innenvolumen : ca. 17,9 m³</strong></p> <p><strong>Leergewicht : 1.300 – 1.400 kg (modellabhängig)</strong></p> <p><strong>Maximale Tragfähigkeit : 8.000 kg</strong></p>",Container Centralen Gmbh,Business & Industrial > Industrial Storage > Shipping Containers,,,true,Title,Default Title,,,,,,,,,0.0,,0,deny,manual,930.00,,true,true,,,,,,https://cdn.shopify.com/s/files/1/1075/4175/8301/files/rn-image_picker_lib_temp_29d89526-2a72-4159-983b-1f82bd8e1102.jpg?v=1779718243,1,,false,,,,,,kg,,,active,Business & Industrie > Industrielle Lagerung > Schiffscontainer
10-fuss-hc-seecontainer,,,,,,,,,,,,,,,,,,,,,,,,,,,,,,,,https://cdn.shopify.com/s/files/1/1075/4175/8301/files/rn-image_picker_lib_temp_60bc8ead-887b-4d84-87d4-11eff884c6da.jpg?v=1779718243,2,,,,,,,,,,,,
10-fuss-hc-seecontainer,,,,,,,,,,,,,,,,,,,,,,,,,,,,,,,,https://cdn.shopify.com/s/files/1/1075/4175/8301/files/rn-image_picker_lib_temp_a0af6366-70a3-43b6-b196-830f93b15b27.jpg?v=1779718243,3,,,,,,,,,,,,
10-fuss-hc-seecontainer-1,10 Fuß HC Seecontainer,"<p><strong>Allgemeine Merkmale</strong></p> <p><strong>Typ : High-Cube-Trockenfrachtcontainer</strong></p> <p><strong>Standard : IICL (höhere Qualität und optimierte Lebensdauer)</strong></p> <p><strong>Material : Robuster Cortenstahl, entwickelt, um extremen Bedingungen standzuhalten</strong></p> <p><strong>Struktur : Verstärkte Wellblechwände für erhöhte Festigkeit</strong></p> <p><strong>Boden : Rutschfestes Sperrholz, geeignet für hohe Belastungen</strong></p> <p><strong>Türen : Doppeltüren mit vollständiger Öffnung und sicherem Verriegelungssystem</strong></p> <p><strong>Wasserdichtigkeit : 100 % luftdicht, geschützt gegen Feuchtigkeit und Wassereintritt</strong></p> <p><strong>Äußere Abmessungen</strong></p> <p><strong>Länge : 2,99 m (10 Fuß 0 Zoll)</strong></p> <p><strong>Breite : 2,44 m (8 Fuß)</strong></p> <p><strong>Höhe : 2,89 m (9'6"")</strong></p> <p><strong>Innenabmessungen</strong></p> <p><strong>Länge : 2,84 m (9'4"")</strong></p> <p><strong>Breite : 2,35 m (7'9"")</strong></p> <p><strong>Höhe : 2,69 m (8'10"")</strong></p> <p><strong>Kapazität und maximale Belastung</strong></p> <p><strong>Innenvolumen : ca. 17,9 m³</strong></p> <p><strong>Leergewicht : 1.300 – 1.400 kg (modellabhängig)</strong></p> <p><strong>Maximale Tragfähigkeit : 8.000 kg</strong></p>",Container Centralen Gmbh,Business & Industrial > Industrial Storage > Shipping Containers,,,true,Title,Default Title,,,,,,,,,0.0,,-2,deny,manual,1050.00,,true,true,,,,,,https://cdn.shopify.com/s/files/1/1075/4175/8301/files/rn-image_picker_lib_temp_6bd5cb81-f753-483a-b647-022715c5c98d.jpg?v=1779718243,1,,false,,,,,,kg,,,active,Business & Industrie > Industrielle Lagerung > Schiffscontainer
10-fuss-hc-seecontainer-1,,,,,,,,,,,,,,,,,,,,,,,,,,,,,,,,https://cdn.shopify.com/s/files/1/1075/4175/8301/files/rn-image_picker_lib_temp_71053d89-5db8-42e7-b13a-15ca26214169.jpg?v=1779718242,2,,,,,,,,,,,,
10-fuss-hc-seecontainer-1,,,,,,,,,,,,,,,,,,,,,,,,,,,,,,,,https://cdn.shopify.com/s/files/1/1075/4175/8301/files/rn-image_picker_lib_temp_d38cc984-ef5b-426c-943c-ec91384ac810.jpg?v=1779718242,3,,,,,,,,,,,,
10-fuss-hc-seecontainer-1,,,,,,,,,,,,,,,,,,,,,,,,,,,,,,,,https://cdn.shopify.com/s/files/1/1075/4175/8301/files/rn-image_picker_lib_temp_24deaa19-56c8-432d-a778-1557767bddab.jpg?v=1779718243,4,,,,,,,,,,,,