"Type","SKU","Name","Published","Is featured?","Visibility in catalog","Short description","Description","Date sale price starts","Date sale price ends","Tax status","Tax class","In stock?","Stock","Low stock amount","Backorders allowed?","Sold individually?","Weight (kg)","Length (cm)","Width (cm)","Height (cm)","Allow customer reviews?","Purchase note","Sale price","Regular price","Categories","Tags","Shipping class","Images","Download limit","Download expiry days","Parent","Grouped products","Upsells","Cross-sells","External URL","Button text","Position","Brands"
"simple","38-4-E-COMBI-CARE-LK","AL-KO 38.4E Combi Care Elektro-Vertikutierer","1","0","visible","Al-Ko Elektro-Vertikutierer 38.4 E Combi Care - Premium - Hochwertige Ausführung für optimale Ergebnisse im Garten.","<h3>Al-Ko Elektro-Vertikutierer 38.4 E Combi Care</h3>
Entdecken Sie die professionelle Leistung dieses hochwertigen Gartenwerkzeugs. bietet dieses Gerät optimale Ergebnisse für anspruchsvolle Gartenarbeiten.

Die einfache Öffnung des Häckselwerks ermöglicht eine schnelle und unkomplizierte Wartung des Rotors. Regelmäßige Wartung ist wichtig für die Langlebigkeit und Zuverlässigkeit des Geräts und stellt sicher, dass die Leistung über viele Jahre hinweg konstant bleibt.

Dieses professionelle Gerät überzeugt durch seine robuste Bauweise und die durchdachten technischen Lösungen. Die Kombination aus hoher Leistung, intelligenter Steuerung und benutzerfreundlichem Design macht es zur idealen Wahl für anspruchsvolle Garten- und Landschaftspflegearbeiten.

<strong>Investieren Sie in Qualität und Professionalität - dieses hochwertige Vertikutierer überzeugt durch erstklassige Verarbeitung, innovative Technik und außergewöhnliche Zuverlässigkeit. Perfekt geeignet für anspruchsvolle Garten- und Landschaftspflegeprojekte, bei denen nur das Beste gut genug ist. Mit diesem Gerät sind Sie optimal ausgestattet für alle Herausforderungen moderner Gartenarbeit.</strong>","","","taxable","","1","14","","0","0","","","","","1","","","127.00","Vertikutierer","","","https://cdn.shopify.com/s/files/1/0764/8503/4036/files/g1-9.webp?v=1779859686, https://cdn.shopify.com/s/files/1/0764/8503/4036/files/g2-2.webp?v=1779859749, https://cdn.shopify.com/s/files/1/0764/8503/4036/files/g3-2.webp?v=1779859774, https://cdn.shopify.com/s/files/1/0764/8503/4036/files/g4-2.webp?v=1779859796, https://cdn.shopify.com/s/files/1/0764/8503/4036/files/g5-1.webp?v=1779859822","","","","","","","","","0","Al-Ko"
"simple","1-200-W-LK","Einhell Elektro-Vertikutierer GC-ES 1231 1200W","1","0","visible","Einhell Elektro-Vertikutierer GC-ES 1231 - Hochwertige Ausführung für optimale Ergebnisse im Garten.","<h3>Einhell Elektro-Vertikutierer GC-ES 1231</h3>
<p>Entdecken Sie die professionelle Leistung dieses hochwertigen Gartenwerkzeugs. bietet dieses Gerät optimale Ergebnisse für anspruchsvolle Gartenarbeiten. Die einfache Öffnung des Häckselwerks ermöglicht eine schnelle und unkomplizierte Wartung des Rotors. Regelmäßige Wartung ist wichtig für die Langlebigkeit und Zuverlässigkeit des Geräts und stellt sicher, dass die Leistung über viele Jahre hinweg konstant bleibt. Dieses professionelle Gerät überzeugt durch seine robuste Bauweise und die durchdachten technischen Lösungen. Die Kombination aus hoher Leistung, intelligenter Steuerung und benutzerfreundlichem Design macht es zur idealen Wahl für anspruchsvolle Garten- und Landschaftspflegearbeiten.</p>
<p><strong>Investieren Sie in Qualität und Professionalität - dieses hochwertige Vertikutierer überzeugt durch erstklassige Verarbeitung, innovative Technik und außergewöhnliche Zuverlässigkeit. Perfekt geeignet für anspruchsvolle Garten- und Landschaftspflegeprojekte, bei denen nur das Beste gut genug ist. Mit diesem Gerät sind Sie optimal ausgestattet für alle Herausforderungen moderner Gartenarbeit.</strong></p>","","","taxable","","1","14","","0","0","","","","","1","","","80.00","Vertikutierer","","","https://cdn.shopify.com/s/files/1/0764/8503/4036/files/f1-10.webp?v=1779859941, https://cdn.shopify.com/s/files/1/0764/8503/4036/files/f2-2.webp?v=1779859966, https://cdn.shopify.com/s/files/1/0764/8503/4036/files/f3-1.webp?v=1779860001, https://cdn.shopify.com/s/files/1/0764/8503/4036/files/f4-1.webp?v=1779860063, https://cdn.shopify.com/s/files/1/0764/8503/4036/files/f5-1.webp?v=1779860105, https://cdn.shopify.com/s/files/1/0764/8503/4036/files/f6-1.webp?v=1779860134","","","","","","","","","0","Einhell"
"simple","VE-1-600-W-LK","MTD Elektro-Vertikutierer & Rasenlüfter","1","0","visible","MTD Elektro-Vertikutierer und -Rasenlüfter - Hochwertige Ausführung für optimale Ergebnisse im Garten.","<h3>MTD Elektro-Vertikutierer und -Rasenlüfter</h3>
Entdecken Sie die professionelle Leistung dieses hochwertigen Gartenwerkzeugs. bietet dieses Gerät optimale Ergebnisse für anspruchsvolle Gartenarbeiten.

Die einfache Öffnung des Häckselwerks ermöglicht eine schnelle und unkomplizierte Wartung des Rotors. Regelmäßige Wartung ist wichtig für die Langlebigkeit und Zuverlässigkeit des Geräts und stellt sicher, dass die Leistung über viele Jahre hinweg konstant bleibt.

Dieses professionelle Gerät überzeugt durch seine robuste Bauweise und die durchdachten technischen Lösungen. Die Kombination aus hoher Leistung, intelligenter Steuerung und benutzerfreundlichem Design macht es zur idealen Wahl für anspruchsvolle Garten- und Landschaftspflegearbeiten.

<strong>Investieren Sie in Qualität und Professionalität - dieses hochwertige Vertikutierer überzeugt durch erstklassige Verarbeitung, innovative Technik und außergewöhnliche Zuverlässigkeit. Perfekt geeignet für anspruchsvolle Garten- und Landschaftspflegeprojekte, bei denen nur das Beste gut genug ist. Mit diesem Gerät sind Sie optimal ausgestattet für alle Herausforderungen moderner Gartenarbeit.</strong>","","","taxable","","1","14","","0","0","","","","","1","","","187.00","Vertikutierer","","","https://cdn.shopify.com/s/files/1/0764/8503/4036/files/d1-10.webp?v=1779860243, https://cdn.shopify.com/s/files/1/0764/8503/4036/files/d2-2.webp?v=1779860283, https://cdn.shopify.com/s/files/1/0764/8503/4036/files/d3-2.webp?v=1779860315, https://cdn.shopify.com/s/files/1/0764/8503/4036/files/d4-2.webp?v=1779860350, https://cdn.shopify.com/s/files/1/0764/8503/4036/files/d5-1.webp?v=1779860372, https://cdn.shopify.com/s/files/1/0764/8503/4036/files/d6.webp?v=1779860396, https://cdn.shopify.com/s/files/1/0764/8503/4036/files/d7.webp?v=1779860412","","","","","","","","","0","MTD"
"simple","36-MIT-480-W-LK","LUX-TOOLS Akku-Vertikutierer A-VL-2x20/36 480W","1","0","visible","LUX-TOOLS Vertikutierer A-VL-2×20/36 mit 480 W - Hochwertige Ausführung für optimale Ergebnisse im Garten.","<h3>LUX-TOOLS Vertikutierer A-VL-2×20/36 mit 480 W</h3>
Entdecken Sie die professionelle Leistung dieses hochwertigen Gartenwerkzeugs. bietet dieses Gerät optimale Ergebnisse für anspruchsvolle Gartenarbeiten.

Die einfache Öffnung des Häckselwerks ermöglicht eine schnelle und unkomplizierte Wartung des Rotors. Regelmäßige Wartung ist wichtig für die Langlebigkeit und Zuverlässigkeit des Geräts und stellt sicher, dass die Leistung über viele Jahre hinweg konstant bleibt.

Dieses professionelle Gerät überzeugt durch seine robuste Bauweise und die durchdachten technischen Lösungen. Die Kombination aus hoher Leistung, intelligenter Steuerung und benutzerfreundlichem Design macht es zur idealen Wahl für anspruchsvolle Garten- und Landschaftspflegearbeiten.

<strong>Investieren Sie in Qualität und Professionalität - dieses hochwertige Vertikutierer überzeugt durch erstklassige Verarbeitung, innovative Technik und außergewöhnliche Zuverlässigkeit. Perfekt geeignet für anspruchsvolle Garten- und Landschaftspflegeprojekte, bei denen nur das Beste gut genug ist. Mit diesem Gerät sind Sie optimal ausgestattet für alle Herausforderungen moderner Gartenarbeit.</strong>","","","taxable","","1","14","","0","0","","","","","1","","","110.00","Vertikutierer","","","https://cdn.shopify.com/s/files/1/0764/8503/4036/files/s1-1-1.webp?v=1779860490, https://cdn.shopify.com/s/files/1/0764/8503/4036/files/s2-1.webp?v=1779860523, https://cdn.shopify.com/s/files/1/0764/8503/4036/files/s3-2.webp?v=1779860552, https://cdn.shopify.com/s/files/1/0764/8503/4036/files/s4-2.webp?v=1779860590, https://cdn.shopify.com/s/files/1/0764/8503/4036/files/s5-1.webp?v=1779860627, https://cdn.shopify.com/s/files/1/0764/8503/4036/files/s6.webp?v=1779860649, https://cdn.shopify.com/s/files/1/0764/8503/4036/files/s7.webp?v=1779860671, https://cdn.shopify.com/s/files/1/0764/8503/4036/files/s8.webp?v=1779861083, https://cdn.shopify.com/s/files/1/0764/8503/4036/files/s9.webp?v=1779860723, https://cdn.shopify.com/s/files/1/0764/8503/4036/files/s10.webp?v=1779861108, https://cdn.shopify.com/s/files/1/0764/8503/4036/files/s11.webp?v=1779861126, https://cdn.shopify.com/s/files/1/0764/8503/4036/files/s12.webp?v=1779861146","","","","","","","","","0","LUX-TOOLS"
"simple","IN-1-FUNKTION-1-200-W-LK","WOLF-Garten Elektro-Vertikutierer Select V","1","0","visible","Wolf-Garten Elektro-Vertikutierer Select V - Hochwertige Ausführung für optimale Ergebnisse im Garten.","<h3>Wolf-Garten Elektro-Vertikutierer Select V</h3>
Entdecken Sie die professionelle Leistung dieses hochwertigen Gartenwerkzeugs. bietet dieses Gerät optimale Ergebnisse für anspruchsvolle Gartenarbeiten.

Die einfache Öffnung des Häckselwerks ermöglicht eine schnelle und unkomplizierte Wartung des Rotors. Regelmäßige Wartung ist wichtig für die Langlebigkeit und Zuverlässigkeit des Geräts und stellt sicher, dass die Leistung über viele Jahre hinweg konstant bleibt.

Dieses professionelle Gerät überzeugt durch seine robuste Bauweise und die durchdachten technischen Lösungen. Die Kombination aus hoher Leistung, intelligenter Steuerung und benutzerfreundlichem Design macht es zur idealen Wahl für anspruchsvolle Garten- und Landschaftspflegearbeiten.

<strong>Investieren Sie in Qualität und Professionalität - dieses hochwertige Vertikutierer überzeugt durch erstklassige Verarbeitung, innovative Technik und außergewöhnliche Zuverlässigkeit. Perfekt geeignet für anspruchsvolle Garten- und Landschaftspflegeprojekte, bei denen nur das Beste gut genug ist. Mit diesem Gerät sind Sie optimal ausgestattet für alle Herausforderungen moderner Gartenarbeit.</strong>","","","taxable","","1","13","","0","0","","","","","1","","","109.00","Vertikutierer","","","https://cdn.shopify.com/s/files/1/0764/8503/4036/files/q1-12.webp?v=1779861222, https://cdn.shopify.com/s/files/1/0764/8503/4036/files/q2-4.webp?v=1779861242, https://cdn.shopify.com/s/files/1/0764/8503/4036/files/q3-2.webp?v=1779861257, https://cdn.shopify.com/s/files/1/0764/8503/4036/files/q4-2.webp?v=1779861298","","","","","","","","","0","Wolf-Garten"
"simple","4036-ENERGY-FLEX-SOLO-LK","AL-KO SF 4036 Akku-betriebener Vertikutierer","1","0","visible","Al-Ko Akku-Vertikutierer SF 4036 Energy Flex Solo - Hochwertige Ausführung für optimale Ergebnisse im Garten.","<h3>Al-Ko Akku-Vertikutierer SF 4036 Energy Flex Solo</h3>
Entdecken Sie die professionelle Leistung dieses hochwertigen Gartenwerkzeugs. bietet dieses Gerät optimale Ergebnisse für anspruchsvolle Gartenarbeiten.

Die einfache Öffnung des Häckselwerks ermöglicht eine schnelle und unkomplizierte Wartung des Rotors. Regelmäßige Wartung ist wichtig für die Langlebigkeit und Zuverlässigkeit des Geräts und stellt sicher, dass die Leistung über viele Jahre hinweg konstant bleibt.

Dieses professionelle Gerät überzeugt durch seine robuste Bauweise und die durchdachten technischen Lösungen. Die Kombination aus hoher Leistung, intelligenter Steuerung und benutzerfreundlichem Design macht es zur idealen Wahl für anspruchsvolle Garten- und Landschaftspflegearbeiten.

<strong>Investieren Sie in Qualität und Professionalität - dieses hochwertige Vertikutierer überzeugt durch erstklassige Verarbeitung, innovative Technik und außergewöhnliche Zuverlässigkeit. Perfekt geeignet für anspruchsvolle Garten- und Landschaftspflegeprojekte, bei denen nur das Beste gut genug ist. Mit diesem Gerät sind Sie optimal ausgestattet für alle Herausforderungen moderner Gartenarbeit.</strong>","","","taxable","","1","14","","0","0","","","","","1","","","355.00","Vertikutierer","","","https://cdn.shopify.com/s/files/1/0764/8503/4036/files/p1-11.webp?v=1779861351, https://cdn.shopify.com/s/files/1/0764/8503/4036/files/p2-3.webp?v=1779861373, https://cdn.shopify.com/s/files/1/0764/8503/4036/files/p3-3.webp?v=1779861397, https://cdn.shopify.com/s/files/1/0764/8503/4036/files/p4-3.webp?v=1779861412, https://cdn.shopify.com/s/files/1/0764/8503/4036/files/p5-3.webp?v=1779861440, https://cdn.shopify.com/s/files/1/0764/8503/4036/files/p6-1.webp?v=1779861507, https://cdn.shopify.com/s/files/1/0764/8503/4036/files/p7.webp?v=1779861533, https://cdn.shopify.com/s/files/1/0764/8503/4036/files/p10.webp?v=1779861550","","","","","","","","","0","Al-Ko"
"simple","PRO-CUT-460TG-LK","Texas Benzin-Vertikutierer Pro Cut 460TG","1","0","visible","Texas Benzin-Vertikutierer Pro Cut 460TG - Hochwertige Ausführung für optimale Ergebnisse im Garten.","<h3>Texas Benzin-Vertikutierer Pro Cut 460TG</h3>
Entdecken Sie die professionelle Leistung dieses hochwertigen Gartenwerkzeugs. bietet dieses Gerät optimale Ergebnisse für anspruchsvolle Gartenarbeiten.

Die einfache Öffnung des Häckselwerks ermöglicht eine schnelle und unkomplizierte Wartung des Rotors. Regelmäßige Wartung ist wichtig für die Langlebigkeit und Zuverlässigkeit des Geräts und stellt sicher, dass die Leistung über viele Jahre hinweg konstant bleibt.

Dieses professionelle Gerät überzeugt durch seine robuste Bauweise und die durchdachten technischen Lösungen. Die Kombination aus hoher Leistung, intelligenter Steuerung und benutzerfreundlichem Design macht es zur idealen Wahl für anspruchsvolle Garten- und Landschaftspflegearbeiten.

<strong>Investieren Sie in Qualität und Professionalität - dieses hochwertige Vertikutierer überzeugt durch erstklassige Verarbeitung, innovative Technik und außergewöhnliche Zuverlässigkeit. Perfekt geeignet für anspruchsvolle Garten- und Landschaftspflegeprojekte, bei denen nur das Beste gut genug ist. Mit diesem Gerät sind Sie optimal ausgestattet für alle Herausforderungen moderner Gartenarbeit.</strong>","","","taxable","","1","13","","0","0","","","","","1","","","462.99","Vertikutierer","","","https://cdn.shopify.com/s/files/1/0764/8503/4036/files/o1-9.webp?v=1779861646, https://cdn.shopify.com/s/files/1/0764/8503/4036/files/o2-2.webp?v=1779861861, https://cdn.shopify.com/s/files/1/0764/8503/4036/files/o3-2.webp?v=1779861884, https://cdn.shopify.com/s/files/1/0764/8503/4036/files/o4-2.webp?v=1779861914, https://cdn.shopify.com/s/files/1/0764/8503/4036/files/o5-2.webp?v=1779861929","","","","","","","","","0","Texas"
"simple","LLE-3-000-W-LK","MTD Benzin-Vertikutierer Optima 38 VO","1","0","visible","MTD Benzin-Vertikutierer Optima 38 VO - Hochwertige Ausführung für optimale Ergebnisse im Garten.","<h3>MTD Benzin-Vertikutierer Optima 38 VO</h3>
Entdecken Sie die professionelle Leistung dieses hochwertigen Gartenwerkzeugs. bietet dieses Gerät optimale Ergebnisse für anspruchsvolle Gartenarbeiten.

Die einfache Öffnung des Häckselwerks ermöglicht eine schnelle und unkomplizierte Wartung des Rotors. Regelmäßige Wartung ist wichtig für die Langlebigkeit und Zuverlässigkeit des Geräts und stellt sicher, dass die Leistung über viele Jahre hinweg konstant bleibt.

Dieses professionelle Gerät überzeugt durch seine robuste Bauweise und die durchdachten technischen Lösungen. Die Kombination aus hoher Leistung, intelligenter Steuerung und benutzerfreundlichem Design macht es zur idealen Wahl für anspruchsvolle Garten- und Landschaftspflegearbeiten.

<strong>Investieren Sie in Qualität und Professionalität - dieses hochwertige Vertikutierer überzeugt durch erstklassige Verarbeitung, innovative Technik und außergewöhnliche Zuverlässigkeit. Perfekt geeignet für anspruchsvolle Garten- und Landschaftspflegeprojekte, bei denen nur das Beste gut genug ist. Mit diesem Gerät sind Sie optimal ausgestattet für alle Herausforderungen moderner Gartenarbeit.</strong>","","","taxable","","1","14","","0","0","","","","","1","","","550.00","Vertikutierer","","","https://cdn.shopify.com/s/files/1/0764/8503/4036/files/i1-2.webp?v=1779862000, https://cdn.shopify.com/s/files/1/0764/8503/4036/files/i2-2.webp?v=1779862046, https://cdn.shopify.com/s/files/1/0764/8503/4036/files/i3-2.webp?v=1779862077","","","","","","","","","0","MTD"
"simple","PRO-CUT-400TG-LK","Texas Benzin-Vertikutierer Pro Cut 400TG","1","0","visible","Texas Benzin-Vertikutierer Pro Cut 400TG - Hochwertige Ausführung für optimale Ergebnisse im Garten.","<h3>Texas Benzin-Vertikutierer Pro Cut 400TG</h3>
Entdecken Sie die professionelle Leistung dieses hochwertigen Gartenwerkzeugs. bietet dieses Gerät optimale Ergebnisse für anspruchsvolle Gartenarbeiten.

Die einfache Öffnung des Häckselwerks ermöglicht eine schnelle und unkomplizierte Wartung des Rotors. Regelmäßige Wartung ist wichtig für die Langlebigkeit und Zuverlässigkeit des Geräts und stellt sicher, dass die Leistung über viele Jahre hinweg konstant bleibt.

Dieses professionelle Gerät überzeugt durch seine robuste Bauweise und die durchdachten technischen Lösungen. Die Kombination aus hoher Leistung, intelligenter Steuerung und benutzerfreundlichem Design macht es zur idealen Wahl für anspruchsvolle Garten- und Landschaftspflegearbeiten.

<strong>Investieren Sie in Qualität und Professionalität - dieses hochwertige Vertikutierer überzeugt durch erstklassige Verarbeitung, innovative Technik und außergewöhnliche Zuverlässigkeit. Perfekt geeignet für anspruchsvolle Garten- und Landschaftspflegeprojekte, bei denen nur das Beste gut genug ist. Mit diesem Gerät sind Sie optimal ausgestattet für alle Herausforderungen moderner Gartenarbeit.</strong>","","","taxable","","1","14","","0","0","","","","","1","","","449.00","Vertikutierer","","","https://cdn.shopify.com/s/files/1/0764/8503/4036/files/u1-2.webp?v=1779862159, https://cdn.shopify.com/s/files/1/0764/8503/4036/files/u2-3.webp?v=1779862181, https://cdn.shopify.com/s/files/1/0764/8503/4036/files/u3-2.webp?v=1779862198, https://cdn.shopify.com/s/files/1/0764/8503/4036/files/u4-2.webp?v=1779862396, https://cdn.shopify.com/s/files/1/0764/8503/4036/files/u5-2.webp?v=1779862453, https://cdn.shopify.com/s/files/1/0764/8503/4036/files/u6-1.webp?v=1779862537, https://cdn.shopify.com/s/files/1/0764/8503/4036/files/u7-1.webp?v=1779862633","","","","","","","","","0","Texas"
"simple","IMA-35-VO-LK","MTD Vertikutierer Optima 35 VO","1","0","visible","MTD Vertikutierer Optima 35 VO - Hochwertige Ausführung für optimale Ergebnisse im Garten.","<h3>MTD Vertikutierer Optima 35 VO</h3>
<p>Entdecken Sie die professionelle Leistung dieses hochwertigen Gartenwerkzeugs. bietet dieses Gerät optimale Ergebnisse für anspruchsvolle Gartenarbeiten. Die einfache Öffnung des Häckselwerks ermöglicht eine schnelle und unkomplizierte Wartung des Rotors. Regelmäßige Wartung ist wichtig für die Langlebigkeit und Zuverlässigkeit des Geräts und stellt sicher, dass die Leistung über viele Jahre hinweg konstant bleibt. Dieses professionelle Gerät überzeugt durch seine robuste Bauweise und die durchdachten technischen Lösungen. Die Kombination aus hoher Leistung, intelligenter Steuerung und benutzerfreundlichem Design macht es zur idealen Wahl für anspruchsvolle Garten- und Landschaftspflegearbeiten.</p>
<p> </p>
<p><strong>Investieren Sie in Qualität und Professionalität - dieses hochwertige Vertikutierer überzeugt durch erstklassige Verarbeitung, innovative Technik und außergewöhnliche Zuverlässigkeit. Perfekt geeignet für anspruchsvolle Garten- und Landschaftspflegeprojekte, bei denen nur das Beste gut genug ist. Mit diesem Gerät sind Sie optimal ausgestattet für alle Herausforderungen moderner Gartenarbeit.</strong></p>","","","taxable","","1","14","","0","0","","","","","1","","365.25","375.25","Vertikutierer","","","https://cdn.shopify.com/s/files/1/0764/8503/4036/files/y1-1.webp?v=1779862871, https://cdn.shopify.com/s/files/1/0764/8503/4036/files/y2-3.webp?v=1779862920, https://cdn.shopify.com/s/files/1/0764/8503/4036/files/y3-1.webp?v=1779862986, https://cdn.shopify.com/s/files/1/0764/8503/4036/files/y4-1.webp?v=1779863041, https://cdn.shopify.com/s/files/1/0764/8503/4036/files/y5-1.webp?v=1779863152, https://cdn.shopify.com/s/files/1/0764/8503/4036/files/y6.webp?v=1779863217, https://cdn.shopify.com/s/files/1/0764/8503/4036/files/y7.webp?v=1779865196, https://cdn.shopify.com/s/files/1/0764/8503/4036/files/y8.webp?v=1779865234","","","","","","","","","0","MTD"
"simple","DUV320Z-LK","Makita Akku-Vertikutierer DUV320Z","1","0","visible","Makita Akku-Vertikutierer DUV320Z - Hochwertige Ausführung für optimale Ergebnisse im Garten.","<h3>Makita Akku-Vertikutierer DUV320Z</h3>
Entdecken Sie die professionelle Leistung dieses hochwertigen Gartenwerkzeugs. bietet dieses Gerät optimale Ergebnisse für anspruchsvolle Gartenarbeiten.

Die einfache Öffnung des Häckselwerks ermöglicht eine schnelle und unkomplizierte Wartung des Rotors. Regelmäßige Wartung ist wichtig für die Langlebigkeit und Zuverlässigkeit des Geräts und stellt sicher, dass die Leistung über viele Jahre hinweg konstant bleibt.

Dieses professionelle Gerät überzeugt durch seine robuste Bauweise und die durchdachten technischen Lösungen. Die Kombination aus hoher Leistung, intelligenter Steuerung und benutzerfreundlichem Design macht es zur idealen Wahl für anspruchsvolle Garten- und Landschaftspflegearbeiten.

<strong>Investieren Sie in Qualität und Professionalität - dieses hochwertige Vertikutierer überzeugt durch erstklassige Verarbeitung, innovative Technik und außergewöhnliche Zuverlässigkeit. Perfekt geeignet für anspruchsvolle Garten- und Landschaftspflegeprojekte, bei denen nur das Beste gut genug ist. Mit diesem Gerät sind Sie optimal ausgestattet für alle Herausforderungen moderner Gartenarbeit.</strong>","","","taxable","","1","12","","0","0","","","","","1","","","201.00","Vertikutierer","","","https://cdn.shopify.com/s/files/1/0764/8503/4036/files/t1-1.webp?v=1779865317, https://cdn.shopify.com/s/files/1/0764/8503/4036/files/t2-2.webp?v=1779865371, https://cdn.shopify.com/s/files/1/0764/8503/4036/files/t3-2.webp?v=1779865402, https://cdn.shopify.com/s/files/1/0764/8503/4036/files/t4-2.webp?v=1779865478, https://cdn.shopify.com/s/files/1/0764/8503/4036/files/t5-2.webp?v=1779865513, https://cdn.shopify.com/s/files/1/0764/8503/4036/files/t6-1.webp?v=1779865539, https://cdn.shopify.com/s/files/1/0764/8503/4036/files/t7.webp?v=1779865558, https://cdn.shopify.com/s/files/1/0764/8503/4036/files/t8.webp?v=1779865590","","","","","","","","","0","Makita"
"simple","500-W-36-CM-LK","Hyundai Elektro-Vertikutierer SC3601E","1","0","visible","Hyundai Elektro-Vertikutierer SC3601E - Hochwertige Ausführung für optimale Ergebnisse im Garten.","<h3>Hyundai Elektro-Vertikutierer SC3601E</h3>
Entdecken Sie die professionelle Leistung dieses hochwertigen Gartenwerkzeugs. bietet dieses Gerät optimale Ergebnisse für anspruchsvolle Gartenarbeiten.

Die einfache Öffnung des Häckselwerks ermöglicht eine schnelle und unkomplizierte Wartung des Rotors. Regelmäßige Wartung ist wichtig für die Langlebigkeit und Zuverlässigkeit des Geräts und stellt sicher, dass die Leistung über viele Jahre hinweg konstant bleibt.

Dieses professionelle Gerät überzeugt durch seine robuste Bauweise und die durchdachten technischen Lösungen. Die Kombination aus hoher Leistung, intelligenter Steuerung und benutzerfreundlichem Design macht es zur idealen Wahl für anspruchsvolle Garten- und Landschaftspflegearbeiten.

<strong>Investieren Sie in Qualität und Professionalität - dieses hochwertige Vertikutierer überzeugt durch erstklassige Verarbeitung, innovative Technik und außergewöhnliche Zuverlässigkeit. Perfekt geeignet für anspruchsvolle Garten- und Landschaftspflegeprojekte, bei denen nur das Beste gut genug ist. Mit diesem Gerät sind Sie optimal ausgestattet für alle Herausforderungen moderner Gartenarbeit.</strong>","","","taxable","","1","13","","0","0","","","","","1","","","119.00","Vertikutierer","","","https://cdn.shopify.com/s/files/1/0764/8503/4036/files/r1-2.webp?v=1779865723, https://cdn.shopify.com/s/files/1/0764/8503/4036/files/r2-2.webp?v=1779865811, https://cdn.shopify.com/s/files/1/0764/8503/4036/files/r3-2.webp?v=1779865871, https://cdn.shopify.com/s/files/1/0764/8503/4036/files/r4.webp?v=1779865890, https://cdn.shopify.com/s/files/1/0764/8503/4036/files/r5.webp?v=1779865906","","","","","","","","","0","Hyundai"
"simple","LI-SOLO-LK","Einhell GE-SA Akku-Vertikutierer-Aerifizierer","1","0","visible","Einhell Akku-Vertikutierer-Lüfter GE-SA - Hochwertige Ausführung für optimale Ergebnisse im Garten.","<h3>Einhell Akku-Vertikutierer-Lüfter GE-SA</h3>
Entdecken Sie die professionelle Leistung dieses hochwertigen Gartenwerkzeugs. bietet dieses Gerät optimale Ergebnisse für anspruchsvolle Gartenarbeiten.

Die einfache Öffnung des Häckselwerks ermöglicht eine schnelle und unkomplizierte Wartung des Rotors. Regelmäßige Wartung ist wichtig für die Langlebigkeit und Zuverlässigkeit des Geräts und stellt sicher, dass die Leistung über viele Jahre hinweg konstant bleibt.

Dieses professionelle Gerät überzeugt durch seine robuste Bauweise und die durchdachten technischen Lösungen. Die Kombination aus hoher Leistung, intelligenter Steuerung und benutzerfreundlichem Design macht es zur idealen Wahl für anspruchsvolle Garten- und Landschaftspflegearbeiten.

<strong>Investieren Sie in Qualität und Professionalität - dieses hochwertige Vertikutierer überzeugt durch erstklassige Verarbeitung, innovative Technik und außergewöhnliche Zuverlässigkeit. Perfekt geeignet für anspruchsvolle Garten- und Landschaftspflegeprojekte, bei denen nur das Beste gut genug ist. Mit diesem Gerät sind Sie optimal ausgestattet für alle Herausforderungen moderner Gartenarbeit.</strong>","","","taxable","","1","14","","0","0","","","","","1","","","229.00","Vertikutierer","","","https://cdn.shopify.com/s/files/1/0764/8503/4036/files/e1-2.webp?v=1779866074, https://cdn.shopify.com/s/files/1/0764/8503/4036/files/e4-3.webp?v=1779866124, https://cdn.shopify.com/s/files/1/0764/8503/4036/files/e5-3.webp?v=1779866152, https://cdn.shopify.com/s/files/1/0764/8503/4036/files/e6-2.webp?v=1779866178, https://cdn.shopify.com/s/files/1/0764/8503/4036/files/e7-2.webp?v=1779866216, https://cdn.shopify.com/s/files/1/0764/8503/4036/files/e8-1.webp?v=1779866237, https://cdn.shopify.com/s/files/1/0764/8503/4036/files/e9.webp?v=1779866258","","","","","","","","","0","Einhell"
"simple","ERN-42-KW-LK","Einhell Benzin-Vertikutierer GC-SC 4240 P 4-Takt","1","0","visible","Einhell Benzin-Vertikutierer GC-SC 4240 P - Hochwertige Ausführung für optimale Ergebnisse im Garten.","<h3>Einhell Benzin-Vertikutierer GC-SC 4240 P</h3>
Entdecken Sie die professionelle Leistung dieses hochwertigen Gartenwerkzeugs. bietet dieses Gerät optimale Ergebnisse für anspruchsvolle Gartenarbeiten.

Die einfache Öffnung des Häckselwerks ermöglicht eine schnelle und unkomplizierte Wartung des Rotors. Regelmäßige Wartung ist wichtig für die Langlebigkeit und Zuverlässigkeit des Geräts und stellt sicher, dass die Leistung über viele Jahre hinweg konstant bleibt.

Dieses professionelle Gerät überzeugt durch seine robuste Bauweise und die durchdachten technischen Lösungen. Die Kombination aus hoher Leistung, intelligenter Steuerung und benutzerfreundlichem Design macht es zur idealen Wahl für anspruchsvolle Garten- und Landschaftspflegearbeiten.

<strong>Investieren Sie in Qualität und Professionalität - dieses hochwertige Vertikutierer überzeugt durch erstklassige Verarbeitung, innovative Technik und außergewöhnliche Zuverlässigkeit. Perfekt geeignet für anspruchsvolle Garten- und Landschaftspflegeprojekte, bei denen nur das Beste gut genug ist. Mit diesem Gerät sind Sie optimal ausgestattet für alle Herausforderungen moderner Gartenarbeit.</strong>","","","taxable","","1","13","","0","0","","","","","1","","280.00","339.00","Vertikutierer","","","https://cdn.shopify.com/s/files/1/0764/8503/4036/files/z1-1.webp?v=1779866360, https://cdn.shopify.com/s/files/1/0764/8503/4036/files/z2-2.webp?v=1779866385, https://cdn.shopify.com/s/files/1/0764/8503/4036/files/z3-1.webp?v=1779866428, https://cdn.shopify.com/s/files/1/0764/8503/4036/files/z4-1.webp?v=1779866660, https://cdn.shopify.com/s/files/1/0764/8503/4036/files/z5-1.webp?v=1779866788, https://cdn.shopify.com/s/files/1/0764/8503/4036/files/z6-1.webp?v=1779866808, https://cdn.shopify.com/s/files/1/0764/8503/4036/files/z7-1.webp?v=1779866878","","","","","","","","","0","Einhell"
"simple","RER-SVP-40-G-LK","Stiga Benzin-Vertikutierer SVP 40 G","1","0","visible","Stiga Benzin-Vertikutierer SVP 40 G - Hochwertige Ausführung für optimale Ergebnisse im Garten.","<h3>Stiga Benzin-Vertikutierer SVP 40 G</h3>
Entdecken Sie die professionelle Leistung dieses hochwertigen Gartenwerkzeugs. mit 4 kW Leistung bietet dieses Gerät optimale Ergebnisse für anspruchsvolle Gartenarbeiten.

Die einfache Öffnung des Häckselwerks ermöglicht eine schnelle und unkomplizierte Wartung des Rotors. Regelmäßige Wartung ist wichtig für die Langlebigkeit und Zuverlässigkeit des Geräts und stellt sicher, dass die Leistung über viele Jahre hinweg konstant bleibt.

Dieses professionelle Gerät überzeugt durch seine robuste Bauweise und die durchdachten technischen Lösungen. Die Kombination aus hoher Leistung, intelligenter Steuerung und benutzerfreundlichem Design macht es zur idealen Wahl für anspruchsvolle Garten- und Landschaftspflegearbeiten.
<h4>Technische Highlights:</h4>
<ul>
  <li>
<strong>Leistung:</strong> 4 kW - Optimale Power für professionelle Anwendungen</li>
</ul>
<strong>Investieren Sie in Qualität und Professionalität - dieses hochwertige Vertikutierer überzeugt durch erstklassige Verarbeitung, innovative Technik und außergewöhnliche Zuverlässigkeit. Perfekt geeignet für anspruchsvolle Garten- und Landschaftspflegeprojekte, bei denen nur das Beste gut genug ist. Mit diesem Gerät sind Sie optimal ausgestattet für alle Herausforderungen moderner Gartenarbeit.</strong>","","","taxable","","1","13","","0","0","","","","","1","","","419.00","Vertikutierer","","","https://cdn.shopify.com/s/files/1/0764/8503/4036/files/a1.webp?v=1779867173, https://cdn.shopify.com/s/files/1/0764/8503/4036/files/a2-2.webp?v=1779867205, https://cdn.shopify.com/s/files/1/0764/8503/4036/files/a3-2.webp?v=1779867252, https://cdn.shopify.com/s/files/1/0764/8503/4036/files/a4.webp?v=1779867276, https://cdn.shopify.com/s/files/1/0764/8503/4036/files/a5.webp?v=1779867325, https://cdn.shopify.com/s/files/1/0764/8503/4036/files/a6.webp?v=1779867555, https://cdn.shopify.com/s/files/1/0764/8503/4036/files/a7.webp?v=1779867604, https://cdn.shopify.com/s/files/1/0764/8503/4036/files/a8.webp?v=1779867649","","","","","","","","","0","Stiga"
"simple","GEN-WS-80-Z-LK","WOLF-Garten Schlauchwagen WS 80 Z","1","0","visible","WOLF-Garten Schlauchwagen WS 80 Z - Hochwertige Ausführung für optimale Ergebnisse im Garten.","<h3>WOLF-Garten Schlauchwagen WS 80 Z</h3>
Entdecken Sie die professionelle Leistung dieses hochwertigen Gartenwerkzeugs. bietet dieses Gerät optimale Ergebnisse für anspruchsvolle Gartenarbeiten.

Die einfache Öffnung des Häckselwerks ermöglicht eine schnelle und unkomplizierte Wartung des Rotors. Regelmäßige Wartung ist wichtig für die Langlebigkeit und Zuverlässigkeit des Geräts und stellt sicher, dass die Leistung über viele Jahre hinweg konstant bleibt.

Dieses professionelle Gerät überzeugt durch seine robuste Bauweise und die durchdachten technischen Lösungen. Die Kombination aus hoher Leistung, intelligenter Steuerung und benutzerfreundlichem Design macht es zur idealen Wahl für anspruchsvolle Garten- und Landschaftspflegearbeiten.

<strong>Investieren Sie in Qualität und Professionalität - dieses hochwertige Streugeräte überzeugt durch erstklassige Verarbeitung, innovative Technik und außergewöhnliche Zuverlässigkeit. Perfekt geeignet für anspruchsvolle Garten- und Landschaftspflegeprojekte, bei denen nur das Beste gut genug ist. Mit diesem Gerät sind Sie optimal ausgestattet für alle Herausforderungen moderner Gartenarbeit.</strong>","","","taxable","","1","14","","0","0","","","","","1","","","145.00","Streugeräte","","","https://cdn.shopify.com/s/files/1/0764/8503/4036/files/wolf-garten-ws-80-z-glanzverzinkt-dauerhaft-rostgeschuetzt.webp?v=1779867751","","","","","","","","","0","Wolf-Garten"
"simple","SNOWMASTER-LK","Sonneck Streuwagen Snowmaster","1","0","visible","Sonneck Streuwagen Snowmaster - Hochwertige Ausführung für optimale Ergebnisse im Garten.","<h3>Sonneck Streuwagen Snowmaster</h3>
Entdecken Sie die professionelle Leistung dieses hochwertigen Gartenwerkzeugs. bietet dieses Gerät optimale Ergebnisse für anspruchsvolle Gartenarbeiten.

Die einfache Öffnung des Häckselwerks ermöglicht eine schnelle und unkomplizierte Wartung des Rotors. Regelmäßige Wartung ist wichtig für die Langlebigkeit und Zuverlässigkeit des Geräts und stellt sicher, dass die Leistung über viele Jahre hinweg konstant bleibt.

Dieses professionelle Gerät überzeugt durch seine robuste Bauweise und die durchdachten technischen Lösungen. Die Kombination aus hoher Leistung, intelligenter Steuerung und benutzerfreundlichem Design macht es zur idealen Wahl für anspruchsvolle Garten- und Landschaftspflegearbeiten.

<strong>Investieren Sie in Qualität und Professionalität - dieses hochwertige Streugeräte überzeugt durch erstklassige Verarbeitung, innovative Technik und außergewöhnliche Zuverlässigkeit. Perfekt geeignet für anspruchsvolle Garten- und Landschaftspflegeprojekte, bei denen nur das Beste gut genug ist. Mit diesem Gerät sind Sie optimal ausgestattet für alle Herausforderungen moderner Gartenarbeit.</strong>","","","taxable","","1","14","","0","0","","","","","1","","","81.00","Streugeräte","","","https://cdn.shopify.com/s/files/1/0764/8503/4036/files/image-11.webp?v=1779867815, https://cdn.shopify.com/s/files/1/0764/8503/4036/files/image-12.webp?v=1779867925","","","","","","","","","0","Sonneck"
"simple","121-CLASSIC-9-L-LK","Solo Granulatstreuer 421 Classic 9L","1","0","visible","Solo Granulatstreuer 421 Classic 9 l - Hochwertige Ausführung für optimale Ergebnisse im Garten.","<h3>Solo Granulatstreuer 421 Classic 9 l</h3>
<p>Entdecken Sie die professionelle Leistung dieses hochwertigen Gartenwerkzeugs. bietet dieses Gerät optimale Ergebnisse für anspruchsvolle Gartenarbeiten. Die einfache Öffnung des Häckselwerks ermöglicht eine schnelle und unkomplizierte Wartung des Rotors. Regelmäßige Wartung ist wichtig für die Langlebigkeit und Zuverlässigkeit des Geräts und stellt sicher, dass die Leistung über viele Jahre hinweg konstant bleibt. Dieses professionelle Gerät überzeugt durch seine robuste Bauweise und die durchdachten technischen Lösungen. Die Kombination aus hoher Leistung, intelligenter Steuerung und benutzerfreundlichem Design macht es zur idealen Wahl für anspruchsvolle Garten- und Landschaftspflegearbeiten.</p>
<p><strong>Investieren Sie in Qualität und Professionalität - dieses hochwertige Streugeräte überzeugt durch erstklassige Verarbeitung, innovative Technik und außergewöhnliche Zuverlässigkeit. Perfekt geeignet für anspruchsvolle Garten- und Landschaftspflegeprojekte, bei denen nur das Beste gut genug ist. Mit diesem Gerät sind Sie optimal ausgestattet für alle Herausforderungen moderner Gartenarbeit.</strong></p>","","","taxable","","1","13","","0","0","","","","","1","","","93.00","Streugeräte","","","https://cdn.shopify.com/s/files/1/0764/8503/4036/files/image-10.webp?v=1779879357, https://cdn.shopify.com/s/files/1/0764/8503/4036/files/image-9.webp?v=1779879415","","","","","","","","","0","Solo"
"simple","HANDSCHUHE-LK","Gardena Handstreuer M mit Handschuhen","1","0","visible","Gardena Handstreuer M inkl. Handschuhe - Hochwertige Ausführung für optimale Ergebnisse im Garten.","<h3>Gardena Handstreuer M inkl. Handschuhe</h3>
<p>Entdecken Sie die professionelle Leistung dieses hochwertigen Gartenwerkzeugs. bietet dieses Gerät optimale Ergebnisse für anspruchsvolle Gartenarbeiten. Die einfache Öffnung des Häckselwerks ermöglicht eine schnelle und unkomplizierte Wartung des Rotors. Regelmäßige Wartung ist wichtig für die Langlebigkeit und Zuverlässigkeit des Geräts und stellt sicher, dass die Leistung über viele Jahre hinweg konstant bleibt. Dieses professionelle Gerät überzeugt durch seine robuste Bauweise und die durchdachten technischen Lösungen. Die Kombination aus hoher Leistung, intelligenter Steuerung und benutzerfreundlichem Design macht es zur idealen Wahl für anspruchsvolle Garten- und Landschaftspflegearbeiten.</p>
<p><strong>Investieren Sie in Qualität und Professionalität - dieses hochwertige Streugeräte überzeugt durch erstklassige Verarbeitung, innovative Technik und außergewöhnliche Zuverlässigkeit. Perfekt geeignet für anspruchsvolle Garten- und Landschaftspflegeprojekte, bei denen nur das Beste gut genug ist. Mit diesem Gerät sind Sie optimal ausgestattet für alle Herausforderungen moderner Gartenarbeit.</strong></p>","","","taxable","","1","13","","0","0","","","","","1","","","25.00","Streugeräte","","","https://cdn.shopify.com/s/files/1/0764/8503/4036/files/q1-10.webp?v=1779879482, https://cdn.shopify.com/s/files/1/0764/8503/4036/files/q2-2.webp?v=1779879505, https://cdn.shopify.com/s/files/1/0764/8503/4036/files/q3-3.webp?v=1779879527, https://cdn.shopify.com/s/files/1/0764/8503/4036/files/q4.webp?v=1779879579, https://cdn.shopify.com/s/files/1/0764/8503/4036/files/q5.webp?v=1779879597, https://cdn.shopify.com/s/files/1/0764/8503/4036/files/q6.webp?v=1779879613","","","","","","","","","0","Gardena"
"simple","ADER-100-LK","Texas Streugerät Smart Spreader 100","1","0","visible","Texas Streugerät Smart Spreader 100 - Hochwertige Ausführung für optimale Ergebnisse im Garten.","<h3>Texas Streugerät Smart Spreader 100</h3>
<p>Entdecken Sie die professionelle Leistung dieses hochwertigen Gartenwerkzeugs. bietet dieses Gerät optimale Ergebnisse für anspruchsvolle Gartenarbeiten. Die einfache Öffnung des Häckselwerks ermöglicht eine schnelle und unkomplizierte Wartung des Rotors. Regelmäßige Wartung ist wichtig für die Langlebigkeit und Zuverlässigkeit des Geräts und stellt sicher, dass die Leistung über viele Jahre hinweg konstant bleibt. Dieses professionelle Gerät überzeugt durch seine robuste Bauweise und die durchdachten technischen Lösungen. Die Kombination aus hoher Leistung, intelligenter Steuerung und benutzerfreundlichem Design macht es zur idealen Wahl für anspruchsvolle Garten- und Landschaftspflegearbeiten.</p>
<p><strong>Investieren Sie in Qualität und Professionalität - dieses hochwertige Streugeräte überzeugt durch erstklassige Verarbeitung, innovative Technik und außergewöhnliche Zuverlässigkeit. Perfekt geeignet für anspruchsvolle Garten- und Landschaftspflegeprojekte, bei denen nur das Beste gut genug ist. Mit diesem Gerät sind Sie optimal ausgestattet für alle Herausforderungen moderner Gartenarbeit.</strong></p>","","","taxable","","1","13","","0","0","","","","","1","","","32.00","Streugeräte","","","https://cdn.shopify.com/s/files/1/0764/8503/4036/files/p1-9.webp?v=1779879682, https://cdn.shopify.com/s/files/1/0764/8503/4036/files/p2-1.webp?v=1779879721, https://cdn.shopify.com/s/files/1/0764/8503/4036/files/p3-1.webp?v=1779879739, https://cdn.shopify.com/s/files/1/0764/8503/4036/files/p4-1.webp?v=1779879761, https://cdn.shopify.com/s/files/1/0764/8503/4036/files/p5-1.webp?v=1779879788","","","","","","","","","0","Texas"
"simple","FUR-HANDBETRIEB-LK","Tielbürger Kastenstreuer TM320 inkl. Abdeckung","1","0","visible","Tielbürger Kastenstreuer tm320 – inkl. - Hochwertige Ausführung für optimale Ergebnisse im Garten.","<h3>tielbürger Kastenstreuer tm320 – inkl.</h3>
<p>Entdecken Sie die professionelle Leistung dieses hochwertigen Gartenwerkzeugs. bietet dieses Gerät optimale Ergebnisse für anspruchsvolle Gartenarbeiten. Die einfache Öffnung des Häckselwerks ermöglicht eine schnelle und unkomplizierte Wartung des Rotors. Regelmäßige Wartung ist wichtig für die Langlebigkeit und Zuverlässigkeit des Geräts und stellt sicher, dass die Leistung über viele Jahre hinweg konstant bleibt. Dieses professionelle Gerät überzeugt durch seine robuste Bauweise und die durchdachten technischen Lösungen. Die Kombination aus hoher Leistung, intelligenter Steuerung und benutzerfreundlichem Design macht es zur idealen Wahl für anspruchsvolle Garten- und Landschaftspflegearbeiten.</p>
<p><strong>Investieren Sie in Qualität und Professionalität - dieses hochwertige Streugeräte überzeugt durch erstklassige Verarbeitung, innovative Technik und außergewöhnliche Zuverlässigkeit. Perfekt geeignet für anspruchsvolle Garten- und Landschaftspflegeprojekte, bei denen nur das Beste gut genug ist. Mit diesem Gerät sind Sie optimal ausgestattet für alle Herausforderungen moderner Gartenarbeit.</strong></p>","","","taxable","","1","12","","0","0","","","","","1","","","1191.84","Streugeräte","","","https://cdn.shopify.com/s/files/1/0764/8503/4036/files/i1-9.webp?v=1779880096","","","","","","","","","0","Tielbürger"
"simple","TREUER-LK","STIGA Splitt Anhängerstreuer","1","0","visible","STIGA Splitt Anhängerstreuer - Hochwertige Ausführung für optimale Ergebnisse im Garten.","<h3>STIGA Splitt Anhängerstreuer</h3>
Entdecken Sie die professionelle Leistung dieses hochwertigen Gartenwerkzeugs. bietet dieses Gerät optimale Ergebnisse für anspruchsvolle Gartenarbeiten.

Durch seine praktisches Gewicht von 50 kg zeichnet sich dieses Modell besonders aus. Die durchdachte Konstruktion ermöglicht effiziente Arbeitsabläufe und professionelle Ergebnisse.

Die einfache Öffnung des Häckselwerks ermöglicht eine schnelle und unkomplizierte Wartung des Rotors. Regelmäßige Wartung ist wichtig für die Langlebigkeit und Zuverlässigkeit des Geräts und stellt sicher, dass die Leistung über viele Jahre hinweg konstant bleibt.

Dieses professionelle Gerät überzeugt durch seine robuste Bauweise und die durchdachten technischen Lösungen. Die Kombination aus hoher Leistung, intelligenter Steuerung und benutzerfreundlichem Design macht es zur idealen Wahl für anspruchsvolle Garten- und Landschaftspflegearbeiten.
<h4>Technische Highlights:</h4>
<ul>
  <li>
<strong>Gewicht:</strong> 50 kg - Ausgewogenes Verhältnis von Stabilität und Mobilität</li>
</ul>
<strong>Investieren Sie in Qualität und Professionalität - dieses hochwertige Streugeräte überzeugt durch erstklassige Verarbeitung, innovative Technik und außergewöhnliche Zuverlässigkeit. Perfekt geeignet für anspruchsvolle Garten- und Landschaftspflegeprojekte, bei denen nur das Beste gut genug ist. Mit diesem Gerät sind Sie optimal ausgestattet für alle Herausforderungen moderner Gartenarbeit.</strong>","","","taxable","","1","11","","0","0","","","","","1","","1300.00","1392.30","Streugeräte","","","https://cdn.shopify.com/s/files/1/0764/8503/4036/files/u1-11.webp?v=1779880156","","","","","","","","","0","Stiga"
"simple","DUNGERSTREUER-LK","STIGA Salz- und Düngerstreuer","1","0","visible","STIGA Salz- und Düngerstreuer - Hochwertige Ausführung für optimale Ergebnisse im Garten.","<h3>STIGA Salz- und Düngerstreuer</h3>
<p>Entdecken Sie die professionelle Leistung dieses hochwertigen Gartenwerkzeugs. bietet dieses Gerät optimale Ergebnisse für anspruchsvolle Gartenarbeiten. Die einfache Öffnung des Häckselwerks ermöglicht eine schnelle und unkomplizierte Wartung des Rotors. Regelmäßige Wartung ist wichtig für die Langlebigkeit und Zuverlässigkeit des Geräts und stellt sicher, dass die Leistung über viele Jahre hinweg konstant bleibt. Dieses professionelle Gerät überzeugt durch seine robuste Bauweise und die durchdachten technischen Lösungen. Die Kombination aus hoher Leistung, intelligenter Steuerung und benutzerfreundlichem Design macht es zur idealen Wahl für anspruchsvolle Garten- und Landschaftspflegearbeiten.</p>
<p><strong>Investieren Sie in Qualität und Professionalität - dieses hochwertige Streugeräte überzeugt durch erstklassige Verarbeitung, innovative Technik und außergewöhnliche Zuverlässigkeit. Perfekt geeignet für anspruchsvolle Garten- und Landschaftspflegeprojekte, bei denen nur das Beste gut genug ist. Mit diesem Gerät sind Sie optimal ausgestattet für alle Herausforderungen moderner Gartenarbeit.</strong></p>","","","taxable","","1","13","","0","0","","","","","1","","","254.00","Streugeräte","","","https://cdn.shopify.com/s/files/1/0764/8503/4036/files/y1-11.webp?v=1779880229","","","","","","","","","0","Stiga"
"simple","VORFUHRER-LK","MTD Anhängestreuer 175LB 80kg","1","0","visible","MTD Anhängestreuer 175LB 80 kg Vorführer - Hochwertige Ausführung für optimale Ergebnisse im Garten.","<h3>MTD Anhängestreuer 175LB 80 kg Vorführer</h3>
Entdecken Sie die professionelle Leistung dieses hochwertigen Gartenwerkzeugs. bietet dieses Gerät optimale Ergebnisse für anspruchsvolle Gartenarbeiten.

Durch seine praktisches Gewicht von 80 kg zeichnet sich dieses Modell besonders aus. Die durchdachte Konstruktion ermöglicht effiziente Arbeitsabläufe und professionelle Ergebnisse.

Die einfache Öffnung des Häckselwerks ermöglicht eine schnelle und unkomplizierte Wartung des Rotors. Regelmäßige Wartung ist wichtig für die Langlebigkeit und Zuverlässigkeit des Geräts und stellt sicher, dass die Leistung über viele Jahre hinweg konstant bleibt.

Dieses professionelle Gerät überzeugt durch seine robuste Bauweise und die durchdachten technischen Lösungen. Die Kombination aus hoher Leistung, intelligenter Steuerung und benutzerfreundlichem Design macht es zur idealen Wahl für anspruchsvolle Garten- und Landschaftspflegearbeiten.
<h4>Technische Highlights:</h4>
<ul>
  <li>
<strong>Gewicht:</strong> 80 kg - Ausgewogenes Verhältnis von Stabilität und Mobilität</li>
</ul>
<strong>Investieren Sie in Qualität und Professionalität - dieses hochwertige Streugeräte überzeugt durch erstklassige Verarbeitung, innovative Technik und außergewöhnliche Zuverlässigkeit. Perfekt geeignet für anspruchsvolle Garten- und Landschaftspflegeprojekte, bei denen nur das Beste gut genug ist. Mit diesem Gerät sind Sie optimal ausgestattet für alle Herausforderungen moderner Gartenarbeit.</strong>","","","taxable","","1","13","","0","0","","","","","1","","","372.00","Streugeräte","","","https://cdn.shopify.com/s/files/1/0764/8503/4036/files/t1-12.webp?v=1779880290","","","","","","","","","0","MTD"
"simple","UER-KA-1100-LK","Erco Kastenstreuer KA-1100 Streuwagen","1","0","visible","Erco Kastenstreuer KA-1100 - Hochwertige Ausführung für optimale Ergebnisse im Garten.","<h3>Erco Kastenstreuer KA-1100</h3>
<p>Entdecken Sie die professionelle Leistung dieses hochwertigen Gartenwerkzeugs. bietet dieses Gerät optimale Ergebnisse für anspruchsvolle Gartenarbeiten. Die einfache Öffnung des Häckselwerks ermöglicht eine schnelle und unkomplizierte Wartung des Rotors. Regelmäßige Wartung ist wichtig für die Langlebigkeit und Zuverlässigkeit des Geräts und stellt sicher, dass die Leistung über viele Jahre hinweg konstant bleibt. Dieses professionelle Gerät überzeugt durch seine robuste Bauweise und die durchdachten technischen Lösungen. Die Kombination aus hoher Leistung, intelligenter Steuerung und benutzerfreundlichem Design macht es zur idealen Wahl für anspruchsvolle Garten- und Landschaftspflegearbeiten.</p>
<p> </p>
<p><strong>Investieren Sie in Qualität und Professionalität - dieses hochwertige Streugeräte überzeugt durch erstklassige Verarbeitung, innovative Technik und außergewöhnliche Zuverlässigkeit. Perfekt geeignet für anspruchsvolle Garten- und Landschaftspflegeprojekte, bei denen nur das Beste gut genug ist. Mit diesem Gerät sind Sie optimal ausgestattet für alle Herausforderungen moderner Gartenarbeit.</strong></p>","","","taxable","","1","15","","0","0","","","","","1","","","1274.52","Streugeräte","","","https://cdn.shopify.com/s/files/1/0764/8503/4036/files/r1-15.webp?v=1779880346","","","","","","","","","0","Erco"
"simple","SP-340-FLEX-SELECT-LK","Erco Schleuderstreuer SP-340 Flex-Select Streuer","1","0","visible","Erco Schleuderstreuer SP-340 Flex-Select - 1 - Hochwertige Ausführung für optimale Ergebnisse im Garten.","<h3>Erco Schleuderstreuer SP-340 Flex-Select</h3>
<p>Entdecken Sie die professionelle Leistung dieses hochwertigen Gartenwerkzeugs. bietet dieses Gerät optimale Ergebnisse für anspruchsvolle Gartenarbeiten. Die einfache Öffnung des Häckselwerks ermöglicht eine schnelle und unkomplizierte Wartung des Rotors. Regelmäßige Wartung ist wichtig für die Langlebigkeit und Zuverlässigkeit des Geräts und stellt sicher, dass die Leistung über viele Jahre hinweg konstant bleibt. Dieses professionelle Gerät überzeugt durch seine robuste Bauweise und die durchdachten technischen Lösungen. Die Kombination aus hoher Leistung, intelligenter Steuerung und benutzerfreundlichem Design macht es zur idealen Wahl für anspruchsvolle Garten- und Landschaftspflegearbeiten.</p>
<p><strong>Investieren Sie in Qualität und Professionalität - dieses hochwertige Streugeräte überzeugt durch erstklassige Verarbeitung, innovative Technik und außergewöhnliche Zuverlässigkeit. Perfekt geeignet für anspruchsvolle Garten- und Landschaftspflegeprojekte, bei denen nur das Beste gut genug ist. Mit diesem Gerät sind Sie optimal ausgestattet für alle Herausforderungen moderner Gartenarbeit.</strong></p>","","","taxable","","1","14","","0","0","","","","","1","","428.30","494.00","Streugeräte","","","https://cdn.shopify.com/s/files/1/0764/8503/4036/files/e1-11.webp?v=1779880428","","","","","","","","","0","Erco"
"simple","DUNGER-60-KG-LK","Agri-Fab Handstreuwagen für Salz und Dünger","1","0","visible","Agri-Fab Handstreuwagen für Salz / Dünger, 60 kg - Hochwertige Ausführung für optimale Ergebnisse im Garten.","<h3>Agri-Fab Handstreuwagen für Salz / Dünger, 60 kg</h3>
<p>Entdecken Sie die professionelle Leistung dieses hochwertigen Gartenwerkzeugs. bietet dieses Gerät optimale Ergebnisse für anspruchsvolle Gartenarbeiten. Die einfache Öffnung des Häckselwerks ermöglicht eine schnelle und unkomplizierte Wartung des Rotors. Regelmäßige Wartung ist wichtig für die Langlebigkeit und Zuverlässigkeit des Geräts und stellt sicher, dass die Leistung über viele Jahre hinweg konstant bleibt. Dieses professionelle Gerät überzeugt durch seine robuste Bauweise und die durchdachten technischen Lösungen. Die Kombination aus hoher Leistung, intelligenter Steuerung und benutzerfreundlichem Design macht es zur idealen Wahl für anspruchsvolle Garten- und Landschaftspflegearbeiten.</p>
<p><strong>Investieren Sie in Qualität und Professionalität - dieses hochwertige Streugeräte überzeugt durch erstklassige Verarbeitung, innovative Technik und außergewöhnliche Zuverlässigkeit. Perfekt geeignet für anspruchsvolle Garten- und Landschaftspflegeprojekte, bei denen nur das Beste gut genug ist. Mit diesem Gerät sind Sie optimal ausgestattet für alle Herausforderungen moderner Gartenarbeit.</strong></p>","","","taxable","","1","12","","0","0","","","","","1","","","465.99","Streugeräte","","","https://cdn.shopify.com/s/files/1/0764/8503/4036/files/a1-15.webp?v=1779880557","","","","","","","","","0","Agri-Fab"
"simple","MIT-LADEGERAT-LK","PROREGAL TOMMY Akku-Drucksprühgerät 16L","1","0","visible","PROREGAL TOMMY Akku Drucksprühgerät 16 - Hochwertige Ausführung für optimale Ergebnisse im Garten.","<h3>PROREGAL TOMMY Akku Drucksprühgerät 16</h3>
Entdecken Sie die professionelle Leistung dieses hochwertigen Gartenwerkzeugs. bietet dieses Gerät optimale Ergebnisse für anspruchsvolle Gartenarbeiten.

Die einfache Öffnung des Häckselwerks ermöglicht eine schnelle und unkomplizierte Wartung des Rotors. Regelmäßige Wartung ist wichtig für die Langlebigkeit und Zuverlässigkeit des Geräts und stellt sicher, dass die Leistung über viele Jahre hinweg konstant bleibt.

Dieses professionelle Gerät überzeugt durch seine robuste Bauweise und die durchdachten technischen Lösungen. Die Kombination aus hoher Leistung, intelligenter Steuerung und benutzerfreundlichem Design macht es zur idealen Wahl für anspruchsvolle Garten- und Landschaftspflegearbeiten.

<strong>Investieren Sie in Qualität und Professionalität - dieses hochwertige Sprühgeräte und Spritzgeräte überzeugt durch erstklassige Verarbeitung, innovative Technik und außergewöhnliche Zuverlässigkeit. Perfekt geeignet für anspruchsvolle Garten- und Landschaftspflegeprojekte, bei denen nur das Beste gut genug ist. Mit diesem Gerät sind Sie optimal ausgestattet für alle Herausforderungen moderner Gartenarbeit.</strong>","","","taxable","","1","14","","0","0","","","","","1","","","181.00","Sprühgeräte und Spritzgeräte","","","https://cdn.shopify.com/s/files/1/0764/8503/4036/files/XT9cEszxCf___2b843a6e6c5f01bb1fafa7f989e3ca2b.webp?v=1779880632, https://cdn.shopify.com/s/files/1/0764/8503/4036/files/ZtavdBqSJj___a2c703dc00c9e79b3842881bc97f72c2.webp?v=1779880698","","","","","","","","","0","PROREGAL"
"simple","LI-ON-SOLO-LK","Gloria Akku-Rückensprüher Pro 1200 Li-Ion","1","0","visible","Gloria Akku-Rückensprüher Pro 1200 li-on Solo - Hochwertige Ausführung für optimale Ergebnisse im Garten.","<h3>Gloria Akku-Rückensprüher Pro 1200 li-on Solo</h3>
<p>Entdecken Sie die professionelle Leistung dieses hochwertigen Gartenwerkzeugs. bietet dieses Gerät optimale Ergebnisse für anspruchsvolle Gartenarbeiten. Die einfache Öffnung des Häckselwerks ermöglicht eine schnelle und unkomplizierte Wartung des Rotors. Regelmäßige Wartung ist wichtig für die Langlebigkeit und Zuverlässigkeit des Geräts und stellt sicher, dass die Leistung über viele Jahre hinweg konstant bleibt. Dieses professionelle Gerät überzeugt durch seine robuste Bauweise und die durchdachten technischen Lösungen. Die Kombination aus hoher Leistung, intelligenter Steuerung und benutzerfreundlichem Design macht es zur idealen Wahl für anspruchsvolle Garten- und Landschaftspflegearbeiten.</p>
<p><strong>Investieren Sie in Qualität und Professionalität - dieses hochwertige Sprühgeräte und Spritzgeräte überzeugt durch erstklassige Verarbeitung, innovative Technik und außergewöhnliche Zuverlässigkeit. Perfekt geeignet für anspruchsvolle Garten- und Landschaftspflegeprojekte, bei denen nur das Beste gut genug ist. Mit diesem Gerät sind Sie optimal ausgestattet für alle Herausforderungen moderner Gartenarbeit.</strong></p>","","","taxable","","1","14","","0","0","","","","","1","","","168.00","Sprühgeräte und Spritzgeräte","","","https://cdn.shopify.com/s/files/1/0764/8503/4036/files/image-3.webp?v=1779880779, https://cdn.shopify.com/s/files/1/0764/8503/4036/files/image-4.webp?v=1779880803, https://cdn.shopify.com/s/files/1/0764/8503/4036/files/image-5.webp?v=1779880847, https://cdn.shopify.com/s/files/1/0764/8503/4036/files/image-6.webp?v=1779880884, https://cdn.shopify.com/s/files/1/0764/8503/4036/files/image-7.webp?v=1779880936, https://cdn.shopify.com/s/files/1/0764/8503/4036/files/image-8.webp?v=1779880982","","","","","","","","","0","Gloria"
"simple","MIT-6-BAR-12-L-LK","Mesto Rückenspritze 3552 12L 6bar","1","0","visible","Rückenspritze Mesto 3552 mit 6 bar 12 l - Hochwertige Ausführung für optimale Ergebnisse im Garten.","<h3>Rückenspritze Mesto 3552 mit 6 bar 12 l</h3>
<p>Entdecken Sie die professionelle Leistung dieses hochwertigen Gartenwerkzeugs. bietet dieses Gerät optimale Ergebnisse für anspruchsvolle Gartenarbeiten. Die einfache Öffnung des Häckselwerks ermöglicht eine schnelle und unkomplizierte Wartung des Rotors. Regelmäßige Wartung ist wichtig für die Langlebigkeit und Zuverlässigkeit des Geräts und stellt sicher, dass die Leistung über viele Jahre hinweg konstant bleibt. Dieses professionelle Gerät überzeugt durch seine robuste Bauweise und die durchdachten technischen Lösungen. Die Kombination aus hoher Leistung, intelligenter Steuerung und benutzerfreundlichem Design macht es zur idealen Wahl für anspruchsvolle Garten- und Landschaftspflegearbeiten.</p>
<p><strong>Investieren Sie in Qualität und Professionalität - dieses hochwertige Sprühgeräte und Spritzgeräte überzeugt durch erstklassige Verarbeitung, innovative Technik und außergewöhnliche Zuverlässigkeit. Perfekt geeignet für anspruchsvolle Garten- und Landschaftspflegeprojekte, bei denen nur das Beste gut genug ist. Mit diesem Gerät sind Sie optimal ausgestattet für alle Herausforderungen moderner Gartenarbeit.</strong></p>","","","taxable","","1","13","","0","0","","","","","1","","","105.00","Sprühgeräte und Spritzgeräte","","","https://cdn.shopify.com/s/files/1/0764/8503/4036/files/image.webp?v=1779881091, https://cdn.shopify.com/s/files/1/0764/8503/4036/files/image-1.webp?v=1779881133, https://cdn.shopify.com/s/files/1/0764/8503/4036/files/image-2.webp?v=1779881116","","","","","","","","","0","Mesto"
"simple","15-BIS-25-BAR-LK","Gloria Akku-Kompressor Garten-Sprühgerät","1","0","visible","Gloria Akku Kompressor Garten-Sprühgerät - Hochwertige Ausführung für optimale Ergebnisse im Garten.","<h3>Gloria Akku Kompressor Garten-Sprühgerät</h3>
<p>Entdecken Sie die professionelle Leistung dieses hochwertigen Gartenwerkzeugs. bietet dieses Gerät optimale Ergebnisse für anspruchsvolle Gartenarbeiten. Die einfache Öffnung des Häckselwerks ermöglicht eine schnelle und unkomplizierte Wartung des Rotors. Regelmäßige Wartung ist wichtig für die Langlebigkeit und Zuverlässigkeit des Geräts und stellt sicher, dass die Leistung über viele Jahre hinweg konstant bleibt. Dieses professionelle Gerät überzeugt durch seine robuste Bauweise und die durchdachten technischen Lösungen. Die Kombination aus hoher Leistung, intelligenter Steuerung und benutzerfreundlichem Design macht es zur idealen Wahl für anspruchsvolle Garten- und Landschaftspflegearbeiten.</p>
<p><strong>Investieren Sie in Qualität und Professionalität - dieses hochwertige Sprühgeräte und Spritzgeräte überzeugt durch erstklassige Verarbeitung, innovative Technik und außergewöhnliche Zuverlässigkeit. Perfekt geeignet für anspruchsvolle Garten- und Landschaftspflegeprojekte, bei denen nur das Beste gut genug ist. Mit diesem Gerät sind Sie optimal ausgestattet für alle Herausforderungen moderner Gartenarbeit.</strong></p>","","","taxable","","1","13","","0","0","","","","","1","","","70.00","Sprühgeräte und Spritzgeräte","","","https://cdn.shopify.com/s/files/1/0764/8503/4036/files/q1-9.webp?v=1779881234, https://cdn.shopify.com/s/files/1/0764/8503/4036/files/q3-1.webp?v=1779881270, https://cdn.shopify.com/s/files/1/0764/8503/4036/files/q2-1.webp?v=1779881316","","","","","","","","","0","Gloria"
"simple","SR-450-LK","STIHL Rückensprühgerät SR 450","1","0","visible","STIHL Sprühgerät SR 450 - Hochwertige Ausführung für optimale Ergebnisse im Garten.","<h3>STIHL Sprühgerät SR 450</h3>
<p>Entdecken Sie die professionelle Leistung dieses hochwertigen Gartenwerkzeugs. bietet dieses Gerät optimale Ergebnisse für anspruchsvolle Gartenarbeiten. Die einfache Öffnung des Häckselwerks ermöglicht eine schnelle und unkomplizierte Wartung des Rotors. Regelmäßige Wartung ist wichtig für die Langlebigkeit und Zuverlässigkeit des Geräts und stellt sicher, dass die Leistung über viele Jahre hinweg konstant bleibt. Dieses professionelle Gerät überzeugt durch seine robuste Bauweise und die durchdachten technischen Lösungen. Die Kombination aus hoher Leistung, intelligenter Steuerung und benutzerfreundlichem Design macht es zur idealen Wahl für anspruchsvolle Garten- und Landschaftspflegearbeiten.</p>
<p><strong>Investieren Sie in Qualität und Professionalität - dieses hochwertige Sprühgeräte und Spritzgeräte überzeugt durch erstklassige Verarbeitung, innovative Technik und außergewöhnliche Zuverlässigkeit. Perfekt geeignet für anspruchsvolle Garten- und Landschaftspflegeprojekte, bei denen nur das Beste gut genug ist. Mit diesem Gerät sind Sie optimal ausgestattet für alle Herausforderungen moderner Gartenarbeit.</strong></p>","","","taxable","","1","12","","0","0","","","","","1","","","720.00","Sprühgeräte und Spritzgeräte","","","https://cdn.shopify.com/s/files/1/0764/8503/4036/files/o1-8.webp?v=1779881402","","","","","","","","","0","STIHL"
"simple","RAT-SR-430-LK","STIHL Rückensprühgerät SR 430","1","0","visible","STIHL Sprühgerät SR 430 - Hochwertige Ausführung für optimale Ergebnisse im Garten.","<h3>STIHL Sprühgerät SR 430</h3>
<p>Entdecken Sie die professionelle Leistung dieses hochwertigen Gartenwerkzeugs. bietet dieses Gerät optimale Ergebnisse für anspruchsvolle Gartenarbeiten. Die einfache Öffnung des Häckselwerks ermöglicht eine schnelle und unkomplizierte Wartung des Rotors. Regelmäßige Wartung ist wichtig für die Langlebigkeit und Zuverlässigkeit des Geräts und stellt sicher, dass die Leistung über viele Jahre hinweg konstant bleibt. Dieses professionelle Gerät überzeugt durch seine robuste Bauweise und die durchdachten technischen Lösungen. Die Kombination aus hoher Leistung, intelligenter Steuerung und benutzerfreundlichem Design macht es zur idealen Wahl für anspruchsvolle Garten- und Landschaftspflegearbeiten.</p>
<p><strong>Investieren Sie in Qualität und Professionalität - dieses hochwertige Sprühgeräte und Spritzgeräte überzeugt durch erstklassige Verarbeitung, innovative Technik und außergewöhnliche Zuverlässigkeit. Perfekt geeignet für anspruchsvolle Garten- und Landschaftspflegeprojekte, bei denen nur das Beste gut genug ist. Mit diesem Gerät sind Sie optimal ausgestattet für alle Herausforderungen moderner Gartenarbeit.</strong></p>","","","taxable","","1","15","","0","0","","","","","1","","699.99","730.00","Sprühgeräte und Spritzgeräte","","","https://cdn.shopify.com/s/files/1/0764/8503/4036/files/i1-8.webp?v=1779881470","","","","","","","","","0","STIHL"
"simple","RAT-SG-51-12L-LK","STIHL Spritzgerät SG 51 12L Drucksprüher","1","0","visible","STIHL Sprühgerät Spritzgerät SG 51, 12l - Hochwertige Ausführung für optimale Ergebnisse im Garten.","<h3>STIHL Sprühgerät Spritzgerät SG 51, 12l</h3>
<p>Entdecken Sie die professionelle Leistung dieses hochwertigen Gartenwerkzeugs. bietet dieses Gerät optimale Ergebnisse für anspruchsvolle Gartenarbeiten. Die einfache Öffnung des Häckselwerks ermöglicht eine schnelle und unkomplizierte Wartung des Rotors. Regelmäßige Wartung ist wichtig für die Langlebigkeit und Zuverlässigkeit des Geräts und stellt sicher, dass die Leistung über viele Jahre hinweg konstant bleibt. Dieses professionelle Gerät überzeugt durch seine robuste Bauweise und die durchdachten technischen Lösungen. Die Kombination aus hoher Leistung, intelligenter Steuerung und benutzerfreundlichem Design macht es zur idealen Wahl für anspruchsvolle Garten- und Landschaftspflegearbeiten.</p>
<p><strong>Investieren Sie in Qualität und Professionalität - dieses hochwertige Sprühgeräte und Spritzgeräte überzeugt durch erstklassige Verarbeitung, innovative Technik und außergewöhnliche Zuverlässigkeit. Perfekt geeignet für anspruchsvolle Garten- und Landschaftspflegeprojekte, bei denen nur das Beste gut genug ist. Mit diesem Gerät sind Sie optimal ausgestattet für alle Herausforderungen moderner Gartenarbeit.</strong></p>","","","taxable","","1","14","","0","0","","","","","1","","","123.00","Sprühgeräte und Spritzgeräte","","","https://cdn.shopify.com/s/files/1/0764/8503/4036/files/u1-10.webp?v=1779881614","","","","","","","","","0","STIHL"
"simple","RAT-SGA-85-LK","STIHL Akku-Spritzgerät SGA 85","1","0","visible","STIHL Akku-Spritzgerät SGA 85 | 406mm. Professionelle Qualität für den sprühgeräte und spritzgeräte.","<h3>STIHL Akku-Spritzgerät SGA 85</h3>
Entdecken Sie die professionelle Leistung dieses hochwertigen Gartenwerkzeugs. bietet dieses Gerät optimale Ergebnisse für anspruchsvolle Gartenarbeiten.

Durch seine kompakte Arbeitsbreite von nur 606 mm, praktisches Gewicht von 2 kg zeichnet sich dieses Modell besonders aus. Die durchdachte Konstruktion ermöglicht effiziente Arbeitsabläufe und professionelle Ergebnisse.

Die einfache Öffnung des Häckselwerks ermöglicht eine schnelle und unkomplizierte Wartung des Rotors. Regelmäßige Wartung ist wichtig für die Langlebigkeit und Zuverlässigkeit des Geräts und stellt sicher, dass die Leistung über viele Jahre hinweg konstant bleibt.

Dieses professionelle Gerät überzeugt durch seine robuste Bauweise und die durchdachten technischen Lösungen. Die Kombination aus hoher Leistung, intelligenter Steuerung und benutzerfreundlichem Design macht es zur idealen Wahl für anspruchsvolle Garten- und Landschaftspflegearbeiten.
<h4>Technische Highlights:</h4>
<ul>
  <li>
<strong>Arbeitsbreite:</strong> 606 mm - Kompakt und wendig für verschiedene Einsatzbereiche</li>
  <li>
<strong>Gewicht:</strong> 2 kg - Ausgewogenes Verhältnis von Stabilität und Mobilität</li>
</ul>
<strong>Investieren Sie in Qualität und Professionalität - dieses hochwertige Sprühgeräte und Spritzgeräte überzeugt durch erstklassige Verarbeitung, innovative Technik und außergewöhnliche Zuverlässigkeit. Perfekt geeignet für anspruchsvolle Garten- und Landschaftspflegeprojekte, bei denen nur das Beste gut genug ist. Mit diesem Gerät sind Sie optimal ausgestattet für alle Herausforderungen moderner Gartenarbeit.</strong>","","","taxable","","1","14","","0","0","","","","","1","","","480.00","Sprühgeräte und Spritzgeräte","","","https://cdn.shopify.com/s/files/1/0764/8503/4036/files/y1-10.webp?v=1779881740","","","","","","","","","0","STIHL"
"simple","ECO-SPRAYER-LK","Eurosystems Motorkarrenspritze Eco Sprayer","1","0","visible","Eurosystems Motorkarrenspritze Eco Sprayer - Hochwertige Ausführung für optimale Ergebnisse im Garten.","<h3>Eurosystems Motorkarrenspritze Eco Sprayer</h3>
<p>Entdecken Sie die professionelle Leistung dieses hochwertigen Gartenwerkzeugs. bietet dieses Gerät optimale Ergebnisse für anspruchsvolle Gartenarbeiten. Die einfache Öffnung des Häckselwerks ermöglicht eine schnelle und unkomplizierte Wartung des Rotors. Regelmäßige Wartung ist wichtig für die Langlebigkeit und Zuverlässigkeit des Geräts und stellt sicher, dass die Leistung über viele Jahre hinweg konstant bleibt. Dieses professionelle Gerät überzeugt durch seine robuste Bauweise und die durchdachten technischen Lösungen. Die Kombination aus hoher Leistung, intelligenter Steuerung und benutzerfreundlichem Design macht es zur idealen Wahl für anspruchsvolle Garten- und Landschaftspflegearbeiten.</p>
<p><strong>Investieren Sie in Qualität und Professionalität - dieses hochwertige Sprühgeräte und Spritzgeräte überzeugt durch erstklassige Verarbeitung, innovative Technik und außergewöhnliche Zuverlässigkeit. Perfekt geeignet für anspruchsvolle Garten- und Landschaftspflegeprojekte, bei denen nur das Beste gut genug ist. Mit diesem Gerät sind Sie optimal ausgestattet für alle Herausforderungen moderner Gartenarbeit.</strong></p>","","","taxable","","1","14","","0","0","","","","","1","","","878.00","Sprühgeräte und Spritzgeräte","","","https://cdn.shopify.com/s/files/1/0764/8503/4036/files/t1-11.webp?v=1779881797","","","","","","","","","0","Eurosystems"
"simple","SPRAYER-BS-LK","Eurosystems Motorkarrenspritze Carry Sprayer","1","0","visible","Eurosystems Motorkarrenspritze Carry Sprayer (B&S) - Hochwertige Ausführung für optimale Ergebnisse im Garten.","<h3>Eurosystems Motorkarrenspritze Carry Sprayer (B&amp;S)</h3>
<p>Entdecken Sie die professionelle Leistung dieses hochwertigen Gartenwerkzeugs. Ausgestattet mit einem leistungsstarken Series 675-Motor bietet dieses Gerät optimale Ergebnisse für anspruchsvolle Gartenarbeiten. Die einfache Öffnung des Häckselwerks ermöglicht eine schnelle und unkomplizierte Wartung des Rotors. Regelmäßige Wartung ist wichtig für die Langlebigkeit und Zuverlässigkeit des Geräts und stellt sicher, dass die Leistung über viele Jahre hinweg konstant bleibt. Dieses professionelle Gerät überzeugt durch seine robuste Bauweise und die durchdachten technischen Lösungen. Die Kombination aus hoher Leistung, intelligenter Steuerung und benutzerfreundlichem Design macht es zur idealen Wahl für anspruchsvolle Garten- und Landschaftspflegearbeiten.</p>
<h4>Technische Highlights:</h4>
<ul>
<li>
<strong>Motor:</strong> Series 675 - Zuverlässiger Antrieb für höchste Ansprüche</li>
</ul>
<p><strong>Investieren Sie in Qualität und Professionalität - dieses hochwertige Sprühgeräte und Spritzgeräte überzeugt durch erstklassige Verarbeitung, innovative Technik und außergewöhnliche Zuverlässigkeit. Perfekt geeignet für anspruchsvolle Garten- und Landschaftspflegeprojekte, bei denen nur das Beste gut genug ist. Mit diesem Gerät sind Sie optimal ausgestattet für alle Herausforderungen moderner Gartenarbeit.</strong></p>","","","taxable","","1","13","","0","0","","","","","1","","2370.99","2448.00","Sprühgeräte und Spritzgeräte","","","https://cdn.shopify.com/s/files/1/0764/8503/4036/files/r1-14.webp?v=1779881905","","","","","","","","","0","Eurosystems"
"simple","18-10-LI-SOLO-LK","Einhell Power X-Change Akku-System 18V","1","0","visible","Einhell Power X-Change - Hochwertige Ausführung für optimale Ergebnisse im Garten.","<h3>Einhell Power X-Change</h3>
<p>Entdecken Sie die professionelle Leistung dieses hochwertigen Gartenwerkzeugs. bietet dieses Gerät optimale Ergebnisse für anspruchsvolle Gartenarbeiten. Die einfache Öffnung des Häckselwerks ermöglicht eine schnelle und unkomplizierte Wartung des Rotors. Regelmäßige Wartung ist wichtig für die Langlebigkeit und Zuverlässigkeit des Geräts und stellt sicher, dass die Leistung über viele Jahre hinweg konstant bleibt. Dieses professionelle Gerät überzeugt durch seine robuste Bauweise und die durchdachten technischen Lösungen. Die Kombination aus hoher Leistung, intelligenter Steuerung und benutzerfreundlichem Design macht es zur idealen Wahl für anspruchsvolle Garten- und Landschaftspflegearbeiten.</p>
<p><strong>Investieren Sie in Qualität und Professionalität - dieses hochwertige Sprühgeräte und Spritzgeräte überzeugt durch erstklassige Verarbeitung, innovative Technik und außergewöhnliche Zuverlässigkeit. Perfekt geeignet für anspruchsvolle Garten- und Landschaftspflegeprojekte, bei denen nur das Beste gut genug ist. Mit diesem Gerät sind Sie optimal ausgestattet für alle Herausforderungen moderner Gartenarbeit.</strong></p>","","","taxable","","1","13","","0","0","","","","","1","","","52.00","Sprühgeräte und Spritzgeräte","","","https://cdn.shopify.com/s/files/1/0764/8503/4036/files/e1-10.webp?v=1779882111, https://cdn.shopify.com/s/files/1/0764/8503/4036/files/e2-1.webp?v=1779882165, https://cdn.shopify.com/s/files/1/0764/8503/4036/files/e3-1.webp?v=1779882196, https://cdn.shopify.com/s/files/1/0764/8503/4036/files/e4-1.webp?v=1779882212, https://cdn.shopify.com/s/files/1/0764/8503/4036/files/e5-1.webp?v=1779882271","","","","","","","","","0","Einhell"
"simple","00E-50-CM-LK","EGO Rückensprühgerät BSP3500E 50cm","1","0","visible","EGO Rückensprühgerät BSP3500E, 50 cm - Hochwertige Ausführung für optimale Ergebnisse im Garten.","<h3>EGO Rückensprühgerät BSP3500E, 50 cm</h3>
<p>Entdecken Sie die professionelle Leistung dieses hochwertigen Gartenwerkzeugs. bietet dieses Gerät optimale Ergebnisse für anspruchsvolle Gartenarbeiten. Die einfache Öffnung des Häckselwerks ermöglicht eine schnelle und unkomplizierte Wartung des Rotors. Regelmäßige Wartung ist wichtig für die Langlebigkeit und Zuverlässigkeit des Geräts und stellt sicher, dass die Leistung über viele Jahre hinweg konstant bleibt. Dieses professionelle Gerät überzeugt durch seine robuste Bauweise und die durchdachten technischen Lösungen. Die Kombination aus hoher Leistung, intelligenter Steuerung und benutzerfreundlichem Design macht es zur idealen Wahl für anspruchsvolle Garten- und Landschaftspflegearbeiten.</p>
<p><strong>Investieren Sie in Qualität und Professionalität - dieses hochwertige Sprühgeräte und Spritzgeräte überzeugt durch erstklassige Verarbeitung, innovative Technik und außergewöhnliche Zuverlässigkeit. Perfekt geeignet für anspruchsvolle Garten- und Landschaftspflegeprojekte, bei denen nur das Beste gut genug ist. Mit diesem Gerät sind Sie optimal ausgestattet für alle Herausforderungen moderner Gartenarbeit.</strong></p>","","","taxable","","1","13","","0","0","","","","","1","","","370.00","Sprühgeräte und Spritzgeräte","","","https://cdn.shopify.com/s/files/1/0764/8503/4036/files/z1-16.webp?v=1779882362","","","","","","","","","0","EGO"
"simple","MIT-3-BAR-LK","Gloria Drucksprüher Prima 3 mit 3 bar","1","0","visible","Gloria Drucksprüher Prima 3 mit 3 bar - Hochwertige Ausführung für optimale Ergebnisse im Garten.","<h3>Gloria Drucksprüher Prima 3 mit 3 bar</h3>
<p>Entdecken Sie die professionelle Leistung dieses hochwertigen Gartenwerkzeugs. bietet dieses Gerät optimale Ergebnisse für anspruchsvolle Gartenarbeiten. Die einfache Öffnung des Häckselwerks ermöglicht eine schnelle und unkomplizierte Wartung des Rotors. Regelmäßige Wartung ist wichtig für die Langlebigkeit und Zuverlässigkeit des Geräts und stellt sicher, dass die Leistung über viele Jahre hinweg konstant bleibt. Dieses professionelle Gerät überzeugt durch seine robuste Bauweise und die durchdachten technischen Lösungen. Die Kombination aus hoher Leistung, intelligenter Steuerung und benutzerfreundlichem Design macht es zur idealen Wahl für anspruchsvolle Garten- und Landschaftspflegearbeiten.</p>
<p><strong>Investieren Sie in Qualität und Professionalität - dieses hochwertige Sprühgeräte und Spritzgeräte überzeugt durch erstklassige Verarbeitung, innovative Technik und außergewöhnliche Zuverlässigkeit. Perfekt geeignet für anspruchsvolle Garten- und Landschaftspflegeprojekte, bei denen nur das Beste gut genug ist. Mit diesem Gerät sind Sie optimal ausgestattet für alle Herausforderungen moderner Gartenarbeit.</strong></p>","","","taxable","","1","14","","0","0","","","","","1","","","21.00","Sprühgeräte und Spritzgeräte","","","https://cdn.shopify.com/s/files/1/0764/8503/4036/files/a1-14.webp?v=1779882635, https://cdn.shopify.com/s/files/1/0764/8503/4036/files/a2.webp?v=1779882812, https://cdn.shopify.com/s/files/1/0764/8503/4036/files/a3.webp?v=1779882997","","","","","","","","","0","Gloria"
"simple","HER-SMART-3200-LK","Texas Elektro-Rasenmäher Smart 3200","1","0","visible","Texas Elektro-Rasenmäher Smart 3200 - Hochwertige Ausführung für optimale Ergebnisse im Garten.","<h3>Texas Elektro-Rasenmäher Smart 3200</h3>
Entdecken Sie die professionelle Leistung dieses hochwertigen Gartenwerkzeugs. bietet dieses Gerät optimale Ergebnisse für anspruchsvolle Gartenarbeiten.

Durch seine kompakte Arbeitsbreite von nur 25 mm zeichnet sich dieses Modell besonders aus. Die durchdachte Konstruktion ermöglicht effiziente Arbeitsabläufe und professionelle Ergebnisse.

Die einfache Öffnung des Häckselwerks ermöglicht eine schnelle und unkomplizierte Wartung des Rotors. Regelmäßige Wartung ist wichtig für die Langlebigkeit und Zuverlässigkeit des Geräts und stellt sicher, dass die Leistung über viele Jahre hinweg konstant bleibt.

Dieses professionelle Gerät überzeugt durch seine robuste Bauweise und die durchdachten technischen Lösungen. Die Kombination aus hoher Leistung, intelligenter Steuerung und benutzerfreundlichem Design macht es zur idealen Wahl für anspruchsvolle Garten- und Landschaftspflegearbeiten.
<h4>Technische Highlights:</h4>
<ul>
  <li>
<strong>Arbeitsbreite:</strong> 25 mm - Kompakt und wendig für verschiedene Einsatzbereiche</li>
</ul>
<strong>Investieren Sie in Qualität und Professionalität - dieses hochwertige Rasenmäher überzeugt durch erstklassige Verarbeitung, innovative Technik und außergewöhnliche Zuverlässigkeit. Perfekt geeignet für anspruchsvolle Garten- und Landschaftspflegeprojekte, bei denen nur das Beste gut genug ist. Mit diesem Gerät sind Sie optimal ausgestattet für alle Herausforderungen moderner Gartenarbeit.</strong>","","","taxable","","1","14","","0","0","","","","","1","","","109.00","Rasenmäher","","","https://cdn.shopify.com/s/files/1/0764/8503/4036/files/g1-7.webp?v=1779883084, https://cdn.shopify.com/s/files/1/0764/8503/4036/files/g2.webp?v=1779883158, https://cdn.shopify.com/s/files/1/0764/8503/4036/files/g3.webp?v=1779883181, https://cdn.shopify.com/s/files/1/0764/8503/4036/files/g4.webp?v=1779883206","","","","","","","","","0","Texas"
"simple","GP-CM-36-52-S-LI-BL-LK","Einhell Akku-Rasenmäher GP-CM 36/52 S Li-BL 36V","1","0","visible","Einhell Akku-Rasenmäher GP-CM 36/52 S Li-BL - Hochwertige Ausführung für optimale Ergebnisse im Garten.","<h3>Einhell Akku-Rasenmäher GP-CM 36/52 S Li-BL</h3>
<p>Entdecken Sie die professionelle Leistung dieses hochwertigen Gartenwerkzeugs. bietet dieses Gerät optimale Ergebnisse für anspruchsvolle Gartenarbeiten. Die einfache Öffnung des Häckselwerks ermöglicht eine schnelle und unkomplizierte Wartung des Rotors. Regelmäßige Wartung ist wichtig für die Langlebigkeit und Zuverlässigkeit des Geräts und stellt sicher, dass die Leistung über viele Jahre hinweg konstant bleibt. Dieses professionelle Gerät überzeugt durch seine robuste Bauweise und die durchdachten technischen Lösungen. Die Kombination aus hoher Leistung, intelligenter Steuerung und benutzerfreundlichem Design macht es zur idealen Wahl für anspruchsvolle Garten- und Landschaftspflegearbeiten.</p>
<p><strong>Investieren Sie in Qualität und Professionalität - dieses hochwertige Rasenmäher überzeugt durch erstklassige Verarbeitung, innovative Technik und außergewöhnliche Zuverlässigkeit. Perfekt geeignet für anspruchsvolle Garten- und Landschaftspflegeprojekte, bei denen nur das Beste gut genug ist. Mit diesem Gerät sind Sie optimal ausgestattet für alle Herausforderungen moderner Gartenarbeit.</strong></p>","","","taxable","","1","14","","0","0","","","","","1","","","720.00","Rasenmäher","","","https://cdn.shopify.com/s/files/1/0764/8503/4036/files/f1-8.webp?v=1779883468, https://cdn.shopify.com/s/files/1/0764/8503/4036/files/f2.webp?v=1779883930, https://cdn.shopify.com/s/files/1/0764/8503/4036/files/f3.webp?v=1779884068, https://cdn.shopify.com/s/files/1/0764/8503/4036/files/f4.webp?v=1779884123, https://cdn.shopify.com/s/files/1/0764/8503/4036/files/f5.webp?v=1779884170, https://cdn.shopify.com/s/files/1/0764/8503/4036/files/f6.webp?v=1779884196","","","","","","","","","0","Einhell"
"simple","AKKU-4-0-AH-LK","Litheli U20 Akku-Rasenmäher 20V EGT010157","1","0","visible","Litheli U20 Akku-Rasenmäher 20 V EGT010157 - Hochwertige Ausführung für optimale Ergebnisse im Garten.","<h3>Litheli U20 Akku-Rasenmäher 20 V EGT010157</h3>
Entdecken Sie die professionelle Leistung dieses hochwertigen Gartenwerkzeugs. Ausgestattet mit einem leistungsstarken Der kompakte Rasenmäher ist mit einem kraftvollen-Motor bietet dieses Gerät optimale Ergebnisse für anspruchsvolle Gartenarbeiten.

Die einfache Öffnung des Häckselwerks ermöglicht eine schnelle und unkomplizierte Wartung des Rotors. Regelmäßige Wartung ist wichtig für die Langlebigkeit und Zuverlässigkeit des Geräts und stellt sicher, dass die Leistung über viele Jahre hinweg konstant bleibt.

Dieses professionelle Gerät überzeugt durch seine robuste Bauweise und die durchdachten technischen Lösungen. Die Kombination aus hoher Leistung, intelligenter Steuerung und benutzerfreundlichem Design macht es zur idealen Wahl für anspruchsvolle Garten- und Landschaftspflegearbeiten.
<h4>Technische Highlights:</h4>
<ul>
  <li>
<strong>Motor:</strong> Der kompakte Rasenmäher ist mit einem kraftvollen - Zuverlässiger Antrieb für höchste Ansprüche</li>
</ul>
<strong>Investieren Sie in Qualität und Professionalität - dieses hochwertige Rasenmäher überzeugt durch erstklassige Verarbeitung, innovative Technik und außergewöhnliche Zuverlässigkeit. Perfekt geeignet für anspruchsvolle Garten- und Landschaftspflegeprojekte, bei denen nur das Beste gut genug ist. Mit diesem Gerät sind Sie optimal ausgestattet für alle Herausforderungen moderner Gartenarbeit.</strong>","","","taxable","","1","13","","0","0","","","","","1","","120.00","149.00","Rasenmäher","","","https://cdn.shopify.com/s/files/1/0764/8503/4036/files/d1-8.webp?v=1779884430, https://cdn.shopify.com/s/files/1/0764/8503/4036/files/d2.webp?v=1779884482, https://cdn.shopify.com/s/files/1/0764/8503/4036/files/d3.webp?v=1779884549, https://cdn.shopify.com/s/files/1/0764/8503/4036/files/d4.webp?v=1779884605, https://cdn.shopify.com/s/files/1/0764/8503/4036/files/d5.webp?v=1779884667","","","","","","","","","0","Litheli"
"simple","HER-CW-M800-LK","CARTIWELL Ferngesteuerter Motor-Rasenmäher","1","0","visible","CARTIWELL Ferngesteuerter Motor-Rasenmäher - Hochwertige Ausführung für optimale Ergebnisse im Garten.","<h3>CARTIWELL Ferngesteuerter Motor-Rasenmäher</h3>
Entdecken Sie die professionelle Leistung dieses hochwertigen Gartenwerkzeugs. bietet dieses Gerät optimale Ergebnisse für anspruchsvolle Gartenarbeiten.

Durch seine kompakte Arbeitsbreite von nur 150 mm zeichnet sich dieses Modell besonders aus. Die durchdachte Konstruktion ermöglicht effiziente Arbeitsabläufe und professionelle Ergebnisse.

Die einfache Öffnung des Häckselwerks ermöglicht eine schnelle und unkomplizierte Wartung des Rotors. Regelmäßige Wartung ist wichtig für die Langlebigkeit und Zuverlässigkeit des Geräts und stellt sicher, dass die Leistung über viele Jahre hinweg konstant bleibt.

Dieses professionelle Gerät überzeugt durch seine robuste Bauweise und die durchdachten technischen Lösungen. Die Kombination aus hoher Leistung, intelligenter Steuerung und benutzerfreundlichem Design macht es zur idealen Wahl für anspruchsvolle Garten- und Landschaftspflegearbeiten.
<h4>Technische Highlights:</h4>
<ul>
  <li>
<strong>Arbeitsbreite:</strong> 150 mm - Kompakt und wendig für verschiedene Einsatzbereiche</li>
</ul>
<strong>Investieren Sie in Qualität und Professionalität - dieses hochwertige Rasenmäher überzeugt durch erstklassige Verarbeitung, innovative Technik und außergewöhnliche Zuverlässigkeit. Perfekt geeignet für anspruchsvolle Garten- und Landschaftspflegeprojekte, bei denen nur das Beste gut genug ist. Mit diesem Gerät sind Sie optimal ausgestattet für alle Herausforderungen moderner Gartenarbeit.</strong>","","","taxable","","1","13","","0","0","","","","","1","","","3824.15","Rasenmäher","","","https://cdn.shopify.com/s/files/1/0764/8503/4036/files/s1-6.webp?v=1779885069, https://cdn.shopify.com/s/files/1/0764/8503/4036/files/s2.webp?v=1779885111, https://cdn.shopify.com/s/files/1/0764/8503/4036/files/s3.webp?v=1779885157, https://cdn.shopify.com/s/files/1/0764/8503/4036/files/s4.webp?v=1779885204, https://cdn.shopify.com/s/files/1/0764/8503/4036/files/s5.webp?v=1779885250","","","","","","","","","0","CARTIWELL"
"simple","RASARRO-36-42-LK","Einhell Akku-Rasenmäher Rasarro 36/42 36V","1","0","visible","Einhell Akku-Rasenmäher Rasarro 36/42 - Hochwertige Ausführung für optimale Ergebnisse im Garten.","<h3>Einhell Akku-Rasenmäher Rasarro 36/42</h3>
<p>Entdecken Sie die professionelle Leistung dieses hochwertigen Gartenwerkzeugs. bietet dieses Gerät optimale Ergebnisse für anspruchsvolle Gartenarbeiten. Die einfache Öffnung des Häckselwerks ermöglicht eine schnelle und unkomplizierte Wartung des Rotors. Regelmäßige Wartung ist wichtig für die Langlebigkeit und Zuverlässigkeit des Geräts und stellt sicher, dass die Leistung über viele Jahre hinweg konstant bleibt. Dieses professionelle Gerät überzeugt durch seine robuste Bauweise und die durchdachten technischen Lösungen. Die Kombination aus hoher Leistung, intelligenter Steuerung und benutzerfreundlichem Design macht es zur idealen Wahl für anspruchsvolle Garten- und Landschaftspflegearbeiten.</p>
<p><strong>Investieren Sie in Qualität und Professionalität - dieses hochwertige Rasenmäher überzeugt durch erstklassige Verarbeitung, innovative Technik und außergewöhnliche Zuverlässigkeit. Perfekt geeignet für anspruchsvolle Garten- und Landschaftspflegeprojekte, bei denen nur das Beste gut genug ist. Mit diesem Gerät sind Sie optimal ausgestattet für alle Herausforderungen moderner Gartenarbeit.</strong></p>","","","taxable","","1","14","","0","0","","","","","1","","","310.00","Rasenmäher","","","https://cdn.shopify.com/s/files/1/0764/8503/4036/files/p1-8.webp?v=1779885359, https://cdn.shopify.com/s/files/1/0764/8503/4036/files/p2.webp?v=1779885403, https://cdn.shopify.com/s/files/1/0764/8503/4036/files/p3.webp?v=1779885460, https://cdn.shopify.com/s/files/1/0764/8503/4036/files/p4.webp?v=1779885556, https://cdn.shopify.com/s/files/1/0764/8503/4036/files/p5.webp?v=1779885640, https://cdn.shopify.com/s/files/1/0764/8503/4036/files/p6.webp?v=1779885667","","","","","","","","","0","Einhell"
"simple","EN-BIS-200-M-LK","YARD FORCE Akku-Rasenmäher LM C38A-EU","1","0","visible","YARD FORCE Akku-Rasenmäher LM C38A-EU für - Hochwertige Ausführung für optimale Ergebnisse im Garten.","<h3>YARD FORCE Akku-Rasenmäher LM C38A-EU für</h3>
<p>Entdecken Sie die professionelle Leistung dieses hochwertigen Gartenwerkzeugs. bietet dieses Gerät optimale Ergebnisse für anspruchsvolle Gartenarbeiten. Die einfache Öffnung des Häckselwerks ermöglicht eine schnelle und unkomplizierte Wartung des Rotors. Regelmäßige Wartung ist wichtig für die Langlebigkeit und Zuverlässigkeit des Geräts und stellt sicher, dass die Leistung über viele Jahre hinweg konstant bleibt. Dieses professionelle Gerät überzeugt durch seine robuste Bauweise und die durchdachten technischen Lösungen. Die Kombination aus hoher Leistung, intelligenter Steuerung und benutzerfreundlichem Design macht es zur idealen Wahl für anspruchsvolle Garten- und Landschaftspflegearbeiten.</p>
<p><strong>Investieren Sie in Qualität und Professionalität - dieses hochwertige Rasenmäher überzeugt durch erstklassige Verarbeitung, innovative Technik und außergewöhnliche Zuverlässigkeit. Perfekt geeignet für anspruchsvolle Garten- und Landschaftspflegeprojekte, bei denen nur das Beste gut genug ist. Mit diesem Gerät sind Sie optimal ausgestattet für alle Herausforderungen moderner Gartenarbeit.</strong></p>","","","taxable","","1","13","","0","0","","","","","1","","","145.00","Rasenmäher","","","https://cdn.shopify.com/s/files/1/0764/8503/4036/files/o1-7.webp?v=1779886185, https://cdn.shopify.com/s/files/1/0764/8503/4036/files/o2.webp?v=1779886220, https://cdn.shopify.com/s/files/1/0764/8503/4036/files/o3.webp?v=1779886263, https://cdn.shopify.com/s/files/1/0764/8503/4036/files/o4.webp?v=1779886339, https://cdn.shopify.com/s/files/1/0764/8503/4036/files/o5.webp?v=1779886365","","","","","","","","","0","YARD FORCE"
"simple","COMBI-553-S-LK","Stiga Benzin-Rasenmäher Combi 553 S","1","0","visible","Stiga Benzin-Rasenmäher COMBI 553 S - Hochwertige Ausführung für optimale Ergebnisse im Garten.","<h3>Stiga Benzin-Rasenmäher COMBI 553 S</h3>
Entdecken Sie die professionelle Leistung dieses hochwertigen Gartenwerkzeugs. Ausgestattet mit einem leistungsstarken ermöglicht der COMBI 553 S einen komfortablen Start-Motor mit 2,6 kW Leistung bietet dieses Gerät optimale Ergebnisse für anspruchsvolle Gartenarbeiten.

Die einfache Öffnung des Häckselwerks ermöglicht eine schnelle und unkomplizierte Wartung des Rotors. Regelmäßige Wartung ist wichtig für die Langlebigkeit und Zuverlässigkeit des Geräts und stellt sicher, dass die Leistung über viele Jahre hinweg konstant bleibt.

Dieses professionelle Gerät überzeugt durch seine robuste Bauweise und die durchdachten technischen Lösungen. Die Kombination aus hoher Leistung, intelligenter Steuerung und benutzerfreundlichem Design macht es zur idealen Wahl für anspruchsvolle Garten- und Landschaftspflegearbeiten.
<h4>Technische Highlights:</h4>
<ul>
  <li>
<strong>Motor:</strong> ermöglicht der COMBI 553 S einen komfortablen Start - Zuverlässiger Antrieb für höchste Ansprüche</li>
  <li>
<strong>Leistung:</strong> 2,6 kW - Optimale Power für professionelle Anwendungen</li>
</ul>
<strong>Investieren Sie in Qualität und Professionalität - dieses hochwertige Rasenmäher überzeugt durch erstklassige Verarbeitung, innovative Technik und außergewöhnliche Zuverlässigkeit. Perfekt geeignet für anspruchsvolle Garten- und Landschaftspflegeprojekte, bei denen nur das Beste gut genug ist. Mit diesem Gerät sind Sie optimal ausgestattet für alle Herausforderungen moderner Gartenarbeit.</strong>","","","taxable","","1","13","","0","0","","","","","1","","","352.00","Rasenmäher","","","https://cdn.shopify.com/s/files/1/0764/8503/4036/files/i1-7.webp?v=1779886576, https://cdn.shopify.com/s/files/1/0764/8503/4036/files/i2.webp?v=1779886596, https://cdn.shopify.com/s/files/1/0764/8503/4036/files/i3.webp?v=1779886614, https://cdn.shopify.com/s/files/1/0764/8503/4036/files/i4.webp?v=1779886632, https://cdn.shopify.com/s/files/1/0764/8503/4036/files/i5.webp?v=1779886678","","","","","","","","","0","Stiga"
"simple","18V-POWER-FOR-ALL-SOLO-LK","Gardena Akku-Rasenmäher PowerMax 32/18V","1","0","visible","Gardena Akku-Rasenmäher PowerMax 32/18V - Hochwertige Ausführung für optimale Ergebnisse im Garten.","<h3>Gardena Akku-Rasenmäher PowerMax 32/18V</h3>
Entdecken Sie die professionelle Leistung dieses hochwertigen Gartenwerkzeugs. Ausgestattet mit einem leistungsstarken Der kompakte Rasenmäher ist mit einem kraftvollen-Motor bietet dieses Gerät optimale Ergebnisse für anspruchsvolle Gartenarbeiten.

Die einfache Öffnung des Häckselwerks ermöglicht eine schnelle und unkomplizierte Wartung des Rotors. Regelmäßige Wartung ist wichtig für die Langlebigkeit und Zuverlässigkeit des Geräts und stellt sicher, dass die Leistung über viele Jahre hinweg konstant bleibt.

Dieses professionelle Gerät überzeugt durch seine robuste Bauweise und die durchdachten technischen Lösungen. Die Kombination aus hoher Leistung, intelligenter Steuerung und benutzerfreundlichem Design macht es zur idealen Wahl für anspruchsvolle Garten- und Landschaftspflegearbeiten.
<h4>Technische Highlights:</h4>
<ul>
  <li>
<strong>Motor:</strong> Der kompakte Rasenmäher ist mit einem kraftvollen - Zuverlässiger Antrieb für höchste Ansprüche</li>
</ul>
<strong>Investieren Sie in Qualität und Professionalität - dieses hochwertige Rasenmäher überzeugt durch erstklassige Verarbeitung, innovative Technik und außergewöhnliche Zuverlässigkeit. Perfekt geeignet für anspruchsvolle Garten- und Landschaftspflegeprojekte, bei denen nur das Beste gut genug ist. Mit diesem Gerät sind Sie optimal ausgestattet für alle Herausforderungen moderner Gartenarbeit.</strong>","","","taxable","","1","14","","0","0","","","","","1","","","130.00","Rasenmäher","","","https://cdn.shopify.com/s/files/1/0764/8503/4036/files/u1-9.webp?v=1779890813, https://cdn.shopify.com/s/files/1/0764/8503/4036/files/u2-1.webp?v=1779890850, https://cdn.shopify.com/s/files/1/0764/8503/4036/files/u3.webp?v=1779891167, https://cdn.shopify.com/s/files/1/0764/8503/4036/files/u4.webp?v=1779891187, https://cdn.shopify.com/s/files/1/0764/8503/4036/files/u5.webp?v=1779891237, https://cdn.shopify.com/s/files/1/0764/8503/4036/files/u6.webp?v=1779891255, https://cdn.shopify.com/s/files/1/0764/8503/4036/files/u7.webp?v=1779891277","","","","","","","","","0","Gardena"
"simple","1-X-20-V-AKKU-LK","LUX-TOOLS 20V Akku-Rasenmäher","1","0","visible","LUX-TOOLS 20 V Akku-Rasenmäher 1 - Hochwertige Ausführung für optimale Ergebnisse im Garten.","<h3>LUX-TOOLS 20 V Akku-Rasenmäher 1</h3>
Entdecken Sie die professionelle Leistung dieses hochwertigen Gartenwerkzeugs. bietet dieses Gerät optimale Ergebnisse für anspruchsvolle Gartenarbeiten.

Durch seine kompakte Arbeitsbreite von nur 25 mm zeichnet sich dieses Modell besonders aus. Die durchdachte Konstruktion ermöglicht effiziente Arbeitsabläufe und professionelle Ergebnisse.

Die einfache Öffnung des Häckselwerks ermöglicht eine schnelle und unkomplizierte Wartung des Rotors. Regelmäßige Wartung ist wichtig für die Langlebigkeit und Zuverlässigkeit des Geräts und stellt sicher, dass die Leistung über viele Jahre hinweg konstant bleibt.

Dieses professionelle Gerät überzeugt durch seine robuste Bauweise und die durchdachten technischen Lösungen. Die Kombination aus hoher Leistung, intelligenter Steuerung und benutzerfreundlichem Design macht es zur idealen Wahl für anspruchsvolle Garten- und Landschaftspflegearbeiten.
<h4>Technische Highlights:</h4>
<ul>
  <li>
<strong>Arbeitsbreite:</strong> 25 mm - Kompakt und wendig für verschiedene Einsatzbereiche</li>
</ul>
<strong>Investieren Sie in Qualität und Professionalität - dieses hochwertige Rasenmäher überzeugt durch erstklassige Verarbeitung, innovative Technik und außergewöhnliche Zuverlässigkeit. Perfekt geeignet für anspruchsvolle Garten- und Landschaftspflegeprojekte, bei denen nur das Beste gut genug ist. Mit diesem Gerät sind Sie optimal ausgestattet für alle Herausforderungen moderner Gartenarbeit.</strong>","","","taxable","","1","13","","0","0","","","","","1","","","124.00","Rasenmäher","","","https://cdn.shopify.com/s/files/1/0764/8503/4036/files/y1-9.webp?v=1779891367, https://cdn.shopify.com/s/files/1/0764/8503/4036/files/y2-1.webp?v=1779891395, https://cdn.shopify.com/s/files/1/0764/8503/4036/files/y3.webp?v=1779891429, https://cdn.shopify.com/s/files/1/0764/8503/4036/files/y4.webp?v=1779891468, https://cdn.shopify.com/s/files/1/0764/8503/4036/files/y5.webp?v=1779891529","","","","","","","","","0","LUX-TOOLS"
"simple","AKKU-UND-LADEGERAT-LK","Bosch Akku-Rasenmäher CityMower 18V-32","1","0","visible","Bosch Akku-Rasenmäher CityMower 18V-32 - Hochwertige Ausführung für optimale Ergebnisse im Garten.","<h3>Bosch Akku-Rasenmäher CityMower 18V-32</h3>
Entdecken Sie die professionelle Leistung dieses hochwertigen Gartenwerkzeugs. Ausgestattet mit einem leistungsstarken sorgt zudem für eine herausragende Leistung-Motor bietet dieses Gerät optimale Ergebnisse für anspruchsvolle Gartenarbeiten.

Die einfache Öffnung des Häckselwerks ermöglicht eine schnelle und unkomplizierte Wartung des Rotors. Regelmäßige Wartung ist wichtig für die Langlebigkeit und Zuverlässigkeit des Geräts und stellt sicher, dass die Leistung über viele Jahre hinweg konstant bleibt.

Dieses professionelle Gerät überzeugt durch seine robuste Bauweise und die durchdachten technischen Lösungen. Die Kombination aus hoher Leistung, intelligenter Steuerung und benutzerfreundlichem Design macht es zur idealen Wahl für anspruchsvolle Garten- und Landschaftspflegearbeiten.
<h4>Technische Highlights:</h4>
<ul>
  <li>
<strong>Motor:</strong> sorgt zudem für eine herausragende Leistung - Zuverlässiger Antrieb für höchste Ansprüche</li>
</ul>
<strong>Investieren Sie in Qualität und Professionalität - dieses hochwertige Rasenmäher überzeugt durch erstklassige Verarbeitung, innovative Technik und außergewöhnliche Zuverlässigkeit. Perfekt geeignet für anspruchsvolle Garten- und Landschaftspflegeprojekte, bei denen nur das Beste gut genug ist. Mit diesem Gerät sind Sie optimal ausgestattet für alle Herausforderungen moderner Gartenarbeit.</strong>","","","taxable","","1","13","","0","0","","","","","1","","","199.00","Rasenmäher","","","https://cdn.shopify.com/s/files/1/0764/8503/4036/files/t1-10.webp?v=1779891873, https://cdn.shopify.com/s/files/1/0764/8503/4036/files/t2.webp?v=1779891631, https://cdn.shopify.com/s/files/1/0764/8503/4036/files/t3.webp?v=1779891650, https://cdn.shopify.com/s/files/1/0764/8503/4036/files/t4.webp?v=1779891756, https://cdn.shopify.com/s/files/1/0764/8503/4036/files/t5.webp?v=1779891793, https://cdn.shopify.com/s/files/1/0764/8503/4036/files/t6.webp?v=1779891830","","","","","","","","","0","Bosch"
"simple","RASENMAHER-GC-EM-1232-LK","Einhell Elektro-Rasenmäher GC-EM 1232 1200W","1","0","visible","Einhell Elektro-Rasenmäher GC-EM 1232 - Hochwertige Ausführung für optimale Ergebnisse im Garten.","<h3>Einhell Elektro-Rasenmäher GC-EM 1232</h3>
Entdecken Sie die professionelle Leistung dieses hochwertigen Gartenwerkzeugs. bietet dieses Gerät optimale Ergebnisse für anspruchsvolle Gartenarbeiten.

Die einfache Öffnung des Häckselwerks ermöglicht eine schnelle und unkomplizierte Wartung des Rotors. Regelmäßige Wartung ist wichtig für die Langlebigkeit und Zuverlässigkeit des Geräts und stellt sicher, dass die Leistung über viele Jahre hinweg konstant bleibt.

Dieses professionelle Gerät überzeugt durch seine robuste Bauweise und die durchdachten technischen Lösungen. Die Kombination aus hoher Leistung, intelligenter Steuerung und benutzerfreundlichem Design macht es zur idealen Wahl für anspruchsvolle Garten- und Landschaftspflegearbeiten.

<strong>Investieren Sie in Qualität und Professionalität - dieses hochwertige Rasenmäher überzeugt durch erstklassige Verarbeitung, innovative Technik und außergewöhnliche Zuverlässigkeit. Perfekt geeignet für anspruchsvolle Garten- und Landschaftspflegeprojekte, bei denen nur das Beste gut genug ist. Mit diesem Gerät sind Sie optimal ausgestattet für alle Herausforderungen moderner Gartenarbeit.</strong>","","","taxable","","1","14","","0","0","","","","","1","","","87.00","Rasenmäher","","","https://cdn.shopify.com/s/files/1/0764/8503/4036/files/r1-13.webp?v=1779891932, https://cdn.shopify.com/s/files/1/0764/8503/4036/files/r2.webp?v=1779891952, https://cdn.shopify.com/s/files/1/0764/8503/4036/files/r3.webp?v=1779891970, https://cdn.shopify.com/s/files/1/0764/8503/4036/files/r5-1.webp?v=1779891995, https://cdn.shopify.com/s/files/1/0764/8503/4036/files/r6.webp?v=1779892016, https://cdn.shopify.com/s/files/1/0764/8503/4036/files/r7.webp?v=1779892053","","","","","","","","","0","Einhell"
"simple","HER-B-RM-51-A-B-LK","LUX-TOOLS Benzin-Rasenmäher B-RM-51-A B","1","0","visible","LUX-TOOLS Benzin-Rasenmäher B-RM-51-A B - Hochwertige Ausführung für optimale Ergebnisse im Garten.","<h3>LUX-TOOLS Benzin-Rasenmäher B-RM-51-A B</h3>
Entdecken Sie die professionelle Leistung dieses hochwertigen Gartenwerkzeugs. bietet dieses Gerät optimale Ergebnisse für anspruchsvolle Gartenarbeiten.

Die einfache Öffnung des Häckselwerks ermöglicht eine schnelle und unkomplizierte Wartung des Rotors. Regelmäßige Wartung ist wichtig für die Langlebigkeit und Zuverlässigkeit des Geräts und stellt sicher, dass die Leistung über viele Jahre hinweg konstant bleibt.

Dieses professionelle Gerät überzeugt durch seine robuste Bauweise und die durchdachten technischen Lösungen. Die Kombination aus hoher Leistung, intelligenter Steuerung und benutzerfreundlichem Design macht es zur idealen Wahl für anspruchsvolle Garten- und Landschaftspflegearbeiten.

<strong>Investieren Sie in Qualität und Professionalität - dieses hochwertige Rasenmäher überzeugt durch erstklassige Verarbeitung, innovative Technik und außergewöhnliche Zuverlässigkeit. Perfekt geeignet für anspruchsvolle Garten- und Landschaftspflegeprojekte, bei denen nur das Beste gut genug ist. Mit diesem Gerät sind Sie optimal ausgestattet für alle Herausforderungen moderner Gartenarbeit.</strong>","","","taxable","","1","13","","0","0","","","","","1","","","249.00","Rasenmäher","","","https://cdn.shopify.com/s/files/1/0764/8503/4036/files/e1-9.webp?v=1779892141, https://cdn.shopify.com/s/files/1/0764/8503/4036/files/e2.webp?v=1779892176, https://cdn.shopify.com/s/files/1/0764/8503/4036/files/e3.webp?v=1779892224, https://cdn.shopify.com/s/files/1/0764/8503/4036/files/e4.webp?v=1779892277, https://cdn.shopify.com/s/files/1/0764/8503/4036/files/e5.webp?v=1779892320, https://cdn.shopify.com/s/files/1/0764/8503/4036/files/e6.webp?v=1779892380, https://cdn.shopify.com/s/files/1/0764/8503/4036/files/e7.webp?v=1779892408","","","","","","","","","0","LUX-TOOLS"
"simple","20V-AKKUS-LK","LUX-TOOLS 40V Akku-Rasenmäher","1","0","visible","LUX-TOOLS 40V Akku-Rasenmäher 1 - Hochwertige Ausführung für optimale Ergebnisse im Garten.","<h3>LUX-TOOLS 40V Akku-Rasenmäher 1</h3>
<p>Entdecken Sie die professionelle Leistung dieses hochwertigen Gartenwerkzeugs. bietet dieses Gerät optimale Ergebnisse für anspruchsvolle Gartenarbeiten. Die einfache Öffnung des Häckselwerks ermöglicht eine schnelle und unkomplizierte Wartung des Rotors. Regelmäßige Wartung ist wichtig für die Langlebigkeit und Zuverlässigkeit des Geräts und stellt sicher, dass die Leistung über viele Jahre hinweg konstant bleibt. Dieses professionelle Gerät überzeugt durch seine robuste Bauweise und die durchdachten technischen Lösungen. Die Kombination aus hoher Leistung, intelligenter Steuerung und benutzerfreundlichem Design macht es zur idealen Wahl für anspruchsvolle Garten- und Landschaftspflegearbeiten.</p>
<p><strong>Investieren Sie in Qualität und Professionalität - dieses hochwertige Rasenmäher überzeugt durch erstklassige Verarbeitung, innovative Technik und außergewöhnliche Zuverlässigkeit. Perfekt geeignet für anspruchsvolle Garten- und Landschaftspflegeprojekte, bei denen nur das Beste gut genug ist. Mit diesem Gerät sind Sie optimal ausgestattet für alle Herausforderungen moderner Gartenarbeit.</strong></p>","","","taxable","","1","14","","0","0","","","","","1","","","269.00","Rasenmäher","","","https://cdn.shopify.com/s/files/1/0764/8503/4036/files/z1-15.webp?v=1779892503, https://cdn.shopify.com/s/files/1/0764/8503/4036/files/z2.webp?v=1779892547, https://cdn.shopify.com/s/files/1/0764/8503/4036/files/z3.webp?v=1779892566, https://cdn.shopify.com/s/files/1/0764/8503/4036/files/z4.webp?v=1779892591, https://cdn.shopify.com/s/files/1/0764/8503/4036/files/z5.webp?v=1779892673, https://cdn.shopify.com/s/files/1/0764/8503/4036/files/z6.webp?v=1779892694, https://cdn.shopify.com/s/files/1/0764/8503/4036/files/z7.webp?v=1779892716, https://cdn.shopify.com/s/files/1/0764/8503/4036/files/z8.webp?v=1779892779","","","","","","","","","0","LUX-TOOLS"
"simple","NUR-GRUNDGERAT-LK","Agria Wiesenmäher 5300 Grundgerät","1","0","visible","Agria Wiesenmäher 5300 – nur Grundgerät - Hochwertige Ausführung für optimale Ergebnisse im Garten.","<h3>Agria Wiesenmäher 5300 – nur Grundgerät</h3>
<p>Entdecken Sie die professionelle Leistung dieses hochwertigen Gartenwerkzeugs. Ausgestattet mit einem leistungsstarken 4-Motor mit 4,8 kW Leistung bietet dieses Gerät optimale Ergebnisse für anspruchsvolle Gartenarbeiten. Die einfache Öffnung des Häckselwerks ermöglicht eine schnelle und unkomplizierte Wartung des Rotors. Regelmäßige Wartung ist wichtig für die Langlebigkeit und Zuverlässigkeit des Geräts und stellt sicher, dass die Leistung über viele Jahre hinweg konstant bleibt. Dieses professionelle Gerät überzeugt durch seine robuste Bauweise und die durchdachten technischen Lösungen. Die Kombination aus hoher Leistung, intelligenter Steuerung und benutzerfreundlichem Design macht es zur idealen Wahl für anspruchsvolle Garten- und Landschaftspflegearbeiten.</p>
<h4>Technische Highlights:</h4>
<ul>
<li>
<strong>Motor:</strong> 4 - Zuverlässiger Antrieb für höchste Ansprüche</li>
<li>
<strong>Leistung:</strong> 4,8 kW - Optimale Power für professionelle Anwendungen</li>
</ul>
<p><strong>Investieren Sie in Qualität und Professionalität - dieses hochwertige Rasenmäher überzeugt durch erstklassige Verarbeitung, innovative Technik und außergewöhnliche Zuverlässigkeit. Perfekt geeignet für anspruchsvolle Garten- und Landschaftspflegeprojekte, bei denen nur das Beste gut genug ist. Mit diesem Gerät sind Sie optimal ausgestattet für alle Herausforderungen moderner Gartenarbeit.</strong></p>","","","taxable","","1","13","","0","0","","","","","1","","4050.00","4156.50","Rasenmäher","","","https://cdn.shopify.com/s/files/1/0764/8503/4036/files/a1-13.webp?v=1779892875","","","","","","","","","0","Agria"
"simple","INKL-AKKU-LADEGERAT-LK","Honda Akku-Rasentrimmer HHT36 BXB inkl. Akku","1","0","visible","Honda Akku-Rasentrimmer HHT36 BXB – inkl. - Hochwertige Ausführung für optimale Ergebnisse im Garten.","<h3>Honda Akku-Rasentrimmer HHT36 BXB – inkl.</h3>
Entdecken Sie die professionelle Leistung dieses hochwertigen Gartenwerkzeugs. bietet dieses Gerät optimale Ergebnisse für anspruchsvolle Gartenarbeiten.

Die einfache Öffnung des Häckselwerks ermöglicht eine schnelle und unkomplizierte Wartung des Rotors. Regelmäßige Wartung ist wichtig für die Langlebigkeit und Zuverlässigkeit des Geräts und stellt sicher, dass die Leistung über viele Jahre hinweg konstant bleibt.

Dieses professionelle Gerät überzeugt durch seine robuste Bauweise und die durchdachten technischen Lösungen. Die Kombination aus hoher Leistung, intelligenter Steuerung und benutzerfreundlichem Design macht es zur idealen Wahl für anspruchsvolle Garten- und Landschaftspflegearbeiten.

<strong>Investieren Sie in Qualität und Professionalität - dieses hochwertige Motorsensen &amp; Freischneider überzeugt durch erstklassige Verarbeitung, innovative Technik und außergewöhnliche Zuverlässigkeit. Perfekt geeignet für anspruchsvolle Garten- und Landschaftspflegeprojekte, bei denen nur das Beste gut genug ist. Mit diesem Gerät sind Sie optimal ausgestattet für alle Herausforderungen moderner Gartenarbeit.</strong>","","","taxable","","1","13","","0","0","","","","","1","","280.00","302.00","Motorsensen & Freischneider","","","https://cdn.shopify.com/s/files/1/0764/8503/4036/files/f1-7.webp?v=1779892931","","","","","","","","","0","Honda"
"simple","KKU-LADEGERAT-LK","Herkules Akku-Rasentrimmer GT 40V ohne Akku","1","0","visible","Herkules Akku-Rasentrimmer GT 40V – ohne - Hochwertige Ausführung für optimale Ergebnisse im Garten.","<h3>Herkules Akku-Rasentrimmer GT 40V – ohne</h3>
Entdecken Sie die professionelle Leistung dieses hochwertigen Gartenwerkzeugs. bietet dieses Gerät optimale Ergebnisse für anspruchsvolle Gartenarbeiten.

Durch seine kompakte Arbeitsbreite von nur 6 mm zeichnet sich dieses Modell besonders aus. Die durchdachte Konstruktion ermöglicht effiziente Arbeitsabläufe und professionelle Ergebnisse.

Die einfache Öffnung des Häckselwerks ermöglicht eine schnelle und unkomplizierte Wartung des Rotors. Regelmäßige Wartung ist wichtig für die Langlebigkeit und Zuverlässigkeit des Geräts und stellt sicher, dass die Leistung über viele Jahre hinweg konstant bleibt.

Dieses professionelle Gerät überzeugt durch seine robuste Bauweise und die durchdachten technischen Lösungen. Die Kombination aus hoher Leistung, intelligenter Steuerung und benutzerfreundlichem Design macht es zur idealen Wahl für anspruchsvolle Garten- und Landschaftspflegearbeiten.
<h4>Technische Highlights:</h4>
<ul>
  <li>
<strong>Arbeitsbreite:</strong> 6 mm - Kompakt und wendig für verschiedene Einsatzbereiche</li>
</ul>
<strong>Investieren Sie in Qualität und Professionalität - dieses hochwertige Motorsensen &amp; Freischneider überzeugt durch erstklassige Verarbeitung, innovative Technik und außergewöhnliche Zuverlässigkeit. Perfekt geeignet für anspruchsvolle Garten- und Landschaftspflegeprojekte, bei denen nur das Beste gut genug ist. Mit diesem Gerät sind Sie optimal ausgestattet für alle Herausforderungen moderner Gartenarbeit.</strong>","","","taxable","","1","13","","0","0","","","","","1","","","127.00","Motorsensen & Freischneider","","","https://cdn.shopify.com/s/files/1/0764/8503/4036/files/d1-7.webp?v=1779892970","","","","","","","","","0","Herkules"
"simple","LADEGERAT-LK","EGO Rasentrimmer BCX4500 ohne Akku und Ladegerät","1","0","visible","EGO Rasentrimmer BCX4500 – ohne Akku & Ladegerät - Hochwertige Ausführung für optimale Ergebnisse im Garten.","<h3>EGO Rasentrimmer BCX4500 – ohne Akku &amp; Ladegerät</h3>
<p>Entdecken Sie die professionelle Leistung dieses hochwertigen Gartenwerkzeugs. bietet dieses Gerät optimale Ergebnisse für anspruchsvolle Gartenarbeiten. Die einfache Öffnung des Häckselwerks ermöglicht eine schnelle und unkomplizierte Wartung des Rotors. Regelmäßige Wartung ist wichtig für die Langlebigkeit und Zuverlässigkeit des Geräts und stellt sicher, dass die Leistung über viele Jahre hinweg konstant bleibt. Dieses professionelle Gerät überzeugt durch seine robuste Bauweise und die durchdachten technischen Lösungen. Die Kombination aus hoher Leistung, intelligenter Steuerung und benutzerfreundlichem Design macht es zur idealen Wahl für anspruchsvolle Garten- und Landschaftspflegearbeiten.</p>
<p><strong>Investieren Sie in Qualität und Professionalität - dieses hochwertige Motorsensen &amp; Freischneider überzeugt durch erstklassige Verarbeitung, innovative Technik und außergewöhnliche Zuverlässigkeit. Perfekt geeignet für anspruchsvolle Garten- und Landschaftspflegeprojekte, bei denen nur das Beste gut genug ist. Mit diesem Gerät sind Sie optimal ausgestattet für alle Herausforderungen moderner Gartenarbeit.</strong></p>","","","taxable","","1","13","","0","0","","","","","1","","430.15","473.00","Motorsensen & Freischneider","","","https://cdn.shopify.com/s/files/1/0764/8503/4036/files/s1-5.webp?v=1779893011","","","","","","","","","0","EGO"
"simple","ERGO-PRO-LK","ECHO Schultergurt ERGO-PRO","1","0","visible","ECHO Schultergurt ERGO-PRO - Hochwertige Ausführung für optimale Ergebnisse im Garten.","<h3>ECHO Schultergurt ERGO-PRO</h3>
<p>Entdecken Sie die professionelle Leistung dieses hochwertigen Gartenwerkzeugs. bietet dieses Gerät optimale Ergebnisse für anspruchsvolle Gartenarbeiten. Die einfache Öffnung des Häckselwerks ermöglicht eine schnelle und unkomplizierte Wartung des Rotors. Regelmäßige Wartung ist wichtig für die Langlebigkeit und Zuverlässigkeit des Geräts und stellt sicher, dass die Leistung über viele Jahre hinweg konstant bleibt. Dieses professionelle Gerät überzeugt durch seine robuste Bauweise und die durchdachten technischen Lösungen. Die Kombination aus hoher Leistung, intelligenter Steuerung und benutzerfreundlichem Design macht es zur idealen Wahl für anspruchsvolle Garten- und Landschaftspflegearbeiten.</p>
<p><strong>Investieren Sie in Qualität und Professionalität - dieses hochwertige Motorsensen &amp; Freischneider überzeugt durch erstklassige Verarbeitung, innovative Technik und außergewöhnliche Zuverlässigkeit. Perfekt geeignet für anspruchsvolle Garten- und Landschaftspflegeprojekte, bei denen nur das Beste gut genug ist. Mit diesem Gerät sind Sie optimal ausgestattet für alle Herausforderungen moderner Gartenarbeit.</strong></p>","","","taxable","","1","13","","0","0","","","","","1","","","103.00","Motorsensen & Freischneider","","","https://cdn.shopify.com/s/files/1/0764/8503/4036/files/q1-7.webp?v=1779893059","","","","","","","","","0","ECHO"
"simple","DSRM-2600U-LK","ECHO Akku-Kreiselschere EKS-PRS-DSRM-2600U","1","0","visible","ECHO Akku-Kreiselschere EKS-PRS-DSRM-2600U - Hochwertige Ausführung für optimale Ergebnisse im Garten.","<h3>ECHO Akku-Kreiselschere EKS-PRS-DSRM-2600U</h3>
<p>Entdecken Sie die professionelle Leistung dieses hochwertigen Gartenwerkzeugs. bietet dieses Gerät optimale Ergebnisse für anspruchsvolle Gartenarbeiten. Die einfache Öffnung des Häckselwerks ermöglicht eine schnelle und unkomplizierte Wartung des Rotors. Regelmäßige Wartung ist wichtig für die Langlebigkeit und Zuverlässigkeit des Geräts und stellt sicher, dass die Leistung über viele Jahre hinweg konstant bleibt. Dieses professionelle Gerät überzeugt durch seine robuste Bauweise und die durchdachten technischen Lösungen. Die Kombination aus hoher Leistung, intelligenter Steuerung und benutzerfreundlichem Design macht es zur idealen Wahl für anspruchsvolle Garten- und Landschaftspflegearbeiten.</p>
<p><strong>Investieren Sie in Qualität und Professionalität - dieses hochwertige Motorsensen &amp; Freischneider überzeugt durch erstklassige Verarbeitung, innovative Technik und außergewöhnliche Zuverlässigkeit. Perfekt geeignet für anspruchsvolle Garten- und Landschaftspflegeprojekte, bei denen nur das Beste gut genug ist. Mit diesem Gerät sind Sie optimal ausgestattet für alle Herausforderungen moderner Gartenarbeit.</strong></p>","","","taxable","","1","14","","0","0","","","","","1","","","685.00","Motorsensen & Freischneider","","","https://cdn.shopify.com/s/files/1/0764/8503/4036/files/p1-7.webp?v=1779893121","","","","","","","","","0","ECHO"
"simple","AKKU-LADEGERAT-LK","Cramer Akku-Motorsense Optimus T16 ohne Akku","1","0","visible","Cramer Akku-Motorsense Optimus T16 – ohne - Hochwertige Ausführung für optimale Ergebnisse im Garten.","<h3>Cramer Akku-Motorsense Optimus T16 – ohne</h3>
Entdecken Sie die professionelle Leistung dieses hochwertigen Gartenwerkzeugs. mit 1,6 kW Leistung bietet dieses Gerät optimale Ergebnisse für anspruchsvolle Gartenarbeiten.

Durch seine kompakte Arbeitsbreite von nur 25 mm zeichnet sich dieses Modell besonders aus. Die durchdachte Konstruktion ermöglicht effiziente Arbeitsabläufe und professionelle Ergebnisse.

Die einfache Öffnung des Häckselwerks ermöglicht eine schnelle und unkomplizierte Wartung des Rotors. Regelmäßige Wartung ist wichtig für die Langlebigkeit und Zuverlässigkeit des Geräts und stellt sicher, dass die Leistung über viele Jahre hinweg konstant bleibt.

Dieses professionelle Gerät überzeugt durch seine robuste Bauweise und die durchdachten technischen Lösungen. Die Kombination aus hoher Leistung, intelligenter Steuerung und benutzerfreundlichem Design macht es zur idealen Wahl für anspruchsvolle Garten- und Landschaftspflegearbeiten.
<h4>Technische Highlights:</h4>
<ul>
  <li>
<strong>Leistung:</strong> 1,6 kW - Optimale Power für professionelle Anwendungen</li>
  <li>
<strong>Arbeitsbreite:</strong> 25 mm - Kompakt und wendig für verschiedene Einsatzbereiche</li>
</ul>
<strong>Investieren Sie in Qualität und Professionalität - dieses hochwertige Motorsensen &amp; Freischneider überzeugt durch erstklassige Verarbeitung, innovative Technik und außergewöhnliche Zuverlässigkeit. Perfekt geeignet für anspruchsvolle Garten- und Landschaftspflegeprojekte, bei denen nur das Beste gut genug ist. Mit diesem Gerät sind Sie optimal ausgestattet für alle Herausforderungen moderner Gartenarbeit.</strong>","","","taxable","","1","14","","0","0","","","","","1","","400.00","455.00","Motorsensen & Freischneider","","","https://cdn.shopify.com/s/files/1/0764/8503/4036/files/o1-6.webp?v=1779893164","","","","","","","","","0","Cramer"
"simple","ADEGERAT-LK","Cramer Akku-Motorsense 82TB20 ohne Akku","1","0","visible","Cramer Akku-Motorsense 82TB20 – ohne Akku - Hochwertige Ausführung für optimale Ergebnisse im Garten.","<h3>Cramer Akku-Motorsense 82TB20 – ohne Akku</h3>
Entdecken Sie die professionelle Leistung dieses hochwertigen Gartenwerkzeugs. mit 2 kW Leistung bietet dieses Gerät optimale Ergebnisse für anspruchsvolle Gartenarbeiten.

Die einfache Öffnung des Häckselwerks ermöglicht eine schnelle und unkomplizierte Wartung des Rotors. Regelmäßige Wartung ist wichtig für die Langlebigkeit und Zuverlässigkeit des Geräts und stellt sicher, dass die Leistung über viele Jahre hinweg konstant bleibt.

Dieses professionelle Gerät überzeugt durch seine robuste Bauweise und die durchdachten technischen Lösungen. Die Kombination aus hoher Leistung, intelligenter Steuerung und benutzerfreundlichem Design macht es zur idealen Wahl für anspruchsvolle Garten- und Landschaftspflegearbeiten.
<h4>Technische Highlights:</h4>
<ul>
  <li>
<strong>Leistung:</strong> 2 kW - Optimale Power für professionelle Anwendungen</li>
</ul>
<strong>Investieren Sie in Qualität und Professionalität - dieses hochwertige Motorsensen &amp; Freischneider überzeugt durch erstklassige Verarbeitung, innovative Technik und außergewöhnliche Zuverlässigkeit. Perfekt geeignet für anspruchsvolle Garten- und Landschaftspflegeprojekte, bei denen nur das Beste gut genug ist. Mit diesem Gerät sind Sie optimal ausgestattet für alle Herausforderungen moderner Gartenarbeit.</strong>","","","taxable","","1","13","","0","0","","","","","1","","","413.00","Motorsensen & Freischneider","","","https://cdn.shopify.com/s/files/1/0764/8503/4036/files/u1-8.webp?v=1779893263","","","","","","","","","0","Cramer"
"simple","DEGERAT-LK","Cramer Akku-Motorsense 48TX10 ohne Akku","1","0","visible","Cramer Akku-Motorsense 48TX10 – ohne Akku - Hochwertige Ausführung für optimale Ergebnisse im Garten.","<h3>Cramer Akku-Motorsense 48TX10 – ohne Akku</h3>
Entdecken Sie die professionelle Leistung dieses hochwertigen Gartenwerkzeugs. mit 1,0 kW Leistung bietet dieses Gerät optimale Ergebnisse für anspruchsvolle Gartenarbeiten.

Die einfache Öffnung des Häckselwerks ermöglicht eine schnelle und unkomplizierte Wartung des Rotors. Regelmäßige Wartung ist wichtig für die Langlebigkeit und Zuverlässigkeit des Geräts und stellt sicher, dass die Leistung über viele Jahre hinweg konstant bleibt.

Dieses professionelle Gerät überzeugt durch seine robuste Bauweise und die durchdachten technischen Lösungen. Die Kombination aus hoher Leistung, intelligenter Steuerung und benutzerfreundlichem Design macht es zur idealen Wahl für anspruchsvolle Garten- und Landschaftspflegearbeiten.
<h4>Technische Highlights:</h4>
<ul>
  <li>
<strong>Leistung:</strong> 1,0 kW - Optimale Power für professionelle Anwendungen</li>
</ul>
<strong>Investieren Sie in Qualität und Professionalität - dieses hochwertige Motorsensen &amp; Freischneider überzeugt durch erstklassige Verarbeitung, innovative Technik und außergewöhnliche Zuverlässigkeit. Perfekt geeignet für anspruchsvolle Garten- und Landschaftspflegeprojekte, bei denen nur das Beste gut genug ist. Mit diesem Gerät sind Sie optimal ausgestattet für alle Herausforderungen moderner Gartenarbeit.</strong>","","","taxable","","1","13","","0","0","","","","","1","","","167.00","Motorsensen & Freischneider","","","https://cdn.shopify.com/s/files/1/0764/8503/4036/files/y1-8.webp?v=1779893319","","","","","","","","","0","Cramer"
"simple","OHNE-AKKU-LADEGERAT-LK","Cramer Akku-Freischneider 82T12 ohne Akku","1","0","visible","Cramer Akku-Freischneider 82T12 – ohne - Hochwertige Ausführung für optimale Ergebnisse im Garten.","<h3>Cramer Akku-Freischneider 82T12 – ohne</h3>
Entdecken Sie die professionelle Leistung dieses hochwertigen Gartenwerkzeugs. mit 1,2 kW Leistung bietet dieses Gerät optimale Ergebnisse für anspruchsvolle Gartenarbeiten.

Die einfache Öffnung des Häckselwerks ermöglicht eine schnelle und unkomplizierte Wartung des Rotors. Regelmäßige Wartung ist wichtig für die Langlebigkeit und Zuverlässigkeit des Geräts und stellt sicher, dass die Leistung über viele Jahre hinweg konstant bleibt.

Dieses professionelle Gerät überzeugt durch seine robuste Bauweise und die durchdachten technischen Lösungen. Die Kombination aus hoher Leistung, intelligenter Steuerung und benutzerfreundlichem Design macht es zur idealen Wahl für anspruchsvolle Garten- und Landschaftspflegearbeiten.
<h4>Technische Highlights:</h4>
<ul>
  <li>
<strong>Leistung:</strong> 1,2 kW - Optimale Power für professionelle Anwendungen</li>
</ul>
<strong>Investieren Sie in Qualität und Professionalität - dieses hochwertige Motorsensen &amp; Freischneider überzeugt durch erstklassige Verarbeitung, innovative Technik und außergewöhnliche Zuverlässigkeit. Perfekt geeignet für anspruchsvolle Garten- und Landschaftspflegeprojekte, bei denen nur das Beste gut genug ist. Mit diesem Gerät sind Sie optimal ausgestattet für alle Herausforderungen moderner Gartenarbeit.</strong>","","","taxable","","1","13","","0","0","","","","","1","","","335.00","Motorsensen & Freischneider","","","https://cdn.shopify.com/s/files/1/0764/8503/4036/files/t1-9.webp?v=1779893362","","","","","","","","","0","Cramer"
"simple","KL-AKKU-LADEGERAT-LK","Cramer Akku-Freischneider 48TB10 inkl. Akku","1","0","visible","Cramer Akku-Freischneider 48TB10 – inkl. - Hochwertige Ausführung für optimale Ergebnisse im Garten.","<h3>Cramer Akku-Freischneider 48TB10 – inkl.</h3>
Entdecken Sie die professionelle Leistung dieses hochwertigen Gartenwerkzeugs. mit 1,0 kW Leistung bietet dieses Gerät optimale Ergebnisse für anspruchsvolle Gartenarbeiten.

Durch seine kompakte Arbeitsbreite von nur 0 mm zeichnet sich dieses Modell besonders aus. Die durchdachte Konstruktion ermöglicht effiziente Arbeitsabläufe und professionelle Ergebnisse.

Die einfache Öffnung des Häckselwerks ermöglicht eine schnelle und unkomplizierte Wartung des Rotors. Regelmäßige Wartung ist wichtig für die Langlebigkeit und Zuverlässigkeit des Geräts und stellt sicher, dass die Leistung über viele Jahre hinweg konstant bleibt.

Dieses professionelle Gerät überzeugt durch seine robuste Bauweise und die durchdachten technischen Lösungen. Die Kombination aus hoher Leistung, intelligenter Steuerung und benutzerfreundlichem Design macht es zur idealen Wahl für anspruchsvolle Garten- und Landschaftspflegearbeiten.
<h4>Technische Highlights:</h4>
<ul>
  <li>
<strong>Leistung:</strong> 1,0 kW - Optimale Power für professionelle Anwendungen</li>
  <li>
<strong>Arbeitsbreite:</strong> 0 mm - Kompakt und wendig für verschiedene Einsatzbereiche</li>
</ul>
<strong>Investieren Sie in Qualität und Professionalität - dieses hochwertige Motorsensen &amp; Freischneider überzeugt durch erstklassige Verarbeitung, innovative Technik und außergewöhnliche Zuverlässigkeit. Perfekt geeignet für anspruchsvolle Garten- und Landschaftspflegeprojekte, bei denen nur das Beste gut genug ist. Mit diesem Gerät sind Sie optimal ausgestattet für alle Herausforderungen moderner Gartenarbeit.</strong>","","","taxable","","1","14","","0","0","","","","","1","","","310.00","Motorsensen & Freischneider","","","https://cdn.shopify.com/s/files/1/0764/8503/4036/files/r1-12.webp?v=1779893429","","","","","","","","","0","Cramer"
"simple","NIEDRIGER-GRIFF-OHNE","Cramer Akku-Freischneider Optimus TB20L","1","0","visible","Cramer Akku-Freischeider Optimus TB20L - Hochwertige Ausführung für optimale Ergebnisse im Garten.","<h3>Cramer Akku-Freischeider Optimus TB20L</h3>
Entdecken Sie die professionelle Leistung dieses hochwertigen Gartenwerkzeugs. mit 2,0 kW Leistung bietet dieses Gerät optimale Ergebnisse für anspruchsvolle Gartenarbeiten.

Die einfache Öffnung des Häckselwerks ermöglicht eine schnelle und unkomplizierte Wartung des Rotors. Regelmäßige Wartung ist wichtig für die Langlebigkeit und Zuverlässigkeit des Geräts und stellt sicher, dass die Leistung über viele Jahre hinweg konstant bleibt.

Dieses professionelle Gerät überzeugt durch seine robuste Bauweise und die durchdachten technischen Lösungen. Die Kombination aus hoher Leistung, intelligenter Steuerung und benutzerfreundlichem Design macht es zur idealen Wahl für anspruchsvolle Garten- und Landschaftspflegearbeiten.
<h4>Technische Highlights:</h4>
<ul>
  <li>
<strong>Leistung:</strong> 2,0 kW - Optimale Power für professionelle Anwendungen</li>
</ul>
<strong>Investieren Sie in Qualität und Professionalität - dieses hochwertige Motorsensen &amp; Freischneider überzeugt durch erstklassige Verarbeitung, innovative Technik und außergewöhnliche Zuverlässigkeit. Perfekt geeignet für anspruchsvolle Garten- und Landschaftspflegeprojekte, bei denen nur das Beste gut genug ist. Mit diesem Gerät sind Sie optimal ausgestattet für alle Herausforderungen moderner Gartenarbeit.</strong>","","","taxable","","1","13","","0","0","","","","","1","","","510.15","Motorsensen & Freischneider","","","https://cdn.shopify.com/s/files/1/0764/8503/4036/files/e1-8.webp?v=1779893483","","","","","","","","","0","Cramer"
"simple","DEN-4-KANT-O-39MM-27M-LK","Arnold Trimmerfaden 4-kant Ø 4mm","1","0","visible","Auf Lager Arnold Trimmerfaden, 4-kant, Ø - Hochwertige Ausführung für optimale Ergebnisse im Garten.","<h3>Auf Lager Arnold Trimmerfaden, 4-kant, Ø</h3>
<p>Entdecken Sie die professionelle Leistung dieses hochwertigen Gartenwerkzeugs. bietet dieses Gerät optimale Ergebnisse für anspruchsvolle Gartenarbeiten. Die einfache Öffnung des Häckselwerks ermöglicht eine schnelle und unkomplizierte Wartung des Rotors. Regelmäßige Wartung ist wichtig für die Langlebigkeit und Zuverlässigkeit des Geräts und stellt sicher, dass die Leistung über viele Jahre hinweg konstant bleibt. Dieses professionelle Gerät überzeugt durch seine robuste Bauweise und die durchdachten technischen Lösungen. Die Kombination aus hoher Leistung, intelligenter Steuerung und benutzerfreundlichem Design macht es zur idealen Wahl für anspruchsvolle Garten- und Landschaftspflegearbeiten.</p>
<p><strong>Investieren Sie in Qualität und Professionalität - dieses hochwertige Motorsensen &amp; Freischneider überzeugt durch erstklassige Verarbeitung, innovative Technik und außergewöhnliche Zuverlässigkeit. Perfekt geeignet für anspruchsvolle Garten- und Landschaftspflegeprojekte, bei denen nur das Beste gut genug ist. Mit diesem Gerät sind Sie optimal ausgestattet für alle Herausforderungen moderner Gartenarbeit.</strong></p>","","","taxable","","1","13","","0","0","","","","","1","","","15.00","Motorsensen & Freischneider","","","https://cdn.shopify.com/s/files/1/0764/8503/4036/files/z1-14.webp?v=1779893590","","","","","","","","","0","Arnold"
"simple","TER-O-225-MM-LK","Anschlag für Kreissägeblätter Ø 225mm","1","0","visible","Anschlag für Kreissägeblätter, Ø 225 mm - Hochwertige Ausführung für optimale Ergebnisse im Garten.","<h3>Anschlag für Kreissägeblätter, Ø 225 mm</h3>
<p>Entdecken Sie die professionelle Leistung dieses hochwertigen Gartenwerkzeugs. bietet dieses Gerät optimale Ergebnisse für anspruchsvolle Gartenarbeiten. Die einfache Öffnung des Häckselwerks ermöglicht eine schnelle und unkomplizierte Wartung des Rotors. Regelmäßige Wartung ist wichtig für die Langlebigkeit und Zuverlässigkeit des Geräts und stellt sicher, dass die Leistung über viele Jahre hinweg konstant bleibt. Dieses professionelle Gerät überzeugt durch seine robuste Bauweise und die durchdachten technischen Lösungen. Die Kombination aus hoher Leistung, intelligenter Steuerung und benutzerfreundlichem Design macht es zur idealen Wahl für anspruchsvolle Garten- und Landschaftspflegearbeiten.</p>
<p><strong>Investieren Sie in Qualität und Professionalität - dieses hochwertige Motorsensen &amp; Freischneider überzeugt durch erstklassige Verarbeitung, innovative Technik und außergewöhnliche Zuverlässigkeit. Perfekt geeignet für anspruchsvolle Garten- und Landschaftspflegeprojekte, bei denen nur das Beste gut genug ist. Mit diesem Gerät sind Sie optimal ausgestattet für alle Herausforderungen moderner Gartenarbeit.</strong></p>","","","taxable","","1","14","","0","0","","","","","1","","","30.00","Motorsensen & Freischneider","","","https://cdn.shopify.com/s/files/1/0764/8503/4036/files/a1-12_578d0ec3-63f0-46e2-af95-8ddc4b1f3a0b.webp?v=1779893675","","","","","","","","","0","Zubehör"
"simple","ATTER-O-200-MM-LK","Anschlag für Kreissägeblätter Ø 200mm","1","0","visible","Anschlag für Kreissägeblätter, Ø 200 mm - Hochwertige Ausführung für optimale Ergebnisse im Garten.","<h3>Anschlag für Kreissägeblätter, Ø 200 mm</h3>
<p>Entdecken Sie die professionelle Leistung dieses hochwertigen Gartenwerkzeugs. bietet dieses Gerät optimale Ergebnisse für anspruchsvolle Gartenarbeiten. Die einfache Öffnung des Häckselwerks ermöglicht eine schnelle und unkomplizierte Wartung des Rotors. Regelmäßige Wartung ist wichtig für die Langlebigkeit und Zuverlässigkeit des Geräts und stellt sicher, dass die Leistung über viele Jahre hinweg konstant bleibt. Dieses professionelle Gerät überzeugt durch seine robuste Bauweise und die durchdachten technischen Lösungen. Die Kombination aus hoher Leistung, intelligenter Steuerung und benutzerfreundlichem Design macht es zur idealen Wahl für anspruchsvolle Garten- und Landschaftspflegearbeiten.</p>
<p><strong>Investieren Sie in Qualität und Professionalität - dieses hochwertige Motorsensen &amp; Freischneider überzeugt durch erstklassige Verarbeitung, innovative Technik und außergewöhnliche Zuverlässigkeit. Perfekt geeignet für anspruchsvolle Garten- und Landschaftspflegeprojekte, bei denen nur das Beste gut genug ist. Mit diesem Gerät sind Sie optimal ausgestattet für alle Herausforderungen moderner Gartenarbeit.</strong></p>","","","taxable","","1","13","","0","0","","","","","1","","","24.00","Motorsensen & Freischneider","","","https://cdn.shopify.com/s/files/1/0764/8503/4036/files/a1-12.webp?v=1779893726","","","","","","","","","0","Zubehör"
"simple","LER-GH-460-LK","STIHL Benzin-Gartenhäcksler GH 460 Häcksler","1","0","visible","STIHL Benzin-Gartenhäcksler GH 460 - Hochwertige Ausführung für optimale Ergebnisse im Garten.","<h3>STIHL Benzin-Gartenhäcksler GH 460</h3>
Entdecken Sie die professionelle Leistung dieses hochwertigen Gartenwerkzeugs. mit 3,4 kW Leistung bietet dieses Gerät optimale Ergebnisse für anspruchsvolle Gartenarbeiten.

Durch seine kompakte Arbeitsbreite von nur 60 mm zeichnet sich dieses Modell besonders aus. Die durchdachte Konstruktion ermöglicht effiziente Arbeitsabläufe und professionelle Ergebnisse.

Die einfache Öffnung des Häckselwerks ermöglicht eine schnelle und unkomplizierte Wartung des Rotors. Regelmäßige Wartung ist wichtig für die Langlebigkeit und Zuverlässigkeit des Geräts und stellt sicher, dass die Leistung über viele Jahre hinweg konstant bleibt.

Dieses professionelle Gerät überzeugt durch seine robuste Bauweise und die durchdachten technischen Lösungen. Die Kombination aus hoher Leistung, intelligenter Steuerung und benutzerfreundlichem Design macht es zur idealen Wahl für anspruchsvolle Garten- und Landschaftspflegearbeiten.
<h4>Technische Highlights:</h4>
<ul>
  <li>
<strong>Leistung:</strong> 3,4 kW - Optimale Power für professionelle Anwendungen</li>
  <li>
<strong>Arbeitsbreite:</strong> 60 mm - Kompakt und wendig für verschiedene Einsatzbereiche</li>
</ul>
<strong>Investieren Sie in Qualität und Professionalität - dieses hochwertige Gartenhäcksler überzeugt durch erstklassige Verarbeitung, innovative Technik und außergewöhnliche Zuverlässigkeit. Perfekt geeignet für anspruchsvolle Garten- und Landschaftspflegeprojekte, bei denen nur das Beste gut genug ist. Mit diesem Gerät sind Sie optimal ausgestattet für alle Herausforderungen moderner Gartenarbeit.</strong>","","","taxable","","1","14","","0","0","","","","","1","","","1806.00","Gartenhäcksler","","","https://cdn.shopify.com/s/files/1/0764/8503/4036/files/g1.webp?v=1779893795","","","","","","","","","0","STIHL"
"simple","KOMPOSTMEISTER-2-4-LK","Remarc Elektro-Häcksler Kompostmeister 2.4","1","0","visible","Remarc Elektro-Häcksler KOMPOSTMEISTER 2.4 - Hochwertige Ausführung für optimale Ergebnisse im Garten.","<h3>Remarc Elektro-Häcksler KOMPOSTMEISTER 2.4</h3>
Entdecken Sie die professionelle Leistung dieses hochwertigen Gartenwerkzeugs. mit 2,4 kW Leistung bietet dieses Gerät optimale Ergebnisse für anspruchsvolle Gartenarbeiten.

Durch seine praktisches Gewicht von 350 kg zeichnet sich dieses Modell besonders aus. Die durchdachte Konstruktion ermöglicht effiziente Arbeitsabläufe und professionelle Ergebnisse.

Die einfache Öffnung des Häckselwerks ermöglicht eine schnelle und unkomplizierte Wartung des Rotors. Regelmäßige Wartung ist wichtig für die Langlebigkeit und Zuverlässigkeit des Geräts und stellt sicher, dass die Leistung über viele Jahre hinweg konstant bleibt.

Dieses professionelle Gerät überzeugt durch seine robuste Bauweise und die durchdachten technischen Lösungen. Die Kombination aus hoher Leistung, intelligenter Steuerung und benutzerfreundlichem Design macht es zur idealen Wahl für anspruchsvolle Garten- und Landschaftspflegearbeiten.
<h4>Technische Highlights:</h4>
<ul>
  <li>
<strong>Leistung:</strong> 2,4 kW - Optimale Power für professionelle Anwendungen</li>
  <li>
<strong>Gewicht:</strong> 350 kg - Ausgewogenes Verhältnis von Stabilität und Mobilität</li>
</ul>
<strong>Investieren Sie in Qualität und Professionalität - dieses hochwertige Gartenhäcksler überzeugt durch erstklassige Verarbeitung, innovative Technik und außergewöhnliche Zuverlässigkeit. Perfekt geeignet für anspruchsvolle Garten- und Landschaftspflegeprojekte, bei denen nur das Beste gut genug ist. Mit diesem Gerät sind Sie optimal ausgestattet für alle Herausforderungen moderner Gartenarbeit.</strong>","","","taxable","","1","12","","0","0","","","","","1","","","1150.95","Gartenhäcksler","","","https://cdn.shopify.com/s/files/1/0764/8503/4036/files/f1-1.webp?v=1779893884","","","","","","","","","0","Remarc"
"simple","GHX-CH2500ZAPF-LK","Erco Holzhäcksler GHX-CH2500ZAPF Zapfwellenhäcksler","1","0","visible","Erco Häcksler Holzschnitzler GHX-CH2500ZAPF - Hochwertige Ausführung für optimale Ergebnisse im Garten.","<h3>Erco Häcksler Holzschnitzler GHX-CH2500ZAPF</h3>
Entdecken Sie die professionelle Leistung dieses hochwertigen Gartenwerkzeugs. mit 17 kW Leistung bietet dieses Gerät optimale Ergebnisse für anspruchsvolle Gartenarbeiten.

Das 3-Gang-Einzugswalzen-System ermöglicht eine optimale Materialzuführung für unterschiedliche Materialarten. Die berührungsempfindlichen Tasten zur Steuerung der Einzugsdrehrichtung erlauben eine präzise Kontrolle über den Arbeitsprozess und eine schnelle Anpassung an verschiedene Materialien.

Die einfache Öffnung des Häckselwerks ermöglicht eine schnelle und unkomplizierte Wartung des Rotors. Regelmäßige Wartung ist wichtig für die Langlebigkeit und Zuverlässigkeit des Geräts und stellt sicher, dass die Leistung über viele Jahre hinweg konstant bleibt.

Dieses professionelle Gerät überzeugt durch seine robuste Bauweise und die durchdachten technischen Lösungen. Die Kombination aus hoher Leistung, intelligenter Steuerung und benutzerfreundlichem Design macht es zur idealen Wahl für anspruchsvolle Garten- und Landschaftspflegearbeiten.
<h4>Technische Highlights:</h4>
<ul>
  <li>
<strong>Leistung:</strong> 17 kW - Optimale Power für professionelle Anwendungen</li>
</ul>
<strong>Investieren Sie in Qualität und Professionalität - dieses hochwertige Gartenhäcksler überzeugt durch erstklassige Verarbeitung, innovative Technik und außergewöhnliche Zuverlässigkeit. Perfekt geeignet für anspruchsvolle Garten- und Landschaftspflegeprojekte, bei denen nur das Beste gut genug ist. Mit diesem Gerät sind Sie optimal ausgestattet für alle Herausforderungen moderner Gartenarbeit.</strong>","","","taxable","","1","13","","0","0","","","","","1","","11061.25","11261.00","Gartenhäcksler","","","https://cdn.shopify.com/s/files/1/0764/8503/4036/files/d1-1.webp?v=1779893941","","","","","","","","","0","Erco"
"simple","R-GHX-CH2500D-LK","Erco Holzhäcksler GHX-CH2500D","1","0","visible","Erco Häcksler Holzschnitzler GHX-CH2500D - Hochwertige Ausführung für optimale Ergebnisse im Garten.","<h3>Erco Häcksler Holzschnitzler GHX-CH2500D</h3>
Entdecken Sie die professionelle Leistung dieses hochwertigen Gartenwerkzeugs. mit 19,5 kW Leistung bietet dieses Gerät optimale Ergebnisse für anspruchsvolle Gartenarbeiten.

Das 3-Gang-Einzugswalzen-System ermöglicht eine optimale Materialzuführung für unterschiedliche Materialarten. Die berührungsempfindlichen Tasten zur Steuerung der Einzugsdrehrichtung erlauben eine präzise Kontrolle über den Arbeitsprozess und eine schnelle Anpassung an verschiedene Materialien.

Die einfache Öffnung des Häckselwerks ermöglicht eine schnelle und unkomplizierte Wartung des Rotors. Regelmäßige Wartung ist wichtig für die Langlebigkeit und Zuverlässigkeit des Geräts und stellt sicher, dass die Leistung über viele Jahre hinweg konstant bleibt.

Dieses professionelle Gerät überzeugt durch seine robuste Bauweise und die durchdachten technischen Lösungen. Die Kombination aus hoher Leistung, intelligenter Steuerung und benutzerfreundlichem Design macht es zur idealen Wahl für anspruchsvolle Garten- und Landschaftspflegearbeiten.
<h4>Technische Highlights:</h4>
<ul>
  <li>
<strong>Leistung:</strong> 19,5 kW - Optimale Power für professionelle Anwendungen</li>
</ul>
<strong>Investieren Sie in Qualität und Professionalität - dieses hochwertige Gartenhäcksler überzeugt durch erstklassige Verarbeitung, innovative Technik und außergewöhnliche Zuverlässigkeit. Perfekt geeignet für anspruchsvolle Garten- und Landschaftspflegeprojekte, bei denen nur das Beste gut genug ist. Mit diesem Gerät sind Sie optimal ausgestattet für alle Herausforderungen moderner Gartenarbeit.</strong>","","","taxable","","1","13","","0","0","","","","","1","","","27800.00","Gartenhäcksler","","","https://cdn.shopify.com/s/files/1/0764/8503/4036/files/s1-1.webp?v=1779893997","","","","","","","","","0","Erco"
"simple","LER-GHX-CH2500-LK","Erco Holzhäcksler GHX-CH2500","1","0","visible","Erco Häcksler Holzschnitzler GHX-CH2500 - Hochwertige Ausführung für optimale Ergebnisse im Garten.","<h3>Erco Häcksler Holzschnitzler GHX-CH2500</h3>
<p>Entdecken Sie die professionelle Leistung dieses hochwertigen Gartenwerkzeugs. bietet dieses Gerät optimale Ergebnisse für anspruchsvolle Gartenarbeiten. Die einfache Öffnung des Häckselwerks ermöglicht eine schnelle und unkomplizierte Wartung des Rotors. Regelmäßige Wartung ist wichtig für die Langlebigkeit und Zuverlässigkeit des Geräts und stellt sicher, dass die Leistung über viele Jahre hinweg konstant bleibt. Dieses professionelle Gerät überzeugt durch seine robuste Bauweise und die durchdachten technischen Lösungen. Die Kombination aus hoher Leistung, intelligenter Steuerung und benutzerfreundlichem Design macht es zur idealen Wahl für anspruchsvolle Garten- und Landschaftspflegearbeiten.</p>
<p><strong>Investieren Sie in Qualität und Professionalität - dieses hochwertige Gartenhäcksler überzeugt durch erstklassige Verarbeitung, innovative Technik und außergewöhnliche Zuverlässigkeit. Perfekt geeignet für anspruchsvolle Garten- und Landschaftspflegeprojekte, bei denen nur das Beste gut genug ist. Mit diesem Gerät sind Sie optimal ausgestattet für alle Herausforderungen moderner Gartenarbeit.</strong></p>","","","taxable","","1","12","","0","0","","","","","1","","","19216.40","Gartenhäcksler","","","https://cdn.shopify.com/s/files/1/0764/8503/4036/files/q1-1.webp?v=1779894046","","","","","","","","","0","Erco"
"simple","KER-GHX-CH2350R-LK","Erco Buschhacker GHX-CH2350R","1","0","visible","Erco Häcksler Buschhacker GHX-CH2350R - Hochwertige Ausführung für optimale Ergebnisse im Garten.","<h3>Erco Häcksler Buschhacker GHX-CH2350R</h3>
Entdecken Sie die professionelle Leistung dieses hochwertigen Gartenwerkzeugs. mit 19,5 kW Leistung bietet dieses Gerät optimale Ergebnisse für anspruchsvolle Gartenarbeiten.

Die einfache Öffnung des Häckselwerks ermöglicht eine schnelle und unkomplizierte Wartung des Rotors. Regelmäßige Wartung ist wichtig für die Langlebigkeit und Zuverlässigkeit des Geräts und stellt sicher, dass die Leistung über viele Jahre hinweg konstant bleibt.

Dieses professionelle Gerät überzeugt durch seine robuste Bauweise und die durchdachten technischen Lösungen. Die Kombination aus hoher Leistung, intelligenter Steuerung und benutzerfreundlichem Design macht es zur idealen Wahl für anspruchsvolle Garten- und Landschaftspflegearbeiten.
<h4>Technische Highlights:</h4>
<ul>
  <li>
<strong>Leistung:</strong> 19,5 kW - Optimale Power für professionelle Anwendungen</li>
</ul>
<strong>Investieren Sie in Qualität und Professionalität - dieses hochwertige Gartenhäcksler überzeugt durch erstklassige Verarbeitung, innovative Technik und außergewöhnliche Zuverlässigkeit. Perfekt geeignet für anspruchsvolle Garten- und Landschaftspflegeprojekte, bei denen nur das Beste gut genug ist. Mit diesem Gerät sind Sie optimal ausgestattet für alle Herausforderungen moderner Gartenarbeit.</strong>","","","taxable","","1","13","","0","0","","","","","1","","","28980.75","Gartenhäcksler","","","https://cdn.shopify.com/s/files/1/0764/8503/4036/files/p1-1.webp?v=1779894103","","","","","","","","","0","Erco"
"simple","GHX-CH2300ZAPF-LK","Erco Buschhacker GHX-CH2300ZAPF Zapfwellenhäcksler","1","0","visible","Erco Häcksler Buschhacker GHX-CH2300ZAPF - Hochwertige Ausführung für optimale Ergebnisse im Garten.","<h3>Erco Häcksler Buschhacker GHX-CH2300ZAPF</h3>
Entdecken Sie die professionelle Leistung dieses hochwertigen Gartenwerkzeugs. mit 17 kW Leistung bietet dieses Gerät optimale Ergebnisse für anspruchsvolle Gartenarbeiten.

Das hydraulische Selbstfahrsystem sorgt für komfortable Manövrierbarkeit und einfache Positionierung am Einsatzort. Diese Funktion erleichtert den Transport erheblich und ermöglicht einen flexiblen Einsatz an verschiedenen Arbeitsstellen ohne großen Kraftaufwand.

Die einfache Öffnung des Häckselwerks ermöglicht eine schnelle und unkomplizierte Wartung des Rotors. Regelmäßige Wartung ist wichtig für die Langlebigkeit und Zuverlässigkeit des Geräts und stellt sicher, dass die Leistung über viele Jahre hinweg konstant bleibt.

Dieses professionelle Gerät überzeugt durch seine robuste Bauweise und die durchdachten technischen Lösungen. Die Kombination aus hoher Leistung, intelligenter Steuerung und benutzerfreundlichem Design macht es zur idealen Wahl für anspruchsvolle Garten- und Landschaftspflegearbeiten.
<h4>Technische Highlights:</h4>
<ul>
  <li>
<strong>Leistung:</strong> 17 kW - Optimale Power für professionelle Anwendungen</li>
</ul>
<strong>Investieren Sie in Qualität und Professionalität - dieses hochwertige Gartenhäcksler überzeugt durch erstklassige Verarbeitung, innovative Technik und außergewöhnliche Zuverlässigkeit. Perfekt geeignet für anspruchsvolle Garten- und Landschaftspflegeprojekte, bei denen nur das Beste gut genug ist. Mit diesem Gerät sind Sie optimal ausgestattet für alle Herausforderungen moderner Gartenarbeit.</strong>","","","taxable","","1","14","","0","0","","","","","1","","","7350.00","Gartenhäcksler","","","https://cdn.shopify.com/s/files/1/0764/8503/4036/files/o1-1.webp?v=1779894126","","","","","","","","","0","Erco"
"simple","GHX-CH2300-LK","Erco Buschhacker GHX-CH2300","1","0","visible","Erco Häcksler Buschhacker GHX-CH2300 - Hochwertige Ausführung für optimale Ergebnisse im Garten.","<h3>Erco Häcksler Buschhacker GHX-CH2300</h3>
Entdecken Sie die professionelle Leistung dieses hochwertigen Gartenwerkzeugs. mit 15,5 kW Leistung bietet dieses Gerät optimale Ergebnisse für anspruchsvolle Gartenarbeiten.

Das hydraulische Selbstfahrsystem sorgt für komfortable Manövrierbarkeit und einfache Positionierung am Einsatzort. Diese Funktion erleichtert den Transport erheblich und ermöglicht einen flexiblen Einsatz an verschiedenen Arbeitsstellen ohne großen Kraftaufwand.

Die einfache Öffnung des Häckselwerks ermöglicht eine schnelle und unkomplizierte Wartung des Rotors. Regelmäßige Wartung ist wichtig für die Langlebigkeit und Zuverlässigkeit des Geräts und stellt sicher, dass die Leistung über viele Jahre hinweg konstant bleibt.

Dieses professionelle Gerät überzeugt durch seine robuste Bauweise und die durchdachten technischen Lösungen. Die Kombination aus hoher Leistung, intelligenter Steuerung und benutzerfreundlichem Design macht es zur idealen Wahl für anspruchsvolle Garten- und Landschaftspflegearbeiten.
<h4>Technische Highlights:</h4>
<ul>
  <li>
<strong>Leistung:</strong> 15,5 kW - Optimale Power für professionelle Anwendungen</li>
</ul>
<strong>Investieren Sie in Qualität und Professionalität - dieses hochwertige Gartenhäcksler überzeugt durch erstklassige Verarbeitung, innovative Technik und außergewöhnliche Zuverlässigkeit. Perfekt geeignet für anspruchsvolle Garten- und Landschaftspflegeprojekte, bei denen nur das Beste gut genug ist. Mit diesem Gerät sind Sie optimal ausgestattet für alle Herausforderungen moderner Gartenarbeit.</strong>","","","taxable","","1","13","","0","0","","","","","1","","","9900.00","Gartenhäcksler","","","https://cdn.shopify.com/s/files/1/0764/8503/4036/files/u1-3.webp?v=1779894192","","","","","","","","","0","Erco"
"simple","GHX-CH1900ZAPF-LK","Erco Buschhacker GHX-CH1900ZAPF","1","0","visible","Erco Häcksler Buschhacker GHX-CH1900ZAPF - Hochwertige Ausführung für optimale Ergebnisse im Garten.","<h3>Erco Häcksler Buschhacker GHX-CH1900ZAPF</h3>
Entdecken Sie die professionelle Leistung dieses hochwertigen Gartenwerkzeugs. mit 15 kW Leistung bietet dieses Gerät optimale Ergebnisse für anspruchsvolle Gartenarbeiten.

Die einfache Öffnung des Häckselwerks ermöglicht eine schnelle und unkomplizierte Wartung des Rotors. Regelmäßige Wartung ist wichtig für die Langlebigkeit und Zuverlässigkeit des Geräts und stellt sicher, dass die Leistung über viele Jahre hinweg konstant bleibt.

Dieses professionelle Gerät überzeugt durch seine robuste Bauweise und die durchdachten technischen Lösungen. Die Kombination aus hoher Leistung, intelligenter Steuerung und benutzerfreundlichem Design macht es zur idealen Wahl für anspruchsvolle Garten- und Landschaftspflegearbeiten.
<h4>Technische Highlights:</h4>
<ul>
  <li>
<strong>Leistung:</strong> 15 kW - Optimale Power für professionelle Anwendungen</li>
</ul>
<strong>Investieren Sie in Qualität und Professionalität - dieses hochwertige Gartenhäcksler überzeugt durch erstklassige Verarbeitung, innovative Technik und außergewöhnliche Zuverlässigkeit. Perfekt geeignet für anspruchsvolle Garten- und Landschaftspflegeprojekte, bei denen nur das Beste gut genug ist. Mit diesem Gerät sind Sie optimal ausgestattet für alle Herausforderungen moderner Gartenarbeit.</strong>","","","taxable","","1","13","","0","0","","","","","1","","","5064.40","Gartenhäcksler","","","https://cdn.shopify.com/s/files/1/0764/8503/4036/files/y1-4.webp?v=1779894237","","","","","","","","","0","Erco"
"simple","GHX-CH1900-2-LK","Erco Buschhacker GHX-CH1900","1","0","visible","Erco Häcklser Buschhacker GHX-CH1900 - Hochwertige Ausführung für optimale Ergebnisse im Garten.","<h3>Erco Häcklser Buschhacker GHX-CH1900</h3>
Entdecken Sie die professionelle Leistung dieses hochwertigen Gartenwerkzeugs. mit 8,7 kW Leistung bietet dieses Gerät optimale Ergebnisse für anspruchsvolle Gartenarbeiten.

Die einfache Öffnung des Häckselwerks ermöglicht eine schnelle und unkomplizierte Wartung des Rotors. Regelmäßige Wartung ist wichtig für die Langlebigkeit und Zuverlässigkeit des Geräts und stellt sicher, dass die Leistung über viele Jahre hinweg konstant bleibt.

Dieses professionelle Gerät überzeugt durch seine robuste Bauweise und die durchdachten technischen Lösungen. Die Kombination aus hoher Leistung, intelligenter Steuerung und benutzerfreundlichem Design macht es zur idealen Wahl für anspruchsvolle Garten- und Landschaftspflegearbeiten.
<h4>Technische Highlights:</h4>
<ul>
  <li>
<strong>Leistung:</strong> 8,7 kW - Optimale Power für professionelle Anwendungen</li>
</ul>
<strong>Investieren Sie in Qualität und Professionalität - dieses hochwertige Gartenhäcksler überzeugt durch erstklassige Verarbeitung, innovative Technik und außergewöhnliche Zuverlässigkeit. Perfekt geeignet für anspruchsvolle Garten- und Landschaftspflegeprojekte, bei denen nur das Beste gut genug ist. Mit diesem Gerät sind Sie optimal ausgestattet für alle Herausforderungen moderner Gartenarbeit.</strong>","","","taxable","","1","12","","0","0","","","","","1","","","6378.00","Gartenhäcksler","","","https://cdn.shopify.com/s/files/1/0764/8503/4036/files/t1-4.webp?v=1779894297","","","","","","","","","0","Erco"
"simple","KER-GHX-CH900R-LK","Erco GHX-CH900R Asthäcksler, 900 mm","1","0","visible","Erco Buschhacker GHX-CH900R - Hochwertige Ausführung für optimale Ergebnisse im Garten.","<h3>Erco Buschhacker GHX-CH900R</h3>
<p>Entdecken Sie die professionelle Leistung dieses hochwertigen Gartenwerkzeugs. bietet dieses Gerät optimale Ergebnisse für anspruchsvolle Gartenarbeiten. Die einfache Öffnung des Häckselwerks ermöglicht eine schnelle und unkomplizierte Wartung des Rotors. Regelmäßige Wartung ist wichtig für die Langlebigkeit und Zuverlässigkeit des Geräts und stellt sicher, dass die Leistung über viele Jahre hinweg konstant bleibt. Dieses professionelle Gerät überzeugt durch seine robuste Bauweise und die durchdachten technischen Lösungen. Die Kombination aus hoher Leistung, intelligenter Steuerung und benutzerfreundlichem Design macht es zur idealen Wahl für anspruchsvolle Garten- und Landschaftspflegearbeiten.</p>
<p><strong>Investieren Sie in Qualität und Professionalität - dieses hochwertige Gartenhäcksler überzeugt durch erstklassige Verarbeitung, innovative Technik und außergewöhnliche Zuverlässigkeit. Perfekt geeignet für anspruchsvolle Garten- und Landschaftspflegeprojekte, bei denen nur das Beste gut genug ist. Mit diesem Gerät sind Sie optimal ausgestattet für alle Herausforderungen moderner Gartenarbeit.</strong></p>","","","taxable","","1","13","","0","0","","","","","1","","","3799.50","Gartenhäcksler","","","https://cdn.shopify.com/s/files/1/0764/8503/4036/files/e1-3.webp?v=1779894362","","","","","","","","","0","Erco"
"simple","GHX-BT2900R-LK","Erco Bio-Häcksler GHX-BT2900R Gartenhäcksler","1","0","visible","Erco Bio-Häcksler GHX-BT2900R | 290mm, bis 14cm. Professionelle Qualität für den gartenhäcksler.","<h3>Erco Bio-Häcksler GHX-BT2900R</h3>
Entdecken Sie die professionelle Leistung dieses hochwertigen Gartenwerkzeugs. Ausgestattet mit einem leistungsstarken Honda GX630-Motor mit 14,7 kW Leistung bietet dieses Gerät optimale Ergebnisse für anspruchsvolle Gartenarbeiten.

Durch seine kompakte Arbeitsbreite von nur 760 mm, maximaler Astdurchmesser bis 14 cm zeichnet sich dieses Modell besonders aus. Die durchdachte Konstruktion ermöglicht effiziente Arbeitsabläufe und professionelle Ergebnisse.

Das hydraulische Selbstfahrsystem sorgt für komfortable Manövrierbarkeit und einfache Positionierung am Einsatzort. Diese Funktion erleichtert den Transport erheblich und ermöglicht einen flexiblen Einsatz an verschiedenen Arbeitsstellen ohne großen Kraftaufwand.

Die elektronische No-Stress-Steuerung schützt den Motor vor Überlastung und gewährleistet eine lange Lebensdauer. Dieses intelligente System passt die Leistung automatisch an das zu verarbeitende Material an und verhindert so unnötige Abnutzung oder Schäden am Antrieb.

Das 3-Gang-Einzugswalzen-System ermöglicht eine optimale Materialzuführung für unterschiedliche Materialarten. Die berührungsempfindlichen Tasten zur Steuerung der Einzugsdrehrichtung erlauben eine präzise Kontrolle über den Arbeitsprozess und eine schnelle Anpassung an verschiedene Materialien.

Das kombinierte Schneidsystem mit Messern und Hämmern gewährleistet eine optimale Zerkleinerung sowohl von Grüngut als auch von faserigem Material. Je nach Materialart kann flexibel zwischen verschiedenen Schneidkonfigurationen gewählt werden, um beste Ergebnisse zu erzielen und die Effizienz zu maximieren.

Die einfache Öffnung des Häckselwerks ermöglicht eine schnelle und unkomplizierte Wartung des Rotors. Regelmäßige Wartung ist wichtig für die Langlebigkeit und Zuverlässigkeit des Geräts und stellt sicher, dass die Leistung über viele Jahre hinweg konstant bleibt.

Dieses professionelle Gerät überzeugt durch seine robuste Bauweise und die durchdachten technischen Lösungen. Die Kombination aus hoher Leistung, intelligenter Steuerung und benutzerfreundlichem Design macht es zur idealen Wahl für anspruchsvolle Garten- und Landschaftspflegearbeiten.
<h4>Technische Highlights:</h4>
<ul>
  <li>
<strong>Motor:</strong> Honda GX630 - Zuverlässiger Antrieb für höchste Ansprüche</li>
  <li>
<strong>Leistung:</strong> 14,7 kW - Optimale Power für professionelle Anwendungen</li>
  <li>
<strong>Arbeitsbreite:</strong> 760 mm - Kompakt und wendig für verschiedene Einsatzbereiche</li>
  <li>
<strong>Max. Astdurchmesser:</strong> 14 cm - Verarbeitung auch größerer Äste ohne Probleme</li>
</ul>
<strong>Investieren Sie in Qualität und Professionalität - dieses hochwertige Gartenhäcksler überzeugt durch erstklassige Verarbeitung, innovative Technik und außergewöhnliche Zuverlässigkeit. Perfekt geeignet für anspruchsvolle Garten- und Landschaftspflegeprojekte, bei denen nur das Beste gut genug ist. Mit diesem Gerät sind Sie optimal ausgestattet für alle Herausforderungen moderner Gartenarbeit.</strong>","","","taxable","","1","14","","0","0","","","","","1","","","22886.25","Gartenhäcksler","","","https://cdn.shopify.com/s/files/1/0764/8503/4036/files/a1-6.webp?v=1779894416","","","","","","","","","0","Erco"
