Handle,Title,Body (HTML),Vendor,Product Category,Type,Tags,Published,Option1 Name,Option1 Value,Option1 Linked To,Option2 Name,Option2 Value,Option2 Linked To,Option3 Name,Option3 Value,Option3 Linked To,Variant SKU,Variant Grams,Variant Inventory Tracker,Variant Inventory Qty,Variant Inventory Policy,Variant Fulfillment Service,Variant Price,Variant Compare At Price,Variant Requires Shipping,Variant Taxable,Unit Price Total Measure,Unit Price Total Measure Unit,Unit Price Base Measure,Unit Price Base Measure Unit,Variant Barcode,Image Src,Image Position,Image Alt Text,Gift Card,SEO Title,SEO Description,Google Shopping / Google Product Category,Google Shopping / Gender,Google Shopping / Age Group,Google Shopping / MPN,Google Shopping / Condition,Google Shopping / Custom Product,Google Shopping / Custom Label 0,Google Shopping / Custom Label 1,Google Shopping / Custom Label 2,Google Shopping / Custom Label 3,Google Shopping / Custom Label 4,Google: Custom Product (product.metafields.mm-google-shopping.custom_product),Boiler-System (product.metafields.shopify.boiler-system),Farbe (product.metafields.shopify.color-pattern),Form des Kaminbrennstoffs (product.metafields.shopify.fireplace-fuel-form),Brennholztrocknung (product.metafields.shopify.firewood-seasoning),Schnittholz-/Holzart (product.metafields.shopify.lumber-wood-type),Montagierungstyp (product.metafields.shopify.mounting-type),Ausrichtung (product.metafields.shopify.orientation),Energiequelle (product.metafields.shopify.power-source),Variant Image,Variant Weight Unit,Variant Tax Code,Cost per item,Status
1-palette-holzpellets-blue-enplus-a1-15kg-x-65-sack-975kg,1 Palette – Holzpellets Blue ENplus A1/ 15kg x 65 Sack 975kg,"<div class=""wc-tab-inner wd-scroll-content"">
 

<ul>
<li>Holz ohne chemische Bindemittel</li>
<li>Hergestellt aus nachwachsenden Rohstoffen</li>
<li>ENplus A1 zertifiziert (DE-446)</li>
<li>FSC®-zertifiziert</li>
<li>CO2-neutral</li>
<li>Hoher Heizwert</li>
<li>Geringe Restfeuchte</li>
<li>Geringer Ascheanteil</li>
<li>Lange Brenndauer</li>
<li>Saubere, staubfreie Aufbewahrung</li>
<li>Bequemes Einfüllen in die Heizungsanlage je nach Bedarf</li>
<li>Einsatz in Pelletanlagen und Pelletöfen</li>
</ul>
<table class=""product--properties-table"">
<tbody>
<tr class=""product--properties-row"">
<td class=""is--bold"">Holzpellets Blue ENplus A1</td>
</tr>
<tr class=""product--properties-row"">
<td class=""product--properties-label"">Zertifikat</td>
<td class=""product--properties-value"">ENplus</td>
</tr>
<tr class=""product--properties-row"">
<td class=""product--properties-label"">Techn. Norm</td>
<td class=""product--properties-value"">DIN EN ISO 17225-2, Klasse A1</td>
</tr>
<tr class=""product--properties-row"">
<td class=""product--properties-label"">Zertifikat-ID</td>
<td class=""product--properties-value"">DE-446</td>
</tr>
<tr class=""product--properties-row"">
<td class=""product--properties-label"">Holzart</td>
<td class=""product--properties-value"">Weichholz</td>
</tr>
<tr class=""product--properties-row"">
<td class=""product--properties-label"">Produktion</td>
<td class=""product--properties-value"">Europa</td>
</tr>
<tr class=""product--properties-row"">
<td class=""product--properties-label"">Länge (mm)</td>
<td class=""product--properties-value"">3,15 – 40</td>
</tr>
<tr class=""product--properties-row"">
<td class=""product--properties-label"">Durchmesser (mm)</td>
<td class=""product--properties-value"">6 (± 1)</td>
</tr>
<tr class=""product--properties-row"">
<td class=""product--properties-label"">Heizwert (MJ/kg)</td>
<td class=""product--properties-value"">≥ 17,0</td>
</tr>
<tr class=""product--properties-row"">
<td class=""product--properties-label"">Heizwert (kWh/kg)</td>
<td class=""product--properties-value"">≥ 4,7</td>
</tr>
<tr class=""product--properties-row"">
<td class=""product--properties-label"">Aschegehalt (%)</td>
<td class=""product--properties-value"">≤ 0,7</td>
</tr>
<tr class=""product--properties-row"">
<td class=""product--properties-label"">Ascheerweichungstemperatur (°C)</td>
<td class=""product--properties-value"">≥ 1.300</td>
</tr>
<tr class=""product--properties-row"">
<td class=""product--properties-label"">Festigkeit (%)</td>
<td class=""product--properties-value"">≥ 98</td>
</tr>
<tr class=""product--properties-row"">
<td class=""product--properties-label"">Feinanteil (%)</td>
<td class=""product--properties-value"">≤ 0,5</td>
</tr>
<tr class=""product--properties-row"">
<td class=""product--properties-label"">Schüttdichte (kg/m³)</td>
<td class=""product--properties-value"">650</td>
</tr>
<tr class=""product--properties-row"">
<td class=""product--properties-label"">Wassergehalt (%)</td>
<td class=""product--properties-value"">≤ 10,0</td>
</tr>
<tr class=""product--properties-row"">
<td class=""product--properties-label"">Gewicht</td>
<td class=""product--properties-value"">975 kg</td>
</tr>
</tbody>
</table>
 </div>",Chiemgau Pellets GmbH,Heim & Garten > Zubehör für Kamine & Holzöfen > Feuerholz & Brennstoffe > Holzpellets,Holzpellets,"",true,Title,Default Title,,,,,,,,PP7-987-458,0.0,shopify,25,deny,manual,231.99,,true,true,,,,,"",https://cdn.shopify.com/s/files/1/1001/3504/3446/files/1_Palette_Holzpellets_Blue_ENplus_A1_15kg_x_65_Sack_975kg_FFFF4-2.jpg?v=1782588304,1,1 Palette – Holzpellets Blue ENplus A1/ 15kg x 65 Sack 975kg,false,1 Palette – Holzpellets Blue ENplus A1/ 15kg x 65 Sack 975kg,"Holz ohne chemische Bindemittel Hergestellt aus nachwachsenden Rohstoffen ENplus A1 zertifiziert (DE-446) FSC®-zertifiziert CO2-neutral Hoher Heizwert Geringe Restfeuchte Geringer Ascheanteil Lange Brenndauer Saubere, staubfreie Aufbewahrung Bequemes Einfüllen in die Heizungsanlage je nach Bedarf Einsatz in Pelletanlag",625,,,WC-80,new,TRUE,,,,,,TRUE,,,,,,,,,https://cdn.shopify.com/s/files/1/1001/3504/3446/files/1_Palette_Holzpellets_Blue_ENplus_A1_15kg_x_65_Sack_975kg_FFFF4-2.jpg?v=1782588304,kg,,,active
1-palette-holzpellets-red-975-kg,"1 Palette – Holzpellets Red , 975 kg","<div class=""wc-tab-inner wd-scroll-content"">
 

<ul>
<li>Sortenreines Hartholz ohne chemische Bindemittel</li>
<li>Hergestellt aus nachwachsenden Holzbestand</li>
<li>FSC®-zertifiziert</li>
<li>CO2-neutral</li>
<li>Schnell anzündbar</li>
<li>Hoher Heizwert</li>
<li>Geringer Ascheanteil</li>
<li>Saubere und staubfreie Aufbewahrung</li>
<li>Bequemes Einfüllen in die Heizungsanlage je nach Bedarf</li>
<li>Einsatz in Pelletanlagen und Pelletöfen</li>
</ul>
<table class=""product--properties-table"">
<tbody>
<tr class=""product--properties-row"">
<td class=""is--bold"">Holzpellets Red</td>
</tr>
<tr class=""product--properties-row"">
<td class=""product--properties-label"">Zertifikat</td>
<td class=""product--properties-value"">FSC®-zertifiziert</td>
</tr>
<tr class=""product--properties-row"">
<td class=""product--properties-label"">Techn. Norm</td>
<td class=""product--properties-value"">DIN EN ISO 17225-2, Klasse A1</td>
</tr>
<tr class=""product--properties-row"">
<td class=""product--properties-label"">Holzart</td>
<td class=""product--properties-value"">Hartholz</td>
</tr>
<tr class=""product--properties-row"">
<td class=""product--properties-label"">Produktion</td>
<td class=""product--properties-value"">Europa</td>
</tr>
<tr class=""product--properties-row"">
<td class=""product--properties-label"">Farbe</td>
<td class=""product--properties-value"">Beige / Natur</td>
</tr>
<tr class=""product--properties-row"">
<td class=""product--properties-label"">Länge (mm)</td>
<td class=""product--properties-value"">3,15 – 40</td>
</tr>
<tr class=""product--properties-row"">
<td class=""product--properties-label"">Durchmesser (mm)</td>
<td class=""product--properties-value"">6 (± 1)</td>
</tr>
<tr class=""product--properties-row"">
<td class=""product--properties-label"">Heizwert (MJ/kg)</td>
<td class=""product--properties-value"">≥ 18,0</td>
</tr>
<tr class=""product--properties-row"">
<td class=""product--properties-label"">Heizwert (kWh/kg)</td>
<td class=""product--properties-value"">≥ 5,0</td>
</tr>
<tr class=""product--properties-row"">
<td class=""product--properties-label"">Aschegehalt (%)</td>
<td class=""product--properties-value"">≤ 0,6</td>
</tr>
<tr class=""product--properties-row"">
<td class=""product--properties-label"">Ascheerweichungstemperatur (°C)</td>
<td class=""product--properties-value"">≥ 1.200</td>
</tr>
<tr class=""product--properties-row"">
<td class=""product--properties-label"">Festigkeit (%)</td>
<td class=""product--properties-value"">≥ 99</td>
</tr>
<tr class=""product--properties-row"">
<td class=""product--properties-label"">Feinanteil (%)</td>
<td class=""product--properties-value"">≤ 0,5</td>
</tr>
<tr class=""product--properties-row"">
<td class=""product--properties-label"">Schüttdichte (kg/m³)</td>
<td class=""product--properties-value"">650</td>
</tr>
<tr class=""product--properties-row"">
<td class=""product--properties-label"">Wassergehalt (%)</td>
<td class=""product--properties-value"">≤ 7,0</td>
</tr>
<tr class=""product--properties-row"">
<td class=""product--properties-label"">Gewicht</td>
<td class=""product--properties-value"">975 kg</td>
</tr>
</tbody>
</table>
 </div>",Chiemgau Pellets GmbH,Heim & Garten > Zubehör für Kamine & Holzöfen > Feuerholz & Brennstoffe > Holzpellets,Holzpellets,"",true,Title,Default Title,,,,,,,,PP7-987-753,0.0,shopify,27,deny,manual,231.99,,true,true,,,,,"",https://cdn.shopify.com/s/files/1/1001/3504/3446/files/5551_Palette_Holzpellets_Red_975_kg.jpg?v=1782588247,1,"1 Palette – Holzpellets Red , 975 kg",false,"1 Palette – Holzpellets Red , 975 kg",Sortenreines Hartholz ohne chemische Bindemittel Hergestellt aus nachwachsenden Holzbestand FSC®-zertifiziert CO2-neutral Schnell anzündbar Hoher Heizwert Geringer Ascheanteil Saubere und staubfreie Aufbewahrung Bequemes Einfüllen in die Heizungsanlage je nach Bedarf Einsatz in Pelletanlagen und Pelletöfen Holzpellets ,625,,,WC-72,new,TRUE,,,,,,TRUE,,,,,holz,,,,https://cdn.shopify.com/s/files/1/1001/3504/3446/files/5551_Palette_Holzpellets_Red_975_kg.jpg?v=1782588247,kg,,,active
bio-eko-pellet-palette-mit-70-sacken-bei-15-kg,BIO-EKO PELLET – PALETTE MIT 70 SÄCKEN BEI 15 KG,"<p>Unsere BIO-EKO PELLET bestehen zu 100 % aus natürlichem Sägemehl – ​​ganz ohne Zusatzstoffe oder chemische Bindemittel. Getrocknet und hochverdichtet garantieren sie eine saubere Verbrennung, hohe Energieeffizienz und minimale Aschebildung.</p>

<p>Dank ihres geringen Feuchtigkeitsgehalts liefern unsere Pellets eine gleichmäßige und sparsame Wärme, die Ihr Heizsystem schont. Sie eignen sich ideal für alle Arten von Pelletöfen und -kesseln und bieten eine zuverlässige und nachhaltige Heizlösung für den Winter.</p>

<p>✔ Hohe Heizleistung<br>
✔ ​​Geringer Aschegehalt<br>
✔ Saubere und umweltfreundliche Verbrennung<br>
✔ ​​Kompatibel mit allen Pelletöfen</p>

<p>Entscheiden Sie sich für effizientes, sparsames und umweltfreundliches Heizen.</p>",Chiemgau Pellets GmbH,Heim & Garten > Zubehör für Kamine & Holzöfen > Feuerholz & Brennstoffe,"Holzpellets, Pelletkessel > Pelletkessel2","",true,Title,Default Title,,,,,,,,PP7-390-001,0.0,shopify,22,deny,manual,390.00,,true,true,,,,,"",https://cdn.shopify.com/s/files/1/1001/3504/3446/files/BIO-EKO_PELLET_PALETTE_MIT_70_S_CKEN_BEI_15_KG00-1.jpg?v=1782588191,1,BIO-EKO PELLET – PALETTE MIT 70 SÄCKEN BEI 15 KG,false,BIO-EKO PELLET – PALETTE MIT 70 SÄCKEN BEI 15 KG,"Unsere BIO-EKO PELLET bestehen zu 100 % aus natürlichem Sägemehl – ​​ganz ohne Zusatzstoffe oder chemische Bindemittel. Getrocknet und hochverdichtet garantieren sie eine saubere Verbrennung, hohe Energieeffizienz und minimale Aschebildung. Dank ihres geringen Feuchtigkeitsgehalts liefern unsere Pellets eine gleichmäßi",625,,,CHI-390-001,new,TRUE,,,,,,TRUE,,weiss,,,holz,,,,https://cdn.shopify.com/s/files/1/1001/3504/3446/files/BIO-EKO_PELLET_PALETTE_MIT_70_S_CKEN_BEI_15_KG00-1.jpg?v=1782588191,kg,,,active
bio-energie-pellet-mit-66-sacken-palette-zu-15-kg,BIO-ENERGIE-PELLET – MIT 66 SÄCKEN PALETTE ZU 15 KG,"<p>Unsere BIO-ENERGIE-PELLET bestehen zu 100 % aus natürlichem Sägemehl – ​​ganz ohne Zusatzstoffe oder chemische Bindemittel. Getrocknet und hochverdichtet garantieren sie eine saubere Verbrennung, hohe Energieeffizienz und minimale Aschebildung.</p>

<p>Dank ihres geringen Feuchtigkeitsgehalts liefern unsere Pellets eine gleichmäßige und sparsame Wärme, die Ihr Heizsystem schont. Sie eignen sich ideal für alle Arten von Pelletöfen und -kesseln und bieten eine zuverlässige und nachhaltige Heizlösung für den Winter.</p>

<p>✔ Hohe Heizleistung<br>
✔ ​​Geringer Aschegehalt<br>
✔ Saubere und umweltfreundliche Verbrennung<br>
✔ ​​Kompatibel mit allen Pelletöfen</p>

<p>Entscheiden Sie sich für effizientes, sparsames und umweltfreundliches Heizen.</p>",Chiemgau Pellets GmbH,Heim & Garten > Zubehör für Kamine & Holzöfen > Feuerholz & Brennstoffe > Holzpellets,Holzpellets,"",true,Title,Default Title,,,,,,,,PP7-788-001,0.0,shopify,20,deny,manual,788.00,,true,true,,,,,"",https://cdn.shopify.com/s/files/1/1001/3504/3446/files/BIO-ENERGIE-PELLET_MIT_66_S_CKEN_PALETTE_ZU_15_KG-1.jpg?v=1782588135,1,BIO-ENERGIE-PELLET – MIT 66 SÄCKEN PALETTE ZU 15 KG,false,BIO-ENERGIE-PELLET – MIT 66 SÄCKEN PALETTE ZU 15 KG,"Unsere BIO-ENERGIE-PELLET bestehen zu 100 % aus natürlichem Sägemehl – ​​ganz ohne Zusatzstoffe oder chemische Bindemittel. Getrocknet und hochverdichtet garantieren sie eine saubere Verbrennung, hohe Energieeffizienz und minimale Aschebildung. Dank ihres geringen Feuchtigkeitsgehalts liefern unsere Pellets eine gleich",625,,,CHI-788-001,new,TRUE,,,,,,TRUE,,,,,holz,,,,https://cdn.shopify.com/s/files/1/1001/3504/3446/files/BIO-ENERGIE-PELLET_MIT_66_S_CKEN_PALETTE_ZU_15_KG-1.jpg?v=1782588135,kg,,,active
bio-technik-pellet-palette-zu-50-sacken-zu-15-kg,BIO-TECHNIK PELLET – PALETTE ZU 50 SÄCKEN ZU 15 KG,"<p>Unsere BIO-TECHNIK PELLET bestehen zu 100 % aus natürlichem Sägemehl – ​​ganz ohne Zusatzstoffe oder chemische Bindemittel. Getrocknet und hochverdichtet garantieren sie eine saubere Verbrennung, hohe Energieeffizienz und minimale Aschebildung.</p>

<p>Dank ihres geringen Feuchtigkeitsgehalts liefern unsere Pellets eine gleichmäßige und sparsame Wärme, die Ihr Heizsystem schont. Sie eignen sich ideal für alle Arten von Pelletöfen und -kesseln und bieten eine zuverlässige und nachhaltige Heizlösung für den Winter.</p>

<p>✔ Hohe Heizleistung<br>
✔ ​​Geringer Aschegehalt<br>
✔ Saubere und umweltfreundliche Verbrennung<br>
✔ ​​Kompatibel mit allen Pelletöfen</p>

<p>Entscheiden Sie sich für effizientes, sparsames und umweltfreundliches Heizen.</p>",Chiemgau Pellets GmbH,Heim & Garten > Zubehör für Kamine & Holzöfen > Feuerholz & Brennstoffe,"Holzpellets, Pelletkessel > Pelletkessel2","",true,Title,Default Title,,,,,,,,PP7-470-001,0.0,shopify,25,deny,manual,470.00,,true,true,,,,,"",https://cdn.shopify.com/s/files/1/1001/3504/3446/files/BIO-TECHNIK_PELLET_PALETTE_ZU_50_S_CKEN_ZU_15_KG-1.jpg?v=1782588080,1,BIO-TECHNIK PELLET – PALETTE ZU 50 SÄCKEN ZU 15 KG,false,BIO-TECHNIK PELLET – PALETTE ZU 50 SÄCKEN ZU 15 KG,"Unsere BIO-TECHNIK PELLET bestehen zu 100 % aus natürlichem Sägemehl – ​​ganz ohne Zusatzstoffe oder chemische Bindemittel. Getrocknet und hochverdichtet garantieren sie eine saubere Verbrennung, hohe Energieeffizienz und minimale Aschebildung. Dank ihres geringen Feuchtigkeitsgehalts liefern unsere Pellets eine gleich",625,,,CHI-470-001,new,TRUE,,,,,,TRUE,,beige,,,holz,,,,https://cdn.shopify.com/s/files/1/1001/3504/3446/files/BIO-TECHNIK_PELLET_PALETTE_ZU_50_S_CKEN_ZU_15_KG-1.jpg?v=1782588080,kg,,,active
buchenholzbriketts-ruf-960kg,Buchenholzbriketts -RUF/960kg,"<div class=""wc-tab-inner wd-scroll-content"">
 

<p>Die Buchenholzbriketts bestehen ausschließlich aus sehr feinen Bestandteilen (Sägemehl und Sägestaub).</p>
<p>Aufgrund des ausgesuchtem Materials und wegen der hohen Kompression (300 – 400 bar), sind die Buchenholzbriketts ein sehr sauberes, kompaktes und universell einsetzbares Produkt. Die Verbrennung erfolgt recht gleichmäßig und ruhig. Das Brikett verhält sich dabei recht starr. Es behält sehr schön die Form und glüht langsam und gleichmäßig durch. Sollten Sie nach etwa 1 Stunde Flammdauer das Flammbild vermissen, dann legen Sie einfach ein neues Brikett, etwas Holz oder ein paar Stückchen Nadelholzbriketts nach. Die Buchenholzbriketts sorgen für die Glutdauer.</p>
<p>Die Holzbriketts sind zertifiziert nach DINplus (DIN EN ISO 17225-3).</p>
 </div>",Chiemgau Pellets GmbH,Heim & Garten > Zubehör für Kamine & Holzöfen > Feuerholz & Brennstoffe > Komprimierte Feuerholzscheite,Holzbrikett,"",true,Title,Default Title,,,,,,,,PP7-987-JK8,0.0,shopify,29,deny,manual,210.00,,true,true,,,,,"",https://cdn.shopify.com/s/files/1/1001/3504/3446/files/DV_Buchenholzbriketts_-RUF_960kg.jpg?v=1782588014,1,Buchenholzbriketts -RUF/960kg,false,Buchenholzbriketts -RUF/960kg,"Die Buchenholzbriketts bestehen ausschließlich aus sehr feinen Bestandteilen (Sägemehl und Sägestaub). Aufgrund des ausgesuchtem Materials und wegen der hohen Kompression (300 – 400 bar), sind die Buchenholzbriketts ein sehr sauberes, kompaktes und universell einsetzbares Produkt. Die Verbrennung erfolgt recht gleichmä",625,,,WC-71,new,TRUE,,,,,,TRUE,,,,,,,,,https://cdn.shopify.com/s/files/1/1001/3504/3446/files/DV_Buchenholzbriketts_-RUF_960kg.jpg?v=1782588014,kg,,,active
comfy-cosy-pellet-palette-mit-65-sacken-von-18-1-kg,"COMFY COSY PELLET – PALETTE MIT 65 SÄCKEN VON 18,1 KG","<p>Unsere COMFY COSY PELLET bestehen zu 100 % aus natürlichem Sägemehl – ​​ganz ohne Zusatzstoffe oder chemische Bindemittel. Getrocknet und hochverdichtet garantieren sie eine saubere Verbrennung, hohe Energieeffizienz und minimale Aschebildung.</p>

<p>Dank ihres geringen Feuchtigkeitsgehalts liefern unsere Pellets eine gleichmäßige und sparsame Wärme, die Ihr Heizsystem schont. Sie eignen sich ideal für alle Arten von Pelletöfen und -kesseln und bieten eine zuverlässige und nachhaltige Heizlösung für den Winter.</p>

<p>✔ Hohe Heizleistung<br>
✔ ​​Geringer Aschegehalt<br>
✔ Saubere und umweltfreundliche Verbrennung<br>
✔ ​​Kompatibel mit allen Pelletöfen</p>

<p>Entscheiden Sie sich für effizientes, sparsames und umweltfreundliches Heizen.</p>",Chiemgau Pellets GmbH,Heim & Garten > Zubehör für Kamine & Holzöfen > Feuerholz & Brennstoffe,"Holzpellets, Pelletkessel > Pelletkessel2","",true,Title,Default Title,,,,,,,,PP7-8899-001,0.0,shopify,24,deny,manual,899.00,,true,true,,,,,"",https://cdn.shopify.com/s/files/1/1001/3504/3446/files/b_COMFY_COSY_PELLET_PALETTE_MIT_65_S_CKEN_VON_18_1_KG.jpg?v=1782587965,1,"COMFY COSY PELLET – PALETTE MIT 65 SÄCKEN VON 18,1 KG",false,"COMFY COSY PELLET – PALETTE MIT 65 SÄCKEN VON 18,1 KG","Unsere COMFY COSY PELLET bestehen zu 100 % aus natürlichem Sägemehl – ​​ganz ohne Zusatzstoffe oder chemische Bindemittel. Getrocknet und hochverdichtet garantieren sie eine saubere Verbrennung, hohe Energieeffizienz und minimale Aschebildung. Dank ihres geringen Feuchtigkeitsgehalts liefern unsere Pellets eine gleichm",625,,,CHI-8899-001,new,TRUE,,,,,,TRUE,,grau,,,,,,,https://cdn.shopify.com/s/files/1/1001/3504/3446/files/b_COMFY_COSY_PELLET_PALETTE_MIT_65_S_CKEN_VON_18_1_KG.jpg?v=1782587965,kg,,,active
coterram-pellet-palette-von-70-sacken-mit-15-kg,COTERRAM PELLET – PALETTE VON 70 SÄCKEN MIT 15 KG,"<p>Unsere COTERRAM PELLET bestehen zu 100 % aus natürlichem Sägemehl – ​​ganz ohne Zusatzstoffe oder chemische Bindemittel. Getrocknet und hochverdichtet garantieren sie eine saubere Verbrennung, hohe Energieeffizienz und minimale Aschebildung.</p>

<p>Dank ihres geringen Feuchtigkeitsgehalts liefern unsere Pellets eine gleichmäßige und sparsame Wärme, die Ihr Heizsystem schont. Sie eignen sich ideal für alle Arten von Pelletöfen und -kesseln und bieten eine zuverlässige und nachhaltige Heizlösung für den Winter.</p>

<p>✔ Hohe Heizleistung<br>
✔ ​​Geringer Aschegehalt<br>
✔ Saubere und umweltfreundliche Verbrennung<br>
✔ ​​Kompatibel mit allen Pelletöfen</p>

<p>Entscheiden Sie sich für effizientes, sparsames und umweltfreundliches Heizen.</p>",Chiemgau Pellets GmbH,Heim & Garten > Zubehör für Kamine & Holzöfen > Feuerholz & Brennstoffe > Holzpellets,Holzpellets,"",true,Title,Default Title,,,,,,,,PP7-794-001,0.0,shopify,22,deny,manual,794.00,,true,true,,,,,"",https://cdn.shopify.com/s/files/1/1001/3504/3446/files/b83_COTERRAM_PELLET_PALETTE_VON_70_S_CKEN_MIT_15_KG.jpg?v=1782587872,1,COTERRAM PELLET – PALETTE VON 70 SÄCKEN MIT 15 KG,false,COTERRAM PELLET – PALETTE VON 70 SÄCKEN MIT 15 KG,"Unsere COTERRAM PELLET bestehen zu 100 % aus natürlichem Sägemehl – ​​ganz ohne Zusatzstoffe oder chemische Bindemittel. Getrocknet und hochverdichtet garantieren sie eine saubere Verbrennung, hohe Energieeffizienz und minimale Aschebildung. Dank ihres geringen Feuchtigkeitsgehalts liefern unsere Pellets eine gleichmäß",625,,,CHI-794-001,new,TRUE,,,,,,TRUE,,,,,,,,,https://cdn.shopify.com/s/files/1/1001/3504/3446/files/b83_COTERRAM_PELLET_PALETTE_VON_70_S_CKEN_MIT_15_KG.jpg?v=1782587872,kg,,,active
enerbio-pellet-palette-mit-77-sacken-zu-15-kg,ENERBIO-PELLET – PALETTE MIT 77 SÄCKEN ZU 15 KG,"<p>Unsere ENERBIO-PELLET bestehen zu 100 % aus natürlichem Sägemehl – ​​ganz ohne Zusatzstoffe oder chemische Bindemittel. Getrocknet und hochverdichtet garantieren sie eine saubere Verbrennung, hohe Energieeffizienz und minimale Aschebildung.</p>

<p>Dank ihres geringen Feuchtigkeitsgehalts liefern unsere Pellets eine gleichmäßige und sparsame Wärme, die Ihr Heizsystem schont. Sie eignen sich ideal für alle Arten von Pelletöfen und -kesseln und bieten eine zuverlässige und nachhaltige Heizlösung für den Winter.</p>

<p>✔ Hohe Heizleistung<br>
✔ ​​Geringer Aschegehalt<br>
✔ Saubere und umweltfreundliche Verbrennung<br>
✔ ​​Kompatibel mit allen Pelletöfen</p>

<p>Entscheiden Sie sich für effizientes, sparsames und umweltfreundliches Heizen.</p>",Chiemgau Pellets GmbH,Heim & Garten > Zubehör für Kamine & Holzöfen > Feuerholz & Brennstoffe,"Holzpellets, Pelletkessel > Pelletkessel2","",true,Title,Default Title,,,,,,,,PP7-968-450,0.0,shopify,22,deny,manual,450.00,,true,true,,,,,"",https://cdn.shopify.com/s/files/1/1001/3504/3446/files/a16-ENERBIO-PELLET_PALETTE_MIT_77_S_CKEN_ZU_15_KG.jpg?v=1782587810,1,ENERBIO-PELLET – PALETTE MIT 77 SÄCKEN ZU 15 KG,false,ENERBIO-PELLET – PALETTE MIT 77 SÄCKEN ZU 15 KG,"Unsere ENERBIO-PELLET bestehen zu 100 % aus natürlichem Sägemehl – ​​ganz ohne Zusatzstoffe oder chemische Bindemittel. Getrocknet und hochverdichtet garantieren sie eine saubere Verbrennung, hohe Energieeffizienz und minimale Aschebildung. Dank ihres geringen Feuchtigkeitsgehalts liefern unsere Pellets eine gleichmäßi",625,,,WC-95,new,TRUE,,,,,,TRUE,,beige,,,holz,,,,https://cdn.shopify.com/s/files/1/1001/3504/3446/files/a16-ENERBIO-PELLET_PALETTE_MIT_77_S_CKEN_ZU_15_KG.jpg?v=1782587810,kg,,,active
esche-brennholz-kammergetrocknet-2rm-25-cm,Esche Brennholz Kammergetrocknet – 2rm – 25 cm,"<div class=""wc-tab-inner wd-scroll-content"">
 

<p>Esche hat eine warme und ruhige Flamme, es spritzt absolut nicht. Dadurch, dass Esche eine harte Holzsorte ist, kann man es prima in größeren Kaminen und Öfen verwenden. Esche brennt langsam und hat einen herrlichen Duft.</p>
<ul>
<li>Ofengetrocknet</li>
<li>Feuchtigkeitsgehalt &lt; 20 %</li>
<li>Direkt verfeuerbar</li>
<li>Harte Holzsorte, lange Brennzeit</li>
<li>Länge der Scheite 25 cm</li>
<li>für mittelgroße Kamine und Öfen</li>
<li>Palette 200 x 85 x 120 cm</li>
<li>Inhalt: 1,8 Kubikmeter</li>
<li>stabile Kiste, kompakt gestapelt</li>
<li>Innerhalb von 48 Stunden geliefert</li>
<li>sicher bestellen und bezahlen</li>
</ul>
<table id=""product-attribute-specs-table"" class=""data-table"">
<tbody>
<tr class=""manufacturer even"">
<th class=""label"">Marke</th>
<td class=""data last"">Eschenholz</td>
</tr>
<tr class=""afmetingen odd"">
<th class=""label"">Verpackung</th>
<td class=""data last"">120 x 85 x 200 cm (B x T x H) inklusiv Palette</td>
</tr>
<tr class=""humidity even"">
<th class=""label"">Restfeuchte</th>
<td class=""data last"">&lt; 20%</td>
</tr>
<tr class=""intersection_wood_logs odd"">
<th class=""label"">Abschnitt</th>
<td class=""data last"">8 bis 15 cm</td>
</tr>
<tr class=""gewicht even"">
<th class=""label"">Gewicht</th>
<td class=""data last"">900 kg</td>
</tr>
<tr class=""volume odd"">
<th class=""label"">Inhalt</th>
<td class=""data last"">1,8 RM</td>
</tr>
<tr class=""material_haardstel even"">
<th class=""label"">Material</th>
<td class=""data last"">Esche brennholz</td>
</tr>
<tr class=""bijzonderheden odd"">
<th class=""label"">Einzelheiten</th>
<td class=""data last"">Wenn es nach unseren Kunden geht, ist dies das Beste Kaminholz</td>
</tr>
<tr class=""wood_type last even"">
<th class=""label"">Brennholz Arten</th>
<td class=""data last"">Kammergetrocknet Esche</td>
</tr>
</tbody>
</table>
 </div>",Chiemgau Pellets GmbH,Heim & Garten > Zubehör für Kamine & Holzöfen > Feuerholz & Brennstoffe > Feuerholz,Brennholz,"",true,Title,Default Title,,,,,,,,PP7-189-001,0.0,shopify,23,deny,manual,189.00,,true,true,,,,,"",https://cdn.shopify.com/s/files/1/1001/3504/3446/files/AQ_Esche_Brennholz_Kammergetrocknet_2rm_25_cm.jpg?v=1782587748,1,Esche Brennholz Kammergetrocknet – 2rm – 25 cm,false,Esche Brennholz Kammergetrocknet – 2rm – 25 cm,"Esche hat eine warme und ruhige Flamme, es spritzt absolut nicht. Dadurch, dass Esche eine harte Holzsorte ist, kann man es prima in größeren Kaminen und Öfen verwenden. Esche brennt langsam und hat einen herrlichen Duft. Ofengetrocknet Feuchtigkeitsgehalt &lt; 20 % Direkt verfeuerbar Harte Holzsorte, lange Brennzeit L",625,,,CHI-189-001,new,TRUE,,,,,,TRUE,,braun-1,brennholzscheite-1,kammergetrocknet,eschenholz,,,,https://cdn.shopify.com/s/files/1/1001/3504/3446/files/AQ_Esche_Brennholz_Kammergetrocknet_2rm_25_cm.jpg?v=1782587748,kg,,,active
fidipell-pellets-enplus-a1-15-kg-65-sacke-975-kg,"Fidipell Pellets ENplus A1 15 kg 65 Säcke, 975 kg","<div class=""wc-tab-inner wd-scroll-content"">
 

<p><strong>Fidipell Pellets ENplus A1 à 15 kg 65 Säcke</strong></p>
<p>Fidipell Premium Holzpellets sind nach ENplus A1 zertifiziert. Fidipell-Pellets werden in Deutschland hergestellt. Sehr <strong>hoher Heizwert von 4,9 KwH/Kg</strong>.</p>
<p>Unsere Premium-Holzpellets sind nach ENplus A1 zertifiziert und garantieren dank bester Qualitätskriterien einen störungsfreien Betrieb der Heizungsanlage.</p>
<table class=""woocommerce-product-attributes shop_attributes"">
<tbody>
<tr class=""woocommerce-product-attributes-item woocommerce-product-attributes-item--attribute_material"">
<th class=""woocommerce-product-attributes-item__label"">Material</th>
<td class=""woocommerce-product-attributes-item__value"">Weichholz</td>
</tr>
<tr class=""woocommerce-product-attributes-item woocommerce-product-attributes-item--attribute_certificering"">
<th class=""woocommerce-product-attributes-item__label"">Certificering</th>
<td class=""woocommerce-product-attributes-item__value"">ENplus A1</td>
</tr>
<tr class=""woocommerce-product-attributes-item woocommerce-product-attributes-item--attribute_verpackung"">
<th class=""woocommerce-product-attributes-item__label"">Verpackung</th>
<td class=""woocommerce-product-attributes-item__value"">120 x 85 x 100 cm</td>
</tr>
<tr class=""woocommerce-product-attributes-item woocommerce-product-attributes-item--attribute_restfeuchte"">
<th class=""woocommerce-product-attributes-item__label"">Restfeuchte</th>
<td class=""woocommerce-product-attributes-item__value"">&lt; 10%</td>
</tr>
<tr class=""woocommerce-product-attributes-item woocommerce-product-attributes-item--attribute_scheitl%c3%a4nge"">
<th class=""woocommerce-product-attributes-item__label"">Scheitlänge</th>
<td class=""woocommerce-product-attributes-item__value"">Ca 11mm</td>
</tr>
<tr class=""woocommerce-product-attributes-item woocommerce-product-attributes-item--attribute_abschnitt"">
<th class=""woocommerce-product-attributes-item__label"">Abschnitt</th>
<td class=""woocommerce-product-attributes-item__value"">6mm</td>
</tr>
<tr class=""woocommerce-product-attributes-item woocommerce-product-attributes-item--attribute_inhalt"">
<th class=""woocommerce-product-attributes-item__label"">Inhalt</th>
<td class=""woocommerce-product-attributes-item__value"">65 Säcke à 15kg</td>
</tr>
<tr class=""woocommerce-product-attributes-item woocommerce-product-attributes-item--attribute_gewicht"">
<th class=""woocommerce-product-attributes-item__label"">Gewicht</th>
<td class=""woocommerce-product-attributes-item__value"">975kg</td>
</tr>
</tbody>
</table>
 </div>",Chiemgau Pellets GmbH,Heim & Garten > Zubehör für Kamine & Holzöfen > Feuerholz & Brennstoffe > Holzpellets,Holzpellets,"",true,Title,Default Title,,,,,,,,PP7-986-220,0.0,shopify,21,deny,manual,220.00,,true,true,,,,,"",https://cdn.shopify.com/s/files/1/1001/3504/3446/files/MSDDFidipell_Pellets_ENplus_A1_15_kg_65_S_cke.jpg?v=1782587680,1,"Fidipell Pellets ENplus A1 15 kg 65 Säcke, 975 kg",false,"Fidipell Pellets ENplus A1 15 kg 65 Säcke, 975 kg","Fidipell Pellets ENplus A1 à 15 kg 65 Säcke Fidipell Premium Holzpellets sind nach ENplus A1 zertifiziert. Fidipell-Pellets werden in Deutschland hergestellt. Sehr hoher Heizwert von 4,9 KwH/Kg . Unsere Premium-Holzpellets sind nach ENplus A1 zertifiziert und garantieren dank bester Qualitätskriterien einen störungsfre",625,,,WC-73,new,TRUE,,,,,,TRUE,,,,,,,,,https://cdn.shopify.com/s/files/1/1001/3504/3446/files/MSDDFidipell_Pellets_ENplus_A1_15_kg_65_S_cke.jpg?v=1782587680,kg,,,active
hartholzbriketts-buche-eiche-rund-im-karton-960kg,"Hartholzbriketts Buche – Eiche rund im Karton , 960kg","<div class=""wc-tab-inner wd-scroll-content"">
 

<div class=""content--title"">„Hartholzbriketts Buche/Eiche rund im Karton – 960kg-Palette“</div>
<div class=""product--description"">

<p><span data-mce-mark=""1"">Diese Holzbriketts sind der <strong>Allrounder</strong> in unserem Holzbrikettangebot. Gepresst aus <strong>100% naturbelassenem</strong>, zusatzstoffreien Holz sind sie auf Grund ihrer Form und Größe für <strong>jeden</strong> <strong>Ofen</strong> verwendbar. Die Brenndauer ist im Vergleich zu eckigen Holzbriketts länger, was sie zu ausgezeichneten <strong>Gluthaltern</strong> macht. Die Lieferung erfolgt via Spedition frei Bordsteinkante. Falls Sie kleinere Mengen benötigen, sind diese Hartholzbriketts auch im <strong>praktischen 30kg-Karton</strong> erhältlich.</span></p>
<p><span data-mce-mark=""1""><strong>Überblick:</strong></span></p>
<ul>
<li>Naturbelassene, zusatzstofffreie Holzspäne, in Brikettierpressen unter hohem Druck in Form gepresst</li>
<li>Kontrolliertes und besonders langsames Abbrennen</li>
<li>Hoher Heizwert</li>
<li>Praktische Lagerung</li>
<li>Lieferung frei Bordsteinkante</li>
<li>Ebenfalls in praktischen <strong>30kg-Kartons </strong>verfügbar</li>
<li>Auch Selbstabholung möglich</li>
</ul>
<p><strong>Details:</strong></p>
<ul>
<li>Holzart: Buche / Eiche</li>
<li>Form: Rund</li>
<li>Länge: ca. 26 cm</li>
<li>Durchmesser: ca. 7 cm</li>
<li>Brennwert: ca. 5 kWh/kg</li>
<li>Restfeuchtigkeit: ca. 7-10%</li>
<li>Abbildungen ähnlich</li>
</ul>
</div>
<p>Länge: 120 cm<br>
Breite: 80 cm<br>
Höhe: 140 cm<br>
Gewicht (ca.): 960 kg</p>
 </div>",Chiemgau Pellets GmbH,Heim & Garten > Zubehör für Kamine & Holzöfen > Feuerholz & Brennstoffe > Komprimierte Feuerholzscheite,Holzbrikett,"",true,Title,Default Title,,,,,,,,PP7-987-9A9,0.0,shopify,27,deny,manual,215.00,,true,true,,,,,"",https://cdn.shopify.com/s/files/1/1001/3504/3446/files/01Hartholzbriketts_Buche_Eiche_rund_im_Karton_960kg.jpg?v=1782587569,1,"Hartholzbriketts Buche – Eiche rund im Karton , 960kg",false,"Hartholzbriketts Buche – Eiche rund im Karton , 960kg","„Hartholzbriketts Buche/Eiche rund im Karton – 960kg-Palette“ Diese Holzbriketts sind der Allrounder in unserem Holzbrikettangebot. Gepresst aus 100% naturbelassenem , zusatzstoffreien Holz sind sie auf Grund ihrer Form und Größe für jeden Ofen verwendbar. Die Brenndauer ist im Vergleich zu eckigen Holzbriketts länger,",625,,,WC-70,new,TRUE,,,,,,TRUE,,,,,eichenholz,,,,https://cdn.shopify.com/s/files/1/1001/3504/3446/files/01Hartholzbriketts_Buche_Eiche_rund_im_Karton_960kg.jpg?v=1782587569,kg,,,active
hartholzbriketts-eckig-in-folie-960kg,"Hartholzbriketts eckig in Folie , 960kg","<div class=""wc-tab-inner wd-scroll-content"">
 

<div class=""content--title"">„Hartholzbriketts eckig in Folie – 960kg-Palette“</div>
<div class=""product--description"">

<p>Diese zusatzstofffreien Holzbriketts aus <strong>naturbelassenen</strong> <strong>Hartholzspänen</strong> eignen sich ideal für <strong>kleinere</strong> bis <strong>mittlere</strong> <strong>Öfen</strong>. Sie zeichnen sich durch ihre <strong>schnelle</strong> <strong>Wärmeabgabe</strong> aus und ermöglichen ein besonders <strong>effizientes</strong>, <strong>sauberes</strong> und <strong>nachhaltiges </strong>Heizen mit Holz. Hervorragend geeignet sind diese Briketts zudem zum Anheizen und in der Kombination mit unseren runden Briketts. Die Lieferung erfolgt via Spedition frei Bordsteinkante. Diese Briketts sind auch in <strong>praktischen </strong><strong>30kg-Kartons</strong> verfügbar.</p>
<p><strong>Überblick:</strong></p>
<ul>
<li>Naturbelassene Holzspäne, in Brikettierpressen unter hohem Druck in Form gepresst</li>
<li>Kontrolliertes Abbrennen</li>
<li>Hoher Heizwert</li>
<li>Praktische Lagerung</li>
<li>Lieferung frei Bordsteinkante</li>
<li>Ebenfalls als praktischer <strong>30kg-Karton </strong>verfügbar</li>
<li>Auch Selbstabholung möglich</li>
</ul>
<p><strong>Details:</strong></p>
<ul>
<li>Holzart: Hartholz</li>
<li>Maße: ca. 15 x 6 x 10 cm</li>
<li>Brennwert: ca. 5 kWh/kg</li>
<li>Restfeuchtigkeit: ca. 7-10%</li>
<li>Abbildungen ähnlich</li>
</ul>
</div>
<p>Länge: 120 cm<br>
Breite: 80 cm<br>
Höhe: 140 cm<br>
Gewicht (ca.): 960 kg</p>
 </div>",Chiemgau Pellets GmbH,Heim & Garten > Zubehör für Kamine & Holzöfen > Feuerholz & Brennstoffe > Komprimierte Feuerholzscheite,Holzbrikett,"",true,Title,Default Title,,,,,,,,PP7-199-001,0.0,shopify,25,deny,manual,199.00,,true,true,,,,,"",https://cdn.shopify.com/s/files/1/1001/3504/3446/files/Harthol-ohne-Folie_600x600_6-6f04-43c8-9c9e-b6e436bd6885.jpg?v=1782587501,1,"Hartholzbriketts eckig in Folie , 960kg",false,"Hartholzbriketts eckig in Folie , 960kg","„Hartholzbriketts eckig in Folie – 960kg-Palette“ Diese zusatzstofffreien Holzbriketts aus naturbelassenen Hartholzspänen eignen sich ideal für kleinere bis mittlere Öfen . Sie zeichnen sich durch ihre schnelle Wärmeabgabe aus und ermöglichen ein besonders effizientes , sauberes und nachhaltiges Heizen mit Holz. Hervor",625,,,CHI-199-001,new,TRUE,,,,,,TRUE,,,brennholzscheite,,holz,,,,https://cdn.shopify.com/s/files/1/1001/3504/3446/files/Harthol-ohne-Folie_600x600_6-6f04-43c8-9c9e-b6e436bd6885.jpg?v=1782587501,kg,,,active
heizfuxx-holzpellets-red-15kg-x-65-sack-975kg-palette,Heizfuxx Holzpellets Red 15kg x 65 Sack 975kg Palette,"<p>Holzpellets Red 15 kg<br> ENplus A1 • Hartholz • Heizwert ≥ 4,6 kWh/kg</p> <p>Beschreibung<br> ● Hartholzpellets mit einem besonders hohen Heizwert<br> ● Kein Zusatz chemischer Bindemittel<br> ● Pellets aus nachhaltiger Waldwirtschaft<br> ● Laborgeprüft durch Eurofins gemäß DIN EN ISO 17225-2<br> ● Schnell anzündbar und hoher Heizwert<br> ● Geringer Asche- und Feinanteil<br> ● Saubere und staubfreie Aufbewahrung</p> <p>Produktdetails<br> Länge: 3,15 – 40 mm<br> Holzart: Hartholz<br> Durchmesser: Ø 6 (±1) mm<br> Produktsortiment: Holzpellets<br> Zertifikat: ENplus A1<br> Zertifikat-ID: DE-433<br> Schüttdichte (≥): 675 kg/m³<br> Ascheerweichungstemperatur: 1.200 °C<br> Restfeuchtigkeit: ≤ 10,0 %<br> Feinanteil: ≤ 0,5 %<br> Heizwert: ≥ 4,6 kWh/kg<br> Aschegehalt: ≤ 0,7 %<br> Techn. Norm: DIN EN ISO 17225-2<br> Festigkeit: ≥ 98,0 %</p> <p>Warn- und Sicherheitshinweise<br> Holzpellets sind ein sicherer und effizienter Brennstoff, der ausschließlich in zugelassenen<br> Pelletheizsystemen verwendet werden darf. Die Lagerung muss trocken und gut belüftet<br> erfolgen, um Qualitätsverluste und Risiken durch Feuchtigkeit zu vermeiden. Staub, der<br> beim Umgang entstehen kann, sollte durch ausreichende Belüftung minimiert werden.<br> Holzpellets sind leicht entflammbar und müssen von offenen Flammen, Funken oder<br> Zündquellen ferngehalten werden. Kinder und Haustiere dürfen keinen Zugang zu den<br> Pellets haben.</p> <p>Konformitätserklärung</p> <p>Hiermit wird bestätigt, dass die angebotenen Holzpellets den Anforderungen der General<br> Product Safety Regulation (GPSR) entsprechen. Sie wurden gemäß der Norm DIN EN ISO<br> 17225-2 geprüft, welche die Anforderungen an die Qualität und Sicherheit von Holzpellets<br> für nichtindustrielle Anwendungen festlegt. Die Pellets erfüllen somit die geltenden<br> Sicherheits- und Qualitätsstandards und sind für den sicheren Einsatz in geeigneten<br> Heizgeräten vorgesehen</p>",LEAG Pellets GmbH,,Holzbriketts,Holzbriketts,true,Title,Default Title,,,,,,,,DE-473385,0.0,shopify,100,deny,manual,381.00,,true,true,,,,,,https://cdn.shopify.com/s/files/1/1001/3504/3446/files/836885324.webp?v=1786810353,1,Heizfuxx Holzpellets Red 15kg x 65 Sack 975kg Palette,false,Heizfuxx Holzpellets Red 15kg x 65 Sack 975kg Palette,🚚 Lieferzeit: 2–8 Werktage (Montag bis Freitag) Kostenloser Versand auf alle Bestellungen ✔ Zufriedenheitsgarantie ✔ Einfache Rückgabe und Rückerstattung ✔ Sichere Zahlung ✔ 2 Jahre Herstellergarantie,"Hardware > Heating, Ventilation & Air Conditioning > Fuel > Wood Pellets & Biomass Fuel",,,DE-473385,new,FALSE,,,,,,FALSE,,,,,,,,,,kg,,,active
heizfuxx-nestro-hartholz-m-12kg-x-81-karton-972kg-palette,Heizfuxx Nestro Hartholz M 12kg x 81 Karton 972kg Palette,"<p>Nestro Hartholz M 12 kg<br> Laborgeprüft • Heizwert ≥ 4,8 kWh/kg • Asche: ≤ 3,5 %</p> <p>Beschreibung<br> ● Reines Buchenholz ohne chemische Bindemittel<br> ● FSC®- zertifiziertes Rohholz<br> ● Lange Brenndauer mit ruhigem Flammenbild<br> ● Sehr sauber im Karton verpackt und sofort einsetzbar<br> ● Leicht portionierbar u.a. in Kamin, Grill oder Pizzaofen</p> <p>Produktdetails<br> Aschegehalt: ≤ 3,5 %<br> Typ: Nestro (Rundbrikett ohne Loch)<br> Heizwert: ≥ 4,8 kWh/kg<br> Länge: 240 (+/-10) mm<br> Produktsortiment: Holzbriketts<br> Restfeuchtigkeit: ≤ 8,0 %<br> Durchmesser: 80 – 90 (±1) mm<br> Partikeldichte: ≥ 1,0 g/cm³<br> Techn. Norm: DIN EN ISO 17225-3<br> Zertifikat: Eurofins (Laborgeprüft)</p> <p>Warn- und Sicherheitshinweise<br> Holzbriketts sind ein sicherer und effizienter Brennstoff, der ausschließlich in zugelassenen<br> Öfen und Kaminen verwendet werden darf. Die Lagerung muss trocken und gut belüftet<br> erfolgen, um Qualitätsverluste und Risiken durch Feuchtigkeit zu vermeiden. Staub, der<br> beim Umgang entstehen kann, sollte durch ausreichende Belüftung minimiert werden.<br> Holzbriketts sind leicht entflammbar und müssen von offenen Flammen, Funken oder<br> Zündquellen ferngehalten werden. Kinder und Haustiere dürfen keinen Zugang zu den<br> Briketts haben.</p> <p>Konformitätserklärung<br> Hiermit wird bestätigt, dass die angebotenen Holzbriketts den Anforderungen der General<br> Product Safety Regulation (GPSR) entsprechen. Sie wurden gemäß der Norm DIN EN ISO<br> 17225-3 geprüft, welche die Anforderungen an die Qualität und Sicherheit von Holzbriketts<br> für nichtindustrielle Anwendungen festlegt. Die Briketts erfüllen somit die geltenden<br> Sicherheits- und Qualitätsstandards und sind für den sicheren Einsatz in geeigneten<br> Heizgeräten vorgesehen</p>",LEAG Pellets GmbH,,Holzbriketts,Holzbriketts,true,Title,Default Title,,,,,,,,11580-1,0.0,shopify,100,deny,manual,381.00,,true,true,,,,,,https://cdn.shopify.com/s/files/1/1001/3504/3446/files/836879116.webp?v=1786810352,1,Heizfuxx Nestro Hartholz M 12kg x 81 Karton 972kg Palette,false,Heizfuxx Nestro Hartholz M 12kg x 81 Karton 972kg Palette,🚚 Lieferzeit: 2–8 Werktage (Montag bis Freitag) Kostenloser Versand auf alle Bestellungen ✔ Zufriedenheitsgarantie ✔ Einfache Rückgabe und Rückerstattung ✔ Sichere Zahlung ✔ 2 Jahre Herstellergarantie,"Hardware > Heating, Ventilation & Air Conditioning > Fuel > Wood Pellets & Biomass Fuel",,,11580-1,new,FALSE,,,,,,FALSE,,,,,,,,,,kg,,,active
heizfuxx-nestro-xl-blue-10kg-x-96-gebinde-960kg-palette,Heizfuxx Nestro XL Blue 10kg x 96 Gebinde 960kg Palette,"<p>Beschreibung<br> ● Reines Holz aus deutschem Sägewerk<br> ● Runde Nadelholzbriketts für Kachelöfen, Holzheizungen, Feuerschalen u.ä.<br> ● Hoher Heizwert mit langer Glimmdauer<br> ● Besonders schnelle Wärmeentwiklung<br> ● Extrem wenig Asche<br> ● Praktisch, stapelbar und sofort einsetzbar</p> <p>Typ: Nestro (Rundbrikett ohne Loch)<br> Produktsortiment: Holzbriketts<br> Länge: 280 (+/- 50) mm<br> Durchmesser: 90 – 100 mm<br> Restfeuchtigkeit: ≤ 12,0 %<br> Partikeldichte: ≥ 1,0 g/cm³<br> Techn. Norm: DIN EN ISO 17225-3<br> Heizwert: ≥ 4,6 kWh/kg<br> Aschegehalt: ≤ 1,0 %</p> <p>Warn- und Sicherheitshinweise<br> Holzbriketts sind ein sicherer und effizienter Brennstoff, der ausschließlich in zugelassenen<br> Öfen und Kaminen verwendet werden darf. Die Lagerung muss trocken und gut belüftet<br> erfolgen, um Qualitätsverluste und Risiken durch Feuchtigkeit zu vermeiden. Staub, der<br> beim Umgang entstehen kann, sollte durch ausreichende Belüftung minimiert werden.<br> Holzbriketts sind leicht entflammbar und müssen von offenen Flammen, Funken oder<br> Zündquellen ferngehalten werden. Kinder und Haustiere dürfen keinen Zugang zu den<br> Briketts haben.<br> Konformitätserklärung<br> Hiermit wird bestätigt, dass die angebotenen Holzbriketts den Anforderungen der General<br> Product Safety Regulation (GPSR) entsprechen. Sie wurden gemäß der Norm DIN EN ISO<br> 17225-3 geprüft, welche die Anforderungen an die Qualität und Sicherheit von Holzbriketts<br> für nichtindustrielle Anwendungen festlegt. Die Briketts erfüllen somit die geltenden<br> Sicherheits- und Qualitätsstandards und sind für den sicheren Einsatz in geeigneten<br> Heizgeräten vorgesehen.</p>",LEAG Pellets GmbH,,Holzbriketts,Holzbriketts,true,Title,Default Title,,,,,,,,10225-4,0.0,shopify,100,deny,manual,381.00,,true,true,,,,,,https://cdn.shopify.com/s/files/1/1001/3504/3446/files/836883083.webp?v=1786810354,1,Heizfuxx Nestro XL Blue 10kg x 96 Gebinde 960kg Palette,false,Heizfuxx Nestro XL Blue 10kg x 96 Gebinde 960kg Palette,🚚 Lieferzeit: 2–8 Werktage (Montag bis Freitag) Kostenloser Versand auf alle Bestellungen ✔ Zufriedenheitsgarantie ✔ Einfache Rückgabe und Rückerstattung ✔ Sichere Zahlung ✔ 2 Jahre Herstellergarantie,"Hardware > Heating, Ventilation & Air Conditioning > Fuel > Wood Pellets & Biomass Fuel",,,10225-4,new,FALSE,,,,,,FALSE,,,,,,,,,,kg,,,active
heizfuxx-nestro-xl-red-10kg-x-96-gebinde-960kg-palette,Heizfuxx Nestro XL Red 10kg x 96 Gebinde 960kg Palette,"<p>Nestro XL Red 10 kg<br> Hartholz • Heizwert ≥ 4,8 kWh/kg • Asche: ≤ 1,5 %</p> <p>Beschreibung<br> ● Natürliches Hartholz ohne chemische Bindemittel<br> ● FSC®- zertifiziert<br> ● Lange Brenndauer mit ruhigem Flammenbild<br> ● Leicht zu brechen, portionierbar und damit sofort einsetzbar</p> <p>Produktdetails<br> Typ: Nestro (Rundbrikett ohne Loch)<br> Heizwert: ≥ 4,8 kWh/kg<br> Produktsortiment: Holzbriketts<br> Restfeuchtigkeit: ≤ 8,0 %<br> Länge: 280 (+/- 50) mm<br> Durchmesser: 90 – 100 mm<br> Partikeldichte: ≥ 1,0 g/cm³<br> Techn. Norm: DIN EN ISO 17225-3<br> Zertifikat: Eurofins (Laborgeprüft)<br> Aschegehalt: ≤ 1,5 %</p> <p>Warn- und Sicherheitshinweise<br> Holzbriketts sind ein sicherer und effizienter Brennstoff, der ausschließlich in zugelassenen<br> Öfen und Kaminen verwendet werden darf. Die Lagerung muss trocken und gut belüftet<br> erfolgen, um Qualitätsverluste und Risiken durch Feuchtigkeit zu vermeiden. Staub, der<br> beim Umgang entstehen kann, sollte durch ausreichende Belüftung minimiert werden.<br> Holzbriketts sind leicht entflammbar und müssen von offenen Flammen, Funken oder<br> Zündquellen ferngehalten werden. Kinder und Haustiere dürfen keinen Zugang zu den<br> Briketts haben.</p> <p>Konformitätserklärung<br> Hiermit wird bestätigt, dass die angebotenen Holzbriketts den Anforderungen der General<br> Product Safety Regulation (GPSR) entsprechen. Sie wurden gemäß der Norm DIN EN ISO<br> 17225-3 geprüft, welche die Anforderungen an die Qualität und Sicherheit von Holzbriketts<br> für nichtindustrielle Anwendungen festlegt. Die Briketts erfüllen somit die geltenden<br> Sicherheits- und Qualitätsstandards und sind für den sicheren Einsatz in geeigneten<br> Heizgeräten vorgesehen</p>",LEAG Pellets GmbH,,Holzbriketts,Holzbriketts,true,Title,Default Title,,,,,,,,12225-3,0.0,shopify,100,deny,manual,276.00,,true,true,,,,,,https://cdn.shopify.com/s/files/1/1001/3504/3446/files/836882949.webp?v=1786810355,1,Heizfuxx Nestro XL Red 10kg x 96 Gebinde 960kg Palette,false,Heizfuxx Nestro XL Red 10kg x 96 Gebinde 960kg Palette,🚚 Lieferzeit: 2–8 Werktage (Montag bis Freitag) Kostenloser Versand auf alle Bestellungen ✔ Zufriedenheitsgarantie ✔ Einfache Rückgabe und Rückerstattung ✔ Sichere Zahlung ✔ 2 Jahre Herstellergarantie,"Hardware > Heating, Ventilation & Air Conditioning > Fuel > Wood Pellets & Biomass Fuel",,,12225-3,new,FALSE,,,,,,FALSE,,,,,,,,,,kg,,,active
heizfuxx-pinikay-octagon-10kg-x-30-gebinde-300kg-palette,Heizfuxx PiniKay Octagon 10kg x 30 Gebinde 300kg Palette,"<p>PiniKay Octagon 10 kg<br> Hartholz • Heizwert ≥ 5,0 kWh/kg • Asche: ≤ 1,0 %</p> <p>Beschreibung<br> ● Holz aus nachhaltiger Waldwirtschaft (FSC®-zertifiziert)<br> ● 8-eckiger Brennstab mit Zugloch für schnellen Energiebedarf<br> ● Sehr hoher Heizwert und geringe Restfeuchtigkeit<br> ● Schnell entzündbar und geruchsneutral beim Verbrennen<br> ● Intensives Flammenbild durch sehr gute Luftzirkulation</p> <p>Produktdetails<br> Typ: PiniKay (Holzbrikett mit Loch)<br> Produktsortiment: Holzbriketts<br> Maße: 210 x 60 x 60 (+/- 1)<br> Partikeldichte: ≥ 1,0 g/cm³<br> Techn. Norm: DIN EN ISO 17225-3<br> Heizwert: ≥ 5,0 kWh/kg<br> Restfeuchtigkeit: ≤ 5,0 %<br> Aschegehalt: ≤ 1,0 %</p> <p>Warn- und Sicherheitshinweise<br> Holzbriketts sind ein sicherer und effizienter Brennstoff, der ausschließlich in zugelassenen<br> Öfen und Kaminen verwendet werden darf. Die Lagerung muss trocken und gut belüftet<br> erfolgen, um Qualitätsverluste und Risiken durch Feuchtigkeit zu vermeiden. Staub, der<br> beim Umgang entstehen kann, sollte durch ausreichende Belüftung minimiert werden.<br> Holzbriketts sind leicht entflammbar und müssen von offenen Flammen, Funken oder<br> Zündquellen ferngehalten werden. Kinder und Haustiere dürfen keinen Zugang zu den<br> Briketts haben.</p> <p>Konformitätserklärung<br> Hiermit wird bestätigt, dass die angebotenen Holzbriketts den Anforderungen der General<br> Product Safety Regulation (GPSR) entsprechen. Sie wurden gemäß der Norm DIN EN ISO<br> 17225-3 geprüft, welche die Anforderungen an die Qualität und Sicherheit von Holzbriketts<br> für nichtindustrielle Anwendungen festlegt. Die Briketts erfüllen somit die geltenden<br> Sicherheits- und Qualitätsstandards und sind für den sicheren Einsatz in geeigneten<br> Heizgeräten vorgesehen</p>",LEAG Pellets GmbH,,Holzbriketts,Holzbriketts,true,Title,Default Title,,,,,,,,17125-3,0.0,shopify,100,deny,manual,203.00,,true,true,,,,,,https://cdn.shopify.com/s/files/1/1001/3504/3446/files/836886248.webp?v=1786810356,1,Heizfuxx PiniKay Octagon 10kg x 30 Gebinde 300kg Palette,false,Heizfuxx PiniKay Octagon 10kg x 30 Gebinde 300kg Palette,🚚 Lieferzeit: 2–8 Werktage (Montag bis Freitag) Kostenloser Versand auf alle Bestellungen ✔ Zufriedenheitsgarantie ✔ Einfache Rückgabe und Rückerstattung ✔ Sichere Zahlung ✔ 2 Jahre Herstellergarantie,"Hardware > Heating, Ventilation & Air Conditioning > Fuel > Wood Pellets & Biomass Fuel",,,17125-3,new,FALSE,,,,,,FALSE,,,,,,,,,,kg,,,active
heizfuxx-pinikay-octagon-10kg-x-96-gebinde-960kg-palette,Heizfuxx PiniKay Octagon 10kg x 96 Gebinde 960kg Palette,"<p>PiniKay Octagon 10 kg<br> Hartholz • Heizwert ≥ 5,0 kWh/kg • Asche: ≤ 1,0 %</p> <p>Beschreibung<br> ● Holz aus nachhaltiger Waldwirtschaft (FSC®-zertifiziert)<br> ● 8-eckiger Brennstab mit Zugloch für schnellen Energiebedarf<br> ● Sehr hoher Heizwert und geringe Restfeuchtigkeit<br> ● Schnell entzündbar und geruchsneutral beim Verbrennen<br> ● Intensives Flammenbild durch sehr gute Luftzirkulation</p> <p>Produktdetails<br> Typ: PiniKay (Holzbrikett mit Loch)<br> Produktsortiment: Holzbriketts<br> Maße: 210 x 60 x 60 (+/- 1)<br> Partikeldichte: ≥ 1,0 g/cm³<br> Techn. Norm: DIN EN ISO 17225-3<br> Heizwert: ≥ 5,0 kWh/kg<br> Restfeuchtigkeit: ≤ 5,0</p> <p>Warn- und Sicherheitshinweise<br> Holzbriketts sind ein sicherer und effizienter Brennstoff, der ausschließlich in zugelassenen<br> Öfen und Kaminen verwendet werden darf. Die Lagerung muss trocken und gut belüftet<br> erfolgen, um Qualitätsverluste und Risiken durch Feuchtigkeit zu vermeiden. Staub, der<br> beim Umgang entstehen kann, sollte durch ausreichende Belüftung minimiert werden.<br> Holzbriketts sind leicht entflammbar und müssen von offenen Flammen, Funken oder<br> Zündquellen ferngehalten werden. Kinder und Haustiere dürfen keinen Zugang zu den<br> Briketts haben.</p> <p>Konformitätserklärung<br> Hiermit wird bestätigt, dass die angebotenen Holzbriketts den Anforderungen der General<br> Product Safety Regulation (GPSR) entsprechen. Sie wurden gemäß der Norm DIN EN ISO<br> 17225-3 geprüft, welche die Anforderungen an die Qualität und Sicherheit von Holzbriketts<br> für nichtindustrielle Anwendungen festlegt. Die Briketts erfüllen somit die geltenden<br> Sicherheits- und Qualitätsstandards und sind für den sicheren Einsatz in geeigneten<br> Heizgeräten vorgesehen.</p>",LEAG Pellets GmbH,,Holzbriketts,Holzbriketts,true,Title,Default Title,,,,,,,,14751-7,0.0,shopify,100,deny,manual,310.00,,true,true,,,,,,https://cdn.shopify.com/s/files/1/1001/3504/3446/files/836886074.webp?v=1786810357,1,Heizfuxx PiniKay Octagon 10kg x 96 Gebinde 960kg Palette,false,Heizfuxx PiniKay Octagon 10kg x 96 Gebinde 960kg Palette,🚚 Lieferzeit: 2–8 Werktage (Montag bis Freitag) Kostenloser Versand auf alle Bestellungen ✔ Zufriedenheitsgarantie ✔ Einfache Rückgabe und Rückerstattung ✔ Sichere Zahlung ✔ 2 Jahre Herstellergarantie,"Hardware > Heating, Ventilation & Air Conditioning > Fuel > Wood Pellets & Biomass Fuel",,,14751-7,new,FALSE,,,,,,FALSE,,,,,,,,,,kg,,,active
heizfuxx-ruf-classic-white-10kg-x-96-gebinde-960kg-palette,Heizfuxx RUF Classic White 10kg x 96 Gebinde 960kg Palette,"<p>Entdecken Sie die RUF Classic White Holzbriketts, eine hochwertige und effiziente Wärmequelle für Ihr Zuhause. Diese Briketts sind aus reinen Holzspänen hergestellt, ohne zusätzliche chemische Bindemittel, und bieten durch ihre Verdichtung einen hohen Heizwert. Ideal für Kamine und Öfen, sie verbrennen gleichmäßig und hinterlassen wenig Asche. Die quadratische Form ermöglicht eine platzsparende Lagerung. Verfügbar in 96er-Paketen auf Paletten, bieten sie eine praktische und langanhaltende Heizlösung. Ideal für den Innen- und Außenbereich, einschließlich Camping und Gartenpartys.</p>",LEAG Pellets GmbH,,Holzbriketts,Holzbriketts,true,Title,Default Title,,,,,,,,15901-0,0.0,shopify,100,deny,manual,241.00,,true,true,,,,,,https://cdn.shopify.com/s/files/1/1001/3504/3446/files/711680040.webp?v=1786810358,1,Heizfuxx RUF Classic White 10kg x 96 Gebinde 960kg Palette,false,Heizfuxx RUF Classic White 10kg x 96 Gebinde 960kg Palette,🚚 Lieferzeit: 2–8 Werktage (Montag bis Freitag) Kostenloser Versand auf alle Bestellungen ✔ Zufriedenheitsgarantie ✔ Einfache Rückgabe und Rückerstattung ✔ Sichere Zahlung ✔ 2 Jahre Herstellergarantie,"Hardware > Heating, Ventilation & Air Conditioning > Fuel > Wood Pellets & Biomass Fuel",,,15901-0,new,FALSE,,,,,,FALSE,,,,,,,,,,kg,,,active
holzbriketts-nestro-hartholz-972-kg,"Holzbriketts Nestro Hartholz , 972 kg","<div class=""wc-tab-inner wd-scroll-content"">
 

<ul>
<li>100 % natürliches Hartholz ohne chemische Bindemittel</li>
<li>Briketttyp Walze (Typ 1)</li>
<li>Außen Braun, innen hell</li>
<li>FSC®- zertifiziert</li>
<li>Hohe Glutdauer</li>
<li>Ruhiges Flammenbild</li>
<li>Sehr sauber und leicht portionierbar</li>
<li>Sofort einsetzbar</li>
<li>Einsatz in Dauerbrandofen, Heizkessel, Holzvergaser, geschlossener Kamin, Ofen, tiefe Feuerschale</li>
</ul>

<table class=""product--properties-table"">
<tbody>
<tr class=""product--properties-row"">
<td class=""is--bold"">Holzbriketts Nestro Hartholz S</td>
</tr>
<tr class=""product--properties-row"">
<td class=""product--properties-label"">Zertifikat</td>
<td class=""product--properties-value"">Eurofins (Laborgeprüft)</td>
</tr>
<tr class=""product--properties-row"">
<td class=""product--properties-label"">Techn. Norm</td>
<td class=""product--properties-value"">DIN EN ISO 17225-3, Klasse B</td>
</tr>
<tr class=""product--properties-row"">
<td class=""product--properties-label"">Holzart</td>
<td class=""product--properties-value"">Hartholz</td>
</tr>
<tr class=""product--properties-row"">
<td class=""product--properties-label"">Pressform</td>
<td class=""product--properties-value"">Nestro</td>
</tr>
<tr class=""product--properties-row"">
<td class=""product--properties-label"">Brikett</td>
<td class=""product--properties-value"">Typ 1</td>
</tr>
<tr class=""product--properties-row"">
<td class=""product--properties-label"">Heizwert (MJ/kg)</td>
<td class=""product--properties-value"">≥ 17,0</td>
</tr>
<tr class=""product--properties-row"">
<td class=""product--properties-label"">Aschegehalt (%)</td>
<td class=""product--properties-value"">≤ 2,0</td>
</tr>
<tr class=""product--properties-row"">
<td class=""product--properties-label"">Wassergehalt (%)</td>
<td class=""product--properties-value"">≤ 7,0</td>
</tr>
<tr class=""product--properties-row"">
<td class=""product--properties-label"">Partikeldichte (g/cm³)</td>
<td class=""product--properties-value"">≥ 1,0</td>
</tr>
<tr class=""product--properties-row"">
<td class=""product--properties-label"">Äquivalent</td>
<td class=""product--properties-value"">2 Briketts ≈ 3 Holzscheite</td>
</tr>
<tr class=""product--properties-row"">
<td class=""product--properties-label"">Länge Produkt, ca. (mm)</td>
<td class=""product--properties-value"">240</td>
</tr>
<tr class=""product--properties-row"">
<td class=""product--properties-label"">Durchmesser (mm)</td>
<td class=""product--properties-value"">80</td>
</tr>
<tr class=""product--properties-row"">
<td class=""product--properties-label"">Verpackungsvolumen</td>
<td class=""product--properties-value"">5 Stück pro Gebinde</td>
</tr>
<tr class=""product--properties-row"">
<td class=""product--properties-label"">Gewicht</td>
<td class=""product--properties-value"">972 kg</td>
</tr>
</tbody>
</table>
 </div>","Chiemgau Pellets GmbH, Ehs Pellets Gmbh",Heim & Garten > Zubehör für Kamine & Holzöfen > Feuerholz & Brennstoffe > Komprimierte Feuerholzscheite,Holzbrikett,"",true,Title,Default Title,,,,,,,,PP7-209-001,0.0,shopify,20,deny,manual,209.00,,true,true,,,,,"",https://cdn.shopify.com/s/files/1/1001/3504/3446/files/Q66854P_Holzbriketts_Nestro_Hartholz_972_kg.jpg?v=1782587450,1,"Holzbriketts Nestro Hartholz , 972 kg",false,"Holzbriketts Nestro Hartholz , 972 kg","100 % natürliches Hartholz ohne chemische Bindemittel Briketttyp Walze (Typ 1) Außen Braun, innen hell FSC®- zertifiziert Hohe Glutdauer Ruhiges Flammenbild Sehr sauber und leicht portionierbar Sofort einsetzbar Einsatz in Dauerbrandofen, Heizkessel, Holzvergaser, geschlossener Kamin, Ofen, tiefe Feuerschale Holzbriket",625,,,CHI-209-001,new,TRUE,,,,,,TRUE,,,,,,,,,https://cdn.shopify.com/s/files/1/1001/3504/3446/files/Q66854P_Holzbriketts_Nestro_Hartholz_972_kg.jpg?v=1782587450,kg,,,active
holzbriketts-pinikay-hartholz-octagon-960-kg,"Holzbriketts PiniKay Hartholz Octagon ,960 kg","<div class=""wc-tab-inner wd-scroll-content"">
 

<ul>
<li>ENplus A1 zertifiziert (BE-DE-006-02)</li>
<li>100% natürliches Hartholz ohne chemische Bindemittel</li>
<li>8-eckige Form mit Zugloch (Typ 5)</li>
<li>Außen Dunkel, innen hell</li>
<li>FSC®-zertifiziert</li>
<li>Schnell anzündbar</li>
<li>Sehr gute Luftzirkulation</li>
<li>Geruchsneutral beim Verbrennen</li>
<li>Intensives Flammenbild</li>
<li>Einsatz in Dauerbrandofen, Heizkessel, Holzvergaser, Kamin, Ofen, Feuerschale</li>
</ul>
<table class=""product--properties-table"">
<tbody>
<tr class=""product--properties-row"">
<td class=""is--bold"">Holzbriketts PiniKay Hartholz Octagon</td>
</tr>
<tr class=""product--properties-row"">
<td class=""product--properties-label"">Zertifikat</td>
<td class=""product--properties-value"">ENplus</td>
</tr>
<tr class=""product--properties-row"">
<td class=""product--properties-label"">Techn. Norm</td>
<td class=""product--properties-value"">DIN EN ISO 17225-3, Klasse A1</td>
</tr>
<tr class=""product--properties-row"">
<td class=""product--properties-label"">Zertifikat-ID</td>
<td class=""product--properties-value"">BE-DE-006-02</td>
</tr>
<tr class=""product--properties-row"">
<td class=""product--properties-label"">Holzart</td>
<td class=""product--properties-value"">Hartholz</td>
</tr>
<tr class=""product--properties-row"">
<td class=""product--properties-label"">Pressform</td>
<td class=""product--properties-value"">PiniKay</td>
</tr>
<tr class=""product--properties-row"">
<td class=""product--properties-label"">Brikett</td>
<td class=""product--properties-value"">Typ 4</td>
</tr>
<tr class=""product--properties-row"">
<td class=""product--properties-label"">Heizwert (MJ/kg)</td>
<td class=""product--properties-value"">≥ 17,5</td>
</tr>
<tr class=""product--properties-row"">
<td class=""product--properties-label"">Aschegehalt (%)</td>
<td class=""product--properties-value"">≤ 1,0</td>
</tr>
<tr class=""product--properties-row"">
<td class=""product--properties-label"">Wassergehalt (%)</td>
<td class=""product--properties-value"">≤ 5,0</td>
</tr>
<tr class=""product--properties-row"">
<td class=""product--properties-label"">Partikeldichte (g/cm³)</td>
<td class=""product--properties-value"">≥ 1,2</td>
</tr>
<tr class=""product--properties-row"">
<td class=""product--properties-label"">Gewicht</td>
<td class=""product--properties-value"">960 kg</td>
</tr>
</tbody>
</table>
 </div>",Chiemgau Pellets GmbH,Heim & Garten > Zubehör für Kamine & Holzöfen > Feuerholz & Brennstoffe > Komprimierte Feuerholzscheite,Holzbrikett,"",true,Title,Default Title,,,,,,,,PP7-210-001,0.0,shopify,23,deny,manual,210.00,,true,true,,,,,"",https://cdn.shopify.com/s/files/1/1001/3504/3446/files/VF_Holzbriketts_PiniKay_Hartholz_Octagon_960_kg.jpg?v=1782587382,1,"Holzbriketts PiniKay Hartholz Octagon ,960 kg",false,"Holzbriketts PiniKay Hartholz Octagon ,960 kg","ENplus A1 zertifiziert (BE-DE-006-02) 100% natürliches Hartholz ohne chemische Bindemittel 8-eckige Form mit Zugloch (Typ 5) Außen Dunkel, innen hell FSC®-zertifiziert Schnell anzündbar Sehr gute Luftzirkulation Geruchsneutral beim Verbrennen Intensives Flammenbild Einsatz in Dauerbrandofen, Heizkessel, Holzvergaser, K",625,,,CHI-210-001,new,TRUE,,,,,,TRUE,,,,,holz,,,,https://cdn.shopify.com/s/files/1/1001/3504/3446/files/VF_Holzbriketts_PiniKay_Hartholz_Octagon_960_kg.jpg?v=1782587382,kg,,,active
holzbriketts-ruf-weichholz-duplex-1-palette-960-kg,"Holzbriketts RUF Weichholz Duplex / 1 Palette, 960 kg","<div class=""wc-tab-inner wd-scroll-content"">
 

<ul>
<li>Reines Holz aus deutschem Sägewerk</li>
<li>Besonders hoher Heizwert mit langer Glimmdauer</li>
<li>Verbesserte Luftzirkulation durch “Knochen – Form”</li>
<li>Geringer Wassergehalt sorgt für schnelles Anzünden</li>
<li>Nach dem Abbrand viel weniger Asche als bei normalem Brennholz</li>
<li>Sauber verpackt und sofort einsetzbar</li>
</ul>
<table class=""product--properties-table"">
<tbody>
<tr class=""product--properties-row"">
<td class=""is--bold"">Holzbriketts RUF Weichholz Duplex</td>
</tr>
<tr class=""product--properties-row"">
<td class=""product--properties-label"">Holzart</td>
<td class=""product--properties-value"">Weichholz</td>
</tr>
<tr class=""product--properties-row"">
<td class=""product--properties-label"">Pressform</td>
<td class=""product--properties-value"">RUF</td>
</tr>
<tr class=""product--properties-row"">
<td class=""product--properties-label"">Brikett</td>
<td class=""product--properties-value"">Typ 7</td>
</tr>
<tr class=""product--properties-row"">
<td class=""product--properties-label"">Heizwert (MJ/kg)</td>
<td class=""product--properties-value"">≥ 17,0</td>
</tr>
<tr class=""product--properties-row"">
<td class=""product--properties-label"">Aschegehalt (%)</td>
<td class=""product--properties-value"">≤ 1,0</td>
</tr>
<tr class=""product--properties-row"">
<td class=""product--properties-label"">Wassergehalt (%)</td>
<td class=""product--properties-value"">≤ 7,0</td>
</tr>
<tr class=""product--properties-row"">
<td class=""product--properties-label"">Partikeldichte (g/cm³)</td>
<td class=""product--properties-value"">≥ 1,0</td>
</tr>
<tr class=""product--properties-row"">
<td class=""product--properties-label"">Äquivalent</td>
<td class=""product--properties-value"">3 Briketts ≈ 5 Holzscheite</td>
</tr>
<tr class=""product--properties-row"">
<td class=""product--properties-label"">Abmessung Produkt, ca. [L x B x H] (mm)</td>
<td class=""product--properties-value"">160 x 90 x 80</td>
</tr>
<tr class=""product--properties-row"">
<td class=""product--properties-label"">Verpackungsvolumen</td>
<td class=""product--properties-value"">10 Stück pro Gebinde</td>
</tr>
<tr class=""product--properties-row"">
<td class=""product--properties-label"">Gewicht</td>
<td class=""product--properties-value"">960 kg</td>
</tr>
</tbody>
</table>
 </div>",Chiemgau Pellets GmbH,Heim & Garten > Zubehör für Kamine & Holzöfen > Feuerholz & Brennstoffe > Komprimierte Feuerholzscheite,Holzbrikett,"",true,Title,Default Title,,,,,,,,PP7-249-001,0.0,shopify,25,deny,manual,249.00,,true,true,,,,,"",https://cdn.shopify.com/s/files/1/1001/3504/3446/files/MT-3_Holzbriketts_RUF_Weichholz_Duplex_1_Palette_960_kg.jpg?v=1782587312,1,"Holzbriketts RUF Weichholz Duplex / 1 Palette, 960 kg",false,"Holzbriketts RUF Weichholz Duplex / 1 Palette, 960 kg",Reines Holz aus deutschem Sägewerk Besonders hoher Heizwert mit langer Glimmdauer Verbesserte Luftzirkulation durch “Knochen – Form” Geringer Wassergehalt sorgt für schnelles Anzünden Nach dem Abbrand viel weniger Asche als bei normalem Brennholz Sauber verpackt und sofort einsetzbar Holzbriketts RUF Weichholz Duplex H,625,,,CHI-249-001,new,TRUE,,,,,,TRUE,,,,,,,,,https://cdn.shopify.com/s/files/1/1001/3504/3446/files/MT-3_Holzbriketts_RUF_Weichholz_Duplex_1_Palette_960_kg.jpg?v=1782587312,kg,,,active
holzpellets-6mm-65-x-15kg-palette-olimp-enplus-a1,"Holzpellets 6mm , 65 x 15kg Palette-Olimp – ENplus-A1","<div class=""wc-tab-inner wd-scroll-content"">
 

<ul>
<li>die Pellets sind zertifiziert und erfüllen die strengen Anforderungen der Norm ENplusA1</li>
<li>hochkonzentrierte Pelletenergie (Heizwert ca. 5,3 kWh/kg)</li>
<li>niedriger Aschegehalt (&lt;0,4%)</li>
<li>niedrige Feuchtigkeit (ca. 5-7%)</li>
<li>nahezu frei von Abrieb</li>
<li>vollständig erneuerbar</li>
</ul>
<ul>
<li>niedrige CO?-Emission während der Verbrennung</li>
<li>saubere und handliche Lagerung in 15kg Säcken</li>
<li>komfortable und bequeme Lieferung auf pfandfreien Einwegpaletten mit wetterfester Regenhaube</li>
<li>ausschließliche Verwendung von produktionseigenen Sägespänen, garantiert frei von Rinde</li>
<li>leichte und wirtschaftliche Anwendung (1 Heizsaison = 5 ? 8 Tonnen Pellets),</li>
<li>günstige Alternative zu Kohle, Öl oder Gas</li>
<li>Einsparung: das Heizen mit Pellets ist etwa 36 % billiger als mit Erdgas, ca. 54 % billiger als mit Heizöl, und etwa 65 % billiger als mit Flüssiggas</li>
<li>gleichbleibend hochwertige Pellets in Premium Qualität dank ENplus-A1 zertifizierte Produktion</li>
</ul>
<p>Die Pelletproduktion der Firma Stelmet S.A. ist unter Einsatz der weltweit neuesten Technologien für die Herstellung von Holzpellets entstanden. Die jährliche Produktionskapazität der Marken Lava und Olimp Pellets beträgt bis zu 144.000 Tonnen. Die modernen Verarbeitungslinien garantieren ein Produkt von gleichbleibend hoher Qualität. Die Unternehmenstätigkeiten der Firma Stelmet S.A. umfassen den kompletten Herstellungsprozess: vom Kauf des Holzes bis zur Verpackung der fertigen Produkte.</p>
<p>Alle durch Stelmet S.A. produzierten Holzprodukte besitzen das FSC-Zertifikat. Das FSC-Zertifikat ist das Zeichen dafür, dass die Produkte aus Wäldern stammen, in denen die vom Naturschutz und von der lokalen Gemeinschaft vorgegebenen Leitsätze und Kriterien einer nachhaltigen Forstwirtschaft erfüllt werden.</p>
<p>Darüber hinaus besitzen die Olimp Pellets die Zertifikate DINplus, sowie ENPlus A1. Somit wird eine gleichbleibend hochwertige Qualität sichergestellt.</p>
 </div>",Chiemgau Pellets GmbH,Heim & Garten > Zubehör für Kamine & Holzöfen > Feuerholz & Brennstoffe > Holzpellets,Holzpellets,"",true,Title,Default Title,,,,,,,,PP7-205-001,0.0,shopify,24,deny,manual,205.00,,true,true,,,,,"",https://cdn.shopify.com/s/files/1/1001/3504/3446/files/AQT_Holzpellets_6mm_65_x_15kg_Palette-Olimp_ENplus-A1.jpg?v=1782587242,1,"Holzpellets 6mm , 65 x 15kg Palette-Olimp – ENplus-A1",false,"Holzpellets 6mm , 65 x 15kg Palette-Olimp – ENplus-A1","die Pellets sind zertifiziert und erfüllen die strengen Anforderungen der Norm ENplusA1 hochkonzentrierte Pelletenergie (Heizwert ca. 5,3 kWh/kg) niedriger Aschegehalt (&lt;0,4%) niedrige Feuchtigkeit (ca. 5-7%) nahezu frei von Abrieb vollständig erneuerbar niedrige CO?-Emission während der Verbrennung saubere und hand",625,,,CHI-205-001,new,TRUE,,,,,,TRUE,,,,,holz,,,,https://cdn.shopify.com/s/files/1/1001/3504/3446/files/AQT_Holzpellets_6mm_65_x_15kg_Palette-Olimp_ENplus-A1.jpg?v=1782587242,kg,,,active
holzpellets-german-flames-990kg-33sack-x-15-kg-990-kg,Holzpellets GERMAN FLAMES – 990kg (33Sack X 15 kg) 990 kg,"<div class=""wc-tab-inner wd-scroll-content"">
 

<div class=""h3 product-detail-description-title""><strong> „Holzpellets GERMAN FLAMES – 990kg“</strong></div>
<div class=""product-detail-description-text"">
<div>GERMAN FLAMES Holzpellets werden aus unbehandeltem, naturbelassenem Holz hergestellt.</div>
<div>Durch den geringen Staubanteil und dem hohen Heizwert der GERMAN FLAMES Holzpellets gehören diese Pellets bis heute zu den führenden Produkten in Deutschland. Der geringe Ascheanteil der Pellets verspricht einen geringen Reinigungs- und Wartungsaufwand am Ofen oder Pelletkessel.</div>
<div>GERMAN FLAMES Holzpellets sind nach der „ENplus A1“ Norm zertifiziert.</div>
</div>
<div></div>
<div>
<table class=""table table-striped product-detail-properties-table"">
<tbody>
<tr class=""properties-row"">
<th class=""properties-label""></th>
<td class=""properties-value""></td>
</tr>
<tr class=""properties-row"">
<th class=""properties-label"">Gewicht / Sack:</th>
<td class=""properties-value"">15 kg</td>
</tr>
<tr class=""properties-row"">
<th class=""properties-label"">Gewicht / Verkaufseinheit:</th>
<td class=""properties-value"">990 kg</td>
</tr>
<tr class=""properties-row"">
<th class=""properties-label"">Heizwert in KWh/kg:</th>
<td class=""properties-value"">&gt; 5,0</td>
</tr>
<tr class=""properties-row"">
<th class=""properties-label"">Holzart:</th>
<td class=""properties-value"">Entrindete Nadelhölzer</td>
</tr>
<tr class=""properties-row"">
<th class=""properties-label"">Lagerung:</th>
<td class=""properties-value"">Trocken und in geschlossenen Räumen, Vor Nässe schützen.</td>
</tr>
<tr class=""properties-row"">
<th class=""properties-label"">Marke::</th>
<td class=""properties-value"">GERMAN FLAMES</td>
</tr>
<tr class=""properties-row"">
<th class=""properties-label"">Pelletdurchmesser:</th>
<td class=""properties-value"">Ø 6 mm</td>
</tr>
<tr class=""properties-row"">
<th class=""properties-label"">Pelletlänge:</th>
<td class=""properties-value"">3,15 – 4,0 cm</td>
</tr>
<tr class=""properties-row"">
<th class=""properties-label"">Restfeuchte:</th>
<td class=""properties-value"">7 – 9 %</td>
</tr>
<tr class=""properties-row"">
<th class=""properties-label"">Sack / Palette:</th>
<td class=""properties-value"">66 Säcke</td>
</tr>
<tr class=""properties-row"">
<th class=""properties-label"">Sackabmaße:</th>
<td class=""properties-value"">15 x 25 x 60 cm ( B x H x L )</td>
</tr>
<tr class=""properties-row"">
<th class=""properties-label"">Umverpackung (Palette):</th>
<td class=""properties-value"">Schrumpffolienhaube, ungebändert</td>
</tr>
<tr class=""properties-row"">
<th class=""properties-label""></th>
<td class=""properties-value""></td>
</tr>
<tr class=""properties-row"">
<th class=""properties-label"">Zertifikate:</th>
<td class=""properties-value"">ENplus A1 (DE056)</td>
</tr>
<tr class=""properties-row"">
<th class=""properties-label"">Aschegehalt:</th>
<td class=""properties-value"">&lt; 0,5 %</td>
</tr>
</tbody>
</table>
</div>
 </div>",Chiemgau Pellets GmbH,Heim & Garten > Zubehör für Kamine & Holzöfen > Feuerholz & Brennstoffe > Holzpellets,Holzpellets,"",true,Title,Default Title,,,,,,,,PP7-215-001,0.0,shopify,22,deny,manual,215.00,,true,true,,,,,"",https://cdn.shopify.com/s/files/1/1001/3504/3446/files/IMG_Holzpellets_GERMAN_FLAMES_990kg_33Sack_X_15_kg_990_kg.jpg?v=1782587180,1,Holzpellets GERMAN FLAMES – 990kg (33Sack X 15 kg) 990 kg,false,Holzpellets GERMAN FLAMES – 990kg (33Sack X 15 kg) 990 kg,"„Holzpellets GERMAN FLAMES – 990kg“ GERMAN FLAMES Holzpellets werden aus unbehandeltem, naturbelassenem Holz hergestellt. Durch den geringen Staubanteil und dem hohen Heizwert der GERMAN FLAMES Holzpellets gehören diese Pellets bis heute zu den führenden Produkten in Deutschland. Der geringe Ascheanteil der Pellets ver",625,,,CHI-215-001,new,TRUE,,,,,,TRUE,,,,,holz,,,,https://cdn.shopify.com/s/files/1/1001/3504/3446/files/IMG_Holzpellets_GERMAN_FLAMES_990kg_33Sack_X_15_kg_990_kg.jpg?v=1782587180,kg,,,active
holzpellets-green-enplus-a1-975-kg,"Holzpellets Green ENplus A1, 975 kg","<div class=""wc-tab-inner wd-scroll-content"">
 

<ul>
<li>Holzpellets im Papiersack – Ökologisch wertvoll –</li>
<li>ENplus A1 zertifiziert</li>
<li>Hoher Heizwert mit langer Brenndauer</li>
<li>Geringer Feinanteil und Aschegehalt</li>
<li>Saubere, staubfreie Aufbewahrung</li>
<li>Bequemes Einfüllen in die Heizungsanlage</li>
</ul>
<table class=""product--properties-table"">
<tbody>
<tr class=""product--properties-row"">
<td class=""is--bold"">Holzpellets Green ENplus A1</td>
</tr>
<tr class=""product--properties-row"">
<td class=""product--properties-label"">Zertifikat</td>
<td class=""product--properties-value"">ENplus</td>
</tr>
<tr class=""product--properties-row"">
<td class=""product--properties-label"">Techn. Norm</td>
<td class=""product--properties-value"">DIN EN ISO 17225-2</td>
</tr>
<tr class=""product--properties-row"">
<td class=""product--properties-label"">Zertifikat-ID</td>
<td class=""product--properties-value"">DE-446</td>
</tr>
<tr class=""product--properties-row"">
<td class=""product--properties-label"">Holzart</td>
<td class=""product--properties-value"">Weichholz</td>
</tr>
<tr class=""product--properties-row"">
<td class=""product--properties-label"">Produktion</td>
<td class=""product--properties-value"">Europa</td>
</tr>
<tr class=""product--properties-row"">
<td class=""product--properties-label"">Länge (mm)</td>
<td class=""product--properties-value"">3,15 – 40</td>
</tr>
<tr class=""product--properties-row"">
<td class=""product--properties-label"">Durchmesser (mm)</td>
<td class=""product--properties-value"">6 (± 1)</td>
</tr>
<tr class=""product--properties-row"">
<td class=""product--properties-label"">Heizwert (MJ/kg)</td>
<td class=""product--properties-value"">≥ 16,5</td>
</tr>
<tr class=""product--properties-row"">
<td class=""product--properties-label"">Heizwert (kWh/kg)</td>
<td class=""product--properties-value"">≥ 4,6</td>
</tr>
<tr class=""product--properties-row"">
<td class=""product--properties-label"">Aschegehalt (%)</td>
<td class=""product--properties-value"">≤ 0,7</td>
</tr>
<tr class=""product--properties-row"">
<td class=""product--properties-label"">Ascheerweichungstemperatur (°C)</td>
<td class=""product--properties-value"">≥ 1.200</td>
</tr>
<tr class=""product--properties-row"">
<td class=""product--properties-label"">Festigkeit (%)</td>
<td class=""product--properties-value"">&gt; 98,0</td>
</tr>
<tr class=""product--properties-row"">
<td class=""product--properties-label"">Feinanteil (%)</td>
<td class=""product--properties-value"">≤ 0,5</td>
</tr>
<tr class=""product--properties-row"">
<td class=""product--properties-label"">Schüttdichte (kg/m³)</td>
<td class=""product--properties-value"">600 ≤ SD ≤ 750</td>
</tr>
<tr class=""product--properties-row"">
<td class=""product--properties-label"">Wassergehalt (%)</td>
<td class=""product--properties-value"">≤ 10,0</td>
</tr>
<tr class=""product--properties-row"">
<td class=""product--properties-label"">Abmessung Sack, ca. [H x B x T] (mm)</td>
<td class=""product--properties-value"">600x350x150</td>
</tr>
<tr class=""product--properties-row"">
<td class=""product--properties-label"">Gewicht</td>
<td class=""product--properties-value"">975 kg</td>
</tr>
<tr class=""product--properties-row"">
<td class=""product--properties-label"">Breite x Höhe x Tiefe (cm)</td>
<td class=""product--properties-value"">100 x 400 x 600</td>
</tr>
</tbody>
</table>
 </div>",Chiemgau Pellets GmbH,Heim & Garten > Zubehör für Kamine & Holzöfen > Feuerholz & Brennstoffe > Holzpellets,Holzpellets,"",true,Title,Default Title,,,,,,,,PP7-231-001,0.0,shopify,22,deny,manual,231.99,,true,true,,,,,"",https://cdn.shopify.com/s/files/1/1001/3504/3446/files/qsHolzpellets_Green_ENplus_A1_975_kg.jpg?v=1782587123,1,"Holzpellets Green ENplus A1, 975 kg",false,"Holzpellets Green ENplus A1, 975 kg","Holzpellets im Papiersack – Ökologisch wertvoll – ENplus A1 zertifiziert Hoher Heizwert mit langer Brenndauer Geringer Feinanteil und Aschegehalt Saubere, staubfreie Aufbewahrung Bequemes Einfüllen in die Heizungsanlage Holzpellets Green ENplus A1 Zertifikat ENplus Techn. Norm DIN EN ISO 17225-2 Zertifikat-ID DE-446 Ho",625,,,CHI-231-001,new,TRUE,,,,,,TRUE,,,,,,,,,https://cdn.shopify.com/s/files/1/1001/3504/3446/files/qsHolzpellets_Green_ENplus_A1_975_kg.jpg?v=1782587123,kg,,,active
holzpellets-hoyer-990kg,Holzpellets HOYER – 990kg,"<div class=""wc-tab-inner wd-scroll-content"">
 

<div class=""h3 product-detail-description-title"">„Holzpellets HOYER – 990kg“</div>
<div class=""product-detail-description-text"">
<div>HOYER Holzpellets werden aus unbehandeltem, naturbelassenem Holz hergestellt. Das Qualitätsmanagement beginnt schon bei der Rohstoffanlieferung. Die Produktion wird bis hin zur Auslieferung laufend überwacht. So ist eine gleichbleibend hohe Pelletqualität garantiert. HOYER Holzpellets sind nach der „ENplus A1“ Norm zertifiziert. Dabei schneiden HOYER Holzpellets sogar besser ab als die Norm.</div>
</div>
<div></div>
<div>
<table class=""table table-striped product-detail-properties-table"">
<tbody>
<tr class=""properties-row"">
<th class=""properties-label"">Gewicht / Sack:</th>
<td class=""properties-value"">15 kg</td>
</tr>
<tr class=""properties-row"">
<th class=""properties-label"">Gewicht / Verkaufseinheit:</th>
<td class=""properties-value"">990 kg</td>
</tr>
<tr class=""properties-row"">
<th class=""properties-label"">Heizwert in KWh/kg:</th>
<td class=""properties-value"">&gt; 4,9</td>
</tr>
<tr class=""properties-row"">
<th class=""properties-label"">Holzart:</th>
<td class=""properties-value"">Entrindete Nadelhölzer</td>
</tr>
<tr class=""properties-row"">
<th class=""properties-label"">Lagerung:</th>
<td class=""properties-value"">Trocken und in geschlossenen Räumen, Vor Nässe schützen.</td>
</tr>
<tr class=""properties-row"">
<th class=""properties-label"">Marke::</th>
<td class=""properties-value"">HOYER</td>
</tr>
<tr class=""properties-row"">
<th class=""properties-label"">Pelletdurchmesser:</th>
<td class=""properties-value"">Ø 6 mm</td>
</tr>
<tr class=""properties-row"">
<th class=""properties-label"">Pelletlänge:</th>
<td class=""properties-value"">3,15 – 4,0 cm</td>
</tr>
<tr class=""properties-row"">
<th class=""properties-label"">Restfeuchte:</th>
<td class=""properties-value"">6 – 8 %</td>
</tr>
<tr class=""properties-row"">
<th class=""properties-label"">Sack / Palette:</th>
<td class=""properties-value"">66 Säcke</td>
</tr>
<tr class=""properties-row"">
<th class=""properties-label"">Sackabmaße:</th>
<td class=""properties-value"">15 x 25 x 60 cm ( B x H x L )</td>
</tr>
<tr class=""properties-row"">
<th class=""properties-label"">Umverpackung (Palette):</th>
<td class=""properties-value"">mit Folie umwickelt, ungebändert</td>
</tr>
<tr class=""properties-row"">
<th class=""properties-label""></th>
<td class=""properties-value""></td>
</tr>
<tr class=""properties-row"">
<th class=""properties-label"">Zertifikate:</th>
<td class=""properties-value"">ENplus A1 (DE369)</td>
</tr>
<tr class=""properties-row"">
<th class=""properties-label"">Aschegehalt:</th>
<td class=""properties-value"">&lt; 0,5 %</td>
</tr>
</tbody>
</table>
</div>
 </div>",Chiemgau Pellets GmbH,Heim & Garten > Zubehör für Kamine & Holzöfen > Feuerholz & Brennstoffe > Holzpellets,Holzpellets,"",true,Title,Default Title,,,,,,,,PP7-220-001,0.0,shopify,20,deny,manual,220.00,,true,true,,,,,"",https://cdn.shopify.com/s/files/1/1001/3504/3446/files/Holzpellets_HOYER_990kg-700x764-1.jpg?v=1782587068,1,Holzpellets HOYER – 990kg,false,Holzpellets HOYER – 990kg,"„Holzpellets HOYER – 990kg“ HOYER Holzpellets werden aus unbehandeltem, naturbelassenem Holz hergestellt. Das Qualitätsmanagement beginnt schon bei der Rohstoffanlieferung. Die Produktion wird bis hin zur Auslieferung laufend überwacht. So ist eine gleichbleibend hohe Pelletqualität garantiert. HOYER Holzpellets sind n",625,,,CHI-220-001,new,TRUE,,,,,,TRUE,,,,,holz,,,,https://cdn.shopify.com/s/files/1/1001/3504/3446/files/Holzpellets_HOYER_990kg-700x764-1.jpg?v=1782587068,kg,,,active
holzpellets-im-papiersack-eph-65-x-15kg-975-kg,"Holzpellets im Papiersack EPH, 65 x 15kg – 975 kg","<div class=""wc-tab-inner wd-scroll-content"">
 

<p>0% PLASTIKMÜLL<br>
Der Sack besteht zu 100% aus Papier.<br>
Der Sack ist zu 100% recyclebar.<br>
Wir liefern 100% Qualität.</p>
<ul>
<li>100% für die Umwelt</li>
<li>100% regional</li>
<li>100% eigene Herstellung</li>
</ul>
<h3>15 kg saubere Wärme!</h3>
<ul>
<li>Sehr hoher Heizwert. Sehr geringer Feinanteil.</li>
<li>100% Holzpellets</li>
<li>100% aus heimischen Wäldern</li>
</ul>
<h4>Bei der Herstellung entsteht weniger CO<sub>2</sub> als bei der Herstellung von Plastiksäcken. Ihre Entsorgung ist zudem unproblematischer und sie stellen keine mögliche Quelle für Plastikabfall oder Mikroplastik dar.</h4>
<p>Dass Holzpellets in der Regel in Plastiksäcke verpackt werden hat sowohl wirtschaftliche als auch technische Gründe. Zum einen sind Plastiksäcke wesentlich billiger als Papiersäcke, da sie sich von einer Folienrolle beliebig abrollen und zu Schlauchbeuteln formen und befüllen lassen. Solche Maschinen haben bei niedrigen Folienkosten eine hohe Absackleistung pro Stunde.</p>
<p>Papiersäcke können nicht von einer Rolle genommen werden, sondern sie müssen vorher schon einzeln zusammengeklebt und nach dem Befüllen zugenäht werden. Das ist wesentlich teurer und aufwändiger als die Folienverpackung mit Schweißtechnik<em>.</em></p>
<ul>
<li>Feinanteile &lt; 0.2%</li>
<li>Heizwert min. 5.1 kWh/kg</li>
<li>Ascheanfall 0.2%</li>
<li>Ascheerweichungstemperatur &gt;1350°C</li>
<li>saubere und handliche Lagerung in 15kg Säcken</li>
<li>komfortable und bequeme Lieferung auf pfandfreien Einwegpaletten mit wetterfester Regenhaube</li>
<li>ausschließliche Verwendung von produktionseigenen Sägespänen, garantiert frei von Rinde</li>
</ul>
 </div>",Chiemgau Pellets GmbH,Heim & Garten > Zubehör für Kamine & Holzöfen > Feuerholz & Brennstoffe > Holzpellets,Holzpellets,"",true,Title,Default Title,,,,,,,,PP7-987-896,0.0,shopify,25,deny,manual,249.00,,true,true,,,,,"",https://cdn.shopify.com/s/files/1/1001/3504/3446/files/sdHolzpellets_im_Papiersack_EPH_65_x_15kg_975_kg.jpg?v=1782586948,1,"Holzpellets im Papiersack EPH, 65 x 15kg – 975 kg",false,"Holzpellets im Papiersack EPH, 65 x 15kg – 975 kg",0% PLASTIKMÜLL Der Sack besteht zu 100% aus Papier. Der Sack ist zu 100% recyclebar. Wir liefern 100% Qualität. 100% für die Umwelt 100% regional 100% eigene Herstellung 15 kg saubere Wärme! Sehr hoher Heizwert. Sehr geringer Feinanteil. 100% Holzpellets 100% aus heimischen Wäldern Bei der Herstellung entsteht weniger ,625,,,WC-79,new,TRUE,,,,,,TRUE,,,,,holz,,,,https://cdn.shopify.com/s/files/1/1001/3504/3446/files/sdHolzpellets_im_Papiersack_EPH_65_x_15kg_975_kg.jpg?v=1782586948,kg,,,active
holzpellets-palette-300-kg-20-sack-15-kg-sackware-heizpellets-pellet-din-en-a1,Holzpellets Palette 300 kg 20 Sack 15 kg Sackware Heizpellets Pellet DIN+ EN+ A1,"<p>1 Palette LET´s Pellet Holzpellets 6 mm mit 20 Säcken á 15 kg, Gesamtgeweicht 300 kg inklusive Speditionsversand.</p> <p>Wir bieten Ihnen Holzpellets DIN+, EN Plus A1 auf einer Einwegpalette (inklusive, ohne Pfand) an.</p> <div> <div>Auf einer Palette befinden sich 20 Säcke zu je 15 kg Holzpellets 6 mm.</div> <div>Paletten sind sofort verfügbar!<p></p> <p>– hoher Heizwert ? 16,5 MJ/kg<br> – geringer Ascheanteil ? 0,7 %</p>
</div> <div>– sehr geringer Feinanteil</div> </div>",LEAG Pellets GmbH,,Holzbriketts,Holzbriketts,true,Title,Default Title,,,,,,,,17225-6,0.0,shopify,100,deny,manual,209.00,,true,true,,,,,,https://cdn.shopify.com/s/files/1/1001/3504/3446/files/636458390.webp?v=1786810359,1,Holzpellets Palette 300 kg 20 Sack 15 kg Sackware Heizpellets Pellet DIN+ EN+ A1,false,Holzpellets Palette 300 kg 20 Sack 15 kg Sackware Heizpellets Pellet DIN+ EN+ A1,🚚 Lieferzeit: 2–8 Werktage (Montag bis Freitag) Kostenloser Versand auf alle Bestellungen ✔ Zufriedenheitsgarantie ✔ Einfache Rückgabe und Rückerstattung ✔ Sichere Zahlung ✔ 2 Jahre Herstellergarantie,"Hardware > Heating, Ventilation & Air Conditioning > Fuel > Wood Pellets & Biomass Fuel",,,17225-6,new,FALSE,,,,,,FALSE,,,,,,,,,,kg,,,active
holzpellets-premium-enplus-a1-975-kg,"Holzpellets Premium ENplus A1 , 975 kg","<div class=""wc-tab-inner wd-scroll-content"">
 

<ul>
<li>Kiefernholz ohne chemische Bindemittel</li>
<li>Hergestellt aus nachwachsenden Nadelholz</li>
<li>ENplusA1 zertifiziert (DE-433)</li>
<li>CO2-neutral</li>
<li>Geringe Restfeuchte</li>
<li>Geringer Ascheanteil</li>
<li>Lange Brenndauer</li>
<li>Saubere, staubfreie Aufbewahrung</li>
<li>Bequemes Einfüllen in die Heizungsanlage je nach Bedarf</li>
<li>Einsatz in Pelletanlagen und Pelletöfen</li>
</ul>
<table class=""product--properties-table"">
<tbody>
<tr class=""product--properties-row"">
<td class=""is--bold"">Holzpellets Premium ENplus A1</td>
</tr>
<tr class=""product--properties-row"">
<td class=""product--properties-label"">Zertifikat</td>
<td class=""product--properties-value"">ENplus</td>
</tr>
<tr class=""product--properties-row"">
<td class=""product--properties-label"">Techn. Norm</td>
<td class=""product--properties-value"">DIN EN ISO 17225-2, Klasse A1</td>
</tr>
<tr class=""product--properties-row"">
<td class=""product--properties-label"">Zertifikat-ID</td>
<td class=""product--properties-value"">DE-433</td>
</tr>
<tr class=""product--properties-row"">
<td class=""product--properties-label"">Holzart</td>
<td class=""product--properties-value"">Weichholz</td>
</tr>
<tr class=""product--properties-row"">
<td class=""product--properties-label"">Produktion</td>
<td class=""product--properties-value"">Deutschland</td>
</tr>
<tr class=""product--properties-row"">
<td class=""product--properties-label"">Farbe</td>
<td class=""product--properties-value"">Natur</td>
</tr>
<tr class=""product--properties-row"">
<td class=""product--properties-label"">Länge (mm)</td>
<td class=""product--properties-value"">3,15 – 40</td>
</tr>
<tr class=""product--properties-row"">
<td class=""product--properties-label"">Durchmesser (mm)</td>
<td class=""product--properties-value"">6 (± 1)</td>
</tr>
<tr class=""product--properties-row"">
<td class=""product--properties-label"">Heizwert (MJ/kg)</td>
<td class=""product--properties-value"">≥ 16,5</td>
</tr>
<tr class=""product--properties-row"">
<td class=""product--properties-label"">Heizwert (kWh/kg)</td>
<td class=""product--properties-value"">≥ 4,6</td>
</tr>
<tr class=""product--properties-row"">
<td class=""product--properties-label"">Aschegehalt (%)</td>
<td class=""product--properties-value"">≤ 0,7</td>
</tr>
<tr class=""product--properties-row"">
<td class=""product--properties-label"">Ascheerweichungstemperatur (°C)</td>
<td class=""product--properties-value"">≥ 1.200</td>
</tr>
<tr class=""product--properties-row"">
<td class=""product--properties-label"">Festigkeit (%)</td>
<td class=""product--properties-value"">&gt; 98,0</td>
</tr>
<tr class=""product--properties-row"">
<td class=""product--properties-label"">Feinanteil (%)</td>
<td class=""product--properties-value"">≤ 0,5</td>
</tr>
<tr class=""product--properties-row"">
<td class=""product--properties-label"">Schüttdichte (kg/m³)</td>
<td class=""product--properties-value"">≥ 600,00</td>
</tr>
<tr class=""product--properties-row"">
<td class=""product--properties-label"">Wassergehalt (%)</td>
<td class=""product--properties-value"">≤ 10,0</td>
</tr>
<tr class=""product--properties-row"">
<td class=""product--properties-label"">Gewicht</td>
<td class=""product--properties-value"">975 kg</td>
</tr>
</tbody>
</table>
 </div>",Chiemgau Pellets GmbH,Heim & Garten > Zubehör für Kamine & Holzöfen > Feuerholz & Brennstoffe > Holzpellets,"Holzhackschnitzel, Holzpellets","",true,Title,Default Title,,,,,,,,PP7-219-001,0.0,shopify,27,deny,manual,219.00,,true,true,,,,,"",https://cdn.shopify.com/s/files/1/1001/3504/3446/files/Holzpellets_Premium_ENplus_A1_975_kg.jpg?v=1782586848,1,"Holzpellets Premium ENplus A1 , 975 kg",false,"Holzpellets Premium ENplus A1 , 975 kg","Kiefernholz ohne chemische Bindemittel Hergestellt aus nachwachsenden Nadelholz ENplusA1 zertifiziert (DE-433) CO2-neutral Geringe Restfeuchte Geringer Ascheanteil Lange Brenndauer Saubere, staubfreie Aufbewahrung Bequemes Einfüllen in die Heizungsanlage je nach Bedarf Einsatz in Pelletanlagen und Pelletöfen Holzpellet",625,,,CHI-219-001,new,TRUE,,,,,,TRUE,,,,,holz; pinienholz-1,,,,https://cdn.shopify.com/s/files/1/1001/3504/3446/files/Holzpellets_Premium_ENplus_A1_975_kg.jpg?v=1782586848,kg,,,active
kaminholzregal-brennholzregal-kaminholzunterstand-1-5-x-1-0-m-edelrost-cortenstahl,"Kaminholzregal Brennholzregal Kaminholzunterstand 1,5 x 1,0 m - Edelrost Cortenstahl","<p>Edelrost Kaminholzregal von metallmoebel24 – Verschönern Sie Ihr Zuhause</p> <p>Dieses Edelrost Kaminholzregal aus echtem Cortenstahl, schütz Ihr Brennholz zuverlässig vor Witterungseinflüssen. Zudem ist es durch seine rostige Oberfläche ein absoluter Blickfang in jedem Garten.</p> <p>Die Maße des Kaminholzregals aus Cortenstahl sind:</p> <p>Höhe: 1,5 m<br> Breite: 1,0 m<br> Tiefe: 0,35 m<br> Das Kaminholzregal wird aus 1,5 mm starken Cortenstahl gefertigt und ist durch spezielle Kantungen selbsttragend und sehr stabil.</p> <p>Im Lieferumfang des Kaminholzregals sind acht Eckwinkel, Edelstahl Schrauben/Muttern und Erdnägel enthalten.</p> <p>Beim Aufstellen des Brennholzregals empfehlen wir einen ebenen Untergrund, der das Gewicht des vollen Kaminholzregals trägt. Vorteilhaft ist ein Unterbau mit abschließender Kiesschicht.</p> <p>WICHTIG: HINWEIS FÜR ROSTPROZESS</p> <p>Das Kaminholzregal wird in rohem Cortenstahl (unverrostet) zum selber rosten, geliefert. Nach dem Aufstellen rostet dieses dann nach und nach von selbst OHNE jeglichen Einsatz von Chemikalien.</p> <p>Tipp: Um den Prozess des Rostens anfangs etwas zu beschleunigen, reicht es aus, wenn Sie den Stahl mit einem nassen Lappen befeuchten und ihn so über Nacht auf den Rasen im Garten legen.</p>",LEAG Pellets GmbH,,Brennholz,Brennholz,true,Title,Default Title,,,,,,,,61031-6,0.0,shopify,100,deny,manual,315.00,,true,true,,,,,,https://cdn.shopify.com/s/files/1/1001/3504/3446/files/512677888.webp?v=1786810361,1,"Kaminholzregal Brennholzregal Kaminholzunterstand 1,5 x 1,0 m - Edelrost Cortenstahl",false,"Kaminholzregal Brennholzregal Kaminholzunterstand 1,5 x 1,0 m - Edelrost Cortenstahl",🚚 Lieferzeit: 2–8 Werktage (Montag bis Freitag) Kostenloser Versand auf alle Bestellungen ✔ Zufriedenheitsgarantie ✔ Einfache Rückgabe und Rückerstattung ✔ Sichere Zahlung ✔ 2 Jahre Herstellergarantie,"Hardware > Heating, Ventilation & Air Conditioning > Fuel > Firewood",,,61031-6,new,FALSE,,,,,,FALSE,,,,,,,,,,kg,,,active
landwirtschaftspellet-palette-mit-70-sacken-zu-15-kg,LANDWIRTSCHAFTSPELLET – PALETTE MIT 70 SÄCKEN ZU 15 KG,"<p>Unsere LANDWIRTSCHAFTSPELLET bestehen zu 100 % aus natürlichem Sägemehl – ​​ganz ohne Zusatzstoffe oder chemische Bindemittel. Getrocknet und hochverdichtet garantieren sie eine saubere Verbrennung, hohe Energieeffizienz und minimale Aschebildung.</p>

<p>Dank ihres geringen Feuchtigkeitsgehalts liefern unsere Pellets eine gleichmäßige und sparsame Wärme, die Ihr Heizsystem schont. Sie eignen sich ideal für alle Arten von Pelletöfen und -kesseln und bieten eine zuverlässige und nachhaltige Heizlösung für den Winter.</p>

<p>✔ Hohe Heizleistung<br>
✔ ​​Geringer Aschegehalt<br>
✔ Saubere und umweltfreundliche Verbrennung<br>
✔ ​​Kompatibel mit allen Pelletöfen</p>

<p>Entscheiden Sie sich für effizientes, sparsames und umweltfreundliches Heizen.</p>",Chiemgau Pellets GmbH,Heim & Garten > Zubehör für Kamine & Holzöfen > Feuerholz & Brennstoffe > Holzpellets,Holzpellets,"",true,Title,Default Title,,,,,,,,PP7-587-001,0.0,shopify,25,deny,manual,587.00,,true,true,,,,,"",https://cdn.shopify.com/s/files/1/1001/3504/3446/files/LANDWIRTSCHAFTSPELLET_PALETTE_MIT_70_S_CKEN_ZU_15_KG.jpg?v=1782586719,1,LANDWIRTSCHAFTSPELLET – PALETTE MIT 70 SÄCKEN ZU 15 KG,false,LANDWIRTSCHAFTSPELLET – PALETTE MIT 70 SÄCKEN ZU 15 KG,"Unsere LANDWIRTSCHAFTSPELLET bestehen zu 100 % aus natürlichem Sägemehl – ​​ganz ohne Zusatzstoffe oder chemische Bindemittel. Getrocknet und hochverdichtet garantieren sie eine saubere Verbrennung, hohe Energieeffizienz und minimale Aschebildung. Dank ihres geringen Feuchtigkeitsgehalts liefern unsere Pellets eine gle",625,,,CHI-587-001,new,TRUE,,,,,,TRUE,,,,,holz,,,,https://cdn.shopify.com/s/files/1/1001/3504/3446/files/LANDWIRTSCHAFTSPELLET_PALETTE_MIT_70_S_CKEN_ZU_15_KG.jpg?v=1782586719,kg,,,active
mischholz-holzbriketts-palette-ruf-960kg,Mischholz Holzbriketts Palette-RUF – 960kg,"<div class=""wc-tab-inner wd-scroll-content"">
 

<p>Die RUF Mischholzbriketts sind das eigentliche Standardprodukt unter den Holzbriketts. Das Rohmaterial kommt aus Sägewerken, die zumeist ein sehr breit gefächertes Produktesortiment aufweisen. Daher können die Briketts im Aussehen und in der Zusammensetzung variieren.</p>
<p>Holzbriketts werden aus natürlichen Rohstoffen produziert und so gleicht sich bei dieser Sorte meist keine Palette der anderen.</p>
<p>Aufgrund der Mischung aus Laub- und Nadelhölzern werden die guten Eigenschaften der Laubhölzer (lange Glut) mit denen der Nadelhölzer (schöne Flamme, lange Flammdauer) vereint und es entsteht ein ausgewogenes Mittel.</p>
<p>Da die Mischholzbriketts kein sortenreines Produkt sind, sondern alle Sägespäne, Hobelspäne und Hackschnitzel verarbeitet werden, kann auch eine günstigere Verarbeitung sichergestellt werden. Somit haben die Mischholzbriketts das beste Preis-Leistungs-Verhältnis und sind der heimliche Favorit bei vielen Heizern die auf die Geldbörse schauen müssen.</p>
 </div>",Chiemgau Pellets GmbH,Heim & Garten > Zubehör für Kamine & Holzöfen > Feuerholz & Brennstoffe > Komprimierte Feuerholzscheite,Holzbrikett,"",true,Title,Default Title,,,,,,,,PP7-987-199,0.0,shopify,21,deny,manual,199.00,,true,true,,,,,"",https://cdn.shopify.com/s/files/1/1001/3504/3446/files/Mischholz_Holzbriketts_Palette-RUF_960kg.jpg?v=1782586657,1,Mischholz Holzbriketts Palette-RUF – 960kg,false,Mischholz Holzbriketts Palette-RUF – 960kg,"Die RUF Mischholzbriketts sind das eigentliche Standardprodukt unter den Holzbriketts. Das Rohmaterial kommt aus Sägewerken, die zumeist ein sehr breit gefächertes Produktesortiment aufweisen. Daher können die Briketts im Aussehen und in der Zusammensetzung variieren. Holzbriketts werden aus natürlichen Rohstoffen prod",625,,,CHI,new,TRUE,,,,,,TRUE,,,,,pinienholz,,,,https://cdn.shopify.com/s/files/1/1001/3504/3446/files/Mischholz_Holzbriketts_Palette-RUF_960kg.jpg?v=1782586657,kg,,,active
pellet-ausgezeichnete-pellets-pallet-von-65-sacken-von-15-kg,PELLET AUSGEZEICHNETE PELLETS – PALLET VON 65 SÄCKEN VON 15 KG,"<p>Unsere PELLET AUSGEZEICHNETE PELLETS bestehen zu 100 % aus natürlichem Sägemehl – ​​ganz ohne Zusatzstoffe oder chemische Bindemittel. Getrocknet und hochverdichtet garantieren sie eine saubere Verbrennung, hohe Energieeffizienz und minimale Aschebildung.</p>

<p>Dank ihres geringen Feuchtigkeitsgehalts liefern unsere Pellets eine gleichmäßige und sparsame Wärme, die Ihr Heizsystem schont. Sie eignen sich ideal für alle Arten von Pelletöfen und -kesseln und bieten eine zuverlässige und nachhaltige Heizlösung für den Winter.</p>

<p>✔ Hohe Heizleistung<br>
✔ ​​Geringer Aschegehalt<br>
✔ Saubere und umweltfreundliche Verbrennung<br>
✔ ​​Kompatibel mit allen Pelletöfen</p>

<p>Entscheiden Sie sich für effizientes, sparsames und umweltfreundliches Heizen.</p>",Chiemgau Pellets GmbH,Heim & Garten > Zubehör für Kamine & Holzöfen > Feuerholz & Brennstoffe > Holzpellets,"Holzpellets, Pelletkessel > Pelletkessel2","",true,Title,Default Title,,,,,,,,PP7-530-001,0.0,shopify,28,deny,manual,530.00,,true,true,,,,,"",https://cdn.shopify.com/s/files/1/1001/3504/3446/files/PELLET_AUSGEZEICHNETE_PELLETS_PALLET_VON_65_S_CKEN_VON_15_KG.jpg?v=1782586579,1,PELLET AUSGEZEICHNETE PELLETS – PALLET VON 65 SÄCKEN VON 15 KG,false,PELLET AUSGEZEICHNETE PELLETS – PALLET VON 65 SÄCKEN VON 15 KG,"Unsere PELLET AUSGEZEICHNETE PELLETS bestehen zu 100 % aus natürlichem Sägemehl – ​​ganz ohne Zusatzstoffe oder chemische Bindemittel. Getrocknet und hochverdichtet garantieren sie eine saubere Verbrennung, hohe Energieeffizienz und minimale Aschebildung. Dank ihres geringen Feuchtigkeitsgehalts liefern unsere Pellets ",625,,,CHI-530-001,new,TRUE,,,,,,TRUE,,braun-1,,,holz,,,,https://cdn.shopify.com/s/files/1/1001/3504/3446/files/PELLET_AUSGEZEICHNETE_PELLETS_PALLET_VON_65_S_CKEN_VON_15_KG.jpg?v=1782586579,kg,,,active
pellet-dachs-palette-mit-65-sacken-zu-15-kg,PELLET-DACHS – PALETTE MIT 65 SÄCKEN ZU 15 KG,"<p>Unsere PELLET-DACHS bestehen zu 100 % aus natürlichem Sägemehl – ganz ohne Zusatzstoffe oder chemische Bindemittel. Getrocknet und hochverdichtet garantieren sie eine saubere Verbrennung, hohe Energieeffizienz und minimale Aschebildung.</p>
<p>Dank ihres geringen Feuchtigkeitsgehalts liefern unsere Pellets eine gleichmäßige und sparsame Wärme, die Ihr Heizsystem schont. Sie eignen sich ideal für alle Arten von Pelletöfen und -kesseln und bieten eine zuverlässige und nachhaltige Heizlösung für den Winter.</p>
<p>✔ Hohe Heizleistung<br>✔ Geringer Aschegehalt<br>✔ Saubere und umweltfreundliche Verbrennung<br>✔ Kompatibel mit allen Pelletöfen</p>
<p>Entscheiden Sie sich für effizientes, sparsames und umweltfreundliches Heizen.</p>",Chiemgau Pellets GmbH,Heim & Garten > Zubehör für Kamine & Holzöfen > Feuerholz & Brennstoffe > Holzpellets,"Holzpellets, Pelletkessel > Pelletkessel2","",true,Title,Default Title,,,,,,,,PP7-780-001,0.0,shopify,25,deny,manual,780.00,,true,true,,,,,"",https://cdn.shopify.com/s/files/1/1001/3504/3446/files/PELLET-DACHS_PALETTE_MIT_65_S_CKEN_ZU_15_KG.jpg?v=1782586198,1,PELLET-DACHS – PALETTE MIT 65 SÄCKEN ZU 15 KG,false,PELLET-DACHS – PALETTE MIT 65 SÄCKEN ZU 15 KG,"Unsere PELLET-DACHS bestehen zu 100 % aus natürlichem Sägemehl – ​​ganz ohne Zusatzstoffe oder chemische Bindemittel. Getrocknet und hochverdichtet garantieren sie eine saubere Verbrennung, hohe Energieeffizienz und minimale Aschebildung. Dank ihres geringen Feuchtigkeitsgehalts liefern unsere Pellets eine gleichmäßige",625,,,CHI-780-001,new,TRUE,,,,,,TRUE,,,,,holz,,,,https://cdn.shopify.com/s/files/1/1001/3504/3446/files/PELLET-DACHS_PALETTE_MIT_65_S_CKEN_ZU_15_KG.jpg?v=1782586198,kg,,,active
pellet-olczyk-palette-zu-70-sacken-zu-15-kg,PELLET OLCZYK – PALETTE ZU 70 SÄCKEN ZU 15 KG,"<p>Unsere PELLET OLCZYK bestehen zu 100 % aus natürlichem Sägemehl – ​​ganz ohne Zusatzstoffe oder chemische Bindemittel. Getrocknet und hochverdichtet garantieren sie eine saubere Verbrennung, hohe Energieeffizienz und minimale Aschebildung.</p>

<p>Dank ihres geringen Feuchtigkeitsgehalts liefern unsere Pellets eine gleichmäßige und sparsame Wärme, die Ihr Heizsystem schont. Sie eignen sich ideal für alle Arten von Pelletöfen und -kesseln und bieten eine zuverlässige und nachhaltige Heizlösung für den Winter.</p>

<p>✔ Hohe Heizleistung<br>
✔ ​​Geringer Aschegehalt<br>
✔ Saubere und umweltfreundliche Verbrennung<br>
✔ ​​Kompatibel mit allen Pelletöfen</p>

<p>Entscheiden Sie sich für effizientes, sparsames und umweltfreundliches Heizen.</p>",Chiemgau Pellets GmbH,Heim & Garten > Zubehör für Kamine & Holzöfen > Feuerholz & Brennstoffe > Holzpellets,Holzpellets,"",true,Title,Default Title,,,,,,,,PP7-718-001,0.0,shopify,24,deny,manual,718.00,,true,true,,,,,"",https://cdn.shopify.com/s/files/1/1001/3504/3446/files/PELLET_OLCZYK_PALETTE_ZU_70_S_CKEN_ZU_15_KG.jpg?v=1782586529,1,PELLET OLCZYK – PALETTE ZU 70 SÄCKEN ZU 15 KG,false,PELLET OLCZYK – PALETTE ZU 70 SÄCKEN ZU 15 KG,"Unsere PELLET OLCZYK bestehen zu 100 % aus natürlichem Sägemehl – ​​ganz ohne Zusatzstoffe oder chemische Bindemittel. Getrocknet und hochverdichtet garantieren sie eine saubere Verbrennung, hohe Energieeffizienz und minimale Aschebildung. Dank ihres geringen Feuchtigkeitsgehalts liefern unsere Pellets eine gleichmäßig",625,,,CHI-718-001,new,TRUE,,,,,,TRUE,,,,,holz,,,,https://cdn.shopify.com/s/files/1/1001/3504/3446/files/PELLET_OLCZYK_PALETTE_ZU_70_S_CKEN_ZU_15_KG.jpg?v=1782586529,kg,,,active
pellet-pynauja-palette-mit-70-sacken-zu-15-kg,PELLET PYNAUJA – PALETTE MIT 70 SÄCKEN ZU 15 KG,"<p>Unsere PELLET PYNAUJA bestehen zu 100 % aus natürlichem Sägemehl – ​​ganz ohne Zusatzstoffe oder chemische Bindemittel. Getrocknet und hochverdichtet garantieren sie eine saubere Verbrennung, hohe Energieeffizienz und minimale Aschebildung.</p>

<p>Dank ihres geringen Feuchtigkeitsgehalts liefern unsere Pellets eine gleichmäßige und sparsame Wärme, die Ihr Heizsystem schont. Sie eignen sich ideal für alle Arten von Pelletöfen und -kesseln und bieten eine zuverlässige und nachhaltige Heizlösung für den Winter.</p>

<p>✔ Hohe Heizleistung<br>
✔ ​​Geringer Aschegehalt<br>
✔ Saubere und umweltfreundliche Verbrennung<br>
✔ ​​Kompatibel mit allen Pelletöfen</p>

<p>Entscheiden Sie sich für effizientes, sparsames und umweltfreundliches Heizen.</p>",Chiemgau Pellets GmbH,Heim & Garten > Zubehör für Kamine & Holzöfen > Feuerholz & Brennstoffe,Holzpellets,"",true,Title,Default Title,,,,,,,,PP7-784-001,0.0,shopify,26,deny,manual,784.00,,true,true,,,,,"",https://cdn.shopify.com/s/files/1/1001/3504/3446/files/PELLET_PYNAUJA_PALETTE_MIT_70_S_CKEN_ZU_15_KG.jpg?v=1782586464,1,PELLET PYNAUJA – PALETTE MIT 70 SÄCKEN ZU 15 KG,false,PELLET PYNAUJA – PALETTE MIT 70 SÄCKEN ZU 15 KG,"Unsere PELLET PYNAUJA bestehen zu 100 % aus natürlichem Sägemehl – ​​ganz ohne Zusatzstoffe oder chemische Bindemittel. Getrocknet und hochverdichtet garantieren sie eine saubere Verbrennung, hohe Energieeffizienz und minimale Aschebildung. Dank ihres geringen Feuchtigkeitsgehalts liefern unsere Pellets eine gleichmäßi",625,,,CHI-784-001,new,TRUE,,,,,,TRUE,,braun,,,holz,,,,https://cdn.shopify.com/s/files/1/1001/3504/3446/files/PELLET_PYNAUJA_PALETTE_MIT_70_S_CKEN_ZU_15_KG.jpg?v=1782586464,kg,,,active
pellet-starkes-pellet-palette-zu-70-sacken-zu-15-kg,PELLET STARKES PELLET – PALETTE ZU 70 SÄCKEN ZU 15 KG,"<p>Unsere PELLET STARKES PELLET bestehen zu 100 % aus natürlichem Sägemehl – ​​ganz ohne Zusatzstoffe oder chemische Bindemittel. Getrocknet und hochverdichtet garantieren sie eine saubere Verbrennung, hohe Energieeffizienz und minimale Aschebildung.</p>

<p>Dank ihres geringen Feuchtigkeitsgehalts liefern unsere Pellets eine gleichmäßige und sparsame Wärme, die Ihr Heizsystem schont. Sie eignen sich ideal für alle Arten von Pelletöfen und -kesseln und bieten eine zuverlässige und nachhaltige Heizlösung für den Winter.</p>

<p>✔ Hohe Heizleistung<br>
✔ ​​Geringer Aschegehalt<br>
✔ Saubere und umweltfreundliche Verbrennung<br>
✔ ​​Kompatibel mit allen Pelletöfen</p>

<p>Entscheiden Sie sich für effizientes, sparsames und umweltfreundliches Heizen.</p>",Chiemgau Pellets GmbH,Heim & Garten > Zubehör für Kamine & Holzöfen > Feuerholz & Brennstoffe > Holzpellets,"Holzpellets, Pelletkessel > Pelletkessel2","",true,Title,Default Title,,,,,,,,PP7-610-001,0.0,shopify,29,deny,manual,610.00,,true,true,,,,,"",https://cdn.shopify.com/s/files/1/1001/3504/3446/files/PELLET_STARKES_PELLET_PALETTE_ZU_70_S_CKEN_ZU_15_K.jpg?v=1782586395,1,PELLET STARKES PELLET – PALETTE ZU 70 SÄCKEN ZU 15 KG,false,PELLET STARKES PELLET – PALETTE ZU 70 SÄCKEN ZU 15 KG,"Unsere PELLET STARKES PELLET bestehen zu 100 % aus natürlichem Sägemehl – ​​ganz ohne Zusatzstoffe oder chemische Bindemittel. Getrocknet und hochverdichtet garantieren sie eine saubere Verbrennung, hohe Energieeffizienz und minimale Aschebildung. Dank ihres geringen Feuchtigkeitsgehalts liefern unsere Pellets eine gle",625,,,CHI-610-001,new,TRUE,,,,,,TRUE,,,,,holz,,,,https://cdn.shopify.com/s/files/1/1001/3504/3446/files/PELLET_STARKES_PELLET_PALETTE_ZU_70_S_CKEN_ZU_15_K.jpg?v=1782586395,kg,,,active
pellet-starkes-pellet-palette-zu-70-sacken-zu-15-kg-98,PELLET STARKES PELLET – PALETTE ZU 70 SÄCKEN ZU 15 KG,"<p>Unsere PELLET STARKES PELLET bestehen zu 100 % aus natürlichem Sägemehl – ​​ganz ohne Zusatzstoffe oder chemische Bindemittel. Getrocknet und hochverdichtet garantieren sie eine saubere Verbrennung, hohe Energieeffizienz und minimale Aschebildung.</p>

<p>Dank ihres geringen Feuchtigkeitsgehalts liefern unsere Pellets eine gleichmäßige und sparsame Wärme, die Ihr Heizsystem schont. Sie eignen sich ideal für alle Arten von Pelletöfen und -kesseln und bieten eine zuverlässige und nachhaltige Heizlösung für den Winter.</p>

<p>✔ Hohe Heizleistung<br>
✔ ​​Geringer Aschegehalt<br>
✔ Saubere und umweltfreundliche Verbrennung<br>
✔ ​​Kompatibel mit allen Pelletöfen</p>

<p>Entscheiden Sie sich für effizientes, sparsames und umweltfreundliches Heizen.</p>",Chiemgau Pellets GmbH,Heim & Garten > Zubehör für Kamine & Holzöfen > Feuerholz & Brennstoffe > Holzpellets,Holzpellets,"",true,Title,Default Title,,,,,,,,PP7-740-001,0.0,shopify,23,deny,manual,740.00,,true,true,,,,,"",https://cdn.shopify.com/s/files/1/1001/3504/3446/files/PELLET_STARKES_PELLET_PALETTE_ZU_70_S_CKEN_ZU_15_KG.jpg?v=1782586330,1,PELLET STARKES PELLET – PALETTE ZU 70 SÄCKEN ZU 15 KG,false,PELLET STARKES PELLET – PALETTE ZU 70 SÄCKEN ZU 15 KG,"Unsere PELLET STARKES PELLET bestehen zu 100 % aus natürlichem Sägemehl – ​​ganz ohne Zusatzstoffe oder chemische Bindemittel. Getrocknet und hochverdichtet garantieren sie eine saubere Verbrennung, hohe Energieeffizienz und minimale Aschebildung. Dank ihres geringen Feuchtigkeitsgehalts liefern unsere Pellets eine gle",625,,,CHI-740-001,new,TRUE,,,,,,TRUE,,,,,eichenholz; holz,,,,https://cdn.shopify.com/s/files/1/1001/3504/3446/files/PELLET_STARKES_PELLET_PALETTE_ZU_70_S_CKEN_ZU_15_KG.jpg?v=1782586330,kg,,,active
pellet-van-roje-palette-von-65-sacken-von-15-kg,PELLET VAN ROJE – PALETTE VON 65 SÄCKEN VON 15 KG,"<p>Unsere PELLET VAN ROJE bestehen zu 100 % aus natürlichem Sägemehl – ​​ganz ohne Zusatzstoffe oder chemische Bindemittel. Getrocknet und hochverdichtet garantieren sie eine saubere Verbrennung, hohe Energieeffizienz und minimale Aschebildung.</p>

<p>Dank ihres geringen Feuchtigkeitsgehalts liefern unsere Pellets eine gleichmäßige und sparsame Wärme, die Ihr Heizsystem schont. Sie eignen sich ideal für alle Arten von Pelletöfen und -kesseln und bieten eine zuverlässige und nachhaltige Heizlösung für den Winter.</p>

<p>✔ Hohe Heizleistung<br>
✔ ​​Geringer Aschegehalt<br>
✔ Saubere und umweltfreundliche Verbrennung<br>
✔ ​​Kompatibel mit allen Pelletöfen</p>

<p>Entscheiden Sie sich für effizientes, sparsames und umweltfreundliches Heizen.</p>",Chiemgau Pellets GmbH,Heim & Garten > Zubehör für Kamine & Holzöfen > Feuerholz & Brennstoffe > Holzpellets,"Holzpellets, Pelletkessel > Pelletkessel2","",true,Title,Default Title,,,,,,,,PP7-570-001,0.0,shopify,24,deny,manual,570.00,,true,true,,,,,"",https://cdn.shopify.com/s/files/1/1001/3504/3446/files/PELLET_VAN_ROJE_PALETTE_VON_65_S_CKEN_VON_15_KG.jpg?v=1782586271,1,PELLET VAN ROJE – PALETTE VON 65 SÄCKEN VON 15 KG,false,PELLET VAN ROJE – PALETTE VON 65 SÄCKEN VON 15 KG,"Unsere PELLET VAN ROJE bestehen zu 100 % aus natürlichem Sägemehl – ​​ganz ohne Zusatzstoffe oder chemische Bindemittel. Getrocknet und hochverdichtet garantieren sie eine saubere Verbrennung, hohe Energieeffizienz und minimale Aschebildung. Dank ihres geringen Feuchtigkeitsgehalts liefern unsere Pellets eine gleichmäß",625,,,CHI-570-001,new,TRUE,,,,,,TRUE,,,,,holz,,,,https://cdn.shopify.com/s/files/1/1001/3504/3446/files/PELLET_VAN_ROJE_PALETTE_VON_65_S_CKEN_VON_15_KG.jpg?v=1782586271,kg,,,active
pelletkessel-extraflame-pk15-16kw,Pelletkessel – EXTRAFLAME PK15 16kW,"<p>Unsere Pelletöfen vereinen Technologie, Design und Leistung und verwandeln Ihr Zuhause in einen warmen und eleganten Raum. Dank intelligenter Steuerungssysteme sorgen sie für eine gleichmäßige Wärmeverteilung bei gleichzeitig optimiertem Pelletverbrauch.</p>

<p>Unsere Öfen sind benutzerfreundlich, programmierbar und sicher und bieten optimalen Wärmekomfort bei exzellenter Energieeffizienz. Ihr modernes Design fügt sich harmonisch in jeden Wohnstil ein.</p>

<p>✔ Programmierbare und automatische Heizung<br>
✔ ​​Hohe Effizienz und optimierter Verbrauch<br>
✔ Einfache Installation und Wartung<br>
✔ ​​Umweltfreundliche und wirtschaftliche Lösung</p>

<p>Genießen Sie leistungsstarke, ästhetisch ansprechende und nachhaltige Heizung für Ihr Zuhause.</p>",Chiemgau Pellets GmbH,Heim & Garten > Haushaltsgeräte > Klimatisierung > Öfen & Kessel > Kessel,"Pelletkessel, Pelletkessel > Pelletkessel2","",true,Title,Default Title,,,,,,,,PP7-230-001,0.0,shopify,29,deny,manual,2350.00,,true,true,,,,,"",https://cdn.shopify.com/s/files/1/1001/3504/3446/files/Pelletkessel_EXTRAFLAME_PK15_16kW.jpg?v=1782586137,1,Pelletkessel – EXTRAFLAME PK15 16kW,false,Pelletkessel – EXTRAFLAME PK15 16kW,"Unsere Pelletöfen vereinen Technologie, Design und Leistung und verwandeln Ihr Zuhause in einen warmen und eleganten Raum. Dank intelligenter Steuerungssysteme sorgen sie für eine gleichmäßige Wärmeverteilung bei gleichzeitig optimiertem Pelletverbrauch. Unsere Öfen sind benutzerfreundlich, programmierbar und sicher un",3082,,,CHI-2350-001,new,TRUE,,,,,,TRUE,solo,grau,,,,boden,vertikal,pellet,https://cdn.shopify.com/s/files/1/1001/3504/3446/files/Pelletkessel_EXTRAFLAME_PK15_16kW.jpg?v=1782586137,kg,,,active
pollmeier-premium-buchenholz-briketts-6kg-x-50-gebinde-300kg-palette,Pollmeier Premium Buchenholz Briketts 6kg x 50 Gebinde 300kg Palette,"<p>Entdecken Sie mit den Pollmeier Buchenholzbriketts eine Heizalternative, die Umweltfreundlichkeit mit Effizienz verbindet. Diese Briketts verbrennen CO?-neutral und bieten dank ihrer langen Glutdauer eine nachhaltige Heizmöglichkeit. Gefertigt ohne chemische Bindemittel, bestehen sie aus rein natürlichem Buchenschleifstaub, der zu robusten, walzenartigen Formen gepresst wird. Die Briketts tragen als ökologisches Heizmittel zum Umweltschutz bei.</p> <p>Ihre natürliche Zusammensetzung und der Verzicht auf chemische Zusätze qualifizieren sie als umweltfreundliche Heizlösung. Mit ihrer geringen Restfeuchtigkeit verbrennen sie nahezu rauchfrei und produzieren nur wenig Asche, was sie zu einer sauberen und nutzerfreundlichen Option macht. Diese Briketts gewährleisten eine gleichbleibend warme und behagliche Atmosphäre in Ihrem Zuhause durch ihre gleichmäßige und konstante Wärmeabgabe. Jedes Brikett steht für die hohe Qualität und Zuverlässigkeit, die durch die kontrollierte Herkunft gewährleistet wird. Sie sind die ideale Lösung für all jene, die eine umweltbewusste, effiziente und saubere Heizoption suchen, egal ob für den heimischen Kamin oder als nachhaltige Wärmequelle. Die Pollmeier Buchenholzbriketts sind somit die perfekte Wahl für Haushalte, die großen Wert auf Umweltschutz legen und eine verlässliche, nachhaltige Heizmethode suchen. Sie bieten Komfort und Wärme, ohne dabei die Umwelt zu belasten.</p>",LEAG Pellets GmbH,,Holzbriketts,Holzbriketts,true,Title,Default Title,,,,,,,,15410-2,0.0,shopify,100,deny,manual,175.00,,true,true,,,,,,https://cdn.shopify.com/s/files/1/1001/3504/3446/files/717441762.webp?v=1786810360,1,Pollmeier Premium Buchenholz Briketts 6kg x 50 Gebinde 300kg Palette,false,Pollmeier Premium Buchenholz Briketts 6kg x 50 Gebinde 300kg Palette,🚚 Lieferzeit: 2–8 Werktage (Montag bis Freitag) Kostenloser Versand auf alle Bestellungen ✔ Zufriedenheitsgarantie ✔ Einfache Rückgabe und Rückerstattung ✔ Sichere Zahlung ✔ 2 Jahre Herstellergarantie,"Hardware > Heating, Ventilation & Air Conditioning > Fuel > Wood Pellets & Biomass Fuel",,,15410-2,new,FALSE,,,,,,FALSE,,,,,,,,,,kg,,,active
rekord-braunkohlebriketts-25kg-x-40-gebinde-1000kg-palette,Rekord Braunkohlebriketts 25kg x 40 Gebinde 1000kg Palette,"<p>Braunkohlebriketts 25 kg<br> Lange Glutdauer • Heizwert: ≥ 5,2 kWh/kg • Asche: ≤ 4,5 %</p> <p>Beschreibung<br> ● Die Lausitzer Braunkohle der Marke REKORD® „Made in Germany“<br> ● Lange Brenndauer mit ruhigem Flammenbild<br> ● Geringer Schwefelanteil und langanhaltende Glut<br> ● Platzsparend und preiswert<br> ● Einsatz im Heizkessel, geschlossenen Kamin und Ofen</p> <p>Produktdetails<br> Produktsortiment: Kohle<br> Geeignete Feuerstätten: Dauerbrandofen<br> Kaminofen<br> Küchenofen<br> Schwefelgehalt: ≤ 0,8 %<br> Aschegehalt: ≤ 4,5 %<br> Heizwert: ≥ 5,2 kWh/kg</p> <p>Warn- und Sicherheitshinweise<br> Braunkohlenbriketts von REKORD sind ein effektiver Brennstoff, der in Kachelöfen,<br> Kaminöfen und Festbrennstoffheizkesseln verwendet werden kann. Lagern Sie die Briketts<br> an einem trockenen, gut belüfteten Ort, um Feuchtigkeit zu vermeiden. Achten Sie darauf,<br> dass die Briketts nicht in der Nähe von Wärmequellen oder offenen Flammen gelagert<br> werden. Beim Umgang sollte Staubentwicklung vermieden und das Rauchen in der Nähe der</p> <p>Briketts unterlassen werden.<br> Konformitätserklärung<br> Die Braunkohlenbriketts von REKORD entsprechen den Anforderungen der General<br> Product Safety Regulation (GPSR) und sind gemäß der DIN EN 1860-2 für Brennstoffe<br> geprüft. Sie erfüllen alle relevanten Sicherheits- und Qualitätsstandards und bieten eine<br> effiziente, umweltfreundliche Heizlösung für zugelassene Feuerstätten.</p>",LEAG Pellets GmbH,,Holzbriketts,Holzbriketts,true,Title,Default Title,,,,,,,,15485-8,0.0,shopify,100,deny,manual,425.00,,true,true,,,,,,https://cdn.shopify.com/s/files/1/1001/3504/3446/files/836886377.jpg?v=1786810351,1,Rekord Braunkohlebriketts 25kg x 40 Gebinde 1000kg Palette,false,Rekord Braunkohlebriketts 25kg x 40 Gebinde 1000kg Palette,🚚 Lieferzeit: 2–8 Werktage (Montag bis Freitag) Kostenloser Versand auf alle Bestellungen ✔ Zufriedenheitsgarantie ✔ Einfache Rückgabe und Rückerstattung ✔ Sichere Zahlung ✔ 2 Jahre Herstellergarantie,"Hardware > Heating, Ventilation & Air Conditioning > Fuel > Wood Pellets & Biomass Fuel",,,15485-8,new,FALSE,,,,,,FALSE,,,,,,,,,,kg,,,active
solaris-pellet-palette-mit-65-sacken-zu-15-kg,SOLARIS PELLET – PALETTE MIT 65 SÄCKEN ZU 15 KG,"<p>Unsere SOLARIS PELLET bestehen zu 100 % aus natürlichem Sägemehl – ​​ganz ohne Zusatzstoffe oder chemische Bindemittel. Getrocknet und hochverdichtet garantieren sie eine saubere Verbrennung, hohe Energieeffizienz und minimale Aschebildung.</p>

<p>Dank ihres geringen Feuchtigkeitsgehalts liefern unsere Pellets eine gleichmäßige und sparsame Wärme, die Ihr Heizsystem schont. Sie eignen sich ideal für alle Arten von Pelletöfen und -kesseln und bieten eine zuverlässige und nachhaltige Heizlösung für den Winter.</p>

<p>✔ Hohe Heizleistung<br>
✔ ​​Geringer Aschegehalt<br>
✔ Saubere und umweltfreundliche Verbrennung<br>
✔ ​​Kompatibel mit allen Pelletöfen</p>

<p>Entscheiden Sie sich für effizientes, sparsames und umweltfreundliches Heizen.</p>",Chiemgau Pellets GmbH,Heim & Garten > Zubehör für Kamine & Holzöfen > Feuerholz & Brennstoffe,"Holzpellets, Pelletkessel > Pelletkessel2","",true,Title,Default Title,,,,,,,,PP7-380-001,0.0,shopify,23,deny,manual,380.00,,true,true,,,,,"",https://cdn.shopify.com/s/files/1/1001/3504/3446/files/SOLARIS_PELLET_PALETTE_MIT_65_S_CKEN_ZU_15_KG.jpg?v=1782586038,1,SOLARIS PELLET – PALETTE MIT 65 SÄCKEN ZU 15 KG,false,SOLARIS PELLET – PALETTE MIT 65 SÄCKEN ZU 15 KG,"Unsere SOLARIS PELLET bestehen zu 100 % aus natürlichem Sägemehl – ​​ganz ohne Zusatzstoffe oder chemische Bindemittel. Getrocknet und hochverdichtet garantieren sie eine saubere Verbrennung, hohe Energieeffizienz und minimale Aschebildung. Dank ihres geringen Feuchtigkeitsgehalts liefern unsere Pellets eine gleichmäßi",625,,,CHI-380-001,new,TRUE,,,,,,TRUE,,beige,,,holz,,,,https://cdn.shopify.com/s/files/1/1001/3504/3446/files/SOLARIS_PELLET_PALETTE_MIT_65_S_CKEN_ZU_15_KG.jpg?v=1782586038,kg,,,active
verba-pellet-palette-zu-70-sacken-zu-15-kg,VERBA PELLET – PALETTE ZU 70 SÄCKEN ZU 15 KG,"<p>Unsere VERBA PELLET bestehen zu 100 % aus natürlichem Sägemehl – ​​ganz ohne Zusatzstoffe oder chemische Bindemittel. Getrocknet und hochverdichtet garantieren sie eine saubere Verbrennung, hohe Energieeffizienz und minimale Aschebildung.</p>

<p>Dank ihres geringen Feuchtigkeitsgehalts liefern unsere Pellets eine gleichmäßige und sparsame Wärme, die Ihr Heizsystem schont. Sie eignen sich ideal für alle Arten von Pelletöfen und -kesseln und bieten eine zuverlässige und nachhaltige Heizlösung für den Winter.</p>

<p>✔ Hohe Heizleistung<br>
✔ ​​Geringer Aschegehalt<br>
✔ Saubere und umweltfreundliche Verbrennung<br>
✔ ​​Kompatibel mit allen Pelletöfen</p>

<p>Entscheiden Sie sich für effizientes, sparsames und umweltfreundliches Heizen.</p>",Chiemgau Pellets GmbH,Heim & Garten > Zubehör für Kamine & Holzöfen > Feuerholz & Brennstoffe,"Holzpellets, Pelletkessel > Pelletkessel2","",true,Title,Default Title,,,,,,,,PP7-620-001,0.0,shopify,27,deny,manual,620.00,,true,true,,,,,"",https://cdn.shopify.com/s/files/1/1001/3504/3446/files/a12-3-600x600-1.jpg?v=1781957662,1,VERBA PELLET – PALETTE ZU 70 SÄCKEN ZU 15 KG,false,VERBA PELLET – PALETTE ZU 70 SÄCKEN ZU 15 KG,"Unsere VERBA PELLET bestehen zu 100 % aus natürlichem Sägemehl – ​​ganz ohne Zusatzstoffe oder chemische Bindemittel. Getrocknet und hochverdichtet garantieren sie eine saubere Verbrennung, hohe Energieeffizienz und minimale Aschebildung. Dank ihres geringen Feuchtigkeitsgehalts liefern unsere Pellets eine gleichmäßige",625,,,CHI-620-001,new,TRUE,,,,,,TRUE,,beige,,,holz,,,,https://cdn.shopify.com/s/files/1/1001/3504/3446/files/a12-3-600x600-1.jpg?v=1781957662,kg,,,active
