Handle,Title,Body (HTML),Vendor,Type,Tags,Published,Variant Price,Variant Compare At Price,Image Src,Image Position,Variant SKU,Variant Grams,Variant Inventory Tracker,Variant Inventory Qty,Variant Inventory Policy,Variant Fulfillment Service,Variant Requires Shipping,Variant Taxable,Variant Barcode
"pelletkessel-extraflame-pk15-16kw","Pelletkessel – EXTRAFLAME PK15 16kW","","EHS-PELLETS GmbH","","","TRUE","2445.00","4846.92","https://warmholzgmbh.de/wp-content/uploads/2022/10/b84-600x600.jpg","1","","","","","deny","manual","TRUE","TRUE",""
"chaudiere-a-granules-evacalor-ev50-45-kw","Chaudière à granulés – EVACALOR EV50 45 kW","","EHS-PELLETS GmbH","","","TRUE","4551.68","6069.89","https://warmholzgmbh.de/wp-content/uploads/2023/05/chaudiere-a-granules-extraflame-pk15-16kw-1-1-600x600.png","1","","","","","deny","manual","TRUE","TRUE",""
"poele-a-granules-hydraulique-avec-kit-ecs-extraflame-diadema-acs-idro-28-kw","Poêle à granulés hydraulique avec kit ECS – EXTRAFLAME Diadema ACS Idro 28 kW","","EHS-PELLETS GmbH","","","TRUE","2578.00","4104.57","https://warmholzgmbh.de/wp-content/uploads/2023/05/evacalor-ev50-50-kw-1-1-1-600x600.jpg","1","","","","","deny","manual","TRUE","TRUE",""
"chaudiere-a-granules-extraflame-pk20-21-kw","Chaudière à granulés – EXTRAFLAME PK20 21 kW","","EHS-PELLETS GmbH","","","TRUE","3255.00","5287.62","https://warmholzgmbh.de/wp-content/uploads/2023/05/poele-a-granules-hydraulique-avec-kit-ecs-extraflame-diadema-acs-idro-28-kw-5-1-600x600.jpg","1","","","","","deny","manual","TRUE","TRUE",""
"chaudiere-a-granules-evacalor-ev34-34-kw","Chaudière à granulés – EVACALOR EV34 34 kW","","EHS-PELLETS GmbH","","","TRUE","3636.38","6087.04","https://warmholzgmbh.de/wp-content/uploads/2023/05/chaudiere-a-granules-extraflame-pk20-21kw-1-1-600x600.png","1","","","","","deny","manual","TRUE","TRUE",""
"poele-a-granules-hydroelectriques-etanche-et-a-dome-extraflame-guenda-idro-17-kw","Poêle à granulés hydroélectriques étanche et à dôme – EXTRAFLAME Guenda Idro 17 kW","","EHS-PELLETS GmbH","","","TRUE","2866.04","","https://warmholzgmbh.de/wp-content/uploads/2023/05/chaudiere-a-granules-evacalor-ev34-34-kw-10-1-600x600.jpg","1","","","","","deny","manual","TRUE","TRUE",""
"poele-a-granules-pour-chauffage-central-demontable-extraflame-raffaella-idro-h15-19-kw","Poêle à granulés pour chauffage central, démontable – EXTRAFLAME Raffaella Idro H15 19 kW","","EHS-PELLETS GmbH","","","TRUE","1686.96","","https://warmholzgmbh.de/wp-content/uploads/2023/05/poele-a-granules-thermo-hydraulique-debrayable-etanche-extraflame-guenda-idro-17-kw-6-600x600.png","1","","","","","deny","manual","TRUE","TRUE",""
"poele-a-granules-ventile-hydrodetachable-extraflame-isidora-idro-h20-25-kw","Poêle à granulés ventilé hydrodétachable – EXTRAFLAME Isidora Idro H20 25 kW","","EHS-PELLETS GmbH","","","TRUE","1890.00","3521.19","https://warmholzgmbh.de/wp-content/uploads/2023/05/poele-a-granules-chauffage-central-debrayable-extraflame-raffaella-idro-h15-19-kw-1-1-1-600x600.jpg","1","","","","","deny","manual","TRUE","TRUE",""
"poele-a-granules-etanche-et-a-dome-extraflame-evelyne-idro-2-0-19-kw","Poêle à granulés étanche et à dôme – EXTRAFLAME Evelyne Idro 2.0 19 kW","","EHS-PELLETS GmbH","","","TRUE","1770.00","3005.75","https://warmholzgmbh.de/wp-content/uploads/2023/05/poele-a-granules-ventile-hydro-extraflame-isidora-idro-h20-25-kw-4-1-600x600.jpg","1","","","","","deny","manual","TRUE","TRUE",""
"chaudiere-a-granules-extraflame-pr30-32-kw","Chaudière à granulés – EXTRAFLAME PR30 32 kW","","EHS-PELLETS GmbH","","","TRUE","3210.00","5469.40","https://warmholzgmbh.de/wp-content/uploads/2023/05/poele-a-granules-hydraulique-debrayable-etanche-extraflame-evelyne-idro-20-19-kw-1-1-600x600.png","1","","","","","deny","manual","TRUE","TRUE",""
"poele-a-granules-etanche-et-a-dome-extraflame-costanza-idro-18-5-kw","Poêle à granulés étanche et à dôme – EXTRAFLAME Costanza Idro 18,5 kW","","EHS-PELLETS GmbH","","","TRUE","1570.00","2417.98","https://warmholzgmbh.de/wp-content/uploads/2023/05/chaudiere-a-granules-extraflame-pr30-34-kw-3-600x600.png","1","","","","","deny","manual","TRUE","TRUE",""
"reservoir-de-stockage-de-granules-extraflame","Réservoir de stockage de granulés – EXTRAFLAME","","EHS-PELLETS GmbH","","","TRUE","1172.29","1752.86","https://warmholzgmbh.de/wp-content/uploads/2023/05/poele-a-granules-hydraulique-etanche-debrayable-extraflame-costanza-idro-185-kw-1-1-1-600x600.jpg","1","","","","","deny","manual","TRUE","TRUE",""
"poele-a-granules-hydraulique-evacalor-venere-17-5-kw","Poêle à granulés hydraulique – EVACALOR Venere 17,5 kW","","EHS-PELLETS GmbH","","","TRUE","2401.69","3616.34","https://warmholzgmbh.de/wp-content/uploads/2023/05/reservoir-de-stockage-a-granules-extraflame-2-1-600x600.jpg","1","","","","","deny","manual","TRUE","TRUE",""
"chaudiere-a-granules-extraflame-pr20-22-kw","Chaudière à granulés – EXTRAFLAME PR20 22 kW","","EHS-PELLETS GmbH","","","TRUE","2770.00","4660.96","https://warmholzgmbh.de/wp-content/uploads/2023/05/poele-a-granules-hydraulique-evacalor-venere-175-kw-5-1-600x600.jpg","1","","","","","deny","manual","TRUE","TRUE",""
"tremie-a-granules-evacalor","Trémie à granulés – EVACALOR","","EHS-PELLETS GmbH","","","TRUE","681.09","1177.03","https://warmholzgmbh.de/wp-content/uploads/2023/05/chaudiere-a-granules-extraflame-pr20-22-kw-2-600x600.png","1","","","","","deny","manual","TRUE","TRUE",""
"chaudiere-a-granules-extraflame-pk30-32-5-kw","Chaudière à granulés – EXTRAFLAME PK30 32,5 kW","","EHS-PELLETS GmbH","","","TRUE","3045.00","4993.84","https://warmholzgmbh.de/wp-content/uploads/2023/05/reservoir-a-granules-evacalor-1-1-1-600x600.jpg","1","","","","","deny","manual","TRUE","TRUE",""
"kanalisierbarer-belufteter-pelletofen-mit-backofen-evacalor-biscotto-8-5-kw","Kanalisierbarer belüfteter Pelletofen mit Backofen – EVACALOR Biscotto 8,5 kW","","EHS-PELLETS GmbH","","","TRUE","1450.69","3150.34","https://warmholzgmbh.de/wp-content/uploads/2023/05/chaudiere-a-granules-extraflame-pk30-325-kw-1-1-600x600.png","1","","","","","deny","manual","TRUE","TRUE",""
"poele-a-granules-avec-four-a-convection-evacalor-enrica-9-kw","Poêle à granulés avec four à convection – EVACALOR Enrica 9 kW","","EHS-PELLETS GmbH","","","TRUE","2140.94","4170.96","https://warmholzgmbh.de/wp-content/uploads/2023/05/poele-a-granules-ventile-canalisable-avec-four-evacalor-biscotto-85-kw-8-600x600.jpg","1","","","","","deny","manual","TRUE","TRUE",""
"poele-a-bois-lincar-duchessa-13-a-15-kw","Poêle à bois – LINCAR Duchessa 13 à 15 kW","","EHS-PELLETS GmbH","","","TRUE","2677.73","3846.88","https://warmholzgmbh.de/wp-content/uploads/2023/05/cuisiniere-a-granules-avec-four-ventile-evacalor-enrica-9-kw-7-600x600.jpg","1","","","","","deny","manual","TRUE","TRUE",""
"poele-a-bois-la-nordica-verone-xxl-maiolica-8-kw","Poêle à bois – LA NORDICA Vérone XXL Maiolica 8 kW","","EHS-PELLETS GmbH","","","TRUE","2980.45","","https://warmholzgmbh.de/wp-content/uploads/2023/05/cuisiniere-a-bois-lincar-duchessa-15-kw-1-600x600.png","1","","","","","deny","manual","TRUE","TRUE",""
"poele-a-granules-ventile-encastrable-evacalor-nina-7-5-kw","Poêle à granulés ventilé encastrable – EVACALOR Nina 7,5 kW","","EHS-PELLETS GmbH","","","TRUE","2140.40","3148.80","https://warmholzgmbh.de/wp-content/uploads/2023/05/cuisiniere-a-bois-la-nordica-verona-xxl-maiolica-8-kw-1-1-600x600.png","1","","","","","deny","manual","TRUE","TRUE",""
"poele-a-granules-ventile-evacalor-nina-7-5-kw","Poêle à granulés ventilé – EVACALOR Nina 7,5 kW","","EHS-PELLETS GmbH","","","TRUE","2890.00","4080.00","https://warmholzgmbh.de/wp-content/uploads/2023/05/cuisiniere-a-granules-ventilee-encastrable-evacalor-nina-75-kw-3-600x600.jpg","1","","","","","deny","manual","TRUE","TRUE",""
"insert-a-bois-la-nordica-monoblocco-90pa-15-kw","Insert à bois – LA NORDICA Monoblocco 90PA 15 kW","","EHS-PELLETS GmbH","","","TRUE","3528.00","","https://warmholzgmbh.de/wp-content/uploads/2023/05/cuisiniere-a-granules-ventilee-evacalor-nina-75-kw-7-600x600.jpg","1","","","","","deny","manual","TRUE","TRUE",""
"insert-a-bois-ventile-nordica-inserto-70-h-49-4-0-ventilato-8-1-kw","Insert à bois ventilé – NORDICA Inserto 70 H 49 4.0 Ventilato 8.1 kW","","EHS-PELLETS GmbH","","","TRUE","1503.00","","https://warmholzgmbh.de/wp-content/uploads/2023/05/E1-600x600.jpg","1","","","","","deny","manual","TRUE","TRUE",""
"poele-a-bois-en-fonte-la-nordica-isotta-con-cerchi-evo-14-5-kw","Poêle à bois en fonte – LA NORDICA Isotta con cerchi Evo 14,5 kW","","EHS-PELLETS GmbH","","","TRUE","1574.99","","https://warmholzgmbh.de/wp-content/uploads/2023/05/L1-600x600.jpg","1","","","","","deny","manual","TRUE","TRUE",""
"poele-a-bois-en-fonte-la-nordica-isetta-con-cerchi-evo-4-0-8-8-kw-copie","Poêle à bois en fonte – LA NORDICA Isetta con cerchi Evo 4.0 8,8 kW (copie)","","EHS-PELLETS GmbH","","","TRUE","950.88","","https://warmholzgmbh.de/wp-content/uploads/2023/05/O1-600x600.jpg","1","","","","","deny","manual","TRUE","TRUE",""
"poele-a-bois-en-fonte-la-nordica-marlena-8-kw","Poêle à bois en fonte – LA NORDICA Marlena 8 kW","","EHS-PELLETS GmbH","","","TRUE","1118.60","","https://warmholzgmbh.de/wp-content/uploads/2023/05/J1-600x600.jpg","1","","","","","deny","manual","TRUE","TRUE",""
"poele-a-bois-en-fonte-la-nordica-giulietta-x-4-0-8-kw","Poêle à bois en fonte – LA NORDICA Giulietta X 4.0 8 kW","","EHS-PELLETS GmbH","","","TRUE","645.40","","https://warmholzgmbh.de/wp-content/uploads/2023/05/H1-600x600.jpg","1","","","","","deny","manual","TRUE","TRUE",""
"poele-a-bois-en-fonte-la-nordica-isetta-con-cerchi-evo-4-0-8-8-kw","Poêle à bois en fonte – LA NORDICA Isetta con cerchi Evo 4.0 8,8 kW","","EHS-PELLETS GmbH","","","TRUE","958.88","","https://warmholzgmbh.de/wp-content/uploads/2023/05/Q1-2-600x600.jpg","1","","","","","deny","manual","TRUE","TRUE",""
"poele-a-bois-en-fonte-la-nordica-jennifer-2-0-9-kw","Poêle à bois en fonte – LA NORDICA Jennifer 2.0 9 kW","","EHS-PELLETS GmbH","","","TRUE","945.35","","https://warmholzgmbh.de/wp-content/uploads/2023/05/J1-600x600.jpg","1","","","","","deny","manual","TRUE","TRUE",""
"poele-a-bois-en-fonte-la-nordica-isotta-evo-14-5-kw","Poêle à bois en fonte – LA NORDICA Isotta Evo 14,5 kW","","EHS-PELLETS GmbH","","","TRUE","2465.10","","https://warmholzgmbh.de/wp-content/uploads/2023/05/K1-600x600.jpg","1","","","","","deny","manual","TRUE","TRUE",""
"palette-de-bois-de-chauffage-en-frene-dur-2m3","PALETTE DE BOIS DE CHAUFFAGE EN FRÊNE DUR – 2M3","","EHS-PELLETS GmbH","","","TRUE","180.00","","https://warmholzgmbh.de/wp-content/uploads/2023/05/Q1-600x600.jpg","1","","","","","deny","manual","TRUE","TRUE",""
"insert-a-bois-la-nordica-inserto-100-wide-10-kw","Insert à bois – LA NORDICA Inserto 100 Wide 10 kW","","EHS-PELLETS GmbH","","","TRUE","2213.40","","https://warmholzgmbh.de/wp-content/uploads/2022/10/bois-de-chauffage-25-cm-melange-de-bois-durs-palette-2-m3-3-steres-600x600.jpg","1","","","","","deny","manual","TRUE","TRUE",""
"poele-a-bois-en-fonte-la-nordica-suprema-4-0-10-kw","Poêle à bois en fonte – LA NORDICA Suprema 4.0 10 kW","","EHS-PELLETS GmbH","","","TRUE","3132.36","","https://warmholzgmbh.de/wp-content/uploads/2023/05/D1-600x600.jpg","1","","","","","deny","manual","TRUE","TRUE",""
"poele-a-bois-en-fonte-avec-four-firematic-miami-9-5-kw","Poêle à bois en fonte avec four – FIREMATIC Miami 9,5 kW","","EHS-PELLETS GmbH","","","TRUE","1749.48","","https://warmholzgmbh.de/wp-content/uploads/2023/05/T1-600x600.jpg","1","","","","","deny","manual","TRUE","TRUE",""
"poele-a-bois-en-ceramique-original-phebo-vesta-decor-12-5-kw","Poêle à bois en céramique – ORIGINAL PHEBO Vesta Décor 12,5 kW","","EHS-PELLETS GmbH","","","TRUE","2322.03","","https://warmholzgmbh.de/wp-content/uploads/2023/05/poele-a-bois-avec-four-firematic-miami-95-kw-1-600x600.jpg","1","","","","","deny","manual","TRUE","TRUE",""
"poele-a-bois-a-cheminee-centrale-4-faces-firematic-oregon-14-a-17-kw","Poêle à bois à cheminée centrale 4 faces – FIREMATIC Oregon 14 à 17 kW","","EHS-PELLETS GmbH","","","TRUE","2309.08","","https://warmholzgmbh.de/wp-content/uploads/2023/05/poele-a-bois-ceramique-origine-phebo-vesta-decor-125-kw-2-600x600.png","1","","","","","deny","manual","TRUE","TRUE",""
"poele-a-bois-etanche-evacalor-ginevra-9-kw","Poêle à bois étanche – EVACALOR Ginevra 9 kW","","EHS-PELLETS GmbH","","","TRUE","1772.80","","https://warmholzgmbh.de/wp-content/uploads/2023/05/poele-a-bois-cheminee-4-faces-firematic-oregon-14-a-17-kw-1-600x600.jpg","1","","","","","deny","manual","TRUE","TRUE",""
"poele-a-bois-avec-four-en-pierre-naturelle-la-nordica-rossella-plus-forno-evo-10-6-kw","Poêle à bois avec four en pierre naturelle – LA NORDICA Rossella Plus Forno Evo 10,6 kW","","EHS-PELLETS GmbH","","","TRUE","2362.93","","https://warmholzgmbh.de/wp-content/uploads/2023/05/poele-a-bois-etanche-evacalor-ginevra-9-kw-2-600x600.jpg","1","","","","","deny","manual","TRUE","TRUE",""
"poele-a-bois-pour-chauffage-central-bronpi-hydronova-plus-15-kw","Poêle à bois pour chauffage central – BRONPI HydroNova Plus 15 kW","","EHS-PELLETS GmbH","","","TRUE","1764.32","","https://warmholzgmbh.de/wp-content/uploads/2023/05/poele-a-bois-avec-four-en-pierre-naturelle-la-nordica-rossella-plus-forno-evo-106-kw-1-1-600x600.jpg","1","","","","","deny","manual","TRUE","TRUE",""
"poele-a-bois-avec-four-la-nordica-rossella-plus-forno-evo-10-6-kw","Poêle à bois avec four – LA NORDICA Rossella Plus Forno Evo 10,6 kW","","EHS-PELLETS GmbH","","","TRUE","2362.93","","https://warmholzgmbh.de/wp-content/uploads/2023/05/chaudiere-a-bois-bronpi-hydronova-plus-15-kw-7-600x600.png","1","","","","","deny","manual","TRUE","TRUE",""
"poele-a-bois-a-arrivee-d-air-directe-bronpi-versailles-10-kw","Poêle à bois à arrivée d'air directe – BRONPI Versailles 10 kW","","EHS-PELLETS GmbH","","","TRUE","1629.63","","https://warmholzgmbh.de/wp-content/uploads/2023/05/poele-a-bois-avec-four-la-nordica-rossella-plus-forno-evo-106-kw-1-1-600x600.jpg","1","","","","","deny","manual","TRUE","TRUE",""
"poele-a-bois-en-fonte-la-nordica-isetta-con-cerchi-evo-4-0-8-8-kw","Poêle à bois en fonte – LA NORDICA Isetta con cerchi Evo 4.0 8,8 kW","","EHS-PELLETS GmbH","","","TRUE","1631.03","","https://warmholzgmbh.de/wp-content/uploads/2023/05/poele-a-bois-avec-prise-d-air-direct-bronpi-versailles-10-kw-1-1-600x600.jpg","1","","","","","deny","manual","TRUE","TRUE",""
"poele-a-bois-avec-four-bronpi-murano-14-kw","Poêle à bois avec four – BRONPI Murano – 14 kW","","EHS-PELLETS GmbH","","","TRUE","1620.98","","https://warmholzgmbh.de/wp-content/uploads/2023/05/poele-a-bois-en-fonte-la-nordica-isetta-con-cerchi-evo-40-88-kw-3-600x600.png","1","","","","","deny","manual","TRUE","TRUE",""
"poele-a-bois-en-fonte-la-nordica-marlena-8-kw","Poêle à bois en fonte – LA NORDICA Marlena 8 kW","","EHS-PELLETS GmbH","","","TRUE","1597.92","","https://warmholzgmbh.de/wp-content/uploads/2023/05/insert-a-bois-avec-four-encastrable-bronpi-murano-e-14-kw-5-600x600.jpg","1","","","","","deny","manual","TRUE","TRUE",""
"poele-a-bois-avec-four-firematic-kentucky-9-5-kw","Poêle à bois avec four – FIREMATIC Kentucky 9,5 kW","","EHS-PELLETS GmbH","","","TRUE","1617.36","","https://warmholzgmbh.de/wp-content/uploads/2023/05/poele-a-bois-en-fonte-la-nordica-marlena-8-kw-4-600x600.png","1","","","","","deny","manual","TRUE","TRUE",""
"poele-a-bois-avec-four-bronpi-suiza-inox-14-kw","Poêle à bois avec four – BRONPI Suiza Inox 14 kW","","EHS-PELLETS GmbH","","","TRUE","1669.01","","https://warmholzgmbh.de/wp-content/uploads/2023/05/poele-a-bois-avec-four-ventile-firematic-kentucky-95-kw-1-600x600.jpg","1","","","","","deny","manual","TRUE","TRUE",""
"poele-a-bois-bronpi-huesca-10-kw","Poêle à bois – BRONPI Huesca 10 kW","","EHS-PELLETS GmbH","","","TRUE","1721.01","","https://warmholzgmbh.de/wp-content/uploads/2023/05/poele-a-bois-avec-four-bronpi-suiza-inox-14-kw-6-600x600.png","1","","","","","deny","manual","TRUE","TRUE",""
"poele-a-bois-avec-four-bronpi-murano-l-14-kw","Poêle à bois avec four – BRONPI Murano – L 14 kW","","EHS-PELLETS GmbH","","","TRUE","1731.25","","https://warmholzgmbh.de/wp-content/uploads/2023/05/poele-a-bois-cheminee-bronpi-huesca-10-kw-1-1-600x600.jpg","1","","","","","deny","manual","TRUE","TRUE",""
"poele-a-bois-en-gres-la-nordica-liu-9-kw","Poêle à bois en grès – LA NORDICA Liu 9 kW","","EHS-PELLETS GmbH","","","TRUE","2072.92","","https://warmholzgmbh.de/wp-content/uploads/2023/05/poele-a-bois-avec-four-bronpi-murano-l-14-kw-1-1-600x600.png","1","","","","","deny","manual","TRUE","TRUE",""
"eckkamin-holzofen-firematic-arizona-10-bis-13-kw","Eckkamin-Holzofen – FIREMATIC Arizona 10 bis 13 kW","","EHS-PELLETS GmbH","","","TRUE","1674.59","","https://warmholzgmbh.de/wp-content/uploads/2023/05/poele-a-bois-en-faience-la-nordica-liu-9-kw-3-600x600.jpg","1","","","","","deny","manual","TRUE","TRUE",""
"poele-a-bois-d-angle-avec-four-et-foyer-en-fonte-firematic-michigan-9-5-kw","Poêle à bois d'angle avec four et foyer en fonte – FIREMATIC Michigan 9,5 kW","","EHS-PELLETS GmbH","","","TRUE","1674.59","","https://warmholzgmbh.de/wp-content/uploads/2023/05/poele-a-bois-cheminee-d-angle-firematic-arizona-105-kw-1-1-600x600.jpg","1","","","","","deny","manual","TRUE","TRUE",""
"poele-a-bois-en-pierre-la-nordica-liu-pietra-9-kw","Poêle à bois en pierre – LA NORDICA Liu Pietra 9 kW","","EHS-PELLETS GmbH","","","TRUE","2293.46","","https://warmholzgmbh.de/wp-content/uploads/2023/05/poele-a-bois-foyer-d-angle-en-fonte-avec-four-firematic-michigan-95-kw-1-600x600.jpg","1","","","","","deny","manual","TRUE","TRUE",""
"poele-a-bois-en-fonte-la-nordica-isotta-con-cerchi-evo-14-5-kw","Poêle à bois en fonte – LA NORDICA Isotta con cerchi Evo 14,5 kW","","EHS-PELLETS GmbH","","","TRUE","2101.20","","https://warmholzgmbh.de/wp-content/uploads/2023/05/poele-a-bois-en-pierre-la-nordica-liu-pietra-9-kw-2-600x600.jpg","1","","","","","deny","manual","TRUE","TRUE",""
"poele-a-bois-4-faces-firematic-kingston-10-a-13-kw","Poêle à bois 4 faces – FIREMATIC Kingston 10 à 13 kW","","EHS-PELLETS GmbH","","","TRUE","2105.43","","https://warmholzgmbh.de/wp-content/uploads/2023/05/poele-a-bois-en-fonte-la-nordica-isotta-con-cerchi-evo-145-kw-1-1-600x600.jpg","1","","","","","deny","manual","TRUE","TRUE",""
"poele-a-bois-a-3-faces-firematic-vegas-14-a-17-kw","Poêle à bois à 3 faces – FIREMATIC Vegas 14 à 17 kW","","EHS-PELLETS GmbH","","","TRUE","2110.48","","https://warmholzgmbh.de/wp-content/uploads/2023/05/cheminee-a-bois-firematic-kingston-105-kw-1-1-600x600.jpg","1","","","","","deny","manual","TRUE","TRUE",""
"poele-a-bois-firematic-denton-14-a-17-kw","Poêle à bois – FIREMATIC Denton 14 à 17 kW","","EHS-PELLETS GmbH","","","TRUE","2065.04","","https://warmholzgmbh.de/wp-content/uploads/2023/05/poele-a-bois-cheminee-3-faces-firematic-vegas-14-kw-1-600x600.jpg","1","","","","","deny","manual","TRUE","TRUE",""
"poele-a-bois-en-ceramique-lincar-monella-184-10-5-kw","Poêle à bois en céramique – LINCAR Monella 184 10,5 kW","","EHS-PELLETS GmbH","","","TRUE","2217.52","","https://warmholzgmbh.de/wp-content/uploads/2023/05/poele-a-bois-cheminee-firematic-denton-kw-1-600x600.jpg","1","","","","","deny","manual","TRUE","TRUE",""
"poele-a-bois-evacalor-ludovica-12-kw","Poêle à bois – EVACALOR Ludovica 12 kW","","EHS-PELLETS GmbH","","","TRUE","2073.93","","https://warmholzgmbh.de/wp-content/uploads/2023/05/poele-a-bois-ceramique-lincar-monella-184-105-kw-1-1-600x600.png","1","","","","","deny","manual","TRUE","TRUE",""
"poele-a-bois-avec-four-firematic-phoenix-10-a-13-kw","Poêle à bois avec four – FIREMATIC Phoenix 10 à 13 kW","","EHS-PELLETS GmbH","","","TRUE","2128.16","","https://warmholzgmbh.de/wp-content/uploads/2023/05/poele-a-bois-evacalor-ludovica-12-kw-6-600x600.jpg","1","","","","","deny","manual","TRUE","TRUE",""
"poele-a-bois-en-pierre-naturelle-la-nordica-ester-bii-9-4-kw","Poêle à bois en pierre naturelle – LA NORDICA Ester BII 9,4 kW","","EHS-PELLETS GmbH","","","TRUE","2152.90","","https://warmholzgmbh.de/wp-content/uploads/2023/05/poele-a-bois-cheminee-avec-four-firematic-phoenix-10-kw-1-1-600x600.jpg","1","","","","","deny","manual","TRUE","TRUE",""
"cheminee-d-angle-avec-four-firematic-new-york-10-a-13-kw","Cheminée d'angle avec four – FIREMATIC New York 10 à 13 kW","","EHS-PELLETS GmbH","","","TRUE","2173.60","","https://warmholzgmbh.de/wp-content/uploads/2023/05/poele-a-bois-en-pierre-naturelle-la-nordica-ester-bii-94-kw-2-600x600.png","1","","","","","deny","manual","TRUE","TRUE",""
"poele-a-bois-bronpi-huelva-16-kw","Poêle à bois – BRONPI Huelva 16 kW","","EHS-PELLETS GmbH","","","TRUE","2199.89","","https://warmholzgmbh.de/wp-content/uploads/2023/05/cheminee-d-angle-avec-four-firematic-new-york-105-kw-1-1-600x600.jpg","1","","","","","deny","manual","TRUE","TRUE",""
"cheminee-a-bois-avec-four-bronpi-ebro-14-kw","Cheminée à bois avec four – BRONPI Ebro 14 kW","","EHS-PELLETS GmbH","","","TRUE","2133.73","","https://warmholzgmbh.de/wp-content/uploads/2023/05/poele-a-bois-cheminee-bronpi-huelva-16-kw-1-1-600x600.jpg","1","","","","","deny","manual","TRUE","TRUE",""
"poele-a-bois-d-angle-original-phebo-giunone-12-kw","Poêle à bois d'angle – ORIGINAL PHEBO Giunone 12 kW","","EHS-PELLETS GmbH","","","TRUE","2211.46","","https://warmholzgmbh.de/wp-content/uploads/2023/05/poele-a-bois-cheminee-avec-four-bronpi-ebro-14-kw-1-1-600x600.jpg","1","","","","","deny","manual","TRUE","TRUE",""
"poele-a-bois-thermique-la-nordica-termorossella-plus-evo-dsa-4-0-12-5-kw","Poêle à bois thermique – LA NORDICA TermoRossella Plus Evo DSA 4.0 12,5 kW","","EHS-PELLETS GmbH","","","TRUE","2149.66","","https://warmholzgmbh.de/wp-content/uploads/2023/05/poele-a-bois-d-angle-origine-phebo-giunone-12-kw-1-600x600.png","1","","","","","deny","manual","TRUE","TRUE",""
"poele-a-bois-suspendu-bronpi-huelva-c-16-kw","Poêle à bois suspendu – BRONPI Huelva – C 16 kW","","EHS-PELLETS GmbH","","","TRUE","2017.95","","https://warmholzgmbh.de/wp-content/uploads/2023/05/thermo-poele-a-bois-la-nordica-termorossella-plus-evo-dsa-40-125-kw-5-600x600.png","1","","","","","deny","manual","TRUE","TRUE",""
"poele-a-bois-la-nordica-fedora-9-5-kw","Poêle à bois – LA NORDICA Fedora 9,5 kW","","EHS-PELLETS GmbH","","","TRUE","1773.21","","https://warmholzgmbh.de/wp-content/uploads/2023/05/poele-a-bois-cheminee-suspendue-bronpi-huelva-c-16-kw-1-1-600x600.jpg","1","","","","","deny","manual","TRUE","TRUE",""
"poele-a-bois-avec-four-bronpi-murano-14-kw","Poêle à bois avec four – BRONPI Murano – 14 kW","","EHS-PELLETS GmbH","","","TRUE","1802.92","","https://warmholzgmbh.de/wp-content/uploads/2023/05/poele-a-bois-nordica-fedora-95-kw-3-600x600.jpg","1","","","","","deny","manual","TRUE","TRUE",""
"poele-a-bois-de-chauffage-central-a-arrivee-d-air-directe-bronpi-hydronova-plus-15-kw","Poêle à bois de chauffage central à arrivée d'air directe – BRONPI HydroNova Plus 15 kW","","EHS-PELLETS GmbH","","","TRUE","1817.10","","https://warmholzgmbh.de/wp-content/uploads/2023/05/poele-a-bois-avec-four-bronpi-murano-r-14-kw-3-600x600.jpg","1","","","","","deny","manual","TRUE","TRUE",""
"poele-a-bois-en-ceramique-original-phebo-vesta-12-5-kw","Poêle à bois en céramique – ORIGINAL PHEBO Vesta 12,5 kW","","EHS-PELLETS GmbH","","","TRUE","2281.50","","https://warmholzgmbh.de/wp-content/uploads/2023/05/poele-a-bois-chauffage-central-avec-prise-d-air-direct-bronpi-hydronova-plus-15-kw-1-1-600x600.png","1","","","","","deny","manual","TRUE","TRUE",""
"poele-a-bois-en-ceramique-original-phebo-vesta-sole-12-5-kw","Poêle à bois en céramique – ORIGINAL PHEBO Vesta Sole 12,5 kW","","EHS-PELLETS GmbH","","","TRUE","2281.50","","https://warmholzgmbh.de/wp-content/uploads/2023/05/poele-a-bois-ceramique-origine-phebo-vesta-125-kw-1-1-600x600.png","1","","","","","deny","manual","TRUE","TRUE",""
"poele-a-bois-la-nordica-fedora-steel-9-5-kw","Poêle à bois – LA NORDICA Fedora Steel 9,5 kW","","EHS-PELLETS GmbH","","","TRUE","1773.21","","https://warmholzgmbh.de/wp-content/uploads/2023/05/poele-a-bois-ceramique-origine-phebo-vesta-sole-125-kw-1-1-600x600.png","1","","","","","deny","manual","TRUE","TRUE",""
"poele-a-bois-d-angle-firematic-windsor-14-a-17-kw","Poêle à bois d'angle – FIREMATIC Windsor 14 à 17 kW","","EHS-PELLETS GmbH","","","TRUE","1842.89","","https://warmholzgmbh.de/wp-content/uploads/2023/05/poele-a-bois-la-nordica-fedora-steel-95-kw-4-600x600.png","1","","","","","deny","manual","TRUE","TRUE",""
"poele-a-bois-avec-recuperation-de-chaleur-la-nordica-concita-steel-13-kw","Poêle à bois avec récupération de chaleur – LA NORDICA Concita Steel 13 kW","","EHS-PELLETS GmbH","","","TRUE","1959.01","","https://warmholzgmbh.de/wp-content/uploads/2023/05/poele-a-bois-cheminee-firematic-windsor-14-kw-1-600x600.jpg","1","","","","","deny","manual","TRUE","TRUE",""
"poele-a-bois-avec-recuperation-de-chaleur-la-nordica-concita-13-kw","Poêle à bois avec récupération de chaleur – LA NORDICA Concita 13 kW","","EHS-PELLETS GmbH","","","TRUE","1959.01","","https://warmholzgmbh.de/wp-content/uploads/2023/05/poele-a-bois-avec-recuperateur-de-chaleur-la-nordica-concita-steel-13-kw-5-600x600.png","1","","","","","deny","manual","TRUE","TRUE",""
"poele-a-bois-a-arrivee-d-air-directe-evacalor-margherita-12-kw","Poêle à bois à arrivée d'air directe – EVACALOR Margherita 12 kW","","EHS-PELLETS GmbH","","","TRUE","1992.64","","https://warmholzgmbh.de/wp-content/uploads/2023/05/poele-a-bois-avec-recuperateur-de-chaleur-la-nordica-concita-13-kw-5-600x600.png","1","","","","","deny","manual","TRUE","TRUE",""
"poele-a-bois-en-fonte-la-nordica-isotta-evo-14-5-kw","Poêle à bois en fonte – LA NORDICA Isotta Evo 14,5 kW","","EHS-PELLETS GmbH","","","TRUE","1862.07","","https://warmholzgmbh.de/wp-content/uploads/2023/05/poele-a-bois-avec-prise-d-air-direct-evacalor-margherita-12-kw-1-600x600.jpg","1","","","","","deny","manual","TRUE","TRUE",""
"poele-a-bois-en-ceramique-etanche-evacalor-marica-8-kw","Poêle à bois en céramique étanche – EVACALOR Marica 8 kW","","EHS-PELLETS GmbH","","","TRUE","1900.04","","https://warmholzgmbh.de/wp-content/uploads/2023/05/poele-a-bois-en-fonte-nordica-isotta-evo-145-kw-1-1-600x600.jpg","1","","","","","deny","manual","TRUE","TRUE",""
"poele-a-bois-etanche-evacalor-alberta-8-kw","Poêle à bois étanche – EVACALOR Alberta 8 kW","","EHS-PELLETS GmbH","","","TRUE","1924.08","","https://warmholzgmbh.de/wp-content/uploads/2023/05/poele-a-bois-etanche-en-ceramique-evacalor-marica-8-kw-8-600x600.jpg","1","","","","","deny","manual","TRUE","TRUE",""
"poele-a-bois-en-ceramique-ou-en-pierre-lincar-alice-480az-6-kw","Poêle à bois en céramique ou en pierre – LINCAR Alice 480AZ 6 kW","","EHS-PELLETS GmbH","","","TRUE","1111.89","","https://warmholzgmbh.de/wp-content/uploads/2023/05/poele-a-bois-etanche-evacalor-alberta-8-kw-7-600x600.jpg","1","","","","","deny","manual","TRUE","TRUE",""
"poele-a-bois-en-ceramique-vulcania-rina-5-5-kw","Poêle à bois en céramique – VULCANIA Rina 5,5 kW","","EHS-PELLETS GmbH","","","TRUE","1111.89","","https://warmholzgmbh.de/wp-content/uploads/2023/05/poele-a-bois-lincar-alice-480az-65-kw-1-600x600.png","1","","","","","deny","manual","TRUE","TRUE",""
"poele-a-bois-a-arrivee-d-air-directe-panadero-verne-6-5-kw","Poêle à bois à arrivée d'air directe – PANADERO Verne 6,5 kW","","EHS-PELLETS GmbH","","","TRUE","1118.36","","https://warmholzgmbh.de/wp-content/uploads/2023/05/poele-a-bois-vulcania-rina-55-kw-4-600x600.png","1","","","","","deny","manual","TRUE","TRUE",""
"poele-a-bois-en-fonte-la-nordica-giulietta-x-4-0-8-kw","Poêle à bois en fonte – LA NORDICA Giulietta X 4.0 8 kW","","EHS-PELLETS GmbH","","","TRUE","1110.78","","https://warmholzgmbh.de/wp-content/uploads/2023/05/poele-a-bois-avec-prise-d-air-direct-panadero-verne-65-kw-2.png","1","","","","","deny","manual","TRUE","TRUE",""
"holzofen-panadero-aube-7-kw","Holzofen – PANADERO Aube 7 kW","","EHS-PELLETS GmbH","","","TRUE","1076.28","","https://warmholzgmbh.de/wp-content/uploads/2023/05/poele-a-bois-en-fonte-la-nordica-giulietta-x-40-8-kw-1-1-600x600.jpg","1","","","","","deny","manual","TRUE","TRUE",""
"poele-a-bois-a-arrivee-d-air-directe-panadero-naxos-6-5-kw","Poêle à bois à arrivée d'air directe – PANADERO Naxos 6,5 kW","","EHS-PELLETS GmbH","","","TRUE","1093.11","","https://warmholzgmbh.de/wp-content/uploads/2023/05/poele-a-bois-panadero-aube-7-kw-2.png","1","","","","","deny","manual","TRUE","TRUE",""
"poele-a-bois-avec-four-bronpi-tudela-13-kw","Poêle à bois avec four – BRONPI Tudela 13 kW","","EHS-PELLETS GmbH","","","TRUE","1093.11","","https://warmholzgmbh.de/wp-content/uploads/2023/05/poele-a-bois-avec-prise-d-air-direct-panadero-naxos-65-kw-2.png","1","","","","","deny","manual","TRUE","TRUE",""
"poele-a-bois-d-angle-panadero-sintra-7-kw","Poêle à bois d'angle – PANADERO Sintra 7 kW","","EHS-PELLETS GmbH","","","TRUE","1126.77","","https://warmholzgmbh.de/wp-content/uploads/2023/05/poele-a-bois-avec-four-bronpi-tudela-13-kw-1-1-600x600.png","1","","","","","deny","manual","TRUE","TRUE",""
"poele-a-bois-bronpi-bombay-f-9-kw","Poêle à bois – BRONPI Bombay – F 9 kW","","EHS-PELLETS GmbH","","","TRUE","1235.03","","https://warmholzgmbh.de/wp-content/uploads/2023/05/poele-a-bois-avec-prise-d-air-direct-bronpi-bombay-3c-7-kw-2.png","1","","","","","deny","manual","TRUE","TRUE",""
"poele-a-bois-ventile-firematic-columbia-12-5-kw","Poêle à bois ventilé – FIREMATIC Columbia 12,5 kW","","EHS-PELLETS GmbH","","","TRUE","1239.54","","https://warmholzgmbh.de/wp-content/uploads/2023/05/poele-a-bois-bronpi-bombay-f-9-kw-2-600x600.jpg","1","","","","","deny","manual","TRUE","TRUE",""
"poele-a-bois-bronpi-bombay-7-kw","Poêle à bois – BRONPI Bombay – 7 kW","","EHS-PELLETS GmbH","","","TRUE","1251.57","","https://warmholzgmbh.de/wp-content/uploads/2023/05/poele-a-bois-firematic-columbia-125-kw-9-600x600.png","1","","","","","deny","manual","TRUE","TRUE",""
"poele-a-bois-d-angle-en-fonte-bronpi-altea-11-5-kw","Poêle à bois d'angle en fonte – BRONPI Altea 11,5 kW","","EHS-PELLETS GmbH","","","TRUE","1179.89","","https://warmholzgmbh.de/wp-content/uploads/2023/05/poele-a-bois-bronpi-bombay-e-7-kw-3-600x600.jpg","1","","","","","deny","manual","TRUE","TRUE",""
"poele-a-bois-a-ventilation-silencieuse-boreal-e1000-11-kw","Poêle à bois à ventilation silencieuse – BOREAL E1000 11 kW","","EHS-PELLETS GmbH","","","TRUE","1152.02","","https://warmholzgmbh.de/wp-content/uploads/2023/05/poele-a-bois-d-angle-en-fonte-bronpi-altea-115-kw-2-600x600.jpg","1","","","","","deny","manual","TRUE","TRUE",""
"poele-a-bois-en-ceramique-lincar-monellina-176an-plus-6-kw","Poêle à bois en céramique – LINCAR Monellina 176AN PLUS 6 kW","","EHS-PELLETS GmbH","","","TRUE","1163.29","","https://warmholzgmbh.de/wp-content/uploads/2023/05/poele-a-bois-ventile-silencieux-boreal-e1000-11-kw-13-600x600.png","1","","","","","deny","manual","TRUE","TRUE",""
"poele-a-bois-avec-four-bronpi-gijon-h-9-kw","Poêle à bois avec four – BRONPI Gijon-H 9 kW","","EHS-PELLETS GmbH","","","TRUE","1177.53","","https://warmholzgmbh.de/wp-content/uploads/2023/05/poele-a-bois-ceramique-lincar-monellina-176an-plus-6-kw-1-1-600x600.png","1","","","","","deny","manual","TRUE","TRUE",""
"poele-a-bois-3-faces-panadero-coral-3v-5-kw","Poêle à bois 3 faces – PANADERO Coral 3V 5 kW","","EHS-PELLETS GmbH","","","TRUE","924.81","","https://warmholzgmbh.de/wp-content/uploads/2023/05/poele-a-bois-avec-four-bronpi-gijon-h-9-kw-1-1-600x600.png","1","","","","","deny","manual","TRUE","TRUE",""
"poele-a-bois-en-gres-ivoire-la-nordica-gemma-6-kw","Poêle à bois en grès ivoire – LA NORDICA Gemma 6 kW","","EHS-PELLETS GmbH","","","TRUE","953.25","","https://warmholzgmbh.de/wp-content/uploads/2023/05/poele-a-bois-3-faces-panadero-coral-3v-5-kw-2.png","1","","","","","deny","manual","TRUE","TRUE",""
"poele-a-bois-en-pierre-naturelle-la-nordica-gemma-pierre-7-3-kw","Poêle à bois en pierre naturelle – LA NORDICA Gemma Pierre 7,3 kW","","EHS-PELLETS GmbH","","","TRUE","953.25","","https://warmholzgmbh.de/wp-content/uploads/2023/05/poele-a-bois-en-faience-la-nordica-gemma-6-kw-1-1-600x600.jpg","1","","","","","deny","manual","TRUE","TRUE",""
"poele-a-bois-d-angle-bronpi-lerma-9-kw","Poêle à bois d'angle – BRONPI Lerma 9 kW","","EHS-PELLETS GmbH","","","TRUE","921.70","","https://warmholzgmbh.de/wp-content/uploads/2023/05/poele-a-bois-en-pierre-naturelle-la-nordica-gemma-pierre-73-kw-3-600x600.jpg","1","","","","","deny","manual","TRUE","TRUE",""
"poele-a-bois-bronpi-sena-plus-12-5-kw","Poêle à bois – BRONPI Sena Plus 12,5 kW","","EHS-PELLETS GmbH","","","TRUE","1024.87","","https://warmholzgmbh.de/wp-content/uploads/2023/05/poele-a-bois-d-angle-bronpi-lerma-9-kw-1-1-600x600.jpg","1","","","","","deny","manual","TRUE","TRUE",""
"poele-a-bois-en-fonte-nordica-candy-4-0-7-kw","Poêle à bois en fonte – NORDICA Candy 4.0 7 kW","","EHS-PELLETS GmbH","","","TRUE","893.48","","https://warmholzgmbh.de/wp-content/uploads/2023/05/poele-a-bois-bronpi-sena-plus-125-kw-2-600x600.jpg","1","","","","","deny","manual","TRUE","TRUE",""
"poele-a-bois-bronpi-gijon-9-kw","Poêle à bois – BRONPI Gijon 9 kW","","EHS-PELLETS GmbH","","","TRUE","904.22","","https://warmholzgmbh.de/wp-content/uploads/2023/05/poele-a-bois-en-fonte-nordica-candy-40-7-kw-1-1-600x600.jpg","1","","","","","deny","manual","TRUE","TRUE",""
"poele-a-bois-avec-four-firematic-jersey-9-5-kw","Poêle à bois avec four – FIREMATIC Jersey 9,5 kW","","EHS-PELLETS GmbH","","","TRUE","957.63","","https://warmholzgmbh.de/wp-content/uploads/2023/05/poele-a-bois-bronpi-gijon-9-kw-1-1-600x600.png","1","","","","","deny","manual","TRUE","TRUE",""
"poele-a-bois-d-angle-avec-four-firematic-idaho-9-5-kw","Poêle à bois d'angle avec four – FIREMATIC Idaho 9,5 kW","","EHS-PELLETS GmbH","","","TRUE","1010.65","","https://warmholzgmbh.de/wp-content/uploads/2023/05/poele-a-bois-avec-four-firematic-jersey-kw-1-600x600.jpg","1","","","","","deny","manual","TRUE","TRUE",""
"poele-a-bois-bronpi-croatie-t-9-kw","Poêle à bois – BRONPI Croatie – T 9 kW","","EHS-PELLETS GmbH","","","TRUE","1071.99","","https://warmholzgmbh.de/wp-content/uploads/2023/05/poele-a-bois-d-angle-avec-four-firematic-idaho-95-kw-1-600x600.jpg","1","","","","","deny","manual","TRUE","TRUE",""
"poele-a-bois-avec-four-firematic-nebraska-9-5-kw","Poêle à bois avec four – FIREMATIC Nebraska 9,5 kW","","EHS-PELLETS GmbH","","","TRUE","1076.28","","https://warmholzgmbh.de/wp-content/uploads/2023/05/poele-a-bois-bronpi-croacia-t-9-kw-1-1-600x600.jpg","1","","","","","deny","manual","TRUE","TRUE",""
"poele-a-bois-a-arrivee-d-air-directe-boreal-e2000-9-5-kw","Poêle à bois à arrivée d'air directe – BOREAL E2000 9,5 kW","","EHS-PELLETS GmbH","","","TRUE","980.35","","https://warmholzgmbh.de/wp-content/uploads/2023/05/poele-a-bois-avec-four-firematic-nebraska-95-kw-4-600x600.png","1","","","","","deny","manual","TRUE","TRUE",""
"poele-a-bois-en-fonte-bronpi-ordesa-9-kw","Poêle à bois en fonte – BRONPI Ordesa 9 kW","","EHS-PELLETS GmbH","","","TRUE","964.87","","https://warmholzgmbh.de/wp-content/uploads/2023/05/poele-a-bois-avec-prise-d-air-direct-boreal-e2000-95-kw-1-1-600x600.jpg","1","","","","","deny","manual","TRUE","TRUE",""
"poele-a-bois-panadero-orleans-8-kw","Poêle à bois – PANADERO Orleans 8 kW","","EHS-PELLETS GmbH","","","TRUE","975.30","","https://warmholzgmbh.de/wp-content/uploads/2023/05/poele-a-bois-en-fonte-bronpi-ordesa-9-kw-5-600x600.jpg","1","","","","","deny","manual","TRUE","TRUE",""
"poele-a-bois-avec-four-firematic-austin-11-kw","Poêle à bois avec four – FIREMATIC Austin 11 kW","","EHS-PELLETS GmbH","","","TRUE","976.99","","https://warmholzgmbh.de/wp-content/uploads/2023/05/poele-a-bois-panadero-orleans-8-kw-1-600x600.jpg","1","","","","","deny","manual","TRUE","TRUE",""
"poele-a-bois-panadero-charme-7-kw","Poêle à bois – PANADERO Charme 7 kW","","EHS-PELLETS GmbH","","","TRUE","1269.83","","https://warmholzgmbh.de/wp-content/uploads/2023/05/poele-a-bois-avec-four-firematic-austin-11-kw-1-600x600.jpg","1","","","","","deny","manual","TRUE","TRUE",""
"poele-a-bois-a-arrivee-d-air-directe-panadero-maja-7-kw","Poêle à bois à arrivée d'air directe – PANADERO Maja 7 kW","","EHS-PELLETS GmbH","","","TRUE","1021.30","","https://warmholzgmbh.de/wp-content/uploads/2023/05/poele-a-bois-3-faces-panadero-charme-7-kw-1-600x600.jpg","1","","","","","deny","manual","TRUE","TRUE",""
"poele-a-bois-panadero-la-mancha-10-kw","Poêle à bois – PANADERO La Mancha 10 kW","","EHS-PELLETS GmbH","","","TRUE","1421.30","","https://warmholzgmbh.de/wp-content/uploads/2023/05/poele-a-bois-avec-prise-d-air-externe-panadero-maja-7-kw-1-1-600x600.jpg","1","","","","","deny","manual","TRUE","TRUE",""
"poele-a-bois-a-ventilation-silencieuse-bronpi-versailles-c-10-kw","Poêle à bois à ventilation silencieuse – BRONPI Versailles – C 10 kW","","EHS-PELLETS GmbH","","","TRUE","1466.60","","https://warmholzgmbh.de/wp-content/uploads/2023/05/cheminee-a-bois-firematic-kingston-105-kw-2.jpg","1","","","","","deny","manual","TRUE","TRUE",""
"poele-a-bois-en-pierre-naturelle-la-nordica-rossella-r1-bii-11-kw","Poêle à bois en pierre naturelle – LA NORDICA Rossella R1 BII 11 kW","","EHS-PELLETS GmbH","","","TRUE","1408.07","","https://warmholzgmbh.de/wp-content/uploads/2023/05/poele-a-bois-ventile-silencieux-bronpi-versailles-c-10-kw-1-1-600x600.jpg","1","","","","","deny","manual","TRUE","TRUE",""
"poele-a-bois-d-angle-avec-four-bronpi-lerma-h-9-kw","Poêle à bois d'angle avec four – BRONPI Lerma – H 9 kW","","EHS-PELLETS GmbH","","","TRUE","1383.89","","https://warmholzgmbh.de/wp-content/uploads/2023/05/poele-a-bois-en-pierre-naturelle-la-nordica-rossella-r1-bii-11-kw-1-600x600.jpg","1","","","","","deny","manual","TRUE","TRUE",""
"poele-a-bois-a-arrivee-d-air-directe-bronpi-bombay-3c-7-kw","Poêle à bois à arrivée d'air directe – BRONPI Bombay 3C 7 kW","","EHS-PELLETS GmbH","","","TRUE","1392.56","","https://warmholzgmbh.de/wp-content/uploads/2023/05/poele-a-bois-d-angle-avec-four-bronpi-lerma-h-9-kw-1-1-600x600.jpg","1","","","","","deny","manual","TRUE","TRUE",""
"poele-a-bois-avec-four-la-nordica-gemma-forno-8-kw","Poêle à bois avec four – LA NORDICA Gemma Forno 8 kW","","EHS-PELLETS GmbH","","","TRUE","1397.56","","https://warmholzgmbh.de/wp-content/uploads/2023/05/poele-a-bois-avec-prise-d-air-direct-bronpi-bombay-3c-7-kw-1-1-600x600.png","1","","","","","deny","manual","TRUE","TRUE",""
"poele-a-bois-en-fonte-la-nordica-tahiti-9-kw","Poêle à bois en fonte – LA NORDICA Tahiti 9 kW","","EHS-PELLETS GmbH","","","TRUE","1485.62","","https://warmholzgmbh.de/wp-content/uploads/2023/05/poele-a-bois-avec-four-la-nordica-gemma-forno-8-kw-1-1-600x600.jpg","1","","","","","deny","manual","TRUE","TRUE",""
"poele-a-bois-en-fonte-avec-recuperation-de-chaleur-la-nordica-tahiti-eps-9-kw","Poêle à bois en fonte avec récupération de chaleur – LA NORDICA Tahiti EPS 9 kW","","EHS-PELLETS GmbH","","","TRUE","1572.87","","https://warmholzgmbh.de/wp-content/uploads/2023/05/poele-a-bois-en-fonte-emaille-la-nordica-tahiti-9-kw-3-600x600.png","1","","","","","deny","manual","TRUE","TRUE",""
"poele-a-bois-bronpi-versailles-10-kw","Poêle à bois – BRONPI Versailles 10 kW","","EHS-PELLETS GmbH","","","TRUE","1576.86","","https://warmholzgmbh.de/wp-content/uploads/2023/05/poele-a-bois-en-fonte-avec-recuperateur-de-chaleur-la-nordica-tahiti-eps-9-kw-4-600x600.png","1","","","","","deny","manual","TRUE","TRUE",""
"poele-a-bois-avec-four-bronpi-murano-14-kw","Poêle à bois avec four – BRONPI Murano 14 kW","","EHS-PELLETS GmbH","","","TRUE","1582.37","","https://warmholzgmbh.de/wp-content/uploads/2023/05/poele-a-bois-bronpi-versailles-10-kw-5-600x600.jpg","1","","","","","deny","manual","TRUE","TRUE",""
"poele-a-bois-a-arrivee-d-air-directe-panadero-akita-6-kw","Poêle à bois à arrivée d'air directe – PANADERO Akita 6 kW","","EHS-PELLETS GmbH","","","TRUE","1539.11","","https://warmholzgmbh.de/wp-content/uploads/2023/05/poele-a-bois-avec-four-bronpi-murano-14-kw-1-1-600x600.jpg","1","","","","","deny","manual","TRUE","TRUE",""
"poele-a-bois-en-fonte-bronpi-derby-14-kw","Poêle à bois en fonte – BRONPI Derby 14 kW","","EHS-PELLETS GmbH","","","TRUE","1514.65","","https://warmholzgmbh.de/wp-content/uploads/2023/05/poele-a-bois-avec-prise-d-air-direct-panadero-akita-6-kw-5.png","1","","","","","deny","manual","TRUE","TRUE",""
"poele-a-bois-silencieux-et-ventile-avec-arrivee-d-air-directe-bronpi-versailles-c-10-kw","Poêle à bois silencieux et ventilé avec arrivée d'air directe – BRONPI Versailles – C 10 kW","","EHS-PELLETS GmbH","","","TRUE","1519.36","","https://warmholzgmbh.de/wp-content/uploads/2023/05/poele-a-bois-en-fonte-bronpi-derby-14-kw-1-1-600x600.png","1","","","","","deny","manual","TRUE","TRUE",""
"poele-a-bois-a-arrivee-d-air-directe-panadero-alba-9-5-kw","Poêle à bois à arrivée d'air directe – PANADERO Alba 9,5 kW","","EHS-PELLETS GmbH","","","TRUE","1530.69","","https://warmholzgmbh.de/wp-content/uploads/2023/05/poele-a-bois-ventile-avec-prise-d-air-direct-bronpi-versailles-c-10-kw-1-1-600x600.jpg","1","","","","","deny","manual","TRUE","TRUE",""
"poele-a-bois-d-angle-en-fonte-bronpi-bremen-11-5-kw","Poêle à bois d'angle en fonte – BRONPI Bremen 11,5 kW","","EHS-PELLETS GmbH","","","TRUE","1334.27","","https://warmholzgmbh.de/wp-content/uploads/2023/05/poele-a-bois-panadero-alba-95-kw-1-1-600x600.jpg","1","","","","","deny","manual","TRUE","TRUE",""
"poele-a-bois-d-angle-avec-four-firematic-tucson-11-kw","Poêle à bois d'angle avec four – FIREMATIC Tucson 11 kW","","EHS-PELLETS GmbH","","","TRUE","1337.99","","https://warmholzgmbh.de/wp-content/uploads/2023/05/poele-a-bois-en-fonte-bronpi-bremen-115-kw-1-1-600x600.png","1","","","","","deny","manual","TRUE","TRUE",""
"poele-a-bois-bronpi-bombay-3c-7-kw","Poêle à bois – BRONPI Bombay 3C 7 kW","","EHS-PELLETS GmbH","","","TRUE","1339.79","","https://warmholzgmbh.de/wp-content/uploads/2023/05/poele-a-bois-d-angle-avec-four-firematic-tucson-11-kw-1-600x600.jpg","1","","","","","deny","manual","TRUE","TRUE",""
"poele-a-bois-avec-four-panadero-coimbra-7-kw","Poêle à bois avec four – PANADERO Coimbra 7 kW","","EHS-PELLETS GmbH","","","TRUE","1328.73","","https://warmholzgmbh.de/wp-content/uploads/2023/05/poele-a-bois-bronpi-bombay-3c-7-kw-1-600x600.png","1","","","","","deny","manual","TRUE","TRUE",""
"poele-a-bois-a-arrivee-d-air-directe-bronpi-bombay-f-9-kw","Poêle à bois à arrivée d'air directe – BRONPI Bombay – F 9 kW","","EHS-PELLETS GmbH","","","TRUE","1287.80","","https://warmholzgmbh.de/wp-content/uploads/2023/05/poele-a-bois-avec-four-panadero-coimbra-7-kw-2.png","1","","","","","deny","manual","TRUE","TRUE",""
"poele-a-bois-en-fonte-bronpi-etna-10-kw","Poêle à bois en fonte – BRONPI Etna 10 kW","","EHS-PELLETS GmbH","","","TRUE","1290.16","","https://warmholzgmbh.de/wp-content/uploads/2023/05/poele-a-bois-avec-prise-d-air-direct-bronpi-bombay-f-9-kw-1-600x600.png","1","","","","","deny","manual","TRUE","TRUE",""
"poele-a-bois-a-arrivee-d-air-directe-bronpi-bombay-e-7-kw","Poêle à bois à arrivée d'air directe – BRONPI Bombay – E 7 kW","","EHS-PELLETS GmbH","","","TRUE","1304.35","","https://warmholzgmbh.de/wp-content/uploads/2023/05/poele-a-bois-en-fonte-bronpi-etna-10-kw-1-1-600x600.png","1","","","","","deny","manual","TRUE","TRUE",""
"poele-a-bois-avec-four-poele-panadero-7-kw","Poêle à bois avec four – Poêle PANADERO 7 kW","","EHS-PELLETS GmbH","","","TRUE","1353.98","","https://warmholzgmbh.de/wp-content/uploads/2023/05/poele-a-bois-avec-prise-d-air-direct-bronpi-bombay-e-7-kw-1-1-600x600.jpg","1","","","","","deny","manual","TRUE","TRUE",""
"poele-a-bois-avec-four-lincar-alice-490az-7-kw","Poêle à bois avec four – LINCAR Alice 490AZ 7 kW","","EHS-PELLETS GmbH","","","TRUE","1366.86","","https://warmholzgmbh.de/wp-content/uploads/2023/05/poele-a-bois-avec-four-panadero-oven-7-kw-2-600x600.png","1","","","","","deny","manual","TRUE","TRUE",""
"poele-a-bois-avec-four-vulcania-rina-forno-6-kw","Poêle à bois avec four – VULCANIA Rina Forno 6 kW","","EHS-PELLETS GmbH","","","TRUE","1366.86","","https://warmholzgmbh.de/wp-content/uploads/2023/05/poele-a-bois-avec-four-lincar-alice-490az-7-kw-3-600x600.png","1","","","","","deny","manual","TRUE","TRUE",""
"poele-a-bois-en-gres-la-nordica-rossella-r1-bii-11-kw","Poêle à bois en grès – LA NORDICA Rossella R1 BII 11 kW","","EHS-PELLETS GmbH","","","TRUE","1377.37","","https://warmholzgmbh.de/wp-content/uploads/2023/05/poele-a-bois-avec-four-vulcania-rina-forno-6-kw-3-600x600.png","1","","","","","deny","manual","TRUE","TRUE",""
"poele-a-bois-avec-four-bronpi-monza-14-kw","Poêle à bois avec four – BRONPI Monza 14 kW","","EHS-PELLETS GmbH","","","TRUE","1361.83","","https://warmholzgmbh.de/wp-content/uploads/2023/05/poele-a-bois-en-faience-la-nordica-rossella-r1-bii-11-kw-1-1-600x600.png","1","","","","","deny","manual","TRUE","TRUE",""
"poele-a-bois-rond-avec-arrivee-d-air-bronpi-dover-9-kw","Poêle à bois rond avec arrivée d'air – BRONPI Dover 9 kW","","EHS-PELLETS GmbH","","","TRUE","1356.32","","https://warmholzgmbh.de/wp-content/uploads/2023/05/cuisiniere-a-bois-avec-four-bronpi-monza-14-kw-1-1-600x600.jpg","1","","","","","deny","manual","TRUE","TRUE",""
"poele-a-bois-en-pierre-la-nordica-asia-bii-6-kw","Poêle à bois en pierre – LA NORDICA Asia BII 6 kW","","EHS-PELLETS GmbH","","","TRUE","1358.79","","https://warmholzgmbh.de/wp-content/uploads/2023/05/poele-a-bois-rond-avec-prise-d-air-bronpi-dover-9-kw-1-1-600x600.jpg","1","","","","","deny","manual","TRUE","TRUE",""
"poele-a-bois-ventile-firematic-boston-luxe-13-kw","Poêle à bois ventilé – FIREMATIC Boston Luxe 13 kW","","EHS-PELLETS GmbH","","","TRUE","1360.71","","https://warmholzgmbh.de/wp-content/uploads/2023/05/poele-a-bois-en-pierre-la-nordica-asia-bii-6-kw-1-1-600x600.png","1","","","","","deny","manual","TRUE","TRUE",""
"poele-a-bois-en-ceramique-origin-phebo-diana-14-kw","Poêle à bois en céramique – ORIGIN PHEBO Diana 14 kW","","EHS-PELLETS GmbH","","","TRUE","2373.64","","https://warmholzgmbh.de/wp-content/uploads/2023/05/poele-a-bois-ventile-firematic-boston-luxe-13-kw-1-600x600.jpg","1","","","","","deny","manual","TRUE","TRUE",""
"insert-a-bois-la-nordica-monoblocco-1000-evo-14-kw","Insert à bois – LA NORDICA Monoblocco 1000 Evo 14 kW","","EHS-PELLETS GmbH","","","TRUE","3691.83","","https://warmholzgmbh.de/wp-content/uploads/2023/05/poele-a-bois-ceramique-origine-ph-diana-14-kw-2-600x600.png","1","","","","","deny","manual","TRUE","TRUE",""
"poele-a-bois-thermo-la-nordica-norma-s-idro-dsa-25-kw","Poêle à bois thermo – LA NORDICA Norma S Idro DSA 25 kW","","EHS-PELLETS GmbH","","","TRUE","3817.86","","https://warmholzgmbh.de/wp-content/uploads/2023/05/insert-a-bois-la-nordica-monoblocco-1000-evo-14-kw-2-600x600.jpg","1","","","","","deny","manual","TRUE","TRUE",""
"poele-a-bois-a-melange-de-masse-la-valmarecchia-v100s","Poêle à bois à mélange de masse – LA VALMARECCHIA V100S","","EHS-PELLETS GmbH","","","TRUE","4544.10","","https://warmholzgmbh.de/wp-content/uploads/2023/05/thermo-poele-a-bois-la-nordica-norma-s-idro-dsa-25-kw-2-600x600.jpg","1","","","","","deny","manual","TRUE","TRUE",""
"poele-a-bois-avec-four-en-pierre-naturelle-la-nordica-stefany-forno-bii-12-5-kw","Poêle à bois avec four en pierre naturelle – LA NORDICA Stefany Forno BII 12,5 kW","","EHS-PELLETS GmbH","","","TRUE","3643.35","","https://warmholzgmbh.de/wp-content/uploads/2023/05/poele-a-bois-de-masse-la-valmarecchia-v100s-2-600x600.png","1","","","","","deny","manual","TRUE","TRUE",""
"poele-a-bois-ventile-la-nordica-oriana-10-kw","Poêle à bois ventilé – LA NORDICA Oriana 10 kW","","EHS-PELLETS GmbH","","","TRUE","3092.42","","https://warmholzgmbh.de/wp-content/uploads/2023/05/poele-a-bois-avec-four-en-pierre-naturelle-la-nordica-stefany-forno-bii-125-kw-1-600x600.jpg","1","","","","","deny","manual","TRUE","TRUE",""
"poele-a-bois-avec-four-nordica-stefany-forno-bii-12-5-kw","Poêle à bois avec four – NORDICA Stefany Forno BII 12,5 kW","","EHS-PELLETS GmbH","","","TRUE","3098.06","","https://warmholzgmbh.de/wp-content/uploads/2023/05/poele-a-bois-ventile-la-nordica-oriana-10-kw-3-600x600.png","1","","","","","deny","manual","TRUE","TRUE",""
"poele-a-bois-avec-four-en-ceramique-herkunft-ph-demetra-4s-13-5-kw","Poêle à bois avec four en céramique – HERKUNFT PH Demetra 4S 13,5 kW","","EHS-PELLETS GmbH","","","TRUE","3107.10","","https://warmholzgmbh.de/wp-content/uploads/2023/05/poele-a-bois-avec-four-nordica-stefany-forno-bii-125-kw-1-1-600x600.png","1","","","","","deny","manual","TRUE","TRUE",""
"poele-a-bois-a-double-flamme-ls-ofen-pyrotube-13-kw","Poêle à bois à double flamme – LS OFEN Pyrotube 13 kW","","EHS-PELLETS GmbH","","","TRUE","6307.88","","https://warmholzgmbh.de/wp-content/uploads/2023/05/poele-a-bois-avec-four-en-ceramique-origine-ph-demetra-4s-135-kw-1-1-600x600.png","1","","","","","deny","manual","TRUE","TRUE",""
"poele-a-bois-a-double-flamme-ls-ofen-pyro-nemo-12-kw","Poêle à bois à double flamme – LS OFEN Pyro Nemo 12 kW","","EHS-PELLETS GmbH","","","TRUE","6677.31","","https://warmholzgmbh.de/wp-content/uploads/2023/05/poele-a-bois-double-flamme-ls-ofen-pyro-tube-13-kw-9-600x600.png","1","","","","","deny","manual","TRUE","TRUE",""
"poele-a-bois-a-double-flamme-ls-ofen-pyrotube-20-kw","Poêle à bois à double flamme – LS OFEN Pyrotube 20 kW","","EHS-PELLETS GmbH","","","TRUE","7050.93","","https://warmholzgmbh.de/wp-content/uploads/2023/05/poele-a-bois-double-flamme-ls-ofen-pyro-nemo-12-kw-10-600x600.png","1","","","","","deny","manual","TRUE","TRUE",""
"poele-a-bois-a-double-flamme-ls-ofen-pyro-nemo-9-kw","Poêle à bois à double flamme – LS OFEN Pyro Nemo 9 kW","","EHS-PELLETS GmbH","","","TRUE","6096.67","","https://warmholzgmbh.de/wp-content/uploads/2023/05/poele-a-bois-double-flamme-ls-ofen-pyro-tube-20-kw-9-600x600.png","1","","","","","deny","manual","TRUE","TRUE",""
"poele-a-bois-a-melange-de-masse-la-valmarecchia-v100sl","Poêle à bois à mélange de masse – LA VALMARECCHIA V100SL","","EHS-PELLETS GmbH","","","TRUE","4998.51","","https://warmholzgmbh.de/wp-content/uploads/2023/05/poele-a-bois-double-flamme-ls-ofen-pyro-nemo-9-kw-10-600x600.png","1","","","","","deny","manual","TRUE","TRUE",""
"poele-a-bois-a-double-flamme-ls-ofen-pyro-nemo-6-kw","Poêle à bois à double flamme – LS OFEN Pyro Nemo 6 kW","","EHS-PELLETS GmbH","","","TRUE","5519.40","","https://warmholzgmbh.de/wp-content/uploads/2023/05/poele-a-bois-mixte-de-masse-la-valmarecchia-v100sl-1-600x600.png","1","","","","","deny","manual","TRUE","TRUE",""
"poele-a-bois-a-double-flamme-ls-ofen-pyrorohre-8-kw","Poêle à bois à double flamme – LS OFEN Pyroröhre 8 kW","","EHS-PELLETS GmbH","","","TRUE","5760.07","","https://warmholzgmbh.de/wp-content/uploads/2023/05/poele-a-bois-double-flamme-ls-ofen-pyro-nemo-6-kw-10-600x600.png","1","","","","","deny","manual","TRUE","TRUE",""
"poele-a-bois-en-ceramique-original-phebo-venus-4s-14-kw","Poêle à bois en céramique – ORIGINAL PHEBO Venus 4S 14 kW","","EHS-PELLETS GmbH","","","TRUE","3048.13","","https://warmholzgmbh.de/wp-content/uploads/2023/05/poele-a-bois-ls-ofen-pyro-tube-8-kw-9-600x600.png","1","","","","","deny","manual","TRUE","TRUE",""
"poele-a-bois-d-angle-acier-inoxydable-poli-herkunft-phebo-giunone-12-kw","Poêle à bois d'angle, acier inoxydable poli – HERKUNFT PHEBO Giunone 12 kW","","EHS-PELLETS GmbH","","","TRUE","2668.50","","https://warmholzgmbh.de/wp-content/uploads/2023/05/poele-a-bois-ceramique-origine-ph-venus-12-kw-3-600x600.jpg","1","","","","","deny","manual","TRUE","TRUE",""
"poele-a-bois-en-ceramique-original-phebo-diana-dome-decor-14-kw","Poêle à bois en céramique – ORIGINAL PHEBO Diana-Dôme Décor 14 kW","","EHS-PELLETS GmbH","","","TRUE","2727.47","","https://warmholzgmbh.de/wp-content/uploads/2023/05/poele-a-bois-d-angle-en-acier-inox-bruni-origine-phebo-giunone-12-kw-3-600x600.png","1","","","","","deny","manual","TRUE","TRUE",""
"poele-a-bois-d-angle-en-ceramique-original-phebo-cupra-12-kw","Poêle à bois d'angle en céramique – ORIGINAL PHEBO Cupra 12 kW","","EHS-PELLETS GmbH","","","TRUE","2804.87","","https://warmholzgmbh.de/wp-content/uploads/2023/05/poele-a-bois-en-ceramique-origine-phebo-diana-dome-decor-14-kw-6-600x600.png","1","","","","","deny","manual","TRUE","TRUE",""
"poele-a-bois-avec-four-en-pierre-volcanique-la-nordica-ester-forno-evo-9-5-kw","Poêle à bois avec four en pierre volcanique – LA NORDICA Ester Forno Evo 9,5 kW","","EHS-PELLETS GmbH","","","TRUE","2664.86","","https://warmholzgmbh.de/wp-content/uploads/2023/05/poele-a-bois-d-angle-ceramique-origine-phebo-cupra-12-kw-1-1-600x600.png","1","","","","","deny","manual","TRUE","TRUE",""
"poele-a-bois-avec-recuperation-de-chaleur-la-nordica-dante-10-kw","Poêle à bois avec récupération de chaleur – LA NORDICA Dante 10 kW","","EHS-PELLETS GmbH","","","TRUE","2411.40","","https://warmholzgmbh.de/wp-content/uploads/2023/05/poele-a-bois-avec-four-en-pierre-naturelle-la-nordica-ester-forno-evo-95-kw-1-1-600x600.png","1","","","","","deny","manual","TRUE","TRUE",""
"poele-a-bois-ceramique-origine-phebo-diana-dome-14-kw","Poêle à bois céramique – ORIGINE PHEBO Diana-Dôme 14 kW","","EHS-PELLETS GmbH","","","TRUE","2557.92","","https://warmholzgmbh.de/wp-content/uploads/2023/05/poele-a-bois-avec-recuperateur-de-chaleur-la-nordica-dante-10-kw-10-600x600.png","1","","","","","deny","manual","TRUE","TRUE",""
"poele-a-bois-thermique-en-fonte-la-nordica-termoisotta-dsa-15-kw","Poêle à bois thermique en fonte – LA NORDICA TERMOISOTTA DSA 15 kW","","EHS-PELLETS GmbH","","","TRUE","2581.87","","https://warmholzgmbh.de/wp-content/uploads/2023/05/poele-a-bois-en-ceramique-origine-phebostufe-diana-dome-14-kw-1-1-600x600.png","1","","","","","deny","manual","TRUE","TRUE",""
"poele-a-bois-thermo-avec-four-la-nordica-termorossella-plus-forno-dsa-4-0-12-5-kw","Poêle à bois Thermo avec four – LA NORDICA TERMOROSSELLA Plus Forno DSA 4.0 12.5 kW","","EHS-PELLETS GmbH","","","TRUE","2939.73","","https://warmholzgmbh.de/wp-content/uploads/2023/05/poele-a-bois-hydraulique-en-fonte-la-nordica-termoisotta-dsa-19-kw-1-1-600x600.png","1","","","","","deny","manual","TRUE","TRUE",""
"poele-a-bois-avec-four-la-nordica-nova-forno-steel-12-kw","Poêle à bois avec four – LA NORDICA Nova Forno Steel 12 kW","","EHS-PELLETS GmbH","","","TRUE","2985.79","","https://warmholzgmbh.de/wp-content/uploads/2023/05/thermo-poele-a-bois-avec-four-la-nordica-termorossella-plus-forno-dsa-40-125-kw-6-600x600.png","1","","","","","deny","manual","TRUE","TRUE",""
"poele-a-bois-avec-four-la-nordica-nova-forno-12-kw","Poêle à bois avec four – LA NORDICA Nova Forno 12 kW","","EHS-PELLETS GmbH","","","TRUE","2985.79","","https://warmholzgmbh.de/wp-content/uploads/2023/05/poele-a-bois-avec-four-la-nordica-nova-forno-steel-12-kw-3-600x600.png","1","","","","","deny","manual","TRUE","TRUE",""
"poele-a-bois-avec-four-la-nordica-isotta-forno-evo-11-kw","Poêle à bois avec four – LA NORDICA Isotta Forno Evo 11 kW","","EHS-PELLETS GmbH","","","TRUE","2917.92","","https://warmholzgmbh.de/wp-content/uploads/2023/05/poele-a-bois-avec-four-la-nordica-nova-forno-12-kw-5-600x600.png","1","","","","","deny","manual","TRUE","TRUE",""
"poele-a-bois-avec-four-en-ceramique-lincar-monella-185-10-5-kw","Poêle à bois avec four en céramique – Lincar Monella 185 10,5 kW","","EHS-PELLETS GmbH","","","TRUE","2828.25","","https://warmholzgmbh.de/wp-content/uploads/2023/05/poele-a-bois-avec-four-nordica-isotta-forno-evo-11kw-1-1-600x600.png","1","","","","","deny","manual","TRUE","TRUE",""
"poele-a-bois-thermo-la-nordica-loriet-s-dsa-19-kw","Poêle à bois Thermo – LA NORDICA LORIET S DSA 19 kW","","EHS-PELLETS GmbH","","","TRUE","2859.76","","https://warmholzgmbh.de/wp-content/uploads/2023/05/poele-a-bois-avec-four-ceramique-lincar-monella-185-105-kw-6-600x600.png","1","","","","","deny","manual","TRUE","TRUE",""
"poele-a-bois-d-angle-en-ceramique-original-phebo-cupra-decor-12-kw","Poêle à bois d'angle en céramique – ORIGINAL PHEBO Cupra décor 12 kW","","EHS-PELLETS GmbH","","","TRUE","2885.96","","https://warmholzgmbh.de/wp-content/uploads/2023/05/thermo-poele-a-bois-la-nordica-loriet-s-dsa-19-kw-1-1-600x600.png","1","","","","","deny","manual","TRUE","TRUE",""
"poele-a-bois-la-nordica-emiliana-steel-6-5-kw","Poêle à bois – LA NORDICA Emiliana Steel 6,5 kW","","EHS-PELLETS GmbH","","","TRUE","1466.23","","https://warmholzgmbh.de/wp-content/uploads/2023/05/poele-a-bois-d-angle-ceramique-origine-phebo-cupra-decor-12-kw-1-1-600x600.png","1","","","","","deny","manual","TRUE","TRUE",""
"poele-a-bois-etanche-evacalor-patty-8-kw","Poêle à bois étanche – EVACALOR Patty 8 kW","","EHS-PELLETS GmbH","","","TRUE","1473.56","","https://warmholzgmbh.de/wp-content/uploads/2023/05/poele-a-bois-la-nordica-emiliana-steel-65-kw-4-600x600.png","1","","","","","deny","manual","TRUE","TRUE",""
"poele-a-bois-en-fonte-la-nordica-jennifer-2-0-9-kw","Poêle à bois en fonte – LA NORDICA Jennifer 2.0 9 kW","","EHS-PELLETS GmbH","","","TRUE","1446.04","","https://warmholzgmbh.de/wp-content/uploads/2023/05/poele-a-bois-etanche-evacalor-patty-8-kw-5-600x600.jpg","1","","","","","deny","manual","TRUE","TRUE",""
"poele-a-bois-en-fonte-la-nordica-isetta-evo-4-0-8-8-kw","Poêle à bois en fonte – LA NORDICA Isetta Evo 4.0 8,8 kW","","EHS-PELLETS GmbH","","","TRUE","1534.90","","https://warmholzgmbh.de/wp-content/uploads/2023/05/poele-a-bois-en-fonte-la-nordica-jennifer-20-9-kw-2-600x600.jpg","1","","","","","deny","manual","TRUE","TRUE",""
"poele-a-bois-en-fonte-bronpi-bury-14-kw","Poêle à bois en fonte – BRONPI Bury 14 kW","","EHS-PELLETS GmbH","","","TRUE","1433.51","","https://warmholzgmbh.de/wp-content/uploads/2023/05/poele-a-bois-en-fonte-la-nordica-isetta-evo-40-88-kw-3-600x600.png","1","","","","","deny","manual","TRUE","TRUE",""
"poele-a-bois-en-fonte-bronpi-preston-14-kw","Poêle à bois en fonte – BRONPI Preston 14 kW","","EHS-PELLETS GmbH","","","TRUE","1477.63","","https://warmholzgmbh.de/wp-content/uploads/2023/05/poele-a-bois-en-fonte-bronpi-bury-14-kw-1-1-600x600.png","1","","","","","deny","manual","TRUE","TRUE",""
"poele-a-bois-avec-four-en-pierre-naturelle-la-nordica-gemma-forno-pierre-8-kw","Poêle à bois avec four en pierre naturelle – LA NORDICA Gemma Forno Pierre 8 kW","","EHS-PELLETS GmbH","","","TRUE","1397.56","","https://warmholzgmbh.de/wp-content/uploads/2023/05/poele-a-bois-en-fonte-bronpi-preston-14-kw-1-1-600x600.png","1","","","","","deny","manual","TRUE","TRUE",""
"poele-a-bois-avec-four-firematic-detroit-9-5-kw","Poêle à bois avec four – FIREMATIC Detroit 9,5 kW","","EHS-PELLETS GmbH","","","TRUE","1446.54","","https://warmholzgmbh.de/wp-content/uploads/2023/05/poele-a-bois-avec-four-en-pierre-naturelle-la-nordica-gemma-forno-pierre-8-kw-1-1-600x600.jpg","1","","","","","deny","manual","TRUE","TRUE",""
"poele-a-bois-avec-four-bronpi-suiza-14-kw","Poêle à bois avec four – BRONPI Suiza 14 kW","","EHS-PELLETS GmbH","","","TRUE","1510.70","","https://warmholzgmbh.de/wp-content/uploads/2023/05/poele-a-bois-avec-four-firematic-detroit-95-kw-1-600x600.jpg","1","","","","","deny","manual","TRUE","TRUE",""
"hangender-holzofen-mit-direktem-lufteinlass-panadero-inca-wall-8-kw","Hängender Holzofen mit direktem Lufteinlass – PANADERO Inca Wall 8 kW","","EHS-PELLETS GmbH","","","TRUE","1480.20","","https://warmholzgmbh.de/wp-content/uploads/2023/05/poele-a-bois-avec-four-bronpi-suiza-14-kw-8-600x600.png","1","","","","","deny","manual","TRUE","TRUE",""
"holzofen-mit-au-enlufteinlass-panadero-zink-8-kw","Holzofen mit Außenlufteinlass – PANADERO Zink 8 kW","","EHS-PELLETS GmbH","","","TRUE","1438.13","","https://warmholzgmbh.de/wp-content/uploads/2023/05/poele-a-bois-suspendu-avec-prise-d-air-direct-panadero-inca-wall-8-kw-2-600x600.jpg","1","","","","","deny","manual","TRUE","TRUE",""
"keramik-holzofen-la-nordica-emiliana-6-5-kw","Keramik-Holzofen – LA NORDICA Emiliana 6,5 ​​kW","","EHS-PELLETS GmbH","","","TRUE","1466.23","","https://warmholzgmbh.de/wp-content/uploads/2023/05/poele-a-bois-etanche-panadero-zinc-8-kw-3.png","1","","","","","deny","manual","TRUE","TRUE",""
"kachelofen-la-nordica-liu-8-kw","Kachelofen – LA NORDICA Liu 8 kW","","EHS-PELLETS GmbH","","","TRUE","1370.98","","https://warmholzgmbh.de/wp-content/uploads/2023/05/poele-a-bois-ceramique-la-nordica-emiliana-65-kw-1-1-600x600.png","1","","","","","deny","manual","TRUE","TRUE",""
"holzkessel-la-nordica-lnk30-evo-29-kw","Holzkessel – LA NORDICA LNK30 Evo 29 kW","","EHS-PELLETS GmbH","","","TRUE","2210.00","3179.74","https://warmholzgmbh.de/wp-content/uploads/2023/05/chaudiere-a-bois-la-nordica-lnk40-evo-37-kw-4-600x600.png","1","","","","","deny","manual","TRUE","TRUE",""
"holzkessel-la-nordica-lnk20-evo-21-kw","Holzkessel – LA NORDICA LNK20 Evo 21 kW","","EHS-PELLETS GmbH","","","TRUE","2145.00","3737.57","https://warmholzgmbh.de/wp-content/uploads/2023/05/chaudiere-a-bois-la-nordica-lnk30-evo-29-kw-1-1-600x600.png","1","","","","","deny","manual","TRUE","TRUE",""
"belufteter-hydraulischer-pelletofen-evacalor-frida-13-kw","Belüfteter hydraulischer Pelletofen – EVACALOR Frida 13 kw","","EHS-PELLETS GmbH","","","TRUE","1210.00","2269.32","https://warmholzgmbh.de/wp-content/uploads/2023/05/chaudiere-a-bois-la-nordica-lnk20-evo-21-kw-4-600x600.png","1","","","","","deny","manual","TRUE","TRUE",""
"umluft-pelletskessel-evacalor-aria-50-kw","Umluft-Pelletskessel – EVACALOR Aria 50 kW","","EHS-PELLETS GmbH","","","TRUE","6980.00","10177.00","https://warmholzgmbh.de/wp-content/uploads/2023/05/poele-a-granules-hydraulique-ventile-evacalor-frida-13-kw-9-1-600x600.jpg","1","","","","","deny","manual","TRUE","TRUE",""
"umluft-pelletskessel-evacalor-aria-30-kw","Umluft-Pelletskessel – EVACALOR Aria 30 kW","","EHS-PELLETS GmbH","","","TRUE","5761.26","80152.96","https://warmholzgmbh.de/wp-content/uploads/2023/05/chaudiere-a-granules-a-air-pulse-evacalor-aria-50-kw-6-2-600x600.jpg","1","","","","","deny","manual","TRUE","TRUE",""
"hydropelletofen-kuppelbar-extraflame-iside-idro-h15-amethyst-19-kw","Hydropelletofen kuppelbar – EXTRAFLAME Iside Idro H15 Amethyst 19 kW","","EHS-PELLETS GmbH","","","TRUE","3147.56","","https://warmholzgmbh.de/wp-content/uploads/2023/05/chaudiere-a-granules-a-air-pulse-evacalor-aria-30-kw-7-1-600x600.jpg","1","","","","","deny","manual","TRUE","TRUE",""
"hydro-pelletofen-wasserdicht-kuppelbar-extraflame-fiandra-idro-evo-18-kw","Hydro-Pelletofen wasserdicht kuppelbar – EXTRAFLAME Fiandra Idro Evo 18 kW","","EHS-PELLETS GmbH","","","TRUE","3106.28","","https://warmholzgmbh.de/wp-content/uploads/2023/05/poele-a-granules-hydro-debrayable-extraflame-iside-idro-h15-amethyste-19-kw-1-1-600x600.png","1","","","","","deny","manual","TRUE","TRUE",""
"umluft-pelletskessel-evacalor-duna-20-kw","Umluft-Pelletskessel – EVACALOR Duna 20 kW","","EHS-PELLETS GmbH","","","TRUE","2747.38","4036.10","https://warmholzgmbh.de/wp-content/uploads/2023/05/poele-a-granules-hydro-etanche-extraflame-fiandra-idro-evo-18-kw-1-1-1-600x600.jpg","1","","","","","deny","manual","TRUE","TRUE",""
"holzkessel-la-nordica-lnk15-evo-17-kw","Holzkessel – LA NORDICA LNK15 Evo 17 kW","","EHS-PELLETS GmbH","","","TRUE","1650.00","2590.18","https://warmholzgmbh.de/wp-content/uploads/2023/05/chaudiere-a-granules-a-air-pulse-evacalor-duna-20-kw-11-1-600x600.jpg","1","","","","","deny","manual","TRUE","TRUE",""
"entkuppelbarer-belufteter-pelletofen-extraflame-isidora-idro-h16-20-kw","Entkuppelbarer belüfteter Pelletofen – EXTRAFLAME Isidora Idro H16 20 kW","","EHS-PELLETS GmbH","","","TRUE","2367.63","","https://warmholzgmbh.de/wp-content/uploads/2023/05/chaudiere-a-bois-la-nordica-lnk15-evo-17-kw-4-600x600.png","1","","","","","deny","manual","TRUE","TRUE",""
"entkuppelbarer-hydraulischer-belufteter-pelletofen-extraflame-iside-idro-h15-19-kw","Entkuppelbarer hydraulischer belüfteter Pelletofen – EXTRAFLAME Iside Idro H15 19 kW","","EHS-PELLETS GmbH","","","TRUE","2347.56","","https://warmholzgmbh.de/wp-content/uploads/2023/05/poele-a-granules-ventile-hydro-extraflame-isidora-idro-h16-20-kw-4-1-600x600.jpg","1","","","","","deny","manual","TRUE","TRUE",""
"hydraulischer-pelletofen-evacalor-tosca-20-kw","Hydraulischer Pelletofen – EVACALOR Tosca 20 kW","","EHS-PELLETS GmbH","","","TRUE","1757.47","3076.93","https://warmholzgmbh.de/wp-content/uploads/2023/05/poele-a-granules-ventile-hydraulique-debrayable-extraflame-iside-idro-20-205-kw-1-1-1-600x600.jpg","1","","","","","deny","manual","TRUE","TRUE",""
"leiser-wasserdichter-hydro-pelletofen-extraflame-virna-idro-15-kw","Leiser wasserdichter Hydro-Pelletofen – EXTRAFLAME Virna Idro 15 kW","","EHS-PELLETS GmbH","","","TRUE","1250.00","2392.92","https://warmholzgmbh.de/wp-content/uploads/2023/05/poele-a-granules-hydraulique-evacalor-tosca-20-kw-4-2-600x600.jpg","1","","","","","deny","manual","TRUE","TRUE",""
"hydraulischer-pellet-einsatz-evacalor-saturno-24-5-kw","Hydraulischer Pellet-Einsatz – EVACALOR Saturno 24,5 kW","","EHS-PELLETS GmbH","","","TRUE","3360.87","4295.34","https://warmholzgmbh.de/wp-content/uploads/2023/05/poele-a-granules-hydro-etanche-silencieux-extraflame-virna-idro-15-kw-1-1-1-600x600.jpg","1","","","","","deny","manual","TRUE","TRUE",""
"hydraulischer-pelletofen-evacalor-venere-12-5-kw","Hydraulischer Pelletofen – EVACALOR Venere 12,5 kW","","EHS-PELLETS GmbH","","","TRUE","2061.76","3203.56","https://warmholzgmbh.de/wp-content/uploads/2023/05/insert-a-granules-hydraulique-evacalor-saturno-245-kw-1-1-1-600x600.jpg","1","","","","","deny","manual","TRUE","TRUE",""
"hydraulischer-pelletofen-evacalor-tosca-24-kw","Hydraulischer Pelletofen – EVACALOR Tosca 24 kw","","EHS-PELLETS GmbH","","","TRUE","2339.77","3298.29","https://warmholzgmbh.de/wp-content/uploads/2023/05/poele-a-granules-hydraulique-evacalor-venere-125-kw-5-1-600x600.jpg","1","","","","","deny","manual","TRUE","TRUE",""
"wasserdichter-pelletskessel-mit-umluft-evacalor-futura-18-5-kw","Wasserdichter Pelletskessel mit Umluft – EVACALOR Futura 18,5 kW","","EHS-PELLETS GmbH","","","TRUE","2779.05","3831.70","https://warmholzgmbh.de/wp-content/uploads/2023/05/poele-a-granules-hydraulique-evacalor-tosca-24-kw-4-1-600x600.jpg","1","","","","","deny","manual","TRUE","TRUE",""
"hydraulischer-pelletofen-evacalor-hydro-slim-16-kw","Hydraulischer Pelletofen – EVACALOR Hydro Slim 16 kW","","EHS-PELLETS GmbH","","","TRUE","1845.16","3061.98","https://warmholzgmbh.de/wp-content/uploads/2023/05/chaudiere-a-granules-etanche-a-air-pulsee-evacalor-futura-185-kw-11-1-600x600.jpg","1","","","","","deny","manual","TRUE","TRUE",""
"evacalor-frida-17-5-kw-hydraulischer-pelletofen","EVACALOR Frida 17.5 kw – Hydraulischer Pelletofen","","EHS-PELLETS GmbH","","","TRUE","1375.49","2491.66","https://warmholzgmbh.de/wp-content/uploads/2023/05/poele-a-granules-hydraulique-evacalor-hydro-slim-16-kw-6-2-600x600.jpg","1","","","","","deny","manual","TRUE","TRUE",""
"thermohydraulischer-pelletofen-extraflame-duchessa-idro-steel-12-kw","Thermohydraulischer Pelletofen – EXTRAFLAME Duchessa Idro Steel 12 kW","","EHS-PELLETS GmbH","","","TRUE","1220.00","1708.30","https://warmholzgmbh.de/wp-content/uploads/2023/05/evacalor-frida-175-kw-poele-a-granules-hydraulique-1-1-1-600x600.jpg","1","","","","","deny","manual","TRUE","TRUE",""
"belleza-comera-luxe-holzofen-7-kw-beige","BELLEZA Comera Luxe Holzofen 7 kW Beige","","EHS-PELLETS GmbH","","","TRUE","334.60","","https://warmholzgmbh.de/wp-content/uploads/2023/05/poele-a-granules-thermo-hydraulique-extraflame-duchessa-idro-steel-12-kw-1-1-1-600x600.jpg","1","","","","","deny","manual","TRUE","TRUE",""
"belleza-victoria-lux-15-kw-holzofen","BELLEZA VICTORIA LUX 15 kW Holzofen","","EHS-PELLETS GmbH","","","TRUE","670.94","","https://warmholzgmbh.de/wp-content/uploads/2023/05/belleza-comera-luxe-4020_1-600x600.png","1","","","","","deny","manual","TRUE","TRUE",""
"belleza-viki-lux-ivory-holzofen-15-kw","BELLEZA VIKI LUX IVORY Holzofen 15 kW","","EHS-PELLETS GmbH","","","TRUE","744.76","","https://warmholzgmbh.de/wp-content/uploads/2023/05/A1-600x600.webp","1","","","","","deny","manual","TRUE","TRUE",""
"belleza-viki-lux-bordeaux-15-kw-holzofen","BELLEZA VIKI LUX BORDEAUX 15 kW Holzofen","","EHS-PELLETS GmbH","","","TRUE","600.00","","https://warmholzgmbh.de/wp-content/uploads/2023/05/cuisini_re-bellaza-viki-lux-ivoire-poeleaboismaison-600x600.jpg","1","","","","","deny","manual","TRUE","TRUE",""
"belleza-viki-lux-holzofen-10-5-kw-max-15-kw","BELLEZA VIKI LUX Holzofen 10,5 kW (max. 15 kW)","","EHS-PELLETS GmbH","","","TRUE","600.42","","https://warmholzgmbh.de/wp-content/uploads/2023/05/cuisiniere-belleza-viki-lux-bordeaux-poele-a-bois-maison-600x600.jpeg","1","","","","","deny","manual","TRUE","TRUE",""
"belleza-comera-luxe-holzofen-7-kw-grau","BELLEZA Comera Luxe Holzofen 7 kW Grau","","EHS-PELLETS GmbH","","","TRUE","349.28","","https://warmholzgmbh.de/wp-content/uploads/2023/05/cuisini_re-bellaza-viki-lux-mister-menuiserie_1-600x600.jpg","1","","","","","deny","manual","TRUE","TRUE",""
"belleza-viki-10-kw-holzofen-max-13-5-kw","BELLEZA VIKI 10 kW Holzofen (max. 13,5 kW)","","EHS-PELLETS GmbH","","","TRUE","499.00","","https://warmholzgmbh.de/wp-content/uploads/2023/05/sce_ne-cuisinie_re-belleza-comera-luxe-7-kw-600x600.jpg","1","","","","","deny","manual","TRUE","TRUE",""
"11-kw-arpege-holzofen-wei-godin-240153bl","11 kW ARPEGE Holzofen weiß – GODIN 240153bl","","EHS-PELLETS GmbH","","","TRUE","3441.12","","https://warmholzgmbh.de/wp-content/uploads/2023/05/b-viki_7-430x430.jpg","1","","","","","deny","manual","TRUE","TRUE",""
"godin-armonnie-holzofen-karminrot-6-5-kw","GODIN Armonnie Holzofen Karminrot 6,5 kW","","EHS-PELLETS GmbH","","","TRUE","2207.04","","https://warmholzgmbh.de/wp-content/uploads/2023/05/H1-430x430.webp","1","","","","","deny","manual","TRUE","TRUE",""
"10-kw-arpege-holzofen-wei-godin-240152bl","10 kW ARPEGE Holzofen weiß – GODIN 240152bl","","EHS-PELLETS GmbH","","","TRUE","3293.74","","https://warmholzgmbh.de/wp-content/uploads/2023/05/Z2-600x600.webp","1","","","","","deny","manual","TRUE","TRUE",""
"moderna-cucina-luxe-wei-er-holzofen-9-kw","MODERNA Cucina Luxe Weißer Holzofen 9 kW","","EHS-PELLETS GmbH","","","TRUE","459.98","","https://warmholzgmbh.de/wp-content/uploads/2023/05/E1-430x430.webp","1","","","","","deny","manual","TRUE","TRUE",""
"moderna-cooky-luxe-wei-er-holzofen-11-kw-max-13-8-kw","MODERNA Cooky Luxe Weißer Holzofen 11 kW (max. 13,8 kW)","","EHS-PELLETS GmbH","","","TRUE","644.76","","https://warmholzgmbh.de/wp-content/uploads/2023/05/moderna-cucina-luxe-4040-blanc_1-600x600.jpg","1","","","","","deny","manual","TRUE","TRUE",""
"moderna-cucina-luxe-cappuccino-9-kw-holzofen","MODERNA Cucina Luxe Cappuccino 9 kW Holzofen","","EHS-PELLETS GmbH","","","TRUE","399.00","","https://warmholzgmbh.de/wp-content/uploads/2023/05/moderna-cooky-luxe-4050-blanc_1-430x430.png","1","","","","","deny","manual","TRUE","TRUE",""
"moderna-cooky-luxe-red-holzofen-11-kw-max-13-8-kw","MODERNA Cooky Luxe Red Holzofen 11 kW (max. 13,8 kW)","","EHS-PELLETS GmbH","","","TRUE","630.76","","https://warmholzgmbh.de/wp-content/uploads/2023/05/moderna-cucina-luxe-4040-cappuccino_1-600x600.jpg","1","","","","","deny","manual","TRUE","TRUE",""
"holzherd-aus-naturstein-la-nordica-rosa-4-0-stein-9-5-kw","Holzherd aus Naturstein – LA NORDICA Rosa 4.0 Stein 9,5 kW","","EHS-PELLETS GmbH","","","TRUE","1937.22","","https://warmholzgmbh.de/wp-content/uploads/2023/05/moderna-cooky-luxe-4050-rouge_1-600x600.jpg","1","","","","","deny","manual","TRUE","TRUE",""
"holzherd-la-nordica-milly-10-kw","Holzherd – LA NORDICA Milly 10 kW","","EHS-PELLETS GmbH","","","TRUE","2374.19","","https://warmholzgmbh.de/wp-content/uploads/2023/05/S1-600x600.jpg","1","","","","","deny","manual","TRUE","TRUE",""
"holzherd-la-nordica-rosa-xxl-10-kw","Holzherd – LA NORDICA Rosa XXL 10 kW","","EHS-PELLETS GmbH","","","TRUE","2278.48","","https://warmholzgmbh.de/wp-content/uploads/2023/05/U1-600x600.jpg","1","","","","","deny","manual","TRUE","TRUE",""
"holzherd-la-nordica-rosa-5-0-stein-9-kw","Holzherd – LA NORDICA Rosa 5.0 Stein 9 kW","","EHS-PELLETS GmbH","","","TRUE","1955.44","","https://warmholzgmbh.de/wp-content/uploads/2023/05/I1-600x600.jpg","1","","","","","deny","manual","TRUE","TRUE",""
"holzherd-la-nordica-alaska-13-5-kw","Holzherd – LA NORDICA Alaska 13,5 kW","","EHS-PELLETS GmbH","","","TRUE","4369.68","","https://warmholzgmbh.de/wp-content/uploads/2023/05/P1-600x600.jpg","1","","","","","deny","manual","TRUE","TRUE",""
"holzbefeuerter-thermokocher-la-nordica-termosovrana-dsa-16-5-kw","Holzbefeuerter Thermokocher – LA NORDICA TermoSovrana DSA 16,5 kW","","EHS-PELLETS GmbH","","","TRUE","2492.28","","https://warmholzgmbh.de/wp-content/uploads/2023/05/A1-600x600.jpg","1","","","","","deny","manual","TRUE","TRUE",""
"steinholzofen-la-nordica-rosa-xxl-petra-10-kw","Steinholzofen – LA NORDICA Rosa XXL Petra 10 kW","","EHS-PELLETS GmbH","","","TRUE","2034.96","","https://warmholzgmbh.de/wp-content/uploads/2023/05/Y1-600x600.jpg","1","","","","","deny","manual","TRUE","TRUE",""
"thermo-holzofen-la-nordica-termorosa-xxl-dsa-4-0-19-kw","Thermo-Holzofen – LA NORDICA TermoRosa XXL DSA 4.0 19 kW","","EHS-PELLETS GmbH","","","TRUE","3797.72","","https://warmholzgmbh.de/wp-content/uploads/2023/05/R1-600x600.jpg","1","","","","","deny","manual","TRUE","TRUE",""
"holzherd-aus-stein-la-nordica-rosetta-sinistra-bii-stein-9-kw","Holzherd aus Stein – LA NORDICA Rosetta Sinistra BII Stein 9 kW","","EHS-PELLETS GmbH","","","TRUE","1230.00","1719.12","https://warmholzgmbh.de/wp-content/uploads/2023/05/Z1-600x600.jpg","1","","","","","deny","manual","TRUE","TRUE",""
"steingut-holzherd-la-nordica-rosetta-bii-maiolica-9-kw","Steingut Holzherd – LA NORDICA Rosetta BII Maiolica 9 kW","","EHS-PELLETS GmbH","","","TRUE","1300.00","1802.56","https://warmholzgmbh.de/wp-content/uploads/2023/05/cuisiniere-a-bois-en-pierre-la-nordica-rosetta-sinistra-bii-pierre-9-kw-1-1-600x600.jpg","1","","","","","deny","manual","TRUE","TRUE",""
"thermo-holzofen-aus-gusseisen-la-nordica-termosuprema-compact-dsa-22-kw","Thermo-Holzofen aus Gusseisen – LA NORDICA TERMOSUPREMA Compact DSA 22 kW","","EHS-PELLETS GmbH","","","TRUE","2312.00","3983.21","https://warmholzgmbh.de/wp-content/uploads/2023/05/cuisiniere-a-bois-en-faience-la-nordica-rosetta-bii-maiolica-9-kw-1-1-600x600.jpg","1","","","","","deny","manual","TRUE","TRUE",""
"holzherd-lincar-deneris-10-kw","Holzherd – LINCAR Deneris 10 kW","","EHS-PELLETS GmbH","","","TRUE","2540.72","4112.18","https://warmholzgmbh.de/wp-content/uploads/2023/05/thermo-cuisiniere-a-bois-en-fonte-la-nordica-termosuprema-compact-dsa-22-kw-1-1-600x600.png","1","","","","","deny","manual","TRUE","TRUE",""
"thermo-holzofen-la-nordica-termorosa-xxl-dsa-4-0-19-kw","Thermo-Holzofen – LA NORDICA TermoRosa XXL DSA 4.0 19 kW","","EHS-PELLETS GmbH","","","TRUE","1860.00","3658.48","https://warmholzgmbh.de/wp-content/uploads/2023/05/cuisiniere-a-bois-lincar-deneris-10-kw-3-600x600.png","1","","","","","deny","manual","TRUE","TRUE",""
"holzherd-aus-stahl-la-nordica-rosa-l-9-kw","Holzherd aus Stahl – LA NORDICA Rosa L 9 kW","","EHS-PELLETS GmbH","","","TRUE","1340.50","2024.30","https://warmholzgmbh.de/wp-content/uploads/2023/05/thermo-cuisiniere-a-bois-la-nordica-termorosa-xxl-dsa-40-19-kw-3-600x600.png","1","","","","","deny","manual","TRUE","TRUE",""
"holzherd-la-nordica-rosa-reverse-10-kw","Holzherd – LA NORDICA Rosa Reverse 10 kW","","EHS-PELLETS GmbH","","","TRUE","1480.00","2058.12","https://warmholzgmbh.de/wp-content/uploads/2023/05/cuisiniere-a-bois-en-acier-la-nordica-rosa-l-9-kw-1-1-600x600.jpg","1","","","","","deny","manual","TRUE","TRUE",""
"holzherd-aus-naturstein-la-nordica-rosa-4-0-stein-9-5-kw","Holzherd aus Naturstein – LA NORDICA Rosa 4.0 Stein 9,5 kW","","EHS-PELLETS GmbH","","","TRUE","1540.00","1919.81","https://warmholzgmbh.de/wp-content/uploads/2023/05/cuisiniere-a-bois-la-nordica-rosa-reverse-10-kw-4-600x600.jpg","1","","","","","deny","manual","TRUE","TRUE",""
"steingut-holzherd-la-nordica-rosa-4-0-liberty-9-5-kw","Steingut Holzherd – LA NORDICA Rosa 4.0 Liberty 9,5 kW","","EHS-PELLETS GmbH","","","TRUE","1340.00","1850.65","https://warmholzgmbh.de/wp-content/uploads/2023/05/cuisiniere-a-bois-en-pierre-naturelle-la-nordica-rosa-40-pierre-95-kw-1-1-600x600.jpg","1","","","","","deny","manual","TRUE","TRUE",""
"holzherd-la-nordica-cucinotta-11-5-kw","Holzherd – LA NORDICA Cucinotta 11,5 kW","","EHS-PELLETS GmbH","","","TRUE","1340.00","1852.92","https://warmholzgmbh.de/wp-content/uploads/2023/05/cuisiniere-a-bois-en-faience-la-nordica-rosa-40-liberty-95-kw-1-1-600x600.jpg","1","","","","","deny","manual","TRUE","TRUE",""
"steingut-holzherd-la-nordica-rosa-xxl-maiolica-10-kw","Steingut Holzherd – LA NORDICA Rosa XXL Maiolica 10 kW","","EHS-PELLETS GmbH","","","TRUE","2460.28","","https://warmholzgmbh.de/wp-content/uploads/2023/05/cuisiniere-a-bois-la-nordica-cucinotta-115-kw-1-1-600x600.jpg","1","","","","","deny","manual","TRUE","TRUE",""
"holzherd-aus-stein-la-nordica-rosa-xxl-petra-10-kw","Holzherd aus Stein – LA NORDICA Rosa XXL Petra 10 kW","","EHS-PELLETS GmbH","","","TRUE","2529.43","","https://warmholzgmbh.de/wp-content/uploads/2023/05/cuisiniere-a-bois-en-faience-la-nordica-rosa-xxl-maiolica-10-kw-1-1-600x600.jpg","1","","","","","deny","manual","TRUE","TRUE",""
"holzherd-aus-gusseisen-la-nordica-mamy-11-kw","Holzherd aus Gusseisen – LA NORDICA Mamy 11 kW","","EHS-PELLETS GmbH","","","TRUE","2405.40","","https://warmholzgmbh.de/wp-content/uploads/2023/05/cuisiniere-a-bois-en-pierre-la-nordica-rosa-xxl-petra-10-kw-1-1-600x600.png","1","","","","","deny","manual","TRUE","TRUE",""
"holzherd-la-nordica-milly-10-kw","Holzherd – LA NORDICA Milly 10 kW","","EHS-PELLETS GmbH","","","TRUE","2281.38","","https://warmholzgmbh.de/wp-content/uploads/2023/05/cuisiniere-a-bois-en-fonte-la-nordica-mamy-11-kw-2-600x600.png","1","","","","","deny","manual","TRUE","TRUE",""
"thermo-holzofen-la-nordica-termosovrana-dsa-16-5-kw","Thermo-Holzofen – LA NORDICA TERMOSOVRANA DSA 16,5 kW","","EHS-PELLETS GmbH","","","TRUE","2400.90","","https://warmholzgmbh.de/wp-content/uploads/2023/05/cuisiniere-a-bois-la-nordica-milly-10-kw-1-1-600x600.jpg","1","","","","","deny","manual","TRUE","TRUE",""
"holzherd-la-nordica-verona-xxl-petra-8-kw","Holzherd – LA NORDICA Verona XXL Petra 8 kW","","EHS-PELLETS GmbH","","","TRUE","3014.27","","https://warmholzgmbh.de/wp-content/uploads/2023/05/cuisiniere-a-bois-hydraulique-la-nordica-termosovrana-dsa-165-kw-6-600x600.png","1","","","","","deny","manual","TRUE","TRUE",""
"thermo-holzofen-la-nordica-termorosa-dsa-19-kw","Thermo-Holzofen – LA NORDICA TERMOROSA DSA 19 kW","","EHS-PELLETS GmbH","","","TRUE","1870.00","3072.91","https://warmholzgmbh.de/wp-content/uploads/2023/05/cuisiniere-a-bois-la-nordica-verona-xxl-petra-8-kw-1-1-600x600.png","1","","","","","deny","manual","TRUE","TRUE",""
"einbau-holzherd-la-nordica-venezia-9-5-kw","Einbau-Holzherd – LA NORDICA Venezia 9,5 kW","","EHS-PELLETS GmbH","","","TRUE","2848.90","","https://warmholzgmbh.de/wp-content/uploads/2023/05/thermo-cuisiniere-a-bois-la-nordica-termorosa-dsa-19-kw-4-600x600.jpg","1","","","","","deny","manual","TRUE","TRUE",""
"holzherd-aus-gusseisen-la-nordica-suprema-4-0-10-kw","Holzherd aus Gusseisen – LA NORDICA Suprema 4.0 10 kW","","EHS-PELLETS GmbH","","","TRUE","2566.27","","https://warmholzgmbh.de/wp-content/uploads/2023/05/cuisiniere-a-bois-encastrable-la-nordica-venezia-95-kw-4-600x600.png","1","","","","","deny","manual","TRUE","TRUE",""
"einbau-holzherd-la-nordica-verona-xxl-8-kw","Einbau-Holzherd – LA NORDICA Verona XXL 8 kW","","EHS-PELLETS GmbH","","","TRUE","2686.54","","https://warmholzgmbh.de/wp-content/uploads/2023/05/cuisiniere-a-bois-avec-revetement-en-fonte-emaillee-avec-four-la-nordica-suprema-40-4-600x600.png","1","","","","","deny","manual","TRUE","TRUE",""
"holzherd-lincar-gaia-149-av-8-kw","Holzherd – Lincar Gaia 149 AV 8 kW","","EHS-PELLETS GmbH","","","TRUE","1469.02","2521.44","https://warmholzgmbh.de/wp-content/uploads/2023/05/cuisiniere-a-bois-encastrable-nordica-verona-xxl-8-kw-4-600x600.png","1","","","","","deny","manual","TRUE","TRUE",""
"holzherd-la-nordica-rosetta-sinistra-bii-stahl-9-kw","Holzherd – LA NORDICA Rosetta Sinistra BII Stahl 9 kW","","EHS-PELLETS GmbH","","","TRUE","1850.00","2760.00","https://warmholzgmbh.de/wp-content/uploads/2023/05/cuisiniere-a-bois-lincar-gaia-149-av-8-kw-5-600x600.png","1","","","","","deny","manual","TRUE","TRUE",""
"holzherd-aus-gusseisen-la-nordica-sovrana-easy-evo-2-0-9-kw","Holzherd aus Gusseisen – LA NORDICA Sovrana Easy Evo 2.0 9 kW","","EHS-PELLETS GmbH","","","TRUE","1448.45","2468.40","https://warmholzgmbh.de/wp-content/uploads/2023/05/cuisiniere-a-bois-la-nordica-rosetta-sinistra-bii-steel-9-kw-4-600x600.png","1","","","","","deny","manual","TRUE","TRUE",""
"holzherd-lincar-gaia-149-sinistra-8-kw","Holzherd – Lincar Gaia 149 Sinistra 8 kW","","EHS-PELLETS GmbH","","","TRUE","1300.20","1976.76","https://warmholzgmbh.de/wp-content/uploads/2023/05/cuisiniere-a-bois-en-fonte-la-nordica-sovrana-easy-evo-20-9-kw-1-1-600x600.jpg","1","","","","","deny","manual","TRUE","TRUE",""
"holzherd-la-nordica-family-4-5-9-kw","Holzherd – LA NORDICA Family 4,5 9 kW","","EHS-PELLETS GmbH","","","TRUE","980.00","1316.95","https://warmholzgmbh.de/wp-content/uploads/2023/05/cuisiniere-a-bois-lincar-gaia-149-sinistra-8-kw-4-600x600.png","1","","","","","deny","manual","TRUE","TRUE",""
"holzherd-aus-stein-la-nordica-rosetta-bii-stein-9-kw","Holzherd aus Stein – LA NORDICA Rosetta BII Stein 9 kW","","EHS-PELLETS GmbH","","","TRUE","1616.15","2422.80","https://warmholzgmbh.de/wp-content/uploads/2023/05/cuisiniere-a-bois-la-nordica-family-45-9-kw-1-1-600x600.jpg","1","","","","","deny","manual","TRUE","TRUE",""
"holzherd-la-nordica-rosetta-sinistra-bii-9-kw","Holzherd – LA NORDICA Rosetta Sinistra BII 9 kW","","EHS-PELLETS GmbH","","","TRUE","1790.00","2760.00","https://warmholzgmbh.de/wp-content/uploads/2023/05/cuisiniere-a-bois-en-pierre-la-nordica-rosetta-bii-pierre-9-kw-1-600x600.jpg","1","","","","","deny","manual","TRUE","TRUE",""
"holzherd-lincar-gaia-a-vl-8-kw","Holzherd – Lincar Gaia A VL 8 kW","","EHS-PELLETS GmbH","","","TRUE","1870.00","2640.00","https://warmholzgmbh.de/wp-content/uploads/2023/05/cuisiniere-a-bois-la-nordica-rosetta-sinistra-bii-9-kw-1-1-600x600.jpg","1","","","","","deny","manual","TRUE","TRUE",""
"steingut-holzherd-la-nordica-rosetta-bii-9-kw","Steingut Holzherd – LA NORDICA Rosetta BII 9 kW","","EHS-PELLETS GmbH","","","TRUE","1670.00","2686.68","https://warmholzgmbh.de/wp-content/uploads/2023/05/cuisiniere-a-bois-lincar-gaia-a-vl-8-kw-4-600x600.png","1","","","","","deny","manual","TRUE","TRUE",""
"holzherd-aus-naturstein-la-nordica-rosa-sinistra-reverse-9-5-kw","Holzherd aus Naturstein – LA NORDICA Rosa Sinistra Reverse 9,5 kW","","EHS-PELLETS GmbH","","","TRUE","1670.00","2142.31","https://warmholzgmbh.de/wp-content/uploads/2023/05/cuisiniere-a-bois-en-faience-la-nordica-rosetta-bii-9-kw-1-1-600x600.jpg","1","","","","","deny","manual","TRUE","TRUE",""
"holzherd-aus-keramik-lincar-bea-8-5-kw","Holzherd aus Keramik – LINCAR Bea 8.5 kW","","EHS-PELLETS GmbH","","","TRUE","2150.87","3318.88","https://warmholzgmbh.de/wp-content/uploads/2023/05/cuisiniere-a-bois-en-pierre-naturelle-la-nordica-rosa-sinistra-reverse-95-kw-1-1-600x600.jpg","1","","","","","deny","manual","TRUE","TRUE",""
"steingut-holzherd-la-nordica-rosa-4-0-maiolica-9-5-kw","Steingut Holzherd – LA NORDICA Rosa 4.0 Maiolica 9,5 kW","","EHS-PELLETS GmbH","","","TRUE","1570.00","2113.75","https://warmholzgmbh.de/wp-content/uploads/2023/05/cuisiniere-a-bois-en-ceramique-lincar-bea-85-kw-2-600x600.png","1","","","","","deny","manual","TRUE","TRUE",""
"holzherd-la-nordica-rosa-sinistra-reverse-9-5-kw","Holzherd – LA NORDICA Rosa Sinistra Reverse 9,5 kW","","EHS-PELLETS GmbH","","","TRUE","1670.00","2072.40","https://warmholzgmbh.de/wp-content/uploads/2023/05/cuisiniere-a-bois-en-faience-la-nordica-rosa-40-maiolica-95-kw-1-1-600x600.jpg","1","","","","","deny","manual","TRUE","TRUE",""
"holzherd-la-nordica-rosa-xxl-10-kw","Holzherd – LA NORDICA Rosa XXL 10 kW","","EHS-PELLETS GmbH","","","TRUE","1450.00","2106.98","https://warmholzgmbh.de/wp-content/uploads/2023/05/cuisiniere-a-bois-la-nordica-rosa-sinistra-reverse-95-kw-1-1-600x600.jpg","1","","","","","deny","manual","TRUE","TRUE",""
"holzherd-mit-backofen-bronpi-monza-14-kw","Holzherd mit Backofen – BRONPI Monza 14 kW","","EHS-PELLETS GmbH","","","TRUE","975.00","1299.66","https://warmholzgmbh.de/wp-content/uploads/2023/05/cuisiniere-a-bois-la-nordica-rosa-xxl-10-kw-1-1-600x600.jpg","1","","","","","deny","manual","TRUE","TRUE",""
"holzherd-la-nordica-family-3-5-8-kw","Holzherd – LA NORDICA Family 3,5 8 kW","","EHS-PELLETS GmbH","","","TRUE","980.00","1275.62","https://warmholzgmbh.de/wp-content/uploads/2023/05/cuisiniere-a-bois-avec-four-bronpi-monza-14-kw-1-1-600x600.jpg","1","","","","","deny","manual","TRUE","TRUE",""
"holzherd-lincar-omega-9-kw","Holzherd – LINCAR Omega 9 kW","","EHS-PELLETS GmbH","","","TRUE","1378.10","1945.55","https://warmholzgmbh.de/wp-content/uploads/2023/05/cuisiniere-a-bois-nordica-family-35-8-kw-5-600x600.png","1","","","","","deny","manual","TRUE","TRUE",""
"einbau-holzherd-la-nordica-vicenza-evo-7-kw","Einbau-Holzherd – LA NORDICA Vicenza Evo 7 kW","","EHS-PELLETS GmbH","","","TRUE","1670.00","2254.31","https://warmholzgmbh.de/wp-content/uploads/2023/05/cuisiniere-a-bois-lincar-omega-9-kw-7-600x600.png","1","","","","","deny","manual","TRUE","TRUE",""
"holzherd-lincar-nada-9-kw","Holzherd – LINCAR Nada 9 kW","","EHS-PELLETS GmbH","","","TRUE","1208.60","1706.26","https://warmholzgmbh.de/wp-content/uploads/2023/05/cuisiniere-a-bois-encastrable-la-nordica-vicenza-evo-7-kw-4-600x600.png","1","","","","","deny","manual","TRUE","TRUE",""
"braunkohlebriketts-im-palettenpaket-960kg","Braunkohlebriketts im Palettenpaket (960Kg)","","EHS-PELLETS GmbH","","","TRUE","210.00","329.00","https://warmholzgmbh.de/wp-content/uploads/2023/05/cuisiniere-a-bois-lincar-nada-9-kw-1-600x600.png","1","","","","","deny","manual","TRUE","TRUE",""
"crepito-holzpellets-palette-mit-72-sacken-1080-kg","Crépito-Holzpellets (Palette mit 72 Säcken – 1080 kg)","","EHS-PELLETS GmbH","","","TRUE","380.00","","https://warmholzgmbh.de/wp-content/uploads/2022/10/HOTDEVIL-HOUTBRIKETTENBRUINKOOLPACK-1-600x600-1-430x430.jpg","1","","","","","deny","manual","TRUE","TRUE",""
"bio-technik-pellet-palette-zu-50-sacken-zu-15-kg","BIO-TECHNIK PELLET – PALETTE ZU 50 SÄCKEN ZU 15 KG","","EHS-PELLETS GmbH","","","TRUE","390.00","","https://warmholzgmbh.de/wp-content/uploads/2022/10/A1-1-1-1-600x600.jpg","1","","","","","deny","manual","TRUE","TRUE",""
"2-palette-trockenes-brennholz-trockner-g1h1-gebrauchsfertig-hartholzmischung","2. Palette trockenes Brennholz Trockner G1H1 – gebrauchsfertig – Hartholzmischung","","EHS-PELLETS GmbH","","","TRUE","220.00","275.00","https://warmholzgmbh.de/wp-content/uploads/2022/10/b73-600x600.jpg","1","","","","","deny","manual","TRUE","TRUE",""
"brennholzballen-trocken-trockner-gebrauchsfertig-laubbaummischung","Brennholzballen trocken Trockner – gebrauchsfertig – Laubbaummischung","","EHS-PELLETS GmbH","","","TRUE","220.00","245.00","https://warmholzgmbh.de/wp-content/uploads/2022/10/a2-2-600x600.jpg","1","","","","","deny","manual","TRUE","TRUE",""
"palette-aus-2-33cm-spezialholz-masseofen-trockentrockner-gebrauchsfertig-laubbaummischung","Palette aus 2. 33cm Spezialholz Masseofen – Trockentrockner – gebrauchsfertig – Laubbaummischung","","EHS-PELLETS GmbH","","","TRUE","250.00","","https://warmholzgmbh.de/wp-content/uploads/2022/10/b5-600x600.jpg","1","","","","","deny","manual","TRUE","TRUE",""
"holzbriketts-pinikay-100-eichenpalette-960-kg","Holzbriketts Pinikay 100% Eichenpalette (960 kg)","<h1>Pini Kay Holzbriketts</h1> <h3>WIE WERDEN PINI KAY BRIKETTS HERGESTELLT?</h3> <p>Pini Kay-Briketts werden unter sehr hohem Druck und hoher Temperatur gepresst. Pini Kay-Holzbriketts werden so gepresst, dass sie die Form eines Stabes mit einem Loch durch den Stab annehmen. Wenn dies der Fall ist, können Sie es verwenden und werden es satt haben. Für diese Holzbriketts werden ausschließlich getrocknete und unbehandelte Eichensägespäne aus der Möbelindustrie verwendet.</p> <h3>WIE ES FUNKTIONIERT</h3> <p>Pini Kay ist das am einfachsten zu entzündende Holzbrikett. Wenn die Flammen zu brennen beginnen, beginnen die Flammen und die Flammen und die Flammen beginnen zu brennen. Wenn Holzfeuer entstehen, sind sie so stark, dass sie warm genug sind. Das liegt am Loch im Holzbrikett. Durch das Loch strömt Sauerstoff und schürzt so die Flammen. Aufgrund der hohen Wärmeabgabe eignet sich das Holzbrikett hervorragend für Specksteinöfen oder zum Anzünden von Braunkohlebriketts. Diese Feuer sind leicht in Flammen und öffnen sich in einer Flamme und sind sehr heiß und warm mit einer großen Flamme und einer warmen Flamme, aber auch andere Briketts. Für weitere Informationen klicken Sie bitte auf die Namen unten.</p> <p>&nbsp;</p> <h3>Warum Holzbriketts von PINI KAY kaufen?</h3> <p>Pini Kay Holzbriketts geben auf einmal Wärme ab, was siehr effektiv macht. Wenn Sie Licht und große Flammen haben, können Sie Feuer machen. Diese Holzbriketts sehen im Ofen sehr schön aus und sorgen sofort für wohlige Wärme. Wenn Sie Braunkohle verbrennen oder eine Specksteinpfanne haben, ist das das perfekte Holzbrikett. Bitte beachten Sie, dass das Feuer brennt und das Feuer brennt!</p> <p>&nbsp;</p> <p>Zögern Sie nicht und bestellen Sie sofort Pinikay-Holzbriketts, um selbst die wohlige Wärme dieses Holzbriketts zu spüren!</p> <h4>Eigenschaften der Pini Kay-Briketts:</h4> <ul> <li>Geeignet für mittlere bis große Öfen und Kamine, Specksteinöfen</li> <li>Schnelle Hitze – schöne große Flammen</li> <li>Keine Feuchtigkeit – sofortige Hitze</li> <li>getrocknetes Holz 100 % Eiche</li> </ul> <p><strong>Holzbriketts, modernes Brennholz für Ihren Ofen, Ihren Kamin und Ihren Kamin</strong></p>","EHS-PELLETS GmbH","","","TRUE","255.00","290.00","https://warmholzgmbh.de/wp-content/uploads/2022/10/a12-2-1-600x600.jpg","1","","","","","deny","manual","TRUE","TRUE",""
"solaris-pellet-palette-mit-65-sacken-zu-15-kg","SOLARIS PELLET – PALETTE MIT 65 SÄCKEN ZU 15 KG","","EHS-PELLETS GmbH","","","TRUE","530.00","680.00","https://warmholzgmbh.de/wp-content/uploads/2022/10/HOTDEVIL-HOUTBRIKETTENPINIKAYEIK8-1-600x600-1-430x430.jpg","1","","","","","deny","manual","TRUE","TRUE",""
"holzbriketts-ruf-100-eiche-palette-960-kg","Holzbriketts Ruf 100% Eiche Palette (960 kg)","","EHS-PELLETS GmbH","","","TRUE","165.00","","https://warmholzgmbh.de/wp-content/uploads/2022/10/a27-1-600x600.jpg","1","","","","","deny","manual","TRUE","TRUE",""
"nestro-holzbriketts-eichenpalette-960-kg","Nestro Holzbriketts Eichenpalette (960 kg)","","EHS-PELLETS GmbH","","","TRUE","262.00","299.00","https://warmholzgmbh.de/wp-content/uploads/2022/10/HOTDEVIL-HOUTBRIKETTENRUFEIK-1-400x400-2.jpg","1","","","","","deny","manual","TRUE","TRUE",""
"milchstrasse-schornsteinwachter","MILCHSTRASSE – Schornsteinwächter","","EHS-PELLETS GmbH","","","TRUE","150.00","","https://warmholzgmbh.de/wp-content/uploads/2022/10/HOTDEVIL-HOUTBRIKETTENNESTROEIK-1-1-600x600-1-430x430.jpg","1","","","","","deny","manual","TRUE","TRUE",""
"alto-diener","ALTO DIENER","","EHS-PELLETS GmbH","","","TRUE","130.00","","https://warmholzgmbh.de/wp-content/uploads/2022/10/b37-600x600.jpg","1","","","","","deny","manual","TRUE","TRUE",""
"pellet-dachs-palette-mit-65-sacken-zu-15-kg","PELLET-DACHS – PALETTE MIT 65 SÄCKEN ZU 15 KG","","EHS-PELLETS GmbH","","","TRUE","390.00","480.00","https://warmholzgmbh.de/wp-content/uploads/2022/10/b41-600x600.jpg","1","","","","","deny","manual","TRUE","TRUE",""
"holzpellets-e02-104er-palette-10kg-sack","HOLZPELLETS E02 104er Palette 10kg Sack","","EHS-PELLETS GmbH","","","TRUE","485.00","","https://warmholzgmbh.de/wp-content/uploads/2022/10/a20-600x600.jpg","1","","","","","deny","manual","TRUE","TRUE",""
"biobriq-megaruf-holzbriketts-palette-972kg","BioBriq MegaRuf Holzbriketts Palette (972Kg)","","EHS-PELLETS GmbH","","","TRUE","140.00","199.00","https://warmholzgmbh.de/wp-content/uploads/2022/10/A13-430x430.jpg","1","","","","","deny","manual","TRUE","TRUE",""
"torsion-kaminbediener","TORSION – Kaminbediener","","EHS-PELLETS GmbH","","","TRUE","126.00","","https://warmholzgmbh.de/wp-content/uploads/2022/10/Palette-de-briquettes-de-bois-BioBriq-MegaRuf-972Kg-600x600-1-430x430.jpg","1","","","","","deny","manual","TRUE","TRUE",""
"halbe-palette-holzpellets-pauls-pellets-35-sacke-525-kg","Halbe Palette Holzpellets PAULS Pellets 35 Säcke – 525 kg","","EHS-PELLETS GmbH","","","TRUE","200.00","","https://warmholzgmbh.de/wp-content/uploads/2022/10/b35-600x600.jpg","1","","","","","deny","manual","TRUE","TRUE",""
"hydraulischer-pelletofen-original-phebo-europa-23-kw","Hydraulischer Pelletofen – ORIGINAL PHEBO Europa 23 kW","","EHS-PELLETS GmbH","","","TRUE","3656.29","5565.12","https://warmholzgmbh.de/wp-content/uploads/2022/10/b6-600x600.jpg","1","","","","","deny","manual","TRUE","TRUE",""
"extraflacher-wasserdichter-belufteter-pelletofen-mit-kanalanschluss-aus-stein-extraflame-sharon-plus-cx-pierre-11-kw","Extraflacher, wasserdichter, belüfteter Pelletofen mit Kanalanschluss aus Stein – EXTRAFLAME Sharon Plus CX Pierre 11 kW","","EHS-PELLETS GmbH","","","TRUE","3637.71","5052.37","https://warmholzgmbh.de/wp-content/uploads/2023/05/poele-a-granules-hydraulique-origine-ph-europa-23-kw-6-600x600.png","1","","","","","deny","manual","TRUE","TRUE",""
"abnehmbarer-wasserdichter-belufteter-pelletofen-extraflame-noris-13-kw","Abnehmbarer, wasserdichter, belüfteter Pelletofen – EXTRAFLAME Noris 13 kW","","EHS-PELLETS GmbH","","","TRUE","3544.80","4923.34","https://warmholzgmbh.de/wp-content/uploads/2023/05/poele-a-granules-ventile-etanche-extra-plat-canalisable-revetement-en-pierre-naturelle-extraflame-sharon-plus-cx-pierre-11-kw-3-600x600.png","1","","","","","deny","manual","TRUE","TRUE",""
"hydrobelufteter-pelletofen-extraflame-marina-idro-h11-12-kw","Hydrobelüfteter Pelletofen – EXTRAFLAME Marina Idro H11 12 kW","","EHS-PELLETS GmbH","","","TRUE","3664.37","5089.39","https://warmholzgmbh.de/wp-content/uploads/2023/05/poele-a-granules-ventile-etanche-extraflame-noris-13-kw-1-1-600x600.png","1","","","","","deny","manual","TRUE","TRUE",""
"wasserdichter-belufteter-abnehmbarer-pelletofen-extraflame-noris-plus-13-kw","Wasserdichter, belüfteter, abnehmbarer Pelletofen – EXTRAFLAME Noris Plus 13 kW","","EHS-PELLETS GmbH","","","TRUE","3806.54","5286.86","https://warmholzgmbh.de/wp-content/uploads/2023/05/poele-a-granules-ventile-hydro-extraflame-marina-idro-h11-12-kw-6-600x600.png","1","","","","","deny","manual","TRUE","TRUE",""
"abnehmbarer-wasserdichter-belufteter-pelletofen-extraflame-noris-lux-13-kw","Abnehmbarer, wasserdichter, belüfteter Pelletofen – EXTRAFLAME Noris Lux 13 kW","","EHS-PELLETS GmbH","","","TRUE","3754.04","5213.93","https://warmholzgmbh.de/wp-content/uploads/2023/05/poele-a-granules-ventile-etanche-canalisable-extraflame-noris-plus-12-kw-9-600x600.png","1","","","","","deny","manual","TRUE","TRUE",""
"leiser-wasserdichter-hydro-pelletofen-extraflame-virna-idro-15-kw","Leiser, wasserdichter Hydro-Pelletofen – EXTRAFLAME Virna Idro 15 kW","","EHS-PELLETS GmbH","","","TRUE","3719.30","5165.69","https://warmholzgmbh.de/wp-content/uploads/2023/05/poele-a-granules-ventile-etanche-extraflame-noris-lux-13-kw-9-600x600.png","1","","","","","deny","manual","TRUE","TRUE",""
"extraflacher-wasserdichter-kanalisierbarer-belufteter-pelletofen-extraflame-sharon-plus-cx-crystal-11-kw","Extraflacher, wasserdichter, kanalisierbarer, belüfteter Pelletofen – EXTRAFLAME Sharon Plus CX Crystal 11 kW","","EHS-PELLETS GmbH","","","TRUE","3522.19","4891.92","https://warmholzgmbh.de/wp-content/uploads/2023/05/poele-a-granules-hydro-etanche-silencieux-extraflame-virna-idro-15-kw-1-1-1-600x600.jpg","1","","","","","deny","manual","TRUE","TRUE",""
"saugnapf-set-fur-wasserdichte-pelletofen-dinak","Saugnapf-Set für wasserdichte Pelletöfen – DINAK","","EHS-PELLETS GmbH","","","TRUE","424.71","802.23","https://warmholzgmbh.de/wp-content/uploads/2023/05/poele-a-granules-ventile-etanche-extra-plat-canalisable-extraflame-sharon-plus-cx-crystal-11-kw-1-1-600x600.png","1","","","","","deny","manual","TRUE","TRUE",""
"extra-flacher-belufteter-pelletofen-evacalor-matilde-4-5-kw","Extra flacher belüfteter Pelletofen – EVACALOR Matilde 4,5 kW","","EHS-PELLETS GmbH","","","TRUE","728.77","1156.78","https://warmholzgmbh.de/wp-content/uploads/2023/05/kit-ventouse-pour-poeles-a-granules-etanches-dinak-1-600x600.jpg","1","","","","","deny","manual","TRUE","TRUE",""
"belufteter-pelletofen-eva-calor-kali-9-5-kw","Belüfteter Pelletofen – EVA CALOR Kali 9,5 kW","","EHS-PELLETS GmbH","","","TRUE","779.66","1237.57","https://warmholzgmbh.de/wp-content/uploads/2023/05/poele-a-granules-ventile-extra-plat-evacalor-matilde-45-kw-1-1-600x600.jpg","1","","","","","deny","manual","TRUE","TRUE",""
"abnehmbarer-wasserdichter-hydro-pelletofen-extraflame-rosanna-idro-15-5-kw","Abnehmbarer wasserdichter Hydro-Pelletofen – EXTRAFLAME Rosanna Idro 15,5 kW","","EHS-PELLETS GmbH","","","TRUE","3439.78","4777.48","https://warmholzgmbh.de/wp-content/uploads/2023/05/poele-a-granules-ventile-eva-calor-kali-95-kw-5-600x600.png","1","","","","","deny","manual","TRUE","TRUE",""
"belufteter-keramik-pelletofen-original-phebo-diana-dome-14-kw","Belüfteter Keramik-Pelletofen – ORIGINAL PHEBO Diana-Dôme 14 kW","","EHS-PELLETS GmbH","","","TRUE","3511.80","5345.21","https://warmholzgmbh.de/wp-content/uploads/2023/05/poele-a-granule-hydraulique-etanche-extraflame-rosanna-idro-155-kw-6-600x600.png","1","","","","","deny","manual","TRUE","TRUE",""
"extraflacher-kanalisierbarer-wasserdichter-belufteter-pelletofen-extraflame-sharon-plus-pierre-11-kw","Extraflacher, kanalisierbarer, wasserdichter, belüfteter Pelletofen – EXTRAFLAME Sharon Plus Pierre 11 kW","","EHS-PELLETS GmbH","","","TRUE","3510.87","4876.21","https://warmholzgmbh.de/wp-content/uploads/2023/05/poele-a-granules-en-ceramique-ventile-origine-phebo-diana-dome-14-kw-7-600x600.png","1","","","","","deny","manual","TRUE","TRUE",""
"belufteter-keramik-pelletofen-extraflame-lucia-plus-13-kw","Belüfteter Keramik-Pelletofen – EXTRAFLAME Lucia Plus 13 kW","","EHS-PELLETS GmbH","","","TRUE","3449.48","4790.94","https://warmholzgmbh.de/wp-content/uploads/2023/05/poele-a-granules-ventile-etanche-extra-plat-canalisable-extraflame-sharon-plus-pierre-11-kw-3-600x600.png","1","","","","","deny","manual","TRUE","TRUE",""
"abnehmbarer-hydro-pelletofen-extraflame-iside-idro-h15-amethyst-19-kw","Abnehmbarer Hydro-Pelletofen – EXTRAFLAME Iside Idro H15 Amethyst 19 kW","","EHS-PELLETS GmbH","","","TRUE","5051.70","6601.64","https://warmholzgmbh.de/wp-content/uploads/2023/05/poele-a-granules-ventile-ceramique-canalisable-extraflame-lucia-plus-13-kw-4-600x600.jpg","1","","","","","deny","manual","TRUE","TRUE",""
"abnehmbarer-hydraulisch-belufteter-pelletofen-extraflame-iside-idro-h15-19-kw","Abnehmbarer, hydraulisch belüfteter Pelletofen – EXTRAFLAME Iside Idro H15 19 kW","","EHS-PELLETS GmbH","","","TRUE","5051.70","6601.64","https://warmholzgmbh.de/wp-content/uploads/2023/05/poele-a-granules-hydro-debrayable-extraflame-iside-idro-h15-amethyste-19-kw-1-1-600x600.png","1","","","","","deny","manual","TRUE","TRUE",""
"abnehmbarer-wasserdichter-hydro-pelletofen-extraflame-fiandra-idro-evo-18-kw","Abnehmbarer wasserdichter Hydro-Pelletofen – EXTRAFLAME Fiandra Idro Evo 18 kW","","EHS-PELLETS GmbH","","","TRUE","4546.75","6535.96","https://warmholzgmbh.de/wp-content/uploads/2023/05/poele-a-granules-ventile-hydraulique-debrayable-extraflame-iside-idro-20-205-kw-1-1-1-600x600.jpg","1","","","","","deny","manual","TRUE","TRUE",""
"hydro-trennbarer-belufteter-pelletofen-extraflame-isidora-idro-h16-20-kw","Hydro-trennbarer, belüfteter Pelletofen – EXTRAFLAME Isidora Idro H16 20 kW","","EHS-PELLETS GmbH","","","TRUE","5235.70","6842.11","https://warmholzgmbh.de/wp-content/uploads/2023/05/poele-a-granules-hydro-etanche-extraflame-fiandra-idro-evo-18-kw-1-1-1-600x600.jpg","1","","","","","deny","manual","TRUE","TRUE",""
"hydro-trennbarer-belufteter-pelletofen-extraflame-isidora-idro-h20-25-kw","Hydro-trennbarer, belüfteter Pelletofen – EXTRAFLAME Isidora Idro H20 25 kW","","EHS-PELLETS GmbH","","","TRUE","5506.78","7196.36","https://warmholzgmbh.de/wp-content/uploads/2023/05/poele-a-granules-ventile-hydro-extraflame-isidora-idro-h16-20-kw-4-1-600x600.jpg","1","","","","","deny","manual","TRUE","TRUE",""
"hydraulischer-pelletofen-original-phebo-idra-18-kw","Hydraulischer Pelletofen – ORIGINAL PHEBO Idra 18 kW","","EHS-PELLETS GmbH","","","TRUE","5429.55","7775.82","https://warmholzgmbh.de/wp-content/uploads/2023/05/poele-a-granules-ventile-hydro-extraflame-isidora-idro-h20-25-kw-4-1-600x600.jpg","1","","","","","deny","manual","TRUE","TRUE",""
"abnehmbarer-wasserdichter-hydro-pelletofen-extraflame-evelyne-idro-2-0-19-kw","Abnehmbarer wasserdichter Hydro-Pelletofen – EXTRAFLAME Evelyne Idro 2.0 19 kW","","EHS-PELLETS GmbH","","","TRUE","5347.90","6988.73","https://warmholzgmbh.de/wp-content/uploads/2023/05/poele-a-granules-hydraulique-origine-ph-idra-18-kw-7-600x600.png","1","","","","","deny","manual","TRUE","TRUE",""
"abnehmbarer-thermohydraulischer-pelletofen-extraflame-raffaella-idro-h18-23-kw","Abnehmbarer thermohydraulischer Pelletofen – EXTRAFLAME Raffaella Idro H18 23 kW","","EHS-PELLETS GmbH","","","TRUE","4285.63","6160.60","https://warmholzgmbh.de/wp-content/uploads/2023/05/poele-a-granules-hydraulique-debrayable-etanche-extraflame-evelyne-idro-20-19-kw-1-1-600x600.png","1","","","","","deny","manual","TRUE","TRUE",""
"wasserdichter-kanalisierbarer-keramik-pelletofen-extraflame-terry-plus-13-kw","Wasserdichter kanalisierbarer Keramik-Pelletofen – EXTRAFLAME Terry Plus 13 kW","","EHS-PELLETS GmbH","","","TRUE","4276.06","5399.06","https://warmholzgmbh.de/wp-content/uploads/2023/05/poele-a-granules-thermo-hydraulique-debrayable-extraflame-raffaella-idro-h18-235-kw-4-600x600.png","1","","","","","deny","manual","TRUE","TRUE",""
"belufteter-pelletkamin-evacalor-michelangelo-12-kw","Belüfteter Pelletkamin – EVACALOR Michelangelo 12 kW","","EHS-PELLETS GmbH","","","TRUE","4749.94","6449.15","https://warmholzgmbh.de/wp-content/uploads/2023/05/poele-a-granules-etanche-canalisable-ceramique-extraflame-terry-plus-13-kw-2-600x600.jpg","1","","","","","deny","manual","TRUE","TRUE",""
"hydrobelufteter-pelletofen-extraflame-marina-idro-h13-14-5-kw","Hydrobelüfteter Pelletofen – EXTRAFLAME Marina Idro H13 14,5 kW","","EHS-PELLETS GmbH","","","TRUE","3880.86","5390.09","https://warmholzgmbh.de/wp-content/uploads/2023/05/cheminee-a-granules-ventile-evacalor-michelangelo-12-kw-8-600x600.jpg","1","","","","","deny","manual","TRUE","TRUE",""
"wasserdichter-belufteter-steinpelletofen-extraflame-debby-cx-10-kw","Wasserdichter, belüfteter Steinpelletofen – EXTRAFLAME Debby CX 10 kW","","EHS-PELLETS GmbH","","","TRUE","4288.50","5414.77","https://warmholzgmbh.de/wp-content/uploads/2023/05/poele-a-granules-ventile-hydro-extraflame-marina-idro-h13-145kw-6-600x600.png","1","","","","","deny","manual","TRUE","TRUE",""
"abnehmbarer-wasserdichter-hydro-pelletofen-extraflame-guenda-idro-17-kw","Abnehmbarer wasserdichter Hydro-Pelletofen – EXTRAFLAME Guenda Idro 17 kW","","EHS-PELLETS GmbH","","","TRUE","4280.74","6153.56","https://warmholzgmbh.de/wp-content/uploads/2023/05/poele-a-granules-ventile-etanche-en-pierre-extraflame-debby-cx-10-kw-2-600x600.jpg","1","","","","","deny","manual","TRUE","TRUE",""
"abnehmbarer-pelletofen-mit-zentralheizung-extraflame-raffaella-idro-h15-19-kw","Abnehmbarer Pelletofen mit Zentralheizung – EXTRAFLAME Raffaella Idro H15 19 kW","","EHS-PELLETS GmbH","","","TRUE","4490.70","5868.52","https://warmholzgmbh.de/wp-content/uploads/2023/05/poele-a-granules-thermo-hydraulique-debrayable-etanche-extraflame-guenda-idro-17-kw-6-600x600.png","1","","","","","deny","manual","TRUE","TRUE",""
"wasserdichter-belufteter-abnehmbarer-pelletofen-extraflame-noris-plus-lux-13-kw","Wasserdichter, belüfteter, abnehmbarer Pelletofen – EXTRAFLAME Noris Plus Lux 13 kW","","EHS-PELLETS GmbH","","","TRUE","4019.00","5581.95","https://warmholzgmbh.de/wp-content/uploads/2023/05/poele-a-granules-chauffage-central-debrayable-extraflame-raffaella-idro-h15-19-kw-1-1-1-600x600.jpg","1","","","","","deny","manual","TRUE","TRUE",""
"belufteter-pelletofen-evacalor-rita-9-5-kw-bordeaux","Belüfteter Pelletofen – EVACALOR Rita 9,5 kW Bordeaux","","EHS-PELLETS GmbH","","","TRUE","848.69","1450.75","https://warmholzgmbh.de/wp-content/uploads/2023/05/poele-a-granules-ventile-etanche-canalisable-extraflame-noris-plus-lux-13-kw-8-600x600.png","1","","","","","deny","manual","TRUE","TRUE",""
"wasserdichter-kanalisierbarer-belufteter-pelletofen-firematic-c12c-11-6-kw","Wasserdichter, kanalisierbarer, belüfteter Pelletofen – FIREMATIC C12C 11,6 kW","","EHS-PELLETS GmbH","","","TRUE","1387.64","3083.63","https://warmholzgmbh.de/wp-content/uploads/2023/05/poele-a-granules-ventile-evacalor-rita-95-kw-bordeaux-6-600x600.jpg","1","","","","","deny","manual","TRUE","TRUE",""
"belufteter-pelletofen-lincar-nikita-6-5-kw","Belüfteter Pelletofen – LINCAR Nikita 6,5 ​​kW","","EHS-PELLETS GmbH","","","TRUE","1381.41","2131.80","https://warmholzgmbh.de/wp-content/uploads/2023/05/poele-a-granules-ventile-etanche-canalisable-firematic-c12c-12-kw-1-1-600x600.jpg","1","","","","","deny","manual","TRUE","TRUE",""
"belufteter-pelletofen-extraflame-ketty-evo-2-0-7-kw","Belüfteter Pelletofen – EXTRAFLAME Ketty Evo 2.0 7 kW","","EHS-PELLETS GmbH","","","TRUE","1408.07","1955.65","https://warmholzgmbh.de/wp-content/uploads/2023/05/poele-a-granules-ventile-lincar-nikita-65-kw-5-600x600.png","1","","","","","deny","manual","TRUE","TRUE",""
"pack-c7c-firematic-pelletofen-dinak-saugnapf-kit","PACK C7C FIREMATIC Pelletofen + Dinak Saugnapf-Kit","","EHS-PELLETS GmbH","","","TRUE","1395.21","3100.46","https://warmholzgmbh.de/wp-content/uploads/2023/05/poele-a-granules-ventile-extraflame-ketty-evo-20-7-kw-6-600x600.jpg","1","","","","","deny","manual","TRUE","TRUE",""
"pack-c7-firematic-pelletofen-dinak-saugnapf-kit","PACK C7 FIREMATIC Pelletofen + Dinak Saugnapf-Kit","","EHS-PELLETS GmbH","","","TRUE","1294.23","2876.06","https://warmholzgmbh.de/wp-content/uploads/2023/05/pack-poele-a-granules-c7c-firematic-kit-ventouse-dinak-1-1-600x600.jpg","1","","","","","deny","manual","TRUE","TRUE",""
"belufteter-pelletofen-arce-joy-8-kw","Belüfteter Pelletofen – ARCE Joy 8 kW","","EHS-PELLETS GmbH","","","TRUE","1294.16","1997.16","https://warmholzgmbh.de/wp-content/uploads/2023/05/pack-poele-a-granules-c7-firematic-kit-ventouse-dinak-1-1-600x600.jpg","1","","","","","deny","manual","TRUE","TRUE",""
"pelletofen-ohne-strom-naturliche-konvektion-bronpi-free-11-kw","Pelletofen ohne Strom, natürliche Konvektion – BRONPI Free 11 kW","","EHS-PELLETS GmbH","","","TRUE","1378.38","1963.50","https://warmholzgmbh.de/wp-content/uploads/2023/05/poele-a-granules-ventile-arce-joy-8-kw-4-600x600.png","1","","","","","deny","manual","TRUE","TRUE",""
"pack-c9-firematic-pelletofen-dinak-saugnapf-kit","PACK C9 FIREMATIC Pelletofen + Dinak Saugnapf-Kit","","EHS-PELLETS GmbH","","","TRUE","1327.89","2950.86","https://warmholzgmbh.de/wp-content/uploads/2023/05/poele-a-granules-sans-electricite-convection-naturelle-bronpi-free-11-kw-1-600x600.png","1","","","","","deny","manual","TRUE","TRUE",""
"belufteter-keramik-pelletofen-evacalor-alina-9-5-kw","Belüfteter Keramik-Pelletofen – EVACALOR Alina 9,5 kW","","EHS-PELLETS GmbH","","","TRUE","1495.87","2557.04","https://warmholzgmbh.de/wp-content/uploads/2023/05/pack-poele-a-granules-c9-firematic-kit-ventouse-dinak-1-1-600x600.jpg","1","","","","","deny","manual","TRUE","TRUE",""
"pack-c9-firematic-pelletofen-dinak-saugnapf-kit-wlan-modul","PACK C9 FIREMATIC Pelletofen + Dinak Saugnapf-Kit + WLAN-Modul","","EHS-PELLETS GmbH","","","TRUE","1495.35","3322.99","https://warmholzgmbh.de/wp-content/uploads/2023/05/poele-a-granules-ventile-ceramique-evacalor-alina-95-kw-6-600x600.jpg","1","","","","","deny","manual","TRUE","TRUE",""
"belufteter-pelletofen-evacalor-paola-13-5-kw","Belüfteter Pelletofen – EVACALOR Paola 13,5 kW","","EHS-PELLETS GmbH","","","TRUE","1497.84","2377.52","https://warmholzgmbh.de/wp-content/uploads/2023/05/pack-poele-a-granules-c9-firematic-kit-ventouse-dinak-module-wifi-1-1-600x600.png","1","","","","","deny","manual","TRUE","TRUE",""
"pack-r9-firematic-runder-pelletofen-dinak-saugnapf-set","PACK R9 FIREMATIC runder Pelletofen + Dinak Saugnapf-Set","","EHS-PELLETS GmbH","","","TRUE","2320.00","3324.86","https://warmholzgmbh.de/wp-content/uploads/2023/05/poele-a-granules-ventile-evacalor-paola-13-kw-5-600x600.jpg","1","","","","","deny","manual","TRUE","TRUE",""
"wasserdichter-abnehmbarer-belufteter-pelletofen-aus-keramik-extraflame-moira-evo-8-kw","Wasserdichter, abnehmbarer, belüfteter Pelletofen aus Keramik – EXTRAFLAME Moira Evo 8 kW","","EHS-PELLETS GmbH","","","TRUE","1423.82","2636.70","https://warmholzgmbh.de/wp-content/uploads/2023/05/pack-poele-a-granules-r9-firematic-kit-ventouse-dinak-1-1-600x600.jpg","1","","","","","deny","manual","TRUE","TRUE",""
"belufteter-pelletofen-original-phebo-clio-eco-7-kw","Belüfteter Pelletofen – ORIGINAL PHEBO Clio Eco 7 kW","","EHS-PELLETS GmbH","","","TRUE","1422.71","2165.46","https://warmholzgmbh.de/wp-content/uploads/2023/05/poele-a-granules-ventile-debrayable-ceramique-etanche-extraflame-moira-evo-8-kw-5-1-600x600.jpg","1","","","","","deny","manual","TRUE","TRUE",""
"pack-c7-firematic-pelletofen-dinak-saugnapf-kit-wlan-modul","PACK C7 FIREMATIC Pelletofen + Dinak Saugnapf-Kit + WLAN-Modul","","EHS-PELLETS GmbH","","","TRUE","1461.69","3248.19","https://warmholzgmbh.de/wp-content/uploads/2023/05/poele-a-granules-ventile-origine-phebo-clio-eco-7-kw-5-600x600.png","1","","","","","deny","manual","TRUE","TRUE",""
"pack-c9c-firematic-pelletofen-dinak-saugnapf-kit","PACK C9C FIREMATIC Pelletofen + Dinak Saugnapf-Kit","","EHS-PELLETS GmbH","","","TRUE","1428.87","3175.26","https://warmholzgmbh.de/wp-content/uploads/2023/05/pack-poele-a-granules-c7-firematic-kit-ventouse-dinak-module-wifi-1-1-600x600.png","1","","","","","deny","manual","TRUE","TRUE",""
"wasserdichter-kanalisierbarer-belufteter-pelletofen-firematic-c7c-7-kw","Wasserdichter, kanalisierbarer, belüfteter Pelletofen – FIREMATIC C7C 7 kW","","EHS-PELLETS GmbH","","","TRUE","1076.28","2391.73","https://warmholzgmbh.de/wp-content/uploads/2023/05/pack-poele-a-granules-c9c-firematic-kit-ventouse-dinak-15-1-600x600.jpg","1","","","","","deny","manual","TRUE","TRUE",""
"belufteter-pelletofen-arce-micro-6-kw","Belüfteter Pelletofen – ARCE Micro 6 kW","","EHS-PELLETS GmbH","","","TRUE","1054.23","1626.90","https://warmholzgmbh.de/wp-content/uploads/2023/05/poele-a-granules-ventile-etanche-canalisable-firematic-c7c-7-kw-10-600x600.jpg","1","","","","","deny","manual","TRUE","TRUE",""
"wasserdichter-kanalisierbarer-belufteter-pelletofen-firematic-c9c-8-7-kw","Wasserdichter, kanalisierbarer, belüfteter Pelletofen – FIREMATIC C9C 8,7 kW","","EHS-PELLETS GmbH","","","TRUE","1109.94","2466.53","https://warmholzgmbh.de/wp-content/uploads/2023/05/poele-a-granules-ventile-arce-micro-6-kw-4-600x600.png","1","","","","","deny","manual","TRUE","TRUE",""
"pelletofen-ohne-strom-naturliche-konvektion-bronpi-free-6-vision-6-kw","Pelletofen ohne Strom, natürliche Konvektion – BRONPI Free 6 Vision 6 kW","","EHS-PELLETS GmbH","","","TRUE","1108.92","1665.05","https://warmholzgmbh.de/wp-content/uploads/2023/05/poele-a-granules-ventile-etanche-canalisable-firematic-c9c-87-kw-1-1-600x600.jpg","1","","","","","deny","manual","TRUE","TRUE",""
"belufteter-pelletofen-evacalor-rita-9-5-kw","Belüfteter Pelletofen – EVACALOR Rita 9,5 kW","","EHS-PELLETS GmbH","","","TRUE","913.97","1450.75","https://warmholzgmbh.de/wp-content/uploads/2023/05/poele-a-granules-sans-electricite-convection-naturelle-bronpi-free-6-vision-6-kw-2-600x600.jpg","1","","","","","deny","manual","TRUE","TRUE",""
"belufteter-pelletofen-evacalor-rita-9-5-kw-elfenbein","Belüfteter Pelletofen – EVACALOR Rita 9,5 kW Elfenbein","","EHS-PELLETS GmbH","","","TRUE","913.97","1450.75","https://warmholzgmbh.de/wp-content/uploads/2023/05/poele-a-granules-ventile-evacalor-rita-95-kw-3-600x600.jpg","1","","","","","deny","manual","TRUE","TRUE",""
"wasserdichter-belufteter-pelletofen-firematic-c7-7-kw","Wasserdichter, belüfteter Pelletofen – FIREMATIC C7 7 kW","","EHS-PELLETS GmbH","","","TRUE","975.30","2167.33","https://warmholzgmbh.de/wp-content/uploads/2023/05/poele-a-granules-ventile-evacalor-rita-95-kw-ivoire-6-600x600.jpg","1","","","","","deny","manual","TRUE","TRUE",""
"pelletofen-ohne-strom-naturliche-konvektion-bronpi-free-6-kw","Pelletofen ohne Strom, natürliche Konvektion – BRONPI Free 6 kW","","EHS-PELLETS GmbH","","","TRUE","962.46","1445.14","https://warmholzgmbh.de/wp-content/uploads/2023/05/poele-a-granules-ventile-etanche-firematic-c7-7-kw-8-600x600.jpg","1","","","","","deny","manual","TRUE","TRUE",""
"wasserdichter-belufteter-pelletofen-firematic-c12-11-6-kw","Wasserdichter, belüfteter Pelletofen – FIREMATIC C12 11,6 kW","","EHS-PELLETS GmbH","","","TRUE","1261.41","2803.13","https://warmholzgmbh.de/wp-content/uploads/2023/05/poele-a-granules-sans-electricite-convection-naturelle-bronpi-free-6-kw-1-600x600.jpg","1","","","","","deny","manual","TRUE","TRUE",""
"extra-flacher-belufteter-pelletofen-evacalor-perla-7-5-kw","Extra flacher belüfteter Pelletofen – EVACALOR Perla 7,5 kW","","EHS-PELLETS GmbH","","","TRUE","1224.99","1944.43","https://warmholzgmbh.de/wp-content/uploads/2023/05/poele-a-granules-ventile-etanche-firematic-c12-12-kw-8-600x600.jpg","1","","","","","deny","manual","TRUE","TRUE",""
"wasserdichter-belufteter-pelletofen-evacalor-nora-7-5-kw","Wasserdichter belüfteter Pelletofen – EVACALOR Nora 7,5 kW","","EHS-PELLETS GmbH","","","TRUE","1292.14","2051.02","https://warmholzgmbh.de/wp-content/uploads/2023/05/poele-a-granules-ventile-extra-plat-evacalor-perla-75-kw-1-1-600x600.jpg","1","","","","","deny","manual","TRUE","TRUE",""
"extra-flacher-belufteter-pelletofen-extraflame-luisella-5-kw","Extra flacher belüfteter Pelletofen – EXTRAFLAME Luisella 5 kW","","EHS-PELLETS GmbH","","","TRUE","1265.89","1758.17","https://warmholzgmbh.de/wp-content/uploads/2023/05/poele-a-granules-ventile-etanche-evacalor-nora-7-kw-3-600x600.jpg","1","","","","","deny","manual","TRUE","TRUE",""
"belufteter-pelletofen-evacalor-lucilla-9-5-kw","Belüfteter Pelletofen – EVACALOR Lucilla 9,5 kW","","EHS-PELLETS GmbH","","","TRUE","1119.67","1777.25","https://warmholzgmbh.de/wp-content/uploads/2023/05/poele-a-granules-ventile-extra-plat-extraflame-luisella-5-kw-4-600x600.jpg","1","","","","","deny","manual","TRUE","TRUE",""
"belufteter-pelletofen-evacalor-karen-9-5-kw","Belüfteter Pelletofen – EVACALOR Karen 9,5 kW","","EHS-PELLETS GmbH","","","TRUE","1111.89","1764.91","https://warmholzgmbh.de/wp-content/uploads/2023/05/poele-a-granules-ventile-evacalor-lucilla-9-kw-10-600x600.jpg","1","","","","","deny","manual","TRUE","TRUE",""
"wasserdichter-belufteter-runder-pelletofen-firematic-r9-8-7-kw","Wasserdichter, belüfteter runder Pelletofen – FIREMATIC R9 8,7 kW","","EHS-PELLETS GmbH","","","TRUE","1177.26","2616.13","https://warmholzgmbh.de/wp-content/uploads/2023/05/poele-a-granules-ventile-evacalor-karen-9-kw-6-600x600.jpg","1","","","","","deny","manual","TRUE","TRUE",""
"belufteter-pelletofen-mit-kanalanschluss-evacalor-irma-9-kw","Belüfteter Pelletofen mit Kanalanschluss – EVACALOR Irma 9 kW","","EHS-PELLETS GmbH","","","TRUE","1138.75","1807.54","https://warmholzgmbh.de/wp-content/uploads/2023/05/poele-a-granules-ventile-etanche-firematic-r9-87-kw-1-1-600x600.jpg","1","","","","","deny","manual","TRUE","TRUE",""
"hydraulischer-pelletofen-evacalor-venere-17-5-kw","Hydraulischer Pelletofen – EVACALOR Venere 17,5 kW","","EHS-PELLETS GmbH","","","TRUE","3272.76","5194.86","https://warmholzgmbh.de/wp-content/uploads/2023/05/poele-a-granules-ventile-canalisable-evacalor-irma-9-kw-1-1-600x600.jpg","1","","","","","deny","manual","TRUE","TRUE",""
"pelletofen-extra-flach-beluftet-herkunft-phebo-fenice-10-kw","Pelletofen extra flach belüftet – HERKUNFT PHEBO Fenice 10 kW","","EHS-PELLETS GmbH","","","TRUE","1695.46","2580.60","https://warmholzgmbh.de/wp-content/uploads/2023/05/poele-a-granules-hydraulique-evacalor-venere-175-kw-5-1-600x600.jpg","1","","","","","deny","manual","TRUE","TRUE",""
"belufteter-pelletofen-evacalor-hermes-7-5-kw","Belüfteter Pelletofen – EVACALOR Hermes 7,5 kW","","EHS-PELLETS GmbH","","","TRUE","1697.17","2693.92","https://warmholzgmbh.de/wp-content/uploads/2023/05/poele-a-granules-ventile-extra-plat-origine-phebo-fenice-10-kw-6-600x600.png","1","","","","","deny","manual","TRUE","TRUE",""
"pack-leiser-wasserdichter-pelletofen-dinak-saugnapf-kit-extraflame-moira-evo-8-kw","PACK Leiser wasserdichter Pelletofen + Dinak-Saugnapf-Kit – EXTRAFLAME Moira Evo 8 kW","","EHS-PELLETS GmbH","","","TRUE","1602.28","3438.93","https://warmholzgmbh.de/wp-content/uploads/2023/05/poele-a-granules-ventile-evacalor-hermes-75-kw-8-600x600.jpg","1","","","","","deny","manual","TRUE","TRUE",""
"paket-pelletofen-rund-r9-firematic-saugnapfset-dinak-wlan-modul","PAKET Pelletofen rund R9 FIREMATIC + Saugnapfset Dinak + WLAN-Modul","","EHS-PELLETS GmbH","","","TRUE","2975.00","3696.99","https://warmholzgmbh.de/wp-content/uploads/2023/05/poele-a-granules-ventile-debrayable-ceramique-etanche-extraflame-moira-evo-8-kw-1-1-600x600.jpg","1","","","","","deny","manual","TRUE","TRUE",""
"extra-flacher-kanalisierbarer-belufteter-pelletofen-eva-calor-rebecca-new-9-5-kw","Extra flacher kanalisierbarer belüfteter Pelletofen – EVA CALOR Rebecca New 9.5 kW","","EHS-PELLETS GmbH","","","TRUE","1627.89","2583.97","https://warmholzgmbh.de/wp-content/uploads/2023/05/pack-poele-a-granules-r9-firematic-kit-ventouse-dinak-module-wifi-1-600x600.png","1","","","","","deny","manual","TRUE","TRUE",""
"belufteter-pelletofen-extraflame-sabry-8-kw","Belüfteter Pelletofen – EXTRAFLAME Sabry 8 kW","","EHS-PELLETS GmbH","","","TRUE","1927.41","2275.42","https://warmholzgmbh.de/wp-content/uploads/2023/05/poele-a-granules-ventile-extra-plat-canalisable-evacalor-rebecca-new-95-kw-8-600x600.jpg","1","","","","","deny","manual","TRUE","TRUE",""
"umluft-pelletofen-lincar-orione-9-kw","Umluft-Pelletofen – LINCAR Orione 9 kW","","EHS-PELLETS GmbH","","","TRUE","1933.11","2535.72","https://warmholzgmbh.de/wp-content/uploads/2023/05/poele-a-granules-ventile-extraflame-sabry-8-kw-5-600x600.png","1","","","","","deny","manual","TRUE","TRUE",""
"pack-c12c-firematic-pelletofen-dinak-saugnapf-kit","PACK C12C FIREMATIC Pelletofen + Dinak Saugnapf-Kit","","EHS-PELLETS GmbH","","","TRUE","1706.56","3792.36","https://warmholzgmbh.de/wp-content/uploads/2023/05/poele-a-granules-ventile-lincar-orione-9-kw-4-600x600.png","1","","","","","deny","manual","TRUE","TRUE",""
"belufteter-keramik-pelletofen-evacalor-adele-9-5-kw","Belüfteter Keramik-Pelletofen – EVACALOR Adele 9,5 kW","","EHS-PELLETS GmbH","","","TRUE","1775.64","2818.46","https://warmholzgmbh.de/wp-content/uploads/2023/05/pack-poele-a-granules-c12c-firematic-kit-ventouse-dinak-9-600x600.jpg","1","","","","","deny","manual","TRUE","TRUE",""
"belufteter-pelletofen-mit-kanalanschluss-evacalor-gemma-15-kw","Belüfteter Pelletofen mit Kanalanschluss – EVACALOR Gemma 15 kW","","EHS-PELLETS GmbH","","","TRUE","1832.89","2909.35","https://warmholzgmbh.de/wp-content/uploads/2023/05/poele-a-granules-ventile-ceramique-evacalor-adele-9-kw-8-600x600.jpg","1","","","","","deny","manual","TRUE","TRUE",""
"hydraulischer-pelletofen-mit-ecs-kit-extraflame-diadema-acs-idro-28-kw","Hydraulischer Pelletofen mit ECS-Kit – EXTRAFLAME Diadema ACS Idro 28 kW","","EHS-PELLETS GmbH","","","TRUE","6460.93","8443.25","https://warmholzgmbh.de/wp-content/uploads/2023/05/poele-a-granules-ventile-canalisable-evacalor-gemma-15-kw-8-600x600.jpg","1","","","","","deny","manual","TRUE","TRUE",""
"belufteter-pelletofen-original-phebo-aurora-10-kw","Belüfteter Pelletofen – ORIGINAL PHEBO Aurora 10 kW","","EHS-PELLETS GmbH","","","TRUE","1765.49","2687.19","https://warmholzgmbh.de/wp-content/uploads/2023/05/poele-a-granules-hydraulique-avec-kit-ecs-extraflame-diadema-acs-idro-28-kw-5-1-600x600.jpg","1","","","","","deny","manual","TRUE","TRUE",""
"belufteter-pelletofen-extraflame-giusy-evo-2-0-7-5-kw","Belüfteter Pelletofen – EXTRAFLAME Giusy Evo 2.0 7,5 kW","","EHS-PELLETS GmbH","","","TRUE","1710.20","2375.27","https://warmholzgmbh.de/wp-content/uploads/2023/05/poele-a-granules-ventile-origine-phebo-aurora-10-kw-5-600x600.png","1","","","","","deny","manual","TRUE","TRUE",""
"pack-c12-firematic-pelletofen-dinak-saugnapf-kit-wlan-modul","PACK C12 FIREMATIC Pelletofen + Dinak Saugnapf-Kit + WLAN-Modul","","EHS-PELLETS GmbH","","","TRUE","1747.80","3883.99","https://warmholzgmbh.de/wp-content/uploads/2023/05/poele-a-granules-ventile-extraflame-giusy-evo-20-75-kw-6-600x600.jpg","1","","","","","deny","manual","TRUE","TRUE",""
"extra-flacher-kanalisierter-belufteter-pelletofen-evacalor-emily-9-5-kw","Extra flacher, kanalisierter, belüfteter Pelletofen – EVACALOR Emily 9,5 kW","","EHS-PELLETS GmbH","","","TRUE","1752.31","2781.44","https://warmholzgmbh.de/wp-content/uploads/2023/05/pack-poele-a-granules-c12-firematic-kit-ventouse-dinak-module-wifi-1-600x600.png","1","","","","","deny","manual","TRUE","TRUE",""
"extra-flacher-belufteter-pelletofen-herkunft-phebo-fenice-5-kw","Extra flacher belüfteter Pelletofen – HERKUNFT PHEBO Fenice 5 kW","","EHS-PELLETS GmbH","","","TRUE","1614.37","2457.18","https://warmholzgmbh.de/wp-content/uploads/2023/05/poele-a-granules-ventile-extra-plat-canalisable-evacalor-emily-95-kw-1-1-600x600.jpg","1","","","","","deny","manual","TRUE","TRUE",""
"wasserdichter-rund-belufteter-pelletofen-evacalor-manola-9-kw","Wasserdichter rund belüfteter Pelletofen – EVACALOR Manola 9 kW","","EHS-PELLETS GmbH","","","TRUE","1500.46","2564.89","https://warmholzgmbh.de/wp-content/uploads/2023/05/poele-a-granules-ventile-extra-plat-origine-phebo-fenice-5-kw-6-600x600.png","1","","","","","deny","manual","TRUE","TRUE",""
"pelletofen-beluftet-original-phebo-dafne-eco-7-kw","Pelletofen belüftet – ORIGINAL PHEBO Dafne Eco 7 kW","","EHS-PELLETS GmbH","","","TRUE","1507.48","2294.49","https://warmholzgmbh.de/wp-content/uploads/2023/05/poele-a-granules-ventile-etanche-eva-calor-manola-9-kw-1-1-600x600.png","1","","","","","deny","manual","TRUE","TRUE",""
"wasserdichter-belufteter-pelletofen-extraflame-angy-8-kw","Wasserdichter belüfteter Pelletofen – EXTRAFLAME Angy 8 kW","","EHS-PELLETS GmbH","","","TRUE","1536.51","2845.39","https://warmholzgmbh.de/wp-content/uploads/2023/05/poele-a-granules-ventile-origine-phebo-dafne-eco-7-kw-5-600x600.png","1","","","","","deny","manual","TRUE","TRUE",""
"belufteter-pelletofen-keramik-evacalor-greta-9-kw","Belüfteter Pelletofen Keramik – EVACALOR Greta 9 kW","","EHS-PELLETS GmbH","","","TRUE","1593.27","2528.99","https://warmholzgmbh.de/wp-content/uploads/2023/05/poele-a-granules-ventile-etanche-extraflame-angy-8-kw-7-600x600.png","1","","","","","deny","manual","TRUE","TRUE",""
"paket-pelletofen-c9c-firematic-saugnapfset-dinak-wlan-modul","PAKET Pelletofen C9C FIREMATIC + Saugnapfset Dinak + WLAN-Modul","","EHS-PELLETS GmbH","","","TRUE","2770.00","3547.39","https://warmholzgmbh.de/wp-content/uploads/2023/05/poele-a-granule-ventile-ceramique-evacalor-greta-9-kw-1-1-600x600.jpg","1","","","","","deny","manual","TRUE","TRUE",""
"belufteter-pelletofen-keramik-evacalor-sofia-9-5-kw","Belüfteter Pelletofen Keramik – EVACALOR Sofia 9,5 kW","","EHS-PELLETS GmbH","","","TRUE","1603.16","2544.70","https://warmholzgmbh.de/wp-content/uploads/2023/05/pack-poele-a-granules-c9c-firematic-kit-ventouse-dinak-2-1-600x600.jpg","1","","","","","deny","manual","TRUE","TRUE",""
"ultraflacher-belufteter-pelletofen-vulcania-new-slim-9-5-kw","Ultraflacher belüfteter Pelletofen – VULCANIA New Slim 9,5 kW","","EHS-PELLETS GmbH","","","TRUE","849.00","","https://warmholzgmbh.de/wp-content/uploads/2023/05/poele-a-granules-ventile-ceramique-evacalor-sofia-95-kw-1-1-600x600.jpg","1","","","","","deny","manual","TRUE","TRUE",""
"paket-pelletofen-c7c-firematic-saugnapfset-dinak-wlan-modul","PAKET Pelletofen C7C FIREMATIC + Saugnapfset Dinak + WLAN-Modul","","EHS-PELLETS GmbH","","","TRUE","1750.67","3472.59","https://warmholzgmbh.de/wp-content/uploads/2023/05/poele-a-granules-extra-plat-ventile-vulcania-new-slim-95-kw-3-600x600.png","1","","","","","deny","manual","TRUE","TRUE",""
"pelletofenpaket-c12-firematic-saugnapfset-dinak","Pelletofenpaket C12 FIREMATIC + Saugnapfset Dinak","","EHS-PELLETS GmbH","","","TRUE","1580.34","3511.86","https://warmholzgmbh.de/wp-content/uploads/2023/05/pack-poele-a-granules-c7c-firematic-kit-ventouse-dinak-module-wifi-1-600x600.png","1","","","","","deny","manual","TRUE","TRUE",""
"extra-flacher-belufteter-pelletofen-evacalor-kendra-7-5-kw","Extra flacher belüfteter Pelletofen – EVACALOR Kendra 7,5 kw","","EHS-PELLETS GmbH","","","TRUE","1864.45","2515.52","https://warmholzgmbh.de/wp-content/uploads/2023/05/pack-poele-a-granules-c12-firematic-kit-ventouse-dinak-1-1-600x600.jpg","1","","","","","deny","manual","TRUE","TRUE",""
"extra-flacher-belufteter-pelletofen-original-phebo-musa-13-kw","Extra flacher belüfteter Pelletofen – ORIGINAL PHEBO Musa 13 kW","","EHS-PELLETS GmbH","","","TRUE","2465.78","3753.09","https://warmholzgmbh.de/wp-content/uploads/2023/05/poele-a-granules-ventile-extra-plat-evacalor-kendra-75-kw-1-1-600x600.jpg","1","","","","","deny","manual","TRUE","TRUE",""
"extraflacher-belufteter-keramik-pelletofen-original-phebo-iris-13-kw","Extraflacher belüfteter Keramik-Pelletofen – ORIGINAL PHEBO Iris 13 kW","","EHS-PELLETS GmbH","","","TRUE","2465.78","3753.09","https://warmholzgmbh.de/wp-content/uploads/2023/05/poele-a-granules-ventile-extra-plat-origine-ph-musa-13-kw-7-600x600.png","1","","","","","deny","manual","TRUE","TRUE",""
"belufteter-pelletofen-extraflame-teorema-11-kw","Belüfteter Pelletofen – EXTRAFLAME Teorema 11 kW","","EHS-PELLETS GmbH","","","TRUE","2482.50","3447.91","https://warmholzgmbh.de/wp-content/uploads/2023/05/poele-a-granules-ventile-extra-plat-ceramique-origine-phebo-iris-13-kw-1-1-600x600.png","1","","","","","deny","manual","TRUE","TRUE",""
"evacalor-frida-17-5-kw-hydraulischer-pelletofen","EVACALOR Frida 17,5 kW – Hydraulischer Pelletofen","","EHS-PELLETS GmbH","","","TRUE","2475.42","3929.24","https://warmholzgmbh.de/wp-content/uploads/2023/05/poele-a-granules-ventile-extraflame-teorema-11-kw-4-600x600.jpg","1","","","","","deny","manual","TRUE","TRUE",""
"wasserdichter-belufteter-pelletofen-extraflame-pamela-crystal-blsc-9-kw","Wasserdichter, belüfteter Pelletofen – EXTRAFLAME Pamela Crystal BLSC 9 kW","","EHS-PELLETS GmbH","","","TRUE","2463.61","4415.07","https://warmholzgmbh.de/wp-content/uploads/2023/05/evacalor-frida-175-kw-poele-a-granules-hydraulique-1-1-1-600x600.jpg","1","","","","","deny","manual","TRUE","TRUE",""
"belufteter-keramik-pelletofen-original-phebo-calipso-14-kw","Belüfteter Keramik-Pelletofen – ORIGINAL PHEBO Calipso 14 kW","","EHS-PELLETS GmbH","","","TRUE","2447.35","3725.04","https://warmholzgmbh.de/wp-content/uploads/2023/05/poele-a-granules-ventile-etanche-extraflame-pamela-crystal-blsc-9-kw-5-600x600.png","1","","","","","deny","manual","TRUE","TRUE",""
"belufteter-pelletofen-mit-kanalanschluss-lincar-windy-13-kw","Belüfteter Pelletofen mit Kanalanschluss – LINCAR Windy 13 kW","","EHS-PELLETS GmbH","","","TRUE","2442.91","3769.92","https://warmholzgmbh.de/wp-content/uploads/2023/05/poele-a-granules-ventile-ceramique-origine-phebo-calipso-14-kw-4-600x600.png","1","","","","","deny","manual","TRUE","TRUE",""
"belufteter-pelletofen-mit-kanalanschluss-extraflame-dahiana-plus-vfs-11-kw","Belüfteter Pelletofen mit Kanalanschluss – EXTRAFLAME Dahiana Plus VFS 11 kW","","EHS-PELLETS GmbH","","","TRUE","2460.68","3417.61","https://warmholzgmbh.de/wp-content/uploads/2023/05/poele-a-granules-ventile-canalisable-lincar-windy-13-kw-3-600x600.png","1","","","","","deny","manual","TRUE","TRUE",""
"belufteter-keramik-pelletofen-original-phebo-calipso-bicolore-14-kw","Belüfteter Keramik-Pelletofen – ORIGINAL PHEBO Calipso Bicolore 14 kW","","EHS-PELLETS GmbH","","","TRUE","2447.35","3725.04","https://warmholzgmbh.de/wp-content/uploads/2023/05/poele-a-granules-ventile-canalisable-extraflame-dahiana-plus-vfs-11-kw-1-1-600x600.jpg","1","","","","","deny","manual","TRUE","TRUE",""
"abnehmbarer-wasserdichter-runder-pelletofen-evacalor-trinity-10-5-kw","Abnehmbarer, wasserdichter runder Pelletofen – EVACALOR Trinity 10,5 kW","","EHS-PELLETS GmbH","","","TRUE","2556.00","4057.15","https://warmholzgmbh.de/wp-content/uploads/2023/05/poele-a-granules-ventile-ceramique-origine-phebo-calipso-bicolore-14-kw-6-600x600.png","1","","","","","deny","manual","TRUE","TRUE",""
"belufteter-kanalisierbarer-pelletofen-aus-keramik-evacalor-zoe-15-kw","Belüfteter kanalisierbarer Pelletofen aus Keramik – EVACALOR Zoé 15 kW","","EHS-PELLETS GmbH","","","TRUE","2546.11","4041.44","https://warmholzgmbh.de/wp-content/uploads/2023/05/poele-a-granules-rond-etanche-debrayable-evacalor-trinity-105kw-7-600x600.jpg","1","","","","","deny","manual","TRUE","TRUE",""
"wasserdichter-kanalisierbarer-belufteter-pelletofen-extraflame-ilary-plus-8-kw","Wasserdichter, kanalisierbarer, belüfteter Pelletofen – EXTRAFLAME Ilary Plus 8 kW","","EHS-PELLETS GmbH","","","TRUE","2587.52","3593.77","https://warmholzgmbh.de/wp-content/uploads/2023/05/poele-a-granules-ventile-ceramique-canalisable-evacalor-zoe-15-kw-1-1-600x600.jpg","1","","","","","deny","manual","TRUE","TRUE",""
"schlanker-kanalisierter-belufteter-pelletofen-extraflame-marilena-plus-ad-steel-9-kw","Schlanker, kanalisierter, belüfteter Pelletofen – EXTRAFLAME Marilena Plus AD Steel 9 kW","","EHS-PELLETS GmbH","","","TRUE","2564.08","3561.23","https://warmholzgmbh.de/wp-content/uploads/2023/05/poele-a-granules-ventile-etanche-canalisable-extraflame-ilary-plus-8-kw-9-600x600.png","1","","","","","deny","manual","TRUE","TRUE",""
"wasserdichter-belufteter-pelletofen-original-phebo-circe-h-10-kw","Wasserdichter, belüfteter Pelletofen – ORIGINAL PHEBO Circe – H 10 kW","","EHS-PELLETS GmbH","","","TRUE","2539.50","3865.29","https://warmholzgmbh.de/wp-content/uploads/2023/05/poele-a-granules-ventile-slim-canalisable-extraflame-marilena-plus-ad-steel-9-kw-1-1-600x600.jpg","1","","","","","deny","manual","TRUE","TRUE",""
"extra-flacher-belufteter-pelletofen-aus-keramik-original-phebo-talia-13-kw","Extra flacher, belüfteter Pelletofen aus Keramik – ORIGINAL PHEBO Talia 13 kW","","EHS-PELLETS GmbH","","","TRUE","2506.32","3814.80","https://warmholzgmbh.de/wp-content/uploads/2023/05/poele-a-granules-etanche-ventile-origine-phebo-circe-h-10-kw-6-600x600.jpg","1","","","","","deny","manual","TRUE","TRUE",""
"extra-flacher-kanalisierter-belufteter-pelletofen-lincar-olga-501l-11-kw","Extra flacher, kanalisierter, belüfteter Pelletofen – LINCAR Olga 501L 11 kW","","EHS-PELLETS GmbH","","","TRUE","2486.54","3837.24","https://warmholzgmbh.de/wp-content/uploads/2023/05/poele-a-granules-ventile-extra-plat-ceramique-origine-phebo-talia-13-kw-8-600x600.png","1","","","","","deny","manual","TRUE","TRUE",""
"belufteter-keramik-pelletofen-lincar-monella-930-10-kw","Belüfteter Keramik-Pelletofen – LINCAR Monella 930 10 kW","","EHS-PELLETS GmbH","","","TRUE","2515.61","3882.12","https://warmholzgmbh.de/wp-content/uploads/2023/05/poele-a-granules-ventile-extra-plat-canalisable-lincar-olga-501l-slim-11-kw-1-1-600x600.png","1","","","","","deny","manual","TRUE","TRUE",""
"extra-flacher-belufteter-keramik-pelletofen-original-phebo-talia-maxi-13-kw","Extra flacher, belüfteter Keramik-Pelletofen – ORIGINAL PHEBO Talia Maxi 13 kW","","EHS-PELLETS GmbH","","","TRUE","2006.32","3814.80","https://warmholzgmbh.de/wp-content/uploads/2023/05/poele-a-granules-ceramique-ventile-lincar-monella-930-10-kw-4-600x600.png","1","","","","","deny","manual","TRUE","TRUE",""
"kanalisierbarer-eck-pelletofen-original-phebo-asia-plus-14-kw","Kanalisierbarer Eck-Pelletofen – ORIGINAL PHEBO Asia Plus 14 kW","","EHS-PELLETS GmbH","","","TRUE","2432.61","3702.60","https://warmholzgmbh.de/wp-content/uploads/2023/05/poele-a-granules-ventile-extra-plat-ceramique-origine-phebo-talia-maxi-13-kw-6-600x600.png","1","","","","","deny","manual","TRUE","TRUE",""
"extra-flacher-kanalisierter-belufteter-pelletofen-lincar-flat-501-11-kw","Extra flacher, kanalisierter, belüfteter Pelletofen – LINCAR Flat 501 11 kW","","EHS-PELLETS GmbH","","","TRUE","2282.96","3523.08","https://warmholzgmbh.de/wp-content/uploads/2023/05/poele-a-granules-d-angle-canalisable-origine-phebo-asia-plus-14-kw-2-600x600.png","1","","","","","deny","manual","TRUE","TRUE",""
"belufteter-wasserdichter-pelletofen-mit-kanalanschluss-extraflame-angela-plus-evo-9-kw","Belüfteter, wasserdichter Pelletofen mit Kanalanschluss – EXTRAFLAME Angela Plus Evo 9 kW","","EHS-PELLETS GmbH","","","TRUE","2273.26","3157.31","https://warmholzgmbh.de/wp-content/uploads/2023/05/poele-a-granules-ventile-extra-plat-canalisable-lincar-flat-501-11-kw-1-1-600x600.png","1","","","","","deny","manual","TRUE","TRUE",""
"belufteter-eckpelletofen-original-phebo-asia-14-kw","Belüfteter Eckpelletofen – ORIGINAL PHEBO Asia 14 kW","","EHS-PELLETS GmbH","","","TRUE","2296.23","3495.03","https://warmholzgmbh.de/wp-content/uploads/2023/05/poele-a-granules-ventile-etanche-canalisable-extraflame-angela-plus-evo-9-kw-1-1-600x600.png","1","","","","","deny","manual","TRUE","TRUE",""
"extra-flacher-belufteter-pelletofen-lincar-olga-502l-10-kw","Extra flacher belüfteter Pelletofen – LINCAR Olga 502L 10 kW","","EHS-PELLETS GmbH","","","TRUE","2282.96","3523.08","https://warmholzgmbh.de/wp-content/uploads/2023/05/poele-a-granules-d-angle-ventile-origine-phebo-asia-14-kw-1-600x600.png","1","","","","","deny","manual","TRUE","TRUE",""
"belufteter-pelletofen-extraflame-dahiana-vfs-11-kw","Belüfteter Pelletofen – EXTRAFLAME Dahiana VFS 11 kW","","EHS-PELLETS GmbH","","","TRUE","2266.80","3148.33","https://warmholzgmbh.de/wp-content/uploads/2023/05/poele-a-granules-ventile-extra-plat-lincar-olga-502l-10-kw-3-600x600.png","1","","","","","deny","manual","TRUE","TRUE",""
"belufteter-keramik-pelletofen-original-phebo-maia-bicolore-14-kw","Belüfteter Keramik-Pelletofen – ORIGINAL PHEBO Maia Bicolore 14 kW","","EHS-PELLETS GmbH","","","TRUE","2218.84","3377.22","https://warmholzgmbh.de/wp-content/uploads/2023/05/poele-a-granules-ventile-extraflame-dahiana-vfs-11-kw-3-600x600.jpg","1","","","","","deny","manual","TRUE","TRUE",""
"wasserdichter-belufteter-keramik-pelletofen-original-phebo-gea-h-10-kw","Wasserdichter, belüfteter Keramik-Pelletofen – ORIGINAL PHEBO Gea – H 10 kW","","EHS-PELLETS GmbH","","","TRUE","2215.14","3371.61","https://warmholzgmbh.de/wp-content/uploads/2023/05/poele-a-granules-ventile-ceramique-origine-ph-maia-bicolore-14-kw-7-600x600.png","1","","","","","deny","manual","TRUE","TRUE",""
"extra-flacher-belufteter-pelletofen-original-phebo-hera-maxi-13-kw","Extra flacher belüfteter Pelletofen – ORIGINAL PHEBO Hera Maxi 13 kW","","EHS-PELLETS GmbH","","","TRUE","2248.32","3422.10","https://warmholzgmbh.de/wp-content/uploads/2023/05/poele-a-granules-etanche-ventile-en-ceramique-origine-ph-febe-10-kw-4-600x600.png","1","","","","","deny","manual","TRUE","TRUE",""
"pelletofen-original-phebo-q-box-8-kw","Pelletofen – ORIGINAL PHEBO Q-Box 8 kW","","EHS-PELLETS GmbH","","","TRUE","2690.00","3399.66","https://warmholzgmbh.de/wp-content/uploads/2023/05/poele-a-granules-ventile-extra-plat-origine-phebo-hera-maxi-13-kw-4-600x600.png","1","","","","","deny","manual","TRUE","TRUE",""
"belufteter-keramik-pelletofen-original-phebo-maia-maxi-14-kw","Belüfteter Keramik-Pelletofen – ORIGINAL PHEBO Maia Maxi 14 kW","","EHS-PELLETS GmbH","","","TRUE","2344.15","3567.96","https://warmholzgmbh.de/wp-content/uploads/2023/05/poele-a-granules-origine-phebo-q-box-8-kw-5-600x600.png","1","","","","","deny","manual","TRUE","TRUE",""
"belufteter-keramik-pelletofen-original-phebo-maia-maxi-bicolor-14-kw","Belüfteter Keramik-Pelletofen – ORIGINAL PHEBO Maia Maxi Bicolor 14 kW","","EHS-PELLETS GmbH","","","TRUE","2344.15","3567.96","https://warmholzgmbh.de/wp-content/uploads/2023/05/poele-a-granules-ventile-ceramique-origine-phebo-maia-maxi-14-kw-4-600x600.png","1","","","","","deny","manual","TRUE","TRUE",""
"wasserdichter-belufteter-pelletofen-extraflame-ilary-8-kw","Wasserdichter, belüfteter Pelletofen – EXTRAFLAME Ilary 8 kW","","EHS-PELLETS GmbH","","","TRUE","2372.63","3295.31","https://warmholzgmbh.de/wp-content/uploads/2023/05/poele-a-granules-ventile-ceramique-origine-phebo-maia-maxi-bicolore-14-kw-5-600x600.png","1","","","","","deny","manual","TRUE","TRUE",""
"belufteter-pelletofen-mit-kanalanschluss-extraflame-mirka-plus-8-kw","Belüfteter Pelletofen mit Kanalanschluss – EXTRAFLAME Mirka Plus 8 kW","","EHS-PELLETS GmbH","","","TRUE","2348.39","3261.65","https://warmholzgmbh.de/wp-content/uploads/2023/05/poele-a-granules-ventile-etanche-extraflame-ilary-8-kw-9-600x600.png","1","","","","","deny","manual","TRUE","TRUE",""
"belufteter-pelletofen-extraflame-serafina-petra-evo-8-5-kw","Belüfteter Pelletofen – EXTRAFLAME Serafina Petra Evo 8,5 kW","","EHS-PELLETS GmbH","","","TRUE","2133.04","3240.34","https://warmholzgmbh.de/wp-content/uploads/2023/05/poele-a-granules-ventile-canalisable-extraflame-mirka-plus-8-kw-10-600x600.png","1","","","","","deny","manual","TRUE","TRUE",""
"belufteter-pelletofen-mit-kanalanschluss-evacalor-beatrice-15-kw","Belüfteter Pelletofen mit Kanalanschluss – EVACALOR Beatrice 15 kW","","EHS-PELLETS GmbH","","","TRUE","2305.78","3659.96","https://warmholzgmbh.de/wp-content/uploads/2023/05/poele-a-granules-ventile-extraflame-serafina-petra-evo-85-kw-1-1-600x600.jpg","1","","","","","deny","manual","TRUE","TRUE",""
"extra-flacher-belufteter-pelletofen-aus-keramik-original-phebo-chimera-10-kw","Extra flacher, belüfteter Pelletofen aus Keramik – ORIGINAL PHEBO Chimera 10 kW","","EHS-PELLETS GmbH","","","TRUE","2296.23","3495.03","https://warmholzgmbh.de/wp-content/uploads/2023/05/poele-a-granules-ventile-canalisable-evacalor-beatrice-15-kw-1-1-600x600.jpg","1","","","","","deny","manual","TRUE","TRUE",""
"belufteter-hydraulischer-pelletofen-evacalor-frida-13-kw","Belüfteter hydraulischer Pelletofen – EVACALOR Frida 13 kW","","EHS-PELLETS GmbH","","","TRUE","2317.80","3679.04","https://warmholzgmbh.de/wp-content/uploads/2023/05/poele-a-granules-ventile-extra-plat-ceramique-origine-phebo-chimera-10-kw-1-1-600x600.png","1","","","","","deny","manual","TRUE","TRUE",""
"belufteter-keramik-pelletofen-original-phebo-maia-14-kw","Belüfteter Keramik-Pelletofen – ORIGINAL PHEBO Maia 14 kW","","EHS-PELLETS GmbH","","","TRUE","2307.29","3511.86","https://warmholzgmbh.de/wp-content/uploads/2023/05/poele-a-granules-hydraulique-ventile-evacalor-frida-13-kw-9-1-600x600.jpg","1","","","","","deny","manual","TRUE","TRUE",""
"extraflacher-hydraulischer-pelletofen-original-phebo-aura-14-kw","Extraflacher hydraulischer Pelletofen – ORIGINAL PHEBO Aura 14 kW","","EHS-PELLETS GmbH","","","TRUE","3210.30","4886.31","https://warmholzgmbh.de/wp-content/uploads/2023/05/poele-a-granules-ventile-ceramique-origine-phebo-maia-14-kw-5-600x600.png","1","","","","","deny","manual","TRUE","TRUE",""
"belufteter-keramik-pelletofen-extraflame-lucia-13-kw","Belüfteter Keramik-Pelletofen – EXTRAFLAME Lucia 13 kW","","EHS-PELLETS GmbH","","","TRUE","3153.81","4380.29","https://warmholzgmbh.de/wp-content/uploads/2023/05/poele-a-granules-hydraulique-extra-plat-origine-phebo-aura-14-kw-3-600x600.png","1","","","","","deny","manual","TRUE","TRUE",""
"wasserdichter-belufteter-pelletofen-extraflame-debby-10-kw","Wasserdichter, belüfteter Pelletofen – EXTRAFLAME Debby 10 kW","","EHS-PELLETS GmbH","","","TRUE","3233.79","4491.37","https://warmholzgmbh.de/wp-content/uploads/2023/05/poele-a-granules-ventile-ceramique-extraflame-lucia-13-kw-4-600x600.jpg","1","","","","","deny","manual","TRUE","TRUE",""
"belufteter-keramik-pelletofen-evacalor-rosy-13-5-kw","Belüfteter Keramik-Pelletofen – EVACALOR Rosy 13,5 kW","","EHS-PELLETS GmbH","","","TRUE","3212.68","5099.49","https://warmholzgmbh.de/wp-content/uploads/2023/05/poele-a-granules-ventile-etanche-extraflame-debby-10-kw-4-600x600.jpg","1","","","","","deny","manual","TRUE","TRUE",""
"eck-keramik-pelletofen-original-phebo-gaia-14-kw","Eck-Keramik-Pelletofen – ORIGINAL PHEBO Gaia 14 kW","","EHS-PELLETS GmbH","","","TRUE","3070.25","4673.13","https://warmholzgmbh.de/wp-content/uploads/2023/05/poele-a-granules-ventile-ceramique-evacalor-rosy-13-kw-10-600x600.jpg","1","","","","","deny","manual","TRUE","TRUE",""
"hydraulischer-pelletofen-evacalor-tosca-24-kw","Hydraulischer Pelletofen – EVACALOR Tosca 24 kW","","EHS-PELLETS GmbH","","","TRUE","3047.27","4836.94","https://warmholzgmbh.de/wp-content/uploads/2023/05/poele-a-granules-d-angle-en-ceramique-origine-phebo-gaia-14-kw-1-600x600.png","1","","","","","deny","manual","TRUE","TRUE",""
"cheminee-a-granules-ventile-evacalor-dante-7-5-kw","Cheminée à granulés ventilé – EVACALOR Dante 7,5 kW","","EHS-PELLETS GmbH","","","TRUE","3038.09","4822.36","https://warmholzgmbh.de/wp-content/uploads/2023/05/poele-a-granules-hydraulique-evacalor-tosca-24-kw-4-1-600x600.jpg","1","","","","","deny","manual","TRUE","TRUE",""
"hydraulischer-pelletofen-original-phebo-astrea-23-kw","Hydraulischer Pelletofen – ORIGINAL PHEBO Astrea 23 kW","","EHS-PELLETS GmbH","","","TRUE","3066.56","4667.52","https://warmholzgmbh.de/wp-content/uploads/2023/05/cheminee-a-granules-ventile-evacalor-dante-75-kw-4-600x600.png","1","","","","","deny","manual","TRUE","TRUE",""
"belufteter-pelletkamin-evacalor-giotto-11-5-kw","Belüfteter Pelletkamin – EVACALOR Giotto 11,5 kW","","EHS-PELLETS GmbH","","","TRUE","3049.40","4840.31","https://warmholzgmbh.de/wp-content/uploads/2023/05/poele-a-granules-hydraulique-origine-ph-astrea-23-kw-6-600x600.png","1","","","","","deny","manual","TRUE","TRUE",""
"belufteter-keramik-pelletofen-evacalor-diana-13-5-kw","Belüfteter Keramik-Pelletofen – EVACALOR Diana 13,5 kW","","EHS-PELLETS GmbH","","","TRUE","3363.95","5339.60","https://warmholzgmbh.de/wp-content/uploads/2023/05/cheminee-a-granules-ventile-evacalor-giotto-12-kw-6-600x600.jpg","1","","","","","deny","manual","TRUE","TRUE",""
"extra-flacher-kanalisierter-belufteter-pelletofen-extraflame-souvenir-petra-evo-11-kw","Extra flacher, kanalisierter, belüfteter Pelletofen – EXTRAFLAME Souvenir Petra Evo 11 kW","","EHS-PELLETS GmbH","","","TRUE","3325.08","4618.15","https://warmholzgmbh.de/wp-content/uploads/2023/05/poele-a-granules-ventile-ceramique-evacalor-diana-13-kw-12-600x600.jpg","1","","","","","deny","manual","TRUE","TRUE",""
"abnehmbarer-wasserdichter-belufteter-pelletofen-extraflame-katia-9-kw","Abnehmbarer, wasserdichter, belüfteter Pelletofen – EXTRAFLAME Katia 9 kW","","EHS-PELLETS GmbH","","","TRUE","3384.04","4700.06","https://warmholzgmbh.de/wp-content/uploads/2023/05/poele-a-granules-ventile-extra-plat-canalisable-extraflame-souvenir-petra-evo-11-kw-1-600x600.jpg","1","","","","","deny","manual","TRUE","TRUE",""
"abnehmbarer-wasserdichter-belufteter-pelletofen-extraflame-katia-11-kw","Abnehmbarer, wasserdichter, belüfteter Pelletofen – EXTRAFLAME Katia 11 kW","","EHS-PELLETS GmbH","","","TRUE","3384.04","4700.06","https://warmholzgmbh.de/wp-content/uploads/2023/05/poele-a-granules-ventile-etanche-extraflame-katia-9-kw-1-1-600x600.png","1","","","","","deny","manual","TRUE","TRUE",""
"belufteter-keramik-pelletofen-original-phebo-diana-14-kw","Belüfteter Keramik-Pelletofen – ORIGINAL PHEBO Diana 14 kW","","EHS-PELLETS GmbH","","","TRUE","3320.87","5054.61","https://warmholzgmbh.de/wp-content/uploads/2023/05/poele-a-granules-ventile-etanche-extraflame-katia-11-kw-1-1-600x600.png","1","","","","","deny","manual","TRUE","TRUE",""
"extraflacher-wasserdichter-belufteter-pelletofen-mit-kanalanschluss-extraflame-sharon-plus-crystal-11-kw","Extraflacher, wasserdichter, belüfteter Pelletofen mit Kanalanschluss – EXTRAFLAME Sharon Plus Crystal 11 kW","","EHS-PELLETS GmbH","","","TRUE","3398.58","4720.25","https://warmholzgmbh.de/wp-content/uploads/2023/05/poele-a-granules-en-ceramique-ventile-origine-ph-diana-14-kw-4-600x600.png","1","","","","","deny","manual","TRUE","TRUE",""
"extra-flacher-kanalisierter-belufteter-pelletofen-extraflame-souvenir-lux-evo-11-kw","Extra flacher, kanalisierter, belüfteter Pelletofen – EXTRAFLAME Souvenir Lux Evo 11 kW","","EHS-PELLETS GmbH","","","TRUE","3247.52","4510.44","https://warmholzgmbh.de/wp-content/uploads/2023/05/poele-a-granules-ventile-etanche-extra-plat-canalisable-extraflame-sharon-plus-crystal-11-kw-5-600x600.png","1","","","","","deny","manual","TRUE","TRUE",""
"wasserdichter-abnehmbarer-belufteter-pelletofen-extraflame-sinfony-12-kw","Wasserdichter, abnehmbarer, belüfteter Pelletofen – EXTRAFLAME Sinfony 12 kW","","EHS-PELLETS GmbH","","","TRUE","3320.23","4611.42","https://warmholzgmbh.de/wp-content/uploads/2023/05/poele-a-granules-ventile-extra-plat-canalisable-extraflame-souvenir-lux-evo-11-kw-4-600x600.jpg","1","","","","","deny","manual","TRUE","TRUE",""
"wasserdichter-belufteter-pelletofen-extraflame-debby-cx-10-kw","Wasserdichter, belüfteter Pelletofen – EXTRAFLAME Debby CX 10 kW","","EHS-PELLETS GmbH","","","TRUE","3292.76","4573.27","https://warmholzgmbh.de/wp-content/uploads/2023/05/poele-a-granules-ventile-debrayable-etanche-extraflame-sinfony-12-kw-1-1-600x600.png","1","","","","","deny","manual","TRUE","TRUE",""
"extra-flacher-kanalisierter-belufteter-pelletofen-extraflame-souvenir-steel-evo-11-kw","Extra flacher, kanalisierter, belüfteter Pelletofen – EXTRAFLAME Souvenir Steel Evo 11 kW","","EHS-PELLETS GmbH","","","TRUE","2870.25","4185.06","https://warmholzgmbh.de/wp-content/uploads/2023/05/poele-a-granules-ventile-etanche-extraflame-debby-cx-10-kw-3-600x600.jpg","1","","","","","deny","manual","TRUE","TRUE",""
"belufteter-pelletofen-mit-kanalanschluss-extraflame-teorema-plus-13-kw","Belüfteter Pelletofen mit Kanalanschluss – EXTRAFLAME Teorema Plus 13 kW","","EHS-PELLETS GmbH","","","TRUE","2824.21","3922.51","https://warmholzgmbh.de/wp-content/uploads/2023/05/poele-a-granules-ventile-extra-plat-canalisable-extraflame-souvenir-steel-evo-11-kw-1-1-600x600.jpg","1","","","","","deny","manual","TRUE","TRUE",""
"belufteter-pelletofen-aus-gusseisen-extraflame-teodora-evo-9-kw","Belüfteter Pelletofen aus Gusseisen – EXTRAFLAME Teodora Evo 9 kW","","EHS-PELLETS GmbH","","","TRUE","2821.79","3919.15","https://warmholzgmbh.de/wp-content/uploads/2023/05/poele-a-granules-ventile-canalisable-extraflame-teorema-plus-13-kw-6-600x600.png","1","","","","","deny","manual","TRUE","TRUE",""
"schlanker-kanalisierter-belufteter-pelletofen-extraflame-marilena-plus-ad-crystal-9-kw","Schlanker, kanalisierter, belüfteter Pelletofen – EXTRAFLAME Marilena Plus AD Crystal 9 kW","","EHS-PELLETS GmbH","","","TRUE","2454.10","3964.03","https://warmholzgmbh.de/wp-content/uploads/2023/05/poele-a-granules-ventile-en-fonte-extraflame-teodora-evo-9-kw-4-600x600.png","1","","","","","deny","manual","TRUE","TRUE",""
"cheminee-a-granules-ventile-evacalor-raffaello-11-5-kw","Cheminée à granulés ventilé – EVACALOR Raffaello 11.5 kW","","EHS-PELLETS GmbH","","","TRUE","2837.34","4503.71","https://warmholzgmbh.de/wp-content/uploads/2023/05/poele-a-granules-ventile-extra-plat-canalisable-extraflame-marilena-plus-ad-crystal-8-kw-1-1-600x600.jpg","1","","","","","deny","manual","TRUE","TRUE",""
"extraflacher-belufteter-pelletofen-mit-kanalanschluss-extraflame-annabella-ad-evo-10-kw","Extraflacher, belüfteter Pelletofen mit Kanalanschluss – EXTRAFLAME Annabella AD Evo 10 kW","","EHS-PELLETS GmbH","","","TRUE","2782.20","3864.17","https://warmholzgmbh.de/wp-content/uploads/2023/05/cheminee-a-granules-ventile-evacalor-raffaello-115kw-11-600x600.jpg","1","","","","","deny","manual","TRUE","TRUE",""
"extraflacher-wasserdichter-belufteter-pelletofen-mit-kanalanschluss-extraflame-gabriella-plus-8-5-kw","Extraflacher, wasserdichter, belüfteter Pelletofen mit Kanalanschluss – EXTRAFLAME Gabriella Plus 8,5 kW","","EHS-PELLETS GmbH","","","TRUE","2717.57","3774.41","https://warmholzgmbh.de/wp-content/uploads/2023/05/poele-a-granules-ventile-extra-plat-canalisable-extraflame-annabella-ad-evo-10-kw-1-1-600x600.png","1","","","","","deny","manual","TRUE","TRUE",""
"extra-flacher-pelletofen-original-phebo-musa-reverse-13-kw","Extra flacher Pelletofen – ORIGINAL PHEBO Musa Reverse 13 kW","","EHS-PELLETS GmbH","","","TRUE","2591.10","3943.83","https://warmholzgmbh.de/wp-content/uploads/2023/05/poele-a-granules-ventile-etanche-extra-plat-canalisable-extraflame-gabriella-plus-85-kw-4-600x600.png","1","","","","","deny","manual","TRUE","TRUE",""
"hydraulischer-pelletofen-original-phebo-calliope-14-kw","Hydraulischer Pelletofen – ORIGINAL PHEBO Calliope 14 kW","","EHS-PELLETS GmbH","","","TRUE","2775.38","4224.33","https://warmholzgmbh.de/wp-content/uploads/2023/05/poele-a-granules-extra-plat-origine-phebo-musa-reverse-13-kw-5-600x600.png","1","","","","","deny","manual","TRUE","TRUE",""
"wasserdichter-abnehmbarer-keramik-pelletofen-extraflame-mietta-evo-9-5-kw","Wasserdichter abnehmbarer Keramik-Pelletofen – EXTRAFLAME Mietta Evo 9,5 kW","","EHS-PELLETS GmbH","","","TRUE","2741.00","3806.95","https://warmholzgmbh.de/wp-content/uploads/2023/05/poele-a-granules-hydraulique-origine-ph-calliope-14-kw-6-600x600.png","1","","","","","deny","manual","TRUE","TRUE",""
"schlanker-wasserdichter-belufteter-kanalisierbarer-pelletofen-aus-stein-extraflame-gabriella-plus-8-5-kw","Schlanker, wasserdichter, belüfteter, kanalisierbarer Pelletofen aus Stein – EXTRAFLAME Gabriella Plus 8,5 kW","","EHS-PELLETS GmbH","","","TRUE","2843.77","4088.57","https://warmholzgmbh.de/wp-content/uploads/2023/05/poele-a-granules-etanche-ceramique-debrayable-extraflame-mietta-evo-95-kw-3-600x600.jpg","1","","","","","deny","manual","TRUE","TRUE",""
"belufteter-keramik-pelletofen-evacalor-maria-13-5-kw","Belüfteter Keramik-Pelletofen – EVACALOR Maria 13,5 kW","","EHS-PELLETS GmbH","","","TRUE","2943.37","4672.01","https://warmholzgmbh.de/wp-content/uploads/2023/05/poele-a-granules-ventile-etanche-slim-canalisable-en-pierre-extraflame-gabriella-plus-85-kw-3-600x600.png","1","","","","","deny","manual","TRUE","TRUE",""
"hydraulischer-pelletofen-evacalor-venere-12-5-kw","Hydraulischer Pelletofen – EVACALOR Venere 12,5 kW","","EHS-PELLETS GmbH","","","TRUE","2980.12","4730.35","https://warmholzgmbh.de/wp-content/uploads/2023/05/poele-a-granules-ventile-ceramique-evacalor-maria-135-kw-1-1-600x600.jpg","1","","","","","deny","manual","TRUE","TRUE",""
"thermohydraulischer-pelletofen-extraflame-duchessa-idro-steel-12-kw","Thermohydraulischer Pelletofen – EXTRAFLAME Duchessa Idro Steel 12 kW","","EHS-PELLETS GmbH","","","TRUE","2968.81","4123.35","https://warmholzgmbh.de/wp-content/uploads/2023/05/poele-a-granules-hydraulique-evacalor-venere-125-kw-5-1-600x600.jpg","1","","","","","deny","manual","TRUE","TRUE",""
"belufteter-pelletofen-evacalor-tiziano-6-5-kw","Belüfteter Pelletofen – EVACALOR Tiziano 6,5 kW","","EHS-PELLETS GmbH","","","TRUE","2935.58","4659.67","https://warmholzgmbh.de/wp-content/uploads/2023/05/poele-a-granules-thermo-hydraulique-extraflame-duchessa-idro-steel-12-kw-1-1-1-600x600.jpg","1","","","","","deny","manual","TRUE","TRUE",""
"hydraulischer-pelletofen-evacalor-hydro-slim-16-kw","Hydraulischer Pelletofen – EVACALOR Hydro Slim 16 kW","","EHS-PELLETS GmbH","","","TRUE","2879.75","4571.03","https://warmholzgmbh.de/wp-content/uploads/2023/05/poele-a-granules-ventile-evacalor-tiziano-65-kw-4-600x600.png","1","","","","","deny","manual","TRUE","TRUE",""
"extra-flacher-kanalisierter-belufteter-pelletofen-extraflame-marilena-plus-ad-petra-9-kw","Extra flacher, kanalisierter, belüfteter Pelletofen – EXTRAFLAME Marilena Plus AD Petra 9 kW","","EHS-PELLETS GmbH","","","TRUE","2854.10","3964.03","https://warmholzgmbh.de/wp-content/uploads/2023/05/poele-a-granules-hydraulique-evacalor-hydro-slim-16-kw-6-2-600x600.jpg","1","","","","","deny","manual","TRUE","TRUE",""
"wasserdichter-belufteter-pelletofen-extraflame-pamela-steel-9-kw","Wasserdichter, belüfteter Pelletofen – EXTRAFLAME Pamela Steel 9 kW","","EHS-PELLETS GmbH","","","TRUE","2928.42","4067.25","https://warmholzgmbh.de/wp-content/uploads/2023/05/poele-a-granules-ventile-extra-plat-canalisable-extraflame-marilena-plus-ad-petra-9-kw-1-1-600x600.jpg","1","","","","","deny","manual","TRUE","TRUE",""
"hydraulischer-pelletofen-evacalor-tosca-20-kw","Hydraulischer Pelletofen – EVACALOR Tosca 20 kW","","EHS-PELLETS GmbH","","","TRUE","2890.36","4587.86","https://warmholzgmbh.de/wp-content/uploads/2023/05/poele-a-granules-ventile-etanche-extraflame-pamela-steel-9-kw-4-600x600.png","1","","","","","deny","manual","TRUE","TRUE",""
"belufteter-keramik-pelletofen-evacalor-erminy-9-5-kw","Belüfteter Keramik-Pelletofen – EVACALOR Erminy 9,5 kW","","EHS-PELLETS GmbH","","","TRUE","1836.42","2914.96","https://warmholzgmbh.de/wp-content/uploads/2023/05/poele-a-granules-hydraulique-evacalor-tosca-20-kw-4-2-600x600.jpg","1","","","","","deny","manual","TRUE","TRUE",""
"belufteter-pelletofen-evacalor-milly-13-5-kw","Belüfteter Pelletofen – EVACALOR Milly 13,5 kW","","EHS-PELLETS GmbH","","","TRUE","1863.28","2957.59","https://warmholzgmbh.de/wp-content/uploads/2023/05/poele-a-granules-ventile-ceramique-evacalor-erminy-9-kw-8-600x600.jpg","1","","","","","deny","manual","TRUE","TRUE",""
"belufteter-keramik-pelletofen-original-phebo-gea-10-kw","Belüfteter Keramik-Pelletofen – ORIGINAL PHEBO Gea 10 kW","","EHS-PELLETS GmbH","","","TRUE","1883.43","2866.71","https://warmholzgmbh.de/wp-content/uploads/2023/05/poele-a-granules-ventile-evacalor-milly-13-kw-12-600x600.jpg","1","","","","","deny","manual","TRUE","TRUE",""
"pack-c12c-firematic-pelletofen-dinak-saugnapf-kit-wlan-modul","PACK C12C FIREMATIC Pelletofen + Dinak Saugnapf-Kit + WLAN-Modul","","EHS-PELLETS GmbH","","","TRUE","2874.03","4164.49","https://warmholzgmbh.de/wp-content/uploads/2023/05/poele-a-granules-ventile-en-ceramique-origine-phebo-gea-10-kw-4-600x600.png","1","","","","","deny","manual","TRUE","TRUE",""
"extraflacher-belufteter-pelletofen-mit-kanalanschluss-vulcania-new-slim-11-kw","Extraflacher, belüfteter Pelletofen mit Kanalanschluss – VULCANIA New Slim 11 kW","","EHS-PELLETS GmbH","","","TRUE","1334.00","","https://warmholzgmbh.de/wp-content/uploads/2023/05/pack-poele-a-granules-c12c-firematic-kit-ventouse-dinak-module-wifi-1-600x600.png","1","","","","","deny","manual","TRUE","TRUE",""
"belufteter-keramik-pelletofen-original-phebo-gea-bicolore-10-kw","Belüfteter Keramik-Pelletofen – ORIGINAL PHEBO Gea Bicolore 10 kW","","EHS-PELLETS GmbH","","","TRUE","1883.43","2866.71","https://warmholzgmbh.de/wp-content/uploads/2023/05/poele-a-granules-canalisable-extra-plat-ventile-vulcania-new-slim-11-kw-5-600x600.png","1","","","","","deny","manual","TRUE","TRUE",""
"belufteter-keramik-pelletofen-original-phebo-febe-bicolor-10-kw","Belüfteter Keramik-Pelletofen – ORIGINAL PHEBO Febe Bicolor 10 kW","","EHS-PELLETS GmbH","","","TRUE","1864.26","2837.54","https://warmholzgmbh.de/wp-content/uploads/2023/05/poele-a-granules-ventile-ceramique-origine-phebo-gea-bicolore-10-kw-8-600x600.png","1","","","","","deny","manual","TRUE","TRUE",""
"belufteter-keramik-pelletofen-original-phebo-febe-10-kw","Belüfteter Keramik-Pelletofen – ORIGINAL PHEBO Febe 10 kW","","EHS-PELLETS GmbH","","","TRUE","1864.26","2837.54","https://warmholzgmbh.de/wp-content/uploads/2023/05/poele-a-granules-ventile-en-ceramique-origine-ph-febe-bicolore-10-kw-8-600x600.png","1","","","","","deny","manual","TRUE","TRUE",""
"pack-wasserdichter-belufteter-pelletofen-dinak-saugnapf-kit-extraflame-angy-8-kw","PACK Wasserdichter, belüfteter Pelletofen + Dinak-Saugnapf-Kit – EXTRAFLAME Angy 8 kW","","EHS-PELLETS GmbH","","","TRUE","2975.00","3647.62","https://warmholzgmbh.de/wp-content/uploads/2023/05/poele-a-granules-ventile-en-ceramique-origine-phebo-febe-10-kw-4-600x600.png","1","","","","","deny","manual","TRUE","TRUE",""
"belufteter-pelletofen-evacalor-dado-7-5-kw","Belüfteter Pelletofen – EVACALOR Dado 7,5 kW","","EHS-PELLETS GmbH","","","TRUE","1869.64","2967.69","https://warmholzgmbh.de/wp-content/uploads/2023/05/pack-poele-a-granules-ventile-etanche-kit-ventouse-dinak-extraflame-angy-8-kw-3-600x600.png","1","","","","","deny","manual","TRUE","TRUE",""
"belufteter-kanalisierbarer-pelletofen-extraflame-klaudia-plus-9-kw","Belüfteter, kanalisierbarer Pelletofen – EXTRAFLAME Klaudia Plus 9 kW","","EHS-PELLETS GmbH","","","TRUE","2136.74","2967.69","https://warmholzgmbh.de/wp-content/uploads/2023/05/poele-a-granules-ventile-evacalor-dado-75-kw-11-600x600.jpg","1","","","","","deny","manual","TRUE","TRUE",""
"belufteter-pelletofen-original-phebo-ondina-eco-7-kw","Belüfteter Pelletofen – ORIGINAL PHEBO Ondina Eco 7 kW","","EHS-PELLETS GmbH","","","TRUE","2134.06","3248.19","https://warmholzgmbh.de/wp-content/uploads/2023/05/poele-a-granules-ventile-canalisable-extraflame-klaudia-plus-9-kw-5-600x600.png","1","","","","","deny","manual","TRUE","TRUE",""
"extra-flacher-kanalisierter-belufteter-pelletofen-evacalor-carol-9-5-kw","Extra flacher, kanalisierter, belüfteter Pelletofen – EVACALOR Carol 9,5 kW","","EHS-PELLETS GmbH","","","TRUE","1850.56","2937.40","https://warmholzgmbh.de/wp-content/uploads/2023/05/poele-a-granules-ventile-origine-phebo-ondina-eco-7-kw-4-600x600.png","1","","","","","deny","manual","TRUE","TRUE",""
"kanalisierter-belufteter-pelletofen-mit-backofen-evacalor-biscotto-8-5-kw","Kanalisierter, belüfteter Pelletofen mit Backofen – EVACALOR Biscotto 8,5 kW","","EHS-PELLETS GmbH","","","TRUE","2140.37","3397.42","https://warmholzgmbh.de/wp-content/uploads/2023/05/poele-a-granules-ventile-extra-plat-canalisable-evacalor-carol-95-kw-1-1-600x600.jpg","1","","","","","deny","manual","TRUE","TRUE",""
"extra-flacher-belufteter-pelletofen-original-phebo-hera-13-kw","Extra flacher belüfteter Pelletofen – ORIGINAL PHEBO Hera 13 kW","","EHS-PELLETS GmbH","","","TRUE","2126.69","3236.97","https://warmholzgmbh.de/wp-content/uploads/2023/05/poele-a-granules-ventile-canalisable-avec-four-evacalor-biscotto-85-kw-8-600x600.jpg","1","","","","","deny","manual","TRUE","TRUE",""
"wasserdichter-belufteter-pelletofen-extraflame-angela-evo-9-kw","Wasserdichter, belüfteter Pelletofen – EXTRAFLAME Angela Evo 9 kW","","EHS-PELLETS GmbH","","","TRUE","2102.00","2919.44","https://warmholzgmbh.de/wp-content/uploads/2023/05/poele-a-granules-ventile-extra-plat-origine-phebo-hera-13-kw-1-600x600.png","1","","","","","deny","manual","TRUE","TRUE",""
"wasserdichter-belufteter-pelletofen-original-phebo-aurora-h-10-kw","Wasserdichter, belüfteter Pelletofen – ORIGINAL PHEBO Aurora – H 10 kW","","EHS-PELLETS GmbH","","","TRUE","2097.21","3192.09","https://warmholzgmbh.de/wp-content/uploads/2023/05/poele-a-granules-ventile-etanche-extraflame-angela-evo-9-kw-3-600x600.jpg","1","","","","","deny","manual","TRUE","TRUE",""
"belufteter-pelletofen-extraflame-mirka-8-kw","Belüfteter Pelletofen – EXTRAFLAME Mirka 8 kW","","EHS-PELLETS GmbH","","","TRUE","2114.93","2937.40","https://warmholzgmbh.de/wp-content/uploads/2023/05/poele-a-granules-etanche-ventile-origine-phebo-aurora-h-10-kw-5-600x600.png","1","","","","","deny","manual","TRUE","TRUE",""
"kanalisierter-belufteter-pelletofen-evacalor-ines-15-kw","Kanalisierter, belüfteter Pelletofen – EVACALOR Inès 15 kW","","EHS-PELLETS GmbH","","","TRUE","2560.00","3337.95","https://warmholzgmbh.de/wp-content/uploads/2023/05/poele-a-granules-ventile-extraflame-mirka-8-kw-9-600x600.png","1","","","","","deny","manual","TRUE","TRUE",""
"belufteter-pelletofen-lincar-ariel-730n-10-kw","Belüfteter Pelletofen – LINCAR Ariel 730N 10 kW","","EHS-PELLETS GmbH","","","TRUE","2173.91","3354.78","https://warmholzgmbh.de/wp-content/uploads/2023/05/poele-a-granule-ventile-canalisable-evacalor-ines-15-kw-13-600x600.jpg","1","","","","","deny","manual","TRUE","TRUE",""
"extra-flacher-belufteter-pelletofen-aus-keramik-original-phebo-chimera-5-kw","Extra flacher, belüfteter Pelletofen aus Keramik – ORIGINAL PHEBO Chimera 5 kW","","EHS-PELLETS GmbH","","","TRUE","2174.61","3309.90","https://warmholzgmbh.de/wp-content/uploads/2023/05/poele-a-granules-ventile-lincar-ariel-730n-10-kw-4-600x600.png","1","","","","","deny","manual","TRUE","TRUE",""
"belufteter-pelletofen-original-phebo-penelope-14-kw","Belüfteter Pelletofen – ORIGINAL PHEBO Penelope 14 kW","","EHS-PELLETS GmbH","","","TRUE","2170.93","3304.29","https://warmholzgmbh.de/wp-content/uploads/2023/05/poele-a-granules-ventile-extra-plat-ceramique-origine-phebo-chimera-5-kw-5-600x600.png","1","","","","","deny","manual","TRUE","TRUE",""
"belufteter-pelletofen-mit-kanalanschluss-eva-calor-letizia-15-5-kw","Belüfteter Pelletofen mit Kanalanschluss – EVA CALOR Letizia 15,5 kW","","EHS-PELLETS GmbH","","","TRUE","2172.18","3447.91","https://warmholzgmbh.de/wp-content/uploads/2023/05/poele-a-granules-ventile-origine-ph-penelope-14-kw-1-600x600.png","1","","","","","deny","manual","TRUE","TRUE",""
"wasserdichter-belufteter-keramik-pelletofen-original-phebo-febe-h-bicolor-10-kw","Wasserdichter, belüfteter Keramik-Pelletofen – ORIGINAL PHEBO Febe – H Bicolor 10 kW","","EHS-PELLETS GmbH","","","TRUE","2195.98","3342.44","https://warmholzgmbh.de/wp-content/uploads/2023/05/poele-a-granules-ventile-canalisable-extraflame-letizia-155-kw-4-600x600.png","1","","","","","deny","manual","TRUE","TRUE",""
"belufteter-keramik-pelletofen-extraflame-serafina-lux-evo-8-5-kw","Belüfteter Keramik-Pelletofen – EXTRAFLAME Serafina Lux Evo 8,5 kW","","EHS-PELLETS GmbH","","","TRUE","2209.45","3068.67","https://warmholzgmbh.de/wp-content/uploads/2023/05/poele-a-granules-etanche-ventile-ceramique-origine-phebo-febe-h-bicolore-10-kw-8-600x600.png","1","","","","","deny","manual","TRUE","TRUE",""
"wasserdichter-belufteter-keramik-pelletofen-original-phebo-gea-h-bicolor-10-kw","Wasserdichter, belüfteter Keramik-Pelletofen – ORIGINAL PHEBO Gea – H Bicolor 10 kW","","EHS-PELLETS GmbH","","","TRUE","2215.14","3371.61","https://warmholzgmbh.de/wp-content/uploads/2023/05/poele-a-granules-ventile-ceramique-extraflame-serafina-lux-evo-85-kw-1-1-600x600.jpg","1","","","","","deny","manual","TRUE","TRUE",""
"wasserdichter-belufteter-keramik-pelletofen-original-phebo-febe-h-10-kw","Wasserdichter, belüfteter Keramik-Pelletofen – ORIGINAL PHEBO Febe – H 10 kW","","EHS-PELLETS GmbH","","","TRUE","2195.98","3342.44","https://warmholzgmbh.de/wp-content/uploads/2023/05/poele-a-granules-etanche-ventile-ceramique-origine-phebo-gea-h-bicolore-10-kw-8-600x600.png","1","","","","","deny","manual","TRUE","TRUE",""
"belufteter-pelletofen-original-phebo-circe-10-kw","Belüfteter Pelletofen – ORIGINAL PHEBO Circe 10 kW","","EHS-PELLETS GmbH","","","TRUE","2207.78","3360.39","https://warmholzgmbh.de/wp-content/uploads/2023/05/poele-a-granules-etanche-ventile-en-ceramique-origine-phebo-febe-h-10-kw-4-600x600.png","1","","","","","deny","manual","TRUE","TRUE",""
"belufteter-pelletofen-original-phebo-nike-maxi-14-kw","Belüfteter Pelletofen – ORIGINAL PHEBO Nikè Maxi 14 kW","","EHS-PELLETS GmbH","","","TRUE","2071.40","3152.82","https://warmholzgmbh.de/wp-content/uploads/2023/05/poele-a-granules-ventile-origine-ph-circe-10-kw-6-600x600.jpg","1","","","","","deny","manual","TRUE","TRUE",""
"belufteter-pelletofen-original-phebo-nike-14-kw","Belüfteter Pelletofen – ORIGINAL PHEBO Nikè 14 kW","","EHS-PELLETS GmbH","","","TRUE","1937.98","2949.74","https://warmholzgmbh.de/wp-content/uploads/2023/05/poele-a-granules-ventile-origine-ph-nike-maxi-14-kw-5-600x600.png","1","","","","","deny","manual","TRUE","TRUE",""
"belufteter-pelletofen-mit-kanalanschluss-evacalor-cloe-15-kw","Belüfteter Pelletofen mit Kanalanschluss – EVACALOR Cloe 15 kW","","EHS-PELLETS GmbH","","","TRUE","1936.80","3074.28","https://warmholzgmbh.de/wp-content/uploads/2023/05/poele-a-granules-ventile-origine-phebo-nike-14-kw-5-600x600.jpg","1","","","","","deny","manual","TRUE","TRUE",""
"belufteter-keramik-pelletofen-evacalor-laura-13-kw","Belüfteter Keramik-Pelletofen – EVACALOR Laura 13 kW","","EHS-PELLETS GmbH","","","TRUE","1978.51","3140.48","https://warmholzgmbh.de/wp-content/uploads/2023/05/poele-a-granules-ventile-canalisable-evacalor-cloe-15-kw-4-600x600.png","1","","","","","deny","manual","TRUE","TRUE",""
"belufteter-pelletofen-evacalor-barbara-11-5-kw","Belüfteter Pelletofen – EVACALOR Barbara 11,5 kW","","EHS-PELLETS GmbH","","","TRUE","1971.44","3129.26","https://warmholzgmbh.de/wp-content/uploads/2023/05/poele-a-granules-ventile-ceramique-evacalor-laura-13-kw-1-1-600x600.jpg","1","","","","","deny","manual","TRUE","TRUE",""
"schlanker-wasserdichter-belufteter-pelletofen-mit-kanalanschluss-evacalor-diletta-10-kw","Schlanker, wasserdichter, belüfteter Pelletofen mit Kanalanschluss – EVACALOR Diletta 10 kW","","EHS-PELLETS GmbH","","","TRUE","1962.24","3114.67","https://warmholzgmbh.de/wp-content/uploads/2023/05/poele-a-granules-ventile-evacalor-barbara-115-kw-6-600x600.jpg","1","","","","","deny","manual","TRUE","TRUE",""
"belufteter-pelletofen-extraflame-klaudia-9-kw","Belüfteter Pelletofen – EXTRAFLAME Klaudia 9 kW","","EHS-PELLETS GmbH","","","TRUE","1960.62","2723.09","https://warmholzgmbh.de/wp-content/uploads/2023/05/poele-a-granules-ventile-etanche-slim-canalisable-evacalor-diletta-10-kw-10-600x600.jpg","1","","","","","deny","manual","TRUE","TRUE",""
"extra-flacher-belufteter-pelletofen-lincar-flat-502-10-kw","Extra flacher belüfteter Pelletofen – LINCAR Flat 502 10 kW","","EHS-PELLETS GmbH","","","TRUE","2035.76","3141.60","https://warmholzgmbh.de/wp-content/uploads/2023/05/poele-a-granules-ventile-extraflame-klaudia-9-kw-5-600x600.png","1","","","","","deny","manual","TRUE","TRUE",""
"belufteter-pelletofen-lincar-milly-515sc-9-kw","Belüfteter Pelletofen – LINCAR Milly 515SC 9 kW","","EHS-PELLETS GmbH","","","TRUE","1963.05","3029.40","https://warmholzgmbh.de/wp-content/uploads/2023/05/poele-a-granules-ventile-extra-plat-lincar-flat-502-10-kw-4-600x600.png","1","","","","","deny","manual","TRUE","TRUE",""
"belufteter-pelletofen-mit-kanalanschluss-extraflame-giusy-plus-evo-2-0-8-kw","Belüfteter Pelletofen mit Kanalanschluss – EXTRAFLAME Giusy Plus Evo 2.0 8 kW","","EHS-PELLETS GmbH","","","TRUE","1926.70","2675.97","https://warmholzgmbh.de/wp-content/uploads/2023/05/poele-a-granules-ventile-lincar-milly-515sc-9-kw-5-600x600.png","1","","","","","deny","manual","TRUE","TRUE",""
"belufteter-pelletofen-mit-kanalanschluss-evacalor-evelyn-11-5-kw","Belüfteter Pelletofen mit Kanalanschluss – EVACALOR Evelyn 11,5 kW","","EHS-PELLETS GmbH","","","TRUE","1926.90","3058.57","https://warmholzgmbh.de/wp-content/uploads/2023/05/poele-a-granules-ventile-canalisable-extraflame-giusy-plus-evo-20-8-kw-1-600x600.jpg","1","","","","","deny","manual","TRUE","TRUE",""
"belufteter-pelletofen-mit-kanalanschluss-lincar-erica-11-kw","Belüfteter Pelletofen mit Kanalanschluss – LINCAR Erica 11 kW","","EHS-PELLETS GmbH","","","TRUE","1950.57","3175.26","https://warmholzgmbh.de/wp-content/uploads/2023/05/poele-a-granules-ventile-canalisable-evacalor-evelyn-115-kw-1-1-600x600.jpg","1","","","","","deny","manual","TRUE","TRUE",""
"extra-flacher-wasserdichter-belufteter-pelletofen-evacalor-diva-new-9-5-kw","Extra flacher wasserdichter belüfteter Pelletofen – EVACALOR Diva New 9,5 kW","","EHS-PELLETS GmbH","","","TRUE","2064.03","3276.24","https://warmholzgmbh.de/wp-content/uploads/2023/05/poele-a-granules-canalisable-ventile-lincar-erica-11-kw-1-600x600.png","1","","","","","deny","manual","TRUE","TRUE",""
"wasserdichter-belufteter-pelletofen-firematic-c9-8-7-kw","Wasserdichter, belüfteter Pelletofen – FIREMATIC C9 8,7 kW","","EHS-PELLETS GmbH","","","TRUE","608.96","1242.13","https://warmholzgmbh.de/wp-content/uploads/2023/05/poele-a-granules-ventile-extra-plat-etanche-evacalor-diva-new-95-kw-1-1-600x600.jpg","1","","","","","deny","manual","TRUE","TRUE",""
"umluft-pelletofen-rund-evacalor-heidi-6-kw","Umluft-Pelletofen rund – EVACALOR Heidi 6 kW","","EHS-PELLETS GmbH","","","TRUE","1033.43","1640.36","https://warmholzgmbh.de/wp-content/uploads/2023/05/poele-a-granules-ventile-etanche-firematic-c9-87-kw-1-1-600x600.jpg","1","","","","","deny","manual","TRUE","TRUE",""
"umluft-pelletofen-evacalor-karina-9-5-kw","Umluft-Pelletofen – EVACALOR Karina 9,5 kW","","EHS-PELLETS GmbH","","","TRUE","1004.45","1594.36","https://warmholzgmbh.de/wp-content/uploads/2023/05/poele-a-granules-ventile-rond-evacalor-heidi-6-kw-10-600x600.jpg","1","","","","","deny","manual","TRUE","TRUE",""
"belufteter-pelletofen-lincar-gemma-6-kw","Belüfteter Pelletofen – LINCAR Gemma 6 kW","","EHS-PELLETS GmbH","","","TRUE","1025.79","1643.73","https://warmholzgmbh.de/wp-content/uploads/2023/05/poele-a-granules-ventile-evacalor-karina-95-kw-7-600x600.jpg","1","","","","","deny","manual","TRUE","TRUE",""
"extraflacher-belufteter-pelletofen-aus-keramik-original-phebo-iris-maxi-13-kw","Extraflacher belüfteter Pelletofen aus Keramik – ORIGINAL PHEBO Iris Maxi 13 kW","","EHS-PELLETS GmbH","","","TRUE","2591.10","3943.83","https://warmholzgmbh.de/wp-content/uploads/2023/05/poele-a-granules-ventile-lincar-gemma-6-kw-5-600x600.png","1","","","","","deny","manual","TRUE","TRUE",""
"wasserdichter-belufteter-pelletofen-extraflame-amika-9-kw","Wasserdichter, belüfteter Pelletofen – EXTRAFLAME Amika 9 kW","","EHS-PELLETS GmbH","","","TRUE","1713.53","2768.80","https://warmholzgmbh.de/wp-content/uploads/2023/05/poele-a-granules-ventile-extra-plat-ceramique-origine-phebo-iris-maxi-13-kw-6-600x600.png","1","","","","","deny","manual","TRUE","TRUE",""
"bio-eko-pellet-palette-mit-70-sacken-bei-15-kg","BIO-EKO PELLET – PALETTE MIT 70 SÄCKEN BEI 15 KG","","EHS-PELLETS GmbH","","","TRUE","410.00","","https://warmholzgmbh.de/wp-content/uploads/2023/05/poele-a-granules-ventile-etanche-extraflame-amika-9-kw-5-600x600.jpg","1","","","","","deny","manual","TRUE","TRUE",""
"landwirtschaftspellet-palette-mit-70-sacken-zu-15-kg","LANDWIRTSCHAFTSPELLET – PALETTE MIT 70 SÄCKEN ZU 15 KG","","EHS-PELLETS GmbH","","","TRUE","615.00","735.00","https://warmholzgmbh.de/wp-content/uploads/2022/10/b74-600x600.jpg","1","","","","","deny","manual","TRUE","TRUE",""
"05-woodstock-paletten-holzpellets-390-sacke-bis-15-kg","05 WOODSTOCK PALETTEN HOLZPELLETS – 390 SÄCKE bis 15 KG","","EHS-PELLETS GmbH","","","TRUE","1090.00","1500.00","https://warmholzgmbh.de/wp-content/uploads/2022/10/a25-1-600x600.jpg","1","","","","","deny","manual","TRUE","TRUE",""
"pellet-olczyk-palette-zu-70-sacken-zu-15-kg","PELLET OLCZYK – PALETTE ZU 70 SÄCKEN ZU 15 KG","","EHS-PELLETS GmbH","","","TRUE","410.00","518.00","https://warmholzgmbh.de/wp-content/uploads/2022/10/Maxi-palette-78-sacs-granules.jpg","1","","","","","deny","manual","TRUE","TRUE",""
"bio-energie-pellet-mit-66-sacken-palette-zu-15-kg","BIO-ENERGIE-PELLET – MIT 66 SÄCKEN PALETTE ZU 15 KG","","EHS-PELLETS GmbH","","","TRUE","410.00","570.00","https://warmholzgmbh.de/wp-content/uploads/2022/10/a24-600x600.jpg","1","","","","","deny","manual","TRUE","TRUE",""
"pellet-pynauja-palette-mit-70-sacken-zu-15-kg","PELLET PYNAUJA – PALETTE MIT 70 SÄCKEN ZU 15 KG","","EHS-PELLETS GmbH","","","TRUE","380.00","450.00","https://warmholzgmbh.de/wp-content/uploads/2022/10/a21-600x600.jpg","1","","","","","deny","manual","TRUE","TRUE",""
"enerbio-pellet-palette-mit-77-sacken-zu-15-kg","ENERBIO-PELLET – PALETTE MIT 77 SÄCKEN ZU 15 KG","","EHS-PELLETS GmbH","","","TRUE","610.00","750.00","https://warmholzgmbh.de/wp-content/uploads/2022/10/a19-1-600x600.jpg","1","","","","","deny","manual","TRUE","TRUE",""
"ardenforest-pellet-palette-zu-70-sacken-zu-15-kg","ARDENFOREST PELLET – PALETTE ZU 70 SÄCKEN ZU 15 KG","","EHS-PELLETS GmbH","","","TRUE","400.00","535.00","https://warmholzgmbh.de/wp-content/uploads/2022/10/a26-1-600x600.jpg","1","","","","","deny","manual","TRUE","TRUE",""
"ardenforest-pellet-palette-zu-70-sacken-zu-15-kg","ARDENFOREST PELLET – PALETTE ZU 70 SÄCKEN ZU 15 KG","","EHS-PELLETS GmbH","","","TRUE","400.00","","https://warmholzgmbh.de/wp-content/uploads/2022/10/b75-600x600.jpg","1","","","","","deny","manual","TRUE","TRUE",""
"bio-eko-pellet-palette-mit-70-sacken-bei-15-kg","BIO-EKO PELLET – PALETTE MIT 70 SÄCKEN BEI 15 KG","","EHS-PELLETS GmbH","","","TRUE","400.00","","https://warmholzgmbh.de/wp-content/uploads/2022/10/a13-2-600x600.jpg","1","","","","","deny","manual","TRUE","TRUE",""
"solaris-pellet-palette-mit-65-sacken-zu-15-kg","SOLARIS PELLET – PALETTE MIT 65 SÄCKEN ZU 15 KG","","EHS-PELLETS GmbH","","","TRUE","430.00","","https://warmholzgmbh.de/wp-content/uploads/2022/10/a14-600x600.jpg","1","","","","","deny","manual","TRUE","TRUE",""
"bio-technik-pellet-palette-zu-50-sacken-zu-15-kg","BIO-TECHNIK PELLET – PALETTE ZU 50 SÄCKEN ZU 15 KG","","EHS-PELLETS GmbH","","","TRUE","400.00","","https://warmholzgmbh.de/wp-content/uploads/2022/10/b88-600x600.jpg","1","","","","","deny","manual","TRUE","TRUE",""
"verba-pellet-palette-zu-70-sacken-zu-15-kg","VERBA PELLET – PALETTE ZU 70 SÄCKEN ZU 15 KG","","EHS-PELLETS GmbH","","","TRUE","470.00","620.00","https://warmholzgmbh.de/wp-content/uploads/2022/10/a12-3-600x600.jpg","1","","","","","deny","manual","TRUE","TRUE",""
"pellet-starkes-pellet-palette-zu-70-sacken-zu-15-kg","PELLET STARKES PELLET – PALETTE ZU 70 SÄCKEN ZU 15 KG","","EHS-PELLETS GmbH","","","TRUE","470.00","610.00","https://warmholzgmbh.de/wp-content/uploads/2022/10/a17-600x600.jpg","1","","","","","deny","manual","TRUE","TRUE",""
"pellet-ausgezeichnete-pellets-pallet-von-65-sacken-von-15-kg","PELLET AUSGEZEICHNETE PELLETS – PALLET VON 65 SÄCKEN VON 15 KG","","EHS-PELLETS GmbH","","","TRUE","400.00","530.00","https://warmholzgmbh.de/wp-content/uploads/2022/10/a18-2-600x600.jpg","1","","","","","deny","manual","TRUE","TRUE",""
"pellet-van-roje-palette-von-65-sacken-von-15-kg","PELLET VAN ROJE – PALETTE VON 65 SÄCKEN VON 15 KG","","EHS-PELLETS GmbH","","","TRUE","420.00","570.00","https://warmholzgmbh.de/wp-content/uploads/2022/10/a15-1-600x600.jpg","1","","","","","deny","manual","TRUE","TRUE",""
"enerbio-pellet-palette-mit-77-sacken-zu-15-kg","ENERBIO-PELLET – PALETTE MIT 77 SÄCKEN ZU 15 KG","","EHS-PELLETS GmbH","","","TRUE","380.00","450.00","https://warmholzgmbh.de/wp-content/uploads/2022/10/a16-1-600x600.jpg","1","","","","","deny","manual","TRUE","TRUE",""
"comfy-cosy-pellet-palette-mit-65-sacken-von-18-1-kg","COMFY COSY PELLET – PALETTE MIT 65 SÄCKEN VON 18,1 KG","","EHS-PELLETS GmbH","","","TRUE","710.00","899.00","https://warmholzgmbh.de/wp-content/uploads/2022/10/b87-600x600.jpg","1","","","","","deny","manual","TRUE","TRUE",""
"pellet-dachs-palette-mit-65-sacken-zu-15-kg","PELLET-DACHS – PALETTE MIT 65 SÄCKEN ZU 15 KG","","EHS-PELLETS GmbH","","","TRUE","610.00","780.00","https://warmholzgmbh.de/wp-content/uploads/2022/10/b81-600x600.jpg","1","","","","","deny","manual","TRUE","TRUE",""
"pellet-starkes-pellet-palette-zu-70-sacken-zu-15-kg","PELLET STARKES PELLET – PALETTE ZU 70 SÄCKEN ZU 15 KG","","EHS-PELLETS GmbH","","","TRUE","605.00","740.00","https://warmholzgmbh.de/wp-content/uploads/2022/10/b82-600x600.jpg","1","","","","","deny","manual","TRUE","TRUE",""
"pellet-pynauja-palette-mit-70-sacken-zu-15-kg","PELLET PYNAUJA – PALETTE MIT 70 SÄCKEN ZU 15 KG","","EHS-PELLETS GmbH","","","TRUE","630.00","784.00","https://warmholzgmbh.de/wp-content/uploads/2022/10/b79-600x600.jpg","1","","","","","deny","manual","TRUE","TRUE",""
"pellet-olczyk-palette-zu-70-sacken-zu-15-kg","PELLET OLCZYK – PALETTE ZU 70 SÄCKEN ZU 15 KG","","EHS-PELLETS GmbH","","","TRUE","598.00","718.00","https://warmholzgmbh.de/wp-content/uploads/2022/10/b80-600x600.jpg","1","","","","","deny","manual","TRUE","TRUE",""
"landwirtschaftspellet-palette-mit-70-sacken-zu-15-kg","LANDWIRTSCHAFTSPELLET – PALETTE MIT 70 SÄCKEN ZU 15 KG","","EHS-PELLETS GmbH","","","TRUE","420.00","587.00","https://warmholzgmbh.de/wp-content/uploads/2022/10/b85-600x600.jpg","1","","","","","deny","manual","TRUE","TRUE",""
"bio-energie-pellet-mit-66-sacken-palette-zu-15-kg","BIO-ENERGIE-PELLET – MIT 66 SÄCKEN PALETTE ZU 15 KG","","EHS-PELLETS GmbH","","","TRUE","600.00","788.00","https://warmholzgmbh.de/wp-content/uploads/2022/10/b86-600x600.jpg","1","","","","","deny","manual","TRUE","TRUE",""
"coterram-pellet-palette-von-70-sacken-mit-15-kg","COTERRAM PELLET – PALETTE VON 70 SÄCKEN MIT 15 KG","","EHS-PELLETS GmbH","","","TRUE","620.00","794.00","https://warmholzgmbh.de/wp-content/uploads/2022/10/b83-600x600.jpg","1","","","","","deny","manual","TRUE","TRUE",""