"Handle","Title","Body (HTML)","Vendor","Product Category","Type","Tags","Published","Option1 Name","Option1 Value","Option2 Name","Option2 Value","Option3 Name","Option3 Value","Variant SKU","Variant Grams","Variant Inventory Tracker","Variant Inventory Qty","Variant Inventory Policy","Variant Fulfillment Service","Variant Price","Variant Compare At Price","Variant Requires Shipping","Variant Taxable","Variant Barcode","Image Src","Image Position","Image Alt Text","Gift Card","SEO Title","SEO Description","Google Shopping / Google Product Category","Google Shopping / Gender","Google Shopping / Age Group","Google Shopping / MPN","Google Shopping / Condition","Google Shopping / Custom Product","Variant Image","Variant Weight Unit","Cost per item","Status"
"erco-bio-hacksler-ghx-bt2900r-gartenhacksler","Erco Bio-Häcksler GHX-BT2900R Gartenhäcksler","<h3>Erco Bio-Häcksler GHX-BT2900R</h3>
Entdecken Sie die professionelle Leistung dieses hochwertigen Gartenwerkzeugs. Ausgestattet mit einem leistungsstarken Honda GX630-Motor mit 14,7 kW Leistung bietet dieses Gerät optimale Ergebnisse für anspruchsvolle Gartenarbeiten.

Durch seine kompakte Arbeitsbreite von nur 760 mm, maximaler Astdurchmesser bis 14 cm zeichnet sich dieses Modell besonders aus. Die durchdachte Konstruktion ermöglicht effiziente Arbeitsabläufe und professionelle Ergebnisse.

Das hydraulische Selbstfahrsystem sorgt für komfortable Manövrierbarkeit und einfache Positionierung am Einsatzort. Diese Funktion erleichtert den Transport erheblich und ermöglicht einen flexiblen Einsatz an verschiedenen Arbeitsstellen ohne großen Kraftaufwand.

Die elektronische No-Stress-Steuerung schützt den Motor vor Überlastung und gewährleistet eine lange Lebensdauer. Dieses intelligente System passt die Leistung automatisch an das zu verarbeitende Material an und verhindert so unnötige Abnutzung oder Schäden am Antrieb.

Das 3-Gang-Einzugswalzen-System ermöglicht eine optimale Materialzuführung für unterschiedliche Materialarten. Die berührungsempfindlichen Tasten zur Steuerung der Einzugsdrehrichtung erlauben eine präzise Kontrolle über den Arbeitsprozess und eine schnelle Anpassung an verschiedene Materialien.

Das kombinierte Schneidsystem mit Messern und Hämmern gewährleistet eine optimale Zerkleinerung sowohl von Grüngut als auch von faserigem Material. Je nach Materialart kann flexibel zwischen verschiedenen Schneidkonfigurationen gewählt werden, um beste Ergebnisse zu erzielen und die Effizienz zu maximieren.

Die einfache Öffnung des Häckselwerks ermöglicht eine schnelle und unkomplizierte Wartung des Rotors. Regelmäßige Wartung ist wichtig für die Langlebigkeit und Zuverlässigkeit des Geräts und stellt sicher, dass die Leistung über viele Jahre hinweg konstant bleibt.

Dieses professionelle Gerät überzeugt durch seine robuste Bauweise und die durchdachten technischen Lösungen. Die Kombination aus hoher Leistung, intelligenter Steuerung und benutzerfreundlichem Design macht es zur idealen Wahl für anspruchsvolle Garten- und Landschaftspflegearbeiten.
<h4>Technische Highlights:</h4>
<ul>
  <li><strong>Motor:</strong> Honda GX630 - Zuverlässiger Antrieb für höchste Ansprüche</li>
  <li><strong>Leistung:</strong> 14,7 kW - Optimale Power für professionelle Anwendungen</li>
  <li><strong>Arbeitsbreite:</strong> 760 mm - Kompakt und wendig für verschiedene Einsatzbereiche</li>
  <li><strong>Max. Astdurchmesser:</strong> 14 cm - Verarbeitung auch größerer Äste ohne Probleme</li>
</ul>
<strong>Investieren Sie in Qualität und Professionalität - dieses hochwertige Gartenhäcksler überzeugt durch erstklassige Verarbeitung, innovative Technik und außergewöhnliche Zuverlässigkeit. Perfekt geeignet für anspruchsvolle Garten- und Landschaftspflegeprojekte, bei denen nur das Beste gut genug ist. Mit diesem Gerät sind Sie optimal ausgestattet für alle Herausforderungen moderner Gartenarbeit.</strong>","Erco","","Gartenhäcksler","","TRUE","Title","Default Title","","","","","GHX-BT2900R-LK","","shopify","14","deny","manual","22886.25","","TRUE","TRUE","","https://lhagrarservicegmbh.de/wp-content/uploads/2026/04/a1-6.webp","1","Erco Bio-Häcksler GHX-BT2900R Gartenhäcksler","FALSE","Erco Bio-Häcksler GHX-BT2900R Gartenhäcksler","Erco Bio-Häcksler GHX-BT2900R | 290mm, bis 14cm. Professionelle Qualität für den gartenhäcksler.","","","","GHX-BT2900R-LK","new","TRUE","https://lhagrarservicegmbh.de/wp-content/uploads/2026/04/a1-6.webp","kg","","active"
"erco-ghx-ch900r-asthacksler-900-mm","Erco GHX-CH900R Asthäcksler, 900 mm","<h3>Erco Buschhacker GHX-CH900R</h3>
Entdecken Sie die professionelle Leistung dieses hochwertigen Gartenwerkzeugs. bietet dieses Gerät optimale Ergebnisse für anspruchsvolle Gartenarbeiten.

Die einfache Öffnung des Häckselwerks ermöglicht eine schnelle und unkomplizierte Wartung des Rotors. Regelmäßige Wartung ist wichtig für die Langlebigkeit und Zuverlässigkeit des Geräts und stellt sicher, dass die Leistung über viele Jahre hinweg konstant bleibt.

Dieses professionelle Gerät überzeugt durch seine robuste Bauweise und die durchdachten technischen Lösungen. Die Kombination aus hoher Leistung, intelligenter Steuerung und benutzerfreundlichem Design macht es zur idealen Wahl für anspruchsvolle Garten- und Landschaftspflegearbeiten.

<strong>Investieren Sie in Qualität und Professionalität - dieses hochwertige Gartenhäcksler überzeugt durch erstklassige Verarbeitung, innovative Technik und außergewöhnliche Zuverlässigkeit. Perfekt geeignet für anspruchsvolle Garten- und Landschaftspflegeprojekte, bei denen nur das Beste gut genug ist. Mit diesem Gerät sind Sie optimal ausgestattet für alle Herausforderungen moderner Gartenarbeit.</strong>","Erco","","Gartenhäcksler","","TRUE","Title","Default Title","","","","","KER-GHX-CH900R-LK","","shopify","13","deny","manual","3799.50","","TRUE","TRUE","","https://lhagrarservicegmbh.de/wp-content/uploads/2026/04/e1-3.webp","1","Erco GHX-CH900R Asthäcksler, 900 mm","FALSE","Erco GHX-CH900R Asthäcksler, 900 mm","Erco Buschhacker GHX-CH900R - Hochwertige Ausführung für optimale Ergebnisse im Garten.","","","","KER-GHX-CH900R-LK","new","TRUE","https://lhagrarservicegmbh.de/wp-content/uploads/2026/04/e1-3.webp","kg","","active"
"erco-buschhacker-ghx-ch1900","Erco Buschhacker GHX-CH1900","<h3>Erco Häcklser Buschhacker GHX-CH1900</h3>
Entdecken Sie die professionelle Leistung dieses hochwertigen Gartenwerkzeugs. mit 8,7 kW Leistung bietet dieses Gerät optimale Ergebnisse für anspruchsvolle Gartenarbeiten.

Die einfache Öffnung des Häckselwerks ermöglicht eine schnelle und unkomplizierte Wartung des Rotors. Regelmäßige Wartung ist wichtig für die Langlebigkeit und Zuverlässigkeit des Geräts und stellt sicher, dass die Leistung über viele Jahre hinweg konstant bleibt.

Dieses professionelle Gerät überzeugt durch seine robuste Bauweise und die durchdachten technischen Lösungen. Die Kombination aus hoher Leistung, intelligenter Steuerung und benutzerfreundlichem Design macht es zur idealen Wahl für anspruchsvolle Garten- und Landschaftspflegearbeiten.
<h4>Technische Highlights:</h4>
<ul>
  <li><strong>Leistung:</strong> 8,7 kW - Optimale Power für professionelle Anwendungen</li>
</ul>
<strong>Investieren Sie in Qualität und Professionalität - dieses hochwertige Gartenhäcksler überzeugt durch erstklassige Verarbeitung, innovative Technik und außergewöhnliche Zuverlässigkeit. Perfekt geeignet für anspruchsvolle Garten- und Landschaftspflegeprojekte, bei denen nur das Beste gut genug ist. Mit diesem Gerät sind Sie optimal ausgestattet für alle Herausforderungen moderner Gartenarbeit.</strong>","Erco","","Gartenhäcksler","","TRUE","Title","Default Title","","","","","GHX-CH1900-2-LK","","shopify","12","deny","manual","6378.00","","TRUE","TRUE","","https://lhagrarservicegmbh.de/wp-content/uploads/2026/04/t1-4.webp","1","Erco Buschhacker GHX-CH1900","FALSE","Erco Buschhacker GHX-CH1900","Erco Häcklser Buschhacker GHX-CH1900 - Hochwertige Ausführung für optimale Ergebnisse im Garten.","","","","GHX-CH1900-2-LK","new","TRUE","https://lhagrarservicegmbh.de/wp-content/uploads/2026/04/t1-4.webp","kg","","active"
"erco-buschhacker-ghx-ch1900zapf","Erco Buschhacker GHX-CH1900ZAPF","<h3>Erco Häcksler Buschhacker GHX-CH1900ZAPF</h3>
Entdecken Sie die professionelle Leistung dieses hochwertigen Gartenwerkzeugs. mit 15 kW Leistung bietet dieses Gerät optimale Ergebnisse für anspruchsvolle Gartenarbeiten.

Die einfache Öffnung des Häckselwerks ermöglicht eine schnelle und unkomplizierte Wartung des Rotors. Regelmäßige Wartung ist wichtig für die Langlebigkeit und Zuverlässigkeit des Geräts und stellt sicher, dass die Leistung über viele Jahre hinweg konstant bleibt.

Dieses professionelle Gerät überzeugt durch seine robuste Bauweise und die durchdachten technischen Lösungen. Die Kombination aus hoher Leistung, intelligenter Steuerung und benutzerfreundlichem Design macht es zur idealen Wahl für anspruchsvolle Garten- und Landschaftspflegearbeiten.
<h4>Technische Highlights:</h4>
<ul>
  <li><strong>Leistung:</strong> 15 kW - Optimale Power für professionelle Anwendungen</li>
</ul>
<strong>Investieren Sie in Qualität und Professionalität - dieses hochwertige Gartenhäcksler überzeugt durch erstklassige Verarbeitung, innovative Technik und außergewöhnliche Zuverlässigkeit. Perfekt geeignet für anspruchsvolle Garten- und Landschaftspflegeprojekte, bei denen nur das Beste gut genug ist. Mit diesem Gerät sind Sie optimal ausgestattet für alle Herausforderungen moderner Gartenarbeit.</strong>","Erco","","Gartenhäcksler","","TRUE","Title","Default Title","","","","","GHX-CH1900ZAPF-LK","","shopify","13","deny","manual","5064.40","","TRUE","TRUE","","https://lhagrarservicegmbh.de/wp-content/uploads/2026/04/y1-4.webp","1","Erco Buschhacker GHX-CH1900ZAPF","FALSE","Erco Buschhacker GHX-CH1900ZAPF","Erco Häcksler Buschhacker GHX-CH1900ZAPF - Hochwertige Ausführung für optimale Ergebnisse im Garten.","","","","GHX-CH1900ZAPF-LK","new","TRUE","https://lhagrarservicegmbh.de/wp-content/uploads/2026/04/y1-4.webp","kg","","active"
"erco-buschhacker-ghx-ch2300","Erco Buschhacker GHX-CH2300","<h3>Erco Häcksler Buschhacker GHX-CH2300</h3>
Entdecken Sie die professionelle Leistung dieses hochwertigen Gartenwerkzeugs. mit 15,5 kW Leistung bietet dieses Gerät optimale Ergebnisse für anspruchsvolle Gartenarbeiten.

Das hydraulische Selbstfahrsystem sorgt für komfortable Manövrierbarkeit und einfache Positionierung am Einsatzort. Diese Funktion erleichtert den Transport erheblich und ermöglicht einen flexiblen Einsatz an verschiedenen Arbeitsstellen ohne großen Kraftaufwand.

Die einfache Öffnung des Häckselwerks ermöglicht eine schnelle und unkomplizierte Wartung des Rotors. Regelmäßige Wartung ist wichtig für die Langlebigkeit und Zuverlässigkeit des Geräts und stellt sicher, dass die Leistung über viele Jahre hinweg konstant bleibt.

Dieses professionelle Gerät überzeugt durch seine robuste Bauweise und die durchdachten technischen Lösungen. Die Kombination aus hoher Leistung, intelligenter Steuerung und benutzerfreundlichem Design macht es zur idealen Wahl für anspruchsvolle Garten- und Landschaftspflegearbeiten.
<h4>Technische Highlights:</h4>
<ul>
  <li><strong>Leistung:</strong> 15,5 kW - Optimale Power für professionelle Anwendungen</li>
</ul>
<strong>Investieren Sie in Qualität und Professionalität - dieses hochwertige Gartenhäcksler überzeugt durch erstklassige Verarbeitung, innovative Technik und außergewöhnliche Zuverlässigkeit. Perfekt geeignet für anspruchsvolle Garten- und Landschaftspflegeprojekte, bei denen nur das Beste gut genug ist. Mit diesem Gerät sind Sie optimal ausgestattet für alle Herausforderungen moderner Gartenarbeit.</strong>","Erco","","Gartenhäcksler","","TRUE","Title","Default Title","","","","","GHX-CH2300-LK","","shopify","13","deny","manual","9900.00","","TRUE","TRUE","","https://lhagrarservicegmbh.de/wp-content/uploads/2026/04/u1-3.webp","1","Erco Buschhacker GHX-CH2300","FALSE","Erco Buschhacker GHX-CH2300","Erco Häcksler Buschhacker GHX-CH2300 - Hochwertige Ausführung für optimale Ergebnisse im Garten.","","","","GHX-CH2300-LK","new","TRUE","https://lhagrarservicegmbh.de/wp-content/uploads/2026/04/u1-3.webp","kg","","active"
"erco-buschhacker-ghx-ch2300zapf-zapfwellenhacksler","Erco Buschhacker GHX-CH2300ZAPF Zapfwellenhäcksler","<h3>Erco Häcksler Buschhacker GHX-CH2300ZAPF</h3>
Entdecken Sie die professionelle Leistung dieses hochwertigen Gartenwerkzeugs. mit 17 kW Leistung bietet dieses Gerät optimale Ergebnisse für anspruchsvolle Gartenarbeiten.

Das hydraulische Selbstfahrsystem sorgt für komfortable Manövrierbarkeit und einfache Positionierung am Einsatzort. Diese Funktion erleichtert den Transport erheblich und ermöglicht einen flexiblen Einsatz an verschiedenen Arbeitsstellen ohne großen Kraftaufwand.

Die einfache Öffnung des Häckselwerks ermöglicht eine schnelle und unkomplizierte Wartung des Rotors. Regelmäßige Wartung ist wichtig für die Langlebigkeit und Zuverlässigkeit des Geräts und stellt sicher, dass die Leistung über viele Jahre hinweg konstant bleibt.

Dieses professionelle Gerät überzeugt durch seine robuste Bauweise und die durchdachten technischen Lösungen. Die Kombination aus hoher Leistung, intelligenter Steuerung und benutzerfreundlichem Design macht es zur idealen Wahl für anspruchsvolle Garten- und Landschaftspflegearbeiten.
<h4>Technische Highlights:</h4>
<ul>
  <li><strong>Leistung:</strong> 17 kW - Optimale Power für professionelle Anwendungen</li>
</ul>
<strong>Investieren Sie in Qualität und Professionalität - dieses hochwertige Gartenhäcksler überzeugt durch erstklassige Verarbeitung, innovative Technik und außergewöhnliche Zuverlässigkeit. Perfekt geeignet für anspruchsvolle Garten- und Landschaftspflegeprojekte, bei denen nur das Beste gut genug ist. Mit diesem Gerät sind Sie optimal ausgestattet für alle Herausforderungen moderner Gartenarbeit.</strong>","Erco","","Gartenhäcksler","","TRUE","Title","Default Title","","","","","GHX-CH2300ZAPF-LK","","shopify","14","deny","manual","7350.00","","TRUE","TRUE","","https://lhagrarservicegmbh.de/wp-content/uploads/2026/04/o1-1.webp","1","Erco Buschhacker GHX-CH2300ZAPF Zapfwellenhäcksler","FALSE","Erco Buschhacker GHX-CH2300ZAPF Zapfwellenhäcksler","Erco Häcksler Buschhacker GHX-CH2300ZAPF - Hochwertige Ausführung für optimale Ergebnisse im Garten.","","","","GHX-CH2300ZAPF-LK","new","TRUE","https://lhagrarservicegmbh.de/wp-content/uploads/2026/04/o1-1.webp","kg","","active"
"erco-buschhacker-ghx-ch2350r","Erco Buschhacker GHX-CH2350R","<h3>Erco Häcksler Buschhacker GHX-CH2350R</h3>
Entdecken Sie die professionelle Leistung dieses hochwertigen Gartenwerkzeugs. mit 19,5 kW Leistung bietet dieses Gerät optimale Ergebnisse für anspruchsvolle Gartenarbeiten.

Die einfache Öffnung des Häckselwerks ermöglicht eine schnelle und unkomplizierte Wartung des Rotors. Regelmäßige Wartung ist wichtig für die Langlebigkeit und Zuverlässigkeit des Geräts und stellt sicher, dass die Leistung über viele Jahre hinweg konstant bleibt.

Dieses professionelle Gerät überzeugt durch seine robuste Bauweise und die durchdachten technischen Lösungen. Die Kombination aus hoher Leistung, intelligenter Steuerung und benutzerfreundlichem Design macht es zur idealen Wahl für anspruchsvolle Garten- und Landschaftspflegearbeiten.
<h4>Technische Highlights:</h4>
<ul>
  <li><strong>Leistung:</strong> 19,5 kW - Optimale Power für professionelle Anwendungen</li>
</ul>
<strong>Investieren Sie in Qualität und Professionalität - dieses hochwertige Gartenhäcksler überzeugt durch erstklassige Verarbeitung, innovative Technik und außergewöhnliche Zuverlässigkeit. Perfekt geeignet für anspruchsvolle Garten- und Landschaftspflegeprojekte, bei denen nur das Beste gut genug ist. Mit diesem Gerät sind Sie optimal ausgestattet für alle Herausforderungen moderner Gartenarbeit.</strong>","Erco","","Gartenhäcksler","","TRUE","Title","Default Title","","","","","KER-GHX-CH2350R-LK","","shopify","13","deny","manual","28980.75","","TRUE","TRUE","","https://lhagrarservicegmbh.de/wp-content/uploads/2026/04/p1-1.webp","1","Erco Buschhacker GHX-CH2350R","FALSE","Erco Buschhacker GHX-CH2350R","Erco Häcksler Buschhacker GHX-CH2350R - Hochwertige Ausführung für optimale Ergebnisse im Garten.","","","","KER-GHX-CH2350R-LK","new","TRUE","https://lhagrarservicegmbh.de/wp-content/uploads/2026/04/p1-1.webp","kg","","active"
"erco-holzhacksler-ghx-ch2500","Erco Holzhäcksler GHX-CH2500","<h3>Erco Häcksler Holzschnitzler GHX-CH2500</h3>
Entdecken Sie die professionelle Leistung dieses hochwertigen Gartenwerkzeugs. bietet dieses Gerät optimale Ergebnisse für anspruchsvolle Gartenarbeiten.

Die einfache Öffnung des Häckselwerks ermöglicht eine schnelle und unkomplizierte Wartung des Rotors. Regelmäßige Wartung ist wichtig für die Langlebigkeit und Zuverlässigkeit des Geräts und stellt sicher, dass die Leistung über viele Jahre hinweg konstant bleibt.

Dieses professionelle Gerät überzeugt durch seine robuste Bauweise und die durchdachten technischen Lösungen. Die Kombination aus hoher Leistung, intelligenter Steuerung und benutzerfreundlichem Design macht es zur idealen Wahl für anspruchsvolle Garten- und Landschaftspflegearbeiten.

<strong>Investieren Sie in Qualität und Professionalität - dieses hochwertige Gartenhäcksler überzeugt durch erstklassige Verarbeitung, innovative Technik und außergewöhnliche Zuverlässigkeit. Perfekt geeignet für anspruchsvolle Garten- und Landschaftspflegeprojekte, bei denen nur das Beste gut genug ist. Mit diesem Gerät sind Sie optimal ausgestattet für alle Herausforderungen moderner Gartenarbeit.</strong>","Erco","","Gartenhäcksler","","TRUE","Title","Default Title","","","","","LER-GHX-CH2500-LK","","shopify","12","deny","manual","19216.40","","TRUE","TRUE","","https://lhagrarservicegmbh.de/wp-content/uploads/2026/04/q1-1.webp","1","Erco Holzhäcksler GHX-CH2500","FALSE","Erco Holzhäcksler GHX-CH2500","Erco Häcksler Holzschnitzler GHX-CH2500 - Hochwertige Ausführung für optimale Ergebnisse im Garten.","","","","LER-GHX-CH2500-LK","new","TRUE","https://lhagrarservicegmbh.de/wp-content/uploads/2026/04/q1-1.webp","kg","","active"
"erco-holzhacksler-ghx-ch2500d","Erco Holzhäcksler GHX-CH2500D","<h3>Erco Häcksler Holzschnitzler GHX-CH2500D</h3>
Entdecken Sie die professionelle Leistung dieses hochwertigen Gartenwerkzeugs. mit 19,5 kW Leistung bietet dieses Gerät optimale Ergebnisse für anspruchsvolle Gartenarbeiten.

Das 3-Gang-Einzugswalzen-System ermöglicht eine optimale Materialzuführung für unterschiedliche Materialarten. Die berührungsempfindlichen Tasten zur Steuerung der Einzugsdrehrichtung erlauben eine präzise Kontrolle über den Arbeitsprozess und eine schnelle Anpassung an verschiedene Materialien.

Die einfache Öffnung des Häckselwerks ermöglicht eine schnelle und unkomplizierte Wartung des Rotors. Regelmäßige Wartung ist wichtig für die Langlebigkeit und Zuverlässigkeit des Geräts und stellt sicher, dass die Leistung über viele Jahre hinweg konstant bleibt.

Dieses professionelle Gerät überzeugt durch seine robuste Bauweise und die durchdachten technischen Lösungen. Die Kombination aus hoher Leistung, intelligenter Steuerung und benutzerfreundlichem Design macht es zur idealen Wahl für anspruchsvolle Garten- und Landschaftspflegearbeiten.
<h4>Technische Highlights:</h4>
<ul>
  <li><strong>Leistung:</strong> 19,5 kW - Optimale Power für professionelle Anwendungen</li>
</ul>
<strong>Investieren Sie in Qualität und Professionalität - dieses hochwertige Gartenhäcksler überzeugt durch erstklassige Verarbeitung, innovative Technik und außergewöhnliche Zuverlässigkeit. Perfekt geeignet für anspruchsvolle Garten- und Landschaftspflegeprojekte, bei denen nur das Beste gut genug ist. Mit diesem Gerät sind Sie optimal ausgestattet für alle Herausforderungen moderner Gartenarbeit.</strong>","Erco","","Gartenhäcksler","","TRUE","Title","Default Title","","","","","R-GHX-CH2500D-LK","","shopify","13","deny","manual","27800.00","","TRUE","TRUE","","https://lhagrarservicegmbh.de/wp-content/uploads/2026/04/s1-1.webp","1","Erco Holzhäcksler GHX-CH2500D","FALSE","Erco Holzhäcksler GHX-CH2500D","Erco Häcksler Holzschnitzler GHX-CH2500D - Hochwertige Ausführung für optimale Ergebnisse im Garten.","","","","R-GHX-CH2500D-LK","new","TRUE","https://lhagrarservicegmbh.de/wp-content/uploads/2026/04/s1-1.webp","kg","","active"
"erco-holzhacksler-ghx-ch2500zapf-zapfwellenhacksler","Erco Holzhäcksler GHX-CH2500ZAPF Zapfwellenhäcksler","<h3>Erco Häcksler Holzschnitzler GHX-CH2500ZAPF</h3>
Entdecken Sie die professionelle Leistung dieses hochwertigen Gartenwerkzeugs. mit 17 kW Leistung bietet dieses Gerät optimale Ergebnisse für anspruchsvolle Gartenarbeiten.

Das 3-Gang-Einzugswalzen-System ermöglicht eine optimale Materialzuführung für unterschiedliche Materialarten. Die berührungsempfindlichen Tasten zur Steuerung der Einzugsdrehrichtung erlauben eine präzise Kontrolle über den Arbeitsprozess und eine schnelle Anpassung an verschiedene Materialien.

Die einfache Öffnung des Häckselwerks ermöglicht eine schnelle und unkomplizierte Wartung des Rotors. Regelmäßige Wartung ist wichtig für die Langlebigkeit und Zuverlässigkeit des Geräts und stellt sicher, dass die Leistung über viele Jahre hinweg konstant bleibt.

Dieses professionelle Gerät überzeugt durch seine robuste Bauweise und die durchdachten technischen Lösungen. Die Kombination aus hoher Leistung, intelligenter Steuerung und benutzerfreundlichem Design macht es zur idealen Wahl für anspruchsvolle Garten- und Landschaftspflegearbeiten.
<h4>Technische Highlights:</h4>
<ul>
  <li><strong>Leistung:</strong> 17 kW - Optimale Power für professionelle Anwendungen</li>
</ul>
<strong>Investieren Sie in Qualität und Professionalität - dieses hochwertige Gartenhäcksler überzeugt durch erstklassige Verarbeitung, innovative Technik und außergewöhnliche Zuverlässigkeit. Perfekt geeignet für anspruchsvolle Garten- und Landschaftspflegeprojekte, bei denen nur das Beste gut genug ist. Mit diesem Gerät sind Sie optimal ausgestattet für alle Herausforderungen moderner Gartenarbeit.</strong>","Erco","","Gartenhäcksler","","TRUE","Title","Default Title","","","","","GHX-CH2500ZAPF-LK","","shopify","13","deny","manual","11061.25","11261.00","TRUE","TRUE","","https://lhagrarservicegmbh.de/wp-content/uploads/2026/04/d1-1.webp","1","Erco Holzhäcksler GHX-CH2500ZAPF Zapfwellenhäcksler","FALSE","Erco Holzhäcksler GHX-CH2500ZAPF Zapfwellenhäcksler","Erco Häcksler Holzschnitzler GHX-CH2500ZAPF - Hochwertige Ausführung für optimale Ergebnisse im Garten.","","","","GHX-CH2500ZAPF-LK","new","TRUE","https://lhagrarservicegmbh.de/wp-content/uploads/2026/04/d1-1.webp","kg","","active"
"remarc-elektro-hacksler-kompostmeister-2-4","Remarc Elektro-Häcksler Kompostmeister 2.4","<h3>Remarc Elektro-Häcksler KOMPOSTMEISTER 2.4</h3>
Entdecken Sie die professionelle Leistung dieses hochwertigen Gartenwerkzeugs. mit 2,4 kW Leistung bietet dieses Gerät optimale Ergebnisse für anspruchsvolle Gartenarbeiten.

Durch seine praktisches Gewicht von 350 kg zeichnet sich dieses Modell besonders aus. Die durchdachte Konstruktion ermöglicht effiziente Arbeitsabläufe und professionelle Ergebnisse.

Die einfache Öffnung des Häckselwerks ermöglicht eine schnelle und unkomplizierte Wartung des Rotors. Regelmäßige Wartung ist wichtig für die Langlebigkeit und Zuverlässigkeit des Geräts und stellt sicher, dass die Leistung über viele Jahre hinweg konstant bleibt.

Dieses professionelle Gerät überzeugt durch seine robuste Bauweise und die durchdachten technischen Lösungen. Die Kombination aus hoher Leistung, intelligenter Steuerung und benutzerfreundlichem Design macht es zur idealen Wahl für anspruchsvolle Garten- und Landschaftspflegearbeiten.
<h4>Technische Highlights:</h4>
<ul>
  <li><strong>Leistung:</strong> 2,4 kW - Optimale Power für professionelle Anwendungen</li>
  <li><strong>Gewicht:</strong> 350 kg - Ausgewogenes Verhältnis von Stabilität und Mobilität</li>
</ul>
<strong>Investieren Sie in Qualität und Professionalität - dieses hochwertige Gartenhäcksler überzeugt durch erstklassige Verarbeitung, innovative Technik und außergewöhnliche Zuverlässigkeit. Perfekt geeignet für anspruchsvolle Garten- und Landschaftspflegeprojekte, bei denen nur das Beste gut genug ist. Mit diesem Gerät sind Sie optimal ausgestattet für alle Herausforderungen moderner Gartenarbeit.</strong>","Remarc","","Gartenhäcksler","","TRUE","Title","Default Title","","","","","KOMPOSTMEISTER-2-4-LK","","shopify","12","deny","manual","1150.95","","TRUE","TRUE","","https://lhagrarservicegmbh.de/wp-content/uploads/2026/04/f1-1.webp","1","Remarc Elektro-Häcksler Kompostmeister 2.4","FALSE","Remarc Elektro-Häcksler Kompostmeister 2.4","Remarc Elektro-Häcksler KOMPOSTMEISTER 2.4 - Hochwertige Ausführung für optimale Ergebnisse im Garten.","","","","KOMPOSTMEISTER-2-4-LK","new","TRUE","https://lhagrarservicegmbh.de/wp-content/uploads/2026/04/f1-1.webp","kg","","active"
"stihl-benzin-gartenhacksler-gh-460-hacksler","STIHL Benzin-Gartenhäcksler GH 460 Häcksler","<h3>STIHL Benzin-Gartenhäcksler GH 460</h3>
Entdecken Sie die professionelle Leistung dieses hochwertigen Gartenwerkzeugs. mit 3,4 kW Leistung bietet dieses Gerät optimale Ergebnisse für anspruchsvolle Gartenarbeiten.

Durch seine kompakte Arbeitsbreite von nur 60 mm zeichnet sich dieses Modell besonders aus. Die durchdachte Konstruktion ermöglicht effiziente Arbeitsabläufe und professionelle Ergebnisse.

Die einfache Öffnung des Häckselwerks ermöglicht eine schnelle und unkomplizierte Wartung des Rotors. Regelmäßige Wartung ist wichtig für die Langlebigkeit und Zuverlässigkeit des Geräts und stellt sicher, dass die Leistung über viele Jahre hinweg konstant bleibt.

Dieses professionelle Gerät überzeugt durch seine robuste Bauweise und die durchdachten technischen Lösungen. Die Kombination aus hoher Leistung, intelligenter Steuerung und benutzerfreundlichem Design macht es zur idealen Wahl für anspruchsvolle Garten- und Landschaftspflegearbeiten.
<h4>Technische Highlights:</h4>
<ul>
  <li><strong>Leistung:</strong> 3,4 kW - Optimale Power für professionelle Anwendungen</li>
  <li><strong>Arbeitsbreite:</strong> 60 mm - Kompakt und wendig für verschiedene Einsatzbereiche</li>
</ul>
<strong>Investieren Sie in Qualität und Professionalität - dieses hochwertige Gartenhäcksler überzeugt durch erstklassige Verarbeitung, innovative Technik und außergewöhnliche Zuverlässigkeit. Perfekt geeignet für anspruchsvolle Garten- und Landschaftspflegeprojekte, bei denen nur das Beste gut genug ist. Mit diesem Gerät sind Sie optimal ausgestattet für alle Herausforderungen moderner Gartenarbeit.</strong>","STIHL","","Gartenhäcksler","","TRUE","Title","Default Title","","","","","LER-GH-460-LK","","shopify","14","deny","manual","1806.00","","TRUE","TRUE","","https://lhagrarservicegmbh.de/wp-content/uploads/2026/04/g1.webp","1","STIHL Benzin-Gartenhäcksler GH 460 Häcksler","FALSE","STIHL Benzin-Gartenhäcksler GH 460 Häcksler","STIHL Benzin-Gartenhäcksler GH 460 - Hochwertige Ausführung für optimale Ergebnisse im Garten.","","","","LER-GH-460-LK","new","TRUE","https://lhagrarservicegmbh.de/wp-content/uploads/2026/04/g1.webp","kg","","active"
"anschlag-fur-kreissageblatter-200mm","Anschlag für Kreissägeblätter Ø 200mm","<h3>Anschlag für Kreissägeblätter, Ø 200 mm</h3>
Entdecken Sie die professionelle Leistung dieses hochwertigen Gartenwerkzeugs. bietet dieses Gerät optimale Ergebnisse für anspruchsvolle Gartenarbeiten.

Die einfache Öffnung des Häckselwerks ermöglicht eine schnelle und unkomplizierte Wartung des Rotors. Regelmäßige Wartung ist wichtig für die Langlebigkeit und Zuverlässigkeit des Geräts und stellt sicher, dass die Leistung über viele Jahre hinweg konstant bleibt.

Dieses professionelle Gerät überzeugt durch seine robuste Bauweise und die durchdachten technischen Lösungen. Die Kombination aus hoher Leistung, intelligenter Steuerung und benutzerfreundlichem Design macht es zur idealen Wahl für anspruchsvolle Garten- und Landschaftspflegearbeiten.

<strong>Investieren Sie in Qualität und Professionalität - dieses hochwertige Motorsensen &amp; Freischneider überzeugt durch erstklassige Verarbeitung, innovative Technik und außergewöhnliche Zuverlässigkeit. Perfekt geeignet für anspruchsvolle Garten- und Landschaftspflegeprojekte, bei denen nur das Beste gut genug ist. Mit diesem Gerät sind Sie optimal ausgestattet für alle Herausforderungen moderner Gartenarbeit.</strong>","Zubehör","","Motorsensen & Freischneider","","TRUE","Title","Default Title","","","","","ATTER-O-200-MM-LK","","shopify","13","deny","manual","24.00","","TRUE","TRUE","","https://lhagrarservicegmbh.de/wp-content/uploads/2026/04/a1-12.webp","1","Anschlag für Kreissägeblätter Ø 200mm","FALSE","Anschlag für Kreissägeblätter Ø 200mm","Anschlag für Kreissägeblätter, Ø 200 mm - Hochwertige Ausführung für optimale Ergebnisse im Garten.","","","","ATTER-O-200-MM-LK","new","TRUE","https://lhagrarservicegmbh.de/wp-content/uploads/2026/04/a1-12.webp","kg","","active"
"anschlag-fur-kreissageblatter-225mm","Anschlag für Kreissägeblätter Ø 225mm","<h3>Anschlag für Kreissägeblätter, Ø 225 mm</h3>
Entdecken Sie die professionelle Leistung dieses hochwertigen Gartenwerkzeugs. bietet dieses Gerät optimale Ergebnisse für anspruchsvolle Gartenarbeiten.

Die einfache Öffnung des Häckselwerks ermöglicht eine schnelle und unkomplizierte Wartung des Rotors. Regelmäßige Wartung ist wichtig für die Langlebigkeit und Zuverlässigkeit des Geräts und stellt sicher, dass die Leistung über viele Jahre hinweg konstant bleibt.

Dieses professionelle Gerät überzeugt durch seine robuste Bauweise und die durchdachten technischen Lösungen. Die Kombination aus hoher Leistung, intelligenter Steuerung und benutzerfreundlichem Design macht es zur idealen Wahl für anspruchsvolle Garten- und Landschaftspflegearbeiten.

<strong>Investieren Sie in Qualität und Professionalität - dieses hochwertige Motorsensen &amp; Freischneider überzeugt durch erstklassige Verarbeitung, innovative Technik und außergewöhnliche Zuverlässigkeit. Perfekt geeignet für anspruchsvolle Garten- und Landschaftspflegeprojekte, bei denen nur das Beste gut genug ist. Mit diesem Gerät sind Sie optimal ausgestattet für alle Herausforderungen moderner Gartenarbeit.</strong>","Zubehör","","Motorsensen & Freischneider","","TRUE","Title","Default Title","","","","","TER-O-225-MM-LK","","shopify","14","deny","manual","30.00","","TRUE","TRUE","","https://lhagrarservicegmbh.de/wp-content/uploads/2026/04/a1-12.webp","1","Anschlag für Kreissägeblätter Ø 225mm","FALSE","Anschlag für Kreissägeblätter Ø 225mm","Anschlag für Kreissägeblätter, Ø 225 mm - Hochwertige Ausführung für optimale Ergebnisse im Garten.","","","","TER-O-225-MM-LK","new","TRUE","https://lhagrarservicegmbh.de/wp-content/uploads/2026/04/a1-12.webp","kg","","active"
"arnold-trimmerfaden-4-kant-4mm","Arnold Trimmerfaden 4-kant Ø 4mm","<h3>Auf Lager Arnold Trimmerfaden, 4-kant, Ø</h3>
Entdecken Sie die professionelle Leistung dieses hochwertigen Gartenwerkzeugs. bietet dieses Gerät optimale Ergebnisse für anspruchsvolle Gartenarbeiten.

Die einfache Öffnung des Häckselwerks ermöglicht eine schnelle und unkomplizierte Wartung des Rotors. Regelmäßige Wartung ist wichtig für die Langlebigkeit und Zuverlässigkeit des Geräts und stellt sicher, dass die Leistung über viele Jahre hinweg konstant bleibt.

Dieses professionelle Gerät überzeugt durch seine robuste Bauweise und die durchdachten technischen Lösungen. Die Kombination aus hoher Leistung, intelligenter Steuerung und benutzerfreundlichem Design macht es zur idealen Wahl für anspruchsvolle Garten- und Landschaftspflegearbeiten.

<strong>Investieren Sie in Qualität und Professionalität - dieses hochwertige Motorsensen &amp; Freischneider überzeugt durch erstklassige Verarbeitung, innovative Technik und außergewöhnliche Zuverlässigkeit. Perfekt geeignet für anspruchsvolle Garten- und Landschaftspflegeprojekte, bei denen nur das Beste gut genug ist. Mit diesem Gerät sind Sie optimal ausgestattet für alle Herausforderungen moderner Gartenarbeit.</strong>","Arnold","","Motorsensen & Freischneider","","TRUE","Title","Default Title","","","","","DEN-4-KANT-O-39MM-27M-LK","","shopify","13","deny","manual","15.00","","TRUE","TRUE","","https://lhagrarservicegmbh.de/wp-content/uploads/2026/04/z1-14.webp","1","Arnold Trimmerfaden 4-kant Ø 4mm","FALSE","Arnold Trimmerfaden 4-kant Ø 4mm","Auf Lager Arnold Trimmerfaden, 4-kant, Ø - Hochwertige Ausführung für optimale Ergebnisse im Garten.","","","","DEN-4-KANT-O-39MM-27M-LK","new","TRUE","https://lhagrarservicegmbh.de/wp-content/uploads/2026/04/z1-14.webp","kg","","active"
"cramer-akku-freischneider-optimus-tb20l","Cramer Akku-Freischneider Optimus TB20L","<h3>Cramer Akku-Freischeider Optimus TB20L</h3>
Entdecken Sie die professionelle Leistung dieses hochwertigen Gartenwerkzeugs. mit 2,0 kW Leistung bietet dieses Gerät optimale Ergebnisse für anspruchsvolle Gartenarbeiten.

Die einfache Öffnung des Häckselwerks ermöglicht eine schnelle und unkomplizierte Wartung des Rotors. Regelmäßige Wartung ist wichtig für die Langlebigkeit und Zuverlässigkeit des Geräts und stellt sicher, dass die Leistung über viele Jahre hinweg konstant bleibt.

Dieses professionelle Gerät überzeugt durch seine robuste Bauweise und die durchdachten technischen Lösungen. Die Kombination aus hoher Leistung, intelligenter Steuerung und benutzerfreundlichem Design macht es zur idealen Wahl für anspruchsvolle Garten- und Landschaftspflegearbeiten.
<h4>Technische Highlights:</h4>
<ul>
  <li><strong>Leistung:</strong> 2,0 kW - Optimale Power für professionelle Anwendungen</li>
</ul>
<strong>Investieren Sie in Qualität und Professionalität - dieses hochwertige Motorsensen &amp; Freischneider überzeugt durch erstklassige Verarbeitung, innovative Technik und außergewöhnliche Zuverlässigkeit. Perfekt geeignet für anspruchsvolle Garten- und Landschaftspflegeprojekte, bei denen nur das Beste gut genug ist. Mit diesem Gerät sind Sie optimal ausgestattet für alle Herausforderungen moderner Gartenarbeit.</strong>","Cramer","","Motorsensen & Freischneider","","TRUE","Title","Default Title","","","","","NIEDRIGER-GRIFF-OHNE","","shopify","13","deny","manual","510.15","","TRUE","TRUE","","https://lhagrarservicegmbh.de/wp-content/uploads/2026/04/e1-8.webp","1","Cramer Akku-Freischneider Optimus TB20L","FALSE","Cramer Akku-Freischneider Optimus TB20L","Cramer Akku-Freischeider Optimus TB20L - Hochwertige Ausführung für optimale Ergebnisse im Garten.","","","","NIEDRIGER-GRIFF-OHNE","new","TRUE","https://lhagrarservicegmbh.de/wp-content/uploads/2026/04/e1-8.webp","kg","","active"
"cramer-akku-freischneider-48tb10-inkl-akku","Cramer Akku-Freischneider 48TB10 inkl. Akku","<h3>Cramer Akku-Freischneider 48TB10 – inkl.</h3>
Entdecken Sie die professionelle Leistung dieses hochwertigen Gartenwerkzeugs. mit 1,0 kW Leistung bietet dieses Gerät optimale Ergebnisse für anspruchsvolle Gartenarbeiten.

Durch seine kompakte Arbeitsbreite von nur 0 mm zeichnet sich dieses Modell besonders aus. Die durchdachte Konstruktion ermöglicht effiziente Arbeitsabläufe und professionelle Ergebnisse.

Die einfache Öffnung des Häckselwerks ermöglicht eine schnelle und unkomplizierte Wartung des Rotors. Regelmäßige Wartung ist wichtig für die Langlebigkeit und Zuverlässigkeit des Geräts und stellt sicher, dass die Leistung über viele Jahre hinweg konstant bleibt.

Dieses professionelle Gerät überzeugt durch seine robuste Bauweise und die durchdachten technischen Lösungen. Die Kombination aus hoher Leistung, intelligenter Steuerung und benutzerfreundlichem Design macht es zur idealen Wahl für anspruchsvolle Garten- und Landschaftspflegearbeiten.
<h4>Technische Highlights:</h4>
<ul>
  <li><strong>Leistung:</strong> 1,0 kW - Optimale Power für professionelle Anwendungen</li>
  <li><strong>Arbeitsbreite:</strong> 0 mm - Kompakt und wendig für verschiedene Einsatzbereiche</li>
</ul>
<strong>Investieren Sie in Qualität und Professionalität - dieses hochwertige Motorsensen &amp; Freischneider überzeugt durch erstklassige Verarbeitung, innovative Technik und außergewöhnliche Zuverlässigkeit. Perfekt geeignet für anspruchsvolle Garten- und Landschaftspflegeprojekte, bei denen nur das Beste gut genug ist. Mit diesem Gerät sind Sie optimal ausgestattet für alle Herausforderungen moderner Gartenarbeit.</strong>","Cramer","","Motorsensen & Freischneider","","TRUE","Title","Default Title","","","","","KL-AKKU-LADEGERAT-LK","","shopify","14","deny","manual","310.00","","TRUE","TRUE","","https://lhagrarservicegmbh.de/wp-content/uploads/2026/04/r1-12.webp","1","Cramer Akku-Freischneider 48TB10 inkl. Akku","FALSE","Cramer Akku-Freischneider 48TB10 inkl. Akku","Cramer Akku-Freischneider 48TB10 – inkl. - Hochwertige Ausführung für optimale Ergebnisse im Garten.","","","","KL-AKKU-LADEGERAT-LK","new","TRUE","https://lhagrarservicegmbh.de/wp-content/uploads/2026/04/r1-12.webp","kg","","active"
"cramer-akku-freischneider-82t12-ohne-akku","Cramer Akku-Freischneider 82T12 ohne Akku","<h3>Cramer Akku-Freischneider 82T12 – ohne</h3>
Entdecken Sie die professionelle Leistung dieses hochwertigen Gartenwerkzeugs. mit 1,2 kW Leistung bietet dieses Gerät optimale Ergebnisse für anspruchsvolle Gartenarbeiten.

Die einfache Öffnung des Häckselwerks ermöglicht eine schnelle und unkomplizierte Wartung des Rotors. Regelmäßige Wartung ist wichtig für die Langlebigkeit und Zuverlässigkeit des Geräts und stellt sicher, dass die Leistung über viele Jahre hinweg konstant bleibt.

Dieses professionelle Gerät überzeugt durch seine robuste Bauweise und die durchdachten technischen Lösungen. Die Kombination aus hoher Leistung, intelligenter Steuerung und benutzerfreundlichem Design macht es zur idealen Wahl für anspruchsvolle Garten- und Landschaftspflegearbeiten.
<h4>Technische Highlights:</h4>
<ul>
  <li><strong>Leistung:</strong> 1,2 kW - Optimale Power für professionelle Anwendungen</li>
</ul>
<strong>Investieren Sie in Qualität und Professionalität - dieses hochwertige Motorsensen &amp; Freischneider überzeugt durch erstklassige Verarbeitung, innovative Technik und außergewöhnliche Zuverlässigkeit. Perfekt geeignet für anspruchsvolle Garten- und Landschaftspflegeprojekte, bei denen nur das Beste gut genug ist. Mit diesem Gerät sind Sie optimal ausgestattet für alle Herausforderungen moderner Gartenarbeit.</strong>","Cramer","","Motorsensen & Freischneider","","TRUE","Title","Default Title","","","","","OHNE-AKKU-LADEGERAT-LK","","shopify","13","deny","manual","335.00","","TRUE","TRUE","","https://lhagrarservicegmbh.de/wp-content/uploads/2026/04/t1-9.webp","1","Cramer Akku-Freischneider 82T12 ohne Akku","FALSE","Cramer Akku-Freischneider 82T12 ohne Akku","Cramer Akku-Freischneider 82T12 – ohne - Hochwertige Ausführung für optimale Ergebnisse im Garten.","","","","OHNE-AKKU-LADEGERAT-LK","new","TRUE","https://lhagrarservicegmbh.de/wp-content/uploads/2026/04/t1-9.webp","kg","","active"
"cramer-akku-motorsense-48tx10-ohne-akku","Cramer Akku-Motorsense 48TX10 ohne Akku","<h3>Cramer Akku-Motorsense 48TX10 – ohne Akku</h3>
Entdecken Sie die professionelle Leistung dieses hochwertigen Gartenwerkzeugs. mit 1,0 kW Leistung bietet dieses Gerät optimale Ergebnisse für anspruchsvolle Gartenarbeiten.

Die einfache Öffnung des Häckselwerks ermöglicht eine schnelle und unkomplizierte Wartung des Rotors. Regelmäßige Wartung ist wichtig für die Langlebigkeit und Zuverlässigkeit des Geräts und stellt sicher, dass die Leistung über viele Jahre hinweg konstant bleibt.

Dieses professionelle Gerät überzeugt durch seine robuste Bauweise und die durchdachten technischen Lösungen. Die Kombination aus hoher Leistung, intelligenter Steuerung und benutzerfreundlichem Design macht es zur idealen Wahl für anspruchsvolle Garten- und Landschaftspflegearbeiten.
<h4>Technische Highlights:</h4>
<ul>
  <li><strong>Leistung:</strong> 1,0 kW - Optimale Power für professionelle Anwendungen</li>
</ul>
<strong>Investieren Sie in Qualität und Professionalität - dieses hochwertige Motorsensen &amp; Freischneider überzeugt durch erstklassige Verarbeitung, innovative Technik und außergewöhnliche Zuverlässigkeit. Perfekt geeignet für anspruchsvolle Garten- und Landschaftspflegeprojekte, bei denen nur das Beste gut genug ist. Mit diesem Gerät sind Sie optimal ausgestattet für alle Herausforderungen moderner Gartenarbeit.</strong>","Cramer","","Motorsensen & Freischneider","","TRUE","Title","Default Title","","","","","DEGERAT-LK","","shopify","13","deny","manual","167.00","","TRUE","TRUE","","https://lhagrarservicegmbh.de/wp-content/uploads/2026/04/y1-8.webp","1","Cramer Akku-Motorsense 48TX10 ohne Akku","FALSE","Cramer Akku-Motorsense 48TX10 ohne Akku","Cramer Akku-Motorsense 48TX10 – ohne Akku - Hochwertige Ausführung für optimale Ergebnisse im Garten.","","","","DEGERAT-LK","new","TRUE","https://lhagrarservicegmbh.de/wp-content/uploads/2026/04/y1-8.webp","kg","","active"
"cramer-akku-motorsense-82tb20-ohne-akku","Cramer Akku-Motorsense 82TB20 ohne Akku","<h3>Cramer Akku-Motorsense 82TB20 – ohne Akku</h3>
Entdecken Sie die professionelle Leistung dieses hochwertigen Gartenwerkzeugs. mit 2 kW Leistung bietet dieses Gerät optimale Ergebnisse für anspruchsvolle Gartenarbeiten.

Die einfache Öffnung des Häckselwerks ermöglicht eine schnelle und unkomplizierte Wartung des Rotors. Regelmäßige Wartung ist wichtig für die Langlebigkeit und Zuverlässigkeit des Geräts und stellt sicher, dass die Leistung über viele Jahre hinweg konstant bleibt.

Dieses professionelle Gerät überzeugt durch seine robuste Bauweise und die durchdachten technischen Lösungen. Die Kombination aus hoher Leistung, intelligenter Steuerung und benutzerfreundlichem Design macht es zur idealen Wahl für anspruchsvolle Garten- und Landschaftspflegearbeiten.
<h4>Technische Highlights:</h4>
<ul>
  <li><strong>Leistung:</strong> 2 kW - Optimale Power für professionelle Anwendungen</li>
</ul>
<strong>Investieren Sie in Qualität und Professionalität - dieses hochwertige Motorsensen &amp; Freischneider überzeugt durch erstklassige Verarbeitung, innovative Technik und außergewöhnliche Zuverlässigkeit. Perfekt geeignet für anspruchsvolle Garten- und Landschaftspflegeprojekte, bei denen nur das Beste gut genug ist. Mit diesem Gerät sind Sie optimal ausgestattet für alle Herausforderungen moderner Gartenarbeit.</strong>","Cramer","","Motorsensen & Freischneider","","TRUE","Title","Default Title","","","","","ADEGERAT-LK","","shopify","13","deny","manual","413.00","","TRUE","TRUE","","https://lhagrarservicegmbh.de/wp-content/uploads/2026/04/u1-8.webp","1","Cramer Akku-Motorsense 82TB20 ohne Akku","FALSE","Cramer Akku-Motorsense 82TB20 ohne Akku","Cramer Akku-Motorsense 82TB20 – ohne Akku - Hochwertige Ausführung für optimale Ergebnisse im Garten.","","","","ADEGERAT-LK","new","TRUE","https://lhagrarservicegmbh.de/wp-content/uploads/2026/04/u1-8.webp","kg","","active"
"cramer-akku-motorsense-optimus-t16-ohne-akku","Cramer Akku-Motorsense Optimus T16 ohne Akku","<h3>Cramer Akku-Motorsense Optimus T16 – ohne</h3>
Entdecken Sie die professionelle Leistung dieses hochwertigen Gartenwerkzeugs. mit 1,6 kW Leistung bietet dieses Gerät optimale Ergebnisse für anspruchsvolle Gartenarbeiten.

Durch seine kompakte Arbeitsbreite von nur 25 mm zeichnet sich dieses Modell besonders aus. Die durchdachte Konstruktion ermöglicht effiziente Arbeitsabläufe und professionelle Ergebnisse.

Die einfache Öffnung des Häckselwerks ermöglicht eine schnelle und unkomplizierte Wartung des Rotors. Regelmäßige Wartung ist wichtig für die Langlebigkeit und Zuverlässigkeit des Geräts und stellt sicher, dass die Leistung über viele Jahre hinweg konstant bleibt.

Dieses professionelle Gerät überzeugt durch seine robuste Bauweise und die durchdachten technischen Lösungen. Die Kombination aus hoher Leistung, intelligenter Steuerung und benutzerfreundlichem Design macht es zur idealen Wahl für anspruchsvolle Garten- und Landschaftspflegearbeiten.
<h4>Technische Highlights:</h4>
<ul>
  <li><strong>Leistung:</strong> 1,6 kW - Optimale Power für professionelle Anwendungen</li>
  <li><strong>Arbeitsbreite:</strong> 25 mm - Kompakt und wendig für verschiedene Einsatzbereiche</li>
</ul>
<strong>Investieren Sie in Qualität und Professionalität - dieses hochwertige Motorsensen &amp; Freischneider überzeugt durch erstklassige Verarbeitung, innovative Technik und außergewöhnliche Zuverlässigkeit. Perfekt geeignet für anspruchsvolle Garten- und Landschaftspflegeprojekte, bei denen nur das Beste gut genug ist. Mit diesem Gerät sind Sie optimal ausgestattet für alle Herausforderungen moderner Gartenarbeit.</strong>","Cramer","","Motorsensen & Freischneider","","TRUE","Title","Default Title","","","","","AKKU-LADEGERAT-LK","","shopify","14","deny","manual","400.00","455.00","TRUE","TRUE","","https://lhagrarservicegmbh.de/wp-content/uploads/2026/04/o1-6.webp","1","Cramer Akku-Motorsense Optimus T16 ohne Akku","FALSE","Cramer Akku-Motorsense Optimus T16 ohne Akku","Cramer Akku-Motorsense Optimus T16 – ohne - Hochwertige Ausführung für optimale Ergebnisse im Garten.","","","","AKKU-LADEGERAT-LK","new","TRUE","https://lhagrarservicegmbh.de/wp-content/uploads/2026/04/o1-6.webp","kg","","active"
"echo-akku-kreiselschere-eks-prs-dsrm-2600u","ECHO Akku-Kreiselschere EKS-PRS-DSRM-2600U","<h3>ECHO Akku-Kreiselschere EKS-PRS-DSRM-2600U</h3>
Entdecken Sie die professionelle Leistung dieses hochwertigen Gartenwerkzeugs. bietet dieses Gerät optimale Ergebnisse für anspruchsvolle Gartenarbeiten.

Die einfache Öffnung des Häckselwerks ermöglicht eine schnelle und unkomplizierte Wartung des Rotors. Regelmäßige Wartung ist wichtig für die Langlebigkeit und Zuverlässigkeit des Geräts und stellt sicher, dass die Leistung über viele Jahre hinweg konstant bleibt.

Dieses professionelle Gerät überzeugt durch seine robuste Bauweise und die durchdachten technischen Lösungen. Die Kombination aus hoher Leistung, intelligenter Steuerung und benutzerfreundlichem Design macht es zur idealen Wahl für anspruchsvolle Garten- und Landschaftspflegearbeiten.

<strong>Investieren Sie in Qualität und Professionalität - dieses hochwertige Motorsensen &amp; Freischneider überzeugt durch erstklassige Verarbeitung, innovative Technik und außergewöhnliche Zuverlässigkeit. Perfekt geeignet für anspruchsvolle Garten- und Landschaftspflegeprojekte, bei denen nur das Beste gut genug ist. Mit diesem Gerät sind Sie optimal ausgestattet für alle Herausforderungen moderner Gartenarbeit.</strong>","ECHO","","Motorsensen & Freischneider","","TRUE","Title","Default Title","","","","","DSRM-2600U-LK","","shopify","14","deny","manual","685.00","","TRUE","TRUE","","https://lhagrarservicegmbh.de/wp-content/uploads/2026/04/p1-7.webp","1","ECHO Akku-Kreiselschere EKS-PRS-DSRM-2600U","FALSE","ECHO Akku-Kreiselschere EKS-PRS-DSRM-2600U","ECHO Akku-Kreiselschere EKS-PRS-DSRM-2600U - Hochwertige Ausführung für optimale Ergebnisse im Garten.","","","","DSRM-2600U-LK","new","TRUE","https://lhagrarservicegmbh.de/wp-content/uploads/2026/04/p1-7.webp","kg","","active"
"echo-schultergurt-ergo-pro","ECHO Schultergurt ERGO-PRO","<h3>ECHO Schultergurt ERGO-PRO</h3>
Entdecken Sie die professionelle Leistung dieses hochwertigen Gartenwerkzeugs. bietet dieses Gerät optimale Ergebnisse für anspruchsvolle Gartenarbeiten.

Die einfache Öffnung des Häckselwerks ermöglicht eine schnelle und unkomplizierte Wartung des Rotors. Regelmäßige Wartung ist wichtig für die Langlebigkeit und Zuverlässigkeit des Geräts und stellt sicher, dass die Leistung über viele Jahre hinweg konstant bleibt.

Dieses professionelle Gerät überzeugt durch seine robuste Bauweise und die durchdachten technischen Lösungen. Die Kombination aus hoher Leistung, intelligenter Steuerung und benutzerfreundlichem Design macht es zur idealen Wahl für anspruchsvolle Garten- und Landschaftspflegearbeiten.

<strong>Investieren Sie in Qualität und Professionalität - dieses hochwertige Motorsensen &amp; Freischneider überzeugt durch erstklassige Verarbeitung, innovative Technik und außergewöhnliche Zuverlässigkeit. Perfekt geeignet für anspruchsvolle Garten- und Landschaftspflegeprojekte, bei denen nur das Beste gut genug ist. Mit diesem Gerät sind Sie optimal ausgestattet für alle Herausforderungen moderner Gartenarbeit.</strong>","ECHO","","Motorsensen & Freischneider","","TRUE","Title","Default Title","","","","","ERGO-PRO-LK","","shopify","13","deny","manual","103.00","","TRUE","TRUE","","https://lhagrarservicegmbh.de/wp-content/uploads/2026/04/q1-7.webp","1","ECHO Schultergurt ERGO-PRO","FALSE","ECHO Schultergurt ERGO-PRO","ECHO Schultergurt ERGO-PRO - Hochwertige Ausführung für optimale Ergebnisse im Garten.","","","","ERGO-PRO-LK","new","TRUE","https://lhagrarservicegmbh.de/wp-content/uploads/2026/04/q1-7.webp","kg","","active"
"ego-rasentrimmer-bcx4500-ohne-akku-und-ladegerat","EGO Rasentrimmer BCX4500 ohne Akku und Ladegerät","<h3>EGO Rasentrimmer BCX4500 – ohne Akku &amp; Ladegerät</h3>
Entdecken Sie die professionelle Leistung dieses hochwertigen Gartenwerkzeugs. bietet dieses Gerät optimale Ergebnisse für anspruchsvolle Gartenarbeiten.

Die einfache Öffnung des Häckselwerks ermöglicht eine schnelle und unkomplizierte Wartung des Rotors. Regelmäßige Wartung ist wichtig für die Langlebigkeit und Zuverlässigkeit des Geräts und stellt sicher, dass die Leistung über viele Jahre hinweg konstant bleibt.

Dieses professionelle Gerät überzeugt durch seine robuste Bauweise und die durchdachten technischen Lösungen. Die Kombination aus hoher Leistung, intelligenter Steuerung und benutzerfreundlichem Design macht es zur idealen Wahl für anspruchsvolle Garten- und Landschaftspflegearbeiten.

<strong>Investieren Sie in Qualität und Professionalität - dieses hochwertige Motorsensen &amp; Freischneider überzeugt durch erstklassige Verarbeitung, innovative Technik und außergewöhnliche Zuverlässigkeit. Perfekt geeignet für anspruchsvolle Garten- und Landschaftspflegeprojekte, bei denen nur das Beste gut genug ist. Mit diesem Gerät sind Sie optimal ausgestattet für alle Herausforderungen moderner Gartenarbeit.</strong>","EGO","","Motorsensen & Freischneider","","TRUE","Title","Default Title","","","","","LADEGERAT-LK","","shopify","13","deny","manual","430.15","473.00","TRUE","TRUE","","https://lhagrarservicegmbh.de/wp-content/uploads/2026/04/s1-5.webp","1","EGO Rasentrimmer BCX4500 ohne Akku und Ladegerät","FALSE","EGO Rasentrimmer BCX4500 ohne Akku und Ladegerät","EGO Rasentrimmer BCX4500 – ohne Akku & Ladegerät - Hochwertige Ausführung für optimale Ergebnisse im Garten.","","","","LADEGERAT-LK","new","TRUE","https://lhagrarservicegmbh.de/wp-content/uploads/2026/04/s1-5.webp","kg","","active"
"herkules-akku-rasentrimmer-gt-40v-ohne-akku","Herkules Akku-Rasentrimmer GT 40V ohne Akku","<h3>Herkules Akku-Rasentrimmer GT 40V – ohne</h3>
Entdecken Sie die professionelle Leistung dieses hochwertigen Gartenwerkzeugs. bietet dieses Gerät optimale Ergebnisse für anspruchsvolle Gartenarbeiten.

Durch seine kompakte Arbeitsbreite von nur 6 mm zeichnet sich dieses Modell besonders aus. Die durchdachte Konstruktion ermöglicht effiziente Arbeitsabläufe und professionelle Ergebnisse.

Die einfache Öffnung des Häckselwerks ermöglicht eine schnelle und unkomplizierte Wartung des Rotors. Regelmäßige Wartung ist wichtig für die Langlebigkeit und Zuverlässigkeit des Geräts und stellt sicher, dass die Leistung über viele Jahre hinweg konstant bleibt.

Dieses professionelle Gerät überzeugt durch seine robuste Bauweise und die durchdachten technischen Lösungen. Die Kombination aus hoher Leistung, intelligenter Steuerung und benutzerfreundlichem Design macht es zur idealen Wahl für anspruchsvolle Garten- und Landschaftspflegearbeiten.
<h4>Technische Highlights:</h4>
<ul>
  <li><strong>Arbeitsbreite:</strong> 6 mm - Kompakt und wendig für verschiedene Einsatzbereiche</li>
</ul>
<strong>Investieren Sie in Qualität und Professionalität - dieses hochwertige Motorsensen &amp; Freischneider überzeugt durch erstklassige Verarbeitung, innovative Technik und außergewöhnliche Zuverlässigkeit. Perfekt geeignet für anspruchsvolle Garten- und Landschaftspflegeprojekte, bei denen nur das Beste gut genug ist. Mit diesem Gerät sind Sie optimal ausgestattet für alle Herausforderungen moderner Gartenarbeit.</strong>","Herkules","","Motorsensen & Freischneider","","TRUE","Title","Default Title","","","","","KKU-LADEGERAT-LK","","shopify","13","deny","manual","127.00","","TRUE","TRUE","","https://lhagrarservicegmbh.de/wp-content/uploads/2026/04/d1-7.webp","1","Herkules Akku-Rasentrimmer GT 40V ohne Akku","FALSE","Herkules Akku-Rasentrimmer GT 40V ohne Akku","Herkules Akku-Rasentrimmer GT 40V – ohne - Hochwertige Ausführung für optimale Ergebnisse im Garten.","","","","KKU-LADEGERAT-LK","new","TRUE","https://lhagrarservicegmbh.de/wp-content/uploads/2026/04/d1-7.webp","kg","","active"
"honda-akku-rasentrimmer-hht36-bxb-inkl-akku","Honda Akku-Rasentrimmer HHT36 BXB inkl. Akku","<h3>Honda Akku-Rasentrimmer HHT36 BXB – inkl.</h3>
Entdecken Sie die professionelle Leistung dieses hochwertigen Gartenwerkzeugs. bietet dieses Gerät optimale Ergebnisse für anspruchsvolle Gartenarbeiten.

Die einfache Öffnung des Häckselwerks ermöglicht eine schnelle und unkomplizierte Wartung des Rotors. Regelmäßige Wartung ist wichtig für die Langlebigkeit und Zuverlässigkeit des Geräts und stellt sicher, dass die Leistung über viele Jahre hinweg konstant bleibt.

Dieses professionelle Gerät überzeugt durch seine robuste Bauweise und die durchdachten technischen Lösungen. Die Kombination aus hoher Leistung, intelligenter Steuerung und benutzerfreundlichem Design macht es zur idealen Wahl für anspruchsvolle Garten- und Landschaftspflegearbeiten.

<strong>Investieren Sie in Qualität und Professionalität - dieses hochwertige Motorsensen &amp; Freischneider überzeugt durch erstklassige Verarbeitung, innovative Technik und außergewöhnliche Zuverlässigkeit. Perfekt geeignet für anspruchsvolle Garten- und Landschaftspflegeprojekte, bei denen nur das Beste gut genug ist. Mit diesem Gerät sind Sie optimal ausgestattet für alle Herausforderungen moderner Gartenarbeit.</strong>","Honda","","Motorsensen & Freischneider","","TRUE","Title","Default Title","","","","","INKL-AKKU-LADEGERAT-LK","","shopify","13","deny","manual","280.00","302.00","TRUE","TRUE","","https://lhagrarservicegmbh.de/wp-content/uploads/2026/04/f1-7.webp","1","Honda Akku-Rasentrimmer HHT36 BXB inkl. Akku","FALSE","Honda Akku-Rasentrimmer HHT36 BXB inkl. Akku","Honda Akku-Rasentrimmer HHT36 BXB – inkl. - Hochwertige Ausführung für optimale Ergebnisse im Garten.","","","","INKL-AKKU-LADEGERAT-LK","new","TRUE","https://lhagrarservicegmbh.de/wp-content/uploads/2026/04/f1-7.webp","kg","","active"
"agria-wiesenmaher-5300-grundgerat","Agria Wiesenmäher 5300 Grundgerät","<h3>agria Wiesenmäher 5300 – nur Grundgerät</h3>
Entdecken Sie die professionelle Leistung dieses hochwertigen Gartenwerkzeugs. Ausgestattet mit einem leistungsstarken 4-Motor mit 4,8 kW Leistung bietet dieses Gerät optimale Ergebnisse für anspruchsvolle Gartenarbeiten.

Die einfache Öffnung des Häckselwerks ermöglicht eine schnelle und unkomplizierte Wartung des Rotors. Regelmäßige Wartung ist wichtig für die Langlebigkeit und Zuverlässigkeit des Geräts und stellt sicher, dass die Leistung über viele Jahre hinweg konstant bleibt.

Dieses professionelle Gerät überzeugt durch seine robuste Bauweise und die durchdachten technischen Lösungen. Die Kombination aus hoher Leistung, intelligenter Steuerung und benutzerfreundlichem Design macht es zur idealen Wahl für anspruchsvolle Garten- und Landschaftspflegearbeiten.
<h4>Technische Highlights:</h4>
<ul>
  <li><strong>Motor:</strong> 4 - Zuverlässiger Antrieb für höchste Ansprüche</li>
  <li><strong>Leistung:</strong> 4,8 kW - Optimale Power für professionelle Anwendungen</li>
</ul>
<strong>Investieren Sie in Qualität und Professionalität - dieses hochwertige Rasenmäher überzeugt durch erstklassige Verarbeitung, innovative Technik und außergewöhnliche Zuverlässigkeit. Perfekt geeignet für anspruchsvolle Garten- und Landschaftspflegeprojekte, bei denen nur das Beste gut genug ist. Mit diesem Gerät sind Sie optimal ausgestattet für alle Herausforderungen moderner Gartenarbeit.</strong>","Agria","","Rasenmäher","","TRUE","Title","Default Title","","","","","NUR-GRUNDGERAT-LK","","shopify","13","deny","manual","4050.00","4156.50","TRUE","TRUE","","https://lhagrarservicegmbh.de/wp-content/uploads/2026/04/a1-13.webp","1","Agria Wiesenmäher 5300 Grundgerät","FALSE","Agria Wiesenmäher 5300 Grundgerät","Agria Wiesenmäher 5300 – nur Grundgerät - Hochwertige Ausführung für optimale Ergebnisse im Garten.","","","","NUR-GRUNDGERAT-LK","new","TRUE","https://lhagrarservicegmbh.de/wp-content/uploads/2026/04/a1-13.webp","kg","","active"
"lux-tools-40v-akku-rasenmaher","LUX-TOOLS 40V Akku-Rasenmäher","<h3>LUX-TOOLS 40V Akku-Rasenmäher 1</h3>
Entdecken Sie die professionelle Leistung dieses hochwertigen Gartenwerkzeugs. bietet dieses Gerät optimale Ergebnisse für anspruchsvolle Gartenarbeiten.

Die einfache Öffnung des Häckselwerks ermöglicht eine schnelle und unkomplizierte Wartung des Rotors. Regelmäßige Wartung ist wichtig für die Langlebigkeit und Zuverlässigkeit des Geräts und stellt sicher, dass die Leistung über viele Jahre hinweg konstant bleibt.

Dieses professionelle Gerät überzeugt durch seine robuste Bauweise und die durchdachten technischen Lösungen. Die Kombination aus hoher Leistung, intelligenter Steuerung und benutzerfreundlichem Design macht es zur idealen Wahl für anspruchsvolle Garten- und Landschaftspflegearbeiten.

<strong>Investieren Sie in Qualität und Professionalität - dieses hochwertige Rasenmäher überzeugt durch erstklassige Verarbeitung, innovative Technik und außergewöhnliche Zuverlässigkeit. Perfekt geeignet für anspruchsvolle Garten- und Landschaftspflegeprojekte, bei denen nur das Beste gut genug ist. Mit diesem Gerät sind Sie optimal ausgestattet für alle Herausforderungen moderner Gartenarbeit.</strong>","LUX-TOOLS","","Rasenmäher","","TRUE","Title","Default Title","","","","","20V-AKKUS-LK","","shopify","14","deny","manual","269.00","","TRUE","TRUE","","https://lhagrarservicegmbh.de/wp-content/uploads/2026/04/z1-15.webp","1","LUX-TOOLS 40V Akku-Rasenmäher","FALSE","LUX-TOOLS 40V Akku-Rasenmäher","LUX-TOOLS 40V Akku-Rasenmäher 1 - Hochwertige Ausführung für optimale Ergebnisse im Garten.","","","","20V-AKKUS-LK","new","TRUE","https://lhagrarservicegmbh.de/wp-content/uploads/2026/04/z1-15.webp","kg","","active"
"lux-tools-40v-akku-rasenmaher","","","","","","","","","","","","","","","","","","","","","","","","","https://lhagrarservicegmbh.de/wp-content/uploads/2026/04/z2.webp","2","LUX-TOOLS 40V Akku-Rasenmäher","","","","","","","","","","","","",""
"lux-tools-40v-akku-rasenmaher","","","","","","","","","","","","","","","","","","","","","","","","","https://lhagrarservicegmbh.de/wp-content/uploads/2026/04/z3.webp","3","LUX-TOOLS 40V Akku-Rasenmäher","","","","","","","","","","","","",""
"lux-tools-40v-akku-rasenmaher","","","","","","","","","","","","","","","","","","","","","","","","","https://lhagrarservicegmbh.de/wp-content/uploads/2026/04/z4.webp","4","LUX-TOOLS 40V Akku-Rasenmäher","","","","","","","","","","","","",""
"lux-tools-40v-akku-rasenmaher","","","","","","","","","","","","","","","","","","","","","","","","","https://lhagrarservicegmbh.de/wp-content/uploads/2026/04/z5.webp","5","LUX-TOOLS 40V Akku-Rasenmäher","","","","","","","","","","","","",""
"lux-tools-40v-akku-rasenmaher","","","","","","","","","","","","","","","","","","","","","","","","","https://lhagrarservicegmbh.de/wp-content/uploads/2026/04/z6.webp","6","LUX-TOOLS 40V Akku-Rasenmäher","","","","","","","","","","","","",""
"lux-tools-40v-akku-rasenmaher","","","","","","","","","","","","","","","","","","","","","","","","","https://lhagrarservicegmbh.de/wp-content/uploads/2026/04/z7.webp","7","LUX-TOOLS 40V Akku-Rasenmäher","","","","","","","","","","","","",""
"lux-tools-40v-akku-rasenmaher","","","","","","","","","","","","","","","","","","","","","","","","","https://lhagrarservicegmbh.de/wp-content/uploads/2026/04/z8.webp","8","LUX-TOOLS 40V Akku-Rasenmäher","","","","","","","","","","","","",""
"lux-tools-benzin-rasenmaher-b-rm-51-a-b","LUX-TOOLS Benzin-Rasenmäher B-RM-51-A B","<h3>LUX-TOOLS Benzin-Rasenmäher B-RM-51-A B</h3>
Entdecken Sie die professionelle Leistung dieses hochwertigen Gartenwerkzeugs. bietet dieses Gerät optimale Ergebnisse für anspruchsvolle Gartenarbeiten.

Die einfache Öffnung des Häckselwerks ermöglicht eine schnelle und unkomplizierte Wartung des Rotors. Regelmäßige Wartung ist wichtig für die Langlebigkeit und Zuverlässigkeit des Geräts und stellt sicher, dass die Leistung über viele Jahre hinweg konstant bleibt.

Dieses professionelle Gerät überzeugt durch seine robuste Bauweise und die durchdachten technischen Lösungen. Die Kombination aus hoher Leistung, intelligenter Steuerung und benutzerfreundlichem Design macht es zur idealen Wahl für anspruchsvolle Garten- und Landschaftspflegearbeiten.

<strong>Investieren Sie in Qualität und Professionalität - dieses hochwertige Rasenmäher überzeugt durch erstklassige Verarbeitung, innovative Technik und außergewöhnliche Zuverlässigkeit. Perfekt geeignet für anspruchsvolle Garten- und Landschaftspflegeprojekte, bei denen nur das Beste gut genug ist. Mit diesem Gerät sind Sie optimal ausgestattet für alle Herausforderungen moderner Gartenarbeit.</strong>","LUX-TOOLS","","Rasenmäher","","TRUE","Title","Default Title","","","","","HER-B-RM-51-A-B-LK","","shopify","13","deny","manual","249.00","","TRUE","TRUE","","https://lhagrarservicegmbh.de/wp-content/uploads/2026/04/e1-9.webp","1","LUX-TOOLS Benzin-Rasenmäher B-RM-51-A B","FALSE","LUX-TOOLS Benzin-Rasenmäher B-RM-51-A B","LUX-TOOLS Benzin-Rasenmäher B-RM-51-A B - Hochwertige Ausführung für optimale Ergebnisse im Garten.","","","","HER-B-RM-51-A-B-LK","new","TRUE","https://lhagrarservicegmbh.de/wp-content/uploads/2026/04/e1-9.webp","kg","","active"
"lux-tools-benzin-rasenmaher-b-rm-51-a-b","","","","","","","","","","","","","","","","","","","","","","","","","https://lhagrarservicegmbh.de/wp-content/uploads/2026/04/e2.webp","2","LUX-TOOLS Benzin-Rasenmäher B-RM-51-A B","","","","","","","","","","","","",""
"lux-tools-benzin-rasenmaher-b-rm-51-a-b","","","","","","","","","","","","","","","","","","","","","","","","","https://lhagrarservicegmbh.de/wp-content/uploads/2026/04/e3.webp","3","LUX-TOOLS Benzin-Rasenmäher B-RM-51-A B","","","","","","","","","","","","",""
"lux-tools-benzin-rasenmaher-b-rm-51-a-b","","","","","","","","","","","","","","","","","","","","","","","","","https://lhagrarservicegmbh.de/wp-content/uploads/2026/04/e4.webp","4","LUX-TOOLS Benzin-Rasenmäher B-RM-51-A B","","","","","","","","","","","","",""
"lux-tools-benzin-rasenmaher-b-rm-51-a-b","","","","","","","","","","","","","","","","","","","","","","","","","https://lhagrarservicegmbh.de/wp-content/uploads/2026/04/e5.webp","5","LUX-TOOLS Benzin-Rasenmäher B-RM-51-A B","","","","","","","","","","","","",""
"lux-tools-benzin-rasenmaher-b-rm-51-a-b","","","","","","","","","","","","","","","","","","","","","","","","","https://lhagrarservicegmbh.de/wp-content/uploads/2026/04/e6.webp","6","LUX-TOOLS Benzin-Rasenmäher B-RM-51-A B","","","","","","","","","","","","",""
"lux-tools-benzin-rasenmaher-b-rm-51-a-b","","","","","","","","","","","","","","","","","","","","","","","","","https://lhagrarservicegmbh.de/wp-content/uploads/2026/04/e7.webp","7","LUX-TOOLS Benzin-Rasenmäher B-RM-51-A B","","","","","","","","","","","","",""
"einhell-elektro-rasenmaher-gc-em-1232-1200w","Einhell Elektro-Rasenmäher GC-EM 1232 1200W","<h3>Einhell Elektro-Rasenmäher GC-EM 1232</h3>
Entdecken Sie die professionelle Leistung dieses hochwertigen Gartenwerkzeugs. bietet dieses Gerät optimale Ergebnisse für anspruchsvolle Gartenarbeiten.

Die einfache Öffnung des Häckselwerks ermöglicht eine schnelle und unkomplizierte Wartung des Rotors. Regelmäßige Wartung ist wichtig für die Langlebigkeit und Zuverlässigkeit des Geräts und stellt sicher, dass die Leistung über viele Jahre hinweg konstant bleibt.

Dieses professionelle Gerät überzeugt durch seine robuste Bauweise und die durchdachten technischen Lösungen. Die Kombination aus hoher Leistung, intelligenter Steuerung und benutzerfreundlichem Design macht es zur idealen Wahl für anspruchsvolle Garten- und Landschaftspflegearbeiten.

<strong>Investieren Sie in Qualität und Professionalität - dieses hochwertige Rasenmäher überzeugt durch erstklassige Verarbeitung, innovative Technik und außergewöhnliche Zuverlässigkeit. Perfekt geeignet für anspruchsvolle Garten- und Landschaftspflegeprojekte, bei denen nur das Beste gut genug ist. Mit diesem Gerät sind Sie optimal ausgestattet für alle Herausforderungen moderner Gartenarbeit.</strong>","Einhell","","Rasenmäher","","TRUE","Title","Default Title","","","","","RASENMAHER-GC-EM-1232-LK","","shopify","14","deny","manual","87.00","","TRUE","TRUE","","https://lhagrarservicegmbh.de/wp-content/uploads/2026/04/r1-13.webp","1","Einhell Elektro-Rasenmäher GC-EM 1232 1200W","FALSE","Einhell Elektro-Rasenmäher GC-EM 1232 1200W","Einhell Elektro-Rasenmäher GC-EM 1232 - Hochwertige Ausführung für optimale Ergebnisse im Garten.","","","","RASENMAHER-GC-EM-1232-LK","new","TRUE","https://lhagrarservicegmbh.de/wp-content/uploads/2026/04/r1-13.webp","kg","","active"
"einhell-elektro-rasenmaher-gc-em-1232-1200w","","","","","","","","","","","","","","","","","","","","","","","","","https://lhagrarservicegmbh.de/wp-content/uploads/2026/04/r2.webp","2","Einhell Elektro-Rasenmäher GC-EM 1232 1200W","","","","","","","","","","","","",""
"einhell-elektro-rasenmaher-gc-em-1232-1200w","","","","","","","","","","","","","","","","","","","","","","","","","https://lhagrarservicegmbh.de/wp-content/uploads/2026/04/r3.webp","3","Einhell Elektro-Rasenmäher GC-EM 1232 1200W","","","","","","","","","","","","",""
"einhell-elektro-rasenmaher-gc-em-1232-1200w","","","","","","","","","","","","","","","","","","","","","","","","","https://lhagrarservicegmbh.de/wp-content/uploads/2026/04/r5-1.webp","4","Einhell Elektro-Rasenmäher GC-EM 1232 1200W","","","","","","","","","","","","",""
"einhell-elektro-rasenmaher-gc-em-1232-1200w","","","","","","","","","","","","","","","","","","","","","","","","","https://lhagrarservicegmbh.de/wp-content/uploads/2026/04/r6.webp","5","Einhell Elektro-Rasenmäher GC-EM 1232 1200W","","","","","","","","","","","","",""
"einhell-elektro-rasenmaher-gc-em-1232-1200w","","","","","","","","","","","","","","","","","","","","","","","","","https://lhagrarservicegmbh.de/wp-content/uploads/2026/04/r7.webp","6","Einhell Elektro-Rasenmäher GC-EM 1232 1200W","","","","","","","","","","","","",""
"bosch-akku-rasenmaher-citymower-18v-32","Bosch Akku-Rasenmäher CityMower 18V-32","<h3>Bosch Akku-Rasenmäher CityMower 18V-32</h3>
Entdecken Sie die professionelle Leistung dieses hochwertigen Gartenwerkzeugs. Ausgestattet mit einem leistungsstarken sorgt zudem für eine herausragende Leistung-Motor bietet dieses Gerät optimale Ergebnisse für anspruchsvolle Gartenarbeiten.

Die einfache Öffnung des Häckselwerks ermöglicht eine schnelle und unkomplizierte Wartung des Rotors. Regelmäßige Wartung ist wichtig für die Langlebigkeit und Zuverlässigkeit des Geräts und stellt sicher, dass die Leistung über viele Jahre hinweg konstant bleibt.

Dieses professionelle Gerät überzeugt durch seine robuste Bauweise und die durchdachten technischen Lösungen. Die Kombination aus hoher Leistung, intelligenter Steuerung und benutzerfreundlichem Design macht es zur idealen Wahl für anspruchsvolle Garten- und Landschaftspflegearbeiten.
<h4>Technische Highlights:</h4>
<ul>
  <li><strong>Motor:</strong> sorgt zudem für eine herausragende Leistung - Zuverlässiger Antrieb für höchste Ansprüche</li>
</ul>
<strong>Investieren Sie in Qualität und Professionalität - dieses hochwertige Rasenmäher überzeugt durch erstklassige Verarbeitung, innovative Technik und außergewöhnliche Zuverlässigkeit. Perfekt geeignet für anspruchsvolle Garten- und Landschaftspflegeprojekte, bei denen nur das Beste gut genug ist. Mit diesem Gerät sind Sie optimal ausgestattet für alle Herausforderungen moderner Gartenarbeit.</strong>","Bosch","","Rasenmäher","","TRUE","Title","Default Title","","","","","AKKU-UND-LADEGERAT-LK","","shopify","13","deny","manual","199.00","","TRUE","TRUE","","https://lhagrarservicegmbh.de/wp-content/uploads/2026/04/t1-10.webp","1","Bosch Akku-Rasenmäher CityMower 18V-32","FALSE","Bosch Akku-Rasenmäher CityMower 18V-32","Bosch Akku-Rasenmäher CityMower 18V-32 - Hochwertige Ausführung für optimale Ergebnisse im Garten.","","","","AKKU-UND-LADEGERAT-LK","new","TRUE","https://lhagrarservicegmbh.de/wp-content/uploads/2026/04/t1-10.webp","kg","","active"
"bosch-akku-rasenmaher-citymower-18v-32","","","","","","","","","","","","","","","","","","","","","","","","","https://lhagrarservicegmbh.de/wp-content/uploads/2026/04/t2.webp","2","Bosch Akku-Rasenmäher CityMower 18V-32","","","","","","","","","","","","",""
"bosch-akku-rasenmaher-citymower-18v-32","","","","","","","","","","","","","","","","","","","","","","","","","https://lhagrarservicegmbh.de/wp-content/uploads/2026/04/t3.webp","3","Bosch Akku-Rasenmäher CityMower 18V-32","","","","","","","","","","","","",""
"bosch-akku-rasenmaher-citymower-18v-32","","","","","","","","","","","","","","","","","","","","","","","","","https://lhagrarservicegmbh.de/wp-content/uploads/2026/04/t4.webp","4","Bosch Akku-Rasenmäher CityMower 18V-32","","","","","","","","","","","","",""
"bosch-akku-rasenmaher-citymower-18v-32","","","","","","","","","","","","","","","","","","","","","","","","","https://lhagrarservicegmbh.de/wp-content/uploads/2026/04/t5.webp","5","Bosch Akku-Rasenmäher CityMower 18V-32","","","","","","","","","","","","",""
"bosch-akku-rasenmaher-citymower-18v-32","","","","","","","","","","","","","","","","","","","","","","","","","https://lhagrarservicegmbh.de/wp-content/uploads/2026/04/t6.webp","6","Bosch Akku-Rasenmäher CityMower 18V-32","","","","","","","","","","","","",""
"lux-tools-20v-akku-rasenmaher","LUX-TOOLS 20V Akku-Rasenmäher","<h3>LUX-TOOLS 20 V Akku-Rasenmäher 1</h3>
Entdecken Sie die professionelle Leistung dieses hochwertigen Gartenwerkzeugs. bietet dieses Gerät optimale Ergebnisse für anspruchsvolle Gartenarbeiten.

Durch seine kompakte Arbeitsbreite von nur 25 mm zeichnet sich dieses Modell besonders aus. Die durchdachte Konstruktion ermöglicht effiziente Arbeitsabläufe und professionelle Ergebnisse.

Die einfache Öffnung des Häckselwerks ermöglicht eine schnelle und unkomplizierte Wartung des Rotors. Regelmäßige Wartung ist wichtig für die Langlebigkeit und Zuverlässigkeit des Geräts und stellt sicher, dass die Leistung über viele Jahre hinweg konstant bleibt.

Dieses professionelle Gerät überzeugt durch seine robuste Bauweise und die durchdachten technischen Lösungen. Die Kombination aus hoher Leistung, intelligenter Steuerung und benutzerfreundlichem Design macht es zur idealen Wahl für anspruchsvolle Garten- und Landschaftspflegearbeiten.
<h4>Technische Highlights:</h4>
<ul>
  <li><strong>Arbeitsbreite:</strong> 25 mm - Kompakt und wendig für verschiedene Einsatzbereiche</li>
</ul>
<strong>Investieren Sie in Qualität und Professionalität - dieses hochwertige Rasenmäher überzeugt durch erstklassige Verarbeitung, innovative Technik und außergewöhnliche Zuverlässigkeit. Perfekt geeignet für anspruchsvolle Garten- und Landschaftspflegeprojekte, bei denen nur das Beste gut genug ist. Mit diesem Gerät sind Sie optimal ausgestattet für alle Herausforderungen moderner Gartenarbeit.</strong>","LUX-TOOLS","","Rasenmäher","","TRUE","Title","Default Title","","","","","1-X-20-V-AKKU-LK","","shopify","13","deny","manual","124.00","","TRUE","TRUE","","https://lhagrarservicegmbh.de/wp-content/uploads/2026/04/y1-9.webp","1","LUX-TOOLS 20V Akku-Rasenmäher","FALSE","LUX-TOOLS 20V Akku-Rasenmäher","LUX-TOOLS 20 V Akku-Rasenmäher 1 - Hochwertige Ausführung für optimale Ergebnisse im Garten.","","","","1-X-20-V-AKKU-LK","new","TRUE","https://lhagrarservicegmbh.de/wp-content/uploads/2026/04/y1-9.webp","kg","","active"
"lux-tools-20v-akku-rasenmaher","","","","","","","","","","","","","","","","","","","","","","","","","https://lhagrarservicegmbh.de/wp-content/uploads/2026/04/y2-1.webp","2","LUX-TOOLS 20V Akku-Rasenmäher","","","","","","","","","","","","",""
"lux-tools-20v-akku-rasenmaher","","","","","","","","","","","","","","","","","","","","","","","","","https://lhagrarservicegmbh.de/wp-content/uploads/2026/04/y3.webp","3","LUX-TOOLS 20V Akku-Rasenmäher","","","","","","","","","","","","",""
"lux-tools-20v-akku-rasenmaher","","","","","","","","","","","","","","","","","","","","","","","","","https://lhagrarservicegmbh.de/wp-content/uploads/2026/04/y4.webp","4","LUX-TOOLS 20V Akku-Rasenmäher","","","","","","","","","","","","",""
"lux-tools-20v-akku-rasenmaher","","","","","","","","","","","","","","","","","","","","","","","","","https://lhagrarservicegmbh.de/wp-content/uploads/2026/04/y5.webp","5","LUX-TOOLS 20V Akku-Rasenmäher","","","","","","","","","","","","",""
"gardena-akku-rasenmaher-powermax-32-18v","Gardena Akku-Rasenmäher PowerMax 32/18V","<h3>Gardena Akku-Rasenmäher PowerMax 32/18V</h3>
Entdecken Sie die professionelle Leistung dieses hochwertigen Gartenwerkzeugs. Ausgestattet mit einem leistungsstarken Der kompakte Rasenmäher ist mit einem kraftvollen-Motor bietet dieses Gerät optimale Ergebnisse für anspruchsvolle Gartenarbeiten.

Die einfache Öffnung des Häckselwerks ermöglicht eine schnelle und unkomplizierte Wartung des Rotors. Regelmäßige Wartung ist wichtig für die Langlebigkeit und Zuverlässigkeit des Geräts und stellt sicher, dass die Leistung über viele Jahre hinweg konstant bleibt.

Dieses professionelle Gerät überzeugt durch seine robuste Bauweise und die durchdachten technischen Lösungen. Die Kombination aus hoher Leistung, intelligenter Steuerung und benutzerfreundlichem Design macht es zur idealen Wahl für anspruchsvolle Garten- und Landschaftspflegearbeiten.
<h4>Technische Highlights:</h4>
<ul>
  <li><strong>Motor:</strong> Der kompakte Rasenmäher ist mit einem kraftvollen - Zuverlässiger Antrieb für höchste Ansprüche</li>
</ul>
<strong>Investieren Sie in Qualität und Professionalität - dieses hochwertige Rasenmäher überzeugt durch erstklassige Verarbeitung, innovative Technik und außergewöhnliche Zuverlässigkeit. Perfekt geeignet für anspruchsvolle Garten- und Landschaftspflegeprojekte, bei denen nur das Beste gut genug ist. Mit diesem Gerät sind Sie optimal ausgestattet für alle Herausforderungen moderner Gartenarbeit.</strong>","Gardena","","Rasenmäher","","TRUE","Title","Default Title","","","","","18V-POWER-FOR-ALL-SOLO-LK","","shopify","14","deny","manual","130.00","","TRUE","TRUE","","https://lhagrarservicegmbh.de/wp-content/uploads/2026/04/u1-9.webp","1","Gardena Akku-Rasenmäher PowerMax 32/18V","FALSE","Gardena Akku-Rasenmäher PowerMax 32/18V","Gardena Akku-Rasenmäher PowerMax 32/18V - Hochwertige Ausführung für optimale Ergebnisse im Garten.","","","","18V-POWER-FOR-ALL-SOLO-LK","new","TRUE","https://lhagrarservicegmbh.de/wp-content/uploads/2026/04/u1-9.webp","kg","","active"
"gardena-akku-rasenmaher-powermax-32-18v","","","","","","","","","","","","","","","","","","","","","","","","","https://lhagrarservicegmbh.de/wp-content/uploads/2026/04/u2-1.webp","2","Gardena Akku-Rasenmäher PowerMax 32/18V","","","","","","","","","","","","",""
"gardena-akku-rasenmaher-powermax-32-18v","","","","","","","","","","","","","","","","","","","","","","","","","https://lhagrarservicegmbh.de/wp-content/uploads/2026/04/u3.webp","3","Gardena Akku-Rasenmäher PowerMax 32/18V","","","","","","","","","","","","",""
"gardena-akku-rasenmaher-powermax-32-18v","","","","","","","","","","","","","","","","","","","","","","","","","https://lhagrarservicegmbh.de/wp-content/uploads/2026/04/u4.webp","4","Gardena Akku-Rasenmäher PowerMax 32/18V","","","","","","","","","","","","",""
"gardena-akku-rasenmaher-powermax-32-18v","","","","","","","","","","","","","","","","","","","","","","","","","https://lhagrarservicegmbh.de/wp-content/uploads/2026/04/u5.webp","5","Gardena Akku-Rasenmäher PowerMax 32/18V","","","","","","","","","","","","",""
"gardena-akku-rasenmaher-powermax-32-18v","","","","","","","","","","","","","","","","","","","","","","","","","https://lhagrarservicegmbh.de/wp-content/uploads/2026/04/u6.webp","6","Gardena Akku-Rasenmäher PowerMax 32/18V","","","","","","","","","","","","",""
"gardena-akku-rasenmaher-powermax-32-18v","","","","","","","","","","","","","","","","","","","","","","","","","https://lhagrarservicegmbh.de/wp-content/uploads/2026/04/u7.webp","7","Gardena Akku-Rasenmäher PowerMax 32/18V","","","","","","","","","","","","",""
"stiga-benzin-rasenmaher-combi-553-s","Stiga Benzin-Rasenmäher Combi 553 S","<h3>Stiga Benzin-Rasenmäher COMBI 553 S</h3>
Entdecken Sie die professionelle Leistung dieses hochwertigen Gartenwerkzeugs. Ausgestattet mit einem leistungsstarken ermöglicht der COMBI 553 S einen komfortablen Start-Motor mit 2,6 kW Leistung bietet dieses Gerät optimale Ergebnisse für anspruchsvolle Gartenarbeiten.

Die einfache Öffnung des Häckselwerks ermöglicht eine schnelle und unkomplizierte Wartung des Rotors. Regelmäßige Wartung ist wichtig für die Langlebigkeit und Zuverlässigkeit des Geräts und stellt sicher, dass die Leistung über viele Jahre hinweg konstant bleibt.

Dieses professionelle Gerät überzeugt durch seine robuste Bauweise und die durchdachten technischen Lösungen. Die Kombination aus hoher Leistung, intelligenter Steuerung und benutzerfreundlichem Design macht es zur idealen Wahl für anspruchsvolle Garten- und Landschaftspflegearbeiten.
<h4>Technische Highlights:</h4>
<ul>
  <li><strong>Motor:</strong> ermöglicht der COMBI 553 S einen komfortablen Start - Zuverlässiger Antrieb für höchste Ansprüche</li>
  <li><strong>Leistung:</strong> 2,6 kW - Optimale Power für professionelle Anwendungen</li>
</ul>
<strong>Investieren Sie in Qualität und Professionalität - dieses hochwertige Rasenmäher überzeugt durch erstklassige Verarbeitung, innovative Technik und außergewöhnliche Zuverlässigkeit. Perfekt geeignet für anspruchsvolle Garten- und Landschaftspflegeprojekte, bei denen nur das Beste gut genug ist. Mit diesem Gerät sind Sie optimal ausgestattet für alle Herausforderungen moderner Gartenarbeit.</strong>","Stiga","","Rasenmäher","","TRUE","Title","Default Title","","","","","COMBI-553-S-LK","","shopify","13","deny","manual","352.00","","TRUE","TRUE","","https://lhagrarservicegmbh.de/wp-content/uploads/2026/04/i1-7.webp","1","Stiga Benzin-Rasenmäher Combi 553 S","FALSE","Stiga Benzin-Rasenmäher Combi 553 S","Stiga Benzin-Rasenmäher COMBI 553 S - Hochwertige Ausführung für optimale Ergebnisse im Garten.","","","","COMBI-553-S-LK","new","TRUE","https://lhagrarservicegmbh.de/wp-content/uploads/2026/04/i1-7.webp","kg","","active"
"stiga-benzin-rasenmaher-combi-553-s","","","","","","","","","","","","","","","","","","","","","","","","","https://lhagrarservicegmbh.de/wp-content/uploads/2026/04/i2.webp","2","Stiga Benzin-Rasenmäher Combi 553 S","","","","","","","","","","","","",""
"stiga-benzin-rasenmaher-combi-553-s","","","","","","","","","","","","","","","","","","","","","","","","","https://lhagrarservicegmbh.de/wp-content/uploads/2026/04/i3.webp","3","Stiga Benzin-Rasenmäher Combi 553 S","","","","","","","","","","","","",""
"stiga-benzin-rasenmaher-combi-553-s","","","","","","","","","","","","","","","","","","","","","","","","","https://lhagrarservicegmbh.de/wp-content/uploads/2026/04/i4.webp","4","Stiga Benzin-Rasenmäher Combi 553 S","","","","","","","","","","","","",""
"stiga-benzin-rasenmaher-combi-553-s","","","","","","","","","","","","","","","","","","","","","","","","","https://lhagrarservicegmbh.de/wp-content/uploads/2026/04/i5.webp","5","Stiga Benzin-Rasenmäher Combi 553 S","","","","","","","","","","","","",""
"yard-force-akku-rasenmaher-lm-c38a-eu","YARD FORCE Akku-Rasenmäher LM C38A-EU","<h3>YARD FORCE Akku-Rasenmäher LM C38A-EU für</h3>
Entdecken Sie die professionelle Leistung dieses hochwertigen Gartenwerkzeugs. bietet dieses Gerät optimale Ergebnisse für anspruchsvolle Gartenarbeiten.

Die einfache Öffnung des Häckselwerks ermöglicht eine schnelle und unkomplizierte Wartung des Rotors. Regelmäßige Wartung ist wichtig für die Langlebigkeit und Zuverlässigkeit des Geräts und stellt sicher, dass die Leistung über viele Jahre hinweg konstant bleibt.

Dieses professionelle Gerät überzeugt durch seine robuste Bauweise und die durchdachten technischen Lösungen. Die Kombination aus hoher Leistung, intelligenter Steuerung und benutzerfreundlichem Design macht es zur idealen Wahl für anspruchsvolle Garten- und Landschaftspflegearbeiten.

<strong>Investieren Sie in Qualität und Professionalität - dieses hochwertige Rasenmäher überzeugt durch erstklassige Verarbeitung, innovative Technik und außergewöhnliche Zuverlässigkeit. Perfekt geeignet für anspruchsvolle Garten- und Landschaftspflegeprojekte, bei denen nur das Beste gut genug ist. Mit diesem Gerät sind Sie optimal ausgestattet für alle Herausforderungen moderner Gartenarbeit.</strong>","YARD FORCE","","Rasenmäher","","TRUE","Title","Default Title","","","","","EN-BIS-200-M-LK","","shopify","13","deny","manual","145.00","","TRUE","TRUE","","https://lhagrarservicegmbh.de/wp-content/uploads/2026/04/o1-7.webp","1","YARD FORCE Akku-Rasenmäher LM C38A-EU","FALSE","YARD FORCE Akku-Rasenmäher LM C38A-EU","YARD FORCE Akku-Rasenmäher LM C38A-EU für - Hochwertige Ausführung für optimale Ergebnisse im Garten.","","","","EN-BIS-200-M-LK","new","TRUE","https://lhagrarservicegmbh.de/wp-content/uploads/2026/04/o1-7.webp","kg","","active"
"yard-force-akku-rasenmaher-lm-c38a-eu","","","","","","","","","","","","","","","","","","","","","","","","","https://lhagrarservicegmbh.de/wp-content/uploads/2026/04/o2.webp","2","YARD FORCE Akku-Rasenmäher LM C38A-EU","","","","","","","","","","","","",""
"yard-force-akku-rasenmaher-lm-c38a-eu","","","","","","","","","","","","","","","","","","","","","","","","","https://lhagrarservicegmbh.de/wp-content/uploads/2026/04/o3.webp","3","YARD FORCE Akku-Rasenmäher LM C38A-EU","","","","","","","","","","","","",""
"yard-force-akku-rasenmaher-lm-c38a-eu","","","","","","","","","","","","","","","","","","","","","","","","","https://lhagrarservicegmbh.de/wp-content/uploads/2026/04/o4.webp","4","YARD FORCE Akku-Rasenmäher LM C38A-EU","","","","","","","","","","","","",""
"yard-force-akku-rasenmaher-lm-c38a-eu","","","","","","","","","","","","","","","","","","","","","","","","","https://lhagrarservicegmbh.de/wp-content/uploads/2026/04/o5.webp","5","YARD FORCE Akku-Rasenmäher LM C38A-EU","","","","","","","","","","","","",""
"einhell-akku-rasenmaher-rasarro-36-42-36v","Einhell Akku-Rasenmäher Rasarro 36/42 36V","<h3>Einhell Akku-Rasenmäher Rasarro 36/42</h3>
Entdecken Sie die professionelle Leistung dieses hochwertigen Gartenwerkzeugs. bietet dieses Gerät optimale Ergebnisse für anspruchsvolle Gartenarbeiten.

Die einfache Öffnung des Häckselwerks ermöglicht eine schnelle und unkomplizierte Wartung des Rotors. Regelmäßige Wartung ist wichtig für die Langlebigkeit und Zuverlässigkeit des Geräts und stellt sicher, dass die Leistung über viele Jahre hinweg konstant bleibt.

Dieses professionelle Gerät überzeugt durch seine robuste Bauweise und die durchdachten technischen Lösungen. Die Kombination aus hoher Leistung, intelligenter Steuerung und benutzerfreundlichem Design macht es zur idealen Wahl für anspruchsvolle Garten- und Landschaftspflegearbeiten.

<strong>Investieren Sie in Qualität und Professionalität - dieses hochwertige Rasenmäher überzeugt durch erstklassige Verarbeitung, innovative Technik und außergewöhnliche Zuverlässigkeit. Perfekt geeignet für anspruchsvolle Garten- und Landschaftspflegeprojekte, bei denen nur das Beste gut genug ist. Mit diesem Gerät sind Sie optimal ausgestattet für alle Herausforderungen moderner Gartenarbeit.</strong>","Einhell","","Rasenmäher","","TRUE","Title","Default Title","","","","","RASARRO-36-42-LK","","shopify","14","deny","manual","310.00","","TRUE","TRUE","","https://lhagrarservicegmbh.de/wp-content/uploads/2026/04/p1-8.webp","1","Einhell Akku-Rasenmäher Rasarro 36/42 36V","FALSE","Einhell Akku-Rasenmäher Rasarro 36/42 36V","Einhell Akku-Rasenmäher Rasarro 36/42 - Hochwertige Ausführung für optimale Ergebnisse im Garten.","","","","RASARRO-36-42-LK","new","TRUE","https://lhagrarservicegmbh.de/wp-content/uploads/2026/04/p1-8.webp","kg","","active"
"einhell-akku-rasenmaher-rasarro-36-42-36v","","","","","","","","","","","","","","","","","","","","","","","","","https://lhagrarservicegmbh.de/wp-content/uploads/2026/04/p2.webp","2","Einhell Akku-Rasenmäher Rasarro 36/42 36V","","","","","","","","","","","","",""
"einhell-akku-rasenmaher-rasarro-36-42-36v","","","","","","","","","","","","","","","","","","","","","","","","","https://lhagrarservicegmbh.de/wp-content/uploads/2026/04/p3.webp","3","Einhell Akku-Rasenmäher Rasarro 36/42 36V","","","","","","","","","","","","",""
"einhell-akku-rasenmaher-rasarro-36-42-36v","","","","","","","","","","","","","","","","","","","","","","","","","https://lhagrarservicegmbh.de/wp-content/uploads/2026/04/p4.webp","4","Einhell Akku-Rasenmäher Rasarro 36/42 36V","","","","","","","","","","","","",""
"einhell-akku-rasenmaher-rasarro-36-42-36v","","","","","","","","","","","","","","","","","","","","","","","","","https://lhagrarservicegmbh.de/wp-content/uploads/2026/04/p5.webp","5","Einhell Akku-Rasenmäher Rasarro 36/42 36V","","","","","","","","","","","","",""
"einhell-akku-rasenmaher-rasarro-36-42-36v","","","","","","","","","","","","","","","","","","","","","","","","","https://lhagrarservicegmbh.de/wp-content/uploads/2026/04/p6.webp","6","Einhell Akku-Rasenmäher Rasarro 36/42 36V","","","","","","","","","","","","",""
"cartiwell-ferngesteuerter-motor-rasenmaher","CARTIWELL Ferngesteuerter Motor-Rasenmäher","<h3>CARTIWELL Ferngesteuerter Motor-Rasenmäher</h3>
Entdecken Sie die professionelle Leistung dieses hochwertigen Gartenwerkzeugs. bietet dieses Gerät optimale Ergebnisse für anspruchsvolle Gartenarbeiten.

Durch seine kompakte Arbeitsbreite von nur 150 mm zeichnet sich dieses Modell besonders aus. Die durchdachte Konstruktion ermöglicht effiziente Arbeitsabläufe und professionelle Ergebnisse.

Die einfache Öffnung des Häckselwerks ermöglicht eine schnelle und unkomplizierte Wartung des Rotors. Regelmäßige Wartung ist wichtig für die Langlebigkeit und Zuverlässigkeit des Geräts und stellt sicher, dass die Leistung über viele Jahre hinweg konstant bleibt.

Dieses professionelle Gerät überzeugt durch seine robuste Bauweise und die durchdachten technischen Lösungen. Die Kombination aus hoher Leistung, intelligenter Steuerung und benutzerfreundlichem Design macht es zur idealen Wahl für anspruchsvolle Garten- und Landschaftspflegearbeiten.
<h4>Technische Highlights:</h4>
<ul>
  <li><strong>Arbeitsbreite:</strong> 150 mm - Kompakt und wendig für verschiedene Einsatzbereiche</li>
</ul>
<strong>Investieren Sie in Qualität und Professionalität - dieses hochwertige Rasenmäher überzeugt durch erstklassige Verarbeitung, innovative Technik und außergewöhnliche Zuverlässigkeit. Perfekt geeignet für anspruchsvolle Garten- und Landschaftspflegeprojekte, bei denen nur das Beste gut genug ist. Mit diesem Gerät sind Sie optimal ausgestattet für alle Herausforderungen moderner Gartenarbeit.</strong>","CARTIWELL","","Rasenmäher","","TRUE","Title","Default Title","","","","","HER-CW-M800-LK","","shopify","13","deny","manual","3824.15","","TRUE","TRUE","","https://lhagrarservicegmbh.de/wp-content/uploads/2026/04/s1-6.webp","1","CARTIWELL Ferngesteuerter Motor-Rasenmäher","FALSE","CARTIWELL Ferngesteuerter Motor-Rasenmäher","CARTIWELL Ferngesteuerter Motor-Rasenmäher - Hochwertige Ausführung für optimale Ergebnisse im Garten.","","","","HER-CW-M800-LK","new","TRUE","https://lhagrarservicegmbh.de/wp-content/uploads/2026/04/s1-6.webp","kg","","active"
"cartiwell-ferngesteuerter-motor-rasenmaher","","","","","","","","","","","","","","","","","","","","","","","","","https://lhagrarservicegmbh.de/wp-content/uploads/2026/04/s2.webp","2","CARTIWELL Ferngesteuerter Motor-Rasenmäher","","","","","","","","","","","","",""
"cartiwell-ferngesteuerter-motor-rasenmaher","","","","","","","","","","","","","","","","","","","","","","","","","https://lhagrarservicegmbh.de/wp-content/uploads/2026/04/s3.webp","3","CARTIWELL Ferngesteuerter Motor-Rasenmäher","","","","","","","","","","","","",""
"cartiwell-ferngesteuerter-motor-rasenmaher","","","","","","","","","","","","","","","","","","","","","","","","","https://lhagrarservicegmbh.de/wp-content/uploads/2026/04/s4.webp","4","CARTIWELL Ferngesteuerter Motor-Rasenmäher","","","","","","","","","","","","",""
"cartiwell-ferngesteuerter-motor-rasenmaher","","","","","","","","","","","","","","","","","","","","","","","","","https://lhagrarservicegmbh.de/wp-content/uploads/2026/04/s5.webp","5","CARTIWELL Ferngesteuerter Motor-Rasenmäher","","","","","","","","","","","","",""
"litheli-u20-akku-rasenmaher-20v-egt010157","Litheli U20 Akku-Rasenmäher 20V EGT010157","<h3>Litheli U20 Akku-Rasenmäher 20 V EGT010157</h3>
Entdecken Sie die professionelle Leistung dieses hochwertigen Gartenwerkzeugs. Ausgestattet mit einem leistungsstarken Der kompakte Rasenmäher ist mit einem kraftvollen-Motor bietet dieses Gerät optimale Ergebnisse für anspruchsvolle Gartenarbeiten.

Die einfache Öffnung des Häckselwerks ermöglicht eine schnelle und unkomplizierte Wartung des Rotors. Regelmäßige Wartung ist wichtig für die Langlebigkeit und Zuverlässigkeit des Geräts und stellt sicher, dass die Leistung über viele Jahre hinweg konstant bleibt.

Dieses professionelle Gerät überzeugt durch seine robuste Bauweise und die durchdachten technischen Lösungen. Die Kombination aus hoher Leistung, intelligenter Steuerung und benutzerfreundlichem Design macht es zur idealen Wahl für anspruchsvolle Garten- und Landschaftspflegearbeiten.
<h4>Technische Highlights:</h4>
<ul>
  <li><strong>Motor:</strong> Der kompakte Rasenmäher ist mit einem kraftvollen - Zuverlässiger Antrieb für höchste Ansprüche</li>
</ul>
<strong>Investieren Sie in Qualität und Professionalität - dieses hochwertige Rasenmäher überzeugt durch erstklassige Verarbeitung, innovative Technik und außergewöhnliche Zuverlässigkeit. Perfekt geeignet für anspruchsvolle Garten- und Landschaftspflegeprojekte, bei denen nur das Beste gut genug ist. Mit diesem Gerät sind Sie optimal ausgestattet für alle Herausforderungen moderner Gartenarbeit.</strong>","Litheli","","Rasenmäher","","TRUE","Title","Default Title","","","","","AKKU-4-0-AH-LK","","shopify","13","deny","manual","120.00","149.00","TRUE","TRUE","","https://lhagrarservicegmbh.de/wp-content/uploads/2026/04/d1-8.webp","1","Litheli U20 Akku-Rasenmäher 20V EGT010157","FALSE","Litheli U20 Akku-Rasenmäher 20V EGT010157","Litheli U20 Akku-Rasenmäher 20 V EGT010157 - Hochwertige Ausführung für optimale Ergebnisse im Garten.","","","","AKKU-4-0-AH-LK","new","TRUE","https://lhagrarservicegmbh.de/wp-content/uploads/2026/04/d1-8.webp","kg","","active"
"litheli-u20-akku-rasenmaher-20v-egt010157","","","","","","","","","","","","","","","","","","","","","","","","","https://lhagrarservicegmbh.de/wp-content/uploads/2026/04/d2.webp","2","Litheli U20 Akku-Rasenmäher 20V EGT010157","","","","","","","","","","","","",""
"litheli-u20-akku-rasenmaher-20v-egt010157","","","","","","","","","","","","","","","","","","","","","","","","","https://lhagrarservicegmbh.de/wp-content/uploads/2026/04/d3.webp","3","Litheli U20 Akku-Rasenmäher 20V EGT010157","","","","","","","","","","","","",""
"litheli-u20-akku-rasenmaher-20v-egt010157","","","","","","","","","","","","","","","","","","","","","","","","","https://lhagrarservicegmbh.de/wp-content/uploads/2026/04/d4.webp","4","Litheli U20 Akku-Rasenmäher 20V EGT010157","","","","","","","","","","","","",""
"litheli-u20-akku-rasenmaher-20v-egt010157","","","","","","","","","","","","","","","","","","","","","","","","","https://lhagrarservicegmbh.de/wp-content/uploads/2026/04/d5.webp","5","Litheli U20 Akku-Rasenmäher 20V EGT010157","","","","","","","","","","","","",""
"einhell-akku-rasenmaher-gp-cm-36-52-s-li-bl-36v","Einhell Akku-Rasenmäher GP-CM 36/52 S Li-BL 36V","<h3>Einhell Akku-Rasenmäher GP-CM 36/52 S Li-BL</h3>
Entdecken Sie die professionelle Leistung dieses hochwertigen Gartenwerkzeugs. bietet dieses Gerät optimale Ergebnisse für anspruchsvolle Gartenarbeiten.

Die einfache Öffnung des Häckselwerks ermöglicht eine schnelle und unkomplizierte Wartung des Rotors. Regelmäßige Wartung ist wichtig für die Langlebigkeit und Zuverlässigkeit des Geräts und stellt sicher, dass die Leistung über viele Jahre hinweg konstant bleibt.

Dieses professionelle Gerät überzeugt durch seine robuste Bauweise und die durchdachten technischen Lösungen. Die Kombination aus hoher Leistung, intelligenter Steuerung und benutzerfreundlichem Design macht es zur idealen Wahl für anspruchsvolle Garten- und Landschaftspflegearbeiten.

<strong>Investieren Sie in Qualität und Professionalität - dieses hochwertige Rasenmäher überzeugt durch erstklassige Verarbeitung, innovative Technik und außergewöhnliche Zuverlässigkeit. Perfekt geeignet für anspruchsvolle Garten- und Landschaftspflegeprojekte, bei denen nur das Beste gut genug ist. Mit diesem Gerät sind Sie optimal ausgestattet für alle Herausforderungen moderner Gartenarbeit.</strong>","Einhell","","Rasenmäher","","TRUE","Title","Default Title","","","","","GP-CM-36-52-S-LI-BL-LK","","shopify","14","deny","manual","720.00","","TRUE","TRUE","","https://lhagrarservicegmbh.de/wp-content/uploads/2026/04/f1-8.webp","1","Einhell Akku-Rasenmäher GP-CM 36/52 S Li-BL 36V","FALSE","Einhell Akku-Rasenmäher GP-CM 36/52 S Li-BL 36V","Einhell Akku-Rasenmäher GP-CM 36/52 S Li-BL - Hochwertige Ausführung für optimale Ergebnisse im Garten.","","","","GP-CM-36-52-S-LI-BL-LK","new","TRUE","https://lhagrarservicegmbh.de/wp-content/uploads/2026/04/f1-8.webp","kg","","active"
"einhell-akku-rasenmaher-gp-cm-36-52-s-li-bl-36v","","","","","","","","","","","","","","","","","","","","","","","","","https://lhagrarservicegmbh.de/wp-content/uploads/2026/04/f2.webp","2","Einhell Akku-Rasenmäher GP-CM 36/52 S Li-BL 36V","","","","","","","","","","","","",""
"einhell-akku-rasenmaher-gp-cm-36-52-s-li-bl-36v","","","","","","","","","","","","","","","","","","","","","","","","","https://lhagrarservicegmbh.de/wp-content/uploads/2026/04/f3.webp","3","Einhell Akku-Rasenmäher GP-CM 36/52 S Li-BL 36V","","","","","","","","","","","","",""
"einhell-akku-rasenmaher-gp-cm-36-52-s-li-bl-36v","","","","","","","","","","","","","","","","","","","","","","","","","https://lhagrarservicegmbh.de/wp-content/uploads/2026/04/f4.webp","4","Einhell Akku-Rasenmäher GP-CM 36/52 S Li-BL 36V","","","","","","","","","","","","",""
"einhell-akku-rasenmaher-gp-cm-36-52-s-li-bl-36v","","","","","","","","","","","","","","","","","","","","","","","","","https://lhagrarservicegmbh.de/wp-content/uploads/2026/04/f5.webp","5","Einhell Akku-Rasenmäher GP-CM 36/52 S Li-BL 36V","","","","","","","","","","","","",""
"einhell-akku-rasenmaher-gp-cm-36-52-s-li-bl-36v","","","","","","","","","","","","","","","","","","","","","","","","","https://lhagrarservicegmbh.de/wp-content/uploads/2026/04/f6.webp","6","Einhell Akku-Rasenmäher GP-CM 36/52 S Li-BL 36V","","","","","","","","","","","","",""
"texas-elektro-rasenmaher-smart-3200","Texas Elektro-Rasenmäher Smart 3200","<h3>Texas Elektro-Rasenmäher Smart 3200</h3>
Entdecken Sie die professionelle Leistung dieses hochwertigen Gartenwerkzeugs. bietet dieses Gerät optimale Ergebnisse für anspruchsvolle Gartenarbeiten.

Durch seine kompakte Arbeitsbreite von nur 25 mm zeichnet sich dieses Modell besonders aus. Die durchdachte Konstruktion ermöglicht effiziente Arbeitsabläufe und professionelle Ergebnisse.

Die einfache Öffnung des Häckselwerks ermöglicht eine schnelle und unkomplizierte Wartung des Rotors. Regelmäßige Wartung ist wichtig für die Langlebigkeit und Zuverlässigkeit des Geräts und stellt sicher, dass die Leistung über viele Jahre hinweg konstant bleibt.

Dieses professionelle Gerät überzeugt durch seine robuste Bauweise und die durchdachten technischen Lösungen. Die Kombination aus hoher Leistung, intelligenter Steuerung und benutzerfreundlichem Design macht es zur idealen Wahl für anspruchsvolle Garten- und Landschaftspflegearbeiten.
<h4>Technische Highlights:</h4>
<ul>
  <li><strong>Arbeitsbreite:</strong> 25 mm - Kompakt und wendig für verschiedene Einsatzbereiche</li>
</ul>
<strong>Investieren Sie in Qualität und Professionalität - dieses hochwertige Rasenmäher überzeugt durch erstklassige Verarbeitung, innovative Technik und außergewöhnliche Zuverlässigkeit. Perfekt geeignet für anspruchsvolle Garten- und Landschaftspflegeprojekte, bei denen nur das Beste gut genug ist. Mit diesem Gerät sind Sie optimal ausgestattet für alle Herausforderungen moderner Gartenarbeit.</strong>","Texas","","Rasenmäher","","TRUE","Title","Default Title","","","","","HER-SMART-3200-LK","","shopify","14","deny","manual","109.00","","TRUE","TRUE","","https://lhagrarservicegmbh.de/wp-content/uploads/2026/04/g1-7.webp","1","Texas Elektro-Rasenmäher Smart 3200","FALSE","Texas Elektro-Rasenmäher Smart 3200","Texas Elektro-Rasenmäher Smart 3200 - Hochwertige Ausführung für optimale Ergebnisse im Garten.","","","","HER-SMART-3200-LK","new","TRUE","https://lhagrarservicegmbh.de/wp-content/uploads/2026/04/g1-7.webp","kg","","active"
"texas-elektro-rasenmaher-smart-3200","","","","","","","","","","","","","","","","","","","","","","","","","https://lhagrarservicegmbh.de/wp-content/uploads/2026/04/g2.webp","2","Texas Elektro-Rasenmäher Smart 3200","","","","","","","","","","","","",""
"texas-elektro-rasenmaher-smart-3200","","","","","","","","","","","","","","","","","","","","","","","","","https://lhagrarservicegmbh.de/wp-content/uploads/2026/04/g3.webp","3","Texas Elektro-Rasenmäher Smart 3200","","","","","","","","","","","","",""
"texas-elektro-rasenmaher-smart-3200","","","","","","","","","","","","","","","","","","","","","","","","","https://lhagrarservicegmbh.de/wp-content/uploads/2026/04/g4.webp","4","Texas Elektro-Rasenmäher Smart 3200","","","","","","","","","","","","",""
"gloria-druckspruher-prima-3-mit-3-bar","Gloria Drucksprüher Prima 3 mit 3 bar","<h3>Gloria Drucksprüher Prima 3 mit 3 bar</h3>
Entdecken Sie die professionelle Leistung dieses hochwertigen Gartenwerkzeugs. bietet dieses Gerät optimale Ergebnisse für anspruchsvolle Gartenarbeiten.

Die einfache Öffnung des Häckselwerks ermöglicht eine schnelle und unkomplizierte Wartung des Rotors. Regelmäßige Wartung ist wichtig für die Langlebigkeit und Zuverlässigkeit des Geräts und stellt sicher, dass die Leistung über viele Jahre hinweg konstant bleibt.

Dieses professionelle Gerät überzeugt durch seine robuste Bauweise und die durchdachten technischen Lösungen. Die Kombination aus hoher Leistung, intelligenter Steuerung und benutzerfreundlichem Design macht es zur idealen Wahl für anspruchsvolle Garten- und Landschaftspflegearbeiten.

<strong>Investieren Sie in Qualität und Professionalität - dieses hochwertige Sprühgeräte und Spritzgeräte überzeugt durch erstklassige Verarbeitung, innovative Technik und außergewöhnliche Zuverlässigkeit. Perfekt geeignet für anspruchsvolle Garten- und Landschaftspflegeprojekte, bei denen nur das Beste gut genug ist. Mit diesem Gerät sind Sie optimal ausgestattet für alle Herausforderungen moderner Gartenarbeit.</strong>","Gloria","","Sprühgeräte und Spritzgeräte","","TRUE","Title","Default Title","","","","","MIT-3-BAR-LK","","shopify","14","deny","manual","21.00","","TRUE","TRUE","","https://lhagrarservicegmbh.de/wp-content/uploads/2026/04/a1-14.webp","1","Gloria Drucksprüher Prima 3 mit 3 bar","FALSE","Gloria Drucksprüher Prima 3 mit 3 bar","Gloria Drucksprüher Prima 3 mit 3 bar - Hochwertige Ausführung für optimale Ergebnisse im Garten.","","","","MIT-3-BAR-LK","new","TRUE","https://lhagrarservicegmbh.de/wp-content/uploads/2026/04/a1-14.webp","kg","","active"
"gloria-druckspruher-prima-3-mit-3-bar","","","","","","","","","","","","","","","","","","","","","","","","","https://lhagrarservicegmbh.de/wp-content/uploads/2026/04/a2.webp","2","Gloria Drucksprüher Prima 3 mit 3 bar","","","","","","","","","","","","",""
"gloria-druckspruher-prima-3-mit-3-bar","","","","","","","","","","","","","","","","","","","","","","","","","https://lhagrarservicegmbh.de/wp-content/uploads/2026/04/a3.webp","3","Gloria Drucksprüher Prima 3 mit 3 bar","","","","","","","","","","","","",""
"ego-ruckenspruhgerat-bsp3500e-50cm","EGO Rückensprühgerät BSP3500E 50cm","<h3>EGO Rückensprühgerät BSP3500E, 50 cm</h3>
Entdecken Sie die professionelle Leistung dieses hochwertigen Gartenwerkzeugs. bietet dieses Gerät optimale Ergebnisse für anspruchsvolle Gartenarbeiten.

Die einfache Öffnung des Häckselwerks ermöglicht eine schnelle und unkomplizierte Wartung des Rotors. Regelmäßige Wartung ist wichtig für die Langlebigkeit und Zuverlässigkeit des Geräts und stellt sicher, dass die Leistung über viele Jahre hinweg konstant bleibt.

Dieses professionelle Gerät überzeugt durch seine robuste Bauweise und die durchdachten technischen Lösungen. Die Kombination aus hoher Leistung, intelligenter Steuerung und benutzerfreundlichem Design macht es zur idealen Wahl für anspruchsvolle Garten- und Landschaftspflegearbeiten.

<strong>Investieren Sie in Qualität und Professionalität - dieses hochwertige Sprühgeräte und Spritzgeräte überzeugt durch erstklassige Verarbeitung, innovative Technik und außergewöhnliche Zuverlässigkeit. Perfekt geeignet für anspruchsvolle Garten- und Landschaftspflegeprojekte, bei denen nur das Beste gut genug ist. Mit diesem Gerät sind Sie optimal ausgestattet für alle Herausforderungen moderner Gartenarbeit.</strong>","EGO","","Sprühgeräte und Spritzgeräte","","TRUE","Title","Default Title","","","","","00E-50-CM-LK","","shopify","13","deny","manual","370.00","","TRUE","TRUE","","https://lhagrarservicegmbh.de/wp-content/uploads/2026/04/z1-16.webp","1","EGO Rückensprühgerät BSP3500E 50cm","FALSE","EGO Rückensprühgerät BSP3500E 50cm","EGO Rückensprühgerät BSP3500E, 50 cm - Hochwertige Ausführung für optimale Ergebnisse im Garten.","","","","00E-50-CM-LK","new","TRUE","https://lhagrarservicegmbh.de/wp-content/uploads/2026/04/z1-16.webp","kg","","active"
"einhell-power-x-change-akku-system-18v","Einhell Power X-Change Akku-System 18V","<h3>Einhell Power X-Change</h3>
Entdecken Sie die professionelle Leistung dieses hochwertigen Gartenwerkzeugs. bietet dieses Gerät optimale Ergebnisse für anspruchsvolle Gartenarbeiten.

Die einfache Öffnung des Häckselwerks ermöglicht eine schnelle und unkomplizierte Wartung des Rotors. Regelmäßige Wartung ist wichtig für die Langlebigkeit und Zuverlässigkeit des Geräts und stellt sicher, dass die Leistung über viele Jahre hinweg konstant bleibt.

Dieses professionelle Gerät überzeugt durch seine robuste Bauweise und die durchdachten technischen Lösungen. Die Kombination aus hoher Leistung, intelligenter Steuerung und benutzerfreundlichem Design macht es zur idealen Wahl für anspruchsvolle Garten- und Landschaftspflegearbeiten.

<strong>Investieren Sie in Qualität und Professionalität - dieses hochwertige Sprühgeräte und Spritzgeräte überzeugt durch erstklassige Verarbeitung, innovative Technik und außergewöhnliche Zuverlässigkeit. Perfekt geeignet für anspruchsvolle Garten- und Landschaftspflegeprojekte, bei denen nur das Beste gut genug ist. Mit diesem Gerät sind Sie optimal ausgestattet für alle Herausforderungen moderner Gartenarbeit.</strong>","Einhell","","Sprühgeräte und Spritzgeräte","","TRUE","Title","Default Title","","","","","18-10-LI-SOLO-LK","","shopify","13","deny","manual","52.00","","TRUE","TRUE","","https://lhagrarservicegmbh.de/wp-content/uploads/2026/04/e1-10.webp","1","Einhell Power X-Change Akku-System 18V","FALSE","Einhell Power X-Change Akku-System 18V","Einhell Power X-Change - Hochwertige Ausführung für optimale Ergebnisse im Garten.","","","","18-10-LI-SOLO-LK","new","TRUE","https://lhagrarservicegmbh.de/wp-content/uploads/2026/04/e1-10.webp","kg","","active"
"einhell-power-x-change-akku-system-18v","","","","","","","","","","","","","","","","","","","","","","","","","https://lhagrarservicegmbh.de/wp-content/uploads/2026/04/e2-1.webp","2","Einhell Power X-Change Akku-System 18V","","","","","","","","","","","","",""
"einhell-power-x-change-akku-system-18v","","","","","","","","","","","","","","","","","","","","","","","","","https://lhagrarservicegmbh.de/wp-content/uploads/2026/04/e3-1.webp","3","Einhell Power X-Change Akku-System 18V","","","","","","","","","","","","",""
"einhell-power-x-change-akku-system-18v","","","","","","","","","","","","","","","","","","","","","","","","","https://lhagrarservicegmbh.de/wp-content/uploads/2026/04/e4-1.webp","4","Einhell Power X-Change Akku-System 18V","","","","","","","","","","","","",""
"einhell-power-x-change-akku-system-18v","","","","","","","","","","","","","","","","","","","","","","","","","https://lhagrarservicegmbh.de/wp-content/uploads/2026/04/e5-1.webp","5","Einhell Power X-Change Akku-System 18V","","","","","","","","","","","","",""
"eurosystems-motorkarrenspritze-carry-sprayer","Eurosystems Motorkarrenspritze Carry Sprayer","<h3>eurosystems Motorkarrenspritze Carry Sprayer (B&amp;S)</h3>
Entdecken Sie die professionelle Leistung dieses hochwertigen Gartenwerkzeugs. Ausgestattet mit einem leistungsstarken Series 675-Motor bietet dieses Gerät optimale Ergebnisse für anspruchsvolle Gartenarbeiten.

Die einfache Öffnung des Häckselwerks ermöglicht eine schnelle und unkomplizierte Wartung des Rotors. Regelmäßige Wartung ist wichtig für die Langlebigkeit und Zuverlässigkeit des Geräts und stellt sicher, dass die Leistung über viele Jahre hinweg konstant bleibt.

Dieses professionelle Gerät überzeugt durch seine robuste Bauweise und die durchdachten technischen Lösungen. Die Kombination aus hoher Leistung, intelligenter Steuerung und benutzerfreundlichem Design macht es zur idealen Wahl für anspruchsvolle Garten- und Landschaftspflegearbeiten.
<h4>Technische Highlights:</h4>
<ul>
  <li><strong>Motor:</strong> Series 675 - Zuverlässiger Antrieb für höchste Ansprüche</li>
</ul>
<strong>Investieren Sie in Qualität und Professionalität - dieses hochwertige Sprühgeräte und Spritzgeräte überzeugt durch erstklassige Verarbeitung, innovative Technik und außergewöhnliche Zuverlässigkeit. Perfekt geeignet für anspruchsvolle Garten- und Landschaftspflegeprojekte, bei denen nur das Beste gut genug ist. Mit diesem Gerät sind Sie optimal ausgestattet für alle Herausforderungen moderner Gartenarbeit.</strong>","Eurosystems","","Sprühgeräte und Spritzgeräte","","TRUE","Title","Default Title","","","","","SPRAYER-BS-LK","","shopify","13","deny","manual","2370.99","2448.00","TRUE","TRUE","","https://lhagrarservicegmbh.de/wp-content/uploads/2026/04/r1-14.webp","1","Eurosystems Motorkarrenspritze Carry Sprayer","FALSE","Eurosystems Motorkarrenspritze Carry Sprayer","Eurosystems Motorkarrenspritze Carry Sprayer (B&S) - Hochwertige Ausführung für optimale Ergebnisse im Garten.","","","","SPRAYER-BS-LK","new","TRUE","https://lhagrarservicegmbh.de/wp-content/uploads/2026/04/r1-14.webp","kg","","active"
"eurosystems-motorkarrenspritze-eco-sprayer","Eurosystems Motorkarrenspritze Eco Sprayer","<h3>eurosystems Motorkarrenspritze Eco Sprayer</h3>
Entdecken Sie die professionelle Leistung dieses hochwertigen Gartenwerkzeugs. bietet dieses Gerät optimale Ergebnisse für anspruchsvolle Gartenarbeiten.

Die einfache Öffnung des Häckselwerks ermöglicht eine schnelle und unkomplizierte Wartung des Rotors. Regelmäßige Wartung ist wichtig für die Langlebigkeit und Zuverlässigkeit des Geräts und stellt sicher, dass die Leistung über viele Jahre hinweg konstant bleibt.

Dieses professionelle Gerät überzeugt durch seine robuste Bauweise und die durchdachten technischen Lösungen. Die Kombination aus hoher Leistung, intelligenter Steuerung und benutzerfreundlichem Design macht es zur idealen Wahl für anspruchsvolle Garten- und Landschaftspflegearbeiten.

<strong>Investieren Sie in Qualität und Professionalität - dieses hochwertige Sprühgeräte und Spritzgeräte überzeugt durch erstklassige Verarbeitung, innovative Technik und außergewöhnliche Zuverlässigkeit. Perfekt geeignet für anspruchsvolle Garten- und Landschaftspflegeprojekte, bei denen nur das Beste gut genug ist. Mit diesem Gerät sind Sie optimal ausgestattet für alle Herausforderungen moderner Gartenarbeit.</strong>","Eurosystems","","Sprühgeräte und Spritzgeräte","","TRUE","Title","Default Title","","","","","ECO-SPRAYER-LK","","shopify","14","deny","manual","878.00","","TRUE","TRUE","","https://lhagrarservicegmbh.de/wp-content/uploads/2026/04/t1-11.webp","1","Eurosystems Motorkarrenspritze Eco Sprayer","FALSE","Eurosystems Motorkarrenspritze Eco Sprayer","Eurosystems Motorkarrenspritze Eco Sprayer - Hochwertige Ausführung für optimale Ergebnisse im Garten.","","","","ECO-SPRAYER-LK","new","TRUE","https://lhagrarservicegmbh.de/wp-content/uploads/2026/04/t1-11.webp","kg","","active"
"stihl-akku-spritzgerat-sga-85","STIHL Akku-Spritzgerät SGA 85","<h3>STIHL Akku-Spritzgerät SGA 85</h3>
Entdecken Sie die professionelle Leistung dieses hochwertigen Gartenwerkzeugs. bietet dieses Gerät optimale Ergebnisse für anspruchsvolle Gartenarbeiten.

Durch seine kompakte Arbeitsbreite von nur 606 mm, praktisches Gewicht von 2 kg zeichnet sich dieses Modell besonders aus. Die durchdachte Konstruktion ermöglicht effiziente Arbeitsabläufe und professionelle Ergebnisse.

Die einfache Öffnung des Häckselwerks ermöglicht eine schnelle und unkomplizierte Wartung des Rotors. Regelmäßige Wartung ist wichtig für die Langlebigkeit und Zuverlässigkeit des Geräts und stellt sicher, dass die Leistung über viele Jahre hinweg konstant bleibt.

Dieses professionelle Gerät überzeugt durch seine robuste Bauweise und die durchdachten technischen Lösungen. Die Kombination aus hoher Leistung, intelligenter Steuerung und benutzerfreundlichem Design macht es zur idealen Wahl für anspruchsvolle Garten- und Landschaftspflegearbeiten.
<h4>Technische Highlights:</h4>
<ul>
  <li><strong>Arbeitsbreite:</strong> 606 mm - Kompakt und wendig für verschiedene Einsatzbereiche</li>
  <li><strong>Gewicht:</strong> 2 kg - Ausgewogenes Verhältnis von Stabilität und Mobilität</li>
</ul>
<strong>Investieren Sie in Qualität und Professionalität - dieses hochwertige Sprühgeräte und Spritzgeräte überzeugt durch erstklassige Verarbeitung, innovative Technik und außergewöhnliche Zuverlässigkeit. Perfekt geeignet für anspruchsvolle Garten- und Landschaftspflegeprojekte, bei denen nur das Beste gut genug ist. Mit diesem Gerät sind Sie optimal ausgestattet für alle Herausforderungen moderner Gartenarbeit.</strong>","STIHL","","Sprühgeräte und Spritzgeräte","","TRUE","Title","Default Title","","","","","RAT-SGA-85-LK","","shopify","14","deny","manual","480.00","","TRUE","TRUE","","https://lhagrarservicegmbh.de/wp-content/uploads/2026/04/y1-10.webp","1","STIHL Akku-Spritzgerät SGA 85","FALSE","STIHL Akku-Spritzgerät SGA 85","STIHL Akku-Spritzgerät SGA 85 | 406mm. Professionelle Qualität für den sprühgeräte und spritzgeräte.","","","","RAT-SGA-85-LK","new","TRUE","https://lhagrarservicegmbh.de/wp-content/uploads/2026/04/y1-10.webp","kg","","active"
"stihl-spritzgerat-sg-51-12l-druckspruher","STIHL Spritzgerät SG 51 12L Drucksprüher","<h3>STIHL Sprühgerät Spritzgerät SG 51, 12l</h3>
Entdecken Sie die professionelle Leistung dieses hochwertigen Gartenwerkzeugs. bietet dieses Gerät optimale Ergebnisse für anspruchsvolle Gartenarbeiten.

Die einfache Öffnung des Häckselwerks ermöglicht eine schnelle und unkomplizierte Wartung des Rotors. Regelmäßige Wartung ist wichtig für die Langlebigkeit und Zuverlässigkeit des Geräts und stellt sicher, dass die Leistung über viele Jahre hinweg konstant bleibt.

Dieses professionelle Gerät überzeugt durch seine robuste Bauweise und die durchdachten technischen Lösungen. Die Kombination aus hoher Leistung, intelligenter Steuerung und benutzerfreundlichem Design macht es zur idealen Wahl für anspruchsvolle Garten- und Landschaftspflegearbeiten.

<strong>Investieren Sie in Qualität und Professionalität - dieses hochwertige Sprühgeräte und Spritzgeräte überzeugt durch erstklassige Verarbeitung, innovative Technik und außergewöhnliche Zuverlässigkeit. Perfekt geeignet für anspruchsvolle Garten- und Landschaftspflegeprojekte, bei denen nur das Beste gut genug ist. Mit diesem Gerät sind Sie optimal ausgestattet für alle Herausforderungen moderner Gartenarbeit.</strong>","STIHL","","Sprühgeräte und Spritzgeräte","","TRUE","Title","Default Title","","","","","RAT-SG-51-12L-LK","","shopify","14","deny","manual","123.00","","TRUE","TRUE","","https://lhagrarservicegmbh.de/wp-content/uploads/2026/04/u1-10.webp","1","STIHL Spritzgerät SG 51 12L Drucksprüher","FALSE","STIHL Spritzgerät SG 51 12L Drucksprüher","STIHL Sprühgerät Spritzgerät SG 51, 12l - Hochwertige Ausführung für optimale Ergebnisse im Garten.","","","","RAT-SG-51-12L-LK","new","TRUE","https://lhagrarservicegmbh.de/wp-content/uploads/2026/04/u1-10.webp","kg","","active"
"stihl-ruckenspruhgerat-sr-430","STIHL Rückensprühgerät SR 430","<h3>STIHL Sprühgerät SR 430</h3>
Entdecken Sie die professionelle Leistung dieses hochwertigen Gartenwerkzeugs. bietet dieses Gerät optimale Ergebnisse für anspruchsvolle Gartenarbeiten.

Die einfache Öffnung des Häckselwerks ermöglicht eine schnelle und unkomplizierte Wartung des Rotors. Regelmäßige Wartung ist wichtig für die Langlebigkeit und Zuverlässigkeit des Geräts und stellt sicher, dass die Leistung über viele Jahre hinweg konstant bleibt.

Dieses professionelle Gerät überzeugt durch seine robuste Bauweise und die durchdachten technischen Lösungen. Die Kombination aus hoher Leistung, intelligenter Steuerung und benutzerfreundlichem Design macht es zur idealen Wahl für anspruchsvolle Garten- und Landschaftspflegearbeiten.

<strong>Investieren Sie in Qualität und Professionalität - dieses hochwertige Sprühgeräte und Spritzgeräte überzeugt durch erstklassige Verarbeitung, innovative Technik und außergewöhnliche Zuverlässigkeit. Perfekt geeignet für anspruchsvolle Garten- und Landschaftspflegeprojekte, bei denen nur das Beste gut genug ist. Mit diesem Gerät sind Sie optimal ausgestattet für alle Herausforderungen moderner Gartenarbeit.</strong>","STIHL","","Sprühgeräte und Spritzgeräte","","TRUE","Title","Default Title","","","","","RAT-SR-430-LK","","shopify","15","deny","manual","699.99","730.00","TRUE","TRUE","","https://lhagrarservicegmbh.de/wp-content/uploads/2026/04/i1-8.webp","1","STIHL Rückensprühgerät SR 430","FALSE","STIHL Rückensprühgerät SR 430","STIHL Sprühgerät SR 430 - Hochwertige Ausführung für optimale Ergebnisse im Garten.","","","","RAT-SR-430-LK","new","TRUE","https://lhagrarservicegmbh.de/wp-content/uploads/2026/04/i1-8.webp","kg","","active"
"stihl-ruckenspruhgerat-sr-450","STIHL Rückensprühgerät SR 450","<h3>STIHL Sprühgerät SR 450</h3>
Entdecken Sie die professionelle Leistung dieses hochwertigen Gartenwerkzeugs. bietet dieses Gerät optimale Ergebnisse für anspruchsvolle Gartenarbeiten.

Die einfache Öffnung des Häckselwerks ermöglicht eine schnelle und unkomplizierte Wartung des Rotors. Regelmäßige Wartung ist wichtig für die Langlebigkeit und Zuverlässigkeit des Geräts und stellt sicher, dass die Leistung über viele Jahre hinweg konstant bleibt.

Dieses professionelle Gerät überzeugt durch seine robuste Bauweise und die durchdachten technischen Lösungen. Die Kombination aus hoher Leistung, intelligenter Steuerung und benutzerfreundlichem Design macht es zur idealen Wahl für anspruchsvolle Garten- und Landschaftspflegearbeiten.

<strong>Investieren Sie in Qualität und Professionalität - dieses hochwertige Sprühgeräte und Spritzgeräte überzeugt durch erstklassige Verarbeitung, innovative Technik und außergewöhnliche Zuverlässigkeit. Perfekt geeignet für anspruchsvolle Garten- und Landschaftspflegeprojekte, bei denen nur das Beste gut genug ist. Mit diesem Gerät sind Sie optimal ausgestattet für alle Herausforderungen moderner Gartenarbeit.</strong>","STIHL","","Sprühgeräte und Spritzgeräte","","TRUE","Title","Default Title","","","","","SR-450-LK","","shopify","12","deny","manual","720.00","","TRUE","TRUE","","https://lhagrarservicegmbh.de/wp-content/uploads/2026/04/o1-8.webp","1","STIHL Rückensprühgerät SR 450","FALSE","STIHL Rückensprühgerät SR 450","STIHL Sprühgerät SR 450 - Hochwertige Ausführung für optimale Ergebnisse im Garten.","","","","SR-450-LK","new","TRUE","https://lhagrarservicegmbh.de/wp-content/uploads/2026/04/o1-8.webp","kg","","active"
"gloria-akku-kompressor-garten-spruhgerat","Gloria Akku-Kompressor Garten-Sprühgerät","<h3>Gloria Akku Kompressor Garten-Sprühgerät</h3>
Entdecken Sie die professionelle Leistung dieses hochwertigen Gartenwerkzeugs. bietet dieses Gerät optimale Ergebnisse für anspruchsvolle Gartenarbeiten.

Die einfache Öffnung des Häckselwerks ermöglicht eine schnelle und unkomplizierte Wartung des Rotors. Regelmäßige Wartung ist wichtig für die Langlebigkeit und Zuverlässigkeit des Geräts und stellt sicher, dass die Leistung über viele Jahre hinweg konstant bleibt.

Dieses professionelle Gerät überzeugt durch seine robuste Bauweise und die durchdachten technischen Lösungen. Die Kombination aus hoher Leistung, intelligenter Steuerung und benutzerfreundlichem Design macht es zur idealen Wahl für anspruchsvolle Garten- und Landschaftspflegearbeiten.

<strong>Investieren Sie in Qualität und Professionalität - dieses hochwertige Sprühgeräte und Spritzgeräte überzeugt durch erstklassige Verarbeitung, innovative Technik und außergewöhnliche Zuverlässigkeit. Perfekt geeignet für anspruchsvolle Garten- und Landschaftspflegeprojekte, bei denen nur das Beste gut genug ist. Mit diesem Gerät sind Sie optimal ausgestattet für alle Herausforderungen moderner Gartenarbeit.</strong>","Gloria","","Sprühgeräte und Spritzgeräte","","TRUE","Title","Default Title","","","","","15-BIS-25-BAR-LK","","shopify","13","deny","manual","70.00","","TRUE","TRUE","","https://lhagrarservicegmbh.de/wp-content/uploads/2026/04/q1-9.webp","1","Gloria Akku-Kompressor Garten-Sprühgerät","FALSE","Gloria Akku-Kompressor Garten-Sprühgerät","Gloria Akku Kompressor Garten-Sprühgerät - Hochwertige Ausführung für optimale Ergebnisse im Garten.","","","","15-BIS-25-BAR-LK","new","TRUE","https://lhagrarservicegmbh.de/wp-content/uploads/2026/04/q1-9.webp","kg","","active"
"gloria-akku-kompressor-garten-spruhgerat","","","","","","","","","","","","","","","","","","","","","","","","","https://lhagrarservicegmbh.de/wp-content/uploads/2026/04/q3-1.webp","2","Gloria Akku-Kompressor Garten-Sprühgerät","","","","","","","","","","","","",""
"gloria-akku-kompressor-garten-spruhgerat","","","","","","","","","","","","","","","","","","","","","","","","","https://lhagrarservicegmbh.de/wp-content/uploads/2026/04/q2-1.webp","3","Gloria Akku-Kompressor Garten-Sprühgerät","","","","","","","","","","","","",""
"mesto-ruckenspritze-3552-12l-6bar","Mesto Rückenspritze 3552 12L 6bar","<h3>Rückenspritze Mesto 3552 mit 6 bar 12 l</h3>
Entdecken Sie die professionelle Leistung dieses hochwertigen Gartenwerkzeugs. bietet dieses Gerät optimale Ergebnisse für anspruchsvolle Gartenarbeiten.

Die einfache Öffnung des Häckselwerks ermöglicht eine schnelle und unkomplizierte Wartung des Rotors. Regelmäßige Wartung ist wichtig für die Langlebigkeit und Zuverlässigkeit des Geräts und stellt sicher, dass die Leistung über viele Jahre hinweg konstant bleibt.

Dieses professionelle Gerät überzeugt durch seine robuste Bauweise und die durchdachten technischen Lösungen. Die Kombination aus hoher Leistung, intelligenter Steuerung und benutzerfreundlichem Design macht es zur idealen Wahl für anspruchsvolle Garten- und Landschaftspflegearbeiten.

<strong>Investieren Sie in Qualität und Professionalität - dieses hochwertige Sprühgeräte und Spritzgeräte überzeugt durch erstklassige Verarbeitung, innovative Technik und außergewöhnliche Zuverlässigkeit. Perfekt geeignet für anspruchsvolle Garten- und Landschaftspflegeprojekte, bei denen nur das Beste gut genug ist. Mit diesem Gerät sind Sie optimal ausgestattet für alle Herausforderungen moderner Gartenarbeit.</strong>","Mesto","","Sprühgeräte und Spritzgeräte","","TRUE","Title","Default Title","","","","","MIT-6-BAR-12-L-LK","","shopify","13","deny","manual","105.00","","TRUE","TRUE","","https://lhagrarservicegmbh.de/wp-content/uploads/2026/04/image.webp","1","Mesto Rückenspritze 3552 12L 6bar","FALSE","Mesto Rückenspritze 3552 12L 6bar","Rückenspritze Mesto 3552 mit 6 bar 12 l - Hochwertige Ausführung für optimale Ergebnisse im Garten.","","","","MIT-6-BAR-12-L-LK","new","TRUE","https://lhagrarservicegmbh.de/wp-content/uploads/2026/04/image.webp","kg","","active"
"mesto-ruckenspritze-3552-12l-6bar","","","","","","","","","","","","","","","","","","","","","","","","","https://lhagrarservicegmbh.de/wp-content/uploads/2026/04/image-1.webp","2","Mesto Rückenspritze 3552 12L 6bar","","","","","","","","","","","","",""
"mesto-ruckenspritze-3552-12l-6bar","","","","","","","","","","","","","","","","","","","","","","","","","https://lhagrarservicegmbh.de/wp-content/uploads/2026/04/image-2.webp","3","Mesto Rückenspritze 3552 12L 6bar","","","","","","","","","","","","",""
"gloria-akku-ruckenspruher-pro-1200-li-ion","Gloria Akku-Rückensprüher Pro 1200 Li-Ion","<h3>Gloria Akku-Rückensprüher Pro 1200 li-on Solo</h3>
Entdecken Sie die professionelle Leistung dieses hochwertigen Gartenwerkzeugs. bietet dieses Gerät optimale Ergebnisse für anspruchsvolle Gartenarbeiten.

Die einfache Öffnung des Häckselwerks ermöglicht eine schnelle und unkomplizierte Wartung des Rotors. Regelmäßige Wartung ist wichtig für die Langlebigkeit und Zuverlässigkeit des Geräts und stellt sicher, dass die Leistung über viele Jahre hinweg konstant bleibt.

Dieses professionelle Gerät überzeugt durch seine robuste Bauweise und die durchdachten technischen Lösungen. Die Kombination aus hoher Leistung, intelligenter Steuerung und benutzerfreundlichem Design macht es zur idealen Wahl für anspruchsvolle Garten- und Landschaftspflegearbeiten.

<strong>Investieren Sie in Qualität und Professionalität - dieses hochwertige Sprühgeräte und Spritzgeräte überzeugt durch erstklassige Verarbeitung, innovative Technik und außergewöhnliche Zuverlässigkeit. Perfekt geeignet für anspruchsvolle Garten- und Landschaftspflegeprojekte, bei denen nur das Beste gut genug ist. Mit diesem Gerät sind Sie optimal ausgestattet für alle Herausforderungen moderner Gartenarbeit.</strong>","Gloria","","Sprühgeräte und Spritzgeräte","","TRUE","Title","Default Title","","","","","LI-ON-SOLO-LK","","shopify","14","deny","manual","168.00","","TRUE","TRUE","","https://lhagrarservicegmbh.de/wp-content/uploads/2026/04/image-3.webp","1","Gloria Akku-Rückensprüher Pro 1200 Li-Ion","FALSE","Gloria Akku-Rückensprüher Pro 1200 Li-Ion","Gloria Akku-Rückensprüher Pro 1200 li-on Solo - Hochwertige Ausführung für optimale Ergebnisse im Garten.","","","","LI-ON-SOLO-LK","new","TRUE","https://lhagrarservicegmbh.de/wp-content/uploads/2026/04/image-3.webp","kg","","active"
"gloria-akku-ruckenspruher-pro-1200-li-ion","","","","","","","","","","","","","","","","","","","","","","","","","https://lhagrarservicegmbh.de/wp-content/uploads/2026/04/image-4.webp","2","Gloria Akku-Rückensprüher Pro 1200 Li-Ion","","","","","","","","","","","","",""
"gloria-akku-ruckenspruher-pro-1200-li-ion","","","","","","","","","","","","","","","","","","","","","","","","","https://lhagrarservicegmbh.de/wp-content/uploads/2026/04/image-5.webp","3","Gloria Akku-Rückensprüher Pro 1200 Li-Ion","","","","","","","","","","","","",""
"gloria-akku-ruckenspruher-pro-1200-li-ion","","","","","","","","","","","","","","","","","","","","","","","","","https://lhagrarservicegmbh.de/wp-content/uploads/2026/04/image-6.webp","4","Gloria Akku-Rückensprüher Pro 1200 Li-Ion","","","","","","","","","","","","",""
"gloria-akku-ruckenspruher-pro-1200-li-ion","","","","","","","","","","","","","","","","","","","","","","","","","https://lhagrarservicegmbh.de/wp-content/uploads/2026/04/image-7.webp","5","Gloria Akku-Rückensprüher Pro 1200 Li-Ion","","","","","","","","","","","","",""
"gloria-akku-ruckenspruher-pro-1200-li-ion","","","","","","","","","","","","","","","","","","","","","","","","","https://lhagrarservicegmbh.de/wp-content/uploads/2026/04/image-8.webp","6","Gloria Akku-Rückensprüher Pro 1200 Li-Ion","","","","","","","","","","","","",""
"proregal-tommy-akku-druckspruhgerat-16l","PROREGAL TOMMY Akku-Drucksprühgerät 16L","<h3>PROREGAL TOMMY Akku Drucksprühgerät 16</h3>
Entdecken Sie die professionelle Leistung dieses hochwertigen Gartenwerkzeugs. bietet dieses Gerät optimale Ergebnisse für anspruchsvolle Gartenarbeiten.

Die einfache Öffnung des Häckselwerks ermöglicht eine schnelle und unkomplizierte Wartung des Rotors. Regelmäßige Wartung ist wichtig für die Langlebigkeit und Zuverlässigkeit des Geräts und stellt sicher, dass die Leistung über viele Jahre hinweg konstant bleibt.

Dieses professionelle Gerät überzeugt durch seine robuste Bauweise und die durchdachten technischen Lösungen. Die Kombination aus hoher Leistung, intelligenter Steuerung und benutzerfreundlichem Design macht es zur idealen Wahl für anspruchsvolle Garten- und Landschaftspflegearbeiten.

<strong>Investieren Sie in Qualität und Professionalität - dieses hochwertige Sprühgeräte und Spritzgeräte überzeugt durch erstklassige Verarbeitung, innovative Technik und außergewöhnliche Zuverlässigkeit. Perfekt geeignet für anspruchsvolle Garten- und Landschaftspflegeprojekte, bei denen nur das Beste gut genug ist. Mit diesem Gerät sind Sie optimal ausgestattet für alle Herausforderungen moderner Gartenarbeit.</strong>","PROREGAL","","Sprühgeräte und Spritzgeräte","","TRUE","Title","Default Title","","","","","MIT-LADEGERAT-LK","","shopify","14","deny","manual","181.00","","TRUE","TRUE","","https://lhagrarservicegmbh.de/wp-content/uploads/2026/04/XT9cEszxCf___2b843a6e6c5f01bb1fafa7f989e3ca2b.webp","1","PROREGAL TOMMY Akku-Drucksprühgerät 16L","FALSE","PROREGAL TOMMY Akku-Drucksprühgerät 16L","PROREGAL TOMMY Akku Drucksprühgerät 16 - Hochwertige Ausführung für optimale Ergebnisse im Garten.","","","","MIT-LADEGERAT-LK","new","TRUE","https://lhagrarservicegmbh.de/wp-content/uploads/2026/04/XT9cEszxCf___2b843a6e6c5f01bb1fafa7f989e3ca2b.webp","kg","","active"
"proregal-tommy-akku-druckspruhgerat-16l","","","","","","","","","","","","","","","","","","","","","","","","","https://lhagrarservicegmbh.de/wp-content/uploads/2026/04/ZtavdBqSJj___a2c703dc00c9e79b3842881bc97f72c2.webp","2","PROREGAL TOMMY Akku-Drucksprühgerät 16L","","","","","","","","","","","","",""
"agri-fab-handstreuwagen-fur-salz-und-dunger","Agri-Fab Handstreuwagen für Salz und Dünger","<h3>Agri-Fab Handstreuwagen für Salz / Dünger, 60 kg</h3>
Entdecken Sie die professionelle Leistung dieses hochwertigen Gartenwerkzeugs. bietet dieses Gerät optimale Ergebnisse für anspruchsvolle Gartenarbeiten.

Die einfache Öffnung des Häckselwerks ermöglicht eine schnelle und unkomplizierte Wartung des Rotors. Regelmäßige Wartung ist wichtig für die Langlebigkeit und Zuverlässigkeit des Geräts und stellt sicher, dass die Leistung über viele Jahre hinweg konstant bleibt.

Dieses professionelle Gerät überzeugt durch seine robuste Bauweise und die durchdachten technischen Lösungen. Die Kombination aus hoher Leistung, intelligenter Steuerung und benutzerfreundlichem Design macht es zur idealen Wahl für anspruchsvolle Garten- und Landschaftspflegearbeiten.

<strong>Investieren Sie in Qualität und Professionalität - dieses hochwertige Streugeräte überzeugt durch erstklassige Verarbeitung, innovative Technik und außergewöhnliche Zuverlässigkeit. Perfekt geeignet für anspruchsvolle Garten- und Landschaftspflegeprojekte, bei denen nur das Beste gut genug ist. Mit diesem Gerät sind Sie optimal ausgestattet für alle Herausforderungen moderner Gartenarbeit.</strong>","Agri-Fab","","Streugeräte","","TRUE","Title","Default Title","","","","","DUNGER-60-KG-LK","","shopify","12","deny","manual","465.99","","TRUE","TRUE","","https://lhagrarservicegmbh.de/wp-content/uploads/2026/04/a1-15.webp","1","Agri-Fab Handstreuwagen für Salz und Dünger","FALSE","Agri-Fab Handstreuwagen für Salz und Dünger","Agri-Fab Handstreuwagen für Salz / Dünger, 60 kg - Hochwertige Ausführung für optimale Ergebnisse im Garten.","","","","DUNGER-60-KG-LK","new","TRUE","https://lhagrarservicegmbh.de/wp-content/uploads/2026/04/a1-15.webp","kg","","active"
"erco-schleuderstreuer-sp-340-flex-select-streuer","Erco Schleuderstreuer SP-340 Flex-Select Streuer","<h3>Erco Schleuderstreuer SP-340 Flex-Select</h3>
Entdecken Sie die professionelle Leistung dieses hochwertigen Gartenwerkzeugs. bietet dieses Gerät optimale Ergebnisse für anspruchsvolle Gartenarbeiten.

Die einfache Öffnung des Häckselwerks ermöglicht eine schnelle und unkomplizierte Wartung des Rotors. Regelmäßige Wartung ist wichtig für die Langlebigkeit und Zuverlässigkeit des Geräts und stellt sicher, dass die Leistung über viele Jahre hinweg konstant bleibt.

Dieses professionelle Gerät überzeugt durch seine robuste Bauweise und die durchdachten technischen Lösungen. Die Kombination aus hoher Leistung, intelligenter Steuerung und benutzerfreundlichem Design macht es zur idealen Wahl für anspruchsvolle Garten- und Landschaftspflegearbeiten.

<strong>Investieren Sie in Qualität und Professionalität - dieses hochwertige Streugeräte überzeugt durch erstklassige Verarbeitung, innovative Technik und außergewöhnliche Zuverlässigkeit. Perfekt geeignet für anspruchsvolle Garten- und Landschaftspflegeprojekte, bei denen nur das Beste gut genug ist. Mit diesem Gerät sind Sie optimal ausgestattet für alle Herausforderungen moderner Gartenarbeit.</strong>","Erco","","Streugeräte","","TRUE","Title","Default Title","","","","","SP-340-FLEX-SELECT-LK","","shopify","14","deny","manual","428.30","494.00","TRUE","TRUE","","https://lhagrarservicegmbh.de/wp-content/uploads/2026/04/e1-11.webp","1","Erco Schleuderstreuer SP-340 Flex-Select Streuer","FALSE","Erco Schleuderstreuer SP-340 Flex-Select Streuer","Erco Schleuderstreuer SP-340 Flex-Select - 1 - Hochwertige Ausführung für optimale Ergebnisse im Garten.","","","","SP-340-FLEX-SELECT-LK","new","TRUE","https://lhagrarservicegmbh.de/wp-content/uploads/2026/04/e1-11.webp","kg","","active"
"erco-kastenstreuer-ka-1100-streuwagen","Erco Kastenstreuer KA-1100 Streuwagen","<h3>Erco Kastenstreuer KA-1100</h3>
Entdecken Sie die professionelle Leistung dieses hochwertigen Gartenwerkzeugs. bietet dieses Gerät optimale Ergebnisse für anspruchsvolle Gartenarbeiten.

Die einfache Öffnung des Häckselwerks ermöglicht eine schnelle und unkomplizierte Wartung des Rotors. Regelmäßige Wartung ist wichtig für die Langlebigkeit und Zuverlässigkeit des Geräts und stellt sicher, dass die Leistung über viele Jahre hinweg konstant bleibt.

Dieses professionelle Gerät überzeugt durch seine robuste Bauweise und die durchdachten technischen Lösungen. Die Kombination aus hoher Leistung, intelligenter Steuerung und benutzerfreundlichem Design macht es zur idealen Wahl für anspruchsvolle Garten- und Landschaftspflegearbeiten.

<strong>Investieren Sie in Qualität und Professionalität - dieses hochwertige Streugeräte überzeugt durch erstklassige Verarbeitung, innovative Technik und außergewöhnliche Zuverlässigkeit. Perfekt geeignet für anspruchsvolle Garten- und Landschaftspflegeprojekte, bei denen nur das Beste gut genug ist. Mit diesem Gerät sind Sie optimal ausgestattet für alle Herausforderungen moderner Gartenarbeit.</strong>","Erco","","Streugeräte","","TRUE","Title","Default Title","","","","","UER-KA-1100-LK","","shopify","15","deny","manual","1274.52","","TRUE","TRUE","","https://lhagrarservicegmbh.de/wp-content/uploads/2026/04/r1-15.webp","1","Erco Kastenstreuer KA-1100 Streuwagen","FALSE","Erco Kastenstreuer KA-1100 Streuwagen","Erco Kastenstreuer KA-1100 - Hochwertige Ausführung für optimale Ergebnisse im Garten.","","","","UER-KA-1100-LK","new","TRUE","https://lhagrarservicegmbh.de/wp-content/uploads/2026/04/r1-15.webp","kg","","active"
"mtd-anhangestreuer-175lb-80kg","MTD Anhängestreuer 175LB 80kg","<h3>MTD Anhängestreuer 175LB 80 kg Vorführer</h3>
Entdecken Sie die professionelle Leistung dieses hochwertigen Gartenwerkzeugs. bietet dieses Gerät optimale Ergebnisse für anspruchsvolle Gartenarbeiten.

Durch seine praktisches Gewicht von 80 kg zeichnet sich dieses Modell besonders aus. Die durchdachte Konstruktion ermöglicht effiziente Arbeitsabläufe und professionelle Ergebnisse.

Die einfache Öffnung des Häckselwerks ermöglicht eine schnelle und unkomplizierte Wartung des Rotors. Regelmäßige Wartung ist wichtig für die Langlebigkeit und Zuverlässigkeit des Geräts und stellt sicher, dass die Leistung über viele Jahre hinweg konstant bleibt.

Dieses professionelle Gerät überzeugt durch seine robuste Bauweise und die durchdachten technischen Lösungen. Die Kombination aus hoher Leistung, intelligenter Steuerung und benutzerfreundlichem Design macht es zur idealen Wahl für anspruchsvolle Garten- und Landschaftspflegearbeiten.
<h4>Technische Highlights:</h4>
<ul>
  <li><strong>Gewicht:</strong> 80 kg - Ausgewogenes Verhältnis von Stabilität und Mobilität</li>
</ul>
<strong>Investieren Sie in Qualität und Professionalität - dieses hochwertige Streugeräte überzeugt durch erstklassige Verarbeitung, innovative Technik und außergewöhnliche Zuverlässigkeit. Perfekt geeignet für anspruchsvolle Garten- und Landschaftspflegeprojekte, bei denen nur das Beste gut genug ist. Mit diesem Gerät sind Sie optimal ausgestattet für alle Herausforderungen moderner Gartenarbeit.</strong>","MTD","","Streugeräte","","TRUE","Title","Default Title","","","","","VORFUHRER-LK","","shopify","13","deny","manual","372.00","","TRUE","TRUE","","https://lhagrarservicegmbh.de/wp-content/uploads/2026/04/t1-12.webp","1","MTD Anhängestreuer 175LB 80kg","FALSE","MTD Anhängestreuer 175LB 80kg","MTD Anhängestreuer 175LB 80 kg Vorführer - Hochwertige Ausführung für optimale Ergebnisse im Garten.","","","","VORFUHRER-LK","new","TRUE","https://lhagrarservicegmbh.de/wp-content/uploads/2026/04/t1-12.webp","kg","","active"
"stiga-salz-und-dungerstreuer","STIGA Salz- und Düngerstreuer","<h3>STIGA Salz- und Düngerstreuer</h3>
Entdecken Sie die professionelle Leistung dieses hochwertigen Gartenwerkzeugs. bietet dieses Gerät optimale Ergebnisse für anspruchsvolle Gartenarbeiten.

Die einfache Öffnung des Häckselwerks ermöglicht eine schnelle und unkomplizierte Wartung des Rotors. Regelmäßige Wartung ist wichtig für die Langlebigkeit und Zuverlässigkeit des Geräts und stellt sicher, dass die Leistung über viele Jahre hinweg konstant bleibt.

Dieses professionelle Gerät überzeugt durch seine robuste Bauweise und die durchdachten technischen Lösungen. Die Kombination aus hoher Leistung, intelligenter Steuerung und benutzerfreundlichem Design macht es zur idealen Wahl für anspruchsvolle Garten- und Landschaftspflegearbeiten.

<strong>Investieren Sie in Qualität und Professionalität - dieses hochwertige Streugeräte überzeugt durch erstklassige Verarbeitung, innovative Technik und außergewöhnliche Zuverlässigkeit. Perfekt geeignet für anspruchsvolle Garten- und Landschaftspflegeprojekte, bei denen nur das Beste gut genug ist. Mit diesem Gerät sind Sie optimal ausgestattet für alle Herausforderungen moderner Gartenarbeit.</strong>","Stiga","","Streugeräte","","TRUE","Title","Default Title","","","","","DUNGERSTREUER-LK","","shopify","13","deny","manual","254.00","","TRUE","TRUE","","https://lhagrarservicegmbh.de/wp-content/uploads/2026/04/y1-11.webp","1","STIGA Salz- und Düngerstreuer","FALSE","STIGA Salz- und Düngerstreuer","STIGA Salz- und Düngerstreuer - Hochwertige Ausführung für optimale Ergebnisse im Garten.","","","","DUNGERSTREUER-LK","new","TRUE","https://lhagrarservicegmbh.de/wp-content/uploads/2026/04/y1-11.webp","kg","","active"
"stiga-splitt-anhangerstreuer","STIGA Splitt Anhängerstreuer","<h3>STIGA Splitt Anhängerstreuer</h3>
Entdecken Sie die professionelle Leistung dieses hochwertigen Gartenwerkzeugs. bietet dieses Gerät optimale Ergebnisse für anspruchsvolle Gartenarbeiten.

Durch seine praktisches Gewicht von 50 kg zeichnet sich dieses Modell besonders aus. Die durchdachte Konstruktion ermöglicht effiziente Arbeitsabläufe und professionelle Ergebnisse.

Die einfache Öffnung des Häckselwerks ermöglicht eine schnelle und unkomplizierte Wartung des Rotors. Regelmäßige Wartung ist wichtig für die Langlebigkeit und Zuverlässigkeit des Geräts und stellt sicher, dass die Leistung über viele Jahre hinweg konstant bleibt.

Dieses professionelle Gerät überzeugt durch seine robuste Bauweise und die durchdachten technischen Lösungen. Die Kombination aus hoher Leistung, intelligenter Steuerung und benutzerfreundlichem Design macht es zur idealen Wahl für anspruchsvolle Garten- und Landschaftspflegearbeiten.
<h4>Technische Highlights:</h4>
<ul>
  <li><strong>Gewicht:</strong> 50 kg - Ausgewogenes Verhältnis von Stabilität und Mobilität</li>
</ul>
<strong>Investieren Sie in Qualität und Professionalität - dieses hochwertige Streugeräte überzeugt durch erstklassige Verarbeitung, innovative Technik und außergewöhnliche Zuverlässigkeit. Perfekt geeignet für anspruchsvolle Garten- und Landschaftspflegeprojekte, bei denen nur das Beste gut genug ist. Mit diesem Gerät sind Sie optimal ausgestattet für alle Herausforderungen moderner Gartenarbeit.</strong>","Stiga","","Streugeräte","","TRUE","Title","Default Title","","","","","TREUER-LK","","shopify","11","deny","manual","1300.00","1392.30","TRUE","TRUE","","https://lhagrarservicegmbh.de/wp-content/uploads/2026/04/u1-11.webp","1","STIGA Splitt Anhängerstreuer","FALSE","STIGA Splitt Anhängerstreuer","STIGA Splitt Anhängerstreuer - Hochwertige Ausführung für optimale Ergebnisse im Garten.","","","","TREUER-LK","new","TRUE","https://lhagrarservicegmbh.de/wp-content/uploads/2026/04/u1-11.webp","kg","","active"
"tielburger-kastenstreuer-tm320-inkl-abdeckung","Tielbürger Kastenstreuer TM320 inkl. Abdeckung","<h3>tielbürger Kastenstreuer tm320 – inkl.</h3>
Entdecken Sie die professionelle Leistung dieses hochwertigen Gartenwerkzeugs. bietet dieses Gerät optimale Ergebnisse für anspruchsvolle Gartenarbeiten.

Die einfache Öffnung des Häckselwerks ermöglicht eine schnelle und unkomplizierte Wartung des Rotors. Regelmäßige Wartung ist wichtig für die Langlebigkeit und Zuverlässigkeit des Geräts und stellt sicher, dass die Leistung über viele Jahre hinweg konstant bleibt.

Dieses professionelle Gerät überzeugt durch seine robuste Bauweise und die durchdachten technischen Lösungen. Die Kombination aus hoher Leistung, intelligenter Steuerung und benutzerfreundlichem Design macht es zur idealen Wahl für anspruchsvolle Garten- und Landschaftspflegearbeiten.

<strong>Investieren Sie in Qualität und Professionalität - dieses hochwertige Streugeräte überzeugt durch erstklassige Verarbeitung, innovative Technik und außergewöhnliche Zuverlässigkeit. Perfekt geeignet für anspruchsvolle Garten- und Landschaftspflegeprojekte, bei denen nur das Beste gut genug ist. Mit diesem Gerät sind Sie optimal ausgestattet für alle Herausforderungen moderner Gartenarbeit.</strong>","Tielbürger","","Streugeräte","","TRUE","Title","Default Title","","","","","FUR-HANDBETRIEB-LK","","shopify","12","deny","manual","1191.84","","TRUE","TRUE","","https://lhagrarservicegmbh.de/wp-content/uploads/2026/04/i1-9.webp","1","Tielbürger Kastenstreuer TM320 inkl. Abdeckung","FALSE","Tielbürger Kastenstreuer TM320 inkl. Abdeckung","Tielbürger Kastenstreuer tm320 – inkl. - Hochwertige Ausführung für optimale Ergebnisse im Garten.","","","","FUR-HANDBETRIEB-LK","new","TRUE","https://lhagrarservicegmbh.de/wp-content/uploads/2026/04/i1-9.webp","kg","","active"
"texas-streugerat-smart-spreader-100","Texas Streugerät Smart Spreader 100","<h3>Texas Streugerät Smart Spreader 100</h3>
Entdecken Sie die professionelle Leistung dieses hochwertigen Gartenwerkzeugs. bietet dieses Gerät optimale Ergebnisse für anspruchsvolle Gartenarbeiten.

Die einfache Öffnung des Häckselwerks ermöglicht eine schnelle und unkomplizierte Wartung des Rotors. Regelmäßige Wartung ist wichtig für die Langlebigkeit und Zuverlässigkeit des Geräts und stellt sicher, dass die Leistung über viele Jahre hinweg konstant bleibt.

Dieses professionelle Gerät überzeugt durch seine robuste Bauweise und die durchdachten technischen Lösungen. Die Kombination aus hoher Leistung, intelligenter Steuerung und benutzerfreundlichem Design macht es zur idealen Wahl für anspruchsvolle Garten- und Landschaftspflegearbeiten.

<strong>Investieren Sie in Qualität und Professionalität - dieses hochwertige Streugeräte überzeugt durch erstklassige Verarbeitung, innovative Technik und außergewöhnliche Zuverlässigkeit. Perfekt geeignet für anspruchsvolle Garten- und Landschaftspflegeprojekte, bei denen nur das Beste gut genug ist. Mit diesem Gerät sind Sie optimal ausgestattet für alle Herausforderungen moderner Gartenarbeit.</strong>","Texas","","Streugeräte","","TRUE","Title","Default Title","","","","","ADER-100-LK","","shopify","13","deny","manual","32.00","","TRUE","TRUE","","https://lhagrarservicegmbh.de/wp-content/uploads/2026/04/p1-9.webp","1","Texas Streugerät Smart Spreader 100","FALSE","Texas Streugerät Smart Spreader 100","Texas Streugerät Smart Spreader 100 - Hochwertige Ausführung für optimale Ergebnisse im Garten.","","","","ADER-100-LK","new","TRUE","https://lhagrarservicegmbh.de/wp-content/uploads/2026/04/p1-9.webp","kg","","active"
"texas-streugerat-smart-spreader-100","","","","","","","","","","","","","","","","","","","","","","","","","https://lhagrarservicegmbh.de/wp-content/uploads/2026/04/p2-1.webp","2","Texas Streugerät Smart Spreader 100","","","","","","","","","","","","",""
"texas-streugerat-smart-spreader-100","","","","","","","","","","","","","","","","","","","","","","","","","https://lhagrarservicegmbh.de/wp-content/uploads/2026/04/p3-1.webp","3","Texas Streugerät Smart Spreader 100","","","","","","","","","","","","",""
"texas-streugerat-smart-spreader-100","","","","","","","","","","","","","","","","","","","","","","","","","https://lhagrarservicegmbh.de/wp-content/uploads/2026/04/p4-1.webp","4","Texas Streugerät Smart Spreader 100","","","","","","","","","","","","",""
"texas-streugerat-smart-spreader-100","","","","","","","","","","","","","","","","","","","","","","","","","https://lhagrarservicegmbh.de/wp-content/uploads/2026/04/p5-1.webp","5","Texas Streugerät Smart Spreader 100","","","","","","","","","","","","",""
"gardena-handstreuer-m-mit-handschuhen","Gardena Handstreuer M mit Handschuhen","<h3>Gardena Handstreuer M inkl. Handschuhe</h3>
Entdecken Sie die professionelle Leistung dieses hochwertigen Gartenwerkzeugs. bietet dieses Gerät optimale Ergebnisse für anspruchsvolle Gartenarbeiten.

Die einfache Öffnung des Häckselwerks ermöglicht eine schnelle und unkomplizierte Wartung des Rotors. Regelmäßige Wartung ist wichtig für die Langlebigkeit und Zuverlässigkeit des Geräts und stellt sicher, dass die Leistung über viele Jahre hinweg konstant bleibt.

Dieses professionelle Gerät überzeugt durch seine robuste Bauweise und die durchdachten technischen Lösungen. Die Kombination aus hoher Leistung, intelligenter Steuerung und benutzerfreundlichem Design macht es zur idealen Wahl für anspruchsvolle Garten- und Landschaftspflegearbeiten.

<strong>Investieren Sie in Qualität und Professionalität - dieses hochwertige Streugeräte überzeugt durch erstklassige Verarbeitung, innovative Technik und außergewöhnliche Zuverlässigkeit. Perfekt geeignet für anspruchsvolle Garten- und Landschaftspflegeprojekte, bei denen nur das Beste gut genug ist. Mit diesem Gerät sind Sie optimal ausgestattet für alle Herausforderungen moderner Gartenarbeit.</strong>","Gardena","","Streugeräte","","TRUE","Title","Default Title","","","","","HANDSCHUHE-LK","","shopify","13","deny","manual","25.00","","TRUE","TRUE","","https://lhagrarservicegmbh.de/wp-content/uploads/2026/04/q1-10.webp","1","Gardena Handstreuer M mit Handschuhen","FALSE","Gardena Handstreuer M mit Handschuhen","Gardena Handstreuer M inkl. Handschuhe - Hochwertige Ausführung für optimale Ergebnisse im Garten.","","","","HANDSCHUHE-LK","new","TRUE","https://lhagrarservicegmbh.de/wp-content/uploads/2026/04/q1-10.webp","kg","","active"
"gardena-handstreuer-m-mit-handschuhen","","","","","","","","","","","","","","","","","","","","","","","","","https://lhagrarservicegmbh.de/wp-content/uploads/2026/04/q2-2.webp","2","Gardena Handstreuer M mit Handschuhen","","","","","","","","","","","","",""
"gardena-handstreuer-m-mit-handschuhen","","","","","","","","","","","","","","","","","","","","","","","","","https://lhagrarservicegmbh.de/wp-content/uploads/2026/04/q3-3.webp","3","Gardena Handstreuer M mit Handschuhen","","","","","","","","","","","","",""
"gardena-handstreuer-m-mit-handschuhen","","","","","","","","","","","","","","","","","","","","","","","","","https://lhagrarservicegmbh.de/wp-content/uploads/2026/04/q4.webp","4","Gardena Handstreuer M mit Handschuhen","","","","","","","","","","","","",""
"gardena-handstreuer-m-mit-handschuhen","","","","","","","","","","","","","","","","","","","","","","","","","https://lhagrarservicegmbh.de/wp-content/uploads/2026/04/q5.webp","5","Gardena Handstreuer M mit Handschuhen","","","","","","","","","","","","",""
"gardena-handstreuer-m-mit-handschuhen","","","","","","","","","","","","","","","","","","","","","","","","","https://lhagrarservicegmbh.de/wp-content/uploads/2026/04/q6.webp","6","Gardena Handstreuer M mit Handschuhen","","","","","","","","","","","","",""
"solo-granulatstreuer-421-classic-9l","Solo Granulatstreuer 421 Classic 9L","<h3>Solo Granulatstreuer 421 Classic 9 l</h3>
Entdecken Sie die professionelle Leistung dieses hochwertigen Gartenwerkzeugs. bietet dieses Gerät optimale Ergebnisse für anspruchsvolle Gartenarbeiten.

Die einfache Öffnung des Häckselwerks ermöglicht eine schnelle und unkomplizierte Wartung des Rotors. Regelmäßige Wartung ist wichtig für die Langlebigkeit und Zuverlässigkeit des Geräts und stellt sicher, dass die Leistung über viele Jahre hinweg konstant bleibt.

Dieses professionelle Gerät überzeugt durch seine robuste Bauweise und die durchdachten technischen Lösungen. Die Kombination aus hoher Leistung, intelligenter Steuerung und benutzerfreundlichem Design macht es zur idealen Wahl für anspruchsvolle Garten- und Landschaftspflegearbeiten.

<strong>Investieren Sie in Qualität und Professionalität - dieses hochwertige Streugeräte überzeugt durch erstklassige Verarbeitung, innovative Technik und außergewöhnliche Zuverlässigkeit. Perfekt geeignet für anspruchsvolle Garten- und Landschaftspflegeprojekte, bei denen nur das Beste gut genug ist. Mit diesem Gerät sind Sie optimal ausgestattet für alle Herausforderungen moderner Gartenarbeit.</strong>","Solo","","Streugeräte","","TRUE","Title","Default Title","","","","","121-CLASSIC-9-L-LK","","shopify","13","deny","manual","93.00","","TRUE","TRUE","","https://lhagrarservicegmbh.de/wp-content/uploads/2026/04/image-10.webp","1","Solo Granulatstreuer 421 Classic 9L","FALSE","Solo Granulatstreuer 421 Classic 9L","Solo Granulatstreuer 421 Classic 9 l - Hochwertige Ausführung für optimale Ergebnisse im Garten.","","","","121-CLASSIC-9-L-LK","new","TRUE","https://lhagrarservicegmbh.de/wp-content/uploads/2026/04/image-10.webp","kg","","active"
"solo-granulatstreuer-421-classic-9l","","","","","","","","","","","","","","","","","","","","","","","","","https://lhagrarservicegmbh.de/wp-content/uploads/2026/04/image-9.webp","2","Solo Granulatstreuer 421 Classic 9L","","","","","","","","","","","","",""
"sonneck-streuwagen-snowmaster","Sonneck Streuwagen Snowmaster","<h3>Sonneck Streuwagen Snowmaster</h3>
Entdecken Sie die professionelle Leistung dieses hochwertigen Gartenwerkzeugs. bietet dieses Gerät optimale Ergebnisse für anspruchsvolle Gartenarbeiten.

Die einfache Öffnung des Häckselwerks ermöglicht eine schnelle und unkomplizierte Wartung des Rotors. Regelmäßige Wartung ist wichtig für die Langlebigkeit und Zuverlässigkeit des Geräts und stellt sicher, dass die Leistung über viele Jahre hinweg konstant bleibt.

Dieses professionelle Gerät überzeugt durch seine robuste Bauweise und die durchdachten technischen Lösungen. Die Kombination aus hoher Leistung, intelligenter Steuerung und benutzerfreundlichem Design macht es zur idealen Wahl für anspruchsvolle Garten- und Landschaftspflegearbeiten.

<strong>Investieren Sie in Qualität und Professionalität - dieses hochwertige Streugeräte überzeugt durch erstklassige Verarbeitung, innovative Technik und außergewöhnliche Zuverlässigkeit. Perfekt geeignet für anspruchsvolle Garten- und Landschaftspflegeprojekte, bei denen nur das Beste gut genug ist. Mit diesem Gerät sind Sie optimal ausgestattet für alle Herausforderungen moderner Gartenarbeit.</strong>","Sonneck","","Streugeräte","","TRUE","Title","Default Title","","","","","SNOWMASTER-LK","","shopify","14","deny","manual","81.00","","TRUE","TRUE","","https://lhagrarservicegmbh.de/wp-content/uploads/2026/04/image-11.webp","1","Sonneck Streuwagen Snowmaster","FALSE","Sonneck Streuwagen Snowmaster","Sonneck Streuwagen Snowmaster - Hochwertige Ausführung für optimale Ergebnisse im Garten.","","","","SNOWMASTER-LK","new","TRUE","https://lhagrarservicegmbh.de/wp-content/uploads/2026/04/image-11.webp","kg","","active"
"sonneck-streuwagen-snowmaster","","","","","","","","","","","","","","","","","","","","","","","","","https://lhagrarservicegmbh.de/wp-content/uploads/2026/04/image-12.webp","2","Sonneck Streuwagen Snowmaster","","","","","","","","","","","","",""
"wolf-garten-schlauchwagen-ws-80-z","WOLF-Garten Schlauchwagen WS 80 Z","<h3>WOLF-Garten Schlauchwagen WS 80 Z</h3>
Entdecken Sie die professionelle Leistung dieses hochwertigen Gartenwerkzeugs. bietet dieses Gerät optimale Ergebnisse für anspruchsvolle Gartenarbeiten.

Die einfache Öffnung des Häckselwerks ermöglicht eine schnelle und unkomplizierte Wartung des Rotors. Regelmäßige Wartung ist wichtig für die Langlebigkeit und Zuverlässigkeit des Geräts und stellt sicher, dass die Leistung über viele Jahre hinweg konstant bleibt.

Dieses professionelle Gerät überzeugt durch seine robuste Bauweise und die durchdachten technischen Lösungen. Die Kombination aus hoher Leistung, intelligenter Steuerung und benutzerfreundlichem Design macht es zur idealen Wahl für anspruchsvolle Garten- und Landschaftspflegearbeiten.

<strong>Investieren Sie in Qualität und Professionalität - dieses hochwertige Streugeräte überzeugt durch erstklassige Verarbeitung, innovative Technik und außergewöhnliche Zuverlässigkeit. Perfekt geeignet für anspruchsvolle Garten- und Landschaftspflegeprojekte, bei denen nur das Beste gut genug ist. Mit diesem Gerät sind Sie optimal ausgestattet für alle Herausforderungen moderner Gartenarbeit.</strong>","Wolf-Garten","","Streugeräte","","TRUE","Title","Default Title","","","","","GEN-WS-80-Z-LK","","shopify","14","deny","manual","145.00","","TRUE","TRUE","","https://lhagrarservicegmbh.de/wp-content/uploads/2026/04/wolf-garten-ws-80-z-glanzverzinkt-dauerhaft-rostgeschuetzt.webp","1","WOLF-Garten Schlauchwagen WS 80 Z","FALSE","WOLF-Garten Schlauchwagen WS 80 Z","WOLF-Garten Schlauchwagen WS 80 Z - Hochwertige Ausführung für optimale Ergebnisse im Garten.","","","","GEN-WS-80-Z-LK","new","TRUE","https://lhagrarservicegmbh.de/wp-content/uploads/2026/04/wolf-garten-ws-80-z-glanzverzinkt-dauerhaft-rostgeschuetzt.webp","kg","","active"
"stiga-benzin-vertikutierer-svp-40-g","Stiga Benzin-Vertikutierer SVP 40 G","<h3>Stiga Benzin-Vertikutierer SVP 40 G</h3>
Entdecken Sie die professionelle Leistung dieses hochwertigen Gartenwerkzeugs. mit 4 kW Leistung bietet dieses Gerät optimale Ergebnisse für anspruchsvolle Gartenarbeiten.

Die einfache Öffnung des Häckselwerks ermöglicht eine schnelle und unkomplizierte Wartung des Rotors. Regelmäßige Wartung ist wichtig für die Langlebigkeit und Zuverlässigkeit des Geräts und stellt sicher, dass die Leistung über viele Jahre hinweg konstant bleibt.

Dieses professionelle Gerät überzeugt durch seine robuste Bauweise und die durchdachten technischen Lösungen. Die Kombination aus hoher Leistung, intelligenter Steuerung und benutzerfreundlichem Design macht es zur idealen Wahl für anspruchsvolle Garten- und Landschaftspflegearbeiten.
<h4>Technische Highlights:</h4>
<ul>
  <li><strong>Leistung:</strong> 4 kW - Optimale Power für professionelle Anwendungen</li>
</ul>
<strong>Investieren Sie in Qualität und Professionalität - dieses hochwertige Vertikutierer überzeugt durch erstklassige Verarbeitung, innovative Technik und außergewöhnliche Zuverlässigkeit. Perfekt geeignet für anspruchsvolle Garten- und Landschaftspflegeprojekte, bei denen nur das Beste gut genug ist. Mit diesem Gerät sind Sie optimal ausgestattet für alle Herausforderungen moderner Gartenarbeit.</strong>","Stiga","","Vertikutierer","","TRUE","Title","Default Title","","","","","RER-SVP-40-G-LK","","shopify","13","deny","manual","419.00","","TRUE","TRUE","","https://lhagrarservicegmbh.de/wp-content/uploads/2026/04/a1.webp","1","Stiga Benzin-Vertikutierer SVP 40 G","FALSE","Stiga Benzin-Vertikutierer SVP 40 G","Stiga Benzin-Vertikutierer SVP 40 G - Hochwertige Ausführung für optimale Ergebnisse im Garten.","","","","RER-SVP-40-G-LK","new","TRUE","https://lhagrarservicegmbh.de/wp-content/uploads/2026/04/a1.webp","kg","","active"
"stiga-benzin-vertikutierer-svp-40-g","","","","","","","","","","","","","","","","","","","","","","","","","https://lhagrarservicegmbh.de/wp-content/uploads/2026/04/a2-2.webp","2","Stiga Benzin-Vertikutierer SVP 40 G","","","","","","","","","","","","",""
"stiga-benzin-vertikutierer-svp-40-g","","","","","","","","","","","","","","","","","","","","","","","","","https://lhagrarservicegmbh.de/wp-content/uploads/2026/04/a3-2.webp","3","Stiga Benzin-Vertikutierer SVP 40 G","","","","","","","","","","","","",""
"stiga-benzin-vertikutierer-svp-40-g","","","","","","","","","","","","","","","","","","","","","","","","","https://lhagrarservicegmbh.de/wp-content/uploads/2026/04/a4.webp","4","Stiga Benzin-Vertikutierer SVP 40 G","","","","","","","","","","","","",""
"stiga-benzin-vertikutierer-svp-40-g","","","","","","","","","","","","","","","","","","","","","","","","","https://lhagrarservicegmbh.de/wp-content/uploads/2026/04/a5.webp","5","Stiga Benzin-Vertikutierer SVP 40 G","","","","","","","","","","","","",""
"stiga-benzin-vertikutierer-svp-40-g","","","","","","","","","","","","","","","","","","","","","","","","","https://lhagrarservicegmbh.de/wp-content/uploads/2026/04/a6.webp","6","Stiga Benzin-Vertikutierer SVP 40 G","","","","","","","","","","","","",""
"stiga-benzin-vertikutierer-svp-40-g","","","","","","","","","","","","","","","","","","","","","","","","","https://lhagrarservicegmbh.de/wp-content/uploads/2026/04/a7.webp","7","Stiga Benzin-Vertikutierer SVP 40 G","","","","","","","","","","","","",""
"stiga-benzin-vertikutierer-svp-40-g","","","","","","","","","","","","","","","","","","","","","","","","","https://lhagrarservicegmbh.de/wp-content/uploads/2026/04/a8.webp","8","Stiga Benzin-Vertikutierer SVP 40 G","","","","","","","","","","","","",""
"einhell-benzin-vertikutierer-gc-sc-4240-p-4-takt","Einhell Benzin-Vertikutierer GC-SC 4240 P 4-Takt","<h3>Einhell Benzin-Vertikutierer GC-SC 4240 P</h3>
Entdecken Sie die professionelle Leistung dieses hochwertigen Gartenwerkzeugs. bietet dieses Gerät optimale Ergebnisse für anspruchsvolle Gartenarbeiten.

Die einfache Öffnung des Häckselwerks ermöglicht eine schnelle und unkomplizierte Wartung des Rotors. Regelmäßige Wartung ist wichtig für die Langlebigkeit und Zuverlässigkeit des Geräts und stellt sicher, dass die Leistung über viele Jahre hinweg konstant bleibt.

Dieses professionelle Gerät überzeugt durch seine robuste Bauweise und die durchdachten technischen Lösungen. Die Kombination aus hoher Leistung, intelligenter Steuerung und benutzerfreundlichem Design macht es zur idealen Wahl für anspruchsvolle Garten- und Landschaftspflegearbeiten.

<strong>Investieren Sie in Qualität und Professionalität - dieses hochwertige Vertikutierer überzeugt durch erstklassige Verarbeitung, innovative Technik und außergewöhnliche Zuverlässigkeit. Perfekt geeignet für anspruchsvolle Garten- und Landschaftspflegeprojekte, bei denen nur das Beste gut genug ist. Mit diesem Gerät sind Sie optimal ausgestattet für alle Herausforderungen moderner Gartenarbeit.</strong>","Einhell","","Vertikutierer","","TRUE","Title","Default Title","","","","","ERN-42-KW-LK","","shopify","13","deny","manual","280.00","339.00","TRUE","TRUE","","https://lhagrarservicegmbh.de/wp-content/uploads/2026/04/z1-1.webp","1","Einhell Benzin-Vertikutierer GC-SC 4240 P 4-Takt","FALSE","Einhell Benzin-Vertikutierer GC-SC 4240 P 4-Takt","Einhell Benzin-Vertikutierer GC-SC 4240 P - Hochwertige Ausführung für optimale Ergebnisse im Garten.","","","","ERN-42-KW-LK","new","TRUE","https://lhagrarservicegmbh.de/wp-content/uploads/2026/04/z1-1.webp","kg","","active"
"einhell-benzin-vertikutierer-gc-sc-4240-p-4-takt","","","","","","","","","","","","","","","","","","","","","","","","","https://lhagrarservicegmbh.de/wp-content/uploads/2026/04/z2-2.webp","2","Einhell Benzin-Vertikutierer GC-SC 4240 P 4-Takt","","","","","","","","","","","","",""
"einhell-benzin-vertikutierer-gc-sc-4240-p-4-takt","","","","","","","","","","","","","","","","","","","","","","","","","https://lhagrarservicegmbh.de/wp-content/uploads/2026/04/z3-1.webp","3","Einhell Benzin-Vertikutierer GC-SC 4240 P 4-Takt","","","","","","","","","","","","",""
"einhell-benzin-vertikutierer-gc-sc-4240-p-4-takt","","","","","","","","","","","","","","","","","","","","","","","","","https://lhagrarservicegmbh.de/wp-content/uploads/2026/04/z4-1.webp","4","Einhell Benzin-Vertikutierer GC-SC 4240 P 4-Takt","","","","","","","","","","","","",""
"einhell-benzin-vertikutierer-gc-sc-4240-p-4-takt","","","","","","","","","","","","","","","","","","","","","","","","","https://lhagrarservicegmbh.de/wp-content/uploads/2026/04/z5-1.webp","5","Einhell Benzin-Vertikutierer GC-SC 4240 P 4-Takt","","","","","","","","","","","","",""
"einhell-benzin-vertikutierer-gc-sc-4240-p-4-takt","","","","","","","","","","","","","","","","","","","","","","","","","https://lhagrarservicegmbh.de/wp-content/uploads/2026/04/z6-1.webp","6","Einhell Benzin-Vertikutierer GC-SC 4240 P 4-Takt","","","","","","","","","","","","",""
"einhell-benzin-vertikutierer-gc-sc-4240-p-4-takt","","","","","","","","","","","","","","","","","","","","","","","","","https://lhagrarservicegmbh.de/wp-content/uploads/2026/04/z7-1.webp","7","Einhell Benzin-Vertikutierer GC-SC 4240 P 4-Takt","","","","","","","","","","","","",""
"einhell-ge-sa-akku-vertikutierer-aerifizierer","Einhell GE-SA Akku-Vertikutierer-Aerifizierer","<h3>Einhell Akku-Vertikutierer-Lüfter GE-SA</h3>
Entdecken Sie die professionelle Leistung dieses hochwertigen Gartenwerkzeugs. bietet dieses Gerät optimale Ergebnisse für anspruchsvolle Gartenarbeiten.

Die einfache Öffnung des Häckselwerks ermöglicht eine schnelle und unkomplizierte Wartung des Rotors. Regelmäßige Wartung ist wichtig für die Langlebigkeit und Zuverlässigkeit des Geräts und stellt sicher, dass die Leistung über viele Jahre hinweg konstant bleibt.

Dieses professionelle Gerät überzeugt durch seine robuste Bauweise und die durchdachten technischen Lösungen. Die Kombination aus hoher Leistung, intelligenter Steuerung und benutzerfreundlichem Design macht es zur idealen Wahl für anspruchsvolle Garten- und Landschaftspflegearbeiten.

<strong>Investieren Sie in Qualität und Professionalität - dieses hochwertige Vertikutierer überzeugt durch erstklassige Verarbeitung, innovative Technik und außergewöhnliche Zuverlässigkeit. Perfekt geeignet für anspruchsvolle Garten- und Landschaftspflegeprojekte, bei denen nur das Beste gut genug ist. Mit diesem Gerät sind Sie optimal ausgestattet für alle Herausforderungen moderner Gartenarbeit.</strong>","Einhell","","Vertikutierer","","TRUE","Title","Default Title","","","","","LI-SOLO-LK","","shopify","14","deny","manual","229.00","","TRUE","TRUE","","https://lhagrarservicegmbh.de/wp-content/uploads/2026/04/e1-2.webp","1","Einhell GE-SA Akku-Vertikutierer-Aerifizierer","FALSE","Einhell GE-SA Akku-Vertikutierer-Aerifizierer","Einhell Akku-Vertikutierer-Lüfter GE-SA - Hochwertige Ausführung für optimale Ergebnisse im Garten.","","","","LI-SOLO-LK","new","TRUE","https://lhagrarservicegmbh.de/wp-content/uploads/2026/04/e1-2.webp","kg","","active"
"einhell-ge-sa-akku-vertikutierer-aerifizierer","","","","","","","","","","","","","","","","","","","","","","","","","https://lhagrarservicegmbh.de/wp-content/uploads/2026/04/e4-3.webp","2","Einhell GE-SA Akku-Vertikutierer-Aerifizierer","","","","","","","","","","","","",""
"einhell-ge-sa-akku-vertikutierer-aerifizierer","","","","","","","","","","","","","","","","","","","","","","","","","https://lhagrarservicegmbh.de/wp-content/uploads/2026/04/e5-3.webp","3","Einhell GE-SA Akku-Vertikutierer-Aerifizierer","","","","","","","","","","","","",""
"einhell-ge-sa-akku-vertikutierer-aerifizierer","","","","","","","","","","","","","","","","","","","","","","","","","https://lhagrarservicegmbh.de/wp-content/uploads/2026/04/e6-2.webp","4","Einhell GE-SA Akku-Vertikutierer-Aerifizierer","","","","","","","","","","","","",""
"einhell-ge-sa-akku-vertikutierer-aerifizierer","","","","","","","","","","","","","","","","","","","","","","","","","https://lhagrarservicegmbh.de/wp-content/uploads/2026/04/e7-2.webp","5","Einhell GE-SA Akku-Vertikutierer-Aerifizierer","","","","","","","","","","","","",""
"einhell-ge-sa-akku-vertikutierer-aerifizierer","","","","","","","","","","","","","","","","","","","","","","","","","https://lhagrarservicegmbh.de/wp-content/uploads/2026/04/e8-1.webp","6","Einhell GE-SA Akku-Vertikutierer-Aerifizierer","","","","","","","","","","","","",""
"einhell-ge-sa-akku-vertikutierer-aerifizierer","","","","","","","","","","","","","","","","","","","","","","","","","https://lhagrarservicegmbh.de/wp-content/uploads/2026/04/e9.webp","7","Einhell GE-SA Akku-Vertikutierer-Aerifizierer","","","","","","","","","","","","",""
"hyundai-elektro-vertikutierer-sc3601e","Hyundai Elektro-Vertikutierer SC3601E","<h3>Hyundai Elektro-Vertikutierer SC3601E</h3>
Entdecken Sie die professionelle Leistung dieses hochwertigen Gartenwerkzeugs. bietet dieses Gerät optimale Ergebnisse für anspruchsvolle Gartenarbeiten.

Die einfache Öffnung des Häckselwerks ermöglicht eine schnelle und unkomplizierte Wartung des Rotors. Regelmäßige Wartung ist wichtig für die Langlebigkeit und Zuverlässigkeit des Geräts und stellt sicher, dass die Leistung über viele Jahre hinweg konstant bleibt.

Dieses professionelle Gerät überzeugt durch seine robuste Bauweise und die durchdachten technischen Lösungen. Die Kombination aus hoher Leistung, intelligenter Steuerung und benutzerfreundlichem Design macht es zur idealen Wahl für anspruchsvolle Garten- und Landschaftspflegearbeiten.

<strong>Investieren Sie in Qualität und Professionalität - dieses hochwertige Vertikutierer überzeugt durch erstklassige Verarbeitung, innovative Technik und außergewöhnliche Zuverlässigkeit. Perfekt geeignet für anspruchsvolle Garten- und Landschaftspflegeprojekte, bei denen nur das Beste gut genug ist. Mit diesem Gerät sind Sie optimal ausgestattet für alle Herausforderungen moderner Gartenarbeit.</strong>","Hyundai","","Vertikutierer","","TRUE","Title","Default Title","","","","","500-W-36-CM-LK","","shopify","13","deny","manual","119.00","","TRUE","TRUE","","https://lhagrarservicegmbh.de/wp-content/uploads/2026/04/r1-2.webp","1","Hyundai Elektro-Vertikutierer SC3601E","FALSE","Hyundai Elektro-Vertikutierer SC3601E","Hyundai Elektro-Vertikutierer SC3601E - Hochwertige Ausführung für optimale Ergebnisse im Garten.","","","","500-W-36-CM-LK","new","TRUE","https://lhagrarservicegmbh.de/wp-content/uploads/2026/04/r1-2.webp","kg","","active"
"hyundai-elektro-vertikutierer-sc3601e","","","","","","","","","","","","","","","","","","","","","","","","","https://lhagrarservicegmbh.de/wp-content/uploads/2026/04/r2-2.webp","2","Hyundai Elektro-Vertikutierer SC3601E","","","","","","","","","","","","",""
"hyundai-elektro-vertikutierer-sc3601e","","","","","","","","","","","","","","","","","","","","","","","","","https://lhagrarservicegmbh.de/wp-content/uploads/2026/04/r3-2.webp","3","Hyundai Elektro-Vertikutierer SC3601E","","","","","","","","","","","","",""
"hyundai-elektro-vertikutierer-sc3601e","","","","","","","","","","","","","","","","","","","","","","","","","https://lhagrarservicegmbh.de/wp-content/uploads/2026/04/r4.webp","4","Hyundai Elektro-Vertikutierer SC3601E","","","","","","","","","","","","",""
"hyundai-elektro-vertikutierer-sc3601e","","","","","","","","","","","","","","","","","","","","","","","","","https://lhagrarservicegmbh.de/wp-content/uploads/2026/04/r5.webp","5","Hyundai Elektro-Vertikutierer SC3601E","","","","","","","","","","","","",""
"makita-akku-vertikutierer-duv320z","Makita Akku-Vertikutierer DUV320Z","<h3>Makita Akku-Vertikutierer DUV320Z</h3>
Entdecken Sie die professionelle Leistung dieses hochwertigen Gartenwerkzeugs. bietet dieses Gerät optimale Ergebnisse für anspruchsvolle Gartenarbeiten.

Die einfache Öffnung des Häckselwerks ermöglicht eine schnelle und unkomplizierte Wartung des Rotors. Regelmäßige Wartung ist wichtig für die Langlebigkeit und Zuverlässigkeit des Geräts und stellt sicher, dass die Leistung über viele Jahre hinweg konstant bleibt.

Dieses professionelle Gerät überzeugt durch seine robuste Bauweise und die durchdachten technischen Lösungen. Die Kombination aus hoher Leistung, intelligenter Steuerung und benutzerfreundlichem Design macht es zur idealen Wahl für anspruchsvolle Garten- und Landschaftspflegearbeiten.

<strong>Investieren Sie in Qualität und Professionalität - dieses hochwertige Vertikutierer überzeugt durch erstklassige Verarbeitung, innovative Technik und außergewöhnliche Zuverlässigkeit. Perfekt geeignet für anspruchsvolle Garten- und Landschaftspflegeprojekte, bei denen nur das Beste gut genug ist. Mit diesem Gerät sind Sie optimal ausgestattet für alle Herausforderungen moderner Gartenarbeit.</strong>","Makita","","Vertikutierer","","TRUE","Title","Default Title","","","","","DUV320Z-LK","","shopify","12","deny","manual","201.00","","TRUE","TRUE","","https://lhagrarservicegmbh.de/wp-content/uploads/2026/04/t1-1.webp","1","Makita Akku-Vertikutierer DUV320Z","FALSE","Makita Akku-Vertikutierer DUV320Z","Makita Akku-Vertikutierer DUV320Z - Hochwertige Ausführung für optimale Ergebnisse im Garten.","","","","DUV320Z-LK","new","TRUE","https://lhagrarservicegmbh.de/wp-content/uploads/2026/04/t1-1.webp","kg","","active"
"makita-akku-vertikutierer-duv320z","","","","","","","","","","","","","","","","","","","","","","","","","https://lhagrarservicegmbh.de/wp-content/uploads/2026/04/t2-2.webp","2","Makita Akku-Vertikutierer DUV320Z","","","","","","","","","","","","",""
"makita-akku-vertikutierer-duv320z","","","","","","","","","","","","","","","","","","","","","","","","","https://lhagrarservicegmbh.de/wp-content/uploads/2026/04/t3-2.webp","3","Makita Akku-Vertikutierer DUV320Z","","","","","","","","","","","","",""
"makita-akku-vertikutierer-duv320z","","","","","","","","","","","","","","","","","","","","","","","","","https://lhagrarservicegmbh.de/wp-content/uploads/2026/04/t4-2.webp","4","Makita Akku-Vertikutierer DUV320Z","","","","","","","","","","","","",""
"makita-akku-vertikutierer-duv320z","","","","","","","","","","","","","","","","","","","","","","","","","https://lhagrarservicegmbh.de/wp-content/uploads/2026/04/t5-2.webp","5","Makita Akku-Vertikutierer DUV320Z","","","","","","","","","","","","",""
"makita-akku-vertikutierer-duv320z","","","","","","","","","","","","","","","","","","","","","","","","","https://lhagrarservicegmbh.de/wp-content/uploads/2026/04/t6-1.webp","6","Makita Akku-Vertikutierer DUV320Z","","","","","","","","","","","","",""
"makita-akku-vertikutierer-duv320z","","","","","","","","","","","","","","","","","","","","","","","","","https://lhagrarservicegmbh.de/wp-content/uploads/2026/04/t7.webp","7","Makita Akku-Vertikutierer DUV320Z","","","","","","","","","","","","",""
"makita-akku-vertikutierer-duv320z","","","","","","","","","","","","","","","","","","","","","","","","","https://lhagrarservicegmbh.de/wp-content/uploads/2026/04/t8.webp","8","Makita Akku-Vertikutierer DUV320Z","","","","","","","","","","","","",""
"mtd-vertikutierer-optima-35-vo","MTD Vertikutierer Optima 35 VO","<h3>MTD Vertikutierer Optima 35 VO</h3>
Entdecken Sie die professionelle Leistung dieses hochwertigen Gartenwerkzeugs. bietet dieses Gerät optimale Ergebnisse für anspruchsvolle Gartenarbeiten.

Die einfache Öffnung des Häckselwerks ermöglicht eine schnelle und unkomplizierte Wartung des Rotors. Regelmäßige Wartung ist wichtig für die Langlebigkeit und Zuverlässigkeit des Geräts und stellt sicher, dass die Leistung über viele Jahre hinweg konstant bleibt.

Dieses professionelle Gerät überzeugt durch seine robuste Bauweise und die durchdachten technischen Lösungen. Die Kombination aus hoher Leistung, intelligenter Steuerung und benutzerfreundlichem Design macht es zur idealen Wahl für anspruchsvolle Garten- und Landschaftspflegearbeiten.

<strong>Investieren Sie in Qualität und Professionalität - dieses hochwertige Vertikutierer überzeugt durch erstklassige Verarbeitung, innovative Technik und außergewöhnliche Zuverlässigkeit. Perfekt geeignet für anspruchsvolle Garten- und Landschaftspflegeprojekte, bei denen nur das Beste gut genug ist. Mit diesem Gerät sind Sie optimal ausgestattet für alle Herausforderungen moderner Gartenarbeit.</strong>","MTD","","Vertikutierer","","TRUE","Title","Default Title","","","","","IMA-35-VO-LK","","shopify","14","deny","manual","365.25","375.25","TRUE","TRUE","","https://lhagrarservicegmbh.de/wp-content/uploads/2026/04/y1-1.webp","1","MTD Vertikutierer Optima 35 VO","FALSE","MTD Vertikutierer Optima 35 VO","MTD Vertikutierer Optima 35 VO - Hochwertige Ausführung für optimale Ergebnisse im Garten.","","","","IMA-35-VO-LK","new","TRUE","https://lhagrarservicegmbh.de/wp-content/uploads/2026/04/y1-1.webp","kg","","active"
"mtd-vertikutierer-optima-35-vo","","","","","","","","","","","","","","","","","","","","","","","","","https://lhagrarservicegmbh.de/wp-content/uploads/2026/04/y2-3.webp","2","MTD Vertikutierer Optima 35 VO","","","","","","","","","","","","",""
"mtd-vertikutierer-optima-35-vo","","","","","","","","","","","","","","","","","","","","","","","","","https://lhagrarservicegmbh.de/wp-content/uploads/2026/04/y3-1.webp","3","MTD Vertikutierer Optima 35 VO","","","","","","","","","","","","",""
"mtd-vertikutierer-optima-35-vo","","","","","","","","","","","","","","","","","","","","","","","","","https://lhagrarservicegmbh.de/wp-content/uploads/2026/04/y4-1.webp","4","MTD Vertikutierer Optima 35 VO","","","","","","","","","","","","",""
"mtd-vertikutierer-optima-35-vo","","","","","","","","","","","","","","","","","","","","","","","","","https://lhagrarservicegmbh.de/wp-content/uploads/2026/04/y5-1.webp","5","MTD Vertikutierer Optima 35 VO","","","","","","","","","","","","",""
"mtd-vertikutierer-optima-35-vo","","","","","","","","","","","","","","","","","","","","","","","","","https://lhagrarservicegmbh.de/wp-content/uploads/2026/04/y6.webp","6","MTD Vertikutierer Optima 35 VO","","","","","","","","","","","","",""
"mtd-vertikutierer-optima-35-vo","","","","","","","","","","","","","","","","","","","","","","","","","https://lhagrarservicegmbh.de/wp-content/uploads/2026/04/y7.webp","7","MTD Vertikutierer Optima 35 VO","","","","","","","","","","","","",""
"mtd-vertikutierer-optima-35-vo","","","","","","","","","","","","","","","","","","","","","","","","","https://lhagrarservicegmbh.de/wp-content/uploads/2026/04/y8.webp","8","MTD Vertikutierer Optima 35 VO","","","","","","","","","","","","",""
"texas-benzin-vertikutierer-pro-cut-400tg","Texas Benzin-Vertikutierer Pro Cut 400TG","<h3>Texas Benzin-Vertikutierer Pro Cut 400TG</h3>
Entdecken Sie die professionelle Leistung dieses hochwertigen Gartenwerkzeugs. bietet dieses Gerät optimale Ergebnisse für anspruchsvolle Gartenarbeiten.

Die einfache Öffnung des Häckselwerks ermöglicht eine schnelle und unkomplizierte Wartung des Rotors. Regelmäßige Wartung ist wichtig für die Langlebigkeit und Zuverlässigkeit des Geräts und stellt sicher, dass die Leistung über viele Jahre hinweg konstant bleibt.

Dieses professionelle Gerät überzeugt durch seine robuste Bauweise und die durchdachten technischen Lösungen. Die Kombination aus hoher Leistung, intelligenter Steuerung und benutzerfreundlichem Design macht es zur idealen Wahl für anspruchsvolle Garten- und Landschaftspflegearbeiten.

<strong>Investieren Sie in Qualität und Professionalität - dieses hochwertige Vertikutierer überzeugt durch erstklassige Verarbeitung, innovative Technik und außergewöhnliche Zuverlässigkeit. Perfekt geeignet für anspruchsvolle Garten- und Landschaftspflegeprojekte, bei denen nur das Beste gut genug ist. Mit diesem Gerät sind Sie optimal ausgestattet für alle Herausforderungen moderner Gartenarbeit.</strong>","Texas","","Vertikutierer","","TRUE","Title","Default Title","","","","","PRO-CUT-400TG-LK","","shopify","14","deny","manual","449.00","","TRUE","TRUE","","https://lhagrarservicegmbh.de/wp-content/uploads/2026/04/u1-2.webp","1","Texas Benzin-Vertikutierer Pro Cut 400TG","FALSE","Texas Benzin-Vertikutierer Pro Cut 400TG","Texas Benzin-Vertikutierer Pro Cut 400TG - Hochwertige Ausführung für optimale Ergebnisse im Garten.","","","","PRO-CUT-400TG-LK","new","TRUE","https://lhagrarservicegmbh.de/wp-content/uploads/2026/04/u1-2.webp","kg","","active"
"texas-benzin-vertikutierer-pro-cut-400tg","","","","","","","","","","","","","","","","","","","","","","","","","https://lhagrarservicegmbh.de/wp-content/uploads/2026/04/u2-3.webp","2","Texas Benzin-Vertikutierer Pro Cut 400TG","","","","","","","","","","","","",""
"texas-benzin-vertikutierer-pro-cut-400tg","","","","","","","","","","","","","","","","","","","","","","","","","https://lhagrarservicegmbh.de/wp-content/uploads/2026/04/u3-2.webp","3","Texas Benzin-Vertikutierer Pro Cut 400TG","","","","","","","","","","","","",""
"texas-benzin-vertikutierer-pro-cut-400tg","","","","","","","","","","","","","","","","","","","","","","","","","https://lhagrarservicegmbh.de/wp-content/uploads/2026/04/u4-2.webp","4","Texas Benzin-Vertikutierer Pro Cut 400TG","","","","","","","","","","","","",""
"texas-benzin-vertikutierer-pro-cut-400tg","","","","","","","","","","","","","","","","","","","","","","","","","https://lhagrarservicegmbh.de/wp-content/uploads/2026/04/u5-2.webp","5","Texas Benzin-Vertikutierer Pro Cut 400TG","","","","","","","","","","","","",""
"texas-benzin-vertikutierer-pro-cut-400tg","","","","","","","","","","","","","","","","","","","","","","","","","https://lhagrarservicegmbh.de/wp-content/uploads/2026/04/u6-1.webp","6","Texas Benzin-Vertikutierer Pro Cut 400TG","","","","","","","","","","","","",""
"texas-benzin-vertikutierer-pro-cut-400tg","","","","","","","","","","","","","","","","","","","","","","","","","https://lhagrarservicegmbh.de/wp-content/uploads/2026/04/u7-1.webp","7","Texas Benzin-Vertikutierer Pro Cut 400TG","","","","","","","","","","","","",""
"mtd-benzin-vertikutierer-optima-38-vo","MTD Benzin-Vertikutierer Optima 38 VO","<h3>MTD Benzin-Vertikutierer Optima 38 VO</h3>
Entdecken Sie die professionelle Leistung dieses hochwertigen Gartenwerkzeugs. bietet dieses Gerät optimale Ergebnisse für anspruchsvolle Gartenarbeiten.

Die einfache Öffnung des Häckselwerks ermöglicht eine schnelle und unkomplizierte Wartung des Rotors. Regelmäßige Wartung ist wichtig für die Langlebigkeit und Zuverlässigkeit des Geräts und stellt sicher, dass die Leistung über viele Jahre hinweg konstant bleibt.

Dieses professionelle Gerät überzeugt durch seine robuste Bauweise und die durchdachten technischen Lösungen. Die Kombination aus hoher Leistung, intelligenter Steuerung und benutzerfreundlichem Design macht es zur idealen Wahl für anspruchsvolle Garten- und Landschaftspflegearbeiten.

<strong>Investieren Sie in Qualität und Professionalität - dieses hochwertige Vertikutierer überzeugt durch erstklassige Verarbeitung, innovative Technik und außergewöhnliche Zuverlässigkeit. Perfekt geeignet für anspruchsvolle Garten- und Landschaftspflegeprojekte, bei denen nur das Beste gut genug ist. Mit diesem Gerät sind Sie optimal ausgestattet für alle Herausforderungen moderner Gartenarbeit.</strong>","MTD","","Vertikutierer","","TRUE","Title","Default Title","","","","","LLE-3-000-W-LK","","shopify","14","deny","manual","550.00","","TRUE","TRUE","","https://lhagrarservicegmbh.de/wp-content/uploads/2026/04/i1-2.webp","1","MTD Benzin-Vertikutierer Optima 38 VO","FALSE","MTD Benzin-Vertikutierer Optima 38 VO","MTD Benzin-Vertikutierer Optima 38 VO - Hochwertige Ausführung für optimale Ergebnisse im Garten.","","","","LLE-3-000-W-LK","new","TRUE","https://lhagrarservicegmbh.de/wp-content/uploads/2026/04/i1-2.webp","kg","","active"
"mtd-benzin-vertikutierer-optima-38-vo","","","","","","","","","","","","","","","","","","","","","","","","","https://lhagrarservicegmbh.de/wp-content/uploads/2026/04/i2-2.webp","2","MTD Benzin-Vertikutierer Optima 38 VO","","","","","","","","","","","","",""
"mtd-benzin-vertikutierer-optima-38-vo","","","","","","","","","","","","","","","","","","","","","","","","","https://lhagrarservicegmbh.de/wp-content/uploads/2026/04/i3-2.webp","3","MTD Benzin-Vertikutierer Optima 38 VO","","","","","","","","","","","","",""
"texas-benzin-vertikutierer-pro-cut-460tg","Texas Benzin-Vertikutierer Pro Cut 460TG","<h3>Texas Benzin-Vertikutierer Pro Cut 460TG</h3>
Entdecken Sie die professionelle Leistung dieses hochwertigen Gartenwerkzeugs. bietet dieses Gerät optimale Ergebnisse für anspruchsvolle Gartenarbeiten.

Die einfache Öffnung des Häckselwerks ermöglicht eine schnelle und unkomplizierte Wartung des Rotors. Regelmäßige Wartung ist wichtig für die Langlebigkeit und Zuverlässigkeit des Geräts und stellt sicher, dass die Leistung über viele Jahre hinweg konstant bleibt.

Dieses professionelle Gerät überzeugt durch seine robuste Bauweise und die durchdachten technischen Lösungen. Die Kombination aus hoher Leistung, intelligenter Steuerung und benutzerfreundlichem Design macht es zur idealen Wahl für anspruchsvolle Garten- und Landschaftspflegearbeiten.

<strong>Investieren Sie in Qualität und Professionalität - dieses hochwertige Vertikutierer überzeugt durch erstklassige Verarbeitung, innovative Technik und außergewöhnliche Zuverlässigkeit. Perfekt geeignet für anspruchsvolle Garten- und Landschaftspflegeprojekte, bei denen nur das Beste gut genug ist. Mit diesem Gerät sind Sie optimal ausgestattet für alle Herausforderungen moderner Gartenarbeit.</strong>","Texas","","Vertikutierer","","TRUE","Title","Default Title","","","","","PRO-CUT-460TG-LK","","shopify","13","deny","manual","462.99","","TRUE","TRUE","","https://lhagrarservicegmbh.de/wp-content/uploads/2026/04/o1-9.webp","1","Texas Benzin-Vertikutierer Pro Cut 460TG","FALSE","Texas Benzin-Vertikutierer Pro Cut 460TG","Texas Benzin-Vertikutierer Pro Cut 460TG - Hochwertige Ausführung für optimale Ergebnisse im Garten.","","","","PRO-CUT-460TG-LK","new","TRUE","https://lhagrarservicegmbh.de/wp-content/uploads/2026/04/o1-9.webp","kg","","active"
"texas-benzin-vertikutierer-pro-cut-460tg","","","","","","","","","","","","","","","","","","","","","","","","","https://lhagrarservicegmbh.de/wp-content/uploads/2026/04/o2-2.webp","2","Texas Benzin-Vertikutierer Pro Cut 460TG","","","","","","","","","","","","",""
"texas-benzin-vertikutierer-pro-cut-460tg","","","","","","","","","","","","","","","","","","","","","","","","","https://lhagrarservicegmbh.de/wp-content/uploads/2026/04/o3-2.webp","3","Texas Benzin-Vertikutierer Pro Cut 460TG","","","","","","","","","","","","",""
"texas-benzin-vertikutierer-pro-cut-460tg","","","","","","","","","","","","","","","","","","","","","","","","","https://lhagrarservicegmbh.de/wp-content/uploads/2026/04/o4-2.webp","4","Texas Benzin-Vertikutierer Pro Cut 460TG","","","","","","","","","","","","",""
"texas-benzin-vertikutierer-pro-cut-460tg","","","","","","","","","","","","","","","","","","","","","","","","","https://lhagrarservicegmbh.de/wp-content/uploads/2026/04/o5-2.webp","5","Texas Benzin-Vertikutierer Pro Cut 460TG","","","","","","","","","","","","",""
"al-ko-sf-4036-akku-betriebener-vertikutierer","AL-KO SF 4036 Akku-betriebener Vertikutierer","<h3>Al-Ko Akku-Vertikutierer SF 4036 Energy Flex Solo</h3>
Entdecken Sie die professionelle Leistung dieses hochwertigen Gartenwerkzeugs. bietet dieses Gerät optimale Ergebnisse für anspruchsvolle Gartenarbeiten.

Die einfache Öffnung des Häckselwerks ermöglicht eine schnelle und unkomplizierte Wartung des Rotors. Regelmäßige Wartung ist wichtig für die Langlebigkeit und Zuverlässigkeit des Geräts und stellt sicher, dass die Leistung über viele Jahre hinweg konstant bleibt.

Dieses professionelle Gerät überzeugt durch seine robuste Bauweise und die durchdachten technischen Lösungen. Die Kombination aus hoher Leistung, intelligenter Steuerung und benutzerfreundlichem Design macht es zur idealen Wahl für anspruchsvolle Garten- und Landschaftspflegearbeiten.

<strong>Investieren Sie in Qualität und Professionalität - dieses hochwertige Vertikutierer überzeugt durch erstklassige Verarbeitung, innovative Technik und außergewöhnliche Zuverlässigkeit. Perfekt geeignet für anspruchsvolle Garten- und Landschaftspflegeprojekte, bei denen nur das Beste gut genug ist. Mit diesem Gerät sind Sie optimal ausgestattet für alle Herausforderungen moderner Gartenarbeit.</strong>","Al-Ko","","Vertikutierer","","TRUE","Title","Default Title","","","","","4036-ENERGY-FLEX-SOLO-LK","","shopify","14","deny","manual","355.00","","TRUE","TRUE","","https://lhagrarservicegmbh.de/wp-content/uploads/2026/04/p1-11.webp","1","AL-KO SF 4036 Akku-betriebener Vertikutierer","FALSE","AL-KO SF 4036 Akku-betriebener Vertikutierer","Al-Ko Akku-Vertikutierer SF 4036 Energy Flex Solo - Hochwertige Ausführung für optimale Ergebnisse im Garten.","","","","4036-ENERGY-FLEX-SOLO-LK","new","TRUE","https://lhagrarservicegmbh.de/wp-content/uploads/2026/04/p1-11.webp","kg","","active"
"al-ko-sf-4036-akku-betriebener-vertikutierer","","","","","","","","","","","","","","","","","","","","","","","","","https://lhagrarservicegmbh.de/wp-content/uploads/2026/04/p2-3.webp","2","AL-KO SF 4036 Akku-betriebener Vertikutierer","","","","","","","","","","","","",""
"al-ko-sf-4036-akku-betriebener-vertikutierer","","","","","","","","","","","","","","","","","","","","","","","","","https://lhagrarservicegmbh.de/wp-content/uploads/2026/04/p3-3.webp","3","AL-KO SF 4036 Akku-betriebener Vertikutierer","","","","","","","","","","","","",""
"al-ko-sf-4036-akku-betriebener-vertikutierer","","","","","","","","","","","","","","","","","","","","","","","","","https://lhagrarservicegmbh.de/wp-content/uploads/2026/04/p4-3.webp","4","AL-KO SF 4036 Akku-betriebener Vertikutierer","","","","","","","","","","","","",""
"al-ko-sf-4036-akku-betriebener-vertikutierer","","","","","","","","","","","","","","","","","","","","","","","","","https://lhagrarservicegmbh.de/wp-content/uploads/2026/04/p5-3.webp","5","AL-KO SF 4036 Akku-betriebener Vertikutierer","","","","","","","","","","","","",""
"al-ko-sf-4036-akku-betriebener-vertikutierer","","","","","","","","","","","","","","","","","","","","","","","","","https://lhagrarservicegmbh.de/wp-content/uploads/2026/04/p6-1.webp","6","AL-KO SF 4036 Akku-betriebener Vertikutierer","","","","","","","","","","","","",""
"al-ko-sf-4036-akku-betriebener-vertikutierer","","","","","","","","","","","","","","","","","","","","","","","","","https://lhagrarservicegmbh.de/wp-content/uploads/2026/04/p7.webp","7","AL-KO SF 4036 Akku-betriebener Vertikutierer","","","","","","","","","","","","",""
"al-ko-sf-4036-akku-betriebener-vertikutierer","","","","","","","","","","","","","","","","","","","","","","","","","https://lhagrarservicegmbh.de/wp-content/uploads/2026/04/p10.webp","8","AL-KO SF 4036 Akku-betriebener Vertikutierer","","","","","","","","","","","","",""
"wolf-garten-elektro-vertikutierer-select-v","WOLF-Garten Elektro-Vertikutierer Select V","<h3>Wolf-Garten Elektro-Vertikutierer Select V</h3>
Entdecken Sie die professionelle Leistung dieses hochwertigen Gartenwerkzeugs. bietet dieses Gerät optimale Ergebnisse für anspruchsvolle Gartenarbeiten.

Die einfache Öffnung des Häckselwerks ermöglicht eine schnelle und unkomplizierte Wartung des Rotors. Regelmäßige Wartung ist wichtig für die Langlebigkeit und Zuverlässigkeit des Geräts und stellt sicher, dass die Leistung über viele Jahre hinweg konstant bleibt.

Dieses professionelle Gerät überzeugt durch seine robuste Bauweise und die durchdachten technischen Lösungen. Die Kombination aus hoher Leistung, intelligenter Steuerung und benutzerfreundlichem Design macht es zur idealen Wahl für anspruchsvolle Garten- und Landschaftspflegearbeiten.

<strong>Investieren Sie in Qualität und Professionalität - dieses hochwertige Vertikutierer überzeugt durch erstklassige Verarbeitung, innovative Technik und außergewöhnliche Zuverlässigkeit. Perfekt geeignet für anspruchsvolle Garten- und Landschaftspflegeprojekte, bei denen nur das Beste gut genug ist. Mit diesem Gerät sind Sie optimal ausgestattet für alle Herausforderungen moderner Gartenarbeit.</strong>","Wolf-Garten","","Vertikutierer","","TRUE","Title","Default Title","","","","","IN-1-FUNKTION-1-200-W-LK","","shopify","13","deny","manual","109.00","","TRUE","TRUE","","https://lhagrarservicegmbh.de/wp-content/uploads/2026/04/q1-12.webp","1","WOLF-Garten Elektro-Vertikutierer Select V","FALSE","WOLF-Garten Elektro-Vertikutierer Select V","Wolf-Garten Elektro-Vertikutierer Select V - Hochwertige Ausführung für optimale Ergebnisse im Garten.","","","","IN-1-FUNKTION-1-200-W-LK","new","TRUE","https://lhagrarservicegmbh.de/wp-content/uploads/2026/04/q1-12.webp","kg","","active"
"wolf-garten-elektro-vertikutierer-select-v","","","","","","","","","","","","","","","","","","","","","","","","","https://lhagrarservicegmbh.de/wp-content/uploads/2026/04/q2-4.webp","2","WOLF-Garten Elektro-Vertikutierer Select V","","","","","","","","","","","","",""
"wolf-garten-elektro-vertikutierer-select-v","","","","","","","","","","","","","","","","","","","","","","","","","https://lhagrarservicegmbh.de/wp-content/uploads/2026/04/q3-2.webp","3","WOLF-Garten Elektro-Vertikutierer Select V","","","","","","","","","","","","",""
"wolf-garten-elektro-vertikutierer-select-v","","","","","","","","","","","","","","","","","","","","","","","","","https://lhagrarservicegmbh.de/wp-content/uploads/2026/04/q4-2.webp","4","WOLF-Garten Elektro-Vertikutierer Select V","","","","","","","","","","","","",""
"lux-tools-akku-vertikutierer-a-vl-2x20-36-480w","LUX-TOOLS Akku-Vertikutierer A-VL-2x20/36 480W","<h3>LUX-TOOLS Vertikutierer A-VL-2×20/36 mit 480 W</h3>
Entdecken Sie die professionelle Leistung dieses hochwertigen Gartenwerkzeugs. bietet dieses Gerät optimale Ergebnisse für anspruchsvolle Gartenarbeiten.

Die einfache Öffnung des Häckselwerks ermöglicht eine schnelle und unkomplizierte Wartung des Rotors. Regelmäßige Wartung ist wichtig für die Langlebigkeit und Zuverlässigkeit des Geräts und stellt sicher, dass die Leistung über viele Jahre hinweg konstant bleibt.

Dieses professionelle Gerät überzeugt durch seine robuste Bauweise und die durchdachten technischen Lösungen. Die Kombination aus hoher Leistung, intelligenter Steuerung und benutzerfreundlichem Design macht es zur idealen Wahl für anspruchsvolle Garten- und Landschaftspflegearbeiten.

<strong>Investieren Sie in Qualität und Professionalität - dieses hochwertige Vertikutierer überzeugt durch erstklassige Verarbeitung, innovative Technik und außergewöhnliche Zuverlässigkeit. Perfekt geeignet für anspruchsvolle Garten- und Landschaftspflegeprojekte, bei denen nur das Beste gut genug ist. Mit diesem Gerät sind Sie optimal ausgestattet für alle Herausforderungen moderner Gartenarbeit.</strong>","LUX-TOOLS","","Vertikutierer","","TRUE","Title","Default Title","","","","","36-MIT-480-W-LK","","shopify","14","deny","manual","110.00","","TRUE","TRUE","","https://lhagrarservicegmbh.de/wp-content/uploads/2026/04/s1-1-1.webp","1","LUX-TOOLS Akku-Vertikutierer A-VL-2x20/36 480W","FALSE","LUX-TOOLS Akku-Vertikutierer A-VL-2x20/36 480W","LUX-TOOLS Vertikutierer A-VL-2×20/36 mit 480 W - Hochwertige Ausführung für optimale Ergebnisse im Garten.","","","","36-MIT-480-W-LK","new","TRUE","https://lhagrarservicegmbh.de/wp-content/uploads/2026/04/s1-1-1.webp","kg","","active"
"lux-tools-akku-vertikutierer-a-vl-2x20-36-480w","","","","","","","","","","","","","","","","","","","","","","","","","https://lhagrarservicegmbh.de/wp-content/uploads/2026/04/s2-1.webp","2","LUX-TOOLS Akku-Vertikutierer A-VL-2x20/36 480W","","","","","","","","","","","","",""
"lux-tools-akku-vertikutierer-a-vl-2x20-36-480w","","","","","","","","","","","","","","","","","","","","","","","","","https://lhagrarservicegmbh.de/wp-content/uploads/2026/04/s3-2.webp","3","LUX-TOOLS Akku-Vertikutierer A-VL-2x20/36 480W","","","","","","","","","","","","",""
"lux-tools-akku-vertikutierer-a-vl-2x20-36-480w","","","","","","","","","","","","","","","","","","","","","","","","","https://lhagrarservicegmbh.de/wp-content/uploads/2026/04/s4-2.webp","4","LUX-TOOLS Akku-Vertikutierer A-VL-2x20/36 480W","","","","","","","","","","","","",""
"lux-tools-akku-vertikutierer-a-vl-2x20-36-480w","","","","","","","","","","","","","","","","","","","","","","","","","https://lhagrarservicegmbh.de/wp-content/uploads/2026/04/s5-1.webp","5","LUX-TOOLS Akku-Vertikutierer A-VL-2x20/36 480W","","","","","","","","","","","","",""
"lux-tools-akku-vertikutierer-a-vl-2x20-36-480w","","","","","","","","","","","","","","","","","","","","","","","","","https://lhagrarservicegmbh.de/wp-content/uploads/2026/04/s6.webp","6","LUX-TOOLS Akku-Vertikutierer A-VL-2x20/36 480W","","","","","","","","","","","","",""
"lux-tools-akku-vertikutierer-a-vl-2x20-36-480w","","","","","","","","","","","","","","","","","","","","","","","","","https://lhagrarservicegmbh.de/wp-content/uploads/2026/04/s7.webp","7","LUX-TOOLS Akku-Vertikutierer A-VL-2x20/36 480W","","","","","","","","","","","","",""
"lux-tools-akku-vertikutierer-a-vl-2x20-36-480w","","","","","","","","","","","","","","","","","","","","","","","","","https://lhagrarservicegmbh.de/wp-content/uploads/2026/04/s8.webp","8","LUX-TOOLS Akku-Vertikutierer A-VL-2x20/36 480W","","","","","","","","","","","","",""
"lux-tools-akku-vertikutierer-a-vl-2x20-36-480w","","","","","","","","","","","","","","","","","","","","","","","","","https://lhagrarservicegmbh.de/wp-content/uploads/2026/04/s9.webp","9","LUX-TOOLS Akku-Vertikutierer A-VL-2x20/36 480W","","","","","","","","","","","","",""
"lux-tools-akku-vertikutierer-a-vl-2x20-36-480w","","","","","","","","","","","","","","","","","","","","","","","","","https://lhagrarservicegmbh.de/wp-content/uploads/2026/04/s10.webp","10","LUX-TOOLS Akku-Vertikutierer A-VL-2x20/36 480W","","","","","","","","","","","","",""
"lux-tools-akku-vertikutierer-a-vl-2x20-36-480w","","","","","","","","","","","","","","","","","","","","","","","","","https://lhagrarservicegmbh.de/wp-content/uploads/2026/04/s11.webp","11","LUX-TOOLS Akku-Vertikutierer A-VL-2x20/36 480W","","","","","","","","","","","","",""
"lux-tools-akku-vertikutierer-a-vl-2x20-36-480w","","","","","","","","","","","","","","","","","","","","","","","","","https://lhagrarservicegmbh.de/wp-content/uploads/2026/04/s12.webp","12","LUX-TOOLS Akku-Vertikutierer A-VL-2x20/36 480W","","","","","","","","","","","","",""
"mtd-elektro-vertikutierer-and-rasenlufter","MTD Elektro-Vertikutierer & Rasenlüfter","<h3>MTD Elektro-Vertikutierer und -Rasenlüfter</h3>
Entdecken Sie die professionelle Leistung dieses hochwertigen Gartenwerkzeugs. bietet dieses Gerät optimale Ergebnisse für anspruchsvolle Gartenarbeiten.

Die einfache Öffnung des Häckselwerks ermöglicht eine schnelle und unkomplizierte Wartung des Rotors. Regelmäßige Wartung ist wichtig für die Langlebigkeit und Zuverlässigkeit des Geräts und stellt sicher, dass die Leistung über viele Jahre hinweg konstant bleibt.

Dieses professionelle Gerät überzeugt durch seine robuste Bauweise und die durchdachten technischen Lösungen. Die Kombination aus hoher Leistung, intelligenter Steuerung und benutzerfreundlichem Design macht es zur idealen Wahl für anspruchsvolle Garten- und Landschaftspflegearbeiten.

<strong>Investieren Sie in Qualität und Professionalität - dieses hochwertige Vertikutierer überzeugt durch erstklassige Verarbeitung, innovative Technik und außergewöhnliche Zuverlässigkeit. Perfekt geeignet für anspruchsvolle Garten- und Landschaftspflegeprojekte, bei denen nur das Beste gut genug ist. Mit diesem Gerät sind Sie optimal ausgestattet für alle Herausforderungen moderner Gartenarbeit.</strong>","MTD","","Vertikutierer","","TRUE","Title","Default Title","","","","","VE-1-600-W-LK","","shopify","14","deny","manual","187.00","","TRUE","TRUE","","https://lhagrarservicegmbh.de/wp-content/uploads/2026/04/d1-10.webp","1","MTD Elektro-Vertikutierer & Rasenlüfter","FALSE","MTD Elektro-Vertikutierer & Rasenlüfter","MTD Elektro-Vertikutierer und -Rasenlüfter - Hochwertige Ausführung für optimale Ergebnisse im Garten.","","","","VE-1-600-W-LK","new","TRUE","https://lhagrarservicegmbh.de/wp-content/uploads/2026/04/d1-10.webp","kg","","active"
"mtd-elektro-vertikutierer-and-rasenlufter","","","","","","","","","","","","","","","","","","","","","","","","","https://lhagrarservicegmbh.de/wp-content/uploads/2026/04/d2-2.webp","2","MTD Elektro-Vertikutierer & Rasenlüfter","","","","","","","","","","","","",""
"mtd-elektro-vertikutierer-and-rasenlufter","","","","","","","","","","","","","","","","","","","","","","","","","https://lhagrarservicegmbh.de/wp-content/uploads/2026/04/d3-2.webp","3","MTD Elektro-Vertikutierer & Rasenlüfter","","","","","","","","","","","","",""
"mtd-elektro-vertikutierer-and-rasenlufter","","","","","","","","","","","","","","","","","","","","","","","","","https://lhagrarservicegmbh.de/wp-content/uploads/2026/04/d4-2.webp","4","MTD Elektro-Vertikutierer & Rasenlüfter","","","","","","","","","","","","",""
"mtd-elektro-vertikutierer-and-rasenlufter","","","","","","","","","","","","","","","","","","","","","","","","","https://lhagrarservicegmbh.de/wp-content/uploads/2026/04/d5-1.webp","5","MTD Elektro-Vertikutierer & Rasenlüfter","","","","","","","","","","","","",""
"mtd-elektro-vertikutierer-and-rasenlufter","","","","","","","","","","","","","","","","","","","","","","","","","https://lhagrarservicegmbh.de/wp-content/uploads/2026/04/d6.webp","6","MTD Elektro-Vertikutierer & Rasenlüfter","","","","","","","","","","","","",""
"mtd-elektro-vertikutierer-and-rasenlufter","","","","","","","","","","","","","","","","","","","","","","","","","https://lhagrarservicegmbh.de/wp-content/uploads/2026/04/d7.webp","7","MTD Elektro-Vertikutierer & Rasenlüfter","","","","","","","","","","","","",""
"einhell-elektro-vertikutierer-gc-es-1231-1200w","Einhell Elektro-Vertikutierer GC-ES 1231 1200W","<h3>Einhell Elektro-Vertikutierer GC-ES 1231</h3>
Entdecken Sie die professionelle Leistung dieses hochwertigen Gartenwerkzeugs. bietet dieses Gerät optimale Ergebnisse für anspruchsvolle Gartenarbeiten.

Die einfache Öffnung des Häckselwerks ermöglicht eine schnelle und unkomplizierte Wartung des Rotors. Regelmäßige Wartung ist wichtig für die Langlebigkeit und Zuverlässigkeit des Geräts und stellt sicher, dass die Leistung über viele Jahre hinweg konstant bleibt.

Dieses professionelle Gerät überzeugt durch seine robuste Bauweise und die durchdachten technischen Lösungen. Die Kombination aus hoher Leistung, intelligenter Steuerung und benutzerfreundlichem Design macht es zur idealen Wahl für anspruchsvolle Garten- und Landschaftspflegearbeiten.

<strong>Investieren Sie in Qualität und Professionalität - dieses hochwertige Vertikutierer überzeugt durch erstklassige Verarbeitung, innovative Technik und außergewöhnliche Zuverlässigkeit. Perfekt geeignet für anspruchsvolle Garten- und Landschaftspflegeprojekte, bei denen nur das Beste gut genug ist. Mit diesem Gerät sind Sie optimal ausgestattet für alle Herausforderungen moderner Gartenarbeit.</strong>","Einhell","","Vertikutierer","","TRUE","Title","Default Title","","","","","1-200-W-LK","","shopify","14","deny","manual","80.00","","TRUE","TRUE","","https://lhagrarservicegmbh.de/wp-content/uploads/2026/04/f1-10.webp","1","Einhell Elektro-Vertikutierer GC-ES 1231 1200W","FALSE","Einhell Elektro-Vertikutierer GC-ES 1231 1200W","Einhell Elektro-Vertikutierer GC-ES 1231 - Hochwertige Ausführung für optimale Ergebnisse im Garten.","","","","1-200-W-LK","new","TRUE","https://lhagrarservicegmbh.de/wp-content/uploads/2026/04/f1-10.webp","kg","","active"
"einhell-elektro-vertikutierer-gc-es-1231-1200w","","","","","","","","","","","","","","","","","","","","","","","","","https://lhagrarservicegmbh.de/wp-content/uploads/2026/04/f2-2.webp","2","Einhell Elektro-Vertikutierer GC-ES 1231 1200W","","","","","","","","","","","","",""
"einhell-elektro-vertikutierer-gc-es-1231-1200w","","","","","","","","","","","","","","","","","","","","","","","","","https://lhagrarservicegmbh.de/wp-content/uploads/2026/04/f3-1.webp","3","Einhell Elektro-Vertikutierer GC-ES 1231 1200W","","","","","","","","","","","","",""
"einhell-elektro-vertikutierer-gc-es-1231-1200w","","","","","","","","","","","","","","","","","","","","","","","","","https://lhagrarservicegmbh.de/wp-content/uploads/2026/04/f4-1.webp","4","Einhell Elektro-Vertikutierer GC-ES 1231 1200W","","","","","","","","","","","","",""
"einhell-elektro-vertikutierer-gc-es-1231-1200w","","","","","","","","","","","","","","","","","","","","","","","","","https://lhagrarservicegmbh.de/wp-content/uploads/2026/04/f5-1.webp","5","Einhell Elektro-Vertikutierer GC-ES 1231 1200W","","","","","","","","","","","","",""
"einhell-elektro-vertikutierer-gc-es-1231-1200w","","","","","","","","","","","","","","","","","","","","","","","","","https://lhagrarservicegmbh.de/wp-content/uploads/2026/04/f6-1.webp","6","Einhell Elektro-Vertikutierer GC-ES 1231 1200W","","","","","","","","","","","","",""
"al-ko-38-4e-combi-care-elektro-vertikutierer","AL-KO 38.4E Combi Care Elektro-Vertikutierer","<h3>Al-Ko Elektro-Vertikutierer 38.4 E Combi Care</h3>
Entdecken Sie die professionelle Leistung dieses hochwertigen Gartenwerkzeugs. bietet dieses Gerät optimale Ergebnisse für anspruchsvolle Gartenarbeiten.

Die einfache Öffnung des Häckselwerks ermöglicht eine schnelle und unkomplizierte Wartung des Rotors. Regelmäßige Wartung ist wichtig für die Langlebigkeit und Zuverlässigkeit des Geräts und stellt sicher, dass die Leistung über viele Jahre hinweg konstant bleibt.

Dieses professionelle Gerät überzeugt durch seine robuste Bauweise und die durchdachten technischen Lösungen. Die Kombination aus hoher Leistung, intelligenter Steuerung und benutzerfreundlichem Design macht es zur idealen Wahl für anspruchsvolle Garten- und Landschaftspflegearbeiten.

<strong>Investieren Sie in Qualität und Professionalität - dieses hochwertige Vertikutierer überzeugt durch erstklassige Verarbeitung, innovative Technik und außergewöhnliche Zuverlässigkeit. Perfekt geeignet für anspruchsvolle Garten- und Landschaftspflegeprojekte, bei denen nur das Beste gut genug ist. Mit diesem Gerät sind Sie optimal ausgestattet für alle Herausforderungen moderner Gartenarbeit.</strong>","Al-Ko","","Vertikutierer","","TRUE","Title","Default Title","","","","","38-4-E-COMBI-CARE-LK","","shopify","14","deny","manual","127.00","","TRUE","TRUE","","https://lhagrarservicegmbh.de/wp-content/uploads/2026/04/g1-9.webp","1","AL-KO 38.4E Combi Care Elektro-Vertikutierer","FALSE","AL-KO 38.4E Combi Care Elektro-Vertikutierer","Al-Ko Elektro-Vertikutierer 38.4 E Combi Care - Premium - Hochwertige Ausführung für optimale Ergebnisse im Garten.","","","","38-4-E-COMBI-CARE-LK","new","TRUE","https://lhagrarservicegmbh.de/wp-content/uploads/2026/04/g1-9.webp","kg","","active"
"al-ko-38-4e-combi-care-elektro-vertikutierer","","","","","","","","","","","","","","","","","","","","","","","","","https://lhagrarservicegmbh.de/wp-content/uploads/2026/04/g2-2.webp","2","AL-KO 38.4E Combi Care Elektro-Vertikutierer","","","","","","","","","","","","",""
"al-ko-38-4e-combi-care-elektro-vertikutierer","","","","","","","","","","","","","","","","","","","","","","","","","https://lhagrarservicegmbh.de/wp-content/uploads/2026/04/g3-2.webp","3","AL-KO 38.4E Combi Care Elektro-Vertikutierer","","","","","","","","","","","","",""
"al-ko-38-4e-combi-care-elektro-vertikutierer","","","","","","","","","","","","","","","","","","","","","","","","","https://lhagrarservicegmbh.de/wp-content/uploads/2026/04/g4-2.webp","4","AL-KO 38.4E Combi Care Elektro-Vertikutierer","","","","","","","","","","","","",""
"al-ko-38-4e-combi-care-elektro-vertikutierer","","","","","","","","","","","","","","","","","","","","","","","","","https://lhagrarservicegmbh.de/wp-content/uploads/2026/04/g5-1.webp","5","AL-KO 38.4E Combi Care Elektro-Vertikutierer","","","","","","","","","","","","",""
