id,item_group_id,title,description,link,image_link,additional_image_link,availability,price,sale_price,condition,brand,mpn,gtin,identifier_exists,google_product_category,product_type,color,size,material,shipping_weight,product_detail,product_highlight
v100-001,,Van Fautras Oblic 3 2018,"Van fautras oblic 3 en état presque neuf, très peu utilisé. Équipements : - Roue de secours - 6 anneaux d'attache - 3 porte-brides - 3 porte-selles - Ouverture estivale complète à gauche pour les chevaux (voir photos) - Sortie avant-gauche - Sellerie arrière oblic + - Coffre de courtoisie",https://vanducheval.com/produit/van-fautras-oblic-3-2018/,https://vanducheval.com/wp-content/uploads/2022/02/665695_1627148962_8798.jpg,"https://vanducheval.com/wp-content/uploads/2022/02/665695_1627148970_1362.jpg, https://vanducheval.com/wp-content/uploads/2022/02/665695_1627148974_4514.jpg, https://vanducheval.com/wp-content/uploads/2022/02/665695_1627148979_1309.jpg, https://vanducheval.com/wp-content/uploads/2022/02/665695_1627148988_1783.jpg, https://vanducheval.com/wp-content/uploads/2022/02/665695_1627148994_6571.jpg, https://vanducheval.com/wp-content/uploads/2022/02/552706_1615540849-300x300.jpg, https://vanducheval.com/wp-content/uploads/2022/02/552706_1615540798-300x300.jpg, https://vanducheval.com/wp-content/uploads/2022/02/473976_1549969077_0462-300x300.jpg, https://vanducheval.com/wp-content/uploads/2022/02/473976_1549969077_0462-1-300x300.jpg, https://vanducheval.com/wp-content/uploads/2022/02/621382_1607705930_796-300x300.jpg",in_stock,14800.00 EUR,6.22 EUR,used,Fautras,V100-001,,yes,936,Van équestre,,,Acier,,,"Marque: Fautras, Modèle: Oblic 3+, Année: 2018, Première main: Oui, Etat: Occasion, Capacité:3 Chevaux, Poids à vide: 1480 Kilogrammes, Chevaux voyagent:De biais, Permis spécifique: Oui, Garantie: 24 mois"
v100-002,,VAN CHEVAL LIBERTE GOLD 3,"VAN CHEVAL LIBERTE GOLD 3 Van 2 Places Equipement de série : – Toit et partie avant monocoque polyester renforcé – Suspension Pullman 2 – Assemblage robuste – Châssis en métal galvanisé – Plancher et parois aluminium – Pont/porte arrière et bâche à enrouleur automatique – Train roulant avec grandes roues 14” – Grande porte cavalier – 4 baies coulissantes en verre sécurit avec déflecteur à l’avant – Roue jockey automatique avec poignée de manœuvre – Longueur extérieure : 4,43 m – Largeur extérieure : 2,11 m – Hauteur extérieure : 2,63 m – Longueur intérieure : 3,40 m – Largeur intérieure : 1,67 m – Hauteur intérieure : 2,30 m – Poids à vide tout équipé : 825 kg – Roues : 185/65R14 – PTAC : au choix 1400 à 2600 kg – Coloris au choix : blanc, gris silver, gris anthracite, noir, bordeaux Options supplémentaires (tous nos prix sont TTC) : – Hayon blanc arrière (CZ000776) : 550 € – Séparation de tête, grille métal (CZ000097) : 90 € – Barre d’attache inox sup. (BARREINOX) : 290 € – Barre d’éloignement (BARREELOIGNEMENT) : 420 € – Jantes Alu (max. 2500 kg) (JANTESALU14X4) : 690 € – Roue de secours 185/65R14 (CZ000658) : 300 € – Sur tapis caoutchouc 1,25 x 1,65 m (CZ000033) : 160 € – Caméra WIFI (CAMERA) : 220 € – Antivol coiffant : 47 €",https://vanducheval.com/produit/van-cheval-liberte-gold-3/,https://vanducheval.com/wp-content/uploads/2022/02/463256_1569337613.jpg,"https://vanducheval.com/wp-content/uploads/2022/02/463256_1544631640_4521.jpg, https://vanducheval.com/wp-content/uploads/2022/02/463256_1544631641_2516.jpg, https://vanducheval.com/wp-content/uploads/2022/02/463256_1544631734_8651.jpg, https://vanducheval.com/wp-content/uploads/2022/02/463256_1544631752_814.jpg, https://vanducheval.com/wp-content/uploads/2022/02/463256_1544631769_7751.jpg, https://vanducheval.com/wp-content/uploads/2022/02/463256_1544631778_21.jpg, https://vanducheval.com/wp-content/uploads/2022/02/463256_1544631781_722.jpg, https://vanducheval.com/wp-content/uploads/2022/02/463256_1544631787_7079.jpg, https://vanducheval.com/wp-content/uploads/2022/02/463256_1544631795_6731.jpg, https://vanducheval.com/wp-content/uploads/2022/02/463256_1569337247.jpg",in_stock,7290.00 EUR,6.70 EUR,used,VanDuCheval,V100-002,,yes,936,Van équestre,Noir,,Aluminium,,,"Marque:Cheval Liberté, Modèle: GOLD 3, Année: 2021, Première main: Non, Etat: Neuf, Capacité: 2 Chevaux, Permis spécifique: Oui, Marque:Ifor Williams, Modèle: HB 505, Année: 1982"
v100-007,,FAUTRAS PROVAN CLASSIC,VAN FAUTRAS PROVAN CLASSIC (2 PLACES) COULEUR GRIS PERLE NEUF EQUIPEMENTS DE SERIE / MODELE POLYESTER INTEGRAL PLANCHER POLYETHYLENE GARANTI A VIE STRUCTURE ET ARCEAU GARANTI 8 ANS PORTES AMERICAINES AVEC VOLETS COULISSANTS 3 POSITIONS GRANDE SORTIE AVANT HUBLOT CENTRAL BARRES POITRAIL ET CROUPE REGLABLES MATELASSAGES DE CONFORT ROUE DE SECOURS ANTIVOL ATTELAGE ROUE JOCKEY AUTOMATIQUE TAPIS DE SOL ANTIDERAPPANT LIBERATION SECURISEE EQUIPEMENT EN OPTION SUR CE VAN / 2 BAIES COULISSANTES + GRILLES PROTECTIONS LATERALES POLYPROPYLENE AID SYSTEME,https://vanducheval.com/produit/fautras-provan-classic/,https://vanducheval.com/wp-content/uploads/2022/02/634596_1613663556_8386.jpg,"https://vanducheval.com/wp-content/uploads/2022/02/634596_1613663552_5596.jpg, https://vanducheval.com/wp-content/uploads/2022/02/634596_1613663561_3017.jpg, https://vanducheval.com/wp-content/uploads/2022/02/634596_1613663564_4021.jpg, https://vanducheval.com/wp-content/uploads/2022/02/634596_1613663569_3586.jpg, https://vanducheval.com/wp-content/uploads/2022/02/634596_1613663576_6061.jpg, https://vanducheval.com/wp-content/uploads/2022/02/406129_1520850177-300x300.jpg, https://vanducheval.com/wp-content/uploads/2022/02/406129_1520850059-300x300.jpg, https://vanducheval.com/wp-content/uploads/2022/02/573275_1597161422-300x300.jpg, https://vanducheval.com/wp-content/uploads/2022/02/573275_1586267931_183-300x300.jpg, https://vanducheval.com/wp-content/uploads/2022/02/473971_1549968420_2955-300x300.jpg",in_stock,10810.00 EUR,6.22 EUR,used,Fautras,V100-007,,yes,936,Van équestre,Gris,,Polyester,,,"Marque: Fautras, Année: 2021, Première main: Oui, Etat: Neuf, Capacité:2 Chevaux, Pont Avant, Arrière., Chevaux voyagent: Tête avant, Permis spécifique: Oui, Garantie: 24 mois, Marque: Humbaur"
v100-008,,"FAUTRAS JMS (1,5 PLACE)","VAN FAUTRAS JMS (1,5 PLACES) ANNEE 2010 COULEUR GRIS PERLE PTAC/ 1200 KG EQUIPEMENTS DE SERIE / MODELE POLYESTER INTEGRAL PLANCHER POLYETHYLENE GARANTI A VIE PORTES AMERICAINES AVEC VOLETS COULISSANTS 3 POSITIONS GRANDE SORTIE AVANT HUBLOT CENTRAL BARRES POITRAIL ET CROUPE REGLABLES MATELASSAGES DE CONFORT ROUE DE SECOURS ANTIVOL ATTELAGE ROUE JOCKEY AUTOMATIQUE TAPIS DE SOL ANTIDERAPANT EQUIPEMENT EN OPTION SUR CE VAN / 1 BAIE COULISSANTE COFFRE SELLERIE",https://vanducheval.com/produit/fautras-jms-15-place/,https://vanducheval.com/wp-content/uploads/2022/02/665509_1626964375_5967.jpg,"https://vanducheval.com/wp-content/uploads/2022/02/665509_1626964373_0395.jpg, https://vanducheval.com/wp-content/uploads/2022/02/665509_1626964380_8231.jpg, https://vanducheval.com/wp-content/uploads/2022/02/665509_1626964387_8924.jpg, https://vanducheval.com/wp-content/uploads/2022/02/406129_1520850177-300x300.jpg, https://vanducheval.com/wp-content/uploads/2022/02/406129_1520850059-300x300.jpg, https://vanducheval.com/wp-content/uploads/2022/02/225806_1435678052-300x300.jpg, https://vanducheval.com/wp-content/uploads/2022/02/225806_1435678052-1-300x300.jpg, https://vanducheval.com/wp-content/uploads/2022/02/665977_1627227842_3633-300x300.jpg, https://vanducheval.com/wp-content/uploads/2022/02/665977_1627227842_3633-1-300x300.jpg, https://vanducheval.com/wp-content/uploads/2022/02/473974_1606139484-300x300.jpg",in_stock,6200.00 EUR,,used,Fautras,V100-008,,yes,936,Van équestre,Gris,,Polyester,,,"Garantie 6 mois, MarqueFautras, Modèle: JMS, Année: 2010, Première main: Non, Etat: Occasion, Capacité: 1,5 Chevaux, Pont Avant, Arrière., Chevaux voyagent: Tête avant, Permis spécifique: Non"
v100-003,,VAN Cheval Humbaur,"Van Humbaur Xanthos -2 places -Châssis Equidrive 2700 kg -Dôme en Polyester avec fenêtre teintés réglables sur 5 positions – Bat-flanc amovible avec bâche souple transparente -Barres de poitrail et recul rembourrés, système anti-panique -Éclairage intérieur -Plancher aluBicomp (aluminium + Polypropylène) de 21mm d’épaisseur -Roue de secours -Séparation de tête – Prise 13 Broches avec feu de recul et anti-brouillard -Porte d’accès avec verrouillage 3 points Van acheter neuf chez Starterre. Première main en excellent état très peu utiliser.",https://vanducheval.com/produit/van-cheval-humbaur/,https://vanducheval.com/wp-content/uploads/2022/02/667870_1628146307_2263.jpg,"https://vanducheval.com/wp-content/uploads/2022/02/666362_1627398096_3337-300x300.png, https://vanducheval.com/wp-content/uploads/2022/02/666362_1627398096_3337-1-1-300x300.png, https://vanducheval.com/wp-content/uploads/2022/02/271493_1589623901-300x300.jpg, https://vanducheval.com/wp-content/uploads/2022/02/271493_1589623898-300x300.jpg, https://vanducheval.com/wp-content/uploads/2022/02/657479_1623070739_6044-300x300.jpg, https://vanducheval.com/wp-content/uploads/2022/02/657479_1623070739_6044-1-300x300.jpg, https://vanducheval.com/wp-content/uploads/2022/02/666015_1627236238_1858-300x300.jpg, https://vanducheval.com/wp-content/uploads/2022/02/666015_1627236147_6505-300x300.jpg, https://vanducheval.com/wp-content/uploads/2022/02/406129_1520850177-300x300.jpg, https://vanducheval.com/wp-content/uploads/2022/02/406129_1520850059-300x300.jpg",in_stock,6000.00 EUR,6.70 EUR,used,Humbaur,V100-003,,yes,936,Van équestre,Or,,Aluminium,,,"Marque:Humbaur, Modèle:Xanthos, Année:2017, Première main: Oui, Etat:Occasion, Capacité2: Chevaux, Poids à vide:800 Kilogrammes, Pont Arrière., Chevaux voyagent:Tête avant, Permis spécifique: Oui"
v100-004,,IFOR WILLIAMS - HB 506 NEUF,"Equipements du van HB 506 confort : – Vitres latérales fixes, – Plancher aluminium, – Bat-flanc renforcé a pilier central, – Feu de recul, – Pont avant, – Volets au-dessus des ponts, – Porte de visite verrouillable, – Miroir, – Roue de secours, – Suspensions a lames de ressort, – Aérateur de toit, – Eclairage intérieur. Caractéristiques du van HB 506 confort : – Poids à vide : 920 kgs – PTAC : 1400 kgs 2600 kg – Pneus : 165R13C – Dimensions totales : Haut : 2.75m – Larg : 2.13m – Long : 4.30m, – Dimensions utiles : Haut : 2.26m – Larg : 1.67m – Long : 3.16m Sellerie et options disponibles (caméra, aérations supplémentaires, capitons, housse de protection…) Demandez des renseignements à votre concession GLR : Cheval Liberté – Ifor Williams – Debon – Les vans ACR",https://vanducheval.com/produit/ifor-williams-hb-506-neuf/,https://vanducheval.com/wp-content/uploads/2022/02/447780_1606139229.jpg,"https://vanducheval.com/wp-content/uploads/2022/02/447780_1537448909_0221.jpg, https://vanducheval.com/wp-content/uploads/2022/02/447780_1537448927_212.jpg, https://vanducheval.com/wp-content/uploads/2022/02/447780_1537448934_192.jpg, https://vanducheval.com/wp-content/uploads/2022/02/447780_1537448935_8362.jpg, https://vanducheval.com/wp-content/uploads/2022/02/447780_1537448939_5916.jpg, https://vanducheval.com/wp-content/uploads/2022/02/447780_1537448939_8313.jpg, https://vanducheval.com/wp-content/uploads/2022/02/447780_1537448943_9291.jpg, https://vanducheval.com/wp-content/uploads/2022/02/447780_1537448948_3271.jpg, https://vanducheval.com/wp-content/uploads/2022/02/447780_1606139229-1.jpg, https://vanducheval.com/wp-content/uploads/2022/02/447780_1606139236.jpg",in_stock,8870.00 EUR,,used,VanDuCheval,V100-004,,yes,936,Van équestre,Or,,Aluminium,,,"Garantie 12 mois, Marque: Ifor Williams, Modèle: HB 506 CONFORT, Année2021, Première main: Oui, Etat: Neuf, Capacité: 2 Chevaux, Poids à vide:920 Kilogrammes, Pont Avant, Arrière., Chevaux voyagent:Tête avant"
v100-005,,Fautras OBLIC +3 - 3,"Sécurité et confort: Roue de secours Anneaux d’attache: 6 Porte-brides: 1 Porte-selles: 2 Baie coulissante, sortie avant gauche, Ouverture Estivale : auvent latéral donnant accès à la tête des chevaux",https://vanducheval.com/produit/fautras-oblic-3-3/,https://vanducheval.com/wp-content/uploads/2022/02/621131_1607597272_3558.jpg,"https://vanducheval.com/wp-content/uploads/2022/02/621131_1607597267_9809.jpg, https://vanducheval.com/wp-content/uploads/2022/02/621131_1607597272_3558-1.jpg, https://vanducheval.com/wp-content/uploads/2022/02/621131_1607597282_8746.jpg, https://vanducheval.com/wp-content/uploads/2022/02/621131_1607597287_347.jpg, https://vanducheval.com/wp-content/uploads/2022/02/621131_1607597298_9243.jpg, https://vanducheval.com/wp-content/uploads/2022/02/621131_1607597304_0092.jpg, https://vanducheval.com/wp-content/uploads/2022/02/331213_1615541350-300x300.jpg, https://vanducheval.com/wp-content/uploads/2022/02/331213_1615541341-300x300.jpg, https://vanducheval.com/wp-content/uploads/2022/02/663217_1625913637_7644-300x300.jpg, https://vanducheval.com/wp-content/uploads/2022/02/655031_1621953390_9118-300x300.jpg",in_stock,14400.00 EUR,12.70 EUR,used,Fautras,V100-005,,yes,936,Van équestre,Vert,,Acier,,,"Marque: Fautras, Année: 2015, Etat: Occasion, Capacité: 3 Chevaux, Pont Arrière., Chevaux voyagent: De biais, Permis spécifique: Oui, Garantie: 24 mois, Marque: Cheval Liberté, Modèle: MAXI 3"
v100-006,,GOLD FIRST PREMIUM,Garantie: 24 mois Marque: Cheval Liberté Modèle: gold FIRST PREMIUM Couleur: Gris Année: 2021 Première main: Oui Etat: Neuf Capacité: 2 Chevaux Poids à vide: 750 Pont Arrière. Chevaux voyagent: Tête avant Permis spécifique: Oui,https://vanducheval.com/produit/gold-first-premium/,https://vanducheval.com/wp-content/uploads/2022/02/630042_1617268760.jpg,"https://vanducheval.com/wp-content/uploads/2022/02/630042_1617268760-1.jpg, https://vanducheval.com/wp-content/uploads/2022/02/630042_1617268764.jpg, https://vanducheval.com/wp-content/uploads/2022/02/630042_1617268768.jpg, https://vanducheval.com/wp-content/uploads/2022/02/630042_1617268773.jpg, https://vanducheval.com/wp-content/uploads/2022/02/663874_1626285825_5057-300x300.jpg, https://vanducheval.com/wp-content/uploads/2022/02/663874_1626285825_5057-1-300x300.jpg, https://vanducheval.com/wp-content/uploads/2022/02/225806_1435678052-300x300.jpg, https://vanducheval.com/wp-content/uploads/2022/02/225806_1435678052-1-300x300.jpg, https://vanducheval.com/wp-content/uploads/2022/02/473974_1606139484-300x300.jpg, https://vanducheval.com/wp-content/uploads/2022/02/473974_1549968762_7202-300x300.jpg",in_stock,4990.00 EUR,,used,VanDuCheval,V100-006,,yes,936,Van équestre,,,Acier,,,"Garantie: 24 mois, Marque: Cheval Liberté, Modèle: gold FIRST PREMIUM, Couleur: Gris, Année: 2021, Première main: Oui, Etat: Neuf, Capacité: 2 Chevaux, Poids à vide: 750, Pont Arrière."
v100-009,,VAN 1.5 SERIE WHITE LINE,Van chevaux 1.5 place en transport droit Marque Cheval Liberté GOLD WHITE LINE RAPPORT QUALITE PRIX IMBATABLE Parois en Aluminium et toit polyester Pont/porte arrière Protections latérales et matelassures Plancher aluminium,https://vanducheval.com/produit/van-1-5-serie-white-line/,https://vanducheval.com/wp-content/uploads/2022/02/618648_1606387421_0242.jpg,"https://vanducheval.com/wp-content/uploads/2022/02/618648_1606387421_0242-1.jpg, https://vanducheval.com/wp-content/uploads/2022/02/618648_1606387425_7258.jpg, https://vanducheval.com/wp-content/uploads/2022/02/618648_1606387429_4205.jpg, https://vanducheval.com/wp-content/uploads/2022/02/618648_1606387433_5161.jpg, https://vanducheval.com/wp-content/uploads/2022/02/667632_1628062625_515-300x300.jpg, https://vanducheval.com/wp-content/uploads/2022/02/667632_1628062625_515-1-300x300.jpg, https://vanducheval.com/wp-content/uploads/2022/02/628320_1611039479_3075-300x300.jpg, https://vanducheval.com/wp-content/uploads/2022/02/628320_1611039479_3075-1-300x300.jpg, https://vanducheval.com/wp-content/uploads/2022/02/663041_1625817197_8372-300x300.jpg, https://vanducheval.com/wp-content/uploads/2022/02/663041_1625817197_8372-1-300x300.jpg",in_stock,4690.00 EUR,3.10 EUR,used,VanDuCheval,V100-009,,yes,936,Van équestre,Or,,Aluminium,,,"Garantie: 24 mois, Marque: Cheval Liberté, Modèle: GOLD WHITE LINE, Année: 2021, Première main: Oui, Etat: Neuf, Capacité: 1,5 Chevaux, Pont Arrière., Chevaux voyagent:Tête avant, Permis spécifique: Non"
v100-011,,TOURING COUNTRY,Van gold touring 2 places chevaux PROMO SUR 3 VANS coloris noir ou blanc Pont avant et arrière Vitres latérales Espace chevaux moletonné au niveau des flancs Bas de séparation souple. Chassis équipé de la suspension Pullman 2 Plancher aluminium garanti 5 ans Parois latérales Aluminium Volets grandes dimensions avec baies coulissantes Séparation de tête,https://vanducheval.com/produit/touring-country/,https://vanducheval.com/wp-content/uploads/2022/02/618646_1606387009_2304.jpg,"https://vanducheval.com/wp-content/uploads/2022/02/618646_1606386987_405.jpg, https://vanducheval.com/wp-content/uploads/2022/02/618646_1606386993_2804.jpg, https://vanducheval.com/wp-content/uploads/2022/02/618646_1606386996_9887.jpg, https://vanducheval.com/wp-content/uploads/2022/02/618646_1606387001_1583.jpg, https://vanducheval.com/wp-content/uploads/2022/02/618646_1606387005_127.jpg, https://vanducheval.com/wp-content/uploads/2022/02/618646_1606387032_2515.jpg, https://vanducheval.com/wp-content/uploads/2022/02/666015_1627236238_1858-300x300.jpg, https://vanducheval.com/wp-content/uploads/2022/02/666015_1627236147_6505-300x300.jpg, https://vanducheval.com/wp-content/uploads/2022/02/573275_1597161422-300x300.jpg, https://vanducheval.com/wp-content/uploads/2022/02/573275_1586267931_183-300x300.jpg",in_stock,8158.00 EUR,6.70 EUR,used,VanDuCheval,V100-011,,yes,936,Van équestre,Noir,,Aluminium,,,"Garantie: 24 mois, Marque:Cheval Liberté, Modèle:TOURING COUNTRY, Année:2021, Première main: Oui, Etat:Neuf, Capacité: 2 Chevaux, Poids à vide: 750, Pont Avant, Arrière., Chevaux voyagent: Tête avant"
v100-012,,Gold touring one,"Van cheval liberté Gold Touring One 1.5 place pour le transport de chevaux Volume intérieur exceptionnel (ergonomie idéale et sécurité optimisée) Grande porte cavalier Large pont avant Parois et plancher aluminium Suspension Pullman 2 Pont porte arrière Fenêtre coulissante sur volet au dessus du pont avant Roue jockey automatique Équipement intérieur complet ( Protections latérales, barres réglables en hauteur, coussins de protection) Tapis caoutchouc 8mm collé. grande porte cavalier",https://vanducheval.com/produit/gold-touring-one/,https://vanducheval.com/wp-content/uploads/2022/02/618644_1606386568_232.jpg,"https://vanducheval.com/wp-content/uploads/2022/02/618644_1606386568_232-1.jpg, https://vanducheval.com/wp-content/uploads/2022/02/618644_1606386572_9494.jpg, https://vanducheval.com/wp-content/uploads/2022/02/618644_1606386576_8569.jpg, https://vanducheval.com/wp-content/uploads/2022/02/618644_1606386581_3286.jpg, https://vanducheval.com/wp-content/uploads/2022/02/618644_1606386585_194.jpg, https://vanducheval.com/wp-content/uploads/2022/02/666055_1627278321_1692-300x300.jpg, https://vanducheval.com/wp-content/uploads/2022/02/666055_1627278321_1692-1-300x300.jpg, https://vanducheval.com/wp-content/uploads/2022/02/667632_1628062625_515-300x300.jpg, https://vanducheval.com/wp-content/uploads/2022/02/667632_1628062625_515-1-300x300.jpg, https://vanducheval.com/wp-content/uploads/2022/02/628320_1611039479_3075-300x300.jpg",in_stock,7575.00 EUR,3.10 EUR,used,VanDuCheval,V100-012,,yes,936,Van équestre,Or,,Aluminium,,,"Garantie: 24 mois, Marque: Cheval Liberté, Modèle:touring one, Année: 2021, Première main Oui, Etat:Neuf, Capacité:1,5 Chevaux, Pont Avant, Arrière., Chevaux voyagent:Tête avant, Permis spécifique: Non"
v100-013,,Van 1 place,Marque: Ménard Modèle: Original 1 place Année: 17/02/2009 PTC: 1 200 kg PV: 740 kg Place: 1 place Équipements: · Van 1 place · Carrosserie Ménard tout en ALU · Pont arrière + volet · Porte latérale droite · Baies latérales + grilles de protection · Barre de poitrail et chaîne de queue · Coussins latéraux · Lumière et aérateur de toit · Revêtement antidérapant sur le sol et le pont · Roue de secours · Roue jockey,https://vanducheval.com/produit/van-1-place/,https://vanducheval.com/wp-content/uploads/2022/02/565842_1582798871_7755.jpg,"https://vanducheval.com/wp-content/uploads/2022/02/565842_1582798868_1539.jpg, https://vanducheval.com/wp-content/uploads/2022/02/565842_1582798877_3388.jpg, https://vanducheval.com/wp-content/uploads/2022/02/565842_1582798883_3442.jpg, https://vanducheval.com/wp-content/uploads/2022/02/565842_1582798889_7021.jpg, https://vanducheval.com/wp-content/uploads/2022/02/261256_1603352413-300x300.jpg, https://vanducheval.com/wp-content/uploads/2022/02/261256_1603352407-300x300.jpg, https://vanducheval.com/wp-content/uploads/2022/02/661934_1625234591_8113-300x300.jpg, https://vanducheval.com/wp-content/uploads/2022/02/661934_1625234591_8113-1-300x300.jpg, https://vanducheval.com/wp-content/uploads/2022/02/567957_1583418328_4992-300x300.jpg, https://vanducheval.com/wp-content/uploads/2022/02/567957_1583418328_4992-1-300x300.jpg",in_stock,6158.00 EUR,,used,VanDuCheval,V100-013,,yes,936,Van équestre,Or,,Acier,,,"Marque– Autre marque –, Modèle: Menard, Année: 2009, Première main: Non, Etat:Occasion, Capacité: 1 Cheval, Poids à vide:740 Kilogrammes, Pont Arrière., Chevaux voyagent:Tête avant, Permis spécifique: Oui"
v100-014,,Van Mustang Allround,Marque: - Autre marque - Modèle:Mustang Allround Année: 2014 Première main: Non Etat:Occasion Capacité:2 Chevaux Pont Arrière. Chevaux voyagent:Tête avant Permis spécifique: Non,https://vanducheval.com/produit/van-mustang-allround/,https://vanducheval.com/wp-content/uploads/2022/02/484653_1554195891_8833.jpg,"https://vanducheval.com/wp-content/uploads/2022/02/484653_1554195895_4576.jpg, https://vanducheval.com/wp-content/uploads/2022/02/484653_1595257730.jpg, https://vanducheval.com/wp-content/uploads/2022/02/484653_1595257744.jpg, https://vanducheval.com/wp-content/uploads/2022/02/484653_1595257750.jpg, https://vanducheval.com/wp-content/uploads/2022/02/484653_1595257760.jpg, https://vanducheval.com/wp-content/uploads/2022/02/484653_1595257769.jpg, https://vanducheval.com/wp-content/uploads/2022/02/484653_1595257774.jpg, https://vanducheval.com/wp-content/uploads/2022/02/484653_1595257779.jpg, https://vanducheval.com/wp-content/uploads/2022/02/573275_1597161422-300x300.jpg, https://vanducheval.com/wp-content/uploads/2022/02/573275_1586267931_183-300x300.jpg",in_stock,8200.00 EUR,6.22 EUR,used,Mustang,V100-014,,yes,936,Van équestre,Or,,Acier,,,"Marque: – Autre marque –, Modèle:Mustang Allround, Année: 2014, Première main: Non, Etat:Occasion, Capacité:2 Chevaux, Pont Arrière., Chevaux voyagent:Tête avant, Permis spécifique: Non, Garantie: 24 mois"
v100-015,,Van 2 places,Marque:- Autre marque - Modèle:westeria Année:1995 Première main: Non Etat:Occasion Capacité: 2 Chevaux Poids à vide: 630 Pont Arrière. Chevaux voyagent:Tête avant Permis spécifique: Non,https://vanducheval.com/produit/van-2-places/,https://vanducheval.com/wp-content/uploads/2022/02/667881_1628150795_8814.jpg,"https://vanducheval.com/wp-content/uploads/2022/02/549171_1612542927-300x300.jpg, https://vanducheval.com/wp-content/uploads/2022/02/549171_1612542921-300x300.jpg, https://vanducheval.com/wp-content/uploads/2022/02/666015_1627236238_1858-300x300.jpg, https://vanducheval.com/wp-content/uploads/2022/02/666015_1627236147_6505-300x300.jpg, https://vanducheval.com/wp-content/uploads/2022/02/661417_1625039400_9714-300x300.jpg, https://vanducheval.com/wp-content/uploads/2022/02/661417_1625039400_9714-1-300x300.jpg, https://vanducheval.com/wp-content/uploads/2022/02/591448_1594376154_8219-300x300.jpg, https://vanducheval.com/wp-content/uploads/2022/02/591448_1594376154_8219-1-300x300.jpg, https://vanducheval.com/wp-content/uploads/2022/02/608560_1601880088_9413-300x300.jpg, https://vanducheval.com/wp-content/uploads/2022/02/608560_1601880088_9413-1-300x300.jpg",in_stock,4200.00 EUR,,used,VanDuCheval,V100-015,,yes,936,Van équestre,,,Acier,,,"Marque:– Autre marque –, Modèle:westeria, Année:1995, Première main: Non, Etat:Occasion, Capacité: 2 Chevaux, Poids à vide: 630, Pont Arrière., Chevaux voyagent:Tête avant, Permis spécifique: Non"
v100-016,,DUOMAX CHEVAL LIBERTE 2,Marque:Cheval Liberté Modèle:DUOMAX Année:2021 Première main: Non Etat:Neuf Capacité:2 Chevaux Permis spécifique: Oui,https://vanducheval.com/produit/duomax-cheval-liberte-2/,https://vanducheval.com/wp-content/uploads/2022/02/611625_1603349505_404.jpg,"https://vanducheval.com/wp-content/uploads/2022/02/611625_1603349492_8928.jpg, https://vanducheval.com/wp-content/uploads/2022/02/611625_1603349501_7122.jpg, https://vanducheval.com/wp-content/uploads/2022/02/611625_1603349509_0565.jpg, https://vanducheval.com/wp-content/uploads/2022/02/611625_1603349516_0627.jpg, https://vanducheval.com/wp-content/uploads/2022/02/611625_1603349526_2833.jpg, https://vanducheval.com/wp-content/uploads/2022/02/611625_1603349526_7188.jpg, https://vanducheval.com/wp-content/uploads/2022/02/657479_1623070739_6044-300x300.jpg, https://vanducheval.com/wp-content/uploads/2022/02/657479_1623070739_6044-1-300x300.jpg, https://vanducheval.com/wp-content/uploads/2022/02/664966_1626763885_7417-300x300.jpg, https://vanducheval.com/wp-content/uploads/2022/02/664966_1626763881_1467-300x300.jpg",in_stock,13900.00 EUR,,used,VanDuCheval,V100-016,,yes,936,Van équestre,,,Acier,,,"Marque:Cheval Liberté, Modèle:DUOMAX, Année:2021, Première main: Non, Etat:Neuf, Capacité:2 Chevaux, Permis spécifique: Oui, Marque: Ifor Williams, Année: 2007, Etat: Occasion"
v100-017,,MULTIMAX CHEVAL LIBERTE 2,"Van Cheval Liberté – Multimax VAN 2 PLACES Descriptif technique : • Toit et déflecteur avant en polyester renforcé • Suspension Pullman 2 • Plancher et parois aluminium • Séparation centrale articulée en aluminium avec séparation de tête grillagée, livrée avec une plaque de séparation totale • Barre de recul et de poitrail • Côtés aluminium avec 4 fenêtres coulissantes de ventilation • Pont/porte arrière, bâche à enrouleur automatique • Vaste compartiment sellerie inédit, modulable en profondeur grâce à une cloison amovible, l’espace sellerie bénéficie d’une grande porte d’accès et fenêtre • Barre d’attache latérale en inox, à droite • Roue de secours (installée dans la sellerie) • Longueur extérieure : 5,03 m • Largeur extérieure : 2,29 m • Hauteur extérieure : 2,72 m • Longueur intérieure : 3,78 m • Largeur intérieure : 1,81 m • Hauteur intérieure : 2,25 m • Poids à vide : 960 kg • PTAC possibles : 1400 kg à 2600 kg • Coloris : blanc / noir / gris silver / gris anthracite / rouge Options (tous nos prix sont TTC) : Jantes aluminium (PTAC max. 2500 kg) (JANTESALU14X4) : 690 € Sur tapis caoutchouc 1,25 x 1,65 m (CZ000033) : 160 € Barre d’attache inox sup.(CZ000802) : 319 € Barre suitée (CZ000415) : 150 € Séparation de tête grille métal (CZ000097) : 90 € Barre d’éloignement (BARREELOIGNEMENT) : 420 € Caméra WIFI (CAMERA) : 220 € Antivol coiffant (0679) : 47 €",https://vanducheval.com/produit/multimax-cheval-liberte-2/,https://vanducheval.com/wp-content/uploads/2022/02/611621_1603349125.jpg,"https://vanducheval.com/wp-content/uploads/2022/02/611621_1603349107.jpg, https://vanducheval.com/wp-content/uploads/2022/02/611621_1603349110.jpg, https://vanducheval.com/wp-content/uploads/2022/02/611621_1603349119.jpg, https://vanducheval.com/wp-content/uploads/2022/02/611621_1603349130.jpg, https://vanducheval.com/wp-content/uploads/2022/02/611621_1603349137.jpg, https://vanducheval.com/wp-content/uploads/2022/02/611621_1603349139.jpg, https://vanducheval.com/wp-content/uploads/2022/02/611621_1603349144.jpg, https://vanducheval.com/wp-content/uploads/2022/02/611621_1603349146.jpg, https://vanducheval.com/wp-content/uploads/2022/02/611621_1603349151.jpg, https://vanducheval.com/wp-content/uploads/2022/02/652824_1620979838_3386-300x300.jpg",in_stock,12490.00 EUR,,used,VanDuCheval,V100-017,,yes,936,Van équestre,Noir,,Aluminium,,,"Marque:Cheval Liberté, Modèle: MULTIMAX, Année: 2021, Première main: Non, Etat:Neuf, Capacité:2 Chevaux, Permis spécifique: Oui, Marque: Fautras, Modèle: provan E2 classique, Etat: Neuf"
v100-018,,IMARA SAINT GEROGES-FAUTRAS,"Van Imara 2 places Saint Georges by Fautras Mise en circulation en 2017. Bon état général, bien entretenu. Appartenant à une structure équestre. Cause de la vente : projet d’achat van oblique. Van de qualité et très bien pensé Plancher imputrescible en polyéthylène garanti à vie. Plancher progressif pour un embarquement plus facile Tapis de sol antidérapant Porte de visite latérale Éclairage intérieur Fenêtre frontale Prise d’air frontale Porte américaine avec système auto bloc Séparation de tête Séparation souple Fautras tech Roue de secours Roue jockey Volets coulissants d’aération sur porte arrière Barre de poitrail avec boucle de sécurité extérieure Antivol tête d’attelage – Camera « Trailer Cam » pour voyager plus sereinement – Sellerie pour transporter votre équipement facilement – Protection latérale, pour une sécurité accrue de votre cheval",https://vanducheval.com/produit/imara-saint-geroges-fautras/,https://vanducheval.com/wp-content/uploads/2022/02/667726_1628078056_9516.jpg,"https://vanducheval.com/wp-content/uploads/2022/02/659250_1623929799_9606-300x300.jpg, https://vanducheval.com/wp-content/uploads/2022/02/573275_1597161422-300x300.jpg, https://vanducheval.com/wp-content/uploads/2022/02/573275_1586267931_183-300x300.jpg, https://vanducheval.com/wp-content/uploads/2022/02/621382_1607705930_796-300x300.jpg, https://vanducheval.com/wp-content/uploads/2022/02/621382_1607705722_5767-300x300.jpg, https://vanducheval.com/wp-content/uploads/2022/02/652824_1620979838_3386-300x300.jpg, https://vanducheval.com/wp-content/uploads/2022/02/617951_1606123031_9817-300x300.jpg, https://vanducheval.com/wp-content/uploads/2022/02/617951_1606122942_4367-300x300.jpg, https://vanducheval.com/wp-content/uploads/2022/02/651996_1620591007_7071-300x300.jpg, https://vanducheval.com/wp-content/uploads/2022/02/651996_1620591007_7071-1-300x300.jpg",in_stock,6500.00 EUR,,used,Fautras,V100-018,,yes,936,Van équestre,Or,,Acier,,,"Marque: Fautras, Modèle: Imara, Année: 2017, Première main: Oui, Etat: Occasion, Capacité: 2 Chevaux, Poids à vide:750 Kilogrammes, Chevaux voyagent:Tête avant, Permis spécifique: Oui, Modèle: OBLIC 2"
v100-019,,Van Maxi 2 places diagonales,"Van Cheval Liberté MAXI 2, deux places diagonales, grande sellerie, roue de secours, pont avant, ouvertures estivales, pont/pore arrière, sur-tapis. Colorie noires. Poids à vide: 970Kg – PTAC: 2600Kg. Etat presque neuf, petit accroc sur le côté droit du pont avant. 1ere Immatriculation le 20/03/2021.",https://vanducheval.com/produit/van-maxi-2-places-diagonales/,https://vanducheval.com/wp-content/uploads/2022/02/665347_1626893575_9901.jpg,"https://vanducheval.com/wp-content/uploads/2022/02/665347_1626893575_9901-1.jpg, https://vanducheval.com/wp-content/uploads/2022/02/665347_1626893585_1312.jpg, https://vanducheval.com/wp-content/uploads/2022/02/665347_1626893588_1412.jpg, https://vanducheval.com/wp-content/uploads/2022/02/665347_1626893655_9423.jpg, https://vanducheval.com/wp-content/uploads/2022/02/666015_1627236238_1858-300x300.jpg, https://vanducheval.com/wp-content/uploads/2022/02/666015_1627236147_6505-300x300.jpg, https://vanducheval.com/wp-content/uploads/2022/02/657251_1622961077_2724-300x300.jpg, https://vanducheval.com/wp-content/uploads/2022/02/657251_1622961077_2724-1-300x300.jpg, https://vanducheval.com/wp-content/uploads/2022/02/659230_1623924406_4908-300x300.jpg, https://vanducheval.com/wp-content/uploads/2022/02/659230_1623924406_4908-1-300x300.jpg",in_stock,12000.00 EUR,,used,VanDuCheval,V100-019,,yes,936,Van équestre,Noir,,Acier,,,"Garantie: 6 mois, Marque: Cheval Liberté, ModèleMAXI 2, Année: 2021, Première main: Oui, Etat: Occasion, Capacité:2 Chevaux, Poids à vide:970 Kilogrammes, Pont Avant, Arrière., Chevaux voyagent: De biais"
v100-020,,Van Cheval Liberté Gold First - 2 places 2021,"Van Gold First Premium: 2 places, plancher aluminium, panneaux latéraux multiplis 18mm, toit polyester renforcé, pont/porte arrière, lanterneau de toit, coussins latéraux, roues 13″,PTAC de 1100 à 2000Kg. Colorie gris anthracite + toit blanc. Plancher garantie 5 ans, van 2 ans constructeur. Option possible: + compartiment sellerie à 500 euros TTC . + roue de secours à 150 euros TTC. + grille séparation de tête + 90 euros TTC.",https://vanducheval.com/produit/van-cheval-liberte-gold-first-2-places-2021/,https://vanducheval.com/wp-content/uploads/2022/02/574388_1615535099.jpg,"https://vanducheval.com/wp-content/uploads/2022/02/574388_1615535000.jpg, https://vanducheval.com/wp-content/uploads/2022/02/574388_1615535009.jpg, https://vanducheval.com/wp-content/uploads/2022/02/574388_1615535018.jpg, https://vanducheval.com/wp-content/uploads/2022/02/574388_1615535026.jpg, https://vanducheval.com/wp-content/uploads/2022/02/574388_1615535032.jpg, https://vanducheval.com/wp-content/uploads/2022/02/574388_1615535037.jpg, https://vanducheval.com/wp-content/uploads/2022/02/574388_1615535059.jpg, https://vanducheval.com/wp-content/uploads/2022/02/574388_1615535067.jpg, https://vanducheval.com/wp-content/uploads/2022/02/574388_1615535076.jpg, https://vanducheval.com/wp-content/uploads/2022/02/574388_1615535084.jpg",in_stock,4990.00 EUR,,used,VanDuCheval,V100-020,,yes,936,Van équestre,Blanc,,Aluminium,,,"Garantie: 24 mois, Marque: Cheval Liberté, Modèle: Gold First, Année: 2021, Première main: Oui, Etat: Neuf, Capacité: 2 Chevaux, Poids à vide: 795 Kilogrammes, Pont Arrière., Chevaux voyagent:Tête avant"
v100-021,,Van Cheval Liberté 2pl touring,"Van Touring Country : 2 places, suspension pullman 2, plancher et paroies aluminium, pont/porte arrière, pont avant gauche, grande porte cavalière avant droit, 4 baies vitrées securits coulissantes, roues 14″, PTAC de 1400 à 2600Kg . Options: – grand placard sellerie + 760 euros ttc – roue de secours + 300 euros ttc. Plancher garantie 5 ans, van 2 ans constructeur.",https://vanducheval.com/produit/van-cheval-liberte-2pl-touring/,https://vanducheval.com/wp-content/uploads/2022/02/574382_1615537333.jpg,"https://vanducheval.com/wp-content/uploads/2022/02/574382_1615537312.jpg, https://vanducheval.com/wp-content/uploads/2022/02/574382_1615537327.jpg, https://vanducheval.com/wp-content/uploads/2022/02/574382_1615537350.jpg, https://vanducheval.com/wp-content/uploads/2022/02/574382_1615537368.jpg, https://vanducheval.com/wp-content/uploads/2022/02/574382_1615537422.jpg, https://vanducheval.com/wp-content/uploads/2022/02/574382_1615537764.jpg, https://vanducheval.com/wp-content/uploads/2022/02/574382_1615537777.jpg, https://vanducheval.com/wp-content/uploads/2022/02/574382_1615537785.jpg, https://vanducheval.com/wp-content/uploads/2022/02/652824_1620979838_3386-300x300.jpg, https://vanducheval.com/wp-content/uploads/2022/02/608560_1601880088_9413-300x300.jpg",in_stock,7153.00 EUR,6.22 EUR,used,VanDuCheval,V100-021,,yes,936,Van équestre,Or,,Aluminium,,,"Garantie: 24 mois, Marque: Cheval Liberté, Modèle: Touring country, Année: 2021, Première main: Oui, Etat: Neuf, Capacité: 2 Chevaux, Poids à vide: 850 Kilogrammes, Pont Avant, Arrière., Chevaux voyagent:Tête avant"
v100-022,,Van Cheval Liberté Gold 3,"Van Gold 3 : 2 places, tête avant, suspension pullman 2, plancher aluminium, pont/porte arrière, grande porte cavalière avant droit, compartiement sellerie avant gauche,4 baies coulissantes en verre sécurit avec déflecteur à l’avant, roues 14″. PTAC de 1400 à 2600Kg . Plancher garantie 5 ans, van 2 ans constructeur. Option possible: roue de secours à 190 euros TTC. Colories au choix: blanc/noir/anthracite/silver et bordeaux.",https://vanducheval.com/produit/van-cheval-liberte-gold-3-2/,https://vanducheval.com/wp-content/uploads/2022/02/574381_1615540092.jpg,"https://vanducheval.com/wp-content/uploads/2022/02/574381_1615539998.jpg, https://vanducheval.com/wp-content/uploads/2022/02/574381_1615540012.jpg, https://vanducheval.com/wp-content/uploads/2022/02/574381_1615540028.jpg, https://vanducheval.com/wp-content/uploads/2022/02/574381_1615540034.jpg, https://vanducheval.com/wp-content/uploads/2022/02/574381_1615540038.jpg, https://vanducheval.com/wp-content/uploads/2022/02/574381_1615540054.jpg, https://vanducheval.com/wp-content/uploads/2022/02/574381_1615540059.jpg, https://vanducheval.com/wp-content/uploads/2022/02/574381_1615540066.jpg, https://vanducheval.com/wp-content/uploads/2022/02/574381_1615540072.jpg, https://vanducheval.com/wp-content/uploads/2022/02/574381_1615540078.jpg",in_stock,5200.00 EUR,,used,VanDuCheval,V100-022,,yes,936,Van équestre,Noir,,Aluminium,,,"Garantie: 24 mois, Marque: Cheval Liberté, Modèle: Gold 3, Année: 2021, Première main: Oui, Etat: Neuf, Capacité: 2 Chevaux, Poids à vide: 825 Kilogrammes, Pont Arrière., Chevaux voyagent: Tête avant"
v100-023,,Van Cheval Liberté Gold Touring COUNTRY,"VAN GOLD TOURING COUNTRY CHEVAL LIBERTE Descriptif technique : • Large sortie avant de 1,10 m • Toit et et partie avant monocoque polyester renforcé • Suspension Pullman 2 • Assemblage robuste • Châssis en métal galvanisé • Plancher et parois aluminium • Pont/porte arrière et bâche à enrouleur automatique • Pont avant avec ouverture sur axe renforcé • Grande porte cavalier • Séparation centrale en aluminium entièrement amovible, articulée sur un robuste poteau central avec séparation de tête pleine ou grille avec bavette souple • 4 baies coulissantes • Longueur extérieure : 4,47 m • Largeur extérieure : 2,15 m • Hauteur extérieure : 2,75 m • Longueur intérieure : 3,15 m • Largeur intérieure : 1,67 m • Hauteur intérieure : 2,30 m • Poids à vide : 850 kg • PTAC possibles : 1400 kg à 2600 kg • Roues : 185/65R14 93N 5T112 • Coloris : blanc / noir / gris silver / gris anthracite / rouge Options (tous nos prix sont TTC) : Grand placard sellerie sandwich (CZ000617) : 760 € Hayon BLANC arrière (CZ000428) : 600 € Double portes battantes arrière (2PORTESVANS) : 519 € 2 fenêtres 400×300 sur portes arrière (CZ000523 X 2) : 319 € Jantes aluminium (PTAC max. 2500 kg) (JANTESALU14X4) : 690 € Roue de secours (CZ000658) : 300 € Sur-tapis caoutchouc 1,25 x 1,65 m (CZ000033) : 160 € Barre d’attache inox sup. (BARREINOX) : 290 € Barre suitée (CZ000415) : 150 € Barre d’éloignement (BARREELOIGNEMENT) : 420 € Caméra WIFI (CAMERA) : 220 € Antivol coiffant (0679) : 47 €",https://vanducheval.com/produit/van-cheval-liberte-gold-touring-country/,https://vanducheval.com/wp-content/uploads/2022/02/261256_1603352413.jpg,"https://vanducheval.com/wp-content/uploads/2022/02/261256_1603352407.jpg, https://vanducheval.com/wp-content/uploads/2022/02/261256_1603352413-1.jpg, https://vanducheval.com/wp-content/uploads/2022/02/261256_1603352415.jpg, https://vanducheval.com/wp-content/uploads/2022/02/406129_1520850177-300x300.jpg, https://vanducheval.com/wp-content/uploads/2022/02/406129_1520850059-300x300.jpg, https://vanducheval.com/wp-content/uploads/2022/02/662779_1625661307_3711-300x300.jpg, https://vanducheval.com/wp-content/uploads/2022/02/662779_1625661307_3711-1-300x300.jpg, https://vanducheval.com/wp-content/uploads/2022/02/524968_1567687462_925-300x300.jpg, https://vanducheval.com/wp-content/uploads/2022/02/524968_1567687457_7514-300x300.jpg, https://vanducheval.com/wp-content/uploads/2022/02/655838_1622328676_1716-300x300.jpg",in_stock,8590.00 EUR,,used,VanDuCheval,V100-023,,yes,936,Van équestre,Noir,,Aluminium,,,"Garantie: 24 mois, Marque: Cheval Liberté, Modèle: TOURING PONT AVANT, Année:2021, Première main: Non, Etat:Neuf, Capacité:2 Chevaux, Permis spécifique: Non, Marque: Humbaur, Année: 2020"
v100-024,,PROMO TOURING COUNTRY,van gold touring 2 places chevaux PROMO Pont avant et arrière Vitres latérales Espace chevaux moletonné au niveau des flancs Bas de séparation souple. Chassis équipé de la suspension Pullman 2 Plancher aluminium garanti 5 ans Parois latérales Aluminium Volets grandes dimensions avec baies coulissantes Séparation de tête,https://vanducheval.com/produit/promo-touring-country/,https://vanducheval.com/wp-content/uploads/2022/02/618509_1606321365_1747.jpg,"https://vanducheval.com/wp-content/uploads/2022/02/618509_1606321355_1556.jpg, https://vanducheval.com/wp-content/uploads/2022/02/618509_1606321360_8377.jpg, https://vanducheval.com/wp-content/uploads/2022/02/618509_1606321365_1747-1.jpg, https://vanducheval.com/wp-content/uploads/2022/02/618509_1606321371_6028.jpg, https://vanducheval.com/wp-content/uploads/2022/02/618509_1606321378_9979.jpg, https://vanducheval.com/wp-content/uploads/2022/02/618509_1606321435_068.jpg, https://vanducheval.com/wp-content/uploads/2022/02/558052_1579765553_0271-300x300.jpg, https://vanducheval.com/wp-content/uploads/2022/02/558052_1579765553_0271-1-300x300.jpg, https://vanducheval.com/wp-content/uploads/2022/02/659230_1623924406_4908-300x300.jpg, https://vanducheval.com/wp-content/uploads/2022/02/659230_1623924406_4908-1-300x300.jpg",in_stock,6558.00 EUR,,used,VanDuCheval,V100-024,,yes,936,Van équestre,,,Aluminium,,,"Garantie: 24 mois, Marque: Cheval Liberté, Modèle: TOURING COUNTRY, Année: 2021, Première main: Oui, Etat: Neuf, Capacité: 2 Chevaux, Poids à vide: 750, Pont Avant, Arrière., Chevaux voyagent: Tête avant"
v100-025,,VAN CHEVAL LIBERTE GOLD FIRST,"VAN CHEVAL LIBERTE GOLD FIRST 2 PLACES • Toit Polyester renforcé • Panneaux latéraux multiplis 18 mm • Châssis en métal galvanisé équipé de 2 essieux • Plancher multiplis 21 mm avec tapis collé et jointé • Roue jockey automatique • Pont porte arrière • Bâche arrière ventilée • Séparation centrale amovible • Longueur extérieure : 4,47 m • Largeur extérieure : 2,14 m • Hauteur extérieure : 2,72 m • Longueur intérieure : 3,15 m • Largeur intérieure : 1,67 m • Hauteur intérieure : 2,30 m • Poids à vide tout équipé : 795 kg • Roues : 185/70R13 5T112 • PTAC au choix 1100 à 2000 kg • Coloris : Blanc et gris anthracite Options (tous nos prix sont TTC) : Pack Confort : 300 € : Eclairage intérieur, coussins latéraux, protections latérales métalliques, lanterneau, hublots latéraux ouvrants avec grille de protection, barres de poitrails réglables en hauteur Pack Premium : 1000 € : Pack confort + Plancher aluminium + Garantie 5 ans Compartiment sellerie (SELLERIE) : 590 € Hayon polyester (CZ000389) : 450 € Lanterneau (CZ000093) : 120 € Sur tapis caoutchouc 1,25 x 1,65 m (CZ000033) : 160 € Roue de secours (CZ000654) : 220 € Grille poulain (CZ000791) : 369 € Séparation de tête (grille métal) (CZ000097) : 90 € Barre d’attache inox sup. (BARREINOX) : 290 € Barre suitée (CZ000415) : 150 € Barre d’éloignement (BARREELOIGNEMENT) : 420 € Caméra WIFI (CAMERA) : 220 € Antivol coiffant (0679) : 47 €",https://vanducheval.com/produit/van-cheval-liberte-gold-first/,https://vanducheval.com/wp-content/uploads/2022/02/298811_1603351480.jpg,"https://vanducheval.com/wp-content/uploads/2022/02/298811_1603351480-1.jpg, https://vanducheval.com/wp-content/uploads/2022/02/298811_1603351489.jpg, https://vanducheval.com/wp-content/uploads/2022/02/298811_1603351496.jpg, https://vanducheval.com/wp-content/uploads/2022/02/298811_1603351509.jpg, https://vanducheval.com/wp-content/uploads/2022/02/298811_1603351511.jpg, https://vanducheval.com/wp-content/uploads/2022/02/298811_1603351513.jpg, https://vanducheval.com/wp-content/uploads/2022/02/657060_1622835144_2092-300x300.jpg, https://vanducheval.com/wp-content/uploads/2022/02/657060_1622835144_2092-1-300x300.jpg, https://vanducheval.com/wp-content/uploads/2022/02/661417_1625039400_9714-300x300.jpg, https://vanducheval.com/wp-content/uploads/2022/02/661417_1625039400_9714-1-300x300.jpg",in_stock,4990.00 EUR,6.70 EUR,used,VanDuCheval,V100-025,,yes,936,Van équestre,Blanc,,Aluminium,,,"Garantie: 24 mois, Marque:Cheval Liberté, Modèle: GOLD FIRST, Année: 2021, Première main: Non, Etat: Neuf, Capacité: 2 Chevaux, Permis spécifique: Oui, Marque: Fautras, Modèle: Oblic"
v100-026,,Van Cheval Liberté Gold 2 - 2 Places,"VAN GOLD 2 CHEVAL LIBERTE 2 places – Grand Volume Variantes possibles (tous nos prix sont TTC) : – Gold 2 base (sans pare botte, coussin, RS) : 6 590 € – Gold 2 + équipement confort (parois et plancher alu) : 7 390 € – Gold 2 + sellerie (parois et plancher alu) : : 7 980 € Descriptif technique : • Plus léger, plus aérodynamique et parfaitement équilibré, le Gold 2 possède une tenue de route irréprochable • Design moderne, lignes fluides et grand volume int. • Toit et partie avant monocoque polyester renforcé • Suspension Pullman 2 • Assemblage robuste • Châssis en métal galvanisé • Plancher et parois aluminium • Pont/porte arrière et bâche à enrouleur automatique • Longueur extérieure : 4,47 m • Largeur extérieure : 2,15 m • Hauteur extérieure : 2,75 m • Longueur intérieure : 3,15 m • Largeur intérieure : 1,67 m • Hauteur intérieure : 2,30 m • Poids à vide tout équipé : 780 kg • PTAC : au choix 1100 à 2000 kg – 2600 kg* (*en option) • Roues 185/70R13 • Roues 165R13C (si PTAC 2600 kg) • 5 Coloris disponibles : Toit + avant Options (tous nos prix sont TTC) : Compartiment sellerie (SELLERIE) : 590 € Augmentation PTAC 2600 kg (PTAC2600) : 350 € Hayon polyester (CZ000389) : 450 € Jantes alu (PTAC max. 2500 kg) (JANTES14X4) : 690 € Sur tapis caoutchouc 1,25 x 1,65 m (CZ000033) : 160 € Séparation de tête (grille métal) (CZ000097) : 90 € Lanterneau (CZ000093) : 120 € Barre d’attache inox sup. (BARREINOX) : 290 € Barre suitée (CZ000415) : 150 € Barre d’éloignement (BARREELOIGNEMENT) : 420 € Roue de secours (CZ000654) 220 € Caméra WIFI (CAMERA) : 220 € Antivol coiffant (0679) : 47 €",https://vanducheval.com/produit/van-cheval-liberte-gold-2-2-places/,https://vanducheval.com/wp-content/uploads/2022/02/261257_1603352121.jpg,"https://vanducheval.com/wp-content/uploads/2022/02/261257_1603352109.jpg, https://vanducheval.com/wp-content/uploads/2022/02/261257_1603352114.jpg, https://vanducheval.com/wp-content/uploads/2022/02/261257_1603352120.jpg, https://vanducheval.com/wp-content/uploads/2022/02/261257_1603352121-1.jpg, https://vanducheval.com/wp-content/uploads/2022/02/261257_1603352132.jpg, https://vanducheval.com/wp-content/uploads/2022/02/261257_1603352133.jpg, https://vanducheval.com/wp-content/uploads/2022/02/261257_1603352142.jpg, https://vanducheval.com/wp-content/uploads/2022/02/261257_1603352148.jpg, https://vanducheval.com/wp-content/uploads/2022/02/261257_1603352149.jpg, https://vanducheval.com/wp-content/uploads/2022/02/261257_1603352152.jpg",in_stock,6590.00 EUR,6.70 EUR,used,VanDuCheval,V100-026,,yes,936,Van équestre,Or,,Aluminium,,,"Garantie: 24 mois, Marque: Cheval Liberté, Modèle: GOLD 2, Année: 2021, Première main: Non, Etat: Neuf, Capacité: 2 Chevaux, Permis spécifique: Oui, Marque: Fautras, Modèle: OBLIC 2"
v100-028,,Van BOCKMANN UNO C LUXE + SELLERIE 1.5 places,VAN BOCKMANN UNO Pack luxe (1place et demi) NEUF ** EN STOCK** •Châssis en acier galvanisé à chaud en construction à longerons •Châssis surbaissé CFFplus (châssis à amortisseurs de roue) •Roues automobiles en 14 pouces •Renforts arrières avec grilles •Roue jockey automatique •Roue de secours •Anti-vol d’attelage •Pack luxe : Plancher aluminium + Pare bottes composite + Capitonnages latéraux •Toit polyester avec fenêtres •Bâche arrière automatique avec moustiquaire intégrée •Dispositif de levage du pont avec amortisseurs à gaz •Barre de poitrail et de recul « antipanique » •Lumière intérieur (Blanche et Bleu) •Pont arrière avec revêtement caoutchouc à lattes moulées et arrêtoirs •Caoutchouc de plancher collé et jointé •Verrouillage de porte à 3 points Options sur ce van en stock : • Sellerie équipé avec Fermeture à clés • Toit polyester gris clair Métallisée • Roue de secours + Housse • Pack luxe : Plancher aluminium + Pare bottes composite + Capitonnages latéraux • PTAC possible de 1100 à 1600 kg,https://vanducheval.com/produit/van-bockmann-uno-c-luxe-sellerie-1-5-places/,https://vanducheval.com/wp-content/uploads/2022/02/593944_1595438880_3768.jpg,"https://vanducheval.com/wp-content/uploads/2022/02/593944_1595438880_3768-1.jpg, https://vanducheval.com/wp-content/uploads/2022/02/593944_1595438884_1534.jpg, https://vanducheval.com/wp-content/uploads/2022/02/593944_1595438894_7292.jpg, https://vanducheval.com/wp-content/uploads/2022/02/593944_1595438943_675.jpg, https://vanducheval.com/wp-content/uploads/2022/02/406129_1520850177-300x300.jpg, https://vanducheval.com/wp-content/uploads/2022/02/406129_1520850059-300x300.jpg, https://vanducheval.com/wp-content/uploads/2022/02/667555_1628004354_0342-300x300.jpg, https://vanducheval.com/wp-content/uploads/2022/02/664835_1626692783_2196-300x300.jpg, https://vanducheval.com/wp-content/uploads/2022/02/664835_1626692736_7926-300x300.jpg, https://vanducheval.com/wp-content/uploads/2022/02/261256_1603352413-300x300.jpg",in_stock,8490.00 EUR,,used,Böckmann,V100-028,,yes,936,Van équestre,Blanc,,Acier,,,"Marque: Bockmann, Modèle: UNO Luxe, Année: 2021, Première main: Oui, Etat: Neuf, Capacité:1,5 Chevaux, Pont Arrière., Chevaux voyagent:Tête avant, Permis spécifique: Oui, Garantie: 24 mois"
v100-029,,VAN 2 PLACES GOLD FIRST PACK PREMIUM,Van Gold first Cheval Liberté Planché Aluminium 2 places chevaux tête en avant. Pont arrière fermé d’une bache. Espace chevaux moletonné au niveau des flancs. Séparation de tête grillagée. Séparation centrale souple.,https://vanducheval.com/produit/van-2-places-gold-first-pack-premium/,https://vanducheval.com/wp-content/uploads/2022/02/618507_1606320933_4942.jpg,"https://vanducheval.com/wp-content/uploads/2022/02/618507_1606320933_4942-1.jpg, https://vanducheval.com/wp-content/uploads/2022/02/618507_1606320937_3358.jpg, https://vanducheval.com/wp-content/uploads/2022/02/618507_1606320939_8176.jpg, https://vanducheval.com/wp-content/uploads/2022/02/618507_1606320942_25.jpg, https://vanducheval.com/wp-content/uploads/2022/02/666015_1627236238_1858-300x300.jpg, https://vanducheval.com/wp-content/uploads/2022/02/666015_1627236147_6505-300x300.jpg, https://vanducheval.com/wp-content/uploads/2022/02/657479_1623070739_6044-300x300.jpg, https://vanducheval.com/wp-content/uploads/2022/02/657479_1623070739_6044-1-300x300.jpg, https://vanducheval.com/wp-content/uploads/2022/02/665649_1627044980_3325-300x300.jpg, https://vanducheval.com/wp-content/uploads/2022/02/665649_1627044980_3325-1-300x300.jpg",in_stock,5490.00 EUR,6.70 EUR,used,VanDuCheval,V100-029,,yes,936,Van équestre,,,Aluminium,,,"Garantie: 24 mois, Marque:Cheval Liberté, Modèle:GOLD FIRST, Année: 2021, Première main: Oui, Etat:Neuf, Capacité: 2 Chevaux, Poids à vide: 750 Kilogrammes, Pont Arrière., Chevaux voyagent:Tête avant"
v100-030,,VAN CHEVAL LIBERTE GOLD 3,"Equipement de série : – Toit et partie avant monocoque polyester renforcé – Suspension Pullman 2 – Assemblage robuste – Châssis en métal galvanisé – Plancher et parois aluminium – Pont/porte arrière et bâche à enrouleur automatique – Train roulant avec grandes roues 14” – Grande porte cavalier – 4 baies coulissantes en verre sécurit avec déflecteur à l’avant – Roue jockey automatique avec poignée de manoeuvre – Longueur extérieure : 4,43 m – Largeur extérieure : 2,11 m – Hauteur extérieure : 2,63 m – Longueur intérieure : 3,40 m – Largeur intérieure : 1,67 m – Hauteur intérieure : 2,30 m – Poids à vide tout équipé : 825 kg – Roues : 185/65R14 – PTAC : au choix 1400 à 2600 kg – Coloris au choix : blanc, gris silver, gris anthracite, noir, bordeaux Options supplémentaires (tous nos prix sont TTC) : – Hayon blanc arrière (CZ000776) : 550 € – Séparation de tête, grille métal (CZ000097) : 90 € – Barre d’attache inox sup. (BARREINOX) : 290 € – Barre d’éloignement (BARREELOIGNEMENT) : 420 € – Jantes Alu (max. 2500 kg) (JANTESALU14X4) : 690 € – Roue de secours 185/65R14 (CZ000658) : 300 € – Sur tapis caoutchouc 1,25 x 1,65 m (CZ000033) : 160 € – Caméra WIFI (CAMERA) : 220 € – Antivol coiffant : 47 €",https://vanducheval.com/produit/van-cheval-liberte-gold-3-3/,https://vanducheval.com/wp-content/uploads/2022/02/462918_1569336910.jpg,"https://vanducheval.com/wp-content/uploads/2022/02/462918_1544456248_6426.jpg, https://vanducheval.com/wp-content/uploads/2022/02/462918_1544456299_0683.jpg, https://vanducheval.com/wp-content/uploads/2022/02/462918_1544456373_5828.jpg, https://vanducheval.com/wp-content/uploads/2022/02/462918_1569336840.jpg, https://vanducheval.com/wp-content/uploads/2022/02/462918_1569336910-1.jpg, https://vanducheval.com/wp-content/uploads/2022/02/462918_1569336929.jpg, https://vanducheval.com/wp-content/uploads/2022/02/462918_1569337028.jpg, https://vanducheval.com/wp-content/uploads/2022/02/462918_1569337080.jpg, https://vanducheval.com/wp-content/uploads/2022/02/462918_1569337138.jpg, https://vanducheval.com/wp-content/uploads/2022/02/462918_1569337164.jpg",in_stock,5200.00 EUR,,used,VanDuCheval,V100-030,,yes,936,Van équestre,Noir,,Aluminium,,,"Marque:Cheval Liberté, Modèle:GOLD 3, Année:2021, Première main: Non, Etat:Neuf, Capacité:2 Chevaux, Permis spécifique: Oui, Garantie: 12 mois, Marque: Ifor Williams, Modèle: HBX 506"
v100-031,,Van CHEVAL LIBERTE 4 places OPTIMAX,"Van CHEVAL LIBERTÉ OPTIMAX 4 PLACES CHARGEMENT DIAGONAL • Toit et déflecteur en polyester renforcé • Parois latérales et plancher aluminium garantie 5 ans • Châssis surbaissé • Faible garde au sol pour une tenue de route optimale • Suspension Pullman 2 • Volume intérieur exceptionnel • Equipement pléthorique (confort, sécurité, ventilation) • Aménagement intérieur totalement modulable : séparations coulissantes avec bavettes en PVC • Niche de rangement • Large pont avant 1,40 m • Large volet latéral équipé de 4 fenêtres • Vaste sellerie équipée avec porte-selles, porte-filets, miroir et accessoires pour tout ranger et se changer au sec • Pont porte arrière • Bât-flancs télescopiques et baie estivale • Poids à vide : 1510 kg • PTAC : de 2700 à 3500 kg • Longueur extérieure : 6,09 m • Largeur extérieure : 2,30 m • Hauteur extérieure : 2,81 m • Longueur intérieure : 4,90 m • Largeur intérieure : 2,07 m • Hauteur intérieure : 2,30 m • Coloris : Blanc / gris silver / gris anthracite / noir / rouge Options : Porte couverture (CZ000047) : 319 € 2 lanterneaux sur toit (CZ000093 X 2) : 240 € 2e barre d’attache latérale en inox (CZ000436) : 319 € Hayon blanc arrière (au lieu de la bâche) (CZ000518) : 500 € Double portes battantes (en lieu et place du pont porte) (2PORTESVANS) : 590 € 2 fenêtres 400 x 300 sur portes ar. (CZ000523 X 2) : 319 € Séparation suppl. cataforèse (CZ000136) : 960 € Barre suitée (CZ000415) : 150 € Barre d’éloignement (BARREELOIGNEMENT) : 420 € 4 sur tapis caoutchouc 1 x 2 m (CZ000032) : 640 € Caméra WIFI (CAMERA) : 220 € Antivol de tête (6775) : 47 €",https://vanducheval.com/produit/van-cheval-liberte-4-places-optimax/,https://vanducheval.com/wp-content/uploads/2022/02/317765_1603351035.jpg,"https://vanducheval.com/wp-content/uploads/2022/02/317765_1603351035-1.jpg, https://vanducheval.com/wp-content/uploads/2022/02/317765_1603351039.jpg, https://vanducheval.com/wp-content/uploads/2022/02/317765_1603351045.jpg, https://vanducheval.com/wp-content/uploads/2022/02/317765_1603351049.jpg, https://vanducheval.com/wp-content/uploads/2022/02/317765_1603351058.jpg, https://vanducheval.com/wp-content/uploads/2022/02/317765_1603351063.jpg, https://vanducheval.com/wp-content/uploads/2022/02/317765_1603351064.jpg, https://vanducheval.com/wp-content/uploads/2022/02/317765_1603351066.jpg, https://vanducheval.com/wp-content/uploads/2022/02/317765_1603351069.jpg, https://vanducheval.com/wp-content/uploads/2022/02/666005_1627234431_3778-300x300.jpg",in_stock,17900.00 EUR,12.70 EUR,used,VanDuCheval,V100-031,,yes,936,Van équestre,Noir,,Aluminium,,,"Marque:Cheval Liberté, Modèle:optimax, Année:2021, Première main: Non, Etat:Neuf, Capacité:4 Chevaux, Permis spécifique: Oui, Marque: Cheval Liberté, Modèle: OPTIMAX, Année: 2019"
v100-032,,VAN CHEVAL LIBERTE MINIMAX,"3 places – Chargement Diagonal • Chargement et transport diagonal avec grandes ouvertures pour assurer un maximum de sécurité aux 3 chevaux transportés • Toit et déflecteur avant en polyester renforcé • Suspension Pullman 2 • Volume intérieur exceptionnel • Aménagement intérieur totalement modulable • Séparations coulissantes avec bavettes en PVC • Parois latérales et plancher aluminium • Pont/porte avant de 1 m de large • Pont/porte arrière • Baie estivale ouvrante avec 2 fenêtres • Volet avec fenêtre au-dessus du pont • Vaste sellerie équipée avec porte-selles, porte-filets, miroir et accessoires pour tout ranger et se changer au sec • Roue de secours • Disponible en plusieurs coloris : Blanc / silver / gris anthracite / rouge / noir • Longueur extérieure : 5,24 m • Largeur extérieure : 2,30 m • Hauteur extérieure : 2,63 m • Longueur intérieure : 4,00 m • Largeur intérieure : 2,07 m • Hauteur intérieure : 2,25 m • Poids à vide tout équipé : 1280 kg • Roues : 185R14C • PTAC : au choix 1600 à 3000 kg Options : Porte couverture (CZ00047) : 319 € 2 lanterneaux sur toit (CZ000093 X 2) : 240 € 2ème barre d’attache latérale en inox (BARREINOX) : 290 € Hayon blanc arrière (au lieu de bâche) (CZ000518) : 500 € Double portes battantes (au lieu du pont porte) (2PORTESVANS) : 590 € 2 fenêtres 400 x 300 sur portes AR (CZ000523 X 2) : 319 € Séparation suppl. télescopique cataforèse (CZ000136) : 960 € Barre d’éloignement (BARREELOIGNEMENT) : 420 € 3 sur tapis caoutchouc 1 x 2 m (CZ000032) : 480 € Caméra WIFI (CAMERA) : 220 € Antivol de tête (6775) : 47 €",https://vanducheval.com/produit/van-cheval-liberte-minimax/,https://vanducheval.com/wp-content/uploads/2022/02/261255_1455726725.jpg,"https://vanducheval.com/wp-content/uploads/2022/02/261255_1455726725-1.jpg, https://vanducheval.com/wp-content/uploads/2022/02/261255_1455726753.jpg, https://vanducheval.com/wp-content/uploads/2022/02/261255_1455726769.jpg, https://vanducheval.com/wp-content/uploads/2022/02/261255_1455726788.jpg, https://vanducheval.com/wp-content/uploads/2022/02/261255_1455727030.jpg, https://vanducheval.com/wp-content/uploads/2022/02/261255_1455727038.jpg, https://vanducheval.com/wp-content/uploads/2022/02/261255_1455727043.jpg, https://vanducheval.com/wp-content/uploads/2022/02/261255_1455727048.jpg, https://vanducheval.com/wp-content/uploads/2022/02/261255_1455727052.jpg, https://vanducheval.com/wp-content/uploads/2022/02/261255_1455727056.jpg",in_stock,16900.00 EUR,6.22 EUR,used,VanDuCheval,V100-032,,yes,936,Van équestre,Noir,,Aluminium,,,"Garantie: 24 mois, Marque: Cheval Liberté, Modèle: minimax, Année: 2021, Première main: Non, Etat: Neuf, Capacité: 3 Chevaux, Permis spécifique: Oui, Garantie: 60 mois, Modèle: Optimax 4"
v100-033,,VAN CHEVAL LIBERTE GOLD ONE,"VAN GOLD ONE CHEVAL LIBERTE 1 1/2 places – Sans Permis EB Descriptif technique : • Avec 1,40 m de largeur int., jument et poulain voyageront en toute sécurité • Concept aérodynamique • Design moderne et aérodynamique • Lignes fluides et grand volume intérieur • Suspension Pullman 2 • Toit polyester et parois aluminium • Assemblage robuste • Châssis en métal galvanisé • Panneaux Aluminium • Pont porte arrière et bâche à enrouleur automatique • Roue de secours • Longueur extérieure : 4,52 m • Largeur extérieure : 1,83 m • Hauteur extérieure : 2,62 m • Longueur intérieure : 3,15 m • Largeur intérieure : 1,40 m • Hauteur intérieure : 2,30 m • Poids à vide tout équipé : 690 kg • PTAC : au choix 1100 à 1600 kg • Roues : 165/70R13 5T112 • 5 Coloris disponibles : Toit + avant : blanc / gris silver / gris anthracite / rouge / noir Options (tous nos prix sont TTC) : Compartiment sellerie (SELLERIE) : 590 € Lanterneau (CZ000093) : 120 € Jantes alu (PTAC max. 2500kg) (JANTESALU14X4) : 690 € Sur tapis caoutchouc 1,25 x 1,65 m (CZ000033) : 160 € Barre d’attache inox sup. (BARREINOX) : 290 € Barre suitée (CZ000417) : 180 € Barre d’éloignement (BARREELOIGNEMENT) : 420 € Caméra WIFI (CAMERA) : 220 € Antivol coiffant (0679) : 47 €",https://vanducheval.com/produit/van-cheval-liberte-gold-one/,https://vanducheval.com/wp-content/uploads/2022/02/225806_1435678052.jpg,"https://vanducheval.com/wp-content/uploads/2022/02/225806_1435678052-1.jpg, https://vanducheval.com/wp-content/uploads/2022/02/225806_1435678075.jpg, https://vanducheval.com/wp-content/uploads/2022/02/225806_1435678092.jpg, https://vanducheval.com/wp-content/uploads/2022/02/225806_1435678109.jpg, https://vanducheval.com/wp-content/uploads/2022/02/225806_1435678129.jpg, https://vanducheval.com/wp-content/uploads/2022/02/225806_1435678174.jpg, https://vanducheval.com/wp-content/uploads/2022/02/225806_1435678217.jpg, https://vanducheval.com/wp-content/uploads/2022/02/652748_1620934711_6012-300x300.jpg, https://vanducheval.com/wp-content/uploads/2022/02/666055_1627278321_1692-2-300x300.jpg, https://vanducheval.com/wp-content/uploads/2022/02/666055_1627278321_1692-3-300x300.jpg",in_stock,6890.00 EUR,3.10 EUR,used,VanDuCheval,V100-033,,yes,936,Van équestre,Noir,,Aluminium,,,"Garantie: 24 mois, Marque: Cheval Liberté, Modèle: GOLD ONE, Année: 2021, Première main: Non, Etat:Neuf, Capacité: 1,5 Chevaux, Permis spécifique: Non, Marque– Autre marque –, Année: 2009"
v100-034,,VAN HIPPOMOBILE CHEVAL LIBERTE PORTE CALECHE,"VAN CHEVAL LIBERTE HIPPOMOBILE 2 PLACES GRAND VOLUME PORTE CALECHE Descriptif technique : • Toit Polyester renforcé avec lanterneau de toit • Suspension Pullman 2 • Plancher aluminium • Tapis caoutchouc 8 mm collé • Châssis en métal galvanisé • Pont/porte arrière et bâche à enrouleur • Plateforme calèche en métal galvanisé avec système d’accroche et barres de blocage avec rampes de chargement : 150 x 180 cm • Coussins latéraux • Roue de secours • Longueur extérieure : 5,95 m • Largeur extérieure : 2,15 m • Hauteur extérieure : 2,75 m • Longueur intérieure : 3,15 m • Largeur intérieure : 1,67 m • Hauteur intérieure : 2,30 m • Poids à vide : 915 kg • PTAC possibles : 1600 à 2600 kg • Roues : 185/70R13 5T112 Options (tous nos prix sont TTC) : – Compartiment sellerie (SELLERIE) : 590 € – Séparation de tête (grille métal) (CZ000097) : 90 € – Sur-tapis caoutchouc 1,25 x 1,65 m (CZ000033) : 160 € – Barre d’attache inox sup. (BARREINOX) : 290 € – Barre suitée, l’unité (CZ000415) : 150 € – Barre d’éloignement (BARREELOIGNEMENT) : 420 € – Caméra WIFI (CAMERA) : 220 € – Antivol de tête (6775) : 47 €",https://vanducheval.com/produit/van-hippomobile-cheval-liberte-porte-caleche/,https://vanducheval.com/wp-content/uploads/2022/02/335157_1492181980.jpg,"https://vanducheval.com/wp-content/uploads/2022/02/335157_1492181980-1.jpg, https://vanducheval.com/wp-content/uploads/2022/02/335157_1492181984.jpg, https://vanducheval.com/wp-content/uploads/2022/02/335157_1492181989.jpg, https://vanducheval.com/wp-content/uploads/2022/02/335157_1492181994.jpg, https://vanducheval.com/wp-content/uploads/2022/02/335157_1492181997.jpg, https://vanducheval.com/wp-content/uploads/2022/02/335157_1492182001.jpg, https://vanducheval.com/wp-content/uploads/2022/02/335157_1492182032.jpg, https://vanducheval.com/wp-content/uploads/2022/02/335157_1492182095.jpg, https://vanducheval.com/wp-content/uploads/2022/02/549171_1612542927-300x300.jpg, https://vanducheval.com/wp-content/uploads/2022/02/549171_1612542921-300x300.jpg",in_stock,7490.00 EUR,6.70 EUR,used,VanDuCheval,V100-034,,yes,936,Van équestre,Or,,Aluminium,,,"Garantie: 24 mois, Marque:Cheval Liberté, Modèle:HIPPOMOBILE, Année: 2021, Première main: Non, Etat:Neuf, Capacité: 2 Chevaux, Permis spécifique: Oui, Marque: Bockmann, Modèle: DUO Esprit Silver+Black Sellerie"
v100-035,,IFOR WILLIAMS,"Marque:Ifor Williams Année:2015 Etat:Occasion Capacité:2 Chevaux Pont Avant, Arrière. Permis spécifique: Oui",https://vanducheval.com/produit/ifor-williams/,https://vanducheval.com/wp-content/uploads/2022/02/667661_1628067425_8023.jpg,"https://vanducheval.com/wp-content/uploads/2022/02/667661_1628067425_8023-1.jpg, https://vanducheval.com/wp-content/uploads/2022/02/667661_1628067428_6174.jpg, https://vanducheval.com/wp-content/uploads/2022/02/667661_1628067431_731.jpg, https://vanducheval.com/wp-content/uploads/2022/02/667661_1628067436_3838-1.jpg, https://vanducheval.com/wp-content/uploads/2022/02/667661_1628067436_3838.jpg, https://vanducheval.com/wp-content/uploads/2022/02/667661_1628067480_3379.jpg, https://vanducheval.com/wp-content/uploads/2022/02/667661_1628067495_3145.jpg, https://vanducheval.com/wp-content/uploads/2022/02/657479_1623070739_6044-300x300.jpg, https://vanducheval.com/wp-content/uploads/2022/02/657479_1623070739_6044-1-300x300.jpg, https://vanducheval.com/wp-content/uploads/2022/02/667661_1628067425_8023-2-300x300.jpg",in_stock,6500.00 EUR,6.22 EUR,used,VanDuCheval,V100-035,,yes,936,Van équestre,Gris,,Aluminium,,,"Marque:Ifor Williams, Année:2015, Etat:Occasion, Capacité:2 Chevaux, Pont Avant, Arrière., Permis spécifique: Oui, Marque: Ifor Williams, Année: 2007, Première main: Non, Etat: Occasion"
v100-036,,Van Maxi 4,"Van Cheval Liberté 4 places en transport oblique. Volume intérieur exceptionnel. Espace sellerie complet de série. Aménagement intérieur totalement modulable avec séparation aluminium-inox sur rails coulissants. Suspension Pullman 2 avec garde au sol abaissée de 10 cm. Toit polyester renforcé. Panneaux latéraux en planches aluminium anodisées. Large volet d’ouverture latérale. Pont avant. Plancher aluminium. Equipement pléthorique (Confort, sécurité, ventilation). Double porte arrière avec fermeture à crémone.",https://vanducheval.com/produit/van-maxi-4/,https://vanducheval.com/wp-content/uploads/2022/02/238643_1442320996.jpg,"https://vanducheval.com/wp-content/uploads/2022/02/238643_1442320982.jpg, https://vanducheval.com/wp-content/uploads/2022/02/238643_1442320987.jpg, https://vanducheval.com/wp-content/uploads/2022/02/238643_1442320990.jpg, https://vanducheval.com/wp-content/uploads/2022/02/238643_1442320996-1.jpg, https://vanducheval.com/wp-content/uploads/2022/02/238643_1442321004.jpg, https://vanducheval.com/wp-content/uploads/2022/02/238643_1442321010.jpg, https://vanducheval.com/wp-content/uploads/2022/02/665157_1626853516_2136-300x300.jpg, https://vanducheval.com/wp-content/uploads/2022/02/665157_1626853516_2136-1-300x300.jpg, https://vanducheval.com/wp-content/uploads/2022/02/662181_1625419928_574-300x300.jpg, https://vanducheval.com/wp-content/uploads/2022/02/662181_1625419928_574-1-300x300.jpg",in_stock,17900.00 EUR,5.60 EUR,used,VanDuCheval,V100-036,,yes,936,Van équestre,Vert,,Aluminium,,,"Marque: Cheval Liberté, Modèle: Optimax, Année: 2020, Première main: Oui, Etat: Neuf, Capacité: 4 Chevaux, Pont Avant, Arrière., Chevaux voyagent: De biais, Permis spécifique: Oui, Marque: Fautras"
v100-037,,Van Cheval Liberté Gold 2,"VAN GOLD 2 CHEVAL LIBERTE 2 places – Grand Volume Variantes possibles (tous nos prix sont TTC) : – Gold 2 base (sans pare botte, coussin, RS) : 6 590 € – Gold 2 + équipement confort (parois et plancher alu) : 7 390 € – Gold 2 + sellerie (parois et plancher alu) : : 7 980 € Descriptif technique : • Plus léger, plus aérodynamique et parfaitement équilibré, le Gold 2 possède une tenue de route irréprochable • Design moderne, lignes fluides et grand volume int. • Toit et partie avant monocoque polyester renforcé • Suspension Pullman 2 • Assemblage robuste • Châssis en métal galvanisé • Plancher et parois aluminium • Pont/porte arrière et bâche à enrouleur automatique • Longueur extérieure : 4,47 m • Largeur extérieure : 2,15 m • Hauteur extérieure : 2,75 m • Longueur intérieure : 3,15 m • Largeur intérieure : 1,67 m • Hauteur intérieure : 2,30 m • Poids à vide tout équipé : 780 kg • PTAC : au choix 1100 à 2000 kg – 2600 kg* (*en option) • Roues 185/70R13 • Roues 165R13C (si PTAC 2600 kg) • 5 Coloris disponibles : Toit + avant Options (tous nos prix sont TTC) : Compartiment sellerie (SELLERIE) : 590 € Augmentation PTAC 2600 kg (PTAC2600) : 350 € Hayon polyester (CZ000389) : 450 € Jantes alu (PTAC max. 2500 kg) (JANTES14X4) : 690 € Sur tapis caoutchouc 1,25 x 1,65 m (CZ000033) : 160 € Séparation de tête (grille métal) (CZ000097) : 90 € Lanterneau (CZ000093) : 120 € Barre d’attache inox sup. (BARREINOX) : 290 € Barre suitée (CZ000415) : 150 € Barre d’éloignement (BARREELOIGNEMENT) : 420 € Roue de secours (CZ000654) 220 € Caméra WIFI (CAMERA) : 220 € Antivol coiffant (0679) : 47 €",https://vanducheval.com/produit/van-cheval-liberte-gold-2/,https://vanducheval.com/wp-content/uploads/2022/02/335152_1603350831.jpg,"https://vanducheval.com/wp-content/uploads/2022/02/335152_1603350821.jpg, https://vanducheval.com/wp-content/uploads/2022/02/335152_1603350831-1.jpg, https://vanducheval.com/wp-content/uploads/2022/02/335152_1603350839.jpg, https://vanducheval.com/wp-content/uploads/2022/02/335152_1603350843.jpg, https://vanducheval.com/wp-content/uploads/2022/02/335152_1603350848.jpg, https://vanducheval.com/wp-content/uploads/2022/02/335152_1603350857.jpg, https://vanducheval.com/wp-content/uploads/2022/02/335152_1603350859.jpg, https://vanducheval.com/wp-content/uploads/2022/02/335152_1603350867.jpg, https://vanducheval.com/wp-content/uploads/2022/02/335152_1603350871.jpg, https://vanducheval.com/wp-content/uploads/2022/02/335152_1603350874.jpg",in_stock,8000.00 EUR,5600.00 EUR,used,VanDuCheval,V100-037,,yes,936,Van équestre,Or,,Aluminium,,,"Garantie: 24 mois, Marque: Cheval Liberté, Modèle: gold 2, Année: 2021, Première main: Non, Etat: Neuf, Capacité: 2 Chevaux, Permis spécifique: Oui, Marque: Westfalia, Modèle: Saumur"
v100-038,,Van Saint Georges IMARA,"• Van 2 places tout polyester • 2 portes arrière • Coloris : BLANC • Séparation souple permettant au chevaux de s’équilibrer • Matelassures latérales confortables • Suspensions indépendantes à barres de torsion • Barres de poitrail de Sécurité™ • Ouverture 2 portes avec Plancher Progressif™ pour un embarquement facilité • Facilité de traction : répartition des charges optimale, poids plume et forme aérodynamique • Volets à ouverture 3 positions • Structure en acier galvanisé à chaud avec Ceinture Monobloc™ (arceau de sécurité arrière entièrement soudé) • Plancher polyéthylène imputrescible : Garantie 5 ans • Carrosserie en polyester très résistance aux chocs • Poids à vide (équipement standard) : 770 kg • PTAC au choix : 1600 ou 2000 kg • Longueur intérieure : 3,05 m • Longueur extérieure : 4,27 m • Largueur intérieure : 1,63 m • Largueur extérieure : 2,20 m • Hauteur intérieure : 2,55 m • Hauteur extérieure : 2,65 m",https://vanducheval.com/produit/van-saint-georges-imara/,https://vanducheval.com/wp-content/uploads/2022/02/271493_1589623901.jpg,"https://vanducheval.com/wp-content/uploads/2022/02/271493_1589623898.jpg, https://vanducheval.com/wp-content/uploads/2022/02/271493_1589623901-1.jpg, https://vanducheval.com/wp-content/uploads/2022/02/271493_1589623905.jpg, https://vanducheval.com/wp-content/uploads/2022/02/271493_1599813993.jpg, https://vanducheval.com/wp-content/uploads/2022/02/642457_1617126019_1484-300x300.jpg, https://vanducheval.com/wp-content/uploads/2022/02/642457_1617126019_1484-1-300x300.jpg, https://vanducheval.com/wp-content/uploads/2022/02/617951_1606123031_9817-300x300.jpg, https://vanducheval.com/wp-content/uploads/2022/02/617951_1606122942_4367-300x300.jpg, https://vanducheval.com/wp-content/uploads/2022/02/665649_1627044980_3325-300x300.jpg, https://vanducheval.com/wp-content/uploads/2022/02/665649_1627044980_3325-1-300x300.jpg",in_stock,7880.00 EUR,5.60 EUR,used,Imara,V100-038,,yes,936,Van équestre,Blanc,,Acier,,,"Marque: St Georges, Modèle: IMARA, Couleur: Blanc, Année: 2021, Première main: Oui, Etat: Neuf, Capacité: 2 Chevaux, Poids à vide: 770 Kilogrammes, Chevaux voyagent: Tête avant, Permis spécifique: Oui"
v100-039,,CHEVAL LIBERTE – HIPPOMOBILE,"Le van conçu pour les passionnés d’attelage avec une conception classique et robuste. Existe en 2 versions : – Classic : panneaux latéraux multiplis 18mm : disponible en blanc ou gris, – Aluline* : parois aluminium : disponible en noir, gris foncé, gris clair, rouge et blanc, Caractéristiques du van Hippomobile : – Poids à vide : 915 kgs – PTAC : 1600 kgs 2600 kg – Dimensions totales : Haut : 2.75m – Larg : 2.15m – Long : 5.99m, – Dimensions utiles : Haut : 2.30m – Larg : 1.67m – Long : 3.05m Équipements du van Hippomobile : – Plateforme calèche en métal galvanisé avec système d’accroche et barre de blocage, – Rampe de chargement, – Plancher en aluminium garantie 5 ans, – Tapis caoutchouc 8mm collé, – Suspension Pullman 2, – Châssis en métal galvanisé, – Pont porte arrière, – Bâche respirante auto enrouleuse, – Roue jockey automatique, – Porte de visite verrouillable, – Cales de roues, – Aérateur de toit, – 3ème feu stop, – Miroir de courtoisie, – Éclairage intérieur.",https://vanducheval.com/produit/cheval-liberte-hippomobile/,https://vanducheval.com/wp-content/uploads/2022/02/625373_1609925651_9726.jpg,"https://vanducheval.com/wp-content/uploads/2022/02/625373_1609925651_9726-1.jpg, https://vanducheval.com/wp-content/uploads/2022/02/625373_1609925664_9509.jpg, https://vanducheval.com/wp-content/uploads/2022/02/625373_1609925701_2853.jpg, https://vanducheval.com/wp-content/uploads/2022/02/625373_1609925709_0139.jpg, https://vanducheval.com/wp-content/uploads/2022/02/625373_1609925712_0723.jpg, https://vanducheval.com/wp-content/uploads/2022/02/625373_1609925753_5044.jpg, https://vanducheval.com/wp-content/uploads/2022/02/625373_1609925764_4906.jpg, https://vanducheval.com/wp-content/uploads/2022/02/625373_1609925772_5284.jpg, https://vanducheval.com/wp-content/uploads/2022/02/625373_1609925775_0273.jpg, https://vanducheval.com/wp-content/uploads/2022/02/625373_1609925797_7768.jpg",in_stock,7075.00 EUR,,used,VanDuCheval,V100-039,,yes,936,Van équestre,Noir,,Aluminium,,,"Garantie: 24 mois, Marque: Cheval Liberté, Modèle: Hippomobile, Année: 2021, Première main: Oui, Etat: Neuf, Capacité: 2 Chevaux, Poids à vide: 915 Kilogrammes, Pont Arrière., Chevaux voyagent: Tête avant"
v100-040,,Van WESTFALIA 2 places,"Van 2 places de 1988, solide et robuste. Bonne tenue de route. Poids à vide : 710 kg PTAC :2000 kg Plancher refait il y a une dizaine d’années en contre-plaqué marine Système électrique rénové fin 2017 Une des barres de maintien remplacée par chaine et mousqueton. Utilisable en l’état sans travaux supplémentaires. Tapis anti-dérapants fournis",https://vanducheval.com/produit/van-westfalia-2-places/,https://vanducheval.com/wp-content/uploads/2022/02/667646_1628071976_8145.jpg,"https://vanducheval.com/wp-content/uploads/2022/02/667646_1628071976_8145-1.jpg, https://vanducheval.com/wp-content/uploads/2022/02/642457_1617126019_1484-300x300.jpg, https://vanducheval.com/wp-content/uploads/2022/02/642457_1617126019_1484-1-300x300.jpg, https://vanducheval.com/wp-content/uploads/2022/02/298811_1603351480-300x300.jpg, https://vanducheval.com/wp-content/uploads/2022/02/298811_1603351480-1-300x300.jpg, https://vanducheval.com/wp-content/uploads/2022/02/657251_1622961077_2724-300x300.jpg, https://vanducheval.com/wp-content/uploads/2022/02/657251_1622961077_2724-1-300x300.jpg, https://vanducheval.com/wp-content/uploads/2022/02/634596_1613663556_8386-300x300.jpg, https://vanducheval.com/wp-content/uploads/2022/02/634596_1613663552_5596-300x300.jpg, https://vanducheval.com/wp-content/uploads/2022/02/657060_1622835144_2092-300x300.jpg",in_stock,3200.00 EUR,6.22 EUR,used,Westfalia,V100-040,,yes,936,Van équestre,,,Acier,,,"Marque: Westfalia, Année:1988, Première main: Non, Etat: Occasion, Capacité: 2 Chevaux, Poids à vide: 710 Kilogrammes, Pont Arrière., Chevaux voyagent: Tête avant, Permis spécifique: Oui, Modèle: Saumur"
v100-041,,IFOR WILLIAMS,"Marque: Ifor Williams Année: 2015 Etat: Occasion Capacité: 2 Chevaux Pont Avant, Arrière. Permis spécifique: Oui",https://vanducheval.com/produit/ifor-williams-2/,https://vanducheval.com/wp-content/uploads/2022/02/667661_1628067425_8023-2.jpg,"https://vanducheval.com/wp-content/uploads/2022/02/667661_1628067425_8023-3.jpg, https://vanducheval.com/wp-content/uploads/2022/02/667661_1628067428_6174-1.jpg, https://vanducheval.com/wp-content/uploads/2022/02/667661_1628067431_731-1.jpg, https://vanducheval.com/wp-content/uploads/2022/02/667661_1628067436_3838-2.jpg, https://vanducheval.com/wp-content/uploads/2022/02/667661_1628067480_3379-1.jpg, https://vanducheval.com/wp-content/uploads/2022/02/667661_1628067495_3145-1.jpg, https://vanducheval.com/wp-content/uploads/2022/02/666362_1627398096_3337-300x300.png, https://vanducheval.com/wp-content/uploads/2022/02/666362_1627398096_3337-1-1-300x300.png, https://vanducheval.com/wp-content/uploads/2022/02/665649_1627044980_3325-300x300.jpg, https://vanducheval.com/wp-content/uploads/2022/02/665649_1627044980_3325-1-300x300.jpg",in_stock,7800.00 EUR,6220.00 EUR,used,VanDuCheval,V100-041,,yes,936,Van équestre,Gris,,Aluminium,,,"Marque: Ifor Williams, Année: 2015, Etat: Occasion, Capacité: 2 Chevaux, Pont Avant, Arrière., Permis spécifique: Oui, Marque: Fautras, Modèle: TROPHEE, Année: 2005, Poids à vide : 890 Kilogrammes"
v100-042,,VANS HUMBAUR by STARTERRE,"Depuis 20 ans, Humbaur compte parmi les principaux constructeurs de remorques en Europe. La marque allemande offre des vans de qualité supérieure aux atouts reconnus de tenue de route, de résistance et de confort : châssis EquiDrive, plancher AluBicomp, concept Equispace etc. La gamme en bref : Vans 1.5 places ou 2 places, parois multiplis, alu ou polyester, sellerie ou pont avant, plancher AluBicomp, roue de secours, matelassures et pare-botte, amortisseurs, hublots, coupe-vent, hayon etc.",https://vanducheval.com/produit/vans-humbaur-by-starterre/,https://vanducheval.com/wp-content/uploads/2022/02/406129_1520850177.jpg,"https://vanducheval.com/wp-content/uploads/2022/02/406129_1520850059.jpg, https://vanducheval.com/wp-content/uploads/2022/02/406129_1520850358.jpg, https://vanducheval.com/wp-content/uploads/2022/02/406129_1520849973.jpg, https://vanducheval.com/wp-content/uploads/2022/02/406129_1520850002.jpg, https://vanducheval.com/wp-content/uploads/2022/02/406129_1520849959.jpg, https://vanducheval.com/wp-content/uploads/2022/02/666055_1627278321_1692-300x300.jpg, https://vanducheval.com/wp-content/uploads/2022/02/666055_1627278321_1692-1-300x300.jpg, https://vanducheval.com/wp-content/uploads/2022/02/225806_1435678052-300x300.jpg, https://vanducheval.com/wp-content/uploads/2022/02/225806_1435678052-1-300x300.jpg, https://vanducheval.com/wp-content/uploads/2022/02/573266_1586266181_3461-300x300.jpg",in_stock,5432.00 EUR,6.22 EUR,used,Humbaur,V100-042,,yes,936,Van équestre,Or,,Polyester,,,"Garantie: 24 mois, Marque: Humbaur, Année: 2020, Première main: Oui, Etat: Neuf, Capacité: 1,5 Chevaux, Pont Arrière., Chevaux voyagent: Tête avant, Permis spécifique: Non, Marque: Barbot"
v100-043,,"Gold One ""White Line"" blanc 1,5 pl","Garantie: 24 mois Marque:Cheval Liberté Modèle: Gold One ""White Line"" blanc CouleurBlanc Année: 2021 Première main: Oui Etat: Neuf Capacité: 1,5 Chevaux Poids à vide: 690 Pont Arrière. Chevaux voyagent:Tête avant Permis spécifique: Non",https://vanducheval.com/produit/gold-one-white-line-blanc-15-pl/,https://vanducheval.com/wp-content/uploads/2022/02/335232_1615541003.jpg,"https://vanducheval.com/wp-content/uploads/2022/02/335232_1615540998.jpg, https://vanducheval.com/wp-content/uploads/2022/02/335232_1615541003-1.jpg, https://vanducheval.com/wp-content/uploads/2022/02/335232_1615541010.jpg, https://vanducheval.com/wp-content/uploads/2022/02/335232_1615541019.jpg, https://vanducheval.com/wp-content/uploads/2022/02/335232_1615541026.jpg, https://vanducheval.com/wp-content/uploads/2022/02/665977_1627227842_3633-300x300.jpg, https://vanducheval.com/wp-content/uploads/2022/02/665977_1627227842_3633-1-300x300.jpg, https://vanducheval.com/wp-content/uploads/2022/02/572516_1585919892_9767-300x300.jpg, https://vanducheval.com/wp-content/uploads/2022/02/572516_1585919693_6232-300x300.jpg, https://vanducheval.com/wp-content/uploads/2022/02/17FD1783-4522-4881-BA02-2ABE7DBC65D7-300x300.jpeg",in_stock,5690.00 EUR,3.10 EUR,used,VanDuCheval,V100-043,,yes,936,Van équestre,Blanc,,Acier,,,"Garantie: 24 mois, Marque:Cheval Liberté, Modèle: Gold One « White Line » blanc, CouleurBlanc, Année: 2021, Première main: Oui, Etat: Neuf, Capacité: 1,5 Chevaux, Poids à vide: 690, Pont Arrière."
v100-044,,FAUTRAS OBLIC + 3,VAN FAUTRAS OBLIC COULEUR BLEU MARINE EQUIPEMENTS/ 2 OUVERTURES ESTIVALES BAIES COULISSANTES ROUE DE SECOURS PONT ARRIERE COULISSANT ET PORTES AMERICAINES VOLETS DE VENTILATION MULTI POSITION TAPIS DE SOL ANTIDERAPPANT STRUCTURE POLYESTER GRANDE SELLERIE AVANT SELLERIE ARRIÈRE,https://vanducheval.com/produit/fautras-oblic-3/,https://vanducheval.com/wp-content/uploads/2022/02/655031_1621953390_9118.jpg,"https://vanducheval.com/wp-content/uploads/2022/02/655031_1621953390_9118-1.jpg, https://vanducheval.com/wp-content/uploads/2022/02/655031_1621953407_6323.jpg, https://vanducheval.com/wp-content/uploads/2022/02/655031_1621953422_7428.jpg, https://vanducheval.com/wp-content/uploads/2022/02/655031_1621953453_1714.jpg, https://vanducheval.com/wp-content/uploads/2022/02/655031_1621953466_5619.jpg, https://vanducheval.com/wp-content/uploads/2022/02/655031_1621953501_745.jpg, https://vanducheval.com/wp-content/uploads/2022/02/655031_1621953536_7856.jpg, https://vanducheval.com/wp-content/uploads/2022/02/666005_1627234431_3778-300x300.jpg, https://vanducheval.com/wp-content/uploads/2022/02/666005_1627234431_3778-1-300x300.jpg, https://vanducheval.com/wp-content/uploads/2022/02/BFE5F929-6625-4B2A-946F-7AD5F89B1EDF-300x300.jpeg",in_stock,8500.00 EUR,6.70 EUR,used,Fautras,V100-044,,yes,936,Van équestre,Bleu,,Polyester,,,"Garantie: 3 mois, Marque: Fautras, Année: 2007, Première main: Non, Etat: Occasion, Capacité: 2 Chevaux, Pont Arrière., Chevaux voyagent: De biais, Permis spécifique: Oui, Marque: Cheval Liberté"
v100-045,,BOCKMANN COMFORT LUXE,Van Bockmann Comfort LUXE Peinture métallisé Bleu nuit métallisé * Plancher ALU * Amortisseurs de roue * Roue de secours + housse * Combinaison pont/porte arrière * Séparation de tête Alu * Pare bottes en composite * Barre de poitrail rembourré * Roue jockey automatique * Sellerie équipé,https://vanducheval.com/produit/bockmann-comfort-luxe/,https://vanducheval.com/wp-content/uploads/2022/02/667546_1628002562_0038.jpg,"https://vanducheval.com/wp-content/uploads/2022/02/667546_1628002562_0038-1.jpg, https://vanducheval.com/wp-content/uploads/2022/02/667546_1628002566_3335.jpg, https://vanducheval.com/wp-content/uploads/2022/02/667546_1628002572_7169.jpg, https://vanducheval.com/wp-content/uploads/2022/02/667546_1628002576_1062.jpg, https://vanducheval.com/wp-content/uploads/2022/02/667546_1628002579_7236.jpg, https://vanducheval.com/wp-content/uploads/2022/02/667546_1628002583_4339.jpg, https://vanducheval.com/wp-content/uploads/2022/02/667546_1628002587_0061.jpg, https://vanducheval.com/wp-content/uploads/2022/02/633392_1613146409_0549-300x300.jpg, https://vanducheval.com/wp-content/uploads/2022/02/633392_1613146401_5132-300x300.jpg, https://vanducheval.com/wp-content/uploads/2022/02/545290_1601477074-300x300.jpg",in_stock,10860.00 EUR,12.70 EUR,used,Böckmann,V100-045,,yes,936,Van équestre,Bleu,,Acier,,,"Garantie: 24 mois, Marque: Bockmann, Modèle: COMFORT LUXE, Année: 2021, Première main: Oui, Etat: Neuf, Capacité: 2 Chevaux, Pont Arrière., Chevaux voyagent: Tête avant, Permis spécifique: Oui"
v100-046,,Van BOCKMANN COMFORT,VAN BOCKMANN COMFORT Pack luxe (2 places) NEUF •Carrosserie TOUT polyester INTEGRAL •Châssis en acier galvanisé à chaud surbaissé CFFplus (châssis à suspension type confort) •Roues 14 pouces •Roue jockey automatique •Roue de secours avec HOUSSE •Anti-vol d’attelage •Rembourrages des barres de poitrail •Pack luxe : Plancher aluminium + Pare bottes composite + Capitonnages latéraux •Toit polyester avec fenêtres •Coque polyester •Sellerie équipé avec Fermeture à clés •Barre de poitrail et de recul « antipanique » •Lumière intérieur (Blanche et Bleu) •Pont arrière avec revêtement caoutchouc à lattes moulées et arrêtoirs •Multi Safe System (Barre de poitrail « antipanique » avant et arrière) •Bat-flanc souple PVC avec partie haute ( 165 cm ) au garrot Options incluse sur ce van : • Housse de roue de Secours • Combinaison Pont/Porte • Séparation de tête • Nouvelle Jante ALU Bockmann,https://vanducheval.com/produit/van-bockmann-comfort/,https://vanducheval.com/wp-content/uploads/2022/02/573275_1597161422.jpg,"https://vanducheval.com/wp-content/uploads/2022/02/573275_1586267931_183.jpg, https://vanducheval.com/wp-content/uploads/2022/02/573275_1586267970_0839.jpg, https://vanducheval.com/wp-content/uploads/2022/02/573275_1586268028_3174.jpg, https://vanducheval.com/wp-content/uploads/2022/02/573275_1597161422-1.jpg, https://vanducheval.com/wp-content/uploads/2022/02/573275_1597161481.jpg, https://vanducheval.com/wp-content/uploads/2022/02/573275_1597161530.jpg, https://vanducheval.com/wp-content/uploads/2022/02/573275_1597161638.jpg, https://vanducheval.com/wp-content/uploads/2022/02/573275_1597161745.jpg, https://vanducheval.com/wp-content/uploads/2022/02/652824_1620979838_3386-300x300.jpg, https://vanducheval.com/wp-content/uploads/2022/02/BFE5F929-6625-4B2A-946F-7AD5F89B1EDF-300x300.jpeg",in_stock,9750.00 EUR,6.70 EUR,used,Böckmann,V100-046,,yes,936,Van équestre,Blanc,,Acier,,,"Garantie: 24 mois, Marque: Bockmann, Modèle: COMFORT LUXE, Année: 2021, Première main: Oui, Etat: Neuf, Capacité: 2 Chevaux, Pont Arrière., Chevaux voyagent: Tête avant, Permis spécifique: Oui"
v100-047,,BOCKMANN MASTER GREY LIMITED EDITION,!!! BOCKMANN MASTER GREY METALLIC LIMITED EDITION !!! Version limitée du van 2 places grand chevaux Master Bockmann disponible de suite !! Equipement de série: – Plancher aluminium – Carrosserie polyester couleurs gris « version limitée » – Châssis WCF (World-class conforme au standard automobile) – Amortisseur de roue individuel – Roue 14 pouces – Roue jockey automatique – Antivol sur système d’attelage – Porte de visite avec fermeture a clefs – Sellerie (2 porte selle télescopique / pelle / balais/ porte bride / miroir / montoir …) fermeture 3 points à clefs – 2 baies basculantes teintées avec grille de protection – Barres de poitrail et de recul anti panique « multi safe system » – Barres de poitrail avec rembourrage supplémentaire – Capitonnage – Pare-botte composite – Tapis caoutchouc antidérapant collé et scellé – Revêtement de pont à lattes moullées et arrêtoirs – Pont arrière avec vérins gaz -Bâche arrière automatique avec moustiquaire intégrée – Lumière intérieur LED (Bleu / blanc) – PTAC 2400 kg – Charge utile 1461 Kg – Poids à vide 939 Kg – Longueur intérieur 3260 mm – Largeur intérieur 1650 mm – Hauteur intérieur 2350 mm Options sur modèle en stock: – Jantes aluminium – Support de roue de secours – Roue de secours – Housse de roue de secours,https://vanducheval.com/produit/bockmann-master-grey-limited-edition/,https://vanducheval.com/wp-content/uploads/2022/02/645206_1618323194_903.jpg,"https://vanducheval.com/wp-content/uploads/2022/02/645206_1618323194_903-1.jpg, https://vanducheval.com/wp-content/uploads/2022/02/645206_1618323199_374.jpg, https://vanducheval.com/wp-content/uploads/2022/02/645206_1618323204_5798.jpg, https://vanducheval.com/wp-content/uploads/2022/02/645206_1618323208_3723.jpg, https://vanducheval.com/wp-content/uploads/2022/02/645206_1618323214_1446.jpg, https://vanducheval.com/wp-content/uploads/2022/02/645206_1618323217_5909.jpg, https://vanducheval.com/wp-content/uploads/2022/02/645206_1618323220_787.jpg, https://vanducheval.com/wp-content/uploads/2022/02/608560_1601880088_9413-300x300.jpg, https://vanducheval.com/wp-content/uploads/2022/02/608560_1601880088_9413-1-300x300.jpg, https://vanducheval.com/wp-content/uploads/2022/02/406129_1520850177-300x300.jpg",in_stock,9580.00 EUR,6.22 EUR,used,Böckmann,V100-047,,yes,936,Van équestre,Blanc,,Aluminium,,,"Marque:Bockmann, Année:2021, Etat:Neuf, Capacité:2 Chevaux, Permis spécifique: Oui, Garantie: 24 mois, Marque: Bockmann, Modèle: PORTAX L-K, Année: 2020, Première main: Non"
11554,,CHEVAL LIBERTE – DUOMAX DIAGONAL,"Van chargement diagonal pour 2 chevaux ou 3 poneys Équipements du duomax : – Plancher et parois en aluminium garantie 5 ans, – Pont avant avec volet supérieur équipé d’une fenêtre, – Pont porte arrière, – Compartiment sellerie grande porte d’accès, – Séparation demi bat flanc aluminium avec séparation de tête, fermeture par sangle cuir, – Barre de recul, – Suspensions Pullman 2, – Barre d’attache latérale en inox à droite, – Capitons confort, – Roue jockey automatique, – Porte de visite verrouillable, – Côté droit : volet latéral avec fenêtre, – Côte gauche : fenêtre coulissante de ventilation – 3ème feu stop, – Bâche respirante auto enrouleuse, – Miroir de courtoisie, – Roue de secours, – Éclairage intérieur, Caractéristiques du duomax : – Poids à vide : 970 kgs – PTAC : 1400 kgs 2600 kg – Dimensions totales : Haut : 2.68m – Larg : 2.29m – Long : 5.03m – Dimensions utiles : Haut : 2.30m – Larg : 1.81m – Long : 3.78m Options disponibles : caméra de surveillance, antivol de tête d’attelage,barre d’attache supplémentaire, jantes aluminiums…",https://vanducheval.com/produit/cheval-liberte-duomax-diagonal/,https://vanducheval.com/wp-content/uploads/2022/02/625362_1609923244_6172.jpg,"https://vanducheval.com/wp-content/uploads/2022/02/625362_1609923196_7116.jpg, https://vanducheval.com/wp-content/uploads/2022/02/625362_1609923244_6172-1.jpg, https://vanducheval.com/wp-content/uploads/2022/02/625362_1609923253_901.jpg, https://vanducheval.com/wp-content/uploads/2022/02/625362_1609923260_5485.jpg, https://vanducheval.com/wp-content/uploads/2022/02/625362_1609923270_855.jpg, https://vanducheval.com/wp-content/uploads/2022/02/625362_1609923280_7646.jpg, https://vanducheval.com/wp-content/uploads/2022/02/625362_1609923292_6997.jpg, https://vanducheval.com/wp-content/uploads/2022/02/625362_1609923297_6565.jpg, https://vanducheval.com/wp-content/uploads/2022/02/625362_1609923305_5872.jpg, https://vanducheval.com/wp-content/uploads/2022/02/625362_1609923314_8315.jpg",in_stock,9900.00 EUR,6.22 EUR,used,VanDuCheval,11554,,yes,936,Van équestre,Or,,Aluminium,,,"Garantie: 24 mois, Marque: Cheval Liberté, Modèle: Duomax – Diagonal, Année: 2021, Première main: Oui, Etat: Neuf, Capacité: 2 Chevaux, Poids à vide: 970, Pont Avant, Arrière., Chevaux voyagent: De biais"
v100-048,,FAUTRAS PROVAN CLASSIC,VAN FAUTRAS PROVAN CLASSIC 2021 (2 PLACES) COULEUR BLEU CLAIR NEUF EQUIPEMENTS DE SERIE / MODELE POLYESTER INTEGRAL PLANCHER POLYETHYLENE GARANTI A VIE STRUCTURE ET ARCEAU GARANTI 8 ANS PORTES AMERICAINES AVEC VOLETS COULISSANTS 3 POSITIONS GRANDE SORTIE AVANT HUBLOT CENTRAL BARRES POITRAIL ET CROUPE REGLABLES MATELASSAGES DE CONFORT ROUE DE SECOURS ANTIVOL ATTELAGE ROUE JOCKEY AUTOMATIQUE TAPIS DE SOL ANTIDERAPANT LIBERATION SECURISEE EQUIPEMENT EN OPTION SUR CE VAN / 2 BAIES COULISSANTES + GRILLES PROTECTIONS LATERALES POLYPROPYLENE,https://vanducheval.com/produit/fautras-provan-classic-2/,https://vanducheval.com/wp-content/uploads/2022/02/661430_1625039718_4775.jpg,"https://vanducheval.com/wp-content/uploads/2022/02/661430_1625039703_448.jpg, https://vanducheval.com/wp-content/uploads/2022/02/661430_1625039718_4775-1.jpg, https://vanducheval.com/wp-content/uploads/2022/02/661430_1625039740_0229.jpg, https://vanducheval.com/wp-content/uploads/2022/02/661430_1625039748_6209.jpg, https://vanducheval.com/wp-content/uploads/2022/02/661430_1625039756_6579.jpg, https://vanducheval.com/wp-content/uploads/2022/02/271493_1589623901-300x300.jpg, https://vanducheval.com/wp-content/uploads/2022/02/271493_1589623898-300x300.jpg, https://vanducheval.com/wp-content/uploads/2022/02/661417_1625039400_9714-300x300.jpg, https://vanducheval.com/wp-content/uploads/2022/02/661417_1625039400_9714-1-300x300.jpg, https://vanducheval.com/wp-content/uploads/2022/02/659250_1623929799_9606-300x300.jpg",in_stock,7100.00 EUR,,used,Fautras,V100-048,,yes,936,Van équestre,Bleu,,Polyester,,,"Marque: Fautras, Modèle: PROVAN CLASSIC, Année: 2021, Etat: Neuf, Capacité: 2 Chevaux, Permis spécifique: Oui, Marque: St Georges, Modèle: IMARA, Couleur: Blanc, Première main: Oui"
v100-049,,Van BOCKMANN UNO S+B,Van BOCKMANN UNO ESPRIT Silver+Black avec pack luxe (1 place et demi) . Parois plywood couleur gris granit ou noir . Toit en polyster noir ou gris . Barre de poitrail anti-panique . Bâche arrière manuelle . Roue de secours avec support . Roue jockey manuelle . Tête d’attelage sans antivol (disponible au prix de 28€TTC) . Adaptateur 7/13 poles . Fenêtres rectangulaire ouvrables,https://vanducheval.com/produit/van-bockmann-uno-sb/,https://vanducheval.com/wp-content/uploads/2022/02/573266_1586266181_3461.jpg,"https://vanducheval.com/wp-content/uploads/2022/02/573266_1586266093_3094.jpg, https://vanducheval.com/wp-content/uploads/2022/02/573266_1586266179_3916.jpg, https://vanducheval.com/wp-content/uploads/2022/02/573266_1586266181_3461-1.jpg, https://vanducheval.com/wp-content/uploads/2022/02/573266_1586266231_8001.jpg, https://vanducheval.com/wp-content/uploads/2022/02/573266_1586266233_2386.jpg, https://vanducheval.com/wp-content/uploads/2022/02/573266_1612541852.jpg, https://vanducheval.com/wp-content/uploads/2022/02/573266_1612541858.jpg, https://vanducheval.com/wp-content/uploads/2022/02/524968_1567687462_925-300x300.jpg, https://vanducheval.com/wp-content/uploads/2022/02/524968_1567687457_7514-300x300.jpg, https://vanducheval.com/wp-content/uploads/2022/02/667303_1627903492_5953-300x300.jpg",in_stock,5490.00 EUR,,used,Böckmann,V100-049,,yes,936,Van équestre,Noir,,Acier,,,"Garantie: 24 mois, Marque: Bockmann, Modèle: Uno S+B, Année: 2021, Première main: Oui, Etat: Neuf, Capacité: 1,5 Chevaux, Poids à vide: 700 Kilogrammes, Pont Arrière., Chevaux voyagent: Tête avant"
v100-050,,Van FAUTRAS - ST GEORGES IMARA,"Vends van 2 places SAINT GEORGES Imara (FAUTRAS) de décembre 2011 , Plancher imputrescible, colorie gris clair. Poids à vide 750 Kg , PTAC 2000Kg. Double portes arrière. Séparation de tête et roue de secours. Pneus quasiment neuf. Van toujours été abrité.",https://vanducheval.com/produit/van-fautras-st-georges-imara/,https://vanducheval.com/wp-content/uploads/2022/02/662673_1625595809_6694.jpg,"https://vanducheval.com/wp-content/uploads/2022/02/662673_1625595809_6694-1.jpg, https://vanducheval.com/wp-content/uploads/2022/02/662673_1625595814_2333.jpg, https://vanducheval.com/wp-content/uploads/2022/02/662673_1625595824_1292.jpg, https://vanducheval.com/wp-content/uploads/2022/02/662673_1625595831_5454.jpg, https://vanducheval.com/wp-content/uploads/2022/02/662673_1625595837_6342.jpg, https://vanducheval.com/wp-content/uploads/2022/02/662673_1625595842_5853.jpg, https://vanducheval.com/wp-content/uploads/2022/02/617951_1606123031_9817-300x300.jpg, https://vanducheval.com/wp-content/uploads/2022/02/617951_1606122942_4367-300x300.jpg, https://vanducheval.com/wp-content/uploads/2022/02/666362_1627398096_3337-300x300.png, https://vanducheval.com/wp-content/uploads/2022/02/666362_1627398096_3337-1-1-300x300.png",in_stock,5900.00 EUR,6.70 EUR,used,Fautras,V100-050,,yes,936,Van équestre,Gris,,Acier,,,"Garantie: 6 mois, Marque: Fautras, Modèle: Saint Georges – Imara, Année: 2011, Première main: Oui, Etat: Occasion, Capacité: 2 Chevaux, Poids à vide: 750 Kilogrammes, Chevaux voyagent: Tête avant, Permis spécifique: Oui"
v100-051,,CHEVAL LIBERTE – 1.5 PLACE – TOURING ONE,"Equipements du van Touring One : – 3 grandes baies d’aérations, – Plancher et parois en aluminium garantie 5 ans, – Pont avant, – Capitons confort, – Roue jockey automatique, – Grande porte de visite verrouillable, – Cales de roues, – Pont porte, – Bâche respirante auto enrouleuse, – Miroir de courtoisie, – Roue de secours, – Suspensions Pullman 2, – Eclairage intérieur. Caractéristiques du van Touring One : – Poids à vide : 745 kgs – PTAC : 1100 kgs 1600 kg – Pneus : 185/70R13C – Dimensions totales : Haut : 2.70m – Larg : 1.84m– Long : 4.52m, – Dimensions utiles : Haut : 2.30m – Larg : 1.40m – Long : 3.18m",https://vanducheval.com/produit/cheval-liberte-1-5-place-touring-one/,https://vanducheval.com/wp-content/uploads/2022/02/524968_1567687462_925.jpg,"https://vanducheval.com/wp-content/uploads/2022/02/524968_1567687457_7514.jpg, https://vanducheval.com/wp-content/uploads/2022/02/524968_1567687460_0334.jpg, https://vanducheval.com/wp-content/uploads/2022/02/524968_1567687462_925-1.jpg, https://vanducheval.com/wp-content/uploads/2022/02/524968_1567687465_6076.jpg, https://vanducheval.com/wp-content/uploads/2022/02/524968_1567687468_0465.jpg, https://vanducheval.com/wp-content/uploads/2022/02/524968_1567687472_1941.jpg, https://vanducheval.com/wp-content/uploads/2022/02/524968_1567687476_6047.jpg, https://vanducheval.com/wp-content/uploads/2022/02/524968_1606136455.jpg, https://vanducheval.com/wp-content/uploads/2022/02/652826_1620980033_2598-300x300.jpg, https://vanducheval.com/wp-content/uploads/2022/02/572516_1585919892_9767-300x300.jpg",in_stock,6575.00 EUR,,used,VanDuCheval,V100-051,,yes,936,Van équestre,Or,,Aluminium,,,"Garantie: 60 mois, Marque: Cheval Liberté, Modèle: TOURING ONE, Année: 2021, Première main: Oui, Etat: Neuf, Capacité: 1,5 Chevaux, Poids à vide: 745 Kilogrammes, Pont Avant, Arrière., Chevaux voyagent: Tête avant"
v100-053,,CHEVAL LIBERTÉ - GOLD - 2 PLACES - 2018,CHEVAL LIBERTÉ 2 PLACES : Plancher alu 2 baies basculantes Pont/porte arrière Sellerie avant GARANTIE PROFESSIONNELLE 6 MOIS PTAC 2000kg – Poids à vide 750kg,https://vanducheval.com/produit/cheval-liberte-gold-2-places-2018/,https://vanducheval.com/wp-content/uploads/2022/02/667453_1627977062_8835.jpg,"https://vanducheval.com/wp-content/uploads/2022/02/667453_1627977062_8835-1.jpg, https://vanducheval.com/wp-content/uploads/2022/02/667453_1627977064_5507.jpg, https://vanducheval.com/wp-content/uploads/2022/02/667453_1627977067_9817.jpg, https://vanducheval.com/wp-content/uploads/2022/02/667453_1627977069_33.jpg, https://vanducheval.com/wp-content/uploads/2022/02/573275_1597161422-300x300.jpg, https://vanducheval.com/wp-content/uploads/2022/02/573275_1586267931_183-300x300.jpg, https://vanducheval.com/wp-content/uploads/2022/02/664966_1626763885_7417-300x300.jpg, https://vanducheval.com/wp-content/uploads/2022/02/664966_1626763881_1467-300x300.jpg, https://vanducheval.com/wp-content/uploads/2022/02/549169_1577352815-300x300.jpg, https://vanducheval.com/wp-content/uploads/2022/02/549169_1577352521-300x300.jpg",in_stock,6000.00 EUR,,used,VanDuCheval,V100-053,,yes,936,Van équestre,Or,,Acier,,,"Marque: Cheval Liberté, Année: 2018, Etat: Occasion, Capacité: 2 Chevaux, Permis spécifique: Oui, Garantie: 24 mois, Marque: Bockmann, Modèle: COMFORT LUXE, Année: 2021, Première main: Oui"
v100-054,,Van Maxi 2 places diagonales 2021,"Equipement de série : Châssis suspension Pullman 2, plancher aluminium, parois aluminium anodisées, sortie pont avant avec volet supérieur, fenêtre coulissante 400×500 intégrée avec barreaux de protection inox. Volet latéral avec fenêtre coulissante 400×500 intégrée avec barreaux de protection inox. Fenêtre supplémentaire coulissante de ventilation 800×250 côté gauche. Pont/porte arrière, bâche à enrouleur automatique ventilée. Vaste compartiment sellerie avec grande porte d’accès intégrant une fenêtre de ventilation 300×400. Double porte selle sur rail coulissant, porte filets et porte brides, porte document, miroir de courtoisie, éclairage. Barre d’attache latérale en inox, à droite. Roue de secours (installée dans la sellerie). Roue jockey automatique escamotable, poignée de manœuvre. Roues jantes métal 185/65R14. Séparation demi bat flanc aluminium avec séparation de tête, fermeture par sangle cuir. Barre de recul. Plancher garantie 5 ans, van 2 ans constructeur. Equipement en option : Deuxième barre d’attache latérale en inox, à gauche. Sur-tapis de protection.",https://vanducheval.com/produit/van-maxi-2-places-diagonales-2021/,https://vanducheval.com/wp-content/uploads/2022/02/552706_1615540849.jpg,"https://vanducheval.com/wp-content/uploads/2022/02/552706_1615540798.jpg, https://vanducheval.com/wp-content/uploads/2022/02/552706_1615540802.jpg, https://vanducheval.com/wp-content/uploads/2022/02/552706_1615540809.jpg, https://vanducheval.com/wp-content/uploads/2022/02/552706_1615540815.jpg, https://vanducheval.com/wp-content/uploads/2022/02/552706_1615540818.jpg, https://vanducheval.com/wp-content/uploads/2022/02/552706_1615540822.jpg, https://vanducheval.com/wp-content/uploads/2022/02/552706_1615540827.jpg, https://vanducheval.com/wp-content/uploads/2022/02/552706_1615540832.jpg, https://vanducheval.com/wp-content/uploads/2022/02/552706_1615540836.jpg, https://vanducheval.com/wp-content/uploads/2022/02/552706_1615540843.jpg",in_stock,11583.00 EUR,12.70 EUR,used,VanDuCheval,V100-054,,yes,936,Van équestre,Or,,Aluminium,,,"Garantie: 24 mois, Marque: Cheval Liberté, Modèle: MAXI 2, Couleur: Noir, Année: 2021, Première main: Oui, Etat: Neuf, Capacité: 2 Chevaux, Poids à vide: 960 Kilogrammes, Pont Avant, Arrière."
v100-055,,Cheval liberté 3places MAXI 3 2021,"Van Cheval Liberté MAXI 3 – 3places, 1 trés grande sellerie. Colories au choix sur commande: noir/anthracite/bordeaux/silver et blanc. PTAC de 1600 à 3000Kg Options possibles: 2 lanterneaux de toits, porte couverture, double porte battante à la place du pont porte avec ou sans fenêtre, barre d’attache latérale supplémentaire côté sellerie, hayon arrière sur pont/porte.",https://vanducheval.com/produit/cheval-liberte-3places-maxi-3-2021/,https://vanducheval.com/wp-content/uploads/2022/02/331213_1615541350.jpg,"https://vanducheval.com/wp-content/uploads/2022/02/331213_1615541341.jpg, https://vanducheval.com/wp-content/uploads/2022/02/331213_1615541345.jpg, https://vanducheval.com/wp-content/uploads/2022/02/331213_1615541350-1.jpg, https://vanducheval.com/wp-content/uploads/2022/02/331213_1615541354.jpg, https://vanducheval.com/wp-content/uploads/2022/02/331213_1615541357.jpg, https://vanducheval.com/wp-content/uploads/2022/02/331213_1615541360.jpg, https://vanducheval.com/wp-content/uploads/2022/02/331213_1615541363.jpg, https://vanducheval.com/wp-content/uploads/2022/02/331213_1615541366.jpg, https://vanducheval.com/wp-content/uploads/2022/02/331213_1615541369.jpg, https://vanducheval.com/wp-content/uploads/2022/02/331213_1615541372.jpg",in_stock,14083.00 EUR,12700.00 EUR,used,VanDuCheval,V100-055,,yes,936,Van équestre,Noir,,Acier,,,"Garantie: 24 mois, Marque: Cheval Liberté, Modèle: MAXI 3, Année: 2021, Première main: Oui, Etat: Neuf, Capacité: 3 Chevaux, Poids à vide: 1280 Kilogrammes, Pont Arrière, Latéral., Chevaux voyagent: De biais"
v100-056,,CHEVAL LIBERTE – OPTIMAX DIAGONAL – 4 PLACES – NEUF,"Van chargement diagonal avec de grandes ouvertures pour le transport confortable de 4 chevaux. Équipements de l’Optimax : – Toit et déflecteur en polyester renforcé – Plancher et parois en aluminium garantie 5 ans – Pont avant de 1.40 m de large – Pont porte arrière – Large volet latéral équipé de 4 fenêtres – Grande sellerie avec porte selles, porte filets, miroir et accessoires – Suspensions Pullman 2 – Barre d’attache latérale en inox à droite, – Bat-flancs réglables – Capitons confort – Auvent latéral avec 4 fenêtres – Pont avant de 1.40 m de large – Roue jockey automatique – Porte de visite verrouillable – Cales de roues – 3ème feu stop – Roue de secours – Éclairage intérieur Caractéristiques de l’optimax : – Poids à vide : 1 510 kgs – PTAC : 2700 kgs à 3500 kg – Pneus : 185/70R13C – Dimensions totales : Haut : 2.91m – Larg : 2.32m – Long : 6.24m, – Dimensions utiles : Haut : 2.30m – Larg : 2.07m – Long : 4.78m Options disponibles : caméra de surveillance, antivol de tête d’attelage, porte couverture, barre d’attache supplémentaire, séparation supplémentaire, double porte arrière, fenêtres sur portes arrières…",https://vanducheval.com/produit/cheval-liberte-optimax-diagonal-4-places-neuf/,https://vanducheval.com/wp-content/uploads/2022/02/545497_1574761321_6673.jpg,"https://vanducheval.com/wp-content/uploads/2022/02/545497_1574761321_6673-1.jpg, https://vanducheval.com/wp-content/uploads/2022/02/545497_1574761323_3773.jpg, https://vanducheval.com/wp-content/uploads/2022/02/545497_1574761326_2419.jpg, https://vanducheval.com/wp-content/uploads/2022/02/545497_1574761327_7399.jpg, https://vanducheval.com/wp-content/uploads/2022/02/545497_1574761329_6269.jpg, https://vanducheval.com/wp-content/uploads/2022/02/545497_1574761333_2738.jpg, https://vanducheval.com/wp-content/uploads/2022/02/545497_1574761336_2085.jpg, https://vanducheval.com/wp-content/uploads/2022/02/545497_1574761342_9321.jpg, https://vanducheval.com/wp-content/uploads/2022/02/545497_1574761348_2487.jpg, https://vanducheval.com/wp-content/uploads/2022/02/545497_1574761355_5592.jpg",in_stock,15750.00 EUR,12.70 EUR,used,VanDuCheval,V100-056,,yes,936,Van équestre,Vert,,Aluminium,,,"Garantie: 60 mois, Marque: Cheval Liberté, Modèle: Optimax 4, Année: 2021, Première main Oui, Etat: Neuf, Capacité:4 Chevaux, Poids à vide: 1510 Kilogrammes, Pont Avant, Arrière., Chevaux voyagent:De biais"
v100-057,,IFOR WILLIAMS – HB 610 - 4/5 PLACES,"Disponible en noir et argent. Equipements du van HB 610 : – 6 Vitres latérales fixes, – Plancher aluminium, – Rangement dans le déflecteur, – Pont avant, – Porte de visite verrouillable, – Roue de secours, – Suspensions à lames de ressort, – Aérateurs de toit, – Eclairage intérieur. Aménagements disponible : – Bat-flanc en aluminium télescopique, – Bat-flanc en bois + jupe, – Bat-flanc en bois plein, – Grille de séparation de tête, – Sellerie aménageable sur demande, Caractéristiques du van HB 610 : – Poids à vide : 1 450 kgs – PTAC : 3500 kg – Pneus : 175R16C – Dimensions totales : Haut : 2.82m – Larg : 2.30m – Long : 5.74m, – Dimensions utiles : Haut : 2.30m – Larg : 2.07m – Long : 4.25m Options disponibles (caméra, aérations supplémentaires, capitons, housse de protection…)",https://vanducheval.com/produit/ifor-williams-hb-610-4-5-places/,https://vanducheval.com/wp-content/uploads/2022/02/545558_1606135806.jpg,"https://vanducheval.com/wp-content/uploads/2022/02/545558_1574776859_1457.png, https://vanducheval.com/wp-content/uploads/2022/02/545558_1574776861_6875.png, https://vanducheval.com/wp-content/uploads/2022/02/545558_1606135801.jpg, https://vanducheval.com/wp-content/uploads/2022/02/545558_1606135806-1.jpg, https://vanducheval.com/wp-content/uploads/2022/02/545558_1606135810.jpg, https://vanducheval.com/wp-content/uploads/2022/02/545558_1606135818.jpg, https://vanducheval.com/wp-content/uploads/2022/02/545558_1606135827.jpg, https://vanducheval.com/wp-content/uploads/2022/02/545558_1606135840.jpg, https://vanducheval.com/wp-content/uploads/2022/02/545558_1606135961.jpg, https://vanducheval.com/wp-content/uploads/2022/02/663217_1625913637_7644-300x300.jpg",in_stock,16506.00 EUR,,used,VanDuCheval,V100-057,,yes,936,Van équestre,Noir,,Aluminium,,,"Garantie: 12 mois, Marque: Ifor Williams, Modèle: HB 610, CouleurNoir, Année: 2021, Première main: Oui, Etat: Neuf, Capacité: 4 Chevaux, Poids à vide: 1045 Kilogrammes, Pont Avant, Arrière."
v100-058,,VAN 2 PLACES OBLIC BOCKMANN TRAVELLER G,"Bockmann Traveller G2 Comme sont nom l’indique, le van Traveller G2 Bockmann, est un van conçu pour voyager 2 grand chevaux dans un maximum de confort et de sécurité. Avec une conception robuste garantie par 3 arceaux de sécurité, un plancher en aluminium massif, un châssis en acier galvanisé, des roues en acier de 14 pouces, des parois en aluminium annodisé, il vous garantira une longévité de vie imcomparrable. Caractéristiques: – 2 places – Toit polyester – Parois aluminium – 2 portes arrière avec fenêtre (fermeture à clef) ou pont arrière avec bâche automatique – Sellerie avant avec 2 porte selles telescopiques / porte bride / support de cravache / étagère / miroir / mangeaoires / pelle / balais / montoir. Fermeture à clef 3 points – 2 Bat flanc réglables , télescopique en aluminium – 2 grandes baies coulissantes à droite avec grille de protection – 2 petites baies coulissantes à gauche – 1 aérateur de toit – 2 lumières intérieur LED (Bleu/Blanc) – Pare-bottes composite – Tapis caoutchouc antidérapant – 2.40m de hauteur interieur – 2m de largeur intérieur – 3.60m de longueur interieur – PTAC 2700Kg – Poid à vide 1300Kg – Charge utile 1400Kg Options disponibles: – Pont avant – Rangement supplémentaire sous plafond – Jantes aluminium – Hayon latéral – Auvent – Etc…",https://vanducheval.com/produit/van-2-places-oblic-bockmann-traveller-g/,https://vanducheval.com/wp-content/uploads/2022/02/633392_1613146409_0549.jpg,"https://vanducheval.com/wp-content/uploads/2022/02/633392_1613146401_5132.jpg, https://vanducheval.com/wp-content/uploads/2022/02/633392_1613146409_0549-1.jpg, https://vanducheval.com/wp-content/uploads/2022/02/633392_1613146417_3956.jpg, https://vanducheval.com/wp-content/uploads/2022/02/633392_1613146423_9778.jpg, https://vanducheval.com/wp-content/uploads/2022/02/633392_1613146428_946.jpg, https://vanducheval.com/wp-content/uploads/2022/02/633392_1613146437_4991.jpg, https://vanducheval.com/wp-content/uploads/2022/02/633392_1613146442_2306.jpg, https://vanducheval.com/wp-content/uploads/2022/02/633392_1613146449_0409.jpg, https://vanducheval.com/wp-content/uploads/2022/02/633392_1613146457_5939.jpg, https://vanducheval.com/wp-content/uploads/2022/02/657060_1622835144_2092-300x300.jpg",in_stock,8250.00 EUR,,used,Böckmann,V100-058,,yes,936,Van équestre,Blanc,,Acier,,,"Garantie: 24 mois, Marque: Bockmann, Année: 2021, Etat: Neuf, Capacité2: Chevaux, Chevaux voyagent: De biais, Permis spécifique: Non, Marque: Fautras, Modèle: Oblic, Année: 2015"
v100-059,,Van Fautras oblic +3,"Oblic 3+ de 2011, très bon état transport oblique de 3 chevaux grand confort ! plancher imputrescible garantie à vie Fautras. 5 baies coulissantes d’aérations + aérations portes arrières sortie AV gauche sellerie AV droite 3 portes selles + porte filets roue de secours neuve et 4 pneus 50% d’usure PV 1480 Kg PTAC 3000 Kg",https://vanducheval.com/produit/van-fautras-oblic-3/,https://vanducheval.com/wp-content/uploads/2022/02/667186_1627832289_0986.jpg,"https://vanducheval.com/wp-content/uploads/2022/02/667186_1627832289_0986-1.jpg, https://vanducheval.com/wp-content/uploads/2022/02/665157_1626853516_2136-300x300.jpg, https://vanducheval.com/wp-content/uploads/2022/02/665157_1626853516_2136-1-300x300.jpg, https://vanducheval.com/wp-content/uploads/2022/02/645206_1618323194_903-300x300.jpg, https://vanducheval.com/wp-content/uploads/2022/02/645206_1618323194_903-1-300x300.jpg, https://vanducheval.com/wp-content/uploads/2022/02/661430_1625039718_4775-300x300.jpg, https://vanducheval.com/wp-content/uploads/2022/02/661430_1625039703_448-300x300.jpg, https://vanducheval.com/wp-content/uploads/2022/02/552706_1615540849-300x300.jpg, https://vanducheval.com/wp-content/uploads/2022/02/552706_1615540798-300x300.jpg, https://vanducheval.com/wp-content/uploads/2022/02/662181_1625419928_574-300x300.jpg",in_stock,10300.00 EUR,8.80 EUR,used,Fautras,V100-059,,yes,936,Van équestre,Or,,Acier,,,"Marque: Fautras, Modèle: Oblic+3, Année: 2011, Première main: Non, Etat: Occasion, Capacité:3 Chevaux, Poids à vide: 1480 Kilogrammes, Chevaux voyagent: De biais, Permis spécifique : Oui, Modèle: Oblic 3+"
v100-060,,"VAN 2 PLACES ""HOTRA""",Van 2 places « HOTRA » – bon état général – sellerie – mangeoires – sol granilastic – pneus + électricité : bon état – lumière intérieure – amortisseur d’attelage neuf – freins neufs – bâche arrière automatique – barres de poitrail anti-panique – ptac : 2 t,https://vanducheval.com/produit/van-2-places-hotra/,https://vanducheval.com/wp-content/uploads/2022/02/666966_1627731860_9018.jpg,"https://vanducheval.com/wp-content/uploads/2022/02/666966_1627731860_9018-1.jpg, https://vanducheval.com/wp-content/uploads/2022/02/545281_1612542743-300x300.jpg, https://vanducheval.com/wp-content/uploads/2022/02/545281_1574676878_3311-300x300.jpg, https://vanducheval.com/wp-content/uploads/2022/02/625373_1609925651_9726-300x300.jpg, https://vanducheval.com/wp-content/uploads/2022/02/625373_1609925651_9726-1-300x300.jpg, https://vanducheval.com/wp-content/uploads/2022/02/657060_1622835144_2092-300x300.jpg, https://vanducheval.com/wp-content/uploads/2022/02/657060_1622835144_2092-1-300x300.jpg, https://vanducheval.com/wp-content/uploads/2022/02/666015_1627236238_1858-300x300.jpg, https://vanducheval.com/wp-content/uploads/2022/02/666015_1627236147_6505-300x300.jpg, https://vanducheval.com/wp-content/uploads/2022/02/659230_1623924406_4908-300x300.jpg",in_stock,4500.00 EUR,,used,Hotra,V100-060,,yes,936,Van équestre,Or,,Acier,,,"Marque: Hotra, Année: 2002, Première main: Oui, Etat: Occasion, Capacité: 2 Chevaux, Poids à vide: 915, Pont Arrière., Chevaux voyagent:Tête avant, Permis spécifique: Oui, Garantie: 24 mois"
v100-062,,IFOR WILLIAMS - HBX 511 - 2 PLACES - NEUF,"Equipements du van HBX 511 : – Vitres sur tout l’avant du van, – Aérations a l’avant, – Plancher et parois aluminium, – Feu de recul, – Pont avant, – Pont-porte arrière, – Volets au-dessus des ponts, – Bat-flanc a pilier central, – Porte de visite verrouillable, – Miroir de courtoisie, – Roue de secours, – Suspensions a lames de ressort, – Aérateur de toit, – Eclairage intérieur à LED. Caractéristiques du van HBX 511 : – Poids à vide : 950 kgs – PTAC : 1400 kgs 2700 kg – Pneus : 165R13C – Dimensions totales : Haut : 2.75m – Larg : 2.27m – Long : 4.67m, – Dimensions utiles : Haut : 2.29m – Larg : 1.79m – Long : 3.63m Sellerie et options disponibles (caméra, aérations supplémentaires, capitons, housse de protection…)",https://vanducheval.com/produit/ifor-williams-hbx-511-2-places-neuf/,https://vanducheval.com/wp-content/uploads/2022/02/473976_1549969077_0462.jpg,"https://vanducheval.com/wp-content/uploads/2022/02/473976_1549969077_0462-1.jpg, https://vanducheval.com/wp-content/uploads/2022/02/473976_1549969079_1583.jpg, https://vanducheval.com/wp-content/uploads/2022/02/473976_1549969081_6455.jpg, https://vanducheval.com/wp-content/uploads/2022/02/473976_1549969082_741.jpg, https://vanducheval.com/wp-content/uploads/2022/02/473976_1549969084_4833.jpg, https://vanducheval.com/wp-content/uploads/2022/02/473976_1549969133_948.jpg, https://vanducheval.com/wp-content/uploads/2022/02/545281_1612542743-300x300.jpg, https://vanducheval.com/wp-content/uploads/2022/02/545281_1574676878_3311-300x300.jpg, https://vanducheval.com/wp-content/uploads/2022/02/657479_1623070739_6044-300x300.jpg, https://vanducheval.com/wp-content/uploads/2022/02/657479_1623070739_6044-1-300x300.jpg",in_stock,11520.00 EUR,6.70 EUR,used,VanDuCheval,V100-062,,yes,936,Van équestre,Or,,Aluminium,,,"Marque: Ifor Williams, Modèle: HBX 511, Année: 2021, Première main: Oui, Etat: Neuf, Capacité: 2 Chevaux, Poids à vide: 950 Kilogrammes, Pont Avant, Arrière., Chevaux voyagent: Tête avant, Permis spécifique: Oui"
v100-063,,IFOR WILLIAMS - HBX 403 - 1.5 PLACES,"Equipements du van HBX 403 : – Vitres sur tout l’avant du van, – Aérations a l’avant, – Plancher et parois aluminium, – Feu de recul, – Pont avant, – Volets au-dessus des ponts, – Porte de visite verrouillable, – Miroir de courtoisie, – Roue de secours, – Suspensions a lames de ressort, – Aérateur de toit, – Eclairage intérieur. Caractéristiques du van HBX 403 : – Poids à vide : 720 kgs – PTAC : 1100 kgs 1600 kg – Pneus : 165R13C – Dimensions totales : Haut : 2.72m – Larg : 1.77m – Long : 4.27m, – Dimensions utiles : Haut : 2.26m – Larg : 1.30m – Long : 3.19m Sellerie et options disponibles (caméra, aérations supplémentaires, capitons, housse de protection…) Demandez des rensei",https://vanducheval.com/produit/ifor-williams-hbx-403-1-5-places/,https://vanducheval.com/wp-content/uploads/2022/02/473974_1606139484.jpg,"https://vanducheval.com/wp-content/uploads/2022/02/473974_1549968762_7202.jpg, https://vanducheval.com/wp-content/uploads/2022/02/473974_1549968786_5348.jpg, https://vanducheval.com/wp-content/uploads/2022/02/473974_1549968802_0083.jpg, https://vanducheval.com/wp-content/uploads/2022/02/473974_1549968832_876.jpg, https://vanducheval.com/wp-content/uploads/2022/02/473974_1549968859_9359.jpg, https://vanducheval.com/wp-content/uploads/2022/02/473974_1606139484-1.jpg, https://vanducheval.com/wp-content/uploads/2022/02/473974_1606139489.jpg, https://vanducheval.com/wp-content/uploads/2022/02/473974_1606139496.jpg, https://vanducheval.com/wp-content/uploads/2022/02/473974_1606139500.jpg, https://vanducheval.com/wp-content/uploads/2022/02/661934_1625234591_8113-300x300.jpg",in_stock,10900.00 EUR,,used,VanDuCheval,V100-063,,yes,936,Van équestre,Or,,Aluminium,,,"Garantie: 12 mois, Marque :Ifor Williams, ModèleHBX 403, Année: 2021, Première main: Oui, Etat: Neuf, Capacité: 1,5 Chevaux, Poids à vide: 720 Kilogrammes, Pont Avant, Arrière., Chevaux voyagent: Tête avant"
v100-064,,IFOR WILLIAMS - HBX 506 - 2 PLACES - NEUF,"Equipement du van HBX 506 : – Vitres sur tout l’avant du van, – Aérations a l’avant, – Plancher, ponts et parois aluminium, – Feu de recul, – Pont avant, – Pont-porte arrière, – Volets au-dessus des ponts, – Bat-flanc a pilier central, – Porte de visite verrouillable, – Miroir de courtoisie, – Roue de secours, – Suspensions a lames de ressort, – Aérateur de toit, – Eclairage intérieur à LED. Caractéristiques du van HBX 506 : – Poids à vide : 865 kgs – PTAC : 1400 kgs 2600 kg – Pneus : 165R13C – Dimensions totales : Haut : 2.74m – Larg : 2.14m – Long : 4.30m, – Dimensions utiles : Haut : 2.29m – Larg : 1.67m – Long : 3.26m Sellerie et options disponibles (caméra, aérations supplémentaires, capitons, housse de protection…)",https://vanducheval.com/produit/ifor-williams-hbx-506-2-places-neuf/,https://vanducheval.com/wp-content/uploads/2022/02/473971_1549968420_2955.jpg,"https://vanducheval.com/wp-content/uploads/2022/02/473971_1549968420_2955-1.jpg, https://vanducheval.com/wp-content/uploads/2022/02/473971_1549968422_6977.jpg, https://vanducheval.com/wp-content/uploads/2022/02/473971_1549968459_3528.jpg, https://vanducheval.com/wp-content/uploads/2022/02/473971_1549968462_8598.jpg, https://vanducheval.com/wp-content/uploads/2022/02/473971_1549968465_514.jpg, https://vanducheval.com/wp-content/uploads/2022/02/473971_1549968486_435.jpg, https://vanducheval.com/wp-content/uploads/2022/02/591448_1594376154_8219-300x300.jpg, https://vanducheval.com/wp-content/uploads/2022/02/591448_1594376154_8219-1-300x300.jpg, https://vanducheval.com/wp-content/uploads/2022/02/642457_1617126019_1484-300x300.jpg, https://vanducheval.com/wp-content/uploads/2022/02/642457_1617126019_1484-1-300x300.jpg",in_stock,10650.00 EUR,,used,VanDuCheval,V100-064,,yes,936,Van équestre,Or,,Aluminium,,,"Garantie: 12 mois, Marque: Ifor Williams, Modèle: HBX 506, Année: 2021, Première main: Oui, Etat: Neuf, Capacité: 2 Chevaux, Poids à vide: 865 Kilogrammes, Pont Avant, Arrière., Chevaux voyagent: Tête avant"
v100-065,,Van BOCKMANN DUO C NEUF,VAN BOCKMANN DUO C Pack luxe (2 places) NEUF disponible en stocks •Châssis en acier galvanisé à chaud en construction à longerons •Châssis surbaissé CFFplus (châssis à suspension type confort) •Roues automobiles en 14 pouces •Renforts arrières avec grilles •Roue jockey automatique •Roue de secours •Anti-vol d’attelage •Pack luxe : Plancher aluminium + Pare bottes composite + Capitonnages latéraux •Toit polyester avec fenêtres couleurs aux choix •Bâche arrière automatique avec moustiquaire intégrée •Dispositif de levage du pont avec amortisseurs à gaz •Barre de poitrail et de recul « antipanique » •Lumière intérieur (Blanche et Bleu) •Pont arrière avec revêtement caoutchouc à lattes moulées et arrêtoirs •Caoutchouc de plancher collé et jointé •Verrouillage de porte à 3 points •Multi Safe System (Barre de poitrail « antipanique » avant et arrière •Bat-flanc souple PVC avec partie haute ( 165 cm ) au garrot Options disponible sur ce modèle : • Séparation de tête grille ou pleine •PTAC possible de 1600 à 2400 kg,https://vanducheval.com/produit/van-bockmann-duo-c-neuf/,https://vanducheval.com/wp-content/uploads/2022/02/545290_1601477074.jpg,"https://vanducheval.com/wp-content/uploads/2022/02/545290_1601477074-1.jpg, https://vanducheval.com/wp-content/uploads/2022/02/545290_1601477126.jpg, https://vanducheval.com/wp-content/uploads/2022/02/545290_1601477185.jpg, https://vanducheval.com/wp-content/uploads/2022/02/545290_1601477230.jpg, https://vanducheval.com/wp-content/uploads/2022/02/545290_1601477286.jpg, https://vanducheval.com/wp-content/uploads/2022/02/545290_1601477342.jpg, https://vanducheval.com/wp-content/uploads/2022/02/545290_1601477378.jpg, https://vanducheval.com/wp-content/uploads/2022/02/545281_1612542743-300x300.jpg, https://vanducheval.com/wp-content/uploads/2022/02/545281_1574676878_3311-300x300.jpg, https://vanducheval.com/wp-content/uploads/2022/02/657251_1622961077_2724-300x300.jpg",in_stock,9280.00 EUR,6.22 EUR,used,Böckmann,V100-065,,yes,936,Van équestre,Blanc,,Acier,,,"Garantie: 24 mois, Marque: Bockmann, Modèle: DUO C LUXE, Année: 2021, Première main: Oui, Etat: Neuf, Capacité: 2 Chevaux, Pont Arrière., Chevaux voyagent: Tête avant, Permis spécifique: Oui"
v100-066,,Van Barbot Turbovan 2013,Marque: Barbot Modèle: Turbovan Année: 2013 Première main: Oui Etat:Neuf Capacité: 1 Cheval Pont Arrière. Chevaux voyagentTête avant Permis spécifique: Non,https://vanducheval.com/produit/van-barbot-turbovan-2013/,https://vanducheval.com/wp-content/uploads/2022/02/666055_1627278321_1692.jpg,"https://vanducheval.com/wp-content/uploads/2022/02/666055_1627278321_1692-1.jpg, https://vanducheval.com/wp-content/uploads/2022/02/17FD1783-4522-4881-BA02-2ABE7DBC65D7-300x300.jpeg, https://vanducheval.com/wp-content/uploads/2022/02/791AC595-DBD9-46A0-8025-5E17BAD6E111-300x300.jpeg, https://vanducheval.com/wp-content/uploads/2022/02/524968_1567687462_925-300x300.jpg, https://vanducheval.com/wp-content/uploads/2022/02/524968_1567687457_7514-300x300.jpg, https://vanducheval.com/wp-content/uploads/2022/02/567957_1583418328_4992-300x300.jpg, https://vanducheval.com/wp-content/uploads/2022/02/567957_1583418328_4992-1-300x300.jpg, https://vanducheval.com/wp-content/uploads/2022/02/573266_1586266181_3461-300x300.jpg, https://vanducheval.com/wp-content/uploads/2022/02/573266_1586266093_3094-300x300.jpg, https://vanducheval.com/wp-content/uploads/2022/02/408279_1521450676_1389-300x300.jpg",in_stock,7080.00 EUR,3.10 EUR,used,Barbot,V100-066,,yes,936,Van équestre,,,Acier,,,"Marque: Barbot, Modèle: Turbovan, Année: 2013, Première main: Oui, Etat:Neuf, Capacité: 1 Cheval, Pont Arrière., Chevaux voyagentTête avant, Permis spécifique: Non, Garantie: 60 mois"
v100-067,,CHEVAL LIBERTE - MULTIMAX,"Équipements du Multimax : – Toit et partie avant monocoque polyester renforcé – Suspension Pullman 2 – Grande sellerie modulable : cloison amovible, – Plancher et parois en aluminium garantie 5 ans, – Roue jockey automatique, – Porte de visite verrouillable, – Capitons confort, – Pont avant, – Roue jockey automatique, – Porte de visite verrouillable, – Barre d’attache à droite en inox, – Cales de roues, – 3ème feu stop, – Pont porte, – Bâche respirante auto enrouleuse, – Miroir de courtoisie, – Roue de secours dans la sellerie, – Suspensions Pullman 2, – Éclairage intérieur. Caractéristiques du Multimax : – Poids à vide : 960 kgs – PTAC : 1400 kgs 2600 kg – Dimensions totales : Haut : 2.72m – Larg : 2.29m – Long : 5.03m, – Dimensions utiles : Haut : 2.25m – Larg : 1.81m – Long : 3.78m Options disponibles : caméra de surveillance, antivol de tête d’attelage,barre d’attache supplémentaire, jantes aluminiums…",https://vanducheval.com/produit/cheval-liberte-multimax/,https://vanducheval.com/wp-content/uploads/2022/02/617429_1605877368_5261.jpg,"https://vanducheval.com/wp-content/uploads/2022/02/617429_1605877368_5261-1.jpg, https://vanducheval.com/wp-content/uploads/2022/02/617429_1605877377_6798.jpg, https://vanducheval.com/wp-content/uploads/2022/02/617429_1605877417_4526.jpg, https://vanducheval.com/wp-content/uploads/2022/02/617429_1605877466_8621.jpg, https://vanducheval.com/wp-content/uploads/2022/02/617429_1605877536_1477.jpg, https://vanducheval.com/wp-content/uploads/2022/02/617429_1605877570_4105.jpg, https://vanducheval.com/wp-content/uploads/2022/02/617429_1605877587_7459.jpg, https://vanducheval.com/wp-content/uploads/2022/02/617429_1605877602_7556.jpg, https://vanducheval.com/wp-content/uploads/2022/02/617429_1605877615_8464.jpg, https://vanducheval.com/wp-content/uploads/2022/02/617429_1605877659_1931.jpg",in_stock,10408.00 EUR,6.22 EUR,used,VanDuCheval,V100-067,,yes,936,Van équestre,Or,,Aluminium,,,"Garantie: 60 mois, Marque: Cheval Liberté, Modèle: Multimax, Année: 2021, Première main: Oui, Etat: Neuf, Capacité: 2 Chevaux, Poids à vide: 960 Kilogrammes, Pont Arrière., Chevaux voyagent: Tête avant"
v100-068,,FAUTRAS - OBLIC2 TROPHEE,"MODÈLE : NUNO COULEUR : BLANC GLACIER ANNÉE : 2020 ETAT : NEUF CARACTÉRISTIQUES : Van 1 place et demi avec sellerie. OPTIONS : 1 baie coulissante à l’avant, 1 coffre de sellerie complet. PTAC : 1200 KG",https://vanducheval.com/produit/fautras-oblic2-trophee/,https://vanducheval.com/wp-content/uploads/2022/02/666362_1627398096_3337.png,"https://vanducheval.com/wp-content/uploads/2022/02/666362_1627398096_3337-1-1.png, https://vanducheval.com/wp-content/uploads/2022/02/617951_1606123031_9817-300x300.jpg, https://vanducheval.com/wp-content/uploads/2022/02/617951_1606122942_4367-300x300.jpg, https://vanducheval.com/wp-content/uploads/2022/02/298811_1603351480-300x300.jpg, https://vanducheval.com/wp-content/uploads/2022/02/298811_1603351480-1-300x300.jpg, https://vanducheval.com/wp-content/uploads/2022/02/657060_1622835144_2092-300x300.jpg, https://vanducheval.com/wp-content/uploads/2022/02/657060_1622835144_2092-1-300x300.jpg, https://vanducheval.com/wp-content/uploads/2022/02/657479_1623070739_6044-300x300.jpg, https://vanducheval.com/wp-content/uploads/2022/02/657479_1623070739_6044-1-300x300.jpg, https://vanducheval.com/wp-content/uploads/2022/02/651996_1620591007_7071-300x300.jpg",in_stock,7200.00 EUR,,used,Fautras,V100-068,,yes,936,Van équestre,Blanc,,Acier,,,"Marque: Fautras, Modèle: TROPHEE, Année: 2005, Etat: Occasion, Capacité: 2 Chevaux, Poids à vide : 890 Kilogrammes, Chevaux voyagent: Tête avant, Permis spécifique: Oui, Garantie: 12 mois, Marque: Ifor Williams"
v100-069,,IFOR WILLIAMS - HB 511 DIAGONAL -NEUF- TOUTES COULEURS,"Disponible en graphite, bleu, rouge, noir et argent. Équipements du van HB 511 diagonal : – Pont avant, – Vitres latérales fixes, – Plancher aluminium, – Bat-flanc renforcé, – Feu de recul, – Volets au-dessus des ponts, – Porte de visite verrouillable, – Miroir de courtoisie, – Roue de secours, – Suspensions à lames de ressort, – Aérateur de toit, – Éclairage intérieur. Caractéristiques du van HB 511 : – Poids à vide : 1 000 kgs – PTAC : 1400 kgs 2700 kg – Pneus : 165R13C – Dimensions totales : Haut : 2.75m – Larg : 2.26m – Long : 4.65m, – Dimensions utiles : Haut : 2.26m – Larg : 1.79m – Long : 3.52m Options disponibles : système pont porte arrière, caméra de surveillance, aérations supplémentaires, capitons, housse de protection…)",https://vanducheval.com/produit/ifor-williams-hb-511-diagonal-neuf-toutes-couleurs/,https://vanducheval.com/wp-content/uploads/2022/02/621382_1607705930_796.jpg,"https://vanducheval.com/wp-content/uploads/2022/02/621382_1607705722_5767.jpg, https://vanducheval.com/wp-content/uploads/2022/02/621382_1607705726_8306.jpg, https://vanducheval.com/wp-content/uploads/2022/02/621382_1607705809_541.jpg, https://vanducheval.com/wp-content/uploads/2022/02/621382_1607705836_5253.jpg, https://vanducheval.com/wp-content/uploads/2022/02/621382_1607705916_2546.jpg, https://vanducheval.com/wp-content/uploads/2022/02/621382_1607705930_796-1.jpg, https://vanducheval.com/wp-content/uploads/2022/02/621382_1607706336_3117.jpg, https://vanducheval.com/wp-content/uploads/2022/02/621382_1607706380_608.jpg, https://vanducheval.com/wp-content/uploads/2022/02/406129_1520850177-300x300.jpg, https://vanducheval.com/wp-content/uploads/2022/02/406129_1520850059-300x300.jpg",in_stock,11130.00 EUR,,used,VanDuCheval,V100-069,,yes,936,Van équestre,Noir,,Aluminium,,,"Garantie: 12 mois, Marque: Ifor Williams, Modèle: HB 511 DIAGONAL, Année: 2021, Première main: Oui, Etat: Neuf, Capacité: 2 Chevaux, Poids à vide: 1000 Kilogrammes, Pont Avant, Arrière., Chevaux voyagent: De biais"
v100-070,,VAN DUOMAX CHEVAL LIBERTE,"VAN DUOMAX CHEVAL LIBERTE 2 PLACES DIAGONAL Au choix lors de la commande : – Séparation étalon OU – Séparation télescopique Equipement de série : • Châssis suspension Pullman 2 • Plancher aluminium • Parois aluminium anodisées • Sortie pont avant avec volet supérieur, fenêtres coulissante 400×500 intégrée avec barreaux de protection inox • Volet latéral avec fenêtres coulissante 400×500 intégrée avec barreaux de protection inox. • Fenêtre supplémentaire coulissante de ventilation 800×250 côté gauche. • Pont/porte arrière, bâche à enrouleur automatique ventilée. • Vaste compartiment sellerie avec grande porte d’accès intégrant une fenêtre de ventilation 300×400. • Double porte selle sur rail coulissant, porte filets et porte brides, porte document, miroir de courtoisie, éclairage. • Barre d’attache latérale en inox, à droite. • Roue de secours (installée dans la sellerie). • Roue jockey automatique escamotable, poignée de manoeuvre. • Roues jantes métal 185/65R14 • Ailes antichocs. • Séparation demi bat flanc aluminium avec séparation de tête, fermeture par sangle cuir. Barre de recul. • Disponible en plusieurs coloris : Blanc /gris silver / gris anthracite / rouge / noir • Longueur extérieure : 5,03 m • Largeur extérieure : 2,29 m • Longueur intérieure : 3,78 m • Largeur intérieure : 1,81 m • Poids à vide : 960 kg • PTAC : au choix 1400 à 2600 kg Options, montée à l’usine : Séparation sup. télescopique ou étalon (CZ000778) : 960 € Options : 2ème barre d’attache latérale en inox (CZ000436) : 319 € Hayon blanc arrière au-dessus du pont (CZ000518) : 500 € Jantes alu (PTAC max. 2500 kg) (JANTESALU14X4) : 690 € 3 sur tapis caoutchouc 1 x 2 m (CZ000032) : 480 € Barre d’éloignement (BARREELOIGNEMENT) : 420 € Caméra WIFI (CAMERA) : 220 € Antivol de tête (6775) : 47 €",https://vanducheval.com/produit/van-duomax-cheval-liberte/,https://vanducheval.com/wp-content/uploads/2022/02/547201_1603349574.jpg,"https://vanducheval.com/wp-content/uploads/2022/02/547201_1603349574-1.jpg, https://vanducheval.com/wp-content/uploads/2022/02/547201_1603349581.jpg, https://vanducheval.com/wp-content/uploads/2022/02/547201_1603349584.jpg, https://vanducheval.com/wp-content/uploads/2022/02/547201_1603349588.jpg, https://vanducheval.com/wp-content/uploads/2022/02/547201_1603349591.jpg, https://vanducheval.com/wp-content/uploads/2022/02/547201_1603349596.jpg, https://vanducheval.com/wp-content/uploads/2022/02/547201_1603349602.jpg, https://vanducheval.com/wp-content/uploads/2022/02/547201_1603349603.jpg, https://vanducheval.com/wp-content/uploads/2022/02/661417_1625039400_9714-300x300.jpg, https://vanducheval.com/wp-content/uploads/2022/02/661417_1625039400_9714-1-300x300.jpg",in_stock,13900.00 EUR,6.22 EUR,used,VanDuCheval,V100-070,,yes,936,Van équestre,Noir,,Aluminium,,,"Marque: Cheval Liberté, Modèle: DUOMAX, Année: 2021, Première main: Non, Etat: Neuf, Capacité: 2 Chevaux, Permis spécifique: Oui, Modèle: Marathon 2.4 T, Année: 2013, Première main: Oui"
v100-071,,"Van 1,5 pullman plancher alu","Marque: Cheval Liberté Modèle: Pullman Année: 2011 Première main: Non Etat: Occasion Capacité: 1,5 Chevaux Poids à vide: 600 Kilogrammes Pont Arrière. Chevaux voyagent: Tête avant Permis spécifique: Non",https://vanducheval.com/produit/van-15-pullman-plancher-alu/,https://vanducheval.com/wp-content/uploads/2022/02/667303_1627903492_5953.jpg,"https://vanducheval.com/wp-content/uploads/2022/02/667303_1627903492_5953-1.jpg, https://vanducheval.com/wp-content/uploads/2022/02/261256_1603352413-300x300.jpg, https://vanducheval.com/wp-content/uploads/2022/02/261256_1603352407-300x300.jpg, https://vanducheval.com/wp-content/uploads/2022/02/652748_1620934711_6012-300x300.jpg, https://vanducheval.com/wp-content/uploads/2022/02/473974_1606139484-300x300.jpg, https://vanducheval.com/wp-content/uploads/2022/02/473974_1549968762_7202-300x300.jpg, https://vanducheval.com/wp-content/uploads/2022/02/335232_1615541003-300x300.jpg, https://vanducheval.com/wp-content/uploads/2022/02/335232_1615540998-300x300.jpg, https://vanducheval.com/wp-content/uploads/2022/02/667555_1628004354_0342-300x300.jpg, https://vanducheval.com/wp-content/uploads/2022/02/593944_1595438880_3768-300x300.jpg",in_stock,3800.00 EUR,,used,VanDuCheval,V100-071,,yes,936,Van équestre,,,Aluminium,,,"Marque: Cheval Liberté, Modèle: Pullman, Année: 2011, Première main: Non, Etat: Occasion, Capacité: 1,5 Chevaux, Poids à vide: 600 Kilogrammes, Pont Arrière., Chevaux voyagent: Tête avant, Permis spécifique: Non"
v100-073,,Ifor williams hbx 506,"Van avec pont avant, pont porte arrière, porte de visite verrouillable, pont plancher et paroi en alu, ressort lame, roue de secours, goupille de sécurité. OPTION capitonné, grille de séparation de tête, sellerie de porte. encore garantie 3 mois taré a 2 tonnes donné pour chevaux à 170 cm",https://vanducheval.com/produit/ifor-williams-hbx-506/,https://vanducheval.com/wp-content/uploads/2022/02/666061_1627280069_1461.jpg,"https://vanducheval.com/wp-content/uploads/2022/02/666061_1627280069_1461-1.jpg, https://vanducheval.com/wp-content/uploads/2022/02/665864_1627163048_6488-300x300.jpg, https://vanducheval.com/wp-content/uploads/2022/02/665864_1627163048_6488-1-300x300.jpg, https://vanducheval.com/wp-content/uploads/2022/02/549171_1612542927-300x300.jpg, https://vanducheval.com/wp-content/uploads/2022/02/549171_1612542921-300x300.jpg, https://vanducheval.com/wp-content/uploads/2022/02/406129_1520850177-300x300.jpg, https://vanducheval.com/wp-content/uploads/2022/02/406129_1520850059-300x300.jpg, https://vanducheval.com/wp-content/uploads/2022/02/665649_1627044980_3325-300x300.jpg, https://vanducheval.com/wp-content/uploads/2022/02/665649_1627044980_3325-1-300x300.jpg, https://vanducheval.com/wp-content/uploads/2022/02/666362_1627398096_3337-300x300.png",in_stock,10000.00 EUR,6.22 EUR,used,VanDuCheval,V100-073,,yes,936,Van équestre,Or,,Acier,,,"Marque: Ifor Williams, Modèle: Jbx506, Année: 2021, Première main: Oui, Etat: Occasion, Capacité: 2 Chevaux, Poids à vide: 870, Pont Avant, Arrière., Chevaux voyagent: Tête avant, Permis spécifique: Oui"
v100-074,,IFOR WILLIAMS – 2 PL – HBX 506 CASIER SELLERIE NEUF,"Equipements du van HBX 506 Casier sellerie : – Vitres sur tout l’avant du van, – Aérations a l’avant, – Plancher, ponts et parois aluminium, – Feu de recul, – Casier sellerie intégrée, – Pont-porte arrière, – Volets au-dessus des ponts, – Bat-flanc a pilier central, – Porte de visite verrouillable, – Miroir de courtoisie, – Roue de secours, – Suspensions a lames de ressort, – Aérateur de toit, – Eclairage intérieur à LED. Caractéristiques du van HBX 506 Casier Sellerie: – Poids à vide : 865 kgs – PTAC : 1400 kgs 2600 kg – Pneus : 165R13C – Dimensions totales : Haut : 2.74m – Larg : 2.14m – Long : 4.30m, – Dimensions utiles : Haut : 2.29m – Larg : 1.67m – Long : 3.26m Sellerie et options disponibles (caméra, aérations supplémentaires, capitons, housse de protection…)",https://vanducheval.com/produit/ifor-williams-2-pl-hbx-506-casier-sellerie-neuf/,https://vanducheval.com/wp-content/uploads/2022/02/617968_1606125819_5135.jpg,"https://vanducheval.com/wp-content/uploads/2022/02/617968_1606125649_0092.jpg, https://vanducheval.com/wp-content/uploads/2022/02/617968_1606125708_1788.jpg, https://vanducheval.com/wp-content/uploads/2022/02/617968_1606125819_5135-1.jpg, https://vanducheval.com/wp-content/uploads/2022/02/617968_1606125888_9475.jpg, https://vanducheval.com/wp-content/uploads/2022/02/617968_1606126103_8886.jpg, https://vanducheval.com/wp-content/uploads/2022/02/617968_1606126185_1793.jpg, https://vanducheval.com/wp-content/uploads/2022/02/617968_1606126214_9431.jpg, https://vanducheval.com/wp-content/uploads/2022/02/661417_1625039400_9714-300x300.jpg, https://vanducheval.com/wp-content/uploads/2022/02/661417_1625039400_9714-1-300x300.jpg, https://vanducheval.com/wp-content/uploads/2022/02/666362_1627398096_3337-300x300.png",in_stock,8850.00 EUR,,used,VanDuCheval,V100-074,,yes,936,Van équestre,Or,,Aluminium,,,"Garantie: 12 mois, Marque: Ifor Williams, Modèle: HBX 506 CASIER SELLERIE, Année: 2021, Première main: Oui, Etat: Neuf, Capacité: 2 Chevaux, Poids à vide: 865 Kilogrammes, Pont Arrière., Chevaux voyagent: Tête avant"
v100-075,,Van 2 places Böckmann PORTAX L-K NEUF,"Van 2 places disponible PORTAX L-K ! modèle d’expo 2020 ! 2 chevaux avec sellerie et pont avant 4125 x 1750 x 2300 mm ( idéal grands chevaux ) – plancher aluminium – suspension à roues indépendantes WCF ( Westfalia ) – Amortisseur hydraulique à chaque roues – Roues de 14″ – système de freinage à inertie avec recul automatique , – pont porte arrière renforcé , – levage avec amortisseur à gaz , – pare botte composite – capitonnages – bâche arrière automatique avec moustiquaire – bat-flanc avec pilier central démontable – barre de poitrail et de recul réglable en hauteur et longueur, anti-panique avant et arrière – 6 fenêtres coulissantes – Aérateur de toit – 2 porteS de visite avec fermeture à clef 3 points , – attaches intérieur et extérieur – lumière intérieur à LED blanche et bleu pour les transports de nuit – sellerie intérieur avec porte selles, porte brides et divers rangements – mangeoires amovibles – roue jockey automatique – roue de secours – antivols tête attelage PTAC 2T500 Prix : 16680 € TTC ( au lieu de 19170 € TTC ) Date de mise en circulation 01/2020 pour expo uniquement ! Böckmann Center Lussan ZA du grand Lussan, D6, Audabiac 30580 LUSSAN",https://vanducheval.com/produit/van-2-places-bockmann-portax-l-k-neuf/,https://vanducheval.com/wp-content/uploads/2022/02/608560_1601880088_9413.jpg,"https://vanducheval.com/wp-content/uploads/2022/02/608560_1601880088_9413-1.jpg, https://vanducheval.com/wp-content/uploads/2022/02/608560_1601880097_9269.jpg, https://vanducheval.com/wp-content/uploads/2022/02/608560_1601880106_4357.jpg, https://vanducheval.com/wp-content/uploads/2022/02/608560_1601880115_9042.jpg, https://vanducheval.com/wp-content/uploads/2022/02/608560_1601880126_6076.jpg, https://vanducheval.com/wp-content/uploads/2022/02/608560_1601880134_2177.jpg, https://vanducheval.com/wp-content/uploads/2022/02/608560_1601880150_7005.jpg, https://vanducheval.com/wp-content/uploads/2022/02/608560_1601880159_5877.jpg, https://vanducheval.com/wp-content/uploads/2022/02/608560_1601880173_0023.jpg, https://vanducheval.com/wp-content/uploads/2022/02/608560_1601880199_4532.jpg",in_stock,16680.00 EUR,6.22 EUR,used,VanDuCheval,V100-075,,yes,936,Van équestre,Blanc,,Aluminium,,,"Garantie: 24 mois, Marque: Bockmann, Modèle: PORTAX L-K, Année: 2020, Première main: Non, Etat: Neuf, Capacité: 2 Chevaux, Pont Avant, Arrière., Permis spécifique: Non, Marque: Fautras"
v100-076,,Van BOCKMANN UNO + SELLERIE 1.5 places Neuf,"Garantie: 24 mois Marque: Bockmann Modèle: UNO S+B Sellerie Année: 2021 Première main: Oui Etat: Neuf Capacité: 1,5 Chevaux Pont Arrière. Chevaux voyagent: Tête avant Permis spécifique: Oui",https://vanducheval.com/produit/van-bockmann-uno-sellerie-1-5-places-neuf/,https://vanducheval.com/wp-content/uploads/2022/02/588926_1593265756_5616.jpg,"https://vanducheval.com/wp-content/uploads/2022/02/588926_1593265756_5616-1.jpg, https://vanducheval.com/wp-content/uploads/2022/02/588926_1593265759_6941.jpg, https://vanducheval.com/wp-content/uploads/2022/02/588926_1593265765_0256.jpg, https://vanducheval.com/wp-content/uploads/2022/02/588926_1593265768_0145.jpg, https://vanducheval.com/wp-content/uploads/2022/02/588926_1593265771_2289.jpg, https://vanducheval.com/wp-content/uploads/2022/02/588926_1593265773_5275.jpg, https://vanducheval.com/wp-content/uploads/2022/02/588926_1593265776_1111.jpg, https://vanducheval.com/wp-content/uploads/2022/02/588926_1593265792_0372.jpg, https://vanducheval.com/wp-content/uploads/2022/02/661934_1625234591_8113-300x300.jpg, https://vanducheval.com/wp-content/uploads/2022/02/661934_1625234591_8113-1-300x300.jpg",in_stock,6190.00 EUR,3.10 EUR,used,Böckmann,V100-076,,yes,936,Van équestre,Noir,,Acier,,,"Garantie: 24 mois, Marque: Bockmann, Modèle: UNO S+B Sellerie, Année: 2021, Première main: Oui, Etat: Neuf, Capacité: 1,5 Chevaux, Pont Arrière., Chevaux voyagent: Tête avant, Permis spécifique: Oui"
v100-077,,BOCKMANN NEO SKA WCF,Bockmann NEO SKA WCF Van très spacieux offrant un très grand espace pour les chevaux grâce à ses dimensions généreuses et son système d’éclairage naturel innovant. Caractéristiques: – 2 places – Parois et toit en polyester – Chassis WCF avec suspension automobile – Châssis en acier galvanisé à chaud – Grande roue jockey automatique – Antivol sur système d’attelages – Jantes aluminium 14 » – Roue de secours + support + housse – Ailes individuelles en polyester de couleur – Porte de visite avec fermeture à clef 3 points – Sellerie accessible de l’extérieur et de l’interieur avec 2 portes selle télescopiques/ pelle / balais / mangeoires/ miroir/ porte bride/ support de cravache. Fermeture à clef 3 points – Lumière intérieur LED ( Bleu/ Blanc) -Capitonnage – Pare-bottes composite – Bat flanc central amovible articulé avec pilier central – tapis caoutchouc supplémentaire – Barres de poitrail avec rembourrage supplémentaire – Barres de poitrail et de recul antipanique MULTI SAFE SYSTEM – Bâche arrière automatique avec aération – Pont arrière – PTAC 2700Kg – Poids à vide 1210Kg – Charge Utile 1490 Kg,https://vanducheval.com/produit/bockmann-neo-ska-wcf/,https://vanducheval.com/wp-content/uploads/2022/02/633388_1613145079_7401.jpg,"https://vanducheval.com/wp-content/uploads/2022/02/633388_1613145070_5867.jpg, https://vanducheval.com/wp-content/uploads/2022/02/633388_1613145079_7401-1.jpg, https://vanducheval.com/wp-content/uploads/2022/02/633388_1613145092_6702.jpg, https://vanducheval.com/wp-content/uploads/2022/02/633388_1613145096_7144.jpg, https://vanducheval.com/wp-content/uploads/2022/02/633388_1613145105_2722.jpg, https://vanducheval.com/wp-content/uploads/2022/02/633388_1613145115_2989.jpg, https://vanducheval.com/wp-content/uploads/2022/02/633388_1613145122_5053.jpg, https://vanducheval.com/wp-content/uploads/2022/02/545281_1612542743-300x300.jpg, https://vanducheval.com/wp-content/uploads/2022/02/545281_1574676878_3311-300x300.jpg, https://vanducheval.com/wp-content/uploads/2022/02/651996_1620591007_7071-300x300.jpg",in_stock,9890.00 EUR,6.22 EUR,used,Böckmann,V100-077,,yes,936,Van équestre,Blanc,,Acier,,,"Garantie: 24 mois, Marque: Bockmann, Année: 2021, Etat: Neuf, Capacité: 2 Chevaux, Pont Arrière., Chevaux voyagent: Tête avant, Permis spécifique: Non, Modèle: DUO Esprit Silver+Black"
v100-078,,BOCKMANN PORTAX ESPRIT S+B,Bockmann Portax Esprit Silver+Black Caractéristique: -2 places – Toit polyester (anthracite métallisé ou gris clair métallisé) – Chassis en acier glavanisé – Parois en aluminium 2000mm – Plancher en aluminium massif – Roue 13 pouces – Roue jockey automatique – Grande porte de visite – 2 baies coulissantes latérales – 2 baies basculantes teintées – Lumière intérieur LED (bleu/blanc) – Pare-bottes composite – Roue de secours+ support – Pont arrière équipé de 4 charnières – Bâche arrière automatique PTAC 2400Kg (possibilité de detarrer) Poids à vide 850Kg Charge utile 1550 Kg GARANTIE 2 ANS Options possible: – amortisseur de roue – sellerie – revêtement de pont à lattes moullées – Pont/porte arrière – grille poulain – séparationd de tête grille ou alu pleine,https://vanducheval.com/produit/bockmann-portax-esprit-sb/,https://vanducheval.com/wp-content/uploads/2022/02/633384_1613143586_7036.jpg,"https://vanducheval.com/wp-content/uploads/2022/02/633384_1613143586_7036-1.jpg, https://vanducheval.com/wp-content/uploads/2022/02/633384_1613143592_7606.jpg, https://vanducheval.com/wp-content/uploads/2022/02/633384_1613143597_196.jpg, https://vanducheval.com/wp-content/uploads/2022/02/633384_1613143603_6899.jpg, https://vanducheval.com/wp-content/uploads/2022/02/633384_1613143608_0002.jpg, https://vanducheval.com/wp-content/uploads/2022/02/573275_1597161422-300x300.jpg, https://vanducheval.com/wp-content/uploads/2022/02/573275_1586267931_183-300x300.jpg, https://vanducheval.com/wp-content/uploads/2022/02/661417_1625039400_9714-300x300.jpg, https://vanducheval.com/wp-content/uploads/2022/02/661417_1625039400_9714-1-300x300.jpg, https://vanducheval.com/wp-content/uploads/2022/02/657251_1622961077_2724-300x300.jpg",in_stock,9290.00 EUR,6.70 EUR,used,Böckmann,V100-078,,yes,936,Van équestre,Blanc,,Acier,,,"Garantie: 24 mois, Marque: Bockmann, Année: 2021, Etat: Neuf, Capacité: 2 Chevaux, Poids à vide: 850 Kilogrammes, Pont Arrière., Chevaux voyagent: Tête avant, Permis spécifique: Non, Modèle: COMFORT LUXE"
v100-080,,Van 1 place et demi,Marque : BARBOT Modèle : Turbovan PTC : 1 200 kg PV : 540 kg Année : 26 / 01 / 2010 Equipements & options : · Porte arrière + volet. · Pont à coulisse. · Roue de secours. · Baie panoramique. · Crochet sulky. · Jantes alu. · Porte avant. · Aérateur. · Coussins latéraux. · Barre de poitrail. · Chaîne de queue.,https://vanducheval.com/produit/van-1-place-et-demi/,https://vanducheval.com/wp-content/uploads/2022/02/663041_1625817197_8372.jpg,"https://vanducheval.com/wp-content/uploads/2022/02/663041_1625817197_8372-1.jpg, https://vanducheval.com/wp-content/uploads/2022/02/663041_1625817204_6118.jpg, https://vanducheval.com/wp-content/uploads/2022/02/663041_1625817211_0215.jpg, https://vanducheval.com/wp-content/uploads/2022/02/663041_1625817215_5579.jpg, https://vanducheval.com/wp-content/uploads/2022/02/667555_1628004354_0342-300x300.jpg, https://vanducheval.com/wp-content/uploads/2022/02/652826_1620980033_2598-300x300.jpg, https://vanducheval.com/wp-content/uploads/2022/02/628320_1611039479_3075-300x300.jpg, https://vanducheval.com/wp-content/uploads/2022/02/628320_1611039479_3075-1-300x300.jpg, https://vanducheval.com/wp-content/uploads/2022/02/667632_1628062625_515-300x300.jpg, https://vanducheval.com/wp-content/uploads/2022/02/667632_1628062625_515-1-300x300.jpg",in_stock,7200.00 EUR,3.10 EUR,used,VanDuCheval,V100-080,,yes,936,Van équestre,Or,,Acier,,,"Garantie: 3 mois, Marque: Barbot, Modèle: turbovan, Année: 2010, Première main: Oui, Etat: Occasion, Capacité: 1,5 Chevaux, Poids à vide: 540 Kilogrammes, Pont Arrière., Chevaux voyagent: Tête avant"
v100-081,,BOCKMANN DUO ESPRIT S+B / NEUF,Van BOCKMANN DUO ESPRIT Silver+Black avec pack luxe (2 places) EN STOCK . Parois plywood couleur gris granit . Toit en polyster gris métallisé . Barre de poitrail anti-panique . Bâche arrière manuelle . Roue de secours avec support . Roue jockey automatique . Tête d’attelage sans antivol (disponible au prix de 35€TTC) . Adaptateur 7/13 poles . Fenêtres rectangulaire ouvrables,https://vanducheval.com/produit/bockmann-duo-esprit-sb-neuf/,https://vanducheval.com/wp-content/uploads/2022/02/545281_1612542743.jpg,"https://vanducheval.com/wp-content/uploads/2022/02/545281_1574676878_3311.jpg, https://vanducheval.com/wp-content/uploads/2022/02/545281_1574676940_4565.jpg, https://vanducheval.com/wp-content/uploads/2022/02/545281_1574676951_4519.jpg, https://vanducheval.com/wp-content/uploads/2022/02/545281_1574676956_9242.jpg, https://vanducheval.com/wp-content/uploads/2022/02/545281_1574676965_3651.jpg, https://vanducheval.com/wp-content/uploads/2022/02/545281_1612542743-1.jpg, https://vanducheval.com/wp-content/uploads/2022/02/545281_1612542748.jpg, https://vanducheval.com/wp-content/uploads/2022/02/545281_1612542756.jpg, https://vanducheval.com/wp-content/uploads/2022/02/573275_1597161422-300x300.jpg, https://vanducheval.com/wp-content/uploads/2022/02/573275_1586267931_183-300x300.jpg",in_stock,5990.00 EUR,6.70 EUR,used,Böckmann,V100-081,,yes,936,Van équestre,Gris,,Acier,,,"Garantie: 24 mois, Marque: Bockmann, Modèle: DUO Esprit Silver+Black, Année: 2021, Première main: Oui, Etat: Neuf, Capacité: 2 Chevaux, Pont Arrière., Chevaux voyagent: Tête avant, Permis spécifique: Oui"
v100-082,,Van ifor Williams 2 chevaux,"Marque: Ifor Williams Modèle: HB505 Année: 1996 Première main: Non Etat: Occasion Capacité: 2 Chevaux Poids à vide: 890 Kilogrammes Pont Avant, Arrière. Chevaux voyagent: Tête avant Permis spécifique: Oui",https://vanducheval.com/produit/van-ifor-williams-2-chevaux/,https://vanducheval.com/wp-content/uploads/2022/02/666661_1627557657_507.jpg,"https://vanducheval.com/wp-content/uploads/2022/02/666661_1627557657_507-1.jpg, https://vanducheval.com/wp-content/uploads/2022/02/545281_1612542743-300x300.jpg, https://vanducheval.com/wp-content/uploads/2022/02/545281_1574676878_3311-300x300.jpg, https://vanducheval.com/wp-content/uploads/2022/02/608560_1601880088_9413-300x300.jpg, https://vanducheval.com/wp-content/uploads/2022/02/608560_1601880088_9413-1-300x300.jpg, https://vanducheval.com/wp-content/uploads/2022/02/659250_1623929799_9606-300x300.jpg, https://vanducheval.com/wp-content/uploads/2022/02/667661_1628067425_8023-2-300x300.jpg, https://vanducheval.com/wp-content/uploads/2022/02/667661_1628067425_8023-3-300x300.jpg, https://vanducheval.com/wp-content/uploads/2022/02/652824_1620979838_3386-300x300.jpg, https://vanducheval.com/wp-content/uploads/2022/02/659230_1623924406_4908-300x300.jpg",in_stock,3200.00 EUR,6.22 EUR,used,VanDuCheval,V100-082,,yes,936,Van équestre,Or,,Bois,,,"Marque: Ifor Williams, Modèle: HB505, Année: 1996, Première main: Non, Etat: Occasion, Capacité: 2 Chevaux, Poids à vide: 890 Kilogrammes, Pont Avant, Arrière., Chevaux voyagent: Tête avant, Permis spécifique: Oui"
v100-083,,CHEVAL LIBERTÉ - 2 PLACES - 2006,"CHEVAL LIBERTÉ 2 PLACES OBLIC : Plancher bois 2 baies basculantes Pont arrière Sellerie avant GARANTIE PROFESSIONNELLE 6 MOIS PTAC 2500kg – Poids à vide 830kg SERA VENDU AVEC REVISION COMPLÈTE (FREINS, ESSIEUX, ELECTRICITÉ, PLANCHER, PNEUS ATTELAGE)",https://vanducheval.com/produit/cheval-liberte-2-places-2006/,https://vanducheval.com/wp-content/uploads/2022/02/655385_1622108444_5681.jpg,"https://vanducheval.com/wp-content/uploads/2022/02/655385_1622108444_5681-1.jpg, https://vanducheval.com/wp-content/uploads/2022/02/655385_1622108447_5378.jpg, https://vanducheval.com/wp-content/uploads/2022/02/655385_1622108450_5668.jpg, https://vanducheval.com/wp-content/uploads/2022/02/625373_1609925651_9726-300x300.jpg, https://vanducheval.com/wp-content/uploads/2022/02/625373_1609925651_9726-1-300x300.jpg, https://vanducheval.com/wp-content/uploads/2022/02/608560_1601880088_9413-300x300.jpg, https://vanducheval.com/wp-content/uploads/2022/02/608560_1601880088_9413-1-300x300.jpg, https://vanducheval.com/wp-content/uploads/2022/02/406129_1520850177-300x300.jpg, https://vanducheval.com/wp-content/uploads/2022/02/406129_1520850059-300x300.jpg, https://vanducheval.com/wp-content/uploads/2022/02/659230_1623924406_4908-300x300.jpg",in_stock,5500.00 EUR,,used,VanDuCheval,V100-083,,yes,936,Van équestre,,,Bois,,,"Marque: Cheval Liberté, Année: 2006, Etat: Occasion, Capacité: 2 Chevaux, Permis spécifique: Oui, Plancher bois, 2 baies basculantes, Pont arrière, Sellerie avant, Garantie: 24 mois"
v100-084,,Van Hotra 2 places 2012,Marque: Hotra Modèle: 2 places Année: 2012 Première main: Oui Etat: Occasion Capacité: 2 Chevaux Poids à vide: 750 Pont Arrière. Chevaux voyagent: Tête avant Permis spécifique: Oui,https://vanducheval.com/produit/van-hotra-2-places-2012/,https://vanducheval.com/wp-content/uploads/2022/02/665675_1627050799_0174.jpg,"https://vanducheval.com/wp-content/uploads/2022/02/665675_1627050799_0174-1.jpg, https://vanducheval.com/wp-content/uploads/2022/02/651996_1620591007_7071-300x300.jpg, https://vanducheval.com/wp-content/uploads/2022/02/651996_1620591007_7071-1-300x300.jpg, https://vanducheval.com/wp-content/uploads/2022/02/664966_1626763885_7417-300x300.jpg, https://vanducheval.com/wp-content/uploads/2022/02/664966_1626763881_1467-300x300.jpg, https://vanducheval.com/wp-content/uploads/2022/02/659230_1623924406_4908-300x300.jpg, https://vanducheval.com/wp-content/uploads/2022/02/659230_1623924406_4908-1-300x300.jpg, https://vanducheval.com/wp-content/uploads/2022/02/659250_1623929799_9606-300x300.jpg, https://vanducheval.com/wp-content/uploads/2022/02/665864_1627163048_6488-300x300.jpg, https://vanducheval.com/wp-content/uploads/2022/02/665864_1627163048_6488-1-300x300.jpg",in_stock,5000.00 EUR,6.22 EUR,used,Hotra,V100-084,,yes,936,Van équestre,,,Acier,,,"Marque: Hotra, Modèle: 2 places, Année: 2012, Première main: Oui, Etat: Occasion, Capacité: 2 Chevaux, Poids à vide: 750, Pont Arrière., Chevaux voyagent: Tête avant, Permis spécifique: Oui"
v100-085,,IFOR WILLIAMS HB 403 NEUF,"Equipements du van HB 403 confort : – Vitres latérales fixes, – Plancher aluminium, – Feu de recul, – Pont avant, – Volets au-dessus des ponts, – Porte de visite verrouillable, – Miroir, – Roue de secours, – Suspensions a lames de ressort, – Aérateur de toit, – Eclairage intérieur. Caractéristiques du van HB 403 confort : – Poids à vide : 767 kgs – PTAC : 1100 kgs 1600 kg – Pneus : 165R13C – Dimensions totales : Haut : 2.70m – Larg : 1.76m – Long : 4.36m, – Dimensions utiles : Haut : 2.20m – Larg : 1.30m – Long : 3.08m Sellerie et options disponibles (caméra, aérations supplémentaires, capitons, housse de protection…)",https://vanducheval.com/produit/ifor-williams-hb-403-neuf/,https://vanducheval.com/wp-content/uploads/2022/02/408279_1521450676_1389.jpg,"https://vanducheval.com/wp-content/uploads/2022/02/408279_1521450667_5309.jpg, https://vanducheval.com/wp-content/uploads/2022/02/408279_1521450667_7465.jpg, https://vanducheval.com/wp-content/uploads/2022/02/408279_1521450676_1389-1.jpg, https://vanducheval.com/wp-content/uploads/2022/02/408279_1606140214.jpg, https://vanducheval.com/wp-content/uploads/2022/02/408279_1606140245.jpg, https://vanducheval.com/wp-content/uploads/2022/02/408279_1606140267.jpg, https://vanducheval.com/wp-content/uploads/2022/02/663874_1626285825_5057-300x300.jpg, https://vanducheval.com/wp-content/uploads/2022/02/663874_1626285825_5057-1-300x300.jpg, https://vanducheval.com/wp-content/uploads/2022/02/667303_1627903492_5953-300x300.jpg, https://vanducheval.com/wp-content/uploads/2022/02/667303_1627903492_5953-1-300x300.jpg",in_stock,7400.00 EUR,5.20 EUR,used,VanDuCheval,V100-085,,yes,936,Van équestre,Or,,Aluminium,,,"Garantie: 12 mois, Marque: Ifor Williams, ModèleHB 403, Année: 2021, Première main: Oui, Etat: Neuf, Capacité: 1,5 Chevaux, Poids à vide: 767 Kilogrammes, Pont Avant, Arrière., Chevaux voyagent: Tête avant"
v100-086,,CHEVAL LIBERTE – 2 PLACES – GOLD 3,"Également disponible en location longue durée sur 4 ans* Equipement du van Gold 3 : – Une paire de lanterneaux latéraux, – Sellerie, – Plancher et parois en aluminium garantie 5 ans, – Batflanc amovible, – Capitons confort, – Anneaux filet a foin, – Roue jockey automatique, – Porte de visite verrouillable, – Cales de roues, – 3ème feu stop, – Pont porte, – Bâche respirante auto enrouleuse, – Miroir de courtoisie, – Roue de secours, – Suspensions Pullman 2, – Eclairage intérieur. Caractéristiques du van Gold 3 : – Poids à vide : 825 kgs – PTAC : 1400 kgs 2600 kg – Dimensions totales : Haut : 2.67m – Larg : 2.11m – Long : 4.43m, – Dimensions utiles : Haut : 2.30m – Larg : 1.67m – Long : 3.42m – Dimensions utiles : Haut : 2.30m – Larg : 1.67m – Long : 3.15m Options disponibles : caméra de surveillance, antivol de tête d’attelage,barre d’attache supplémentaire, jantes aluminiums…",https://vanducheval.com/produit/cheval-liberte-2-places-gold-3/,https://vanducheval.com/wp-content/uploads/2022/02/568943_1605277739.jpg,"https://vanducheval.com/wp-content/uploads/2022/02/568943_1605277614.jpg, https://vanducheval.com/wp-content/uploads/2022/02/568943_1605277739-1.jpg, https://vanducheval.com/wp-content/uploads/2022/02/568943_1605277820.jpg, https://vanducheval.com/wp-content/uploads/2022/02/568943_1605277892.jpg, https://vanducheval.com/wp-content/uploads/2022/02/568943_1605278041.jpg, https://vanducheval.com/wp-content/uploads/2022/02/568943_1605278175.jpg, https://vanducheval.com/wp-content/uploads/2022/02/558052_1579765553_0271-300x300.jpg, https://vanducheval.com/wp-content/uploads/2022/02/558052_1579765553_0271-1-300x300.jpg, https://vanducheval.com/wp-content/uploads/2022/02/625373_1609925651_9726-300x300.jpg, https://vanducheval.com/wp-content/uploads/2022/02/625373_1609925651_9726-1-300x300.jpg",in_stock,7300.00 EUR,5200.00 EUR,used,VanDuCheval,V100-086,,yes,936,Van équestre,Or,,Aluminium,,,"Garantie: 60 mois, Marque:Cheval Liberté, Modèle: Gold 3, Année: 2021, Première main: Oui, Etat: Neuf, Capacité: 2 Chevaux, Poids à vide: 790 Kilogrammes, Pont Arrière., Chevaux voyagent: Tête avant"
v100-087,,Van BOCKMANN UNO C Pack LUXE 1.5 places Neuf,VAN BOCKMANN UNO Pack luxe (1place et demi) NEUF ** EN STOCK** •Châssis en acier galvanisé à chaud en construction à longerons •Châssis surbaissé CFFplus (châssis à amortisseurs de roue) •Roues automobiles en 14 pouces •Renforts arrières avec grilles •Roue jockey automatique •Roue de secours •Anti-vol d’attelage •Pack luxe : Plancher aluminium + Pare bottes composite + Capitonnages latéraux •Toit polyester avec fenêtres •Bâche arrière automatique avec moustiquaire intégrée •Dispositif de levage du pont avec amortisseurs à gaz •Barre de poitrail et de recul « antipanique » •Lumière intérieur (Blanche et Bleu) •Pont arrière avec revêtement caoutchouc à lattes moulées et arrêtoirs •Caoutchouc de plancher collé et jointé •Verrouillage de porte à 3 points Options disponible : • Sellerie équipé avec Fermeture à clés +749€ • Toit polyester : couleurs aux choix • Housse pour roue de secours +95€ • Pack luxe : Plancher aluminium + Pare bottes composite + Capitonnages latéraux • PTAC possible de 1100 à 1600 kg,https://vanducheval.com/produit/van-bockmann-uno-c-pack-luxe-1-5-places-neuf/,https://vanducheval.com/wp-content/uploads/2022/02/572516_1585919892_9767.jpg,"https://vanducheval.com/wp-content/uploads/2022/02/572516_1585919693_6232.jpg, https://vanducheval.com/wp-content/uploads/2022/02/572516_1585919705_8542.jpg, https://vanducheval.com/wp-content/uploads/2022/02/572516_1585919782_6867.jpg, https://vanducheval.com/wp-content/uploads/2022/02/572516_1585919819_1383.jpg, https://vanducheval.com/wp-content/uploads/2022/02/572516_1585919892_9767-1.jpg, https://vanducheval.com/wp-content/uploads/2022/02/572516_1585919995_335.jpg, https://vanducheval.com/wp-content/uploads/2022/02/572516_1585920068_9988.jpg, https://vanducheval.com/wp-content/uploads/2022/02/572516_1585920178_7462.jpg, https://vanducheval.com/wp-content/uploads/2022/02/572516_1585920331_0364.jpg, https://vanducheval.com/wp-content/uploads/2022/02/572516_1595438603.jpg",in_stock,6690.00 EUR,5.20 EUR,used,Böckmann,V100-087,,yes,936,Van équestre,Blanc,,Acier,,,"Garantie: 24 mois, Marque: Bockmann, Modèle: Uno C LUXE, Année: 2021, Première main: Oui, Etat: Neuf, Capacité: 1,5 Chevaux, Pont Arrière., Chevaux voyagent: Tête avant, Permis spécifique: Oui"
v100-088,,IFOR WILLIAMS – 2 PL – HBE 506 CASIER SELLERIE NEUF,"Caractéristiques du van HBE 506 casier sellerie : – Poids à vide : 775 kgs – PTAC : 2000 kg – Pneus : 165R13C – Dimensions totales : Haut : 2.75m – Larg : 2.14m – Long : 4.30m, – Dimensions utiles : Haut : 2.29m – Larg : 1.67m – Long : 3.26m – Couleurs disponibles : rouge, noir et argent Équipements du van HBE 506 Casier Sellerie : – Sellerie intégrée, – 2 vitres avant avec système d’ouverture, – Plancher et parois aluminium, – Feu de recul, – Pont-porte arrière, – Bâche ventilée au-dessus du pont arrière , – Bat-flanc, – Porte de visite verrouillable, – Miroir de courtoisie, – Roue de secours, – Suspensions a lames de ressort, – Aérateur de toit, – Éclairage intérieur à LED. Couleurs disponibles : noir ou argent Options disponibles : – Caméra – Capitons – Housse de protection",https://vanducheval.com/produit/ifor-williams-2-pl-hbe-506-casier-sellerie-neuf/,https://vanducheval.com/wp-content/uploads/2022/02/617951_1606123031_9817.jpg,"https://vanducheval.com/wp-content/uploads/2022/02/617951_1606122942_4367.jpg, https://vanducheval.com/wp-content/uploads/2022/02/617951_1606123002_61.jpg, https://vanducheval.com/wp-content/uploads/2022/02/617951_1606123017_2317.jpg, https://vanducheval.com/wp-content/uploads/2022/02/617951_1606123031_9817-1.jpg, https://vanducheval.com/wp-content/uploads/2022/02/617951_1606123065_1098.jpg, https://vanducheval.com/wp-content/uploads/2022/02/617951_1606123197_3629.jpg, https://vanducheval.com/wp-content/uploads/2022/02/666015_1627236238_1858-300x300.jpg, https://vanducheval.com/wp-content/uploads/2022/02/666015_1627236147_6505-300x300.jpg, https://vanducheval.com/wp-content/uploads/2022/02/573275_1597161422-300x300.jpg, https://vanducheval.com/wp-content/uploads/2022/02/573275_1586267931_183-300x300.jpg",in_stock,9950.00 EUR,6.22 EUR,used,VanDuCheval,V100-088,,yes,936,Van équestre,Noir,,Aluminium,,,"Garantie: 12 mois, Marque: Ifor Williams, Modèle: HBE 506 Casier sellerie, Année: 2021, Première main: Oui, Etat: Neuf, Capacité: 2 Chevaux, Poids à vide: 775 Kilogrammes, Pont Arrière., Chevaux voyagent: Tête avant"
v100-089,,Van fautras 3 places,"Van fautras oblic 3+ de 2012. Entièrement révisé. Toujours stocké à l abris. Pneus neufs. Nombreuses options (roue de secours, ouverture estivale, pont arrière, grande sellerie, antivol sur tête d attelage…",https://vanducheval.com/produit/van-fautras-3-places/,https://vanducheval.com/wp-content/uploads/2022/02/665157_1626853516_2136.jpg,"https://vanducheval.com/wp-content/uploads/2022/02/665157_1626853516_2136-1.jpg, https://vanducheval.com/wp-content/uploads/2022/02/549169_1577352815-300x300.jpg, https://vanducheval.com/wp-content/uploads/2022/02/549169_1577352521-300x300.jpg, https://vanducheval.com/wp-content/uploads/2022/02/663217_1625913637_7644-300x300.jpg, https://vanducheval.com/wp-content/uploads/2022/02/573275_1597161422-300x300.jpg, https://vanducheval.com/wp-content/uploads/2022/02/573275_1586267931_183-300x300.jpg, https://vanducheval.com/wp-content/uploads/2022/02/473971_1549968420_2955-300x300.jpg, https://vanducheval.com/wp-content/uploads/2022/02/473971_1549968420_2955-1-300x300.jpg, https://vanducheval.com/wp-content/uploads/2022/02/545290_1601477074-300x300.jpg, https://vanducheval.com/wp-content/uploads/2022/02/545290_1601477074-1-300x300.jpg",in_stock,10700.00 EUR,6.22 EUR,used,Fautras,V100-089,,yes,936,Van équestre,Vert,,Acier,,,"Marque: Fautras, Modèle: Oblic 3+, Année: 2012, Etat: Occasion, Capacité: 3 Chevaux, Pont Arrière., Chevaux voyagent: De biais, Permis spécifique: Oui, Garantie: 24 mois, Marque: Bockmann"
v100-090,,Van 2 chevaux ifo williams hb505,"Marque:Ifor Williams Modèle: HB 505 Année: 1982 Première main: Non Etat: Occasion Capacité: 2 Chevaux Poids à vide: 720 Kilogrammes Pont Avant, Arrière. Chevaux voyagent: Tête avant Permis spécifique: Oui",https://vanducheval.com/produit/van-2-chevaux-ifo-williams-hb505/,https://vanducheval.com/wp-content/uploads/2022/02/665864_1627163048_6488.jpg,"https://vanducheval.com/wp-content/uploads/2022/02/665864_1627163048_6488-1.jpg, https://vanducheval.com/wp-content/uploads/2022/02/661300_1627813196-240x300.jpg, https://vanducheval.com/wp-content/uploads/2022/02/545281_1612542743-300x300.jpg, https://vanducheval.com/wp-content/uploads/2022/02/545281_1574676878_3311-300x300.jpg, https://vanducheval.com/wp-content/uploads/2022/02/652824_1620979838_3386-300x300.jpg, https://vanducheval.com/wp-content/uploads/2022/02/558052_1579765553_0271-300x300.jpg, https://vanducheval.com/wp-content/uploads/2022/02/558052_1579765553_0271-1-300x300.jpg, https://vanducheval.com/wp-content/uploads/2022/02/634596_1613663556_8386-300x300.jpg, https://vanducheval.com/wp-content/uploads/2022/02/634596_1613663552_5596-300x300.jpg, https://vanducheval.com/wp-content/uploads/2022/02/473971_1549968420_2955-300x300.jpg",in_stock,4800.00 EUR,,used,VanDuCheval,V100-090,,yes,936,Van équestre,Or,,Acier,,,"Marque:Ifor Williams, Modèle: HB 505, Année: 1982, Première main: Non, Etat: Occasion, Capacité: 2 Chevaux, Poids à vide: 720 Kilogrammes, Pont Avant, Arrière., Chevaux voyagent: Tête avant, Permis spécifique: Oui"
v100-091,,VAN CHEVAL LIBERTE OPTIMAX 4 P,"VAN CHEVAL LIBERTE OPTIMAX 4 PLACES DU 11/2019 PEU SERVI TRES BON ETAT PONT PAROIS ET PLANCHER ALUMINIUM, PORTE COUVERTURE, 2 LANTERNEAUX DE TOIT, SURTAPIS, SELLERIE INDEPENDANTE, CHASSIS SURBAISSE, SUSPENSION PULLMAN 2, PONT PORTE ARRIERE, PONT AVANT, OUVERTURE ESTIVALE, ROUE DE SECOURS ECLAIRAGE INTERIEUR, PTAC 3T",https://vanducheval.com/produit/van-cheval-liberte-optimax-4-p/,https://vanducheval.com/wp-content/uploads/2022/02/666005_1627234431_3778.jpg,"https://vanducheval.com/wp-content/uploads/2022/02/666005_1627234431_3778-1.jpg, https://vanducheval.com/wp-content/uploads/2022/02/666005_1627234471_9589.jpg, https://vanducheval.com/wp-content/uploads/2022/02/666005_1627234495_8056.jpg, https://vanducheval.com/wp-content/uploads/2022/02/666005_1627234523_9457.jpg, https://vanducheval.com/wp-content/uploads/2022/02/666005_1627234551_092.jpg, https://vanducheval.com/wp-content/uploads/2022/02/666015_1627236238_1858-300x300.jpg, https://vanducheval.com/wp-content/uploads/2022/02/666015_1627236147_6505-300x300.jpg, https://vanducheval.com/wp-content/uploads/2022/02/645206_1618323194_903-300x300.jpg, https://vanducheval.com/wp-content/uploads/2022/02/645206_1618323194_903-1-300x300.jpg, https://vanducheval.com/wp-content/uploads/2022/02/617951_1606123031_9817-300x300.jpg",in_stock,13280.00 EUR,6.22 EUR,used,VanDuCheval,V100-091,,yes,936,Van équestre,Vert,,Aluminium,,,"Marque: Cheval Liberté, Modèle: OPTIMAX, Année: 2019, Première main: Oui, Etat: Occasion, Capacité: 4 Chevaux, Pont Avant, Arrière., Chevaux voyagent: De biais, Permis spécifique: Oui, Modèle: MAXI 2"
v100-092,,Vans BÖCKMANN NEUF,"Equip’Horse revendeur de la marque allemande de vans Böckmann dans les départements (27/ 76/ 14/ 61/ 28/ 45/ 41), vous propose : – La gamme Böckmann avec en stock permanent les véhicules les plus vendus, les autres sont disponibles sur commande. – Vans d’occasions toutes marques – Un service d’entretien – Un stock pièce détachés",https://vanducheval.com/produit/vans-bockmann-neuf/,https://vanducheval.com/wp-content/uploads/2022/02/567957_1583418328_4992.jpg,"https://vanducheval.com/wp-content/uploads/2022/02/567957_1583418328_4992-1.jpg, https://vanducheval.com/wp-content/uploads/2022/02/567957_1583418337_045.jpg, https://vanducheval.com/wp-content/uploads/2022/02/567957_1583418398_5107.jpg, https://vanducheval.com/wp-content/uploads/2022/02/567957_1583418407_2342.jpg, https://vanducheval.com/wp-content/uploads/2022/02/567957_1583418411_1041.jpg, https://vanducheval.com/wp-content/uploads/2022/02/628320_1611039479_3075-300x300.jpg, https://vanducheval.com/wp-content/uploads/2022/02/628320_1611039479_3075-1-300x300.jpg, https://vanducheval.com/wp-content/uploads/2022/02/408279_1521450676_1389-300x300.jpg, https://vanducheval.com/wp-content/uploads/2022/02/408279_1521450667_5309-300x300.jpg, https://vanducheval.com/wp-content/uploads/2022/02/618644_1606386568_232-300x300.jpg",in_stock,5830.00 EUR,,used,VanDuCheval,V100-092,,yes,936,Van équestre,Or,,Acier,,,"Garantie: 24 mois, Marque: Bockmann, Année: 2020, Première main: Non, Etat: Neuf, Capacité: 1,5 Chevaux, Permis spécifique: Oui, Modèle: Uno C Luxe, Année:2021"
v100-093,,IFOR WILLIAMS – HBE 506 – 2 PLACES – NEUF,"Egalement disponible avec un grand casier sellerie Equipement du van HBE 506 : – 2 lanterneaux avant, – Aérations a l’avant, – Plancher, pont et parois aluminium, – Feu de recul, – Pont-porte arrière, – Porte de visite verrouillable, – Miroir, – Roue de secours, – Suspensions a lames de ressort, – Eclairage intérieur à LED. Caractéristiques du van HBE 506 : – Poids à vide : 775 kgs – PTAC : 2000 kg – Pneus : 165R13C – Dimensions totales : Haut : 2.75m – Larg : 2.14m – Long : 4.30m, – Dimensions utiles : Haut : 2.29m – Larg : 1.67m – Long : 3.26m – Couleurs disponibles : noir et argent Options disponibles : – Caméra – Aération supplémentaires – Capitons – Housse de protection",https://vanducheval.com/produit/ifor-williams-hbe-506-2-places-neuf/,https://vanducheval.com/wp-content/uploads/2022/02/558052_1579765553_0271.jpg,"https://vanducheval.com/wp-content/uploads/2022/02/558052_1579765553_0271-1.jpg, https://vanducheval.com/wp-content/uploads/2022/02/558052_1579765610_2635.jpg, https://vanducheval.com/wp-content/uploads/2022/02/558052_1579765661_8203.jpg, https://vanducheval.com/wp-content/uploads/2022/02/558052_1579765666_0216.jpg, https://vanducheval.com/wp-content/uploads/2022/02/558052_1579765681_9057.jpg, https://vanducheval.com/wp-content/uploads/2022/02/659250_1623929799_9606-300x300.jpg, https://vanducheval.com/wp-content/uploads/2022/02/661300_1627813196-240x300.jpg, https://vanducheval.com/wp-content/uploads/2022/02/659230_1623924406_4908-300x300.jpg, https://vanducheval.com/wp-content/uploads/2022/02/659230_1623924406_4908-1-300x300.jpg, https://vanducheval.com/wp-content/uploads/2022/02/664966_1626763885_7417-300x300.jpg",in_stock,9310.00 EUR,6.22 EUR,used,VanDuCheval,V100-093,,yes,936,Van équestre,Noir,,Aluminium,,,"Garantie: 12 mois, Marque: Ifor Williams, ModèleHBE 506, Année: 2021, Première main: Oui, Etat: Neuf, Capacité: 2 Chevaux, Poids à vide: 775 Kilogrammes, Pont Arrière., Chevaux voyagent: Tête avant"
v100-094,,VANS BOCKMAN DUO C DE 2015,VAN 2 PLACES BOCKMANN DUO C Modèle de 2015 équipements: – Parois plywood anthracite – Toit polyester gris clair métallisé – système d’attelage avec antivol – roue de secours + support – roue jockey automatique – châssis acier galvanisé – plancher aluminium – jantes acier 14″ – amortisseur de roue CFF+ – 2 baies basculantes teintées – Porte de visite fermeture à clefs 3 points – multi safe system ( barres de poitrail et de queue antipanique) – capitonnage – Pare-botte composite – tapis caoutchouc colle et scelle – lumière inteireur – Pont arrière – Bâche arrière automatique avec moustiquaire intégrée,https://vanducheval.com/produit/vans-bockman-duo-c-de-2015/,https://vanducheval.com/wp-content/uploads/2022/02/665323_1626881905_7431.jpg,"https://vanducheval.com/wp-content/uploads/2022/02/665323_1626881905_7431-1.jpg, https://vanducheval.com/wp-content/uploads/2022/02/665323_1626881909_576.jpg, https://vanducheval.com/wp-content/uploads/2022/02/665323_1626881914_4206.jpg, https://vanducheval.com/wp-content/uploads/2022/02/665323_1626881918_994.jpg, https://vanducheval.com/wp-content/uploads/2022/02/657479_1623070739_6044-300x300.jpg, https://vanducheval.com/wp-content/uploads/2022/02/657479_1623070739_6044-1-300x300.jpg, https://vanducheval.com/wp-content/uploads/2022/02/659230_1623924406_4908-300x300.jpg, https://vanducheval.com/wp-content/uploads/2022/02/659230_1623924406_4908-1-300x300.jpg, https://vanducheval.com/wp-content/uploads/2022/02/665864_1627163048_6488-300x300.jpg, https://vanducheval.com/wp-content/uploads/2022/02/665864_1627163048_6488-1-300x300.jpg",in_stock,6500.00 EUR,6.70 EUR,used,VanDuCheval,V100-094,,yes,936,Van équestre,Gris,,Acier,,,"Marque: Bockmann, Année:2015, Etat: Occasion, Capacité: 2 Chevaux, Permis spécifique: Oui, Marque: Ifor Williams, Année: 2007, Première main: Non, Poids à vide: 690 Kilogrammes, Pont Avant, Arrière."
v100-095,,Van Barbot Turbovan 2013,Marque: Barbot Modèle: Turbovan Année: 2013 Première main: Oui Etat: Neuf Capacité: 1 Cheval Pont Arrière. Chevaux voyagent: Tête avant Permis spécifique: Non,https://vanducheval.com/produit/van-barbot-turbovan-2013-2/,https://vanducheval.com/wp-content/uploads/2022/02/666055_1627278321_1692-2.jpg,"https://vanducheval.com/wp-content/uploads/2022/02/666055_1627278321_1692-3.jpg, https://vanducheval.com/wp-content/uploads/2022/02/17FD1783-4522-4881-BA02-2ABE7DBC65D7-300x300.jpeg, https://vanducheval.com/wp-content/uploads/2022/02/791AC595-DBD9-46A0-8025-5E17BAD6E111-300x300.jpeg, https://vanducheval.com/wp-content/uploads/2022/02/225806_1435678052-300x300.jpg, https://vanducheval.com/wp-content/uploads/2022/02/225806_1435678052-1-300x300.jpg, https://vanducheval.com/wp-content/uploads/2022/02/655838_1622328676_1716-300x300.jpg, https://vanducheval.com/wp-content/uploads/2022/02/406129_1520850177-300x300.jpg, https://vanducheval.com/wp-content/uploads/2022/02/406129_1520850059-300x300.jpg, https://vanducheval.com/wp-content/uploads/2022/02/659251_1623929986_463-300x300.jpg, https://vanducheval.com/wp-content/uploads/2022/02/473974_1606139484-300x300.jpg",in_stock,7080.00 EUR,3.10 EUR,used,Barbot,V100-095,,yes,936,Van équestre,,,Acier,,,"Marque: Barbot, Modèle: Turbovan, Année: 2013, Première main: Oui, Etat: Neuf, Capacité: 1 Cheval, Pont Arrière., Chevaux voyagent: Tête avant, Permis spécifique: Non, Garantie: 24 mois"
v100-096,,Van fautras collector 9900 net,"Marque: Fautras Année: 2015 Première main: Oui Etat: Occasion Capacité: 2 Chevaux Pont Avant, Arrière. Permis spécifique: Oui",https://vanducheval.com/produit/van-fautras-collector-9900-net/,https://vanducheval.com/wp-content/uploads/2022/02/591448_1594376154_8219.jpg,"https://vanducheval.com/wp-content/uploads/2022/02/591448_1594376154_8219-1.jpg, https://vanducheval.com/wp-content/uploads/2022/02/591448_1594376204_3192.jpg, https://vanducheval.com/wp-content/uploads/2022/02/591448_1594376250_5169.jpg, https://vanducheval.com/wp-content/uploads/2022/02/298811_1603351480-300x300.jpg, https://vanducheval.com/wp-content/uploads/2022/02/298811_1603351480-1-300x300.jpg, https://vanducheval.com/wp-content/uploads/2022/02/608560_1601880088_9413-300x300.jpg, https://vanducheval.com/wp-content/uploads/2022/02/608560_1601880088_9413-1-300x300.jpg, https://vanducheval.com/wp-content/uploads/2022/02/657479_1623070739_6044-300x300.jpg, https://vanducheval.com/wp-content/uploads/2022/02/657479_1623070739_6044-1-300x300.jpg, https://vanducheval.com/wp-content/uploads/2022/02/473971_1549968420_2955-300x300.jpg",in_stock,9900.00 EUR,,used,Fautras,V100-096,,yes,936,Van équestre,Or,,Acier,,,"Marque: Fautras, Année: 2015, Première main: Oui, Etat: Occasion, Capacité: 2 Chevaux, Pont Avant, Arrière., Permis spécifique: Oui, Garantie: 24 mois, Marque:Cheval Liberté, Modèle: GOLD FIRST"
v100-097,,VAN CHEVAL LIBERTE OBLIC MAXI 2 2021,"VAN CHEVAL LIBERTE MAXI 2 DE 2021 NON IMMATRICULE VEHICULE AYANT FAIT 2 DEMONSTRATIONS POUR EMBARQUER DES CHEVAUX DEDANS PTAC POSSIBLE DE 1400KG A 2,6T SELLERIE INDEPENDANTE, OUVERTURE ESTIVALE, BAS FLANC ALUMINIUM, PONT PORTE ARRIERE, PONT AVANT, SUSPENSION PULLMAN 2, ROUE DE SECOURS, PONT AVANT, CHASSIS SURBAISSE, PONT PAROIS ET PLANCHER ALUMINIUM, GARANTI 2 AN",https://vanducheval.com/produit/van-cheval-liberte-oblic-maxi-2-2021/,https://vanducheval.com/wp-content/uploads/2022/02/666015_1627236238_1858.jpg,"https://vanducheval.com/wp-content/uploads/2022/02/666015_1627236147_6505.jpg, https://vanducheval.com/wp-content/uploads/2022/02/666015_1627236210_932.jpg, https://vanducheval.com/wp-content/uploads/2022/02/666015_1627236238_1858-1.jpg, https://vanducheval.com/wp-content/uploads/2022/02/666015_1627236311_5588.jpg, https://vanducheval.com/wp-content/uploads/2022/02/651996_1620591007_7071-300x300.jpg, https://vanducheval.com/wp-content/uploads/2022/02/651996_1620591007_7071-1-300x300.jpg, https://vanducheval.com/wp-content/uploads/2022/02/BFE5F929-6625-4B2A-946F-7AD5F89B1EDF-300x300.jpeg, https://vanducheval.com/wp-content/uploads/2022/02/674F8D3F-2E16-4A00-9B7C-4DCE88513A9A-300x300.jpeg, https://vanducheval.com/wp-content/uploads/2022/02/549169_1577352815-300x300.jpg, https://vanducheval.com/wp-content/uploads/2022/02/549169_1577352521-300x300.jpg",in_stock,11900.00 EUR,6.70 EUR,used,VanDuCheval,V100-097,,yes,936,Van équestre,Vert,,Aluminium,,,"Marque: Cheval Liberté, Modèle: MAXI 2, Année: 2021, Première main: Oui, Etat: Neuf, Capacité: 2 Chevaux, Pont Avant, Arrière., Chevaux voyagent: De biais, Permis spécifique: Oui, Marque: Ifor Williams"
v100-098,,Van Fautras JMS 1.5 Places,"Van Fautras JMS 1.5 Places – Année: 2011 – PTAC : 1200 kg – PV : 590 kg Options et Equipements: – Nombre de chevaux : 1,5 – Pont : Arrière – Ne nécessite pas le permis E ! – libération sécurisée – deux portes arrières – une grande porte avant – plancher surbaissé imputrescible – hublot avant ouvrant",https://vanducheval.com/produit/van-fautras-jms-1-5-places/,https://vanducheval.com/wp-content/uploads/2022/02/665977_1627227842_3633.jpg,"https://vanducheval.com/wp-content/uploads/2022/02/665977_1627227842_3633-1.jpg, https://vanducheval.com/wp-content/uploads/2022/02/663874_1626285825_5057-300x300.jpg, https://vanducheval.com/wp-content/uploads/2022/02/663874_1626285825_5057-1-300x300.jpg, https://vanducheval.com/wp-content/uploads/2022/02/335232_1615541003-300x300.jpg, https://vanducheval.com/wp-content/uploads/2022/02/335232_1615540998-300x300.jpg, https://vanducheval.com/wp-content/uploads/2022/02/473974_1606139484-300x300.jpg, https://vanducheval.com/wp-content/uploads/2022/02/473974_1549968762_7202-300x300.jpg, https://vanducheval.com/wp-content/uploads/2022/02/667632_1628062625_515-300x300.jpg, https://vanducheval.com/wp-content/uploads/2022/02/667632_1628062625_515-1-300x300.jpg, https://vanducheval.com/wp-content/uploads/2022/02/618644_1606386568_232-300x300.jpg",in_stock,4665.00 EUR,,used,Fautras,V100-098,,yes,936,Van équestre,Or,,Acier,,,"Marque: Fautras, Modèle: JMS 1.5 Places, Année: 2011, Première main: Oui, Etat: Occasion, Capacité: 1,5 Chevaux, Poids à vide: 590 Kilogrammes, Pont Avant., Chevaux voyagent: Tête arrière, Permis spécifique: Oui"
v100-099,,VAN BOCKMANN CONFORT DE 2006,VAN 2 PLACES BOCKMANN CONFORT Modèle de 2006 équipements: – Parois polyester – Toit polyester – système d’attelage avec antivol – roue de secours + support – roue jockey automatique – châssis acier galvanisé – plancher aluminium – jantes acier 15″ – amortisseur de roue CFF+ – 2 baies basculantes teintées – Porte de visite fermeture à clefs 3 points – Sellerie avec fermeture à clef – Pare-botte composite – tapis caoutchouc colle et scelle – Pont arrière – Bâche arrière automatique avec moustiquaire intégrée PTAC 2000 Kg Poids à vide 790 kg Charge utile 1210 kg,https://vanducheval.com/produit/van-bockmann-confort-de-2006/,https://vanducheval.com/wp-content/uploads/2022/02/665649_1627044980_3325.jpg,"https://vanducheval.com/wp-content/uploads/2022/02/665649_1627044980_3325-1.jpg, https://vanducheval.com/wp-content/uploads/2022/02/665649_1627044985_7014.jpg, https://vanducheval.com/wp-content/uploads/2022/02/665649_1627044989_5453.jpg, https://vanducheval.com/wp-content/uploads/2022/02/665649_1627044994_7782.jpg, https://vanducheval.com/wp-content/uploads/2022/02/665649_1627044999_3474.jpg, https://vanducheval.com/wp-content/uploads/2022/02/652824_1620979838_3386-300x300.jpg, https://vanducheval.com/wp-content/uploads/2022/02/667881_1628150795_8814-300x300.jpg, https://vanducheval.com/wp-content/uploads/2022/02/667661_1628067425_8023-2-300x300.jpg, https://vanducheval.com/wp-content/uploads/2022/02/667661_1628067425_8023-3-300x300.jpg, https://vanducheval.com/wp-content/uploads/2022/02/634596_1613663556_8386-300x300.jpg",in_stock,4800.00 EUR,6.22 EUR,used,Böckmann,V100-099,,yes,936,Van équestre,Or,,Acier,,,"Marque: Bockmann, Année: 2006, Etat: Occasion, Capacité: 2 Chevaux, Permis spécifique: Oui, Marque: Fautras, Modèle: provan E2 classique, Année: 2021, Etat: Neuf, Marque:– Autre marque –"
v100-100,,VAN FAUTRAS 2006 OBLIC 2,VAN FAUTRAS OBLIC 2 ANNEE 2006 / 5 PNEUS NEUFS COULEUR LEU MARINE PLANCHER IMPUTRESCIBLE EN POLYETHYLENE EQUIPEMENTS/ BAIES COULISSANTES ROUE DE SECOURS PONT ARRIERE COULISSANT ET PORTES AMERICAINES VOLETS DE VENTILATION AMOVIBLES TAPIS DE SOL ANTIDERAPPANT STRUCTURE POLYESTER SELLERIE EQUIPEE,https://vanducheval.com/produit/van-fautras-2006-oblic-2/,https://vanducheval.com/wp-content/uploads/2022/02/639473_1615818910_1769.jpg,"https://vanducheval.com/wp-content/uploads/2022/02/639473_1615818901_9785.jpg, https://vanducheval.com/wp-content/uploads/2022/02/639473_1615818910_1769-1.jpg, https://vanducheval.com/wp-content/uploads/2022/02/639473_1615818916_4027.jpg, https://vanducheval.com/wp-content/uploads/2022/02/639473_1615818920_2496.jpg, https://vanducheval.com/wp-content/uploads/2022/02/639473_1615818925_796.jpg, https://vanducheval.com/wp-content/uploads/2022/02/639473_1615818930_5268.jpg, https://vanducheval.com/wp-content/uploads/2022/02/639473_1615818965_2457.jpg, https://vanducheval.com/wp-content/uploads/2022/02/659250_1623929799_9606-300x300.jpg, https://vanducheval.com/wp-content/uploads/2022/02/634596_1613663556_8386-300x300.jpg, https://vanducheval.com/wp-content/uploads/2022/02/634596_1613663552_5596-300x300.jpg",in_stock,5700.00 EUR,6.22 EUR,used,Fautras,V100-100,,yes,936,Van équestre,Or,,Polyester,,,"Garantie: 3 mois, Marque: Fautras, Modèle: OBLIC 2, Année: 2006, Etat: Occasion, Capacité: 2 Chevaux, Pont Arrière., Chevaux voyagent: De biais, Permis spécifique: Oui, Année: 2000"
v100-101,,Van TOURING ONE Cheval Liberté NEUF,VAN 1 PLACE ½ Modèle : TOURING ONE Marque : CHEVAL LIBERTE Neuf non immatriculé Panneaux latéraux en aluminium et équipement complet de série Plancher aluminium de série Suspension Pullman 2 Toit et partie avant monocoque polyester renforcé Grande porte de visite Pont/porte arrière Tapis caoutchouc 8 mm collé Roue de secours avec support Roue jockey automatique Coloris : blanc et alu PTAC au choix : 1100 kg à 1600 kg tous les 100 kg. GARANTIE 24MOIS ET 5 ANS SUR L’ALUMINIUM VAN,https://vanducheval.com/produit/van-touring-one-cheval-liberte-neuf/,https://vanducheval.com/wp-content/uploads/2022/02/664835_1626692783_2196.jpg,"https://vanducheval.com/wp-content/uploads/2022/02/664835_1626692736_7926.jpg, https://vanducheval.com/wp-content/uploads/2022/02/664835_1626692761_178.jpg, https://vanducheval.com/wp-content/uploads/2022/02/664835_1626692771_5679.jpg, https://vanducheval.com/wp-content/uploads/2022/02/664835_1626692783_2196-1.jpg, https://vanducheval.com/wp-content/uploads/2022/02/664835_1626692795_6491.jpg, https://vanducheval.com/wp-content/uploads/2022/02/618644_1606386568_232-300x300.jpg, https://vanducheval.com/wp-content/uploads/2022/02/618644_1606386568_232-1-300x300.jpg, https://vanducheval.com/wp-content/uploads/2022/02/573266_1586266181_3461-300x300.jpg, https://vanducheval.com/wp-content/uploads/2022/02/573266_1586266093_3094-300x300.jpg, https://vanducheval.com/wp-content/uploads/2022/02/667632_1628062625_515-300x300.jpg",in_stock,7890.00 EUR,,used,VanDuCheval,V100-101,,yes,936,Van équestre,Blanc,,Aluminium,,,"Garantie: 24 mois, Marque: Cheval Liberté, Modèle: Touring One, Année: 2021, Première main: Oui, Etat: Neuf, Capacité:1,5 Chevaux, Poids à vide: 745 Kilogrammes, Pont Avant, Arrière., Chevaux voyagent: Tête avant"
v100-102,,Van 1 place 1/2 sans permis Monocoque polyester,Modèle : Turbovan PTC : 1 200 kg PV : 600 kg Année : 28 / 02 / 2017 Équipements & options : · Monocoque polyester. · Grande porte avant. · Porte avant. · Baie panoramique. · Barre de poitrail. · Chaîne de queue. . Roue de secours.,https://vanducheval.com/produit/van-1-place-1-2-sans-permis-monocoque-polyester/,https://vanducheval.com/wp-content/uploads/2022/02/662779_1625661307_3711.jpg,"https://vanducheval.com/wp-content/uploads/2022/02/662779_1625661307_3711-1.jpg, https://vanducheval.com/wp-content/uploads/2022/02/662779_1625661313_8354.jpg, https://vanducheval.com/wp-content/uploads/2022/02/406129_1520850177-300x300.jpg, https://vanducheval.com/wp-content/uploads/2022/02/406129_1520850059-300x300.jpg, https://vanducheval.com/wp-content/uploads/2022/02/664835_1626692783_2196-300x300.jpg, https://vanducheval.com/wp-content/uploads/2022/02/664835_1626692736_7926-300x300.jpg, https://vanducheval.com/wp-content/uploads/2022/02/655838_1622328676_1716-300x300.jpg, https://vanducheval.com/wp-content/uploads/2022/02/473974_1606139484-300x300.jpg, https://vanducheval.com/wp-content/uploads/2022/02/473974_1549968762_7202-300x300.jpg, https://vanducheval.com/wp-content/uploads/2022/02/652748_1620934711_6012-300x300.jpg",in_stock,7300.00 EUR,,used,VanDuCheval,V100-102,,yes,936,Van équestre,Or,,Polyester,,,"Garantie: 3 mois, Marque: Barbot, Modèle: TURBOVAN, Année: 2017, Première main Oui, Etat: Occasion, Capacité: 1,5 Chevaux, Poids à vide: 540 Kilogrammes, Pont Arrière., Chevaux voyagent: Tête avant"
v100-103,,VAN IFOR WILLIAMS 2008,"Garantie: 3 mois Marque: Ifor Williams Année: 2008 Première main: Non Etat: Occasion Capacité: 1,5 Chevaux Pont Avant, Arrière. Chevaux voyagent: Tête avant Permis spécifique: Oui",https://vanducheval.com/produit/van-ifor-williams-2008/,https://vanducheval.com/wp-content/uploads/2022/02/667632_1628062625_515.jpg,"https://vanducheval.com/wp-content/uploads/2022/02/667632_1628062625_515-1.jpg, https://vanducheval.com/wp-content/uploads/2022/02/667632_1628062630_9728.jpg, https://vanducheval.com/wp-content/uploads/2022/02/667632_1628062634_9098.jpg, https://vanducheval.com/wp-content/uploads/2022/02/655838_1622328676_1716-300x300.jpg, https://vanducheval.com/wp-content/uploads/2022/02/662779_1625661307_3711-300x300.jpg, https://vanducheval.com/wp-content/uploads/2022/02/662779_1625661307_3711-1-300x300.jpg, https://vanducheval.com/wp-content/uploads/2022/02/408279_1521450676_1389-300x300.jpg, https://vanducheval.com/wp-content/uploads/2022/02/408279_1521450667_5309-300x300.jpg, https://vanducheval.com/wp-content/uploads/2022/02/473974_1606139484-300x300.jpg, https://vanducheval.com/wp-content/uploads/2022/02/473974_1549968762_7202-300x300.jpg",in_stock,4800.00 EUR,,used,VanDuCheval,V100-103,,yes,936,Van équestre,Gris,,Aluminium,,,"Garantie: 3 mois, Marque: Ifor Williams, Année: 2008, Première main: Non, Etat: Occasion, Capacité: 1,5 Chevaux, Pont Avant, Arrière., Chevaux voyagent: Tête avant, Permis spécifique: Oui, Marque– Autre marque –"
v100-104,,Van ifor Williams 2020,"Marque: Ifor Williams Année: 2020 Etat: Occasion Capacité: 1,5 Chevaux Poids à vide: 1500 Pont Avant, Arrière. Chevaux voyagent: Tête avant Permis spécifique: Oui",https://vanducheval.com/produit/van-ifor-williams-2020/,https://vanducheval.com/wp-content/uploads/2022/02/667555_1628004354_0342.jpg,"https://vanducheval.com/wp-content/uploads/2022/02/630878_1612094323_9068-300x300.jpg, https://vanducheval.com/wp-content/uploads/2022/02/573266_1586266181_3461-300x300.jpg, https://vanducheval.com/wp-content/uploads/2022/02/573266_1586266093_3094-300x300.jpg, https://vanducheval.com/wp-content/uploads/2022/02/667303_1627903492_5953-300x300.jpg, https://vanducheval.com/wp-content/uploads/2022/02/667303_1627903492_5953-1-300x300.jpg, https://vanducheval.com/wp-content/uploads/2022/02/652748_1620934711_6012-300x300.jpg, https://vanducheval.com/wp-content/uploads/2022/02/572516_1585919892_9767-300x300.jpg, https://vanducheval.com/wp-content/uploads/2022/02/572516_1585919693_6232-300x300.jpg, https://vanducheval.com/wp-content/uploads/2022/02/593944_1595438880_3768-300x300.jpg, https://vanducheval.com/wp-content/uploads/2022/02/593944_1595438880_3768-1-300x300.jpg",in_stock,6200.00 EUR,,used,VanDuCheval,V100-104,,yes,936,Van équestre,Noir,,Acier,,,"Marque: Ifor Williams, Année: 2020, Etat: Occasion, Capacité: 1,5 Chevaux, Poids à vide: 1500, Pont Avant, Arrière., Chevaux voyagent: Tête avant, Permis spécifique: Oui, Marque: Renault, Année: 1994"
v100-105,,Van Bockmann Uno Luxe avec sellerie NEUF,"Marque: Bockmann Modèle: Uno C Luxe Année:2021 Première main: Non Etat: Neuf Capacité:1,5 Chevaux Poids à vide: 750 Chevaux voyagent: Tête avant Permis spécifique: Oui",https://vanducheval.com/produit/van-bockmann-uno-luxe-avec-sellerie-neuf/,https://vanducheval.com/wp-content/uploads/2022/02/628320_1611039479_3075.jpg,"https://vanducheval.com/wp-content/uploads/2022/02/628320_1611039479_3075-1.jpg, https://vanducheval.com/wp-content/uploads/2022/02/408279_1521450676_1389-300x300.jpg, https://vanducheval.com/wp-content/uploads/2022/02/408279_1521450667_5309-300x300.jpg, https://vanducheval.com/wp-content/uploads/2022/02/666055_1627278321_1692-300x300.jpg, https://vanducheval.com/wp-content/uploads/2022/02/666055_1627278321_1692-1-300x300.jpg, https://vanducheval.com/wp-content/uploads/2022/02/667303_1627903492_5953-300x300.jpg, https://vanducheval.com/wp-content/uploads/2022/02/667303_1627903492_5953-1-300x300.jpg, https://vanducheval.com/wp-content/uploads/2022/02/406129_1520850177-300x300.jpg, https://vanducheval.com/wp-content/uploads/2022/02/406129_1520850059-300x300.jpg, https://vanducheval.com/wp-content/uploads/2022/02/663874_1626285825_5057-300x300.jpg",in_stock,7490.00 EUR,,used,Böckmann,V100-105,,yes,936,Van équestre,Or,,Acier,,,"Marque: Bockmann, Modèle: Uno C Luxe, Année:2021, Première main: Non, Etat: Neuf, Capacité:1,5 Chevaux, Poids à vide: 750, Chevaux voyagent: Tête avant, Permis spécifique: Oui, Garantie: 12 mois"
v100-106,,BOCKMANN CHAMPION DUO ESPRIT Silver+Black,Van TOUT ALU BOCKMANN CHAMPION DUO ESPRIT Silver+Black 2 places En stock et Disponible immédiatement . Parois ALU . Toit en polyester Anthracite Métallisé . Barre de poitrail et de recul réglables . Bâche arrière manuelle . Roue de secours avec support . Roue jockey automatique . Tête d’attelage sans antivol (antivol disponible au prix de 35€TTC) . Adaptateur 7/13 pôles . Fenêtres rectangulaire ouvrables . Combinaison pont/porte avec PACK LUXE : plancher alu + pare-bottes en composite + amortisseurs de roue,https://vanducheval.com/produit/bockmann-champion-duo-esprit-silverblack/,https://vanducheval.com/wp-content/uploads/2022/02/643045_1617456733_1983.jpg,"https://vanducheval.com/wp-content/uploads/2022/02/643045_1617456733_1983-1.jpg, https://vanducheval.com/wp-content/uploads/2022/02/643045_1617456733_1983-2.jpg, https://vanducheval.com/wp-content/uploads/2022/02/549171_1612542927-300x300.jpg, https://vanducheval.com/wp-content/uploads/2022/02/549171_1612542921-300x300.jpg, https://vanducheval.com/wp-content/uploads/2022/02/657060_1622835144_2092-300x300.jpg, https://vanducheval.com/wp-content/uploads/2022/02/657060_1622835144_2092-1-300x300.jpg, https://vanducheval.com/wp-content/uploads/2022/02/634596_1613663556_8386-300x300.jpg, https://vanducheval.com/wp-content/uploads/2022/02/634596_1613663552_5596-300x300.jpg, https://vanducheval.com/wp-content/uploads/2022/02/665864_1627163048_6488-300x300.jpg, https://vanducheval.com/wp-content/uploads/2022/02/665864_1627163048_6488-1-300x300.jpg",in_stock,7990.00 EUR,6.70 EUR,used,Böckmann,V100-106,,yes,936,Van équestre,Or,,Polyester,,,"Marque: Bockmann, Modèle: Champion Esprit, Année: 2021, Première main: Oui, Etat: Neuf, Capacité: 2 Chevaux, Pont Arrière., Chevaux voyagent: Tête avant, Permis spécifique: Oui, Garantie: 24 mois"
v100-107,,Van Fautras oblic +3,Marque: Fautras Modèle: Oblic +3 Année: 2015 Première main: Non Etat: Occasion Capacité: 3 Chevaux Poids à vide: 1480 Kilogrammes Pont Avant. Chevaux voyagent: De biais Permis spécifique: Oui,https://vanducheval.com/produit/van-fautras-oblic-3-2/,https://vanducheval.com/wp-content/uploads/2022/02/662181_1625419928_574.jpg,"https://vanducheval.com/wp-content/uploads/2022/02/662181_1625419928_574-1.jpg, https://vanducheval.com/wp-content/uploads/2022/02/662181_1625419928_574-2.jpg, https://vanducheval.com/wp-content/uploads/2022/02/625373_1609925651_9726-300x300.jpg, https://vanducheval.com/wp-content/uploads/2022/02/625373_1609925651_9726-1-300x300.jpg, https://vanducheval.com/wp-content/uploads/2022/02/633392_1613146409_0549-300x300.jpg, https://vanducheval.com/wp-content/uploads/2022/02/633392_1613146401_5132-300x300.jpg, https://vanducheval.com/wp-content/uploads/2022/02/665157_1626853516_2136-300x300.jpg, https://vanducheval.com/wp-content/uploads/2022/02/665157_1626853516_2136-1-300x300.jpg, https://vanducheval.com/wp-content/uploads/2022/02/545290_1601477074-300x300.jpg, https://vanducheval.com/wp-content/uploads/2022/02/545290_1601477074-1-300x300.jpg",in_stock,10500.00 EUR,,used,Fautras,V100-107,,yes,936,Van équestre,Vert,,Acier,,,"Marque: Fautras, Modèle: Oblic +3, Année: 2015, Première main: Non, Etat: Occasion, Capacité: 3 Chevaux, Poids à vide: 1480 Kilogrammes, Pont Avant., Chevaux voyagent: De biais, Permis spécifique: Oui"
v100-108,,Van westfalia 2 place 1988,Marque: Westfalia Année: 1988 Etat: Occasion Capacité: 2 Chevaux Poids à vide: 710 Kilogrammes Pont Arrière. Chevaux voyagent:Tête avant Permis spécifique: Oui,https://vanducheval.com/produit/van-westfalia-2-place-1988/,https://vanducheval.com/wp-content/uploads/2022/02/661439_1625042916_2244.jpg,"https://vanducheval.com/wp-content/uploads/2022/02/661439_1625042916_2244-1.jpg, https://vanducheval.com/wp-content/uploads/2022/02/661439_1625042916_2244-2.jpg, https://vanducheval.com/wp-content/uploads/2022/02/657060_1622835144_2092-300x300.jpg, https://vanducheval.com/wp-content/uploads/2022/02/657060_1622835144_2092-1-300x300.jpg, https://vanducheval.com/wp-content/uploads/2022/02/642457_1617126019_1484-300x300.jpg, https://vanducheval.com/wp-content/uploads/2022/02/642457_1617126019_1484-1-300x300.jpg, https://vanducheval.com/wp-content/uploads/2022/02/657251_1622961077_2724-300x300.jpg, https://vanducheval.com/wp-content/uploads/2022/02/657251_1622961077_2724-1-300x300.jpg, https://vanducheval.com/wp-content/uploads/2022/02/651996_1620591007_7071-300x300.jpg, https://vanducheval.com/wp-content/uploads/2022/02/651996_1620591007_7071-1-300x300.jpg",in_stock,2620.00 EUR,6.22 EUR,used,Westfalia,V100-108,,yes,936,Van équestre,,,Acier,,,"Marque: Westfalia, Année: 1988, Etat: Occasion, Capacité: 2 Chevaux, Poids à vide: 710 Kilogrammes, Pont Arrière., Chevaux voyagent:Tête avant, Permis spécifique: Oui, Marque: Fautras, Modèle: Oblic"
v100-109,,Van 2 P - Porte-calèche cheval liberte,Van 2 places & Porte-calèche > Van 2 places avec Suspension Pullman 2 avec garde au sol abaissée de 10 cm >Toit polyester renforcé. > Assemblage robuste > Panneaux latéraux multiplis 18 mm > Châssis avec flèche cintrée Attelage Brake Protect > Plancher aluminium de série > Pont porte arrière de série > Séparation centrale amovible en PVC souple transparent > Lanterneau > Protection latérale métallique > Coussins latéraux > Roue de secours > Plateforme calèche en métal galvanisé avec système d’accroche et barres de blocage,https://vanducheval.com/produit/van-2-p-porte-caleche-cheval-liberte/,https://vanducheval.com/wp-content/uploads/2022/02/661417_1625039400_9714.jpg,"https://vanducheval.com/wp-content/uploads/2022/02/661417_1625039400_9714-1.jpg, https://vanducheval.com/wp-content/uploads/2022/02/661417_1625039400_9714-2.jpg, https://vanducheval.com/wp-content/uploads/2022/02/661300_1627813196-240x300.jpg, https://vanducheval.com/wp-content/uploads/2022/02/617951_1606123031_9817-300x300.jpg, https://vanducheval.com/wp-content/uploads/2022/02/617951_1606122942_4367-300x300.jpg, https://vanducheval.com/wp-content/uploads/2022/02/652824_1620979838_3386-300x300.jpg, https://vanducheval.com/wp-content/uploads/2022/02/406129_1520850177-300x300.jpg, https://vanducheval.com/wp-content/uploads/2022/02/406129_1520850059-300x300.jpg, https://vanducheval.com/wp-content/uploads/2022/02/642457_1617126019_1484-300x300.jpg, https://vanducheval.com/wp-content/uploads/2022/02/642457_1617126019_1484-1-300x300.jpg",in_stock,7300.00 EUR,,used,VanDuCheval,V100-109,,yes,936,Van équestre,Or,,Aluminium,,,"Marque: Cheval Liberté, Modèle: Marathon 2.4 T, Année: 2013, Première main: Oui, Etat: Occasion, Capacité: 2 Chevaux, Poids à vide: 1080 Kilogrammes, Pont Arrière., Chevaux voyagent:Tête avant, Permis spécifique: Non"
v100-110,,Van fautras 2 places,Van fautras 2 places de 2001. Bon etat general,https://vanducheval.com/produit/van-fautras-2-places/,https://vanducheval.com/wp-content/uploads/2022/02/661428_1625038110_6157.jpg,"https://vanducheval.com/wp-content/uploads/2022/02/661428_1625038110_6157-1.jpg, https://vanducheval.com/wp-content/uploads/2022/02/661428_1625038110_6157-2.jpg, https://vanducheval.com/wp-content/uploads/2022/02/665649_1627044980_3325-300x300.jpg, https://vanducheval.com/wp-content/uploads/2022/02/665649_1627044980_3325-1-300x300.jpg, https://vanducheval.com/wp-content/uploads/2022/02/BFE5F929-6625-4B2A-946F-7AD5F89B1EDF-300x300.jpeg, https://vanducheval.com/wp-content/uploads/2022/02/674F8D3F-2E16-4A00-9B7C-4DCE88513A9A-300x300.jpeg, https://vanducheval.com/wp-content/uploads/2022/02/608560_1601880088_9413-300x300.jpg, https://vanducheval.com/wp-content/uploads/2022/02/608560_1601880088_9413-1-300x300.jpg, https://vanducheval.com/wp-content/uploads/2022/02/665864_1627163048_6488-300x300.jpg, https://vanducheval.com/wp-content/uploads/2022/02/665864_1627163048_6488-1-300x300.jpg",in_stock,4600.00 EUR,6.70 EUR,used,Fautras,V100-110,,yes,936,Van équestre,,,Acier,,,"Marque: Fautras, Année: 2001, Etat: Occasion, Capacité: 2 Chevaux, Permis spécifique: Oui, Marque: Bockmann, Année: 2006, Garantie: 24 mois"
v100-111,,Van Bockmann Champion porte calèche,"Van Bockmann Champion porte calèche aluminium couleur argent avec toit bleu marine. Immatriculation 2018 Etat proche du neuf, très peu utilisé Roue de secours avec housse Capitonné. Plancher aluminium",https://vanducheval.com/produit/van-bockmann-champion-porte-caleche/,https://vanducheval.com/wp-content/uploads/2022/02/661033_1624880923_8368.jpg,"https://vanducheval.com/wp-content/uploads/2022/02/661033_1624880923_8368-1.jpg, https://vanducheval.com/wp-content/uploads/2022/02/661033_1624880923_8368-2.jpg, https://vanducheval.com/wp-content/uploads/2022/02/665864_1627163048_6488-300x300.jpg, https://vanducheval.com/wp-content/uploads/2022/02/665864_1627163048_6488-1-300x300.jpg, https://vanducheval.com/wp-content/uploads/2022/02/659250_1623929799_9606-300x300.jpg, https://vanducheval.com/wp-content/uploads/2022/02/651996_1620591007_7071-300x300.jpg, https://vanducheval.com/wp-content/uploads/2022/02/651996_1620591007_7071-1-300x300.jpg, https://vanducheval.com/wp-content/uploads/2022/02/666362_1627398096_3337-300x300.png, https://vanducheval.com/wp-content/uploads/2022/02/666362_1627398096_3337-1-1-300x300.png, https://vanducheval.com/wp-content/uploads/2022/02/573275_1597161422-300x300.jpg",in_stock,9800.00 EUR,,used,Böckmann,V100-111,,yes,936,Van équestre,Bleu,,Aluminium,,,"Marque: Bockmann, Modèle: Champion Porte calèche, Année:2018, Première main: Oui, Etat: Occasion, Capacité: 2 Chevaux, Poids à vide: 1091 Kilogrammes, Pont Arrière., Chevaux voyagent:Tête avant, Permis spécifique: Oui"
v100-112,,Van deux place Westfalia Saumur Noire,Marque: Westfalia Modèle: Saumur Année: 1995 Première main: Non Etat: Occasion Capacité: 2 Chevaux Poids à vide: 660 Kilogrammes Pont Arrière. Chevaux voyagent: Tête avant Permis spécifique: Oui,https://vanducheval.com/produit/van-deux-place-westfalia-saumur-noire/,https://vanducheval.com/wp-content/uploads/2022/02/642457_1617126019_1484.jpg,"https://vanducheval.com/wp-content/uploads/2022/02/642457_1617126019_1484-1.jpg, https://vanducheval.com/wp-content/uploads/2022/02/642457_1617126019_1484-2.jpg, https://vanducheval.com/wp-content/uploads/2022/02/608560_1601880088_9413-300x300.jpg, https://vanducheval.com/wp-content/uploads/2022/02/608560_1601880088_9413-1-300x300.jpg, https://vanducheval.com/wp-content/uploads/2022/02/549169_1577352815-300x300.jpg, https://vanducheval.com/wp-content/uploads/2022/02/549169_1577352521-300x300.jpg, https://vanducheval.com/wp-content/uploads/2022/02/665649_1627044980_3325-300x300.jpg, https://vanducheval.com/wp-content/uploads/2022/02/665649_1627044980_3325-1-300x300.jpg, https://vanducheval.com/wp-content/uploads/2022/02/664966_1626763885_7417-300x300.jpg, https://vanducheval.com/wp-content/uploads/2022/02/664966_1626763881_1467-300x300.jpg",in_stock,4700.00 EUR,,used,Westfalia,V100-112,,yes,936,Van équestre,Noir,,Polyester,,,"Marque: Westfalia, Modèle: Saumur, Année: 1995, Première main: Non, Etat: Occasion, Capacité: 2 Chevaux, Poids à vide: 660 Kilogrammes, Pont Arrière., Chevaux voyagent: Tête avant, Permis spécifique: Oui"
v100-113,,Van atec 2 places,MarqueATEC Modèle: Starline Année: 2015 Première main: Non Etat: Occasion Capacité: 2 Chevaux Poids à vide: 740 Pont Arrière. Chevaux voyagent: Tête avant Permis spécifique: Oui,https://vanducheval.com/produit/van-atec-2-places/,https://vanducheval.com/wp-content/uploads/2022/02/660632_1624622612_7095.jpg,"https://vanducheval.com/wp-content/uploads/2022/02/660632_1624622612_7095-1.jpg, https://vanducheval.com/wp-content/uploads/2022/02/660632_1624622612_7095-2.jpg, https://vanducheval.com/wp-content/uploads/2022/02/BFE5F929-6625-4B2A-946F-7AD5F89B1EDF-300x300.jpeg, https://vanducheval.com/wp-content/uploads/2022/02/674F8D3F-2E16-4A00-9B7C-4DCE88513A9A-300x300.jpeg, https://vanducheval.com/wp-content/uploads/2022/02/657251_1622961077_2724-300x300.jpg, https://vanducheval.com/wp-content/uploads/2022/02/657251_1622961077_2724-1-300x300.jpg, https://vanducheval.com/wp-content/uploads/2022/02/666015_1627236238_1858-300x300.jpg, https://vanducheval.com/wp-content/uploads/2022/02/666015_1627236147_6505-300x300.jpg, https://vanducheval.com/wp-content/uploads/2022/02/651996_1620591007_7071-300x300.jpg, https://vanducheval.com/wp-content/uploads/2022/02/651996_1620591007_7071-1-300x300.jpg",in_stock,3500.00 EUR,6.70 EUR,used,Atec,V100-113,,yes,936,Van équestre,,,Bois,,,"MarqueATEC, Modèle: Starline, Année: 2015, Première main: Non, Etat: Occasion, Capacité: 2 Chevaux, Poids à vide: 740, Pont Arrière., Chevaux voyagent: Tête avant, Permis spécifique: Oui"
v100-114,,VAN BOCKMAN DUO R PACK LUXE 2020,"VAN BOCKMANN DUO R Pack luxe 2020 (2 places) •Châssis en acier galvanisé à chaud en construction à longerons •Châssis surbaissé CFFplus (châssis à suspension type confort) •Roues automobiles en 14 pouces •Renforts arrières avec grilles •Roue jockey automatique •Roue de secours •Anti-vol d’attelage •Pack luxe : Plancher aluminium + Pare bottes composite + Capitonnages latéraux •Toit polyester avec fenêtres •Bâche arrière automatique avec moustiquaire intégrée •Dispositif de levage du pont avec amortisseurs à gaz •Sellerie équipé (balais, pelle, porte selle, …) •Barre de poitrail et de recul « antipanique » •Lumière intérieur (Blanche et Bleu) •Pont arrière avec revêtement caoutchouc à lattes moulées et arrêtoirs •Caoutchouc de plancher collé et jointé •Verrouillage de porte à 3 points •Bat-flanc souple PVC avec partie haute ( 165 cm ) au garrot •Tapis de sol supplémentaire confort",https://vanducheval.com/produit/van-bockman-duo-r-pack-luxe-2020/,https://vanducheval.com/wp-content/uploads/2022/02/660586_1624640210.jpg,"https://vanducheval.com/wp-content/uploads/2022/02/660586_1624640210-1.jpg, https://vanducheval.com/wp-content/uploads/2022/02/660586_1624640210-2.jpg, https://vanducheval.com/wp-content/uploads/2022/02/666362_1627398096_3337-300x300.png, https://vanducheval.com/wp-content/uploads/2022/02/666362_1627398096_3337-1-1-300x300.png, https://vanducheval.com/wp-content/uploads/2022/02/558052_1579765553_0271-300x300.jpg, https://vanducheval.com/wp-content/uploads/2022/02/558052_1579765553_0271-1-300x300.jpg, https://vanducheval.com/wp-content/uploads/2022/02/657251_1622961077_2724-300x300.jpg, https://vanducheval.com/wp-content/uploads/2022/02/657251_1622961077_2724-1-300x300.jpg, https://vanducheval.com/wp-content/uploads/2022/02/271493_1589623901-300x300.jpg, https://vanducheval.com/wp-content/uploads/2022/02/271493_1589623898-300x300.jpg",in_stock,7800.00 EUR,,used,VanDuCheval,V100-114,,yes,936,Van équestre,Blanc,,Acier,,,"Marque: Bockmann, Modèle: DUO R PACK LUXE, Année: 2020, Première main: Non, Etat: Occasion, Capacité: 2 Chevaux, Pont Arrière., Chevaux voyagent: Tête avant, Permis spécifique: Non, Marque: Fautras"
v100-115,,VAN BOCKMANN CONFORT BLEU NUIT MÉTALLISÉ,"Van Confort bleu nuit métallisé – PTAC 2400 kg avec sellerie, anti-vol sur flèche avec boule. Première main neuf année 2020 Options : plancher aluminium – parebottes – capitonnage – sellerie – PONT / PORTE",https://vanducheval.com/produit/van-bockmann-confort-bleu-nuit-metallise/,https://vanducheval.com/wp-content/uploads/2022/02/658521_1623608845_9022.jpg,"https://vanducheval.com/wp-content/uploads/2022/02/658521_1623608845_9022-1.jpg, https://vanducheval.com/wp-content/uploads/2022/02/658521_1623608878_9416.jpg, https://vanducheval.com/wp-content/uploads/2022/02/658521_1623608908_7237.jpg, https://vanducheval.com/wp-content/uploads/2022/02/658521_1623608946_3346.jpg, https://vanducheval.com/wp-content/uploads/2022/02/658521_1623608968_144.jpg, https://vanducheval.com/wp-content/uploads/2022/02/545281_1612542743-300x300.jpg, https://vanducheval.com/wp-content/uploads/2022/02/545281_1574676878_3311-300x300.jpg, https://vanducheval.com/wp-content/uploads/2022/02/657479_1623070739_6044-300x300.jpg, https://vanducheval.com/wp-content/uploads/2022/02/657479_1623070739_6044-1-300x300.jpg, https://vanducheval.com/wp-content/uploads/2022/02/665864_1627163048_6488-300x300.jpg",in_stock,9500.00 EUR,6.70 EUR,used,Böckmann,V100-115,,yes,936,Van équestre,Bleu,,Aluminium,,,"Marque: Bockmann, Modèle: CONFORT, Année: 2020, Première main: Oui, Etat: Neuf, Capacité: 2 Chevaux, Poids à vide: 2400 Kilogrammes, Pont Arrière., Chevaux voyagent: Tête avant, Permis spécifique: Oui"
v100-116,,"VAN CHEVAL LIBERTÉ 1,5 place","Marque: Cheval Liberté Modèle: GT1 Année: 2010 Première main: Oui Etat: Occasion Capacité: 1,5 Chevaux Poids à vide: 500 Kilogrammes Pont Arrière. Chevaux voyagent: Tête avant Permis spécifique: Non",https://vanducheval.com/produit/van-cheval-liberte-15-place/,https://vanducheval.com/wp-content/uploads/2022/02/660279_1624445424_937.jpg,"https://vanducheval.com/wp-content/uploads/2022/02/660279_1624445424_937-1.jpg, https://vanducheval.com/wp-content/uploads/2022/02/660279_1624445424_937-2.jpg, https://vanducheval.com/wp-content/uploads/2022/02/659251_1623929986_463-300x300.jpg, https://vanducheval.com/wp-content/uploads/2022/02/572516_1585919892_9767-300x300.jpg, https://vanducheval.com/wp-content/uploads/2022/02/572516_1585919693_6232-300x300.jpg, https://vanducheval.com/wp-content/uploads/2022/02/628320_1611039479_3075-300x300.jpg, https://vanducheval.com/wp-content/uploads/2022/02/628320_1611039479_3075-1-300x300.jpg, https://vanducheval.com/wp-content/uploads/2022/02/662779_1625661307_3711-300x300.jpg, https://vanducheval.com/wp-content/uploads/2022/02/662779_1625661307_3711-1-300x300.jpg, https://vanducheval.com/wp-content/uploads/2022/02/663041_1625817197_8372-300x300.jpg",in_stock,4100.00 EUR,,used,VanDuCheval,V100-116,,yes,936,Van équestre,Or,,Acier,,,"Marque: Cheval Liberté, Modèle: GT1, Année: 2010, Première main: Oui, Etat: Occasion, Capacité: 1,5 Chevaux, Poids à vide: 500 Kilogrammes, Pont Arrière., Chevaux voyagent: Tête avant, Permis spécifique: Non"
v100-117,,Van Barbot viking 2 places,Marque : BARBOT Modèle : Viking PTC : 2 000 kg PV : 710 kg Année : 22 / 12 / 2009 Équipements & options : · Coussins latéraux. · Coussins de bat flanc. · Roue de secours. · Barre de poitrail. · Chaîne de queue. · Barre d’attache. · Ailes polyester. · 2 baies. · 1 aérateur. · Marche de montée .,https://vanducheval.com/produit/van-barbot-viking-2-places/,https://vanducheval.com/wp-content/uploads/2022/02/664966_1626763885_7417.jpg,"https://vanducheval.com/wp-content/uploads/2022/02/664966_1626763881_1467.jpg, https://vanducheval.com/wp-content/uploads/2022/02/664966_1626763885_7417-1.jpg, https://vanducheval.com/wp-content/uploads/2022/02/664966_1626763889_3308.jpg, https://vanducheval.com/wp-content/uploads/2022/02/664966_1626763893_972.jpg, https://vanducheval.com/wp-content/uploads/2022/02/664966_1626763898_4296.jpg, https://vanducheval.com/wp-content/uploads/2022/02/651996_1620591007_7071-300x300.jpg, https://vanducheval.com/wp-content/uploads/2022/02/651996_1620591007_7071-1-300x300.jpg, https://vanducheval.com/wp-content/uploads/2022/02/657251_1622961077_2724-300x300.jpg, https://vanducheval.com/wp-content/uploads/2022/02/657251_1622961077_2724-1-300x300.jpg, https://vanducheval.com/wp-content/uploads/2022/02/665649_1627044980_3325-300x300.jpg",in_stock,7800.00 EUR,,used,Barbot,V100-117,,yes,936,Van équestre,,,Polyester,,,"Garantie: 3 mois, Marque: Barbot, Modèle:viking, Année: 2009, Première main: Oui, Etat: Occasion, Capacité: 2 Chevaux, Poids à vide: 710 Kilogrammes, Chevaux voyagent:Tête avant, Permis spécifique: Oui"
v100-118,,Van 2 places Sirius S75,Marque: - Autre marque - Modèle: Sirius S75 Année: 2017 Première main: Oui Etat: Occasion Capacité: 2 Chevaux Poids à vide: 850 Kilogrammes Pont Arrière. Chevaux voyagent: Tête avant Permis spécifique: Oui,https://vanducheval.com/produit/van-2-places-sirius-s75/,https://vanducheval.com/wp-content/uploads/2022/02/664577_1626516722_7753.jpg,"https://vanducheval.com/wp-content/uploads/2022/02/664577_1626516722_7753-1.jpg, https://vanducheval.com/wp-content/uploads/2022/02/664577_1626516722_7753-2.jpg, https://vanducheval.com/wp-content/uploads/2022/02/667881_1628150795_8814-300x300.jpg, https://vanducheval.com/wp-content/uploads/2022/02/625373_1609925651_9726-300x300.jpg, https://vanducheval.com/wp-content/uploads/2022/02/625373_1609925651_9726-1-300x300.jpg, https://vanducheval.com/wp-content/uploads/2022/02/652824_1620979838_3386-300x300.jpg, https://vanducheval.com/wp-content/uploads/2022/02/642457_1617126019_1484-300x300.jpg, https://vanducheval.com/wp-content/uploads/2022/02/642457_1617126019_1484-1-300x300.jpg, https://vanducheval.com/wp-content/uploads/2022/02/657251_1622961077_2724-300x300.jpg, https://vanducheval.com/wp-content/uploads/2022/02/657251_1622961077_2724-1-300x300.jpg",in_stock,8000.00 EUR,,used,VanDuCheval,V100-118,,yes,936,Van équestre,,,Acier,,,"Marque: – Autre marque –, Modèle: Sirius S75, Année: 2017, Première main: Oui, Etat: Occasion, Capacité: 2 Chevaux, Poids à vide: 850 Kilogrammes, Pont Arrière., Chevaux voyagent: Tête avant, Permis spécifique: Oui"
v100-119,,Van Ifort willams très bon état,"Très pratique et robuste . Entretenu Van Ifort Willams type HB505R 2 places excellent état aucun frais à prévoir 1ére main pont arrière porte latérale avant plancher alu Très peu roulé, moins de 10 000 km (garanti) Pneus en excellent état roue de secours neuve",https://vanducheval.com/produit/van-ifort-willams-tres-bon-etat/,https://vanducheval.com/wp-content/uploads/2022/02/664552_1626505674_308.jpg,"https://vanducheval.com/wp-content/uploads/2022/02/664552_1626505674_308-1.jpg, https://vanducheval.com/wp-content/uploads/2022/02/664552_1626505674_308-2.jpg, https://vanducheval.com/wp-content/uploads/2022/02/659230_1623924406_4908-300x300.jpg, https://vanducheval.com/wp-content/uploads/2022/02/659230_1623924406_4908-1-300x300.jpg, https://vanducheval.com/wp-content/uploads/2022/02/573275_1597161422-300x300.jpg, https://vanducheval.com/wp-content/uploads/2022/02/573275_1586267931_183-300x300.jpg, https://vanducheval.com/wp-content/uploads/2022/02/666362_1627398096_3337-300x300.png, https://vanducheval.com/wp-content/uploads/2022/02/666362_1627398096_3337-1-1-300x300.png, https://vanducheval.com/wp-content/uploads/2022/02/661417_1625039400_9714-300x300.jpg, https://vanducheval.com/wp-content/uploads/2022/02/661417_1625039400_9714-1-300x300.jpg",in_stock,4500.00 EUR,,used,VanDuCheval,V100-119,,yes,936,Van équestre,Or,,Acier,,,"Marque: Ifor Williams, Modèle: HB505R, Année: 2001, Première main: Oui, Etat: Occasion, Capacité: 2 Chevaux, Poids à vide: 2 Tonnes, Pont Arrière., Chevaux voyagent: Tête avant, Permis spécifique: Oui"
v100-120,,van BOCKMANN UNO-c pack luxe,"Marque: Bockmann Modèle: UNO-C pack luxe Année: 2020 Première main: Oui Etat: Occasion Capacité: 1,5 Chevaux Pont Arrière. Chevaux voyagent:Tête avant Permis spécifique: Oui",https://vanducheval.com/produit/van-bockmann-uno-c-pack-luxe/,https://vanducheval.com/wp-content/uploads/2022/02/661934_1625234591_8113.jpg,"https://vanducheval.com/wp-content/uploads/2022/02/661934_1625234591_8113-1.jpg, https://vanducheval.com/wp-content/uploads/2022/02/662779_1625661307_3711-300x300.jpg, https://vanducheval.com/wp-content/uploads/2022/02/662779_1625661307_3711-1-300x300.jpg, https://vanducheval.com/wp-content/uploads/2022/02/663874_1626285825_5057-300x300.jpg, https://vanducheval.com/wp-content/uploads/2022/02/663874_1626285825_5057-1-300x300.jpg, https://vanducheval.com/wp-content/uploads/2022/02/660279_1624445424_937-300x300.jpg, https://vanducheval.com/wp-content/uploads/2022/02/660279_1624445424_937-1-300x300.jpg, https://vanducheval.com/wp-content/uploads/2022/02/667632_1628062625_515-300x300.jpg, https://vanducheval.com/wp-content/uploads/2022/02/667632_1628062625_515-1-300x300.jpg, https://vanducheval.com/wp-content/uploads/2022/02/652748_1620934711_6012-300x300.jpg",in_stock,5700.00 EUR,,used,Böckmann,V100-120,,yes,936,Van équestre,,,Acier,,,"Marque: Bockmann, Modèle: UNO-C pack luxe, Année: 2020, Première main: Oui, Etat: Occasion, Capacité: 1,5 Chevaux, Pont Arrière., Chevaux voyagent:Tête avant, Permis spécifique: Oui, Garantie: 3 mois"
v100-121,,Van Ifor Williams 2020,"Marque: Ifor Williams Année: 2020 Première main: Non Etat: Occasion Capacité: 1,5 Chevaux Pont Avant, Arrière. Chevaux voyagent: Tête avant Permis spécifique: Non",https://vanducheval.com/produit/van-ifor-williams-2020-2/,https://vanducheval.com/wp-content/uploads/2022/02/663874_1626285825_5057.jpg,"https://vanducheval.com/wp-content/uploads/2022/02/663874_1626285825_5057-1.jpg, https://vanducheval.com/wp-content/uploads/2022/02/630042_1617268760-300x300.jpg, https://vanducheval.com/wp-content/uploads/2022/02/630042_1617268760-1-300x300.jpg, https://vanducheval.com/wp-content/uploads/2022/02/567957_1583418328_4992-300x300.jpg, https://vanducheval.com/wp-content/uploads/2022/02/567957_1583418328_4992-1-300x300.jpg, https://vanducheval.com/wp-content/uploads/2022/02/573266_1586266181_3461-300x300.jpg, https://vanducheval.com/wp-content/uploads/2022/02/573266_1586266093_3094-300x300.jpg, https://vanducheval.com/wp-content/uploads/2022/02/667632_1628062625_515-300x300.jpg, https://vanducheval.com/wp-content/uploads/2022/02/667632_1628062625_515-1-300x300.jpg, https://vanducheval.com/wp-content/uploads/2022/02/524968_1567687462_925-300x300.jpg",in_stock,7000.00 EUR,,used,VanDuCheval,V100-121,,yes,936,Van équestre,Or,,Acier,,,"Marque: Ifor Williams, Année: 2020, Première main: Non, Etat: Occasion, Capacité: 1,5 Chevaux, Pont Avant, Arrière., Chevaux voyagent: Tête avant, Permis spécifique: Non, Garantie: 24 mois, Marque: Cheval Liberté"
v100-122,,Van 2 places cheval liberté,Marque: Cheval Liberté Année: 2005 Etat: Occasion Capacité: 2 Chevaux Pont Arrière. Chevaux voyagent: Tête avant Permis spécifique: Oui,https://vanducheval.com/produit/van-2-places-cheval-liberte/,https://vanducheval.com/wp-content/uploads/2022/02/663416_1626020100_9848.jpg,"https://vanducheval.com/wp-content/uploads/2022/02/663416_1626020100_9848-1.jpg, https://vanducheval.com/wp-content/uploads/2022/02/663416_1626020100_9848-2.jpg, https://vanducheval.com/wp-content/uploads/2022/02/665649_1627044980_3325-300x300.jpg, https://vanducheval.com/wp-content/uploads/2022/02/665649_1627044980_3325-1-300x300.jpg, https://vanducheval.com/wp-content/uploads/2022/02/661417_1625039400_9714-300x300.jpg, https://vanducheval.com/wp-content/uploads/2022/02/661417_1625039400_9714-1-300x300.jpg, https://vanducheval.com/wp-content/uploads/2022/02/667661_1628067425_8023-2-300x300.jpg, https://vanducheval.com/wp-content/uploads/2022/02/667661_1628067425_8023-3-300x300.jpg, https://vanducheval.com/wp-content/uploads/2022/02/667881_1628150795_8814-300x300.jpg, https://vanducheval.com/wp-content/uploads/2022/02/651996_1620591007_7071-300x300.jpg",in_stock,3800.00 EUR,6.22 EUR,used,VanDuCheval,V100-122,,yes,936,Van équestre,,,Acier,,,"Marque: Cheval Liberté, Année: 2005, Etat: Occasion, Capacité: 2 Chevaux, Pont Arrière., Chevaux voyagent: Tête avant, Permis spécifique: Oui, Marque: Bockmann, Année: 2006"
v100-123,,van Bockmann Gris 1989,Marque: Bockmann Couleur: Gris Année: 1989 Première main: Non Etat: Occasion Capacité: 2 Chevaux Poids à vide: 805 Kilogrammes Pont Arrière. Chevaux voyagent: Tête avant Permis spécifique: Non,https://vanducheval.com/produit/van-bockmann-gris-1989/,https://vanducheval.com/wp-content/uploads/2022/02/661300_1627813196.jpg,"https://vanducheval.com/wp-content/uploads/2022/02/665649_1627044980_3325-300x300.jpg, https://vanducheval.com/wp-content/uploads/2022/02/665649_1627044980_3325-1-300x300.jpg, https://vanducheval.com/wp-content/uploads/2022/02/657251_1622961077_2724-300x300.jpg, https://vanducheval.com/wp-content/uploads/2022/02/657251_1622961077_2724-1-300x300.jpg, https://vanducheval.com/wp-content/uploads/2022/02/651996_1620591007_7071-300x300.jpg, https://vanducheval.com/wp-content/uploads/2022/02/651996_1620591007_7071-1-300x300.jpg, https://vanducheval.com/wp-content/uploads/2022/02/652824_1620979838_3386-300x300.jpg, https://vanducheval.com/wp-content/uploads/2022/02/667661_1628067425_8023-2-300x300.jpg, https://vanducheval.com/wp-content/uploads/2022/02/667661_1628067425_8023-3-300x300.jpg, https://vanducheval.com/wp-content/uploads/2022/02/661417_1625039400_9714-300x300.jpg",in_stock,3600.00 EUR,6.22 EUR,used,Böckmann,V100-123,,yes,936,Van équestre,Gris,,Polyester,,,"Marque: Bockmann, Couleur: Gris, Année: 1989, Première main: Non, Etat: Occasion, Capacité: 2 Chevaux, Poids à vide: 805 Kilogrammes, Pont Arrière., Chevaux voyagent: Tête avant, Permis spécifique: Non"
v100-124,,Frautras oblic 3 places,Van 3 places Frautras année 2015 Gris. 1 porte avant Grande sortie avant Sellerie avant 5 baies coulissantes 2 portes arrières Séparation souple FAUTRAS TECH Options : Pont avant Ouverture estivale Plancher Polyéthylene imputrescible .,https://vanducheval.com/produit/frautras-oblic-3-places/,https://vanducheval.com/wp-content/uploads/2022/02/663217_1625913637_7644.jpg,"https://vanducheval.com/wp-content/uploads/2022/02/659022_1623823615_8074-300x300.jpg, https://vanducheval.com/wp-content/uploads/2022/02/659022_1623823615_8074-1-300x300.jpg, https://vanducheval.com/wp-content/uploads/2022/02/473971_1549968420_2955-300x300.jpg, https://vanducheval.com/wp-content/uploads/2022/02/473971_1549968420_2955-1-300x300.jpg, https://vanducheval.com/wp-content/uploads/2022/02/625373_1609925651_9726-300x300.jpg, https://vanducheval.com/wp-content/uploads/2022/02/625373_1609925651_9726-1-300x300.jpg, https://vanducheval.com/wp-content/uploads/2022/02/645206_1618323194_903-300x300.jpg, https://vanducheval.com/wp-content/uploads/2022/02/645206_1618323194_903-1-300x300.jpg, https://vanducheval.com/wp-content/uploads/2022/02/661430_1625039718_4775-300x300.jpg, https://vanducheval.com/wp-content/uploads/2022/02/661430_1625039703_448-300x300.jpg",in_stock,12000.00 EUR,6.22 EUR,used,VanDuCheval,V100-124,,yes,936,Van équestre,Gris,,Acier,,,"Marque: Fautras, Modèle: Oblic 3, Année: 2015, Première main: Oui, Etat: Occasion, Capacité: 3 Chevaux, Pont Avant, Arrière., Chevaux voyagent: De biais, Permis spécifique : Non, Marque: Cheval Liberté"
v100-125,,Van aceko 2 places 2006,Marque: Aceko Modèle: 500 Couleur: Gris Année: 2006 Première main: Non Etat: Occasion Capacité: 2 Chevaux Poids à vide: 630 Kilogrammes Pont Arrière. Chevaux voyagent: Tête avant Permis spécifique: Oui,https://vanducheval.com/produit/van-aceko-2-places-2006/,https://vanducheval.com/wp-content/uploads/2022/02/659668_1624169693_1812.jpg,"https://vanducheval.com/wp-content/uploads/2022/02/659668_1624169693_1812-1.jpg, https://vanducheval.com/wp-content/uploads/2022/02/659668_1624169693_1812-2.jpg, https://vanducheval.com/wp-content/uploads/2022/02/657479_1623070739_6044-300x300.jpg, https://vanducheval.com/wp-content/uploads/2022/02/657479_1623070739_6044-1-300x300.jpg, https://vanducheval.com/wp-content/uploads/2022/02/657060_1622835144_2092-300x300.jpg, https://vanducheval.com/wp-content/uploads/2022/02/657060_1622835144_2092-1-300x300.jpg, https://vanducheval.com/wp-content/uploads/2022/02/608560_1601880088_9413-300x300.jpg, https://vanducheval.com/wp-content/uploads/2022/02/608560_1601880088_9413-1-300x300.jpg, https://vanducheval.com/wp-content/uploads/2022/02/549169_1577352815-300x300.jpg, https://vanducheval.com/wp-content/uploads/2022/02/549169_1577352521-300x300.jpg",in_stock,3900.00 EUR,,used,Aceko,V100-125,,yes,936,Van équestre,Or,,Acier,,,"Marque: Aceko, Modèle: 500, Couleur: Gris, Année: 2006, Première main: Non, Etat: Occasion, Capacité: 2 Chevaux, Poids à vide: 630 Kilogrammes, Pont Arrière., Chevaux voyagent: Tête avant"
v100-126,,DESFORGES 1 PLACE 1995,Marque- Autre marque - Modèle: 1 PLACE Année: 1995 Première main: Non Etat: Occasion Capacité: 1 Cheval Poids à vide: 480 Kilogrammes Chevaux voyagent: Tête avant Permis spécifique: Oui,https://vanducheval.com/produit/desforges-1-place-1995/,https://vanducheval.com/wp-content/uploads/2022/02/659251_1623929986_463.jpg,"https://vanducheval.com/wp-content/uploads/2022/02/335232_1615541003-300x300.jpg, https://vanducheval.com/wp-content/uploads/2022/02/335232_1615540998-300x300.jpg, https://vanducheval.com/wp-content/uploads/2022/02/667632_1628062625_515-300x300.jpg, https://vanducheval.com/wp-content/uploads/2022/02/667632_1628062625_515-1-300x300.jpg, https://vanducheval.com/wp-content/uploads/2022/02/667303_1627903492_5953-300x300.jpg, https://vanducheval.com/wp-content/uploads/2022/02/667303_1627903492_5953-1-300x300.jpg, https://vanducheval.com/wp-content/uploads/2022/02/661934_1625234591_8113-300x300.jpg, https://vanducheval.com/wp-content/uploads/2022/02/661934_1625234591_8113-1-300x300.jpg, https://vanducheval.com/wp-content/uploads/2022/02/408279_1521450676_1389-300x300.jpg, https://vanducheval.com/wp-content/uploads/2022/02/408279_1521450667_5309-300x300.jpg",in_stock,2800.00 EUR,,used,Desforges,V100-126,,yes,936,Van équestre,Or,,Bois,,,"Marque– Autre marque –, Modèle: 1 PLACE, Année: 1995, Première main: Non, Etat: Occasion, Capacité: 1 Cheval, Poids à vide: 480 Kilogrammes, Chevaux voyagent: Tête avant, Permis spécifique: Oui, Garantie: 24 mois"
v100-127,,VAN OBLIC 2 - FAUTRAS,OBLIC2 (2 places) – FAUTRAS Plancher polyéthylène imputrescible Sellerie avant avec porte Protections latérales en acier Baies coulissantes GARANTIES Plancher polyéthylène imputrescible GARANTI À VIE VENDU AVEC REVISION COMPLETE ET GARANTIE 6 MOIS TRES BON ETAT GENERAL,https://vanducheval.com/produit/van-oblic-2-fautras/,https://vanducheval.com/wp-content/uploads/2022/02/659250_1623929799_9606.jpg,"https://vanducheval.com/wp-content/uploads/2022/02/634596_1613663556_8386-300x300.jpg, https://vanducheval.com/wp-content/uploads/2022/02/634596_1613663552_5596-300x300.jpg, https://vanducheval.com/wp-content/uploads/2022/02/BFE5F929-6625-4B2A-946F-7AD5F89B1EDF-300x300.jpeg, https://vanducheval.com/wp-content/uploads/2022/02/674F8D3F-2E16-4A00-9B7C-4DCE88513A9A-300x300.jpeg, https://vanducheval.com/wp-content/uploads/2022/02/271493_1589623901-300x300.jpg, https://vanducheval.com/wp-content/uploads/2022/02/271493_1589623898-300x300.jpg, https://vanducheval.com/wp-content/uploads/2022/02/608560_1601880088_9413-300x300.jpg, https://vanducheval.com/wp-content/uploads/2022/02/608560_1601880088_9413-1-300x300.jpg, https://vanducheval.com/wp-content/uploads/2022/02/661417_1625039400_9714-300x300.jpg, https://vanducheval.com/wp-content/uploads/2022/02/661417_1625039400_9714-1-300x300.jpg",in_stock,6600.00 EUR,6.70 EUR,used,Fautras,V100-127,,yes,936,Van équestre,Or,,Acier,,,"Marque: Fautras, Modèle: OBLIC 2, Année: 2000, Première main: Non, Etat: Occasion, Capacité: 2 Chevaux, Poids à vide: 1200 Kilogrammes, Chevaux voyagent: De biais, Permis spécifique: Oui, Année: 2021"
v100-128,,Van boeckmann 2 places,"Marque: Bockmann Modèle: Portax Année: 2019 Première main: Oui Etat: Occasion Capacité: 2 Chevaux Pont Avant, Arrière. Chevaux voyagent: Tête avant Permis spécifique: Oui",https://vanducheval.com/produit/van-boeckmann-2-places/,https://vanducheval.com/wp-content/uploads/2022/02/659230_1623924406_4908.jpg,"https://vanducheval.com/wp-content/uploads/2022/02/659230_1623924406_4908-1.jpg, https://vanducheval.com/wp-content/uploads/2022/02/659230_1623924406_4908-2.jpg, https://vanducheval.com/wp-content/uploads/2022/02/617951_1606123031_9817-300x300.jpg, https://vanducheval.com/wp-content/uploads/2022/02/617951_1606122942_4367-300x300.jpg, https://vanducheval.com/wp-content/uploads/2022/02/558052_1579765553_0271-300x300.jpg, https://vanducheval.com/wp-content/uploads/2022/02/558052_1579765553_0271-1-300x300.jpg, https://vanducheval.com/wp-content/uploads/2022/02/406129_1520850177-300x300.jpg, https://vanducheval.com/wp-content/uploads/2022/02/406129_1520850059-300x300.jpg, https://vanducheval.com/wp-content/uploads/2022/02/657479_1623070739_6044-300x300.jpg, https://vanducheval.com/wp-content/uploads/2022/02/657479_1623070739_6044-1-300x300.jpg",in_stock,10500.00 EUR,6.70 EUR,used,VanDuCheval,V100-128,,yes,936,Van équestre,Or,,Acier,,,"Marque: Bockmann, Modèle: Portax, Année: 2019, Première main: Oui, Etat: Occasion, Capacité: 2 Chevaux, Pont Avant, Arrière., Chevaux voyagent: Tête avant, Permis spécifique: Oui, Garantie: 12 mois"
v100-129,,Van 4 places,Marque: Cheval Liberté Modèle: 4004 Année: 2005 Première main: Non Etat: Occasion Capacité: 4 Chevaux Pont Arrière. Chevaux voyagent: De biais Permis spécifique: Oui,https://vanducheval.com/produit/van-4-places/,https://vanducheval.com/wp-content/uploads/2022/02/659022_1623823615_8074.jpg,"https://vanducheval.com/wp-content/uploads/2022/02/659022_1623823615_8074-1.jpg, https://vanducheval.com/wp-content/uploads/2022/02/659022_1623823615_8074-2.jpg, https://vanducheval.com/wp-content/uploads/2022/02/621382_1607705930_796-300x300.jpg, https://vanducheval.com/wp-content/uploads/2022/02/621382_1607705722_5767-300x300.jpg, https://vanducheval.com/wp-content/uploads/2022/02/652824_1620979838_3386-300x300.jpg, https://vanducheval.com/wp-content/uploads/2022/02/666015_1627236238_1858-300x300.jpg, https://vanducheval.com/wp-content/uploads/2022/02/666015_1627236147_6505-300x300.jpg, https://vanducheval.com/wp-content/uploads/2022/02/572514_1585917291_526-300x300.jpg, https://vanducheval.com/wp-content/uploads/2022/02/572514_1585917245_0702-300x300.jpg, https://vanducheval.com/wp-content/uploads/2022/02/655031_1621953390_9118-300x300.jpg",in_stock,7800.00 EUR,6.10 EUR,used,VanDuCheval,V100-129,,yes,936,Van équestre,,,Acier,,,"Marque: Cheval Liberté, Modèle: 4004, Année: 2005, Première main: Non, Etat: Occasion, Capacité: 4 Chevaux, Pont Arrière., Chevaux voyagent: De biais, Permis spécifique: Oui, Garantie: 12 mois"
v100-130,,VAN Aceko 2 places 2000,Marque: Aceko Modèle: V220 Année: 2000 Première main: Non Etat: Occasion Capacité: 2 Chevaux Poids à vide: 660 Kilogrammes Pont Arrière. Chevaux voyagent: Tête avant Permis spécifique: Oui,https://vanducheval.com/produit/van-aceko-2-places-2000/,https://vanducheval.com/wp-content/uploads/2022/02/657691_1623165557_4454.jpg,"https://vanducheval.com/wp-content/uploads/2022/02/657691_1623165557_4454-1.jpg, https://vanducheval.com/wp-content/uploads/2022/02/657691_1623165557_4454-2.jpg, https://vanducheval.com/wp-content/uploads/2022/02/665864_1627163048_6488-300x300.jpg, https://vanducheval.com/wp-content/uploads/2022/02/665864_1627163048_6488-1-300x300.jpg, https://vanducheval.com/wp-content/uploads/2022/02/591448_1594376154_8219-300x300.jpg, https://vanducheval.com/wp-content/uploads/2022/02/591448_1594376154_8219-1-300x300.jpg, https://vanducheval.com/wp-content/uploads/2022/02/661417_1625039400_9714-300x300.jpg, https://vanducheval.com/wp-content/uploads/2022/02/661417_1625039400_9714-1-300x300.jpg, https://vanducheval.com/wp-content/uploads/2022/02/608560_1601880088_9413-300x300.jpg, https://vanducheval.com/wp-content/uploads/2022/02/608560_1601880088_9413-1-300x300.jpg",in_stock,3500.00 EUR,6.22 EUR,used,Aceko,V100-130,,yes,936,Van équestre,Blanc,,Acier,,,"Marque: Aceko, Modèle: V220, Année: 2000, Première main: Non, Etat: Occasion, Capacité: 2 Chevaux, Poids à vide: 660 Kilogrammes, Pont Arrière., Chevaux voyagent: Tête avant, Permis spécifique: Oui"
v100-131,,Van Ifor Williams 2 G P,"Van IFOR WILLIAMS de 2005 adapté aux chevaux de grande taille équipé d’un pont arrière, d’une sortie chevaux avant droite et d’une porte avant gauche. Le van comporte des fenètres avant, des bat-flancs et une tête d’attelage équipé d’un antivol avec clef.",https://vanducheval.com/produit/van-ifor-williams-2-g-p/,https://vanducheval.com/wp-content/uploads/2022/02/651996_1620591007_7071.jpg,"https://vanducheval.com/wp-content/uploads/2022/02/651996_1620591007_7071-1.jpg, https://vanducheval.com/wp-content/uploads/2022/02/651996_1620591098_6332.jpg, https://vanducheval.com/wp-content/uploads/2022/02/651996_1620591258_693.jpg, https://vanducheval.com/wp-content/uploads/2022/02/651996_1620591296_9176.jpg, https://vanducheval.com/wp-content/uploads/2022/02/558052_1579765553_0271-300x300.jpg, https://vanducheval.com/wp-content/uploads/2022/02/558052_1579765553_0271-1-300x300.jpg, https://vanducheval.com/wp-content/uploads/2022/02/573275_1597161422-300x300.jpg, https://vanducheval.com/wp-content/uploads/2022/02/573275_1586267931_183-300x300.jpg, https://vanducheval.com/wp-content/uploads/2022/02/659250_1623929799_9606-300x300.jpg, https://vanducheval.com/wp-content/uploads/2022/02/549169_1577352815-300x300.jpg",in_stock,5000.00 EUR,,used,VanDuCheval,V100-131,,yes,936,Van équestre,Or,,Acier,,,"Marque: Ifor Williams, Année: 2005, Première main: Non, Etat: Occasion, Capacité: 2 Chevaux, Poids à vide: 860 Kilogrammes, Pont Avant, Arrière., Chevaux voyagent: Tête avant, Permis spécifique: Oui, Garantie: 12 mois"
v100-132,,Van Cheval Liberté Oblic,"MarqueCheval Liberté ModèleOblic Année: 2018 Première main: Oui Etat: Occasion Capacité:3 Chevaux Poids à vide:1.500 Tonnes Pont Avant, Arrière. Chevaux voyagent: De biais Permis spécifique: Oui",https://vanducheval.com/produit/van-cheval-liberte-oblic/,https://vanducheval.com/wp-content/uploads/2022/02/637773_1615114353_0918.jpg,"https://vanducheval.com/wp-content/uploads/2022/02/637773_1615114353_0918-1.jpg, https://vanducheval.com/wp-content/uploads/2022/02/637773_1615114353_0918-2.jpg, https://vanducheval.com/wp-content/uploads/2022/02/621382_1607705930_796-300x300.jpg, https://vanducheval.com/wp-content/uploads/2022/02/621382_1607705722_5767-300x300.jpg, https://vanducheval.com/wp-content/uploads/2022/02/633392_1613146409_0549-300x300.jpg, https://vanducheval.com/wp-content/uploads/2022/02/633392_1613146401_5132-300x300.jpg, https://vanducheval.com/wp-content/uploads/2022/02/BFE5F929-6625-4B2A-946F-7AD5F89B1EDF-300x300.jpeg, https://vanducheval.com/wp-content/uploads/2022/02/674F8D3F-2E16-4A00-9B7C-4DCE88513A9A-300x300.jpeg, https://vanducheval.com/wp-content/uploads/2022/02/625362_1609923244_6172-300x300.jpg, https://vanducheval.com/wp-content/uploads/2022/02/625362_1609923196_7116-300x300.jpg",in_stock,13000.00 EUR,6.70 EUR,used,VanDuCheval,V100-132,,yes,936,Van équestre,,,Acier,,,"MarqueCheval Liberté, ModèleOblic, Année: 2018, Première main: Oui, Etat: Occasion, Capacité:3 Chevaux, Poids à vide:1.500 Tonnes, Pont Avant, Arrière., Chevaux voyagent: De biais, Permis spécifique: Oui"
v100-133,,Van fautras Provan 2014,Marque: Fautras Modèle: Provan Année: 2014 Première main: Non Etat: Occasion Capacité: 2 Chevaux Chevaux voyagent: Tête avant Permis spécifique : Oui,https://vanducheval.com/produit/van-fautras-provan-2014/,https://vanducheval.com/wp-content/uploads/2022/02/657251_1622961077_2724.jpg,"https://vanducheval.com/wp-content/uploads/2022/02/657251_1622961077_2724-1.jpg, https://vanducheval.com/wp-content/uploads/2022/02/657251_1622961077_2724-2.jpg, https://vanducheval.com/wp-content/uploads/2022/02/657060_1622835144_2092-300x300.jpg, https://vanducheval.com/wp-content/uploads/2022/02/657060_1622835144_2092-1-300x300.jpg, https://vanducheval.com/wp-content/uploads/2022/02/621382_1607705930_796-300x300.jpg, https://vanducheval.com/wp-content/uploads/2022/02/621382_1607705722_5767-300x300.jpg, https://vanducheval.com/wp-content/uploads/2022/02/659230_1623924406_4908-300x300.jpg, https://vanducheval.com/wp-content/uploads/2022/02/659230_1623924406_4908-1-300x300.jpg, https://vanducheval.com/wp-content/uploads/2022/02/666362_1627398096_3337-300x300.png, https://vanducheval.com/wp-content/uploads/2022/02/666362_1627398096_3337-1-1-300x300.png",in_stock,7000.00 EUR,,used,Fautras,V100-133,,yes,936,Van équestre,,,Acier,,,"Marque: Fautras, Modèle: Provan, Année: 2014, Première main: Non, Etat: Occasion, Capacité: 2 Chevaux, Chevaux voyagent: Tête avant, Permis spécifique : Oui, Modèle: Oblic, Année: 2015"
v100-134,,Van fautras oblic + 2,Marque: Fautras Modèle: Oblic Année: 2015 Première main: Non Etat: Occasion Capacité: 2 Chevaux Poids à vide:980 Kilogrammes Chevaux voyagent:De biais Permis spécifique :Non,https://vanducheval.com/produit/van-fautras-oblic-2/,https://vanducheval.com/wp-content/uploads/2022/02/657060_1622835144_2092.jpg,"https://vanducheval.com/wp-content/uploads/2022/02/657060_1622835144_2092-1.jpg, https://vanducheval.com/wp-content/uploads/2022/02/657060_1622835144_2092-2.jpg, https://vanducheval.com/wp-content/uploads/2022/02/406129_1520850177-300x300.jpg, https://vanducheval.com/wp-content/uploads/2022/02/406129_1520850059-300x300.jpg, https://vanducheval.com/wp-content/uploads/2022/02/666015_1627236238_1858-300x300.jpg, https://vanducheval.com/wp-content/uploads/2022/02/666015_1627236147_6505-300x300.jpg, https://vanducheval.com/wp-content/uploads/2022/02/667661_1628067425_8023-2-300x300.jpg, https://vanducheval.com/wp-content/uploads/2022/02/667661_1628067425_8023-3-300x300.jpg, https://vanducheval.com/wp-content/uploads/2022/02/667881_1628150795_8814-300x300.jpg, https://vanducheval.com/wp-content/uploads/2022/02/271493_1589623901-300x300.jpg",in_stock,12000.00 EUR,6.22 EUR,used,Fautras,V100-134,,yes,936,Van équestre,Marron,,Acier,,,"Marque: Fautras, Modèle: Oblic, Année: 2015, Première main: Non, Etat: Occasion, Capacité: 2 Chevaux, Poids à vide:980 Kilogrammes, Chevaux voyagent:De biais, Permis spécifique :Non, Garantie: 24 mois"
v100-135,,Van Ifor William 2007,"Marque: Ifor Williams Année: 2007 Première main: Non Etat: Occasion Capacité: 2 Chevaux Poids à vide: 690 Kilogrammes Pont Avant, Arrière. Chevaux voyagent: Tête avant Permis spécifique: Oui",https://vanducheval.com/produit/van-ifor-william-2007/,https://vanducheval.com/wp-content/uploads/2022/02/657479_1623070739_6044.jpg,"https://vanducheval.com/wp-content/uploads/2022/02/657479_1623070739_6044-1.jpg, https://vanducheval.com/wp-content/uploads/2022/02/659250_1623929799_9606-300x300.jpg, https://vanducheval.com/wp-content/uploads/2022/02/271493_1589623901-300x300.jpg, https://vanducheval.com/wp-content/uploads/2022/02/271493_1589623898-300x300.jpg, https://vanducheval.com/wp-content/uploads/2022/02/657060_1622835144_2092-300x300.jpg, https://vanducheval.com/wp-content/uploads/2022/02/657060_1622835144_2092-1-300x300.jpg, https://vanducheval.com/wp-content/uploads/2022/02/545281_1612542743-300x300.jpg, https://vanducheval.com/wp-content/uploads/2022/02/545281_1574676878_3311-300x300.jpg, https://vanducheval.com/wp-content/uploads/2022/02/608560_1601880088_9413-300x300.jpg, https://vanducheval.com/wp-content/uploads/2022/02/608560_1601880088_9413-1-300x300.jpg",in_stock,5000.00 EUR,6.70 EUR,used,VanDuCheval,V100-135,,yes,936,Van équestre,Or,,Acier,,,"Marque: Ifor Williams, Année: 2007, Première main: Non, Etat: Occasion, Capacité: 2 Chevaux, Poids à vide: 690 Kilogrammes, Pont Avant, Arrière., Chevaux voyagent: Tête avant, Permis spécifique: Oui, Marque: Fautras"
v100-136,,"Van Saris 1,5 places","Marque- Autre marque - Année: 2008 Première main: Non Etat: Occasion Capacité: 1,5 Chevaux Poids à vide: 560 Kilogrammes Pont Arrière. Chevaux voyagent: Tête avant Permis spécifique: Non",https://vanducheval.com/produit/van-saris-15-places/,https://vanducheval.com/wp-content/uploads/2022/02/655838_1622328676_1716.jpg,"https://vanducheval.com/wp-content/uploads/2022/02/661934_1625234591_8113-300x300.jpg, https://vanducheval.com/wp-content/uploads/2022/02/661934_1625234591_8113-1-300x300.jpg, https://vanducheval.com/wp-content/uploads/2022/02/567957_1583418328_4992-300x300.jpg, https://vanducheval.com/wp-content/uploads/2022/02/567957_1583418328_4992-1-300x300.jpg, https://vanducheval.com/wp-content/uploads/2022/02/663041_1625817197_8372-300x300.jpg, https://vanducheval.com/wp-content/uploads/2022/02/663041_1625817197_8372-1-300x300.jpg, https://vanducheval.com/wp-content/uploads/2022/02/573266_1586266181_3461-300x300.jpg, https://vanducheval.com/wp-content/uploads/2022/02/573266_1586266093_3094-300x300.jpg, https://vanducheval.com/wp-content/uploads/2022/02/593944_1595438880_3768-300x300.jpg, https://vanducheval.com/wp-content/uploads/2022/02/593944_1595438880_3768-1-300x300.jpg",in_stock,3600.00 EUR,3.10 EUR,used,Saris,V100-136,,yes,936,Van équestre,,,Acier,,,"Marque– Autre marque –, Année: 2008, Première main: Non, Etat: Occasion, Capacité: 1,5 Chevaux, Poids à vide: 560 Kilogrammes, Pont Arrière., Chevaux voyagent: Tête avant, Permis spécifique: Non, Marque: Bockmann"
v100-137,,Van Renault 1 place 1994,Marque: Renault Année: 1994 Première main: Non Etat:Occasion Capacité: 1 Cheval Poids à vide: 510 Kilogrammes Pont Arrière. Chevaux voyagent: Tête avant Permis spécifique: Non,https://vanducheval.com/produit/van-renault-1-place-1994/,https://vanducheval.com/wp-content/uploads/2022/02/630878_1612094323_9068.jpg,"https://vanducheval.com/wp-content/uploads/2022/02/573266_1586266181_3461-300x300.jpg, https://vanducheval.com/wp-content/uploads/2022/02/573266_1586266093_3094-300x300.jpg, https://vanducheval.com/wp-content/uploads/2022/02/661934_1625234591_8113-300x300.jpg, https://vanducheval.com/wp-content/uploads/2022/02/661934_1625234591_8113-1-300x300.jpg, https://vanducheval.com/wp-content/uploads/2022/02/588926_1593265756_5616-300x300.jpg, https://vanducheval.com/wp-content/uploads/2022/02/588926_1593265756_5616-1-300x300.jpg, https://vanducheval.com/wp-content/uploads/2022/02/473974_1606139484-300x300.jpg, https://vanducheval.com/wp-content/uploads/2022/02/473974_1549968762_7202-300x300.jpg, https://vanducheval.com/wp-content/uploads/2022/02/663041_1625817197_8372-300x300.jpg, https://vanducheval.com/wp-content/uploads/2022/02/663041_1625817197_8372-1-300x300.jpg",in_stock,3200.00 EUR,,used,Renault,V100-137,,yes,936,Van équestre,,,Acier,,,"Marque: Renault, Année: 1994, Première main: Non, Etat:Occasion, Capacité: 1 Cheval, Poids à vide: 510 Kilogrammes, Pont Arrière., Chevaux voyagent: Tête avant, Permis spécifique: Non, Garantie: 24 mois"
v100-138,,Van Cheval Liberté 3P 2007,Marque: Cheval Liberté Modèle: 4003 Année: 2007 Première main: Oui Etat: Occasion Capacité: 3 Chevaux Pont Arrière. Chevaux voyagent:De biais Permis spécifique: Non,https://vanducheval.com/produit/van-cheval-liberte-3p-2007/,https://vanducheval.com/wp-content/uploads/2022/02/654978_1621939714_4381.jpg,"https://vanducheval.com/wp-content/uploads/2022/02/617429_1605877368_5261-300x300.jpg, https://vanducheval.com/wp-content/uploads/2022/02/617429_1605877368_5261-1-300x300.jpg, https://vanducheval.com/wp-content/uploads/2022/02/549169_1577352815-300x300.jpg, https://vanducheval.com/wp-content/uploads/2022/02/549169_1577352521-300x300.jpg, https://vanducheval.com/wp-content/uploads/2022/02/621382_1607705930_796-300x300.jpg, https://vanducheval.com/wp-content/uploads/2022/02/621382_1607705722_5767-300x300.jpg, https://vanducheval.com/wp-content/uploads/2022/02/473976_1549969077_0462-300x300.jpg, https://vanducheval.com/wp-content/uploads/2022/02/473976_1549969077_0462-1-300x300.jpg, https://vanducheval.com/wp-content/uploads/2022/02/666015_1627236238_1858-300x300.jpg, https://vanducheval.com/wp-content/uploads/2022/02/666015_1627236147_6505-300x300.jpg",in_stock,9500.00 EUR,,used,VanDuCheval,V100-138,,yes,936,Van équestre,Or,,Acier,,,"Marque: Cheval Liberté, Modèle: 4003, Année: 2007, Première main: Oui, Etat: Occasion, Capacité: 3 Chevaux, Pont Arrière., Chevaux voyagent:De biais, Permis spécifique: Non, Garantie: 60 mois"
v100-139,,Van PROVAN E2 Classic,Plancher polyéthylène imputrescible et antibruit « garantie à vie » Arceaux de sécurité intégrés « garantie 8 ans » Suspensions à roues indépendantes : excellente tenue de route Ouvertures Fautras : 2 portes arrières Plancher surbaissé Barres de poitrail avec boucle de sécurité extérieure Volets coulissants réglables en 3 positions Séparations souple Fautras tech (aisance et équilibre des chevaux) Libération sécurisée : sangle arrière libérable depuis l’avant (Brevet fautras) Grille de tête Protections latérales galvanisées Hublot avant Roue de secours Roue jockey automatique Attaches intérieures et extérieures Lumière intérieure Grande sortie avant Options incluses : 2 Baies coulissantes 600×400 mm + grilles Coffre à selles complet avec porte (support+porte+filet) Protections latérales polypropylène à la place des tôles,https://vanducheval.com/produit/van-provan-e2-classic/,https://vanducheval.com/wp-content/uploads/2022/02/652824_1620979838_3386.jpg,"https://vanducheval.com/wp-content/uploads/2022/02/558052_1579765553_0271-300x300.jpg, https://vanducheval.com/wp-content/uploads/2022/02/558052_1579765553_0271-1-300x300.jpg, https://vanducheval.com/wp-content/uploads/2022/02/659230_1623924406_4908-300x300.jpg, https://vanducheval.com/wp-content/uploads/2022/02/659230_1623924406_4908-1-300x300.jpg, https://vanducheval.com/wp-content/uploads/2022/02/BFE5F929-6625-4B2A-946F-7AD5F89B1EDF-300x300.jpeg, https://vanducheval.com/wp-content/uploads/2022/02/674F8D3F-2E16-4A00-9B7C-4DCE88513A9A-300x300.jpeg, https://vanducheval.com/wp-content/uploads/2022/02/657479_1623070739_6044-300x300.jpg, https://vanducheval.com/wp-content/uploads/2022/02/657479_1623070739_6044-1-300x300.jpg, https://vanducheval.com/wp-content/uploads/2022/02/661300_1627813196-240x300.jpg, https://vanducheval.com/wp-content/uploads/2022/02/666362_1627398096_3337-300x300.png",in_stock,11000.00 EUR,6.70 EUR,used,VanDuCheval,V100-139,,yes,936,Van équestre,Vert,,Tôle,,,"Marque: Fautras, Modèle: provan E2 classique, Année: 2021, Etat: Neuf, Capacité: 2 Chevaux, Permis spécifique: Oui, Garantie: 12 mois, Marque: Ifor Williams, ModèleHBE 506, Première main: Oui"
v100-140,,Van 1 place 1/2 neuf 2021,"Van 1 place et ½, tout polyester, tractable sans permis BE*. Très spacieux, pour un confort optimal, le JMS est aussi bien adapté au transport d’un cheval (quelque soit sa taille) que d’une jument et son poulain. Eleveurs et amateurs l’apprécient grâce à ses systèmes de sécurité et son confort. En plus des équipements décrits sur ces pages, il offre en série : matelassures confortables, protections latérales galvanisées, roue de secours, roue jockey automatique, lumière intérieure, hublot avant et attaches intérieures et extérieures.",https://vanducheval.com/produit/van-1-place-1-2-neuf-2021/,https://vanducheval.com/wp-content/uploads/2022/02/652826_1620980033_2598.jpg,"https://vanducheval.com/wp-content/uploads/2022/02/667632_1628062625_515-300x300.jpg, https://vanducheval.com/wp-content/uploads/2022/02/667632_1628062625_515-1-300x300.jpg, https://vanducheval.com/wp-content/uploads/2022/02/572516_1585919892_9767-300x300.jpg, https://vanducheval.com/wp-content/uploads/2022/02/572516_1585919693_6232-300x300.jpg, https://vanducheval.com/wp-content/uploads/2022/02/17FD1783-4522-4881-BA02-2ABE7DBC65D7-300x300.jpeg, https://vanducheval.com/wp-content/uploads/2022/02/791AC595-DBD9-46A0-8025-5E17BAD6E111-300x300.jpeg, https://vanducheval.com/wp-content/uploads/2022/02/261256_1603352413-300x300.jpg, https://vanducheval.com/wp-content/uploads/2022/02/261256_1603352407-300x300.jpg, https://vanducheval.com/wp-content/uploads/2022/02/667303_1627903492_5953-300x300.jpg, https://vanducheval.com/wp-content/uploads/2022/02/667303_1627903492_5953-1-300x300.jpg",in_stock,8955.00 EUR,3.10 EUR,used,VanDuCheval,V100-140,,yes,936,Van équestre,Or,,Polyester,,,"Marque: Fautras, Année:2021, Etat: Neuf, Capacité: 1,5 Chevaux, Permis spécifique: Oui, Garantie: 3 mois, Marque: Ifor Williams, Année: 2008, Première main: Non, Etat: Occasion"
v100-141,,Van Ifor Williams HB 505 R,"Marque: Ifor Williams Modèle: HB 505r Année:1999 Première main: Non Etat: Occasion Capacité: 2 Chevaux Poids à vide: 690 Pont Arrière, Latéral. Chevaux voyagent: Tête avant",https://vanducheval.com/produit/van-ifor-williams-hb-505-r/,https://vanducheval.com/wp-content/uploads/2022/02/653228_1621155919_3939.jpg,"https://vanducheval.com/wp-content/uploads/2022/02/617951_1606123031_9817-300x300.jpg, https://vanducheval.com/wp-content/uploads/2022/02/617951_1606122942_4367-300x300.jpg, https://vanducheval.com/wp-content/uploads/2022/02/608560_1601880088_9413-300x300.jpg, https://vanducheval.com/wp-content/uploads/2022/02/608560_1601880088_9413-1-300x300.jpg, https://vanducheval.com/wp-content/uploads/2022/02/667881_1628150795_8814-300x300.jpg, https://vanducheval.com/wp-content/uploads/2022/02/298811_1603351480-300x300.jpg, https://vanducheval.com/wp-content/uploads/2022/02/298811_1603351480-1-300x300.jpg, https://vanducheval.com/wp-content/uploads/2022/02/657251_1622961077_2724-300x300.jpg, https://vanducheval.com/wp-content/uploads/2022/02/657251_1622961077_2724-1-300x300.jpg, https://vanducheval.com/wp-content/uploads/2022/02/573275_1597161422-300x300.jpg",in_stock,4500.00 EUR,8.80 EUR,used,VanDuCheval,V100-141,,yes,936,Van équestre,Bleu,,Acier,,,"Marque: Ifor Williams, Modèle: HB 505r, Année:1999, Première main: Non, Etat: Occasion, Capacité: 2 Chevaux, Poids à vide: 690, Pont Arrière, Latéral., Chevaux voyagent: Tête avant, Garantie: 12 mois"
v100-142,,Van porte caleche bockmann duo avec sellerie,"Van porte caleche bockmann duo avec sellerie, comme neuf jamais utilisé car double emploi, Il est de fevrier 2019 -fond alu -pare bottes -capitonnage -roue de secours+support -combinaision porte arriére/porte 1 vantail pour duo",https://vanducheval.com/produit/van-porte-caleche-bockmann-duo-avec-sellerie/,https://vanducheval.com/wp-content/uploads/2022/02/652205_1620679354_7618.jpg,"https://vanducheval.com/wp-content/uploads/2022/02/271493_1589623901-300x300.jpg, https://vanducheval.com/wp-content/uploads/2022/02/271493_1589623898-300x300.jpg, https://vanducheval.com/wp-content/uploads/2022/02/573275_1597161422-300x300.jpg, https://vanducheval.com/wp-content/uploads/2022/02/573275_1586267931_183-300x300.jpg, https://vanducheval.com/wp-content/uploads/2022/02/558052_1579765553_0271-300x300.jpg, https://vanducheval.com/wp-content/uploads/2022/02/558052_1579765553_0271-1-300x300.jpg, https://vanducheval.com/wp-content/uploads/2022/02/406129_1520850177-300x300.jpg, https://vanducheval.com/wp-content/uploads/2022/02/406129_1520850059-300x300.jpg, https://vanducheval.com/wp-content/uploads/2022/02/BFE5F929-6625-4B2A-946F-7AD5F89B1EDF-300x300.jpeg, https://vanducheval.com/wp-content/uploads/2022/02/674F8D3F-2E16-4A00-9B7C-4DCE88513A9A-300x300.jpeg",in_stock,11000.00 EUR,8800.00 EUR,used,Böckmann,V100-142,,yes,936,Van équestre,Or,,Acier,,,"Marque: Bockmann, Modèle: duo porte caléche, Année: 2019, Première main: Oui, Etat: Neuf, Capacité: 2 Chevaux, Poids à vide: 1120 Kilogrammes, Pont Arrière., Chevaux voyagent: Tête avant, Permis spécifique Non"
v100-143,,Fautras maxivan 3 places 2001,Marque: Fautras Modèle: maxivan Année: 2001 Première main: Non Etat: Occasion Capacité: 3 Chevaux Poids à vide: 1300 Kilogrammes Chevaux voyagent: De biais Permis spécifique :Oui,https://vanducheval.com/produit/fautras-maxivan-3-places-2001/,https://vanducheval.com/wp-content/uploads/2022/02/652368_1620749767_0523.jpg,"https://vanducheval.com/wp-content/uploads/2022/02/666005_1627234431_3778-300x300.jpg, https://vanducheval.com/wp-content/uploads/2022/02/666005_1627234431_3778-1-300x300.jpg, https://vanducheval.com/wp-content/uploads/2022/02/633392_1613146409_0549-300x300.jpg, https://vanducheval.com/wp-content/uploads/2022/02/633392_1613146401_5132-300x300.jpg, https://vanducheval.com/wp-content/uploads/2022/02/667661_1628067425_8023-2-300x300.jpg, https://vanducheval.com/wp-content/uploads/2022/02/667661_1628067425_8023-3-300x300.jpg, https://vanducheval.com/wp-content/uploads/2022/02/652824_1620979838_3386-300x300.jpg, https://vanducheval.com/wp-content/uploads/2022/02/473976_1549969077_0462-300x300.jpg, https://vanducheval.com/wp-content/uploads/2022/02/473976_1549969077_0462-1-300x300.jpg, https://vanducheval.com/wp-content/uploads/2022/02/652205_1620679354_7618-300x300.jpg",in_stock,7500.00 EUR,8.80 EUR,used,Fautras,V100-143,,yes,936,Van équestre,,,Acier,,,"Marque: Fautras, Modèle: maxivan, Année: 2001, Première main: Non, Etat: Occasion, Capacité: 3 Chevaux, Poids à vide: 1300 Kilogrammes, Chevaux voyagent: De biais, Permis spécifique :Oui, Marque: Cheval Liberté"
v100-144,,Bockmann Grand Master SR - WCF,"Grand Master SR – WCF Quasiment neuf, à servi moins de dix fois. 1ère immatriculation : 28/07/2020 Option : Pont poulain et pont normal Caméra intérieur et extérieur (recul) Caoutchouc en plus aux antérieurs Sellerie accessible de l’intérieur Roue de secours Jantes Alu Séparation de tête (grille)",https://vanducheval.com/produit/bockmann-grand-master-sr-wcf/,https://vanducheval.com/wp-content/uploads/2022/02/655177_1622013141_8148.jpg,"https://vanducheval.com/wp-content/uploads/2022/02/545281_1612542743-300x300.jpg, https://vanducheval.com/wp-content/uploads/2022/02/545281_1574676878_3311-300x300.jpg, https://vanducheval.com/wp-content/uploads/2022/02/659230_1623924406_4908-300x300.jpg, https://vanducheval.com/wp-content/uploads/2022/02/659230_1623924406_4908-1-300x300.jpg, https://vanducheval.com/wp-content/uploads/2022/02/617951_1606123031_9817-300x300.jpg, https://vanducheval.com/wp-content/uploads/2022/02/617951_1606122942_4367-300x300.jpg, https://vanducheval.com/wp-content/uploads/2022/02/665649_1627044980_3325-300x300.jpg, https://vanducheval.com/wp-content/uploads/2022/02/665649_1627044980_3325-1-300x300.jpg, https://vanducheval.com/wp-content/uploads/2022/02/573275_1597161422-300x300.jpg, https://vanducheval.com/wp-content/uploads/2022/02/573275_1586267931_183-300x300.jpg",in_stock,14500.00 EUR,,used,Böckmann,V100-144,,yes,936,Van équestre,Or,,Acier,,,"Marque: Bockmann, Modèle: Grand Master SR – WCF, Année: 2020, Première main: Oui, Etat: Occasion, Capacité:2 Chevaux, Pont Arrière, Latéral., Chevaux voyagent: Tête avant, Permis spécifique: Oui, Garantie: 24 mois"
v100-145,,Van 1.5 2009,"Marque- Autre marque - Année: 2009 Première main: Non Etat: Occasion Capacité: 1,5 Chevaux Poids à vide:500 Kilogrammes Pont Arrière. Chevaux voyagent: Tête avant Permis spécifique: No",https://vanducheval.com/produit/van-1-5-2009/,https://vanducheval.com/wp-content/uploads/2022/02/652748_1620934711_6012.jpg,"https://vanducheval.com/wp-content/uploads/2022/02/667303_1627903492_5953-300x300.jpg, https://vanducheval.com/wp-content/uploads/2022/02/667303_1627903492_5953-1-300x300.jpg, https://vanducheval.com/wp-content/uploads/2022/02/667555_1628004354_0342-300x300.jpg, https://vanducheval.com/wp-content/uploads/2022/02/652826_1620980033_2598-300x300.jpg, https://vanducheval.com/wp-content/uploads/2022/02/261256_1603352413-300x300.jpg, https://vanducheval.com/wp-content/uploads/2022/02/261256_1603352407-300x300.jpg, https://vanducheval.com/wp-content/uploads/2022/02/665977_1627227842_3633-300x300.jpg, https://vanducheval.com/wp-content/uploads/2022/02/665977_1627227842_3633-1-300x300.jpg, https://vanducheval.com/wp-content/uploads/2022/02/661934_1625234591_8113-300x300.jpg, https://vanducheval.com/wp-content/uploads/2022/02/661934_1625234591_8113-1-300x300.jpg",in_stock,2780.00 EUR,,used,VanDuCheval,V100-145,,yes,936,Van équestre,Or,,Bois,,,"Marque– Autre marque –, Année: 2009, Première main: Non, Etat: Occasion, Capacité: 1,5 Chevaux, Poids à vide:500 Kilogrammes, Pont Arrière., Chevaux voyagent: Tête avant, Permis spécifique: No, Marque: Cheval Liberté"
v100-146,,BOCKMANN DUO ESPRIT S+B SELLERIE / NEUF,Van BOCKMANN DUO ESPRIT Silver+Black avec pack luxe (2 places) . Parois plywood couleur gris granit ou anthracite . Toit en polyster gris ou antracite métallisé . Barre de poitrail anti-panique . Bâche arrière manuelle . Roue de secours avec support . Roue jockey automatique . Tête d’attelage sans antivol (disponible au prix de 35€TTC) . Adaptateur 7/13 poles . Fenêtres rectangulaire ouvrables,https://vanducheval.com/produit/bockmann-duo-esprit-sb-sellerie-neuf/,https://vanducheval.com/wp-content/uploads/2022/02/549171_1612542927.jpg,"https://vanducheval.com/wp-content/uploads/2022/02/549171_1612542921.jpg, https://vanducheval.com/wp-content/uploads/2022/02/549171_1612542927-1.jpg, https://vanducheval.com/wp-content/uploads/2022/02/549171_1612542938.jpg, https://vanducheval.com/wp-content/uploads/2022/02/549171_1612542956.jpg, https://vanducheval.com/wp-content/uploads/2022/02/549171_1612542961.jpg, https://vanducheval.com/wp-content/uploads/2022/02/665649_1627044980_3325-300x300.jpg, https://vanducheval.com/wp-content/uploads/2022/02/665649_1627044980_3325-1-300x300.jpg, https://vanducheval.com/wp-content/uploads/2022/02/657251_1622961077_2724-300x300.jpg, https://vanducheval.com/wp-content/uploads/2022/02/657251_1622961077_2724-1-300x300.jpg, https://vanducheval.com/wp-content/uploads/2022/02/BFE5F929-6625-4B2A-946F-7AD5F89B1EDF-300x300.jpeg",in_stock,8900.00 EUR,6.10 EUR,used,Böckmann,V100-146,,yes,936,Van équestre,Gris,,Acier,,,"Garantie: 24 mois, Marque: Bockmann, Modèle: DUO Esprit Silver+Black Sellerie, Année: 2021, Première main Oui, Etat: Neuf, Capacité:2 Chevaux, Pont Arrière., Chevaux voyagent:Tête avant, Permis spécifique: Oui"
v100-147,,BOCKMANN DUO ALU CHAMPION R LUXE NEUF,"Van Bockmann CHAMPION R LUXE ALU ** EN STOCK** * PTAC 2400 kg (possibilité de détarrage PTAC 2000 kg ou inférieur) * Coque en aluminium * Toit polyester anthracite avec 2 fenêtres ouvrables teintées * Chassis surbaissé CFF+ avec amortisseurs de roue * Roue jockey automatique * Plancher aluminium * Capitonnage latéral (coussin) * Pare-botte en composite * éclairage intérieur * Barre de poitrail antipanique (Multy Sage System) * Poignée de manoeuvre * Bandes décoratives avec tête de cheval * Sellerie avec porte selles télescopiques, miroir, filet de porte, balai et pelle * Housse de roue de secours * Séparation de tête disponible en option",https://vanducheval.com/produit/bockmann-duo-alu-champion-r-luxe-neuf/,https://vanducheval.com/wp-content/uploads/2022/02/572514_1585917291_526.jpg,"https://vanducheval.com/wp-content/uploads/2022/02/572514_1585917245_0702.jpg, https://vanducheval.com/wp-content/uploads/2022/02/572514_1585917291_526-1.jpg, https://vanducheval.com/wp-content/uploads/2022/02/572514_1585917393_5401.jpg, https://vanducheval.com/wp-content/uploads/2022/02/572514_1585917407_0084.jpg, https://vanducheval.com/wp-content/uploads/2022/02/572514_1585917430_6843.jpg, https://vanducheval.com/wp-content/uploads/2022/02/572514_1585917483_9711.jpg, https://vanducheval.com/wp-content/uploads/2022/02/572514_1585917605_285.jpg, https://vanducheval.com/wp-content/uploads/2022/02/572514_1585917657_9876.jpg, https://vanducheval.com/wp-content/uploads/2022/02/572514_1585917774_2553.jpg, https://vanducheval.com/wp-content/uploads/2022/02/572514_1585917800_4186.jpg",in_stock,8900.00 EUR,6100.00 EUR,used,Böckmann,V100-147,,yes,936,Van équestre,Or,,Aluminium,,,"Garantie: 24 mois, Marque: Bockmann, Modèle: Champion R LUXE, Année: 2021, Première main: Oui, Etat: Neuf, Capacité: 2 Chevaux, Pont Arrière., Chevaux voyagent: Tête avant, Permis spécifique: Oui"
v100-149,,BOCKMANN POLYESTER COMFORT NEUF,VAN BOCKMANN COMFORT Pack luxe (2 places) NEUF •Carrosserie en polyester 21 mm •Châssis en acier galvanisé à chaud en construction à longerons •Châssis surbaissé CFFplus (châssis à suspension type confort) •Roues automobiles en 14 pouces •Renforts arrières avec grilles •Roue jockey automatique •Roue de secours •Anti-vol d’attelage •Rembourrages des barres de poitrail •Pack luxe : Plancher aluminium + Pare bottes composite + Capitonnages latéraux •Toit polyester métallisé avec fenêtres •Bâche arrière automatique avec moustiquaire intégrée •Dispositif de levage du pont avec amortisseurs à gaz •Sellerie équipé avec Fermeture à clés •Barre de poitrail et de recul « antipanique » •Lumière intérieur (Blanche et Bleu) •Pont arrière avec revêtement caoutchouc à lattes moulées et arrêtoirs •Caoutchouc de plancher collé et jointé •Verrouillage de porte à 3 points •Multi Safe System (Barre de poitrail « antipanique » avant et arrière •Bat-flanc souple PVC avec partie haute ( 165 cm ) au garrot •PTAC possible de 2000 à 2400 kg •couleur intégrale anthracite métallisé,https://vanducheval.com/produit/bockmann-polyester-comfort-neuf/,https://vanducheval.com/wp-content/uploads/2022/02/549169_1577352815.jpg,"https://vanducheval.com/wp-content/uploads/2022/02/549169_1577352521.jpg, https://vanducheval.com/wp-content/uploads/2022/02/549169_1577352602.jpg, https://vanducheval.com/wp-content/uploads/2022/02/549169_1577352815-1.jpg, https://vanducheval.com/wp-content/uploads/2022/02/549169_1577352887.jpg, https://vanducheval.com/wp-content/uploads/2022/02/642457_1617126019_1484-300x300.jpg, https://vanducheval.com/wp-content/uploads/2022/02/642457_1617126019_1484-1-300x300.jpg, https://vanducheval.com/wp-content/uploads/2022/02/665864_1627163048_6488-300x300.jpg, https://vanducheval.com/wp-content/uploads/2022/02/665864_1627163048_6488-1-300x300.jpg, https://vanducheval.com/wp-content/uploads/2022/02/BFE5F929-6625-4B2A-946F-7AD5F89B1EDF-300x300.jpeg, https://vanducheval.com/wp-content/uploads/2022/02/674F8D3F-2E16-4A00-9B7C-4DCE88513A9A-300x300.jpeg",in_stock,7000.00 EUR,6.10 EUR,used,Böckmann,V100-149,,yes,936,Van équestre,Blanc,,Acier,,,"Garantie: 24 mois, Marque: Bockmann, Modèle: COMFORT LUXE, Année: 2021, Première main: Oui, Etat: Neuf, Capacité: 2 Chevaux, Pont Arrière. Oui, Chevaux voyagent: Tête avant, Permis spécifique: Oui"
12323,,"VAN FAUTRAS 1,5 place année 2007","Van occasion Fautras 1,5 place , plancher en aluminium. C’est un van impeccable… il est bien entretenu et dispose d’un carnet de suivie . Une révision complète a été faite donc rien à signaler . Pneus changés et életricité impeccable Certificat de revison disponible Garantie 2 ans pour les pieces et main d’oeuvre 1 Proprietaire précédent Possibilité de livraison rapide PTAC : 1200Kg Année: 2007",https://vanducheval.com/produit/van-fautras-15-place-annee-2007/,https://vanducheval.com/wp-content/uploads/2022/02/17FD1783-4522-4881-BA02-2ABE7DBC65D7.jpeg,"https://vanducheval.com/wp-content/uploads/2022/02/791AC595-DBD9-46A0-8025-5E17BAD6E111.jpeg, https://vanducheval.com/wp-content/uploads/2022/02/551220B9-48CB-4F60-A51D-8B1B44E86A7D.jpeg, https://vanducheval.com/wp-content/uploads/2022/02/335232_1615541003-300x300.jpg, https://vanducheval.com/wp-content/uploads/2022/02/335232_1615540998-300x300.jpg, https://vanducheval.com/wp-content/uploads/2022/02/628320_1611039479_3075-300x300.jpg, https://vanducheval.com/wp-content/uploads/2022/02/628320_1611039479_3075-1-300x300.jpg, https://vanducheval.com/wp-content/uploads/2022/02/572516_1585919892_9767-300x300.jpg, https://vanducheval.com/wp-content/uploads/2022/02/572516_1585919693_6232-300x300.jpg, https://vanducheval.com/wp-content/uploads/2022/02/406129_1520850177-300x300.jpg, https://vanducheval.com/wp-content/uploads/2022/02/406129_1520850059-300x300.jpg",in_stock,4200.00 EUR,3100.00 EUR,used,Fautras,12323,,yes,936,Van équestre,,,Aluminium,1200 kg,Caractéristiques techniques:Poids:1200 kg,"Garantie: 24 mois, Marque:Cheval Liberté, Modèle: Gold One « White Line » blanc, CouleurBlanc, Année: 2021, Première main: Oui, Etat: Neuf, Capacité: 1,5 Chevaux, Poids à vide: 690, Pont Arrière."
12324,,VAN 2 PLACES HB506 CONFORT IFOR WILLIAMS ARGENT AVEC PONT-PORTES ARRIERE,VAN 2 PLACES HB506 CONFORT IFOR WILLIAMS ARGENT AVEC PONT-PORTES ARRIERE Dimensions utiles : 3.16m x 1.67m x 2.26m Poids à vide : 920 kg PTAC : 2600 kg (détarage jusqu’à 1400 kg) Longueur utile : 3.16 m Largeur utile : 1.67 m PTAC : 1400 à 2600 kgPoids à vide : 920 kgBasculement de la caisse : 165R13C Hauteur de chargement : 2.26 m Caméra de surveillance,https://vanducheval.com/produit/van-2-places-hb506-confort-ifor-williams-argent-avec-pont-portes-arriere/,https://vanducheval.com/wp-content/uploads/2022/02/BFE5F929-6625-4B2A-946F-7AD5F89B1EDF.jpeg,"https://vanducheval.com/wp-content/uploads/2022/02/674F8D3F-2E16-4A00-9B7C-4DCE88513A9A.jpeg, https://vanducheval.com/wp-content/uploads/2022/02/A1C35A4A-5A69-45A5-A8CA-A0A2A516439E.jpeg, https://vanducheval.com/wp-content/uploads/2022/02/83906ACE-4A6D-4E05-BD59-115C295B32B9.jpeg, https://vanducheval.com/wp-content/uploads/2022/02/666362_1627398096_3337-300x300.png, https://vanducheval.com/wp-content/uploads/2022/02/666362_1627398096_3337-1-1-300x300.png, https://vanducheval.com/wp-content/uploads/2022/02/558052_1579765553_0271-300x300.jpg, https://vanducheval.com/wp-content/uploads/2022/02/558052_1579765553_0271-1-300x300.jpg, https://vanducheval.com/wp-content/uploads/2022/02/664966_1626763885_7417-300x300.jpg, https://vanducheval.com/wp-content/uploads/2022/02/664966_1626763881_1467-300x300.jpg, https://vanducheval.com/wp-content/uploads/2022/02/617951_1606123031_9817-300x300.jpg",in_stock,9100.00 EUR,6700.00 EUR,used,VanDuCheval,12324,,yes,936,Van équestre,Argent,,Acier,,,"Marque: Fautras, Modèle: TROPHEE, Année: 2005, Etat: Occasion, Capacité: 2 Chevaux, Poids à vide : 890 Kilogrammes, Chevaux voyagent: Tête avant, Permis spécifique: Oui, Garantie: 12 mois, Marque: Ifor Williams"
12772,,Cheval Liberté Maxi 3 2023,"TRANSPORTEZ 3 CHEVAUX ET BÉNÉFICIEZ D’UNE SELLERIE TRÈS CONFORTABLE VAN 3 PLACES – CHARGEMENT DIAGONAL Parois latérales et plancher Aluminium garantis 5 ans Toit et déflecteur en polyester renforcé Suspension Pullman 2 Châssis surbaissé Faible garde sol pour une tenue de route optimale Volume intérieur exceptionnel Équipement pléthorique (confort, sécurité, ventilation) NOUVEAUTÉS 2022 : – CONFORT DU CHEVAL – Plus d’espace disponible pour vos chevaux à l’intérieur du van grâce à des passages de roues repensés ; De quoi gérer facilement les interactions entre les chevaux présents dans le van avec de nouvelles séparations intérieures télescopiques en aluminium, réglables sur des rails coulissants retravaillés. Le une séparation de tête intégrée avec un cache amovible ; – CONFORT ROUTIER – De nouveaux gardes boues extérieurs en ABS, plus résistants aux rayures et petits chocs, avec bavette intégrée pour une meilleure protection de la caisse ; – CONFORT DU CAVALIER – Une esthétique irréprochable grâce à la conception de coque polyester plus aérodynamique, sans pour autant sacrifier l’imposant espace sellerie ; De nombreuses évolutions sur les attaches chevaux, les ouvrants, la modularité et plus encore, pour des déplacements sans contraintes !",https://vanducheval.com/produit/cheval-liberte-maxi-3-2023/,https://vanducheval.com/wp-content/uploads/2024/06/IMG_0479.jpeg,"https://vanducheval.com/wp-content/uploads/2024/06/IMG_0480.jpeg, https://vanducheval.com/wp-content/uploads/2024/06/IMG_0481.jpeg, https://vanducheval.com/wp-content/uploads/2024/06/IMG_0482.jpeg, https://vanducheval.com/wp-content/uploads/2024/06/IMG_0478.jpeg, https://vanducheval.com/wp-content/uploads/2024/06/IMG_0477.jpeg, https://vanducheval.com/wp-content/uploads/2022/02/552706_1615540849-300x300.jpg, https://vanducheval.com/wp-content/uploads/2022/02/552706_1615540798-300x300.jpg, https://vanducheval.com/wp-content/uploads/2022/02/549169_1577352815-300x300.jpg, https://vanducheval.com/wp-content/uploads/2022/02/549169_1577352521-300x300.jpg, https://vanducheval.com/wp-content/uploads/2022/02/659022_1623823615_8074-300x300.jpg",in_stock,17500.00 EUR,12300.00 EUR,used,VanDuCheval,12772,,yes,936,Van équestre,Or,,Aluminium,,,"Garantie: 24 mois, Marque: Cheval Liberté, Modèle: MAXI 2, Couleur: Noir, Année: 2021, Première main: Oui, Etat: Neuf, Capacité: 2 Chevaux, Poids à vide: 960 Kilogrammes, Pont Avant, Arrière."
