ID,Typ,Artikelnummer,"GTIN, UPC, EAN oder ISBN",Name,Veröffentlicht,"Ist hervorgehoben?","Sichtbarkeit im Katalog",Kurzbeschreibung,Beschreibung,"Datum, an dem der Angebotspreis beginnt","Datum, an dem der Angebotspreis endet",Steuerstatus,Steuerklasse,Vorrätig?,Bestand,"Geringe Lagermenge","Lieferrückstände erlaubt?","Nur einzeln verkaufen?","Gewicht (kg)","Länge (m)","Breite (m)","Höhe (m)","Kundenrezensionen erlauben?","Hinweis zum Kauf",Angebotspreis,"Regulärer Preis",Kategorien,Schlagwörter,Versandklasse,Bilder,Downloadlimit,"Ablauftage des Downloads","Übergeordnetes Produkt","Gruppierte Produkte",Zusatzverkäufe,"Cross-Sells (Querverkäufe)","Externe URL",Button-Text,Position,Marken
1421,simple,DV-ERCO-BIO-HACKSLER-GHX-BT2900R-LK,,"Erco Bio-Häcksler GHX-BT2900R - Premium ID1421",1,0,visible,"Erco Bio-Häcksler GHX-BT2900R - Premium ID1421 | 290mm, bis 14cm. Professionelle Qualität für den gartenhäcksler.","<h3>Erco Bio-Häcksler GHX-BT2900R - Premium ID1421</h3>\n<p>Entdecken Sie die professionelle Leistung dieses hochwertigen Gartenwerkzeugs. Ausgestattet mit einem leistungsstarken Honda GX630-Motor mit 14,7 kW Leistung bietet dieses Gerät optimale Ergebnisse für anspruchsvolle Gartenarbeiten.</p>\n<p>Durch seine kompakte Arbeitsbreite von nur 760 mm, maximaler Astdurchmesser bis 14 cm zeichnet sich dieses Modell besonders aus. Die durchdachte Konstruktion ermöglicht effiziente Arbeitsabläufe und professionelle Ergebnisse.</p>\n<p>Das hydraulische Selbstfahrsystem sorgt für komfortable Manövrierbarkeit und einfache Positionierung am Einsatzort. Diese Funktion erleichtert den Transport erheblich und ermöglicht einen flexiblen Einsatz an verschiedenen Arbeitsstellen ohne großen Kraftaufwand.</p>\n<p>Die elektronische No-Stress-Steuerung schützt den Motor vor Überlastung und gewährleistet eine lange Lebensdauer. Dieses intelligente System passt die Leistung automatisch an das zu verarbeitende Material an und verhindert so unnötige Abnutzung oder Schäden am Antrieb.</p>\n<p>Das 3-Gang-Einzugswalzen-System ermöglicht eine optimale Materialzuführung für unterschiedliche Materialarten. Die berührungsempfindlichen Tasten zur Steuerung der Einzugsdrehrichtung erlauben eine präzise Kontrolle über den Arbeitsprozess und eine schnelle Anpassung an verschiedene Materialien.</p>\n<p>Das kombinierte Schneidsystem mit Messern und Hämmern gewährleistet eine optimale Zerkleinerung sowohl von Grüngut als auch von faserigem Material. Je nach Materialart kann flexibel zwischen verschiedenen Schneidkonfigurationen gewählt werden, um beste Ergebnisse zu erzielen und die Effizienz zu maximieren.</p>\n<p>Die einfache Öffnung des Häckselwerks ermöglicht eine schnelle und unkomplizierte Wartung des Rotors. Regelmäßige Wartung ist wichtig für die Langlebigkeit und Zuverlässigkeit des Geräts und stellt sicher, dass die Leistung über viele Jahre hinweg konstant bleibt.</p>\n<p>Dieses professionelle Gerät überzeugt durch seine robuste Bauweise und die durchdachten technischen Lösungen. Die Kombination aus hoher Leistung, intelligenter Steuerung und benutzerfreundlichem Design macht es zur idealen Wahl für anspruchsvolle Garten- und Landschaftspflegearbeiten.</p>\n<h4>Technische Highlights:</h4>\n<ul>\n  <li><strong>Motor:</strong> Honda GX630 - Zuverlässiger Antrieb für höchste Ansprüche</li>\n  <li><strong>Leistung:</strong> 14,7 kW - Optimale Power für professionelle Anwendungen</li>\n  <li><strong>Arbeitsbreite:</strong> 760 mm - Kompakt und wendig für verschiedene Einsatzbereiche</li>\n  <li><strong>Max. Astdurchmesser:</strong> 14 cm - Verarbeitung auch größerer Äste ohne Probleme</li>\n</ul>\n<p><strong>Investieren Sie in Qualität und Professionalität - dieses hochwertige Gartenhäcksler überzeugt durch erstklassige Verarbeitung, innovative Technik und außergewöhnliche Zuverlässigkeit. Perfekt geeignet für anspruchsvolle Garten- und Landschaftspflegeprojekte, bei denen nur das Beste gut genug ist. Mit diesem Gerät sind Sie optimal ausgestattet für alle Herausforderungen moderner Gartenarbeit.</strong></p>",,,taxable,,1,14,,0,0,,,,,1,,,22886.25,Gartenhäcksler,,,https://lhagrarservicegmbh.de/wp-content/uploads/2026/04/a1-6.webp,,,,,,,,,0,
1423,simple,DV-ERCO-BUSCHHACKER-GHX-CH900R-LK,,"Erco Buschhacker GHX-CH900R - Premium ID1423",1,0,visible,"Erco Buschhacker GHX-CH900R - Premium ID1423 - Hochwertige Ausführung für optimale Ergebnisse im Garten.","<h3>Erco Buschhacker GHX-CH900R - Premium ID1423</h3>\n<p>Entdecken Sie die professionelle Leistung dieses hochwertigen Gartenwerkzeugs. bietet dieses Gerät optimale Ergebnisse für anspruchsvolle Gartenarbeiten.</p>\n<p>Die einfache Öffnung des Häckselwerks ermöglicht eine schnelle und unkomplizierte Wartung des Rotors. Regelmäßige Wartung ist wichtig für die Langlebigkeit und Zuverlässigkeit des Geräts und stellt sicher, dass die Leistung über viele Jahre hinweg konstant bleibt.</p>\n<p>Dieses professionelle Gerät überzeugt durch seine robuste Bauweise und die durchdachten technischen Lösungen. Die Kombination aus hoher Leistung, intelligenter Steuerung und benutzerfreundlichem Design macht es zur idealen Wahl für anspruchsvolle Garten- und Landschaftspflegearbeiten.</p>\n<p><strong>Investieren Sie in Qualität und Professionalität - dieses hochwertige Gartenhäcksler überzeugt durch erstklassige Verarbeitung, innovative Technik und außergewöhnliche Zuverlässigkeit. Perfekt geeignet für anspruchsvolle Garten- und Landschaftspflegeprojekte, bei denen nur das Beste gut genug ist. Mit diesem Gerät sind Sie optimal ausgestattet für alle Herausforderungen moderner Gartenarbeit.</strong></p>",,,taxable,,1,13,,0,0,,,,,1,,,3799.5,Gartenhäcksler,,,https://lhagrarservicegmbh.de/wp-content/uploads/2026/04/e1-3.webp,,,,,,,,,0,
1427,simple,DV-ERCO-HACKLSER-BUSCHHACKER-GHX-CH1900-2-LK,,"Erco Häcklser Buschhacker GHX-CH1900 - Premium ID1427",1,0,visible,"Erco Häcklser Buschhacker GHX-CH1900 - Premium ID1427 - Hochwertige Ausführung für optimale Ergebnisse im Garten.","<h3>Erco Häcklser Buschhacker GHX-CH1900 - Premium ID1427</h3>\n<p>Entdecken Sie die professionelle Leistung dieses hochwertigen Gartenwerkzeugs. mit 8,7 kW Leistung bietet dieses Gerät optimale Ergebnisse für anspruchsvolle Gartenarbeiten.</p>\n<p>Die einfache Öffnung des Häckselwerks ermöglicht eine schnelle und unkomplizierte Wartung des Rotors. Regelmäßige Wartung ist wichtig für die Langlebigkeit und Zuverlässigkeit des Geräts und stellt sicher, dass die Leistung über viele Jahre hinweg konstant bleibt.</p>\n<p>Dieses professionelle Gerät überzeugt durch seine robuste Bauweise und die durchdachten technischen Lösungen. Die Kombination aus hoher Leistung, intelligenter Steuerung und benutzerfreundlichem Design macht es zur idealen Wahl für anspruchsvolle Garten- und Landschaftspflegearbeiten.</p>\n<h4>Technische Highlights:</h4>\n<ul>\n  <li><strong>Leistung:</strong> 8,7 kW - Optimale Power für professionelle Anwendungen</li>\n</ul>\n<p><strong>Investieren Sie in Qualität und Professionalität - dieses hochwertige Gartenhäcksler überzeugt durch erstklassige Verarbeitung, innovative Technik und außergewöhnliche Zuverlässigkeit. Perfekt geeignet für anspruchsvolle Garten- und Landschaftspflegeprojekte, bei denen nur das Beste gut genug ist. Mit diesem Gerät sind Sie optimal ausgestattet für alle Herausforderungen moderner Gartenarbeit.</strong></p>",,,taxable,,1,12,,0,0,,,,,1,,,6378,Gartenhäcksler,,,https://lhagrarservicegmbh.de/wp-content/uploads/2026/04/t1-4.webp,,,,,,,,,0,
1429,simple,DV-ERCO-HACKSLER-BUSCHHACKER-GHX-CH1900ZAPF-LK,,"Erco Häcksler Buschhacker GHX-CH1900ZAPF - Premium ID1429",1,0,visible,"Erco Häcksler Buschhacker GHX-CH1900ZAPF - Premium ID1429 - Hochwertige Ausführung für optimale Ergebnisse im Garten.","<h3>Erco Häcksler Buschhacker GHX-CH1900ZAPF - Premium ID1429</h3>\n<p>Entdecken Sie die professionelle Leistung dieses hochwertigen Gartenwerkzeugs. mit 15 kW Leistung bietet dieses Gerät optimale Ergebnisse für anspruchsvolle Gartenarbeiten.</p>\n<p>Die einfache Öffnung des Häckselwerks ermöglicht eine schnelle und unkomplizierte Wartung des Rotors. Regelmäßige Wartung ist wichtig für die Langlebigkeit und Zuverlässigkeit des Geräts und stellt sicher, dass die Leistung über viele Jahre hinweg konstant bleibt.</p>\n<p>Dieses professionelle Gerät überzeugt durch seine robuste Bauweise und die durchdachten technischen Lösungen. Die Kombination aus hoher Leistung, intelligenter Steuerung und benutzerfreundlichem Design macht es zur idealen Wahl für anspruchsvolle Garten- und Landschaftspflegearbeiten.</p>\n<h4>Technische Highlights:</h4>\n<ul>\n  <li><strong>Leistung:</strong> 15 kW - Optimale Power für professionelle Anwendungen</li>\n</ul>\n<p><strong>Investieren Sie in Qualität und Professionalität - dieses hochwertige Gartenhäcksler überzeugt durch erstklassige Verarbeitung, innovative Technik und außergewöhnliche Zuverlässigkeit. Perfekt geeignet für anspruchsvolle Garten- und Landschaftspflegeprojekte, bei denen nur das Beste gut genug ist. Mit diesem Gerät sind Sie optimal ausgestattet für alle Herausforderungen moderner Gartenarbeit.</strong></p>",,,taxable,,1,13,,0,0,,,,,1,,,5064.40,Gartenhäcksler,,,https://lhagrarservicegmbh.de/wp-content/uploads/2026/04/y1-4.webp,,,,,,,,,0,
1431,simple,DV-ERCO-HACKSLER-BUSCHHACKER-GHX-CH2300-LK,,"Erco Häcksler Buschhacker GHX-CH2300 - Premium ID1431",1,0,visible,"Erco Häcksler Buschhacker GHX-CH2300 - Premium ID1431 - Hochwertige Ausführung für optimale Ergebnisse im Garten.","<h3>Erco Häcksler Buschhacker GHX-CH2300 - Premium ID1431</h3>\n<p>Entdecken Sie die professionelle Leistung dieses hochwertigen Gartenwerkzeugs. mit 15,5 kW Leistung bietet dieses Gerät optimale Ergebnisse für anspruchsvolle Gartenarbeiten.</p>\n<p>Das hydraulische Selbstfahrsystem sorgt für komfortable Manövrierbarkeit und einfache Positionierung am Einsatzort. Diese Funktion erleichtert den Transport erheblich und ermöglicht einen flexiblen Einsatz an verschiedenen Arbeitsstellen ohne großen Kraftaufwand.</p>\n<p>Die einfache Öffnung des Häckselwerks ermöglicht eine schnelle und unkomplizierte Wartung des Rotors. Regelmäßige Wartung ist wichtig für die Langlebigkeit und Zuverlässigkeit des Geräts und stellt sicher, dass die Leistung über viele Jahre hinweg konstant bleibt.</p>\n<p>Dieses professionelle Gerät überzeugt durch seine robuste Bauweise und die durchdachten technischen Lösungen. Die Kombination aus hoher Leistung, intelligenter Steuerung und benutzerfreundlichem Design macht es zur idealen Wahl für anspruchsvolle Garten- und Landschaftspflegearbeiten.</p>\n<h4>Technische Highlights:</h4>\n<ul>\n  <li><strong>Leistung:</strong> 15,5 kW - Optimale Power für professionelle Anwendungen</li>\n</ul>\n<p><strong>Investieren Sie in Qualität und Professionalität - dieses hochwertige Gartenhäcksler überzeugt durch erstklassige Verarbeitung, innovative Technik und außergewöhnliche Zuverlässigkeit. Perfekt geeignet für anspruchsvolle Garten- und Landschaftspflegeprojekte, bei denen nur das Beste gut genug ist. Mit diesem Gerät sind Sie optimal ausgestattet für alle Herausforderungen moderner Gartenarbeit.</strong></p>",,,taxable,,1,13,,0,0,,,,,1,,,9900,Gartenhäcksler,,,https://lhagrarservicegmbh.de/wp-content/uploads/2026/04/u1-3.webp,,,,,,,,,0,
1433,simple,DV-ERCO-HACKSLER-BUSCHHACKER-GHX-CH2300ZAPF-LK,,"Erco Häcksler Buschhacker GHX-CH2300ZAPF - Premium ID1433",1,0,visible,"Erco Häcksler Buschhacker GHX-CH2300ZAPF - Premium ID1433 - Hochwertige Ausführung für optimale Ergebnisse im Garten.","<h3>Erco Häcksler Buschhacker GHX-CH2300ZAPF - Premium ID1433</h3>\n<p>Entdecken Sie die professionelle Leistung dieses hochwertigen Gartenwerkzeugs. mit 17 kW Leistung bietet dieses Gerät optimale Ergebnisse für anspruchsvolle Gartenarbeiten.</p>\n<p>Das hydraulische Selbstfahrsystem sorgt für komfortable Manövrierbarkeit und einfache Positionierung am Einsatzort. Diese Funktion erleichtert den Transport erheblich und ermöglicht einen flexiblen Einsatz an verschiedenen Arbeitsstellen ohne großen Kraftaufwand.</p>\n<p>Die einfache Öffnung des Häckselwerks ermöglicht eine schnelle und unkomplizierte Wartung des Rotors. Regelmäßige Wartung ist wichtig für die Langlebigkeit und Zuverlässigkeit des Geräts und stellt sicher, dass die Leistung über viele Jahre hinweg konstant bleibt.</p>\n<p>Dieses professionelle Gerät überzeugt durch seine robuste Bauweise und die durchdachten technischen Lösungen. Die Kombination aus hoher Leistung, intelligenter Steuerung und benutzerfreundlichem Design macht es zur idealen Wahl für anspruchsvolle Garten- und Landschaftspflegearbeiten.</p>\n<h4>Technische Highlights:</h4>\n<ul>\n  <li><strong>Leistung:</strong> 17 kW - Optimale Power für professionelle Anwendungen</li>\n</ul>\n<p><strong>Investieren Sie in Qualität und Professionalität - dieses hochwertige Gartenhäcksler überzeugt durch erstklassige Verarbeitung, innovative Technik und außergewöhnliche Zuverlässigkeit. Perfekt geeignet für anspruchsvolle Garten- und Landschaftspflegeprojekte, bei denen nur das Beste gut genug ist. Mit diesem Gerät sind Sie optimal ausgestattet für alle Herausforderungen moderner Gartenarbeit.</strong></p>",,,taxable,,1,14,,0,0,,,,,1,,,7350,Gartenhäcksler,,,https://lhagrarservicegmbh.de/wp-content/uploads/2026/04/o1-1.webp,,,,,,,,,0,
1435,simple,DV-ERCO-HACKSLER-BUSCHHACKER-GHX-CH2350R-LK,,"Erco Häcksler Buschhacker GHX-CH2350R - Premium ID1435",1,0,visible,"Erco Häcksler Buschhacker GHX-CH2350R - Premium ID1435 - Hochwertige Ausführung für optimale Ergebnisse im Garten.","<h3>Erco Häcksler Buschhacker GHX-CH2350R - Premium ID1435</h3>\n<p>Entdecken Sie die professionelle Leistung dieses hochwertigen Gartenwerkzeugs. mit 19,5 kW Leistung bietet dieses Gerät optimale Ergebnisse für anspruchsvolle Gartenarbeiten.</p>\n<p>Die einfache Öffnung des Häckselwerks ermöglicht eine schnelle und unkomplizierte Wartung des Rotors. Regelmäßige Wartung ist wichtig für die Langlebigkeit und Zuverlässigkeit des Geräts und stellt sicher, dass die Leistung über viele Jahre hinweg konstant bleibt.</p>\n<p>Dieses professionelle Gerät überzeugt durch seine robuste Bauweise und die durchdachten technischen Lösungen. Die Kombination aus hoher Leistung, intelligenter Steuerung und benutzerfreundlichem Design macht es zur idealen Wahl für anspruchsvolle Garten- und Landschaftspflegearbeiten.</p>\n<h4>Technische Highlights:</h4>\n<ul>\n  <li><strong>Leistung:</strong> 19,5 kW - Optimale Power für professionelle Anwendungen</li>\n</ul>\n<p><strong>Investieren Sie in Qualität und Professionalität - dieses hochwertige Gartenhäcksler überzeugt durch erstklassige Verarbeitung, innovative Technik und außergewöhnliche Zuverlässigkeit. Perfekt geeignet für anspruchsvolle Garten- und Landschaftspflegeprojekte, bei denen nur das Beste gut genug ist. Mit diesem Gerät sind Sie optimal ausgestattet für alle Herausforderungen moderner Gartenarbeit.</strong></p>",,,taxable,,1,13,,0,0,,,,,1,,,28980.75,Gartenhäcksler,,,https://lhagrarservicegmbh.de/wp-content/uploads/2026/04/p1-1.webp,,,,,,,,,0,
1437,simple,DV-ERCO-HACKSLER-HOLZSCHNITZLER-GHX-CH2500-LK,,"Erco Häcksler Holzschnitzler GHX-CH2500 - Premium ID1437",1,0,visible,"Erco Häcksler Holzschnitzler GHX-CH2500 - Premium ID1437 - Hochwertige Ausführung für optimale Ergebnisse im Garten.","<h3>Erco Häcksler Holzschnitzler GHX-CH2500 - Premium ID1437</h3>\n<p>Entdecken Sie die professionelle Leistung dieses hochwertigen Gartenwerkzeugs. bietet dieses Gerät optimale Ergebnisse für anspruchsvolle Gartenarbeiten.</p>\n<p>Die einfache Öffnung des Häckselwerks ermöglicht eine schnelle und unkomplizierte Wartung des Rotors. Regelmäßige Wartung ist wichtig für die Langlebigkeit und Zuverlässigkeit des Geräts und stellt sicher, dass die Leistung über viele Jahre hinweg konstant bleibt.</p>\n<p>Dieses professionelle Gerät überzeugt durch seine robuste Bauweise und die durchdachten technischen Lösungen. Die Kombination aus hoher Leistung, intelligenter Steuerung und benutzerfreundlichem Design macht es zur idealen Wahl für anspruchsvolle Garten- und Landschaftspflegearbeiten.</p>\n<p><strong>Investieren Sie in Qualität und Professionalität - dieses hochwertige Gartenhäcksler überzeugt durch erstklassige Verarbeitung, innovative Technik und außergewöhnliche Zuverlässigkeit. Perfekt geeignet für anspruchsvolle Garten- und Landschaftspflegeprojekte, bei denen nur das Beste gut genug ist. Mit diesem Gerät sind Sie optimal ausgestattet für alle Herausforderungen moderner Gartenarbeit.</strong></p>",,,taxable,,1,12,,0,0,,,,,1,,,19216.40,Gartenhäcksler,,,https://lhagrarservicegmbh.de/wp-content/uploads/2026/04/q1-1.webp,,,,,,,,,0,
1439,simple,DV-ERCO-HACKSLER-HOLZSCHNITZLER-GHX-CH2500D-LK,,"Erco Häcksler Holzschnitzler GHX-CH2500D - Premium ID1439",1,0,visible,"Erco Häcksler Holzschnitzler GHX-CH2500D - Premium ID1439 - Hochwertige Ausführung für optimale Ergebnisse im Garten.","<h3>Erco Häcksler Holzschnitzler GHX-CH2500D - Premium ID1439</h3>\n<p>Entdecken Sie die professionelle Leistung dieses hochwertigen Gartenwerkzeugs. mit 19,5 kW Leistung bietet dieses Gerät optimale Ergebnisse für anspruchsvolle Gartenarbeiten.</p>\n<p>Das 3-Gang-Einzugswalzen-System ermöglicht eine optimale Materialzuführung für unterschiedliche Materialarten. Die berührungsempfindlichen Tasten zur Steuerung der Einzugsdrehrichtung erlauben eine präzise Kontrolle über den Arbeitsprozess und eine schnelle Anpassung an verschiedene Materialien.</p>\n<p>Die einfache Öffnung des Häckselwerks ermöglicht eine schnelle und unkomplizierte Wartung des Rotors. Regelmäßige Wartung ist wichtig für die Langlebigkeit und Zuverlässigkeit des Geräts und stellt sicher, dass die Leistung über viele Jahre hinweg konstant bleibt.</p>\n<p>Dieses professionelle Gerät überzeugt durch seine robuste Bauweise und die durchdachten technischen Lösungen. Die Kombination aus hoher Leistung, intelligenter Steuerung und benutzerfreundlichem Design macht es zur idealen Wahl für anspruchsvolle Garten- und Landschaftspflegearbeiten.</p>\n<h4>Technische Highlights:</h4>\n<ul>\n  <li><strong>Leistung:</strong> 19,5 kW - Optimale Power für professionelle Anwendungen</li>\n</ul>\n<p><strong>Investieren Sie in Qualität und Professionalität - dieses hochwertige Gartenhäcksler überzeugt durch erstklassige Verarbeitung, innovative Technik und außergewöhnliche Zuverlässigkeit. Perfekt geeignet für anspruchsvolle Garten- und Landschaftspflegeprojekte, bei denen nur das Beste gut genug ist. Mit diesem Gerät sind Sie optimal ausgestattet für alle Herausforderungen moderner Gartenarbeit.</strong></p>",,,taxable,,1,13,,0,0,,,,,1,,,27800,Gartenhäcksler,,,https://lhagrarservicegmbh.de/wp-content/uploads/2026/04/s1-1.webp,,,,,,,,,0,
1441,simple,DV-ERCO-HACKSLER-HOLZSCHNITZLER-GHX-CH2500ZAPF-LK,,"Erco Häcksler Holzschnitzler GHX-CH2500ZAPF - Premium ID1441",1,0,visible,"Erco Häcksler Holzschnitzler GHX-CH2500ZAPF - Premium ID1441 - Hochwertige Ausführung für optimale Ergebnisse im Garten.","<h3>Erco Häcksler Holzschnitzler GHX-CH2500ZAPF - Premium ID1441</h3>\n<p>Entdecken Sie die professionelle Leistung dieses hochwertigen Gartenwerkzeugs. mit 17 kW Leistung bietet dieses Gerät optimale Ergebnisse für anspruchsvolle Gartenarbeiten.</p>\n<p>Das 3-Gang-Einzugswalzen-System ermöglicht eine optimale Materialzuführung für unterschiedliche Materialarten. Die berührungsempfindlichen Tasten zur Steuerung der Einzugsdrehrichtung erlauben eine präzise Kontrolle über den Arbeitsprozess und eine schnelle Anpassung an verschiedene Materialien.</p>\n<p>Die einfache Öffnung des Häckselwerks ermöglicht eine schnelle und unkomplizierte Wartung des Rotors. Regelmäßige Wartung ist wichtig für die Langlebigkeit und Zuverlässigkeit des Geräts und stellt sicher, dass die Leistung über viele Jahre hinweg konstant bleibt.</p>\n<p>Dieses professionelle Gerät überzeugt durch seine robuste Bauweise und die durchdachten technischen Lösungen. Die Kombination aus hoher Leistung, intelligenter Steuerung und benutzerfreundlichem Design macht es zur idealen Wahl für anspruchsvolle Garten- und Landschaftspflegearbeiten.</p>\n<h4>Technische Highlights:</h4>\n<ul>\n  <li><strong>Leistung:</strong> 17 kW - Optimale Power für professionelle Anwendungen</li>\n</ul>\n<p><strong>Investieren Sie in Qualität und Professionalität - dieses hochwertige Gartenhäcksler überzeugt durch erstklassige Verarbeitung, innovative Technik und außergewöhnliche Zuverlässigkeit. Perfekt geeignet für anspruchsvolle Garten- und Landschaftspflegeprojekte, bei denen nur das Beste gut genug ist. Mit diesem Gerät sind Sie optimal ausgestattet für alle Herausforderungen moderner Gartenarbeit.</strong></p>",,,taxable,,1,13,,0,0,,,,,1,,11061.25,11261.0,Gartenhäcksler,,,https://lhagrarservicegmbh.de/wp-content/uploads/2026/04/d1-1.webp,,,,,,,,,0,
1443,simple,DV-REMARC-ELEKTRO-HACKSLER-KOMPOSTMEISTER-2-4-LK,,"Remarc Elektro-Häcksler KOMPOSTMEISTER 2.4 - Premium ID1443",1,0,visible,"Remarc Elektro-Häcksler KOMPOSTMEISTER 2.4 - Premium ID1443 - Hochwertige Ausführung für optimale Ergebnisse im Garten.","<h3>Remarc Elektro-Häcksler KOMPOSTMEISTER 2.4 - Premium ID1443</h3>\n<p>Entdecken Sie die professionelle Leistung dieses hochwertigen Gartenwerkzeugs. mit 2,4 kW Leistung bietet dieses Gerät optimale Ergebnisse für anspruchsvolle Gartenarbeiten.</p>\n<p>Durch seine praktisches Gewicht von 350 kg zeichnet sich dieses Modell besonders aus. Die durchdachte Konstruktion ermöglicht effiziente Arbeitsabläufe und professionelle Ergebnisse.</p>\n<p>Die einfache Öffnung des Häckselwerks ermöglicht eine schnelle und unkomplizierte Wartung des Rotors. Regelmäßige Wartung ist wichtig für die Langlebigkeit und Zuverlässigkeit des Geräts und stellt sicher, dass die Leistung über viele Jahre hinweg konstant bleibt.</p>\n<p>Dieses professionelle Gerät überzeugt durch seine robuste Bauweise und die durchdachten technischen Lösungen. Die Kombination aus hoher Leistung, intelligenter Steuerung und benutzerfreundlichem Design macht es zur idealen Wahl für anspruchsvolle Garten- und Landschaftspflegearbeiten.</p>\n<h4>Technische Highlights:</h4>\n<ul>\n  <li><strong>Leistung:</strong> 2,4 kW - Optimale Power für professionelle Anwendungen</li>\n  <li><strong>Gewicht:</strong> 350 kg - Ausgewogenes Verhältnis von Stabilität und Mobilität</li>\n</ul>\n<p><strong>Investieren Sie in Qualität und Professionalität - dieses hochwertige Gartenhäcksler überzeugt durch erstklassige Verarbeitung, innovative Technik und außergewöhnliche Zuverlässigkeit. Perfekt geeignet für anspruchsvolle Garten- und Landschaftspflegeprojekte, bei denen nur das Beste gut genug ist. Mit diesem Gerät sind Sie optimal ausgestattet für alle Herausforderungen moderner Gartenarbeit.</strong></p>",,,taxable,,1,12,,0,0,,,,,1,,,1150.95,Gartenhäcksler,,,https://lhagrarservicegmbh.de/wp-content/uploads/2026/04/f1-1.webp,,,,,,,,,0,
1445,simple,DV-STIHL-BENZIN-GARTENHACKSLER-GH-460-LK,,"STIHL Benzin-Gartenhäcksler GH 460 - Premium ID1445",1,0,visible,"STIHL Benzin-Gartenhäcksler GH 460 - Premium ID1445 - Hochwertige Ausführung für optimale Ergebnisse im Garten.","<h3>STIHL Benzin-Gartenhäcksler GH 460 - Premium ID1445</h3>\n<p>Entdecken Sie die professionelle Leistung dieses hochwertigen Gartenwerkzeugs. mit 3,4 kW Leistung bietet dieses Gerät optimale Ergebnisse für anspruchsvolle Gartenarbeiten.</p>\n<p>Durch seine kompakte Arbeitsbreite von nur 60 mm zeichnet sich dieses Modell besonders aus. Die durchdachte Konstruktion ermöglicht effiziente Arbeitsabläufe und professionelle Ergebnisse.</p>\n<p>Die einfache Öffnung des Häckselwerks ermöglicht eine schnelle und unkomplizierte Wartung des Rotors. Regelmäßige Wartung ist wichtig für die Langlebigkeit und Zuverlässigkeit des Geräts und stellt sicher, dass die Leistung über viele Jahre hinweg konstant bleibt.</p>\n<p>Dieses professionelle Gerät überzeugt durch seine robuste Bauweise und die durchdachten technischen Lösungen. Die Kombination aus hoher Leistung, intelligenter Steuerung und benutzerfreundlichem Design macht es zur idealen Wahl für anspruchsvolle Garten- und Landschaftspflegearbeiten.</p>\n<h4>Technische Highlights:</h4>\n<ul>\n  <li><strong>Leistung:</strong> 3,4 kW - Optimale Power für professionelle Anwendungen</li>\n  <li><strong>Arbeitsbreite:</strong> 60 mm - Kompakt und wendig für verschiedene Einsatzbereiche</li>\n</ul>\n<p><strong>Investieren Sie in Qualität und Professionalität - dieses hochwertige Gartenhäcksler überzeugt durch erstklassige Verarbeitung, innovative Technik und außergewöhnliche Zuverlässigkeit. Perfekt geeignet für anspruchsvolle Garten- und Landschaftspflegeprojekte, bei denen nur das Beste gut genug ist. Mit diesem Gerät sind Sie optimal ausgestattet für alle Herausforderungen moderner Gartenarbeit.</strong></p>",,,taxable,,1,14,,0,0,,,,,1,,,1806,Gartenhäcksler,,,https://lhagrarservicegmbh.de/wp-content/uploads/2026/04/g1.webp,,,,,,,,,0,
1606,simple,DV-ANSCHLAG-FUR-KREISSAGEBLATTER-O-200-MM-LK,,"Anschlag für Kreissägeblätter, Ø 200 mm - Premium ID1606",1,0,visible,"Anschlag für Kreissägeblätter, Ø 200 mm - Premium ID1606 - Hochwertige Ausführung für optimale Ergebnisse im Garten.","<h3>Anschlag für Kreissägeblätter, Ø 200 mm - Premium ID1606</h3>\n<p>Entdecken Sie die professionelle Leistung dieses hochwertigen Gartenwerkzeugs. bietet dieses Gerät optimale Ergebnisse für anspruchsvolle Gartenarbeiten.</p>\n<p>Die einfache Öffnung des Häckselwerks ermöglicht eine schnelle und unkomplizierte Wartung des Rotors. Regelmäßige Wartung ist wichtig für die Langlebigkeit und Zuverlässigkeit des Geräts und stellt sicher, dass die Leistung über viele Jahre hinweg konstant bleibt.</p>\n<p>Dieses professionelle Gerät überzeugt durch seine robuste Bauweise und die durchdachten technischen Lösungen. Die Kombination aus hoher Leistung, intelligenter Steuerung und benutzerfreundlichem Design macht es zur idealen Wahl für anspruchsvolle Garten- und Landschaftspflegearbeiten.</p>\n<p><strong>Investieren Sie in Qualität und Professionalität - dieses hochwertige Motorsensen & Freischneider überzeugt durch erstklassige Verarbeitung, innovative Technik und außergewöhnliche Zuverlässigkeit. Perfekt geeignet für anspruchsvolle Garten- und Landschaftspflegeprojekte, bei denen nur das Beste gut genug ist. Mit diesem Gerät sind Sie optimal ausgestattet für alle Herausforderungen moderner Gartenarbeit.</strong></p>",,,taxable,,1,13,,0,0,,,,,1,,,24,"Motorsensen & Freischneider",,,https://lhagrarservicegmbh.de/wp-content/uploads/2026/04/a1-12.webp,,,,,,,,,0,
1607,simple,DV-ANSCHLAG-FUR-KREISSAGEBLATTER-O-225-MM-LK,,"Anschlag für Kreissägeblätter, Ø 225 mm - Premium ID1607",1,0,visible,"Anschlag für Kreissägeblätter, Ø 225 mm - Premium ID1607 - Hochwertige Ausführung für optimale Ergebnisse im Garten.","<h3>Anschlag für Kreissägeblätter, Ø 225 mm - Premium ID1607</h3>\n<p>Entdecken Sie die professionelle Leistung dieses hochwertigen Gartenwerkzeugs. bietet dieses Gerät optimale Ergebnisse für anspruchsvolle Gartenarbeiten.</p>\n<p>Die einfache Öffnung des Häckselwerks ermöglicht eine schnelle und unkomplizierte Wartung des Rotors. Regelmäßige Wartung ist wichtig für die Langlebigkeit und Zuverlässigkeit des Geräts und stellt sicher, dass die Leistung über viele Jahre hinweg konstant bleibt.</p>\n<p>Dieses professionelle Gerät überzeugt durch seine robuste Bauweise und die durchdachten technischen Lösungen. Die Kombination aus hoher Leistung, intelligenter Steuerung und benutzerfreundlichem Design macht es zur idealen Wahl für anspruchsvolle Garten- und Landschaftspflegearbeiten.</p>\n<p><strong>Investieren Sie in Qualität und Professionalität - dieses hochwertige Motorsensen & Freischneider überzeugt durch erstklassige Verarbeitung, innovative Technik und außergewöhnliche Zuverlässigkeit. Perfekt geeignet für anspruchsvolle Garten- und Landschaftspflegeprojekte, bei denen nur das Beste gut genug ist. Mit diesem Gerät sind Sie optimal ausgestattet für alle Herausforderungen moderner Gartenarbeit.</strong></p>",,,taxable,,1,14,,0,0,,,,,1,,,30,"Motorsensen & Freischneider",,,https://lhagrarservicegmbh.de/wp-content/uploads/2026/04/a1-12.webp,,,,,,,,,0,
1609,simple,DV-AUF-LAGER-ARNOLD-TRIMMERFADEN-4-KANT-O-39MM-27M-LK,,"Auf Lager Arnold Trimmerfaden, 4-kant, Ø - Premium ID1609",1,0,visible,"Auf Lager Arnold Trimmerfaden, 4-kant, Ø - Premium ID1609 - Hochwertige Ausführung für optimale Ergebnisse im Garten.","<h3>Auf Lager Arnold Trimmerfaden, 4-kant, Ø - Premium ID1609</h3>\n<p>Entdecken Sie die professionelle Leistung dieses hochwertigen Gartenwerkzeugs. bietet dieses Gerät optimale Ergebnisse für anspruchsvolle Gartenarbeiten.</p>\n<p>Die einfache Öffnung des Häckselwerks ermöglicht eine schnelle und unkomplizierte Wartung des Rotors. Regelmäßige Wartung ist wichtig für die Langlebigkeit und Zuverlässigkeit des Geräts und stellt sicher, dass die Leistung über viele Jahre hinweg konstant bleibt.</p>\n<p>Dieses professionelle Gerät überzeugt durch seine robuste Bauweise und die durchdachten technischen Lösungen. Die Kombination aus hoher Leistung, intelligenter Steuerung und benutzerfreundlichem Design macht es zur idealen Wahl für anspruchsvolle Garten- und Landschaftspflegearbeiten.</p>\n<p><strong>Investieren Sie in Qualität und Professionalität - dieses hochwertige Motorsensen & Freischneider überzeugt durch erstklassige Verarbeitung, innovative Technik und außergewöhnliche Zuverlässigkeit. Perfekt geeignet für anspruchsvolle Garten- und Landschaftspflegeprojekte, bei denen nur das Beste gut genug ist. Mit diesem Gerät sind Sie optimal ausgestattet für alle Herausforderungen moderner Gartenarbeit.</strong></p>",,,taxable,,1,13,,0,0,,,,,1,,,15,"Motorsensen & Freischneider",,,https://lhagrarservicegmbh.de/wp-content/uploads/2026/04/z1-14.webp,,,,,,,,,0,
1611,simple,DV-CRAMER-AKKU-FREISCHEIDER-OPTIMUS-TB20L-NIEDRIGER-GRIFF-OHNE-AKKU-LADEGERAT-LK,,"Cramer Akku-Freischeider Optimus TB20L - Premium ID1611",1,0,visible,"Cramer Akku-Freischeider Optimus TB20L - Premium ID1611 - Hochwertige Ausführung für optimale Ergebnisse im Garten.","<h3>Cramer Akku-Freischeider Optimus TB20L - Premium ID1611</h3>\n<p>Entdecken Sie die professionelle Leistung dieses hochwertigen Gartenwerkzeugs. mit 2,0 kW Leistung bietet dieses Gerät optimale Ergebnisse für anspruchsvolle Gartenarbeiten.</p>\n<p>Die einfache Öffnung des Häckselwerks ermöglicht eine schnelle und unkomplizierte Wartung des Rotors. Regelmäßige Wartung ist wichtig für die Langlebigkeit und Zuverlässigkeit des Geräts und stellt sicher, dass die Leistung über viele Jahre hinweg konstant bleibt.</p>\n<p>Dieses professionelle Gerät überzeugt durch seine robuste Bauweise und die durchdachten technischen Lösungen. Die Kombination aus hoher Leistung, intelligenter Steuerung und benutzerfreundlichem Design macht es zur idealen Wahl für anspruchsvolle Garten- und Landschaftspflegearbeiten.</p>\n<h4>Technische Highlights:</h4>\n<ul>\n  <li><strong>Leistung:</strong> 2,0 kW - Optimale Power für professionelle Anwendungen</li>\n</ul>\n<p><strong>Investieren Sie in Qualität und Professionalität - dieses hochwertige Motorsensen & Freischneider überzeugt durch erstklassige Verarbeitung, innovative Technik und außergewöhnliche Zuverlässigkeit. Perfekt geeignet für anspruchsvolle Garten- und Landschaftspflegeprojekte, bei denen nur das Beste gut genug ist. Mit diesem Gerät sind Sie optimal ausgestattet für alle Herausforderungen moderner Gartenarbeit.</strong></p>",,,taxable,,1,13,,0,0,,,,,1,,,510.15,"Motorsensen & Freischneider",,,https://lhagrarservicegmbh.de/wp-content/uploads/2026/04/e1-8.webp,,,,,,,,,0,
1613,simple,DV-CRAMER-AKKU-FREISCHNEIDER-48TB10-INKL-AKKU-LADEGERAT-LK,,"Cramer Akku-Freischneider 48TB10 – inkl. - Premium ID1613",1,0,visible,"Cramer Akku-Freischneider 48TB10 – inkl. - Premium ID1613 - Hochwertige Ausführung für optimale Ergebnisse im Garten.","<h3>Cramer Akku-Freischneider 48TB10 – inkl. - Premium ID1613</h3>\n<p>Entdecken Sie die professionelle Leistung dieses hochwertigen Gartenwerkzeugs. mit 1,0 kW Leistung bietet dieses Gerät optimale Ergebnisse für anspruchsvolle Gartenarbeiten.</p>\n<p>Durch seine kompakte Arbeitsbreite von nur 0 mm zeichnet sich dieses Modell besonders aus. Die durchdachte Konstruktion ermöglicht effiziente Arbeitsabläufe und professionelle Ergebnisse.</p>\n<p>Die einfache Öffnung des Häckselwerks ermöglicht eine schnelle und unkomplizierte Wartung des Rotors. Regelmäßige Wartung ist wichtig für die Langlebigkeit und Zuverlässigkeit des Geräts und stellt sicher, dass die Leistung über viele Jahre hinweg konstant bleibt.</p>\n<p>Dieses professionelle Gerät überzeugt durch seine robuste Bauweise und die durchdachten technischen Lösungen. Die Kombination aus hoher Leistung, intelligenter Steuerung und benutzerfreundlichem Design macht es zur idealen Wahl für anspruchsvolle Garten- und Landschaftspflegearbeiten.</p>\n<h4>Technische Highlights:</h4>\n<ul>\n  <li><strong>Leistung:</strong> 1,0 kW - Optimale Power für professionelle Anwendungen</li>\n  <li><strong>Arbeitsbreite:</strong> 0 mm - Kompakt und wendig für verschiedene Einsatzbereiche</li>\n</ul>\n<p><strong>Investieren Sie in Qualität und Professionalität - dieses hochwertige Motorsensen & Freischneider überzeugt durch erstklassige Verarbeitung, innovative Technik und außergewöhnliche Zuverlässigkeit. Perfekt geeignet für anspruchsvolle Garten- und Landschaftspflegeprojekte, bei denen nur das Beste gut genug ist. Mit diesem Gerät sind Sie optimal ausgestattet für alle Herausforderungen moderner Gartenarbeit.</strong></p>",,,taxable,,1,14,,0,0,,,,,1,,,310,"Motorsensen & Freischneider",,,https://lhagrarservicegmbh.de/wp-content/uploads/2026/04/r1-12.webp,,,,,,,,,0,
1615,simple,DV-CRAMER-AKKU-FREISCHNEIDER-82T12-OHNE-AKKU-LADEGERAT-LK,,"Cramer Akku-Freischneider 82T12 – ohne - Premium ID1615",1,0,visible,"Cramer Akku-Freischneider 82T12 – ohne - Premium ID1615 - Hochwertige Ausführung für optimale Ergebnisse im Garten.","<h3>Cramer Akku-Freischneider 82T12 – ohne - Premium ID1615</h3>\n<p>Entdecken Sie die professionelle Leistung dieses hochwertigen Gartenwerkzeugs. mit 1,2 kW Leistung bietet dieses Gerät optimale Ergebnisse für anspruchsvolle Gartenarbeiten.</p>\n<p>Die einfache Öffnung des Häckselwerks ermöglicht eine schnelle und unkomplizierte Wartung des Rotors. Regelmäßige Wartung ist wichtig für die Langlebigkeit und Zuverlässigkeit des Geräts und stellt sicher, dass die Leistung über viele Jahre hinweg konstant bleibt.</p>\n<p>Dieses professionelle Gerät überzeugt durch seine robuste Bauweise und die durchdachten technischen Lösungen. Die Kombination aus hoher Leistung, intelligenter Steuerung und benutzerfreundlichem Design macht es zur idealen Wahl für anspruchsvolle Garten- und Landschaftspflegearbeiten.</p>\n<h4>Technische Highlights:</h4>\n<ul>\n  <li><strong>Leistung:</strong> 1,2 kW - Optimale Power für professionelle Anwendungen</li>\n</ul>\n<p><strong>Investieren Sie in Qualität und Professionalität - dieses hochwertige Motorsensen & Freischneider überzeugt durch erstklassige Verarbeitung, innovative Technik und außergewöhnliche Zuverlässigkeit. Perfekt geeignet für anspruchsvolle Garten- und Landschaftspflegeprojekte, bei denen nur das Beste gut genug ist. Mit diesem Gerät sind Sie optimal ausgestattet für alle Herausforderungen moderner Gartenarbeit.</strong></p>",,,taxable,,1,13,,0,0,,,,,1,,,335,"Motorsensen & Freischneider",,,https://lhagrarservicegmbh.de/wp-content/uploads/2026/04/t1-9.webp,,,,,,,,,0,
1617,simple,DV-CRAMER-AKKU-MOTORSENSE-48TX10-OHNE-AKKU-LADEGERAT-LK,,"Cramer Akku-Motorsense 48TX10 – ohne Akku - Premium ID1617",1,0,visible,"Cramer Akku-Motorsense 48TX10 – ohne Akku - Premium ID1617 - Hochwertige Ausführung für optimale Ergebnisse im Garten.","<h3>Cramer Akku-Motorsense 48TX10 – ohne Akku - Premium ID1617</h3>\n<p>Entdecken Sie die professionelle Leistung dieses hochwertigen Gartenwerkzeugs. mit 1,0 kW Leistung bietet dieses Gerät optimale Ergebnisse für anspruchsvolle Gartenarbeiten.</p>\n<p>Die einfache Öffnung des Häckselwerks ermöglicht eine schnelle und unkomplizierte Wartung des Rotors. Regelmäßige Wartung ist wichtig für die Langlebigkeit und Zuverlässigkeit des Geräts und stellt sicher, dass die Leistung über viele Jahre hinweg konstant bleibt.</p>\n<p>Dieses professionelle Gerät überzeugt durch seine robuste Bauweise und die durchdachten technischen Lösungen. Die Kombination aus hoher Leistung, intelligenter Steuerung und benutzerfreundlichem Design macht es zur idealen Wahl für anspruchsvolle Garten- und Landschaftspflegearbeiten.</p>\n<h4>Technische Highlights:</h4>\n<ul>\n  <li><strong>Leistung:</strong> 1,0 kW - Optimale Power für professionelle Anwendungen</li>\n</ul>\n<p><strong>Investieren Sie in Qualität und Professionalität - dieses hochwertige Motorsensen & Freischneider überzeugt durch erstklassige Verarbeitung, innovative Technik und außergewöhnliche Zuverlässigkeit. Perfekt geeignet für anspruchsvolle Garten- und Landschaftspflegeprojekte, bei denen nur das Beste gut genug ist. Mit diesem Gerät sind Sie optimal ausgestattet für alle Herausforderungen moderner Gartenarbeit.</strong></p>",,,taxable,,1,13,,0,0,,,,,1,,,167,"Motorsensen & Freischneider",,,https://lhagrarservicegmbh.de/wp-content/uploads/2026/04/y1-8.webp,,,,,,,,,0,
1619,simple,DV-CRAMER-AKKU-MOTORSENSE-82TB20-OHNE-AKKU-LADEGERAT-LK,,"Cramer Akku-Motorsense 82TB20 – ohne Akku - Premium ID1619",1,0,visible,"Cramer Akku-Motorsense 82TB20 – ohne Akku - Premium ID1619 - Hochwertige Ausführung für optimale Ergebnisse im Garten.","<h3>Cramer Akku-Motorsense 82TB20 – ohne Akku - Premium ID1619</h3>\n<p>Entdecken Sie die professionelle Leistung dieses hochwertigen Gartenwerkzeugs. mit 2 kW Leistung bietet dieses Gerät optimale Ergebnisse für anspruchsvolle Gartenarbeiten.</p>\n<p>Die einfache Öffnung des Häckselwerks ermöglicht eine schnelle und unkomplizierte Wartung des Rotors. Regelmäßige Wartung ist wichtig für die Langlebigkeit und Zuverlässigkeit des Geräts und stellt sicher, dass die Leistung über viele Jahre hinweg konstant bleibt.</p>\n<p>Dieses professionelle Gerät überzeugt durch seine robuste Bauweise und die durchdachten technischen Lösungen. Die Kombination aus hoher Leistung, intelligenter Steuerung und benutzerfreundlichem Design macht es zur idealen Wahl für anspruchsvolle Garten- und Landschaftspflegearbeiten.</p>\n<h4>Technische Highlights:</h4>\n<ul>\n  <li><strong>Leistung:</strong> 2 kW - Optimale Power für professionelle Anwendungen</li>\n</ul>\n<p><strong>Investieren Sie in Qualität und Professionalität - dieses hochwertige Motorsensen & Freischneider überzeugt durch erstklassige Verarbeitung, innovative Technik und außergewöhnliche Zuverlässigkeit. Perfekt geeignet für anspruchsvolle Garten- und Landschaftspflegeprojekte, bei denen nur das Beste gut genug ist. Mit diesem Gerät sind Sie optimal ausgestattet für alle Herausforderungen moderner Gartenarbeit.</strong></p>",,,taxable,,1,13,,0,0,,,,,1,,,413,"Motorsensen & Freischneider",,,https://lhagrarservicegmbh.de/wp-content/uploads/2026/04/u1-8.webp,,,,,,,,,0,
1621,simple,DV-CRAMER-AKKU-MOTORSENSE-OPTIMUS-T16-OHNE-AKKU-LADEGERAT-LK,,"Cramer Akku-Motorsense Optimus T16 – ohne - Premium ID1621",1,0,visible,"Cramer Akku-Motorsense Optimus T16 – ohne - Premium ID1621 - Hochwertige Ausführung für optimale Ergebnisse im Garten.","<h3>Cramer Akku-Motorsense Optimus T16 – ohne - Premium ID1621</h3>\n<p>Entdecken Sie die professionelle Leistung dieses hochwertigen Gartenwerkzeugs. mit 1,6 kW Leistung bietet dieses Gerät optimale Ergebnisse für anspruchsvolle Gartenarbeiten.</p>\n<p>Durch seine kompakte Arbeitsbreite von nur 25 mm zeichnet sich dieses Modell besonders aus. Die durchdachte Konstruktion ermöglicht effiziente Arbeitsabläufe und professionelle Ergebnisse.</p>\n<p>Die einfache Öffnung des Häckselwerks ermöglicht eine schnelle und unkomplizierte Wartung des Rotors. Regelmäßige Wartung ist wichtig für die Langlebigkeit und Zuverlässigkeit des Geräts und stellt sicher, dass die Leistung über viele Jahre hinweg konstant bleibt.</p>\n<p>Dieses professionelle Gerät überzeugt durch seine robuste Bauweise und die durchdachten technischen Lösungen. Die Kombination aus hoher Leistung, intelligenter Steuerung und benutzerfreundlichem Design macht es zur idealen Wahl für anspruchsvolle Garten- und Landschaftspflegearbeiten.</p>\n<h4>Technische Highlights:</h4>\n<ul>\n  <li><strong>Leistung:</strong> 1,6 kW - Optimale Power für professionelle Anwendungen</li>\n  <li><strong>Arbeitsbreite:</strong> 25 mm - Kompakt und wendig für verschiedene Einsatzbereiche</li>\n</ul>\n<p><strong>Investieren Sie in Qualität und Professionalität - dieses hochwertige Motorsensen & Freischneider überzeugt durch erstklassige Verarbeitung, innovative Technik und außergewöhnliche Zuverlässigkeit. Perfekt geeignet für anspruchsvolle Garten- und Landschaftspflegeprojekte, bei denen nur das Beste gut genug ist. Mit diesem Gerät sind Sie optimal ausgestattet für alle Herausforderungen moderner Gartenarbeit.</strong></p>",,,taxable,,1,14,,0,0,,,,,1,,400.0,455.0,"Motorsensen & Freischneider",,,https://lhagrarservicegmbh.de/wp-content/uploads/2026/04/o1-6.webp,,,,,,,,,0,
1623,simple,DV-ECHO-AKKU-KREISELSCHERE-EKS-PRS-DSRM-2600U-LK,,"ECHO Akku-Kreiselschere EKS-PRS-DSRM-2600U - Premium ID1623",1,0,visible,"ECHO Akku-Kreiselschere EKS-PRS-DSRM-2600U - Premium ID1623 - Hochwertige Ausführung für optimale Ergebnisse im Garten.","<h3>ECHO Akku-Kreiselschere EKS-PRS-DSRM-2600U - Premium ID1623</h3>\n<p>Entdecken Sie die professionelle Leistung dieses hochwertigen Gartenwerkzeugs. bietet dieses Gerät optimale Ergebnisse für anspruchsvolle Gartenarbeiten.</p>\n<p>Die einfache Öffnung des Häckselwerks ermöglicht eine schnelle und unkomplizierte Wartung des Rotors. Regelmäßige Wartung ist wichtig für die Langlebigkeit und Zuverlässigkeit des Geräts und stellt sicher, dass die Leistung über viele Jahre hinweg konstant bleibt.</p>\n<p>Dieses professionelle Gerät überzeugt durch seine robuste Bauweise und die durchdachten technischen Lösungen. Die Kombination aus hoher Leistung, intelligenter Steuerung und benutzerfreundlichem Design macht es zur idealen Wahl für anspruchsvolle Garten- und Landschaftspflegearbeiten.</p>\n<p><strong>Investieren Sie in Qualität und Professionalität - dieses hochwertige Motorsensen & Freischneider überzeugt durch erstklassige Verarbeitung, innovative Technik und außergewöhnliche Zuverlässigkeit. Perfekt geeignet für anspruchsvolle Garten- und Landschaftspflegeprojekte, bei denen nur das Beste gut genug ist. Mit diesem Gerät sind Sie optimal ausgestattet für alle Herausforderungen moderner Gartenarbeit.</strong></p>",,,taxable,,1,14,,0,0,,,,,1,,,685,"Motorsensen & Freischneider",,,https://lhagrarservicegmbh.de/wp-content/uploads/2026/04/p1-7.webp,,,,,,,,,0,
1625,simple,DV-ECHO-SCHULTERGURT-ERGO-PRO-LK,,"ECHO Schultergurt ERGO-PRO - Premium ID1625",1,0,visible,"ECHO Schultergurt ERGO-PRO - Premium ID1625 - Hochwertige Ausführung für optimale Ergebnisse im Garten.","<h3>ECHO Schultergurt ERGO-PRO - Premium ID1625</h3>\n<p>Entdecken Sie die professionelle Leistung dieses hochwertigen Gartenwerkzeugs. bietet dieses Gerät optimale Ergebnisse für anspruchsvolle Gartenarbeiten.</p>\n<p>Die einfache Öffnung des Häckselwerks ermöglicht eine schnelle und unkomplizierte Wartung des Rotors. Regelmäßige Wartung ist wichtig für die Langlebigkeit und Zuverlässigkeit des Geräts und stellt sicher, dass die Leistung über viele Jahre hinweg konstant bleibt.</p>\n<p>Dieses professionelle Gerät überzeugt durch seine robuste Bauweise und die durchdachten technischen Lösungen. Die Kombination aus hoher Leistung, intelligenter Steuerung und benutzerfreundlichem Design macht es zur idealen Wahl für anspruchsvolle Garten- und Landschaftspflegearbeiten.</p>\n<p><strong>Investieren Sie in Qualität und Professionalität - dieses hochwertige Motorsensen & Freischneider überzeugt durch erstklassige Verarbeitung, innovative Technik und außergewöhnliche Zuverlässigkeit. Perfekt geeignet für anspruchsvolle Garten- und Landschaftspflegeprojekte, bei denen nur das Beste gut genug ist. Mit diesem Gerät sind Sie optimal ausgestattet für alle Herausforderungen moderner Gartenarbeit.</strong></p>",,,taxable,,1,13,,0,0,,,,,1,,,103,"Motorsensen & Freischneider",,,https://lhagrarservicegmbh.de/wp-content/uploads/2026/04/q1-7.webp,,,,,,,,,0,
1627,simple,DV-EGO-RASENTRIMMER-BCX4500-OHNE-AKKU-LADEGERAT-LK,,"EGO Rasentrimmer BCX4500 – ohne Akku & L... - Premium ID1627",1,0,visible,"EGO Rasentrimmer BCX4500 – ohne Akku & Ladegerät - Premium - Hochwertige Ausführung für optimale Ergebnisse im Garten.","<h3>EGO Rasentrimmer BCX4500 – ohne Akku & Ladegerät - Premium</h3>\n<p>Entdecken Sie die professionelle Leistung dieses hochwertigen Gartenwerkzeugs. bietet dieses Gerät optimale Ergebnisse für anspruchsvolle Gartenarbeiten.</p>\n<p>Die einfache Öffnung des Häckselwerks ermöglicht eine schnelle und unkomplizierte Wartung des Rotors. Regelmäßige Wartung ist wichtig für die Langlebigkeit und Zuverlässigkeit des Geräts und stellt sicher, dass die Leistung über viele Jahre hinweg konstant bleibt.</p>\n<p>Dieses professionelle Gerät überzeugt durch seine robuste Bauweise und die durchdachten technischen Lösungen. Die Kombination aus hoher Leistung, intelligenter Steuerung und benutzerfreundlichem Design macht es zur idealen Wahl für anspruchsvolle Garten- und Landschaftspflegearbeiten.</p>\n<p><strong>Investieren Sie in Qualität und Professionalität - dieses hochwertige Motorsensen & Freischneider überzeugt durch erstklassige Verarbeitung, innovative Technik und außergewöhnliche Zuverlässigkeit. Perfekt geeignet für anspruchsvolle Garten- und Landschaftspflegeprojekte, bei denen nur das Beste gut genug ist. Mit diesem Gerät sind Sie optimal ausgestattet für alle Herausforderungen moderner Gartenarbeit.</strong></p>",,,taxable,,1,13,,0,0,,,,,1,,430.15,473.0,"Motorsensen & Freischneider",,,https://lhagrarservicegmbh.de/wp-content/uploads/2026/04/s1-5.webp,,,,,,,,,0,
1629,simple,DV-HERKULES-AKKU-RASENTRIMMER-GT-40V-OHNE-AKKU-LADEGERAT-LK,,"Herkules Akku-Rasentrimmer GT 40V – ohne - Premium ID1629",1,0,visible,"Herkules Akku-Rasentrimmer GT 40V – ohne - Premium ID1629 - Hochwertige Ausführung für optimale Ergebnisse im Garten.","<h3>Herkules Akku-Rasentrimmer GT 40V – ohne - Premium ID1629</h3>\n<p>Entdecken Sie die professionelle Leistung dieses hochwertigen Gartenwerkzeugs. bietet dieses Gerät optimale Ergebnisse für anspruchsvolle Gartenarbeiten.</p>\n<p>Durch seine kompakte Arbeitsbreite von nur 6 mm zeichnet sich dieses Modell besonders aus. Die durchdachte Konstruktion ermöglicht effiziente Arbeitsabläufe und professionelle Ergebnisse.</p>\n<p>Die einfache Öffnung des Häckselwerks ermöglicht eine schnelle und unkomplizierte Wartung des Rotors. Regelmäßige Wartung ist wichtig für die Langlebigkeit und Zuverlässigkeit des Geräts und stellt sicher, dass die Leistung über viele Jahre hinweg konstant bleibt.</p>\n<p>Dieses professionelle Gerät überzeugt durch seine robuste Bauweise und die durchdachten technischen Lösungen. Die Kombination aus hoher Leistung, intelligenter Steuerung und benutzerfreundlichem Design macht es zur idealen Wahl für anspruchsvolle Garten- und Landschaftspflegearbeiten.</p>\n<h4>Technische Highlights:</h4>\n<ul>\n  <li><strong>Arbeitsbreite:</strong> 6 mm - Kompakt und wendig für verschiedene Einsatzbereiche</li>\n</ul>\n<p><strong>Investieren Sie in Qualität und Professionalität - dieses hochwertige Motorsensen & Freischneider überzeugt durch erstklassige Verarbeitung, innovative Technik und außergewöhnliche Zuverlässigkeit. Perfekt geeignet für anspruchsvolle Garten- und Landschaftspflegeprojekte, bei denen nur das Beste gut genug ist. Mit diesem Gerät sind Sie optimal ausgestattet für alle Herausforderungen moderner Gartenarbeit.</strong></p>",,,taxable,,1,13,,0,0,,,,,1,,,127,"Motorsensen & Freischneider",,,https://lhagrarservicegmbh.de/wp-content/uploads/2026/04/d1-7.webp,,,,,,,,,0,
1631,simple,DV-HONDA-AKKU-RASENTRIMMER-HHT36-BXB-INKL-AKKU-LADEGERAT-LK,,"Honda Akku-Rasentrimmer HHT36 BXB – inkl. - Premium ID1631",1,0,visible,"Honda Akku-Rasentrimmer HHT36 BXB – inkl. - Premium ID1631 - Hochwertige Ausführung für optimale Ergebnisse im Garten.","<h3>Honda Akku-Rasentrimmer HHT36 BXB – inkl. - Premium ID1631</h3>\n<p>Entdecken Sie die professionelle Leistung dieses hochwertigen Gartenwerkzeugs. bietet dieses Gerät optimale Ergebnisse für anspruchsvolle Gartenarbeiten.</p>\n<p>Die einfache Öffnung des Häckselwerks ermöglicht eine schnelle und unkomplizierte Wartung des Rotors. Regelmäßige Wartung ist wichtig für die Langlebigkeit und Zuverlässigkeit des Geräts und stellt sicher, dass die Leistung über viele Jahre hinweg konstant bleibt.</p>\n<p>Dieses professionelle Gerät überzeugt durch seine robuste Bauweise und die durchdachten technischen Lösungen. Die Kombination aus hoher Leistung, intelligenter Steuerung und benutzerfreundlichem Design macht es zur idealen Wahl für anspruchsvolle Garten- und Landschaftspflegearbeiten.</p>\n<p><strong>Investieren Sie in Qualität und Professionalität - dieses hochwertige Motorsensen & Freischneider überzeugt durch erstklassige Verarbeitung, innovative Technik und außergewöhnliche Zuverlässigkeit. Perfekt geeignet für anspruchsvolle Garten- und Landschaftspflegeprojekte, bei denen nur das Beste gut genug ist. Mit diesem Gerät sind Sie optimal ausgestattet für alle Herausforderungen moderner Gartenarbeit.</strong></p>",,,taxable,,1,13,,0,0,,,,,1,,280,302,"Motorsensen & Freischneider",,,https://lhagrarservicegmbh.de/wp-content/uploads/2026/04/f1-7.webp,,,,,,,,,0,
1633,simple,DV-AGRIA-WIESENMAHER-5300-NUR-GRUNDGERAT-LK,,"Agria Wiesenmäher 5300 – nur Grundgerät - Premium ID1633",1,0,visible,"agria Wiesenmäher 5300 – nur Grundgerät - Premium ID1633 - Hochwertige Ausführung für optimale Ergebnisse im Garten.","<h3>agria Wiesenmäher 5300 – nur Grundgerät - Premium ID1633</h3>\n<p>Entdecken Sie die professionelle Leistung dieses hochwertigen Gartenwerkzeugs. Ausgestattet mit einem leistungsstarken 4-Motor mit 4,8 kW Leistung bietet dieses Gerät optimale Ergebnisse für anspruchsvolle Gartenarbeiten.</p>\n<p>Die einfache Öffnung des Häckselwerks ermöglicht eine schnelle und unkomplizierte Wartung des Rotors. Regelmäßige Wartung ist wichtig für die Langlebigkeit und Zuverlässigkeit des Geräts und stellt sicher, dass die Leistung über viele Jahre hinweg konstant bleibt.</p>\n<p>Dieses professionelle Gerät überzeugt durch seine robuste Bauweise und die durchdachten technischen Lösungen. Die Kombination aus hoher Leistung, intelligenter Steuerung und benutzerfreundlichem Design macht es zur idealen Wahl für anspruchsvolle Garten- und Landschaftspflegearbeiten.</p>\n<h4>Technische Highlights:</h4>\n<ul>\n  <li><strong>Motor:</strong> 4 - Zuverlässiger Antrieb für höchste Ansprüche</li>\n  <li><strong>Leistung:</strong> 4,8 kW - Optimale Power für professionelle Anwendungen</li>\n</ul>\n<p><strong>Investieren Sie in Qualität und Professionalität - dieses hochwertige Rasenmäher überzeugt durch erstklassige Verarbeitung, innovative Technik und außergewöhnliche Zuverlässigkeit. Perfekt geeignet für anspruchsvolle Garten- und Landschaftspflegeprojekte, bei denen nur das Beste gut genug ist. Mit diesem Gerät sind Sie optimal ausgestattet für alle Herausforderungen moderner Gartenarbeit.</strong></p>",,,taxable,,1,13,,0,0,,,,,1,,4050,4156.5,Rasenmäher,,,https://lhagrarservicegmbh.de/wp-content/uploads/2026/04/a1-13.webp,,,,,,,,,0,
1635,simple,DV-LUX-TOOLS-40V-AKKU-RASENMAHER-1-POWERSYSTEM-A-RM-2X-20-43-SET-2X-20V-AKKUS-LK,,"LUX-TOOLS 40V Akku-Rasenmäher 1 - Premium ID1635",1,0,visible,"LUX-TOOLS 40V Akku-Rasenmäher 1 - Premium ID1635 - Hochwertige Ausführung für optimale Ergebnisse im Garten.","<h3>LUX-TOOLS 40V Akku-Rasenmäher 1 - Premium ID1635</h3>\n<p>Entdecken Sie die professionelle Leistung dieses hochwertigen Gartenwerkzeugs. bietet dieses Gerät optimale Ergebnisse für anspruchsvolle Gartenarbeiten.</p>\n<p>Die einfache Öffnung des Häckselwerks ermöglicht eine schnelle und unkomplizierte Wartung des Rotors. Regelmäßige Wartung ist wichtig für die Langlebigkeit und Zuverlässigkeit des Geräts und stellt sicher, dass die Leistung über viele Jahre hinweg konstant bleibt.</p>\n<p>Dieses professionelle Gerät überzeugt durch seine robuste Bauweise und die durchdachten technischen Lösungen. Die Kombination aus hoher Leistung, intelligenter Steuerung und benutzerfreundlichem Design macht es zur idealen Wahl für anspruchsvolle Garten- und Landschaftspflegearbeiten.</p>\n<p><strong>Investieren Sie in Qualität und Professionalität - dieses hochwertige Rasenmäher überzeugt durch erstklassige Verarbeitung, innovative Technik und außergewöhnliche Zuverlässigkeit. Perfekt geeignet für anspruchsvolle Garten- und Landschaftspflegeprojekte, bei denen nur das Beste gut genug ist. Mit diesem Gerät sind Sie optimal ausgestattet für alle Herausforderungen moderner Gartenarbeit.</strong></p>",,,taxable,,1,14,,0,0,,,,,1,,,269,Rasenmäher,,,"https://lhagrarservicegmbh.de/wp-content/uploads/2026/04/z1-15.webp, https://lhagrarservicegmbh.de/wp-content/uploads/2026/04/z2.webp, https://lhagrarservicegmbh.de/wp-content/uploads/2026/04/z3.webp, https://lhagrarservicegmbh.de/wp-content/uploads/2026/04/z4.webp, https://lhagrarservicegmbh.de/wp-content/uploads/2026/04/z5.webp, https://lhagrarservicegmbh.de/wp-content/uploads/2026/04/z6.webp, https://lhagrarservicegmbh.de/wp-content/uploads/2026/04/z7.webp, https://lhagrarservicegmbh.de/wp-content/uploads/2026/04/z8.webp",,,,,,,,,0,
1644,simple,DV-LUX-TOOLS-BENZIN-RASENMAHER-B-RM-51-A-B-LK,,"LUX-TOOLS Benzin-Rasenmäher B-RM-51-A B - Premium ID1644",1,0,visible,"LUX-TOOLS Benzin-Rasenmäher B-RM-51-A B - Premium ID1644 - Hochwertige Ausführung für optimale Ergebnisse im Garten.","<h3>LUX-TOOLS Benzin-Rasenmäher B-RM-51-A B - Premium ID1644</h3>\n<p>Entdecken Sie die professionelle Leistung dieses hochwertigen Gartenwerkzeugs. bietet dieses Gerät optimale Ergebnisse für anspruchsvolle Gartenarbeiten.</p>\n<p>Die einfache Öffnung des Häckselwerks ermöglicht eine schnelle und unkomplizierte Wartung des Rotors. Regelmäßige Wartung ist wichtig für die Langlebigkeit und Zuverlässigkeit des Geräts und stellt sicher, dass die Leistung über viele Jahre hinweg konstant bleibt.</p>\n<p>Dieses professionelle Gerät überzeugt durch seine robuste Bauweise und die durchdachten technischen Lösungen. Die Kombination aus hoher Leistung, intelligenter Steuerung und benutzerfreundlichem Design macht es zur idealen Wahl für anspruchsvolle Garten- und Landschaftspflegearbeiten.</p>\n<p><strong>Investieren Sie in Qualität und Professionalität - dieses hochwertige Rasenmäher überzeugt durch erstklassige Verarbeitung, innovative Technik und außergewöhnliche Zuverlässigkeit. Perfekt geeignet für anspruchsvolle Garten- und Landschaftspflegeprojekte, bei denen nur das Beste gut genug ist. Mit diesem Gerät sind Sie optimal ausgestattet für alle Herausforderungen moderner Gartenarbeit.</strong></p>",,,taxable,,1,13,,0,0,,,,,1,,,249,Rasenmäher,,,"https://lhagrarservicegmbh.de/wp-content/uploads/2026/04/e1-9.webp, https://lhagrarservicegmbh.de/wp-content/uploads/2026/04/e2.webp, https://lhagrarservicegmbh.de/wp-content/uploads/2026/04/e3.webp, https://lhagrarservicegmbh.de/wp-content/uploads/2026/04/e4.webp, https://lhagrarservicegmbh.de/wp-content/uploads/2026/04/e5.webp, https://lhagrarservicegmbh.de/wp-content/uploads/2026/04/e6.webp, https://lhagrarservicegmbh.de/wp-content/uploads/2026/04/e7.webp",,,,,,,,,0,
1652,simple,DV-EINHELL-ELEKTRO-RASENMAHER-GC-EM-1232-LK,,"Einhell Elektro-Rasenmäher GC-EM 1232 - Premium ID1652",1,0,visible,"Einhell Elektro-Rasenmäher GC-EM 1232 - Premium ID1652 - Hochwertige Ausführung für optimale Ergebnisse im Garten.","<h3>Einhell Elektro-Rasenmäher GC-EM 1232 - Premium ID1652</h3>\n<p>Entdecken Sie die professionelle Leistung dieses hochwertigen Gartenwerkzeugs. bietet dieses Gerät optimale Ergebnisse für anspruchsvolle Gartenarbeiten.</p>\n<p>Die einfache Öffnung des Häckselwerks ermöglicht eine schnelle und unkomplizierte Wartung des Rotors. Regelmäßige Wartung ist wichtig für die Langlebigkeit und Zuverlässigkeit des Geräts und stellt sicher, dass die Leistung über viele Jahre hinweg konstant bleibt.</p>\n<p>Dieses professionelle Gerät überzeugt durch seine robuste Bauweise und die durchdachten technischen Lösungen. Die Kombination aus hoher Leistung, intelligenter Steuerung und benutzerfreundlichem Design macht es zur idealen Wahl für anspruchsvolle Garten- und Landschaftspflegearbeiten.</p>\n<p><strong>Investieren Sie in Qualität und Professionalität - dieses hochwertige Rasenmäher überzeugt durch erstklassige Verarbeitung, innovative Technik und außergewöhnliche Zuverlässigkeit. Perfekt geeignet für anspruchsvolle Garten- und Landschaftspflegeprojekte, bei denen nur das Beste gut genug ist. Mit diesem Gerät sind Sie optimal ausgestattet für alle Herausforderungen moderner Gartenarbeit.</strong></p>",,,taxable,,1,14,,0,0,,,,,1,,,87,Rasenmäher,,,"https://lhagrarservicegmbh.de/wp-content/uploads/2026/04/r1-13.webp, https://lhagrarservicegmbh.de/wp-content/uploads/2026/04/r2.webp, https://lhagrarservicegmbh.de/wp-content/uploads/2026/04/r3.webp, https://lhagrarservicegmbh.de/wp-content/uploads/2026/04/r5-1.webp, https://lhagrarservicegmbh.de/wp-content/uploads/2026/04/r6.webp, https://lhagrarservicegmbh.de/wp-content/uploads/2026/04/r7.webp",,,,,,,,,0,
1659,simple,DV-BOSCH-AKKU-RASENMAHER-CITYMOWER-18V-32-INKL-AKKU-UND-LADEGERAT-LK,,"Bosch Akku-Rasenmäher CityMower 18V-32 - Premium ID1659",1,0,visible,"Bosch Akku-Rasenmäher CityMower 18V-32 - Premium ID1659 - Hochwertige Ausführung für optimale Ergebnisse im Garten.","<h3>Bosch Akku-Rasenmäher CityMower 18V-32 - Premium ID1659</h3>\n<p>Entdecken Sie die professionelle Leistung dieses hochwertigen Gartenwerkzeugs. Ausgestattet mit einem leistungsstarken sorgt zudem für eine herausragende Leistung-Motor bietet dieses Gerät optimale Ergebnisse für anspruchsvolle Gartenarbeiten.</p>\n<p>Die einfache Öffnung des Häckselwerks ermöglicht eine schnelle und unkomplizierte Wartung des Rotors. Regelmäßige Wartung ist wichtig für die Langlebigkeit und Zuverlässigkeit des Geräts und stellt sicher, dass die Leistung über viele Jahre hinweg konstant bleibt.</p>\n<p>Dieses professionelle Gerät überzeugt durch seine robuste Bauweise und die durchdachten technischen Lösungen. Die Kombination aus hoher Leistung, intelligenter Steuerung und benutzerfreundlichem Design macht es zur idealen Wahl für anspruchsvolle Garten- und Landschaftspflegearbeiten.</p>\n<h4>Technische Highlights:</h4>\n<ul>\n  <li><strong>Motor:</strong> sorgt zudem für eine herausragende Leistung - Zuverlässiger Antrieb für höchste Ansprüche</li>\n</ul>\n<p><strong>Investieren Sie in Qualität und Professionalität - dieses hochwertige Rasenmäher überzeugt durch erstklassige Verarbeitung, innovative Technik und außergewöhnliche Zuverlässigkeit. Perfekt geeignet für anspruchsvolle Garten- und Landschaftspflegeprojekte, bei denen nur das Beste gut genug ist. Mit diesem Gerät sind Sie optimal ausgestattet für alle Herausforderungen moderner Gartenarbeit.</strong></p>",,,taxable,,1,13,,0,0,,,,,1,,,199,Rasenmäher,,,"https://lhagrarservicegmbh.de/wp-content/uploads/2026/04/t1-10.webp, https://lhagrarservicegmbh.de/wp-content/uploads/2026/04/t2.webp, https://lhagrarservicegmbh.de/wp-content/uploads/2026/04/t3.webp, https://lhagrarservicegmbh.de/wp-content/uploads/2026/04/t4.webp, https://lhagrarservicegmbh.de/wp-content/uploads/2026/04/t5.webp, https://lhagrarservicegmbh.de/wp-content/uploads/2026/04/t6.webp",,,,,,,,,0,
1666,simple,DV-LUX-TOOLS-20-V-AKKU-RASENMAHER-1-POWERSYSTEM-A-RM-1X20-33-SET-A-1-X-20-V-AKKU-LK,,"LUX-TOOLS 20 V Akku-Rasenmäher 1 - Premium ID1666",1,0,visible,"LUX-TOOLS 20 V Akku-Rasenmäher 1 - Premium ID1666 - Hochwertige Ausführung für optimale Ergebnisse im Garten.","<h3>LUX-TOOLS 20 V Akku-Rasenmäher 1 - Premium ID1666</h3>\n<p>Entdecken Sie die professionelle Leistung dieses hochwertigen Gartenwerkzeugs. bietet dieses Gerät optimale Ergebnisse für anspruchsvolle Gartenarbeiten.</p>\n<p>Durch seine kompakte Arbeitsbreite von nur 25 mm zeichnet sich dieses Modell besonders aus. Die durchdachte Konstruktion ermöglicht effiziente Arbeitsabläufe und professionelle Ergebnisse.</p>\n<p>Die einfache Öffnung des Häckselwerks ermöglicht eine schnelle und unkomplizierte Wartung des Rotors. Regelmäßige Wartung ist wichtig für die Langlebigkeit und Zuverlässigkeit des Geräts und stellt sicher, dass die Leistung über viele Jahre hinweg konstant bleibt.</p>\n<p>Dieses professionelle Gerät überzeugt durch seine robuste Bauweise und die durchdachten technischen Lösungen. Die Kombination aus hoher Leistung, intelligenter Steuerung und benutzerfreundlichem Design macht es zur idealen Wahl für anspruchsvolle Garten- und Landschaftspflegearbeiten.</p>\n<h4>Technische Highlights:</h4>\n<ul>\n  <li><strong>Arbeitsbreite:</strong> 25 mm - Kompakt und wendig für verschiedene Einsatzbereiche</li>\n</ul>\n<p><strong>Investieren Sie in Qualität und Professionalität - dieses hochwertige Rasenmäher überzeugt durch erstklassige Verarbeitung, innovative Technik und außergewöhnliche Zuverlässigkeit. Perfekt geeignet für anspruchsvolle Garten- und Landschaftspflegeprojekte, bei denen nur das Beste gut genug ist. Mit diesem Gerät sind Sie optimal ausgestattet für alle Herausforderungen moderner Gartenarbeit.</strong></p>",,,taxable,,1,13,,0,0,,,,,1,,,124,Rasenmäher,,,"https://lhagrarservicegmbh.de/wp-content/uploads/2026/04/y1-9.webp, https://lhagrarservicegmbh.de/wp-content/uploads/2026/04/y2-1.webp, https://lhagrarservicegmbh.de/wp-content/uploads/2026/04/y3.webp, https://lhagrarservicegmbh.de/wp-content/uploads/2026/04/y4.webp, https://lhagrarservicegmbh.de/wp-content/uploads/2026/04/y5.webp",,,,,,,,,0,
1672,simple,DV-GARDENA-AKKU-RASENMAHER-POWERMAX-32-18V-POWER-FOR-ALL-SOLO-LK,,"Gardena Akku-Rasenmäher PowerMax 32/18V - Premium ID1672",1,0,visible,"Gardena Akku-Rasenmäher PowerMax 32/18V - Premium ID1672 - Hochwertige Ausführung für optimale Ergebnisse im Garten.","<h3>Gardena Akku-Rasenmäher PowerMax 32/18V - Premium ID1672</h3>\n<p>Entdecken Sie die professionelle Leistung dieses hochwertigen Gartenwerkzeugs. Ausgestattet mit einem leistungsstarken Der kompakte Rasenmäher ist mit einem kraftvollen-Motor bietet dieses Gerät optimale Ergebnisse für anspruchsvolle Gartenarbeiten.</p>\n<p>Die einfache Öffnung des Häckselwerks ermöglicht eine schnelle und unkomplizierte Wartung des Rotors. Regelmäßige Wartung ist wichtig für die Langlebigkeit und Zuverlässigkeit des Geräts und stellt sicher, dass die Leistung über viele Jahre hinweg konstant bleibt.</p>\n<p>Dieses professionelle Gerät überzeugt durch seine robuste Bauweise und die durchdachten technischen Lösungen. Die Kombination aus hoher Leistung, intelligenter Steuerung und benutzerfreundlichem Design macht es zur idealen Wahl für anspruchsvolle Garten- und Landschaftspflegearbeiten.</p>\n<h4>Technische Highlights:</h4>\n<ul>\n  <li><strong>Motor:</strong> Der kompakte Rasenmäher ist mit einem kraftvollen - Zuverlässiger Antrieb für höchste Ansprüche</li>\n</ul>\n<p><strong>Investieren Sie in Qualität und Professionalität - dieses hochwertige Rasenmäher überzeugt durch erstklassige Verarbeitung, innovative Technik und außergewöhnliche Zuverlässigkeit. Perfekt geeignet für anspruchsvolle Garten- und Landschaftspflegeprojekte, bei denen nur das Beste gut genug ist. Mit diesem Gerät sind Sie optimal ausgestattet für alle Herausforderungen moderner Gartenarbeit.</strong></p>",,,taxable,,1,14,,0,0,,,,,1,,,130,Rasenmäher,,,"https://lhagrarservicegmbh.de/wp-content/uploads/2026/04/u1-9.webp, https://lhagrarservicegmbh.de/wp-content/uploads/2026/04/u2-1.webp, https://lhagrarservicegmbh.de/wp-content/uploads/2026/04/u3.webp, https://lhagrarservicegmbh.de/wp-content/uploads/2026/04/u4.webp, https://lhagrarservicegmbh.de/wp-content/uploads/2026/04/u5.webp, https://lhagrarservicegmbh.de/wp-content/uploads/2026/04/u6.webp, https://lhagrarservicegmbh.de/wp-content/uploads/2026/04/u7.webp",,,,,,,,,0,
1680,simple,DV-STIGA-BENZIN-RASENMAHER-COMBI-553-S-LK,,"Stiga Benzin-Rasenmäher COMBI 553 S - Premium ID1680",1,0,visible,"Stiga Benzin-Rasenmäher COMBI 553 S - Premium ID1680 - Hochwertige Ausführung für optimale Ergebnisse im Garten.","<h3>Stiga Benzin-Rasenmäher COMBI 553 S - Premium ID1680</h3>\n<p>Entdecken Sie die professionelle Leistung dieses hochwertigen Gartenwerkzeugs. Ausgestattet mit einem leistungsstarken ermöglicht der COMBI 553 S einen komfortablen Start-Motor mit 2,6 kW Leistung bietet dieses Gerät optimale Ergebnisse für anspruchsvolle Gartenarbeiten.</p>\n<p>Die einfache Öffnung des Häckselwerks ermöglicht eine schnelle und unkomplizierte Wartung des Rotors. Regelmäßige Wartung ist wichtig für die Langlebigkeit und Zuverlässigkeit des Geräts und stellt sicher, dass die Leistung über viele Jahre hinweg konstant bleibt.</p>\n<p>Dieses professionelle Gerät überzeugt durch seine robuste Bauweise und die durchdachten technischen Lösungen. Die Kombination aus hoher Leistung, intelligenter Steuerung und benutzerfreundlichem Design macht es zur idealen Wahl für anspruchsvolle Garten- und Landschaftspflegearbeiten.</p>\n<h4>Technische Highlights:</h4>\n<ul>\n  <li><strong>Motor:</strong> ermöglicht der COMBI 553 S einen komfortablen Start - Zuverlässiger Antrieb für höchste Ansprüche</li>\n  <li><strong>Leistung:</strong> 2,6 kW - Optimale Power für professionelle Anwendungen</li>\n</ul>\n<p><strong>Investieren Sie in Qualität und Professionalität - dieses hochwertige Rasenmäher überzeugt durch erstklassige Verarbeitung, innovative Technik und außergewöhnliche Zuverlässigkeit. Perfekt geeignet für anspruchsvolle Garten- und Landschaftspflegeprojekte, bei denen nur das Beste gut genug ist. Mit diesem Gerät sind Sie optimal ausgestattet für alle Herausforderungen moderner Gartenarbeit.</strong></p>",,,taxable,,1,13,,0,0,,,,,1,,,352,Rasenmäher,,,"https://lhagrarservicegmbh.de/wp-content/uploads/2026/04/i1-7.webp, https://lhagrarservicegmbh.de/wp-content/uploads/2026/04/i2.webp, https://lhagrarservicegmbh.de/wp-content/uploads/2026/04/i3.webp, https://lhagrarservicegmbh.de/wp-content/uploads/2026/04/i4.webp, https://lhagrarservicegmbh.de/wp-content/uploads/2026/04/i5.webp",,,,,,,,,0,
1686,simple,DV-YARD-FORCE-AKKU-RASENMAHER-LM-C38A-EU-FUR-RASENFLACHEN-BIS-200-M-LK,,"YARD FORCE Akku-Rasenmäher LM C38A-EU für - Premium ID1686",1,0,visible,"YARD FORCE Akku-Rasenmäher LM C38A-EU für - Premium ID1686 - Hochwertige Ausführung für optimale Ergebnisse im Garten.","<h3>YARD FORCE Akku-Rasenmäher LM C38A-EU für - Premium ID1686</h3>\n<p>Entdecken Sie die professionelle Leistung dieses hochwertigen Gartenwerkzeugs. bietet dieses Gerät optimale Ergebnisse für anspruchsvolle Gartenarbeiten.</p>\n<p>Die einfache Öffnung des Häckselwerks ermöglicht eine schnelle und unkomplizierte Wartung des Rotors. Regelmäßige Wartung ist wichtig für die Langlebigkeit und Zuverlässigkeit des Geräts und stellt sicher, dass die Leistung über viele Jahre hinweg konstant bleibt.</p>\n<p>Dieses professionelle Gerät überzeugt durch seine robuste Bauweise und die durchdachten technischen Lösungen. Die Kombination aus hoher Leistung, intelligenter Steuerung und benutzerfreundlichem Design macht es zur idealen Wahl für anspruchsvolle Garten- und Landschaftspflegearbeiten.</p>\n<p><strong>Investieren Sie in Qualität und Professionalität - dieses hochwertige Rasenmäher überzeugt durch erstklassige Verarbeitung, innovative Technik und außergewöhnliche Zuverlässigkeit. Perfekt geeignet für anspruchsvolle Garten- und Landschaftspflegeprojekte, bei denen nur das Beste gut genug ist. Mit diesem Gerät sind Sie optimal ausgestattet für alle Herausforderungen moderner Gartenarbeit.</strong></p>",,,taxable,,1,13,,0,0,,,,,1,,,145,Rasenmäher,,,"https://lhagrarservicegmbh.de/wp-content/uploads/2026/04/o1-7.webp, https://lhagrarservicegmbh.de/wp-content/uploads/2026/04/o2.webp, https://lhagrarservicegmbh.de/wp-content/uploads/2026/04/o3.webp, https://lhagrarservicegmbh.de/wp-content/uploads/2026/04/o4.webp, https://lhagrarservicegmbh.de/wp-content/uploads/2026/04/o5.webp",,,,,,,,,0,
1692,simple,DV-EINHELL-AKKU-RASENMAHER-RASARRO-36-42-LK,,"Einhell Akku-Rasenmäher Rasarro 36/42 - Premium ID1692",1,0,visible,"Einhell Akku-Rasenmäher Rasarro 36/42 - Premium ID1692 - Hochwertige Ausführung für optimale Ergebnisse im Garten.","<h3>Einhell Akku-Rasenmäher Rasarro 36/42 - Premium ID1692</h3>\n<p>Entdecken Sie die professionelle Leistung dieses hochwertigen Gartenwerkzeugs. bietet dieses Gerät optimale Ergebnisse für anspruchsvolle Gartenarbeiten.</p>\n<p>Die einfache Öffnung des Häckselwerks ermöglicht eine schnelle und unkomplizierte Wartung des Rotors. Regelmäßige Wartung ist wichtig für die Langlebigkeit und Zuverlässigkeit des Geräts und stellt sicher, dass die Leistung über viele Jahre hinweg konstant bleibt.</p>\n<p>Dieses professionelle Gerät überzeugt durch seine robuste Bauweise und die durchdachten technischen Lösungen. Die Kombination aus hoher Leistung, intelligenter Steuerung und benutzerfreundlichem Design macht es zur idealen Wahl für anspruchsvolle Garten- und Landschaftspflegearbeiten.</p>\n<p><strong>Investieren Sie in Qualität und Professionalität - dieses hochwertige Rasenmäher überzeugt durch erstklassige Verarbeitung, innovative Technik und außergewöhnliche Zuverlässigkeit. Perfekt geeignet für anspruchsvolle Garten- und Landschaftspflegeprojekte, bei denen nur das Beste gut genug ist. Mit diesem Gerät sind Sie optimal ausgestattet für alle Herausforderungen moderner Gartenarbeit.</strong></p>",,,taxable,,1,14,,0,0,,,,,1,,,310,Rasenmäher,,,"https://lhagrarservicegmbh.de/wp-content/uploads/2026/04/p1-8.webp, https://lhagrarservicegmbh.de/wp-content/uploads/2026/04/p2.webp, https://lhagrarservicegmbh.de/wp-content/uploads/2026/04/p3.webp, https://lhagrarservicegmbh.de/wp-content/uploads/2026/04/p4.webp, https://lhagrarservicegmbh.de/wp-content/uploads/2026/04/p5.webp, https://lhagrarservicegmbh.de/wp-content/uploads/2026/04/p6.webp",,,,,,,,,0,
1703,simple,DV-CARTIWELL-FERNGESTEUERTER-MOTOR-RASENMAHER-BOSCHUNGSMAHER-CW-M800-LK,,"CARTIWELL Ferngesteuerter Motor-Rasenmäher - Premium ID1703",1,0,visible,"CARTIWELL Ferngesteuerter Motor-Rasenmäher - Premium ID1703 - Hochwertige Ausführung für optimale Ergebnisse im Garten.","<h3>CARTIWELL Ferngesteuerter Motor-Rasenmäher - Premium ID1703</h3>\n<p>Entdecken Sie die professionelle Leistung dieses hochwertigen Gartenwerkzeugs. bietet dieses Gerät optimale Ergebnisse für anspruchsvolle Gartenarbeiten.</p>\n<p>Durch seine kompakte Arbeitsbreite von nur 150 mm zeichnet sich dieses Modell besonders aus. Die durchdachte Konstruktion ermöglicht effiziente Arbeitsabläufe und professionelle Ergebnisse.</p>\n<p>Die einfache Öffnung des Häckselwerks ermöglicht eine schnelle und unkomplizierte Wartung des Rotors. Regelmäßige Wartung ist wichtig für die Langlebigkeit und Zuverlässigkeit des Geräts und stellt sicher, dass die Leistung über viele Jahre hinweg konstant bleibt.</p>\n<p>Dieses professionelle Gerät überzeugt durch seine robuste Bauweise und die durchdachten technischen Lösungen. Die Kombination aus hoher Leistung, intelligenter Steuerung und benutzerfreundlichem Design macht es zur idealen Wahl für anspruchsvolle Garten- und Landschaftspflegearbeiten.</p>\n<h4>Technische Highlights:</h4>\n<ul>\n  <li><strong>Arbeitsbreite:</strong> 150 mm - Kompakt und wendig für verschiedene Einsatzbereiche</li>\n</ul>\n<p><strong>Investieren Sie in Qualität und Professionalität - dieses hochwertige Rasenmäher überzeugt durch erstklassige Verarbeitung, innovative Technik und außergewöhnliche Zuverlässigkeit. Perfekt geeignet für anspruchsvolle Garten- und Landschaftspflegeprojekte, bei denen nur das Beste gut genug ist. Mit diesem Gerät sind Sie optimal ausgestattet für alle Herausforderungen moderner Gartenarbeit.</strong></p>",,,taxable,,1,13,,0,0,,,,,1,,,3824.15,Rasenmäher,,,"https://lhagrarservicegmbh.de/wp-content/uploads/2026/04/s1-6.webp, https://lhagrarservicegmbh.de/wp-content/uploads/2026/04/s2.webp, https://lhagrarservicegmbh.de/wp-content/uploads/2026/04/s3.webp, https://lhagrarservicegmbh.de/wp-content/uploads/2026/04/s4.webp, https://lhagrarservicegmbh.de/wp-content/uploads/2026/04/s5.webp",,,,,,,,,0,
1709,simple,DV-LITHELI-U20-AKKU-RASENMAHER-20-V-EGT010157-INKL-AKKU-4-0-AH-LK,,"Litheli U20 Akku-Rasenmäher 20 V EGT010157 - Premium ID1709",1,0,visible,"Litheli U20 Akku-Rasenmäher 20 V EGT010157 - Premium ID1709 - Hochwertige Ausführung für optimale Ergebnisse im Garten.","<h3>Litheli U20 Akku-Rasenmäher 20 V EGT010157 - Premium ID1709</h3>\n<p>Entdecken Sie die professionelle Leistung dieses hochwertigen Gartenwerkzeugs. Ausgestattet mit einem leistungsstarken Der kompakte Rasenmäher ist mit einem kraftvollen-Motor bietet dieses Gerät optimale Ergebnisse für anspruchsvolle Gartenarbeiten.</p>\n<p>Die einfache Öffnung des Häckselwerks ermöglicht eine schnelle und unkomplizierte Wartung des Rotors. Regelmäßige Wartung ist wichtig für die Langlebigkeit und Zuverlässigkeit des Geräts und stellt sicher, dass die Leistung über viele Jahre hinweg konstant bleibt.</p>\n<p>Dieses professionelle Gerät überzeugt durch seine robuste Bauweise und die durchdachten technischen Lösungen. Die Kombination aus hoher Leistung, intelligenter Steuerung und benutzerfreundlichem Design macht es zur idealen Wahl für anspruchsvolle Garten- und Landschaftspflegearbeiten.</p>\n<h4>Technische Highlights:</h4>\n<ul>\n  <li><strong>Motor:</strong> Der kompakte Rasenmäher ist mit einem kraftvollen - Zuverlässiger Antrieb für höchste Ansprüche</li>\n</ul>\n<p><strong>Investieren Sie in Qualität und Professionalität - dieses hochwertige Rasenmäher überzeugt durch erstklassige Verarbeitung, innovative Technik und außergewöhnliche Zuverlässigkeit. Perfekt geeignet für anspruchsvolle Garten- und Landschaftspflegeprojekte, bei denen nur das Beste gut genug ist. Mit diesem Gerät sind Sie optimal ausgestattet für alle Herausforderungen moderner Gartenarbeit.</strong></p>",,,taxable,,1,13,,0,0,,,,,1,,120.0,149.0,Rasenmäher,,,"https://lhagrarservicegmbh.de/wp-content/uploads/2026/04/d1-8.webp, https://lhagrarservicegmbh.de/wp-content/uploads/2026/04/d2.webp, https://lhagrarservicegmbh.de/wp-content/uploads/2026/04/d3.webp, https://lhagrarservicegmbh.de/wp-content/uploads/2026/04/d4.webp, https://lhagrarservicegmbh.de/wp-content/uploads/2026/04/d5.webp",,,,,,,,,0,
1715,simple,DV-EINHELL-AKKU-RASENMAHER-GP-CM-36-52-S-LI-BL-LK,,"Einhell Akku-Rasenmäher GP-CM 36/52 S Li-BL - Premium ID1715",1,0,visible,"Einhell Akku-Rasenmäher GP-CM 36/52 S Li-BL - Premium ID1715 - Hochwertige Ausführung für optimale Ergebnisse im Garten.","<h3>Einhell Akku-Rasenmäher GP-CM 36/52 S Li-BL - Premium ID1715</h3>\n<p>Entdecken Sie die professionelle Leistung dieses hochwertigen Gartenwerkzeugs. bietet dieses Gerät optimale Ergebnisse für anspruchsvolle Gartenarbeiten.</p>\n<p>Die einfache Öffnung des Häckselwerks ermöglicht eine schnelle und unkomplizierte Wartung des Rotors. Regelmäßige Wartung ist wichtig für die Langlebigkeit und Zuverlässigkeit des Geräts und stellt sicher, dass die Leistung über viele Jahre hinweg konstant bleibt.</p>\n<p>Dieses professionelle Gerät überzeugt durch seine robuste Bauweise und die durchdachten technischen Lösungen. Die Kombination aus hoher Leistung, intelligenter Steuerung und benutzerfreundlichem Design macht es zur idealen Wahl für anspruchsvolle Garten- und Landschaftspflegearbeiten.</p>\n<p><strong>Investieren Sie in Qualität und Professionalität - dieses hochwertige Rasenmäher überzeugt durch erstklassige Verarbeitung, innovative Technik und außergewöhnliche Zuverlässigkeit. Perfekt geeignet für anspruchsvolle Garten- und Landschaftspflegeprojekte, bei denen nur das Beste gut genug ist. Mit diesem Gerät sind Sie optimal ausgestattet für alle Herausforderungen moderner Gartenarbeit.</strong></p>",,,taxable,,1,14,,0,0,,,,,1,,,720,Rasenmäher,,,"https://lhagrarservicegmbh.de/wp-content/uploads/2026/04/f1-8.webp, https://lhagrarservicegmbh.de/wp-content/uploads/2026/04/f2.webp, https://lhagrarservicegmbh.de/wp-content/uploads/2026/04/f3.webp, https://lhagrarservicegmbh.de/wp-content/uploads/2026/04/f4.webp, https://lhagrarservicegmbh.de/wp-content/uploads/2026/04/f5.webp, https://lhagrarservicegmbh.de/wp-content/uploads/2026/04/f6.webp",,,,,,,,,0,
1722,simple,DV-TEXAS-ELEKTRO-RASENMAHER-SMART-3200-LK,,"Texas Elektro-Rasenmäher Smart 3200 - Premium ID1722",1,0,visible,"Texas Elektro-Rasenmäher Smart 3200 - Premium ID1722 - Hochwertige Ausführung für optimale Ergebnisse im Garten.","<h3>Texas Elektro-Rasenmäher Smart 3200 - Premium ID1722</h3>\n<p>Entdecken Sie die professionelle Leistung dieses hochwertigen Gartenwerkzeugs. bietet dieses Gerät optimale Ergebnisse für anspruchsvolle Gartenarbeiten.</p>\n<p>Durch seine kompakte Arbeitsbreite von nur 25 mm zeichnet sich dieses Modell besonders aus. Die durchdachte Konstruktion ermöglicht effiziente Arbeitsabläufe und professionelle Ergebnisse.</p>\n<p>Die einfache Öffnung des Häckselwerks ermöglicht eine schnelle und unkomplizierte Wartung des Rotors. Regelmäßige Wartung ist wichtig für die Langlebigkeit und Zuverlässigkeit des Geräts und stellt sicher, dass die Leistung über viele Jahre hinweg konstant bleibt.</p>\n<p>Dieses professionelle Gerät überzeugt durch seine robuste Bauweise und die durchdachten technischen Lösungen. Die Kombination aus hoher Leistung, intelligenter Steuerung und benutzerfreundlichem Design macht es zur idealen Wahl für anspruchsvolle Garten- und Landschaftspflegearbeiten.</p>\n<h4>Technische Highlights:</h4>\n<ul>\n  <li><strong>Arbeitsbreite:</strong> 25 mm - Kompakt und wendig für verschiedene Einsatzbereiche</li>\n</ul>\n<p><strong>Investieren Sie in Qualität und Professionalität - dieses hochwertige Rasenmäher überzeugt durch erstklassige Verarbeitung, innovative Technik und außergewöhnliche Zuverlässigkeit. Perfekt geeignet für anspruchsvolle Garten- und Landschaftspflegeprojekte, bei denen nur das Beste gut genug ist. Mit diesem Gerät sind Sie optimal ausgestattet für alle Herausforderungen moderner Gartenarbeit.</strong></p>",,,taxable,,1,14,,0,0,,,,,1,,,109,Rasenmäher,,,"https://lhagrarservicegmbh.de/wp-content/uploads/2026/04/g1-7.webp, https://lhagrarservicegmbh.de/wp-content/uploads/2026/04/g2.webp, https://lhagrarservicegmbh.de/wp-content/uploads/2026/04/g3.webp, https://lhagrarservicegmbh.de/wp-content/uploads/2026/04/g4.webp",,,,,,,,,0,
1727,simple,DV-GLORIA-DRUCKSPRUHER-PRIMA-3-MIT-3-BAR-LK,,"Gloria Drucksprüher Prima 3 mit 3 bar - Premium ID1727",1,0,visible,"Gloria Drucksprüher Prima 3 mit 3 bar - Premium ID1727 - Hochwertige Ausführung für optimale Ergebnisse im Garten.","<h3>Gloria Drucksprüher Prima 3 mit 3 bar - Premium ID1727</h3>\n<p>Entdecken Sie die professionelle Leistung dieses hochwertigen Gartenwerkzeugs. bietet dieses Gerät optimale Ergebnisse für anspruchsvolle Gartenarbeiten.</p>\n<p>Die einfache Öffnung des Häckselwerks ermöglicht eine schnelle und unkomplizierte Wartung des Rotors. Regelmäßige Wartung ist wichtig für die Langlebigkeit und Zuverlässigkeit des Geräts und stellt sicher, dass die Leistung über viele Jahre hinweg konstant bleibt.</p>\n<p>Dieses professionelle Gerät überzeugt durch seine robuste Bauweise und die durchdachten technischen Lösungen. Die Kombination aus hoher Leistung, intelligenter Steuerung und benutzerfreundlichem Design macht es zur idealen Wahl für anspruchsvolle Garten- und Landschaftspflegearbeiten.</p>\n<p><strong>Investieren Sie in Qualität und Professionalität - dieses hochwertige Sprühgeräte und Spritzgeräte überzeugt durch erstklassige Verarbeitung, innovative Technik und außergewöhnliche Zuverlässigkeit. Perfekt geeignet für anspruchsvolle Garten- und Landschaftspflegeprojekte, bei denen nur das Beste gut genug ist. Mit diesem Gerät sind Sie optimal ausgestattet für alle Herausforderungen moderner Gartenarbeit.</strong></p>",,,taxable,,1,14,,0,0,,,,,1,,,21,"Sprühgeräte und Spritzgeräte",,,"https://lhagrarservicegmbh.de/wp-content/uploads/2026/04/a1-14.webp, https://lhagrarservicegmbh.de/wp-content/uploads/2026/04/a2.webp, https://lhagrarservicegmbh.de/wp-content/uploads/2026/04/a3.webp",,,,,,,,,0,
1731,simple,DV-EGO-RUCKENSPRUHGERAT-BSP3500E-50-CM-LK,,"EGO Rückensprühgerät BSP3500E, 50 cm - Premium ID1731",1,0,visible,"EGO Rückensprühgerät BSP3500E, 50 cm - Premium ID1731 - Hochwertige Ausführung für optimale Ergebnisse im Garten.","<h3>EGO Rückensprühgerät BSP3500E, 50 cm - Premium ID1731</h3>\n<p>Entdecken Sie die professionelle Leistung dieses hochwertigen Gartenwerkzeugs. bietet dieses Gerät optimale Ergebnisse für anspruchsvolle Gartenarbeiten.</p>\n<p>Die einfache Öffnung des Häckselwerks ermöglicht eine schnelle und unkomplizierte Wartung des Rotors. Regelmäßige Wartung ist wichtig für die Langlebigkeit und Zuverlässigkeit des Geräts und stellt sicher, dass die Leistung über viele Jahre hinweg konstant bleibt.</p>\n<p>Dieses professionelle Gerät überzeugt durch seine robuste Bauweise und die durchdachten technischen Lösungen. Die Kombination aus hoher Leistung, intelligenter Steuerung und benutzerfreundlichem Design macht es zur idealen Wahl für anspruchsvolle Garten- und Landschaftspflegearbeiten.</p>\n<p><strong>Investieren Sie in Qualität und Professionalität - dieses hochwertige Sprühgeräte und Spritzgeräte überzeugt durch erstklassige Verarbeitung, innovative Technik und außergewöhnliche Zuverlässigkeit. Perfekt geeignet für anspruchsvolle Garten- und Landschaftspflegeprojekte, bei denen nur das Beste gut genug ist. Mit diesem Gerät sind Sie optimal ausgestattet für alle Herausforderungen moderner Gartenarbeit.</strong></p>",,,taxable,,1,13,,0,0,,,,,1,,,370,"Sprühgeräte und Spritzgeräte",,,https://lhagrarservicegmbh.de/wp-content/uploads/2026/04/z1-16.webp,,,,,,,,,0,
1733,simple,DV-EINHELL-POWER-X-CHANGE-AKKU-DRUCKSPRUHGERAT-GE-WS-18-10-LI-SOLO-LK,,"Einhell Power X-Change - Premium ID1733",1,0,visible,"Einhell Power X-Change - Premium ID1733 - Hochwertige Ausführung für optimale Ergebnisse im Garten.","<h3>Einhell Power X-Change - Premium ID1733</h3>\n<p>Entdecken Sie die professionelle Leistung dieses hochwertigen Gartenwerkzeugs. bietet dieses Gerät optimale Ergebnisse für anspruchsvolle Gartenarbeiten.</p>\n<p>Die einfache Öffnung des Häckselwerks ermöglicht eine schnelle und unkomplizierte Wartung des Rotors. Regelmäßige Wartung ist wichtig für die Langlebigkeit und Zuverlässigkeit des Geräts und stellt sicher, dass die Leistung über viele Jahre hinweg konstant bleibt.</p>\n<p>Dieses professionelle Gerät überzeugt durch seine robuste Bauweise und die durchdachten technischen Lösungen. Die Kombination aus hoher Leistung, intelligenter Steuerung und benutzerfreundlichem Design macht es zur idealen Wahl für anspruchsvolle Garten- und Landschaftspflegearbeiten.</p>\n<p><strong>Investieren Sie in Qualität und Professionalität - dieses hochwertige Sprühgeräte und Spritzgeräte überzeugt durch erstklassige Verarbeitung, innovative Technik und außergewöhnliche Zuverlässigkeit. Perfekt geeignet für anspruchsvolle Garten- und Landschaftspflegeprojekte, bei denen nur das Beste gut genug ist. Mit diesem Gerät sind Sie optimal ausgestattet für alle Herausforderungen moderner Gartenarbeit.</strong></p>",,,taxable,,1,13,,0,0,,,,,1,,,52,"Sprühgeräte und Spritzgeräte",,,"https://lhagrarservicegmbh.de/wp-content/uploads/2026/04/e1-10.webp, https://lhagrarservicegmbh.de/wp-content/uploads/2026/04/e2-1.webp, https://lhagrarservicegmbh.de/wp-content/uploads/2026/04/e3-1.webp, https://lhagrarservicegmbh.de/wp-content/uploads/2026/04/e4-1.webp, https://lhagrarservicegmbh.de/wp-content/uploads/2026/04/e5-1.webp",,,,,,,,,0,
1739,simple,DV-EUROSYSTEMS-MOTORKARRENSPRITZE-CARRY-SPRAYER-BS-LK,,"Eurosystems Motorkarrenspritze Carry Spr... - Premium ID1739",1,0,visible,"eurosystems Motorkarrenspritze Carry Sprayer (B&S) - Premium - Hochwertige Ausführung für optimale Ergebnisse im Garten.","<h3>eurosystems Motorkarrenspritze Carry Sprayer (B&S) - Premium</h3>\n<p>Entdecken Sie die professionelle Leistung dieses hochwertigen Gartenwerkzeugs. Ausgestattet mit einem leistungsstarken Series 675-Motor bietet dieses Gerät optimale Ergebnisse für anspruchsvolle Gartenarbeiten.</p>\n<p>Die einfache Öffnung des Häckselwerks ermöglicht eine schnelle und unkomplizierte Wartung des Rotors. Regelmäßige Wartung ist wichtig für die Langlebigkeit und Zuverlässigkeit des Geräts und stellt sicher, dass die Leistung über viele Jahre hinweg konstant bleibt.</p>\n<p>Dieses professionelle Gerät überzeugt durch seine robuste Bauweise und die durchdachten technischen Lösungen. Die Kombination aus hoher Leistung, intelligenter Steuerung und benutzerfreundlichem Design macht es zur idealen Wahl für anspruchsvolle Garten- und Landschaftspflegearbeiten.</p>\n<h4>Technische Highlights:</h4>\n<ul>\n  <li><strong>Motor:</strong> Series 675 - Zuverlässiger Antrieb für höchste Ansprüche</li>\n</ul>\n<p><strong>Investieren Sie in Qualität und Professionalität - dieses hochwertige Sprühgeräte und Spritzgeräte überzeugt durch erstklassige Verarbeitung, innovative Technik und außergewöhnliche Zuverlässigkeit. Perfekt geeignet für anspruchsvolle Garten- und Landschaftspflegeprojekte, bei denen nur das Beste gut genug ist. Mit diesem Gerät sind Sie optimal ausgestattet für alle Herausforderungen moderner Gartenarbeit.</strong></p>",,,taxable,,1,13,,0,0,,,,,1,,2370.99,2448.0,"Sprühgeräte und Spritzgeräte",,,https://lhagrarservicegmbh.de/wp-content/uploads/2026/04/r1-14.webp,,,,,,,,,0,
1741,simple,DV-EUROSYSTEMS-MOTORKARRENSPRITZE-ECO-SPRAYER-LK,,"Eurosystems Motorkarrenspritze Eco Sprayer - Premium ID1741",1,0,visible,"eurosystems Motorkarrenspritze Eco Sprayer - Premium ID1741 - Hochwertige Ausführung für optimale Ergebnisse im Garten.","<h3>eurosystems Motorkarrenspritze Eco Sprayer - Premium ID1741</h3>\n<p>Entdecken Sie die professionelle Leistung dieses hochwertigen Gartenwerkzeugs. bietet dieses Gerät optimale Ergebnisse für anspruchsvolle Gartenarbeiten.</p>\n<p>Die einfache Öffnung des Häckselwerks ermöglicht eine schnelle und unkomplizierte Wartung des Rotors. Regelmäßige Wartung ist wichtig für die Langlebigkeit und Zuverlässigkeit des Geräts und stellt sicher, dass die Leistung über viele Jahre hinweg konstant bleibt.</p>\n<p>Dieses professionelle Gerät überzeugt durch seine robuste Bauweise und die durchdachten technischen Lösungen. Die Kombination aus hoher Leistung, intelligenter Steuerung und benutzerfreundlichem Design macht es zur idealen Wahl für anspruchsvolle Garten- und Landschaftspflegearbeiten.</p>\n<p><strong>Investieren Sie in Qualität und Professionalität - dieses hochwertige Sprühgeräte und Spritzgeräte überzeugt durch erstklassige Verarbeitung, innovative Technik und außergewöhnliche Zuverlässigkeit. Perfekt geeignet für anspruchsvolle Garten- und Landschaftspflegeprojekte, bei denen nur das Beste gut genug ist. Mit diesem Gerät sind Sie optimal ausgestattet für alle Herausforderungen moderner Gartenarbeit.</strong></p>",,,taxable,,1,14,,0,0,,,,,1,,,878,"Sprühgeräte und Spritzgeräte",,,https://lhagrarservicegmbh.de/wp-content/uploads/2026/04/t1-11.webp,,,,,,,,,0,
1743,simple,DV-STIHL-AKKU-SPRITZGERAT-SGA-85-LK,,"STIHL Akku-Spritzgerät SGA 85 - Premium ID1743",1,0,visible,"STIHL Akku-Spritzgerät SGA 85 - Premium ID1743 | 406mm. Professionelle Qualität für den sprühgeräte und spritzgeräte.","<h3>STIHL Akku-Spritzgerät SGA 85 - Premium ID1743</h3>\n<p>Entdecken Sie die professionelle Leistung dieses hochwertigen Gartenwerkzeugs. bietet dieses Gerät optimale Ergebnisse für anspruchsvolle Gartenarbeiten.</p>\n<p>Durch seine kompakte Arbeitsbreite von nur 606 mm, praktisches Gewicht von 2 kg zeichnet sich dieses Modell besonders aus. Die durchdachte Konstruktion ermöglicht effiziente Arbeitsabläufe und professionelle Ergebnisse.</p>\n<p>Die einfache Öffnung des Häckselwerks ermöglicht eine schnelle und unkomplizierte Wartung des Rotors. Regelmäßige Wartung ist wichtig für die Langlebigkeit und Zuverlässigkeit des Geräts und stellt sicher, dass die Leistung über viele Jahre hinweg konstant bleibt.</p>\n<p>Dieses professionelle Gerät überzeugt durch seine robuste Bauweise und die durchdachten technischen Lösungen. Die Kombination aus hoher Leistung, intelligenter Steuerung und benutzerfreundlichem Design macht es zur idealen Wahl für anspruchsvolle Garten- und Landschaftspflegearbeiten.</p>\n<h4>Technische Highlights:</h4>\n<ul>\n  <li><strong>Arbeitsbreite:</strong> 606 mm - Kompakt und wendig für verschiedene Einsatzbereiche</li>\n  <li><strong>Gewicht:</strong> 2 kg - Ausgewogenes Verhältnis von Stabilität und Mobilität</li>\n</ul>\n<p><strong>Investieren Sie in Qualität und Professionalität - dieses hochwertige Sprühgeräte und Spritzgeräte überzeugt durch erstklassige Verarbeitung, innovative Technik und außergewöhnliche Zuverlässigkeit. Perfekt geeignet für anspruchsvolle Garten- und Landschaftspflegeprojekte, bei denen nur das Beste gut genug ist. Mit diesem Gerät sind Sie optimal ausgestattet für alle Herausforderungen moderner Gartenarbeit.</strong></p>",,,taxable,,1,14,,0,0,,,,,1,,,480,"Sprühgeräte und Spritzgeräte",,,https://lhagrarservicegmbh.de/wp-content/uploads/2026/04/y1-10.webp,,,,,,,,,0,
1745,simple,DV-STIHL-SPRUHGERAT-SPRITZGERAT-SG-51-12L-LK,,"STIHL Sprühgerät Spritzgerät SG 51, 12l - Premium ID1745",1,0,visible,"STIHL Sprühgerät Spritzgerät SG 51, 12l - Premium ID1745 - Hochwertige Ausführung für optimale Ergebnisse im Garten.","<h3>STIHL Sprühgerät Spritzgerät SG 51, 12l - Premium ID1745</h3>\n<p>Entdecken Sie die professionelle Leistung dieses hochwertigen Gartenwerkzeugs. bietet dieses Gerät optimale Ergebnisse für anspruchsvolle Gartenarbeiten.</p>\n<p>Die einfache Öffnung des Häckselwerks ermöglicht eine schnelle und unkomplizierte Wartung des Rotors. Regelmäßige Wartung ist wichtig für die Langlebigkeit und Zuverlässigkeit des Geräts und stellt sicher, dass die Leistung über viele Jahre hinweg konstant bleibt.</p>\n<p>Dieses professionelle Gerät überzeugt durch seine robuste Bauweise und die durchdachten technischen Lösungen. Die Kombination aus hoher Leistung, intelligenter Steuerung und benutzerfreundlichem Design macht es zur idealen Wahl für anspruchsvolle Garten- und Landschaftspflegearbeiten.</p>\n<p><strong>Investieren Sie in Qualität und Professionalität - dieses hochwertige Sprühgeräte und Spritzgeräte überzeugt durch erstklassige Verarbeitung, innovative Technik und außergewöhnliche Zuverlässigkeit. Perfekt geeignet für anspruchsvolle Garten- und Landschaftspflegeprojekte, bei denen nur das Beste gut genug ist. Mit diesem Gerät sind Sie optimal ausgestattet für alle Herausforderungen moderner Gartenarbeit.</strong></p>",,,taxable,,1,14,,0,0,,,,,1,,,123,"Sprühgeräte und Spritzgeräte",,,https://lhagrarservicegmbh.de/wp-content/uploads/2026/04/u1-10.webp,,,,,,,,,0,
1747,simple,DV-STIHL-SPRUHGERAT-SR-430-LK,,"STIHL Sprühgerät SR 430 - Premium ID1747",1,0,visible,"STIHL Sprühgerät SR 430 - Premium ID1747 - Hochwertige Ausführung für optimale Ergebnisse im Garten.","<h3>STIHL Sprühgerät SR 430 - Premium ID1747</h3>\n<p>Entdecken Sie die professionelle Leistung dieses hochwertigen Gartenwerkzeugs. bietet dieses Gerät optimale Ergebnisse für anspruchsvolle Gartenarbeiten.</p>\n<p>Die einfache Öffnung des Häckselwerks ermöglicht eine schnelle und unkomplizierte Wartung des Rotors. Regelmäßige Wartung ist wichtig für die Langlebigkeit und Zuverlässigkeit des Geräts und stellt sicher, dass die Leistung über viele Jahre hinweg konstant bleibt.</p>\n<p>Dieses professionelle Gerät überzeugt durch seine robuste Bauweise und die durchdachten technischen Lösungen. Die Kombination aus hoher Leistung, intelligenter Steuerung und benutzerfreundlichem Design macht es zur idealen Wahl für anspruchsvolle Garten- und Landschaftspflegearbeiten.</p>\n<p><strong>Investieren Sie in Qualität und Professionalität - dieses hochwertige Sprühgeräte und Spritzgeräte überzeugt durch erstklassige Verarbeitung, innovative Technik und außergewöhnliche Zuverlässigkeit. Perfekt geeignet für anspruchsvolle Garten- und Landschaftspflegeprojekte, bei denen nur das Beste gut genug ist. Mit diesem Gerät sind Sie optimal ausgestattet für alle Herausforderungen moderner Gartenarbeit.</strong></p>",,,taxable,,1,15,,0,0,,,,,1,,699.99,730.0,"Sprühgeräte und Spritzgeräte",,,https://lhagrarservicegmbh.de/wp-content/uploads/2026/04/i1-8.webp,,,,,,,,,0,
1749,simple,DV-STIHL-SPRUHGERAT-SR-450-LK,,"STIHL Sprühgerät SR 450 - Premium ID1749",1,0,visible,"STIHL Sprühgerät SR 450 - Premium ID1749 - Hochwertige Ausführung für optimale Ergebnisse im Garten.","<h3>STIHL Sprühgerät SR 450 - Premium ID1749</h3>\n<p>Entdecken Sie die professionelle Leistung dieses hochwertigen Gartenwerkzeugs. bietet dieses Gerät optimale Ergebnisse für anspruchsvolle Gartenarbeiten.</p>\n<p>Die einfache Öffnung des Häckselwerks ermöglicht eine schnelle und unkomplizierte Wartung des Rotors. Regelmäßige Wartung ist wichtig für die Langlebigkeit und Zuverlässigkeit des Geräts und stellt sicher, dass die Leistung über viele Jahre hinweg konstant bleibt.</p>\n<p>Dieses professionelle Gerät überzeugt durch seine robuste Bauweise und die durchdachten technischen Lösungen. Die Kombination aus hoher Leistung, intelligenter Steuerung und benutzerfreundlichem Design macht es zur idealen Wahl für anspruchsvolle Garten- und Landschaftspflegearbeiten.</p>\n<p><strong>Investieren Sie in Qualität und Professionalität - dieses hochwertige Sprühgeräte und Spritzgeräte überzeugt durch erstklassige Verarbeitung, innovative Technik und außergewöhnliche Zuverlässigkeit. Perfekt geeignet für anspruchsvolle Garten- und Landschaftspflegeprojekte, bei denen nur das Beste gut genug ist. Mit diesem Gerät sind Sie optimal ausgestattet für alle Herausforderungen moderner Gartenarbeit.</strong></p>",,,taxable,,1,12,,0,0,,,,,1,,,720,"Sprühgeräte und Spritzgeräte",,,https://lhagrarservicegmbh.de/wp-content/uploads/2026/04/o1-8.webp,,,,,,,,,0,
1751,simple,DV-GLORIA-AKKU-KOMPRESSOR-GARTEN-SPRUHGERAT-15-BIS-25-BAR-LK,,"Gloria Akku Kompressor Garten-Sprühgerät - Premium ID1751",1,0,visible,"Gloria Akku Kompressor Garten-Sprühgerät - Premium ID1751 - Hochwertige Ausführung für optimale Ergebnisse im Garten.","<h3>Gloria Akku Kompressor Garten-Sprühgerät - Premium ID1751</h3>\n<p>Entdecken Sie die professionelle Leistung dieses hochwertigen Gartenwerkzeugs. bietet dieses Gerät optimale Ergebnisse für anspruchsvolle Gartenarbeiten.</p>\n<p>Die einfache Öffnung des Häckselwerks ermöglicht eine schnelle und unkomplizierte Wartung des Rotors. Regelmäßige Wartung ist wichtig für die Langlebigkeit und Zuverlässigkeit des Geräts und stellt sicher, dass die Leistung über viele Jahre hinweg konstant bleibt.</p>\n<p>Dieses professionelle Gerät überzeugt durch seine robuste Bauweise und die durchdachten technischen Lösungen. Die Kombination aus hoher Leistung, intelligenter Steuerung und benutzerfreundlichem Design macht es zur idealen Wahl für anspruchsvolle Garten- und Landschaftspflegearbeiten.</p>\n<p><strong>Investieren Sie in Qualität und Professionalität - dieses hochwertige Sprühgeräte und Spritzgeräte überzeugt durch erstklassige Verarbeitung, innovative Technik und außergewöhnliche Zuverlässigkeit. Perfekt geeignet für anspruchsvolle Garten- und Landschaftspflegeprojekte, bei denen nur das Beste gut genug ist. Mit diesem Gerät sind Sie optimal ausgestattet für alle Herausforderungen moderner Gartenarbeit.</strong></p>",,,taxable,,1,13,,0,0,,,,,1,,,70,"Sprühgeräte und Spritzgeräte",,,"https://lhagrarservicegmbh.de/wp-content/uploads/2026/04/q1-9.webp, https://lhagrarservicegmbh.de/wp-content/uploads/2026/04/q3-1.webp, https://lhagrarservicegmbh.de/wp-content/uploads/2026/04/q2-1.webp",,,,,,,,,0,
1755,simple,DV-RUCKENSPRITZE-MESTO-3552-MIT-6-BAR-12-L-LK,,"Rückenspritze Mesto 3552 mit 6 bar 12 l - Premium ID1755",1,0,visible,"Rückenspritze Mesto 3552 mit 6 bar 12 l - Premium ID1755 - Hochwertige Ausführung für optimale Ergebnisse im Garten.","<h3>Rückenspritze Mesto 3552 mit 6 bar 12 l - Premium ID1755</h3>\n<p>Entdecken Sie die professionelle Leistung dieses hochwertigen Gartenwerkzeugs. bietet dieses Gerät optimale Ergebnisse für anspruchsvolle Gartenarbeiten.</p>\n<p>Die einfache Öffnung des Häckselwerks ermöglicht eine schnelle und unkomplizierte Wartung des Rotors. Regelmäßige Wartung ist wichtig für die Langlebigkeit und Zuverlässigkeit des Geräts und stellt sicher, dass die Leistung über viele Jahre hinweg konstant bleibt.</p>\n<p>Dieses professionelle Gerät überzeugt durch seine robuste Bauweise und die durchdachten technischen Lösungen. Die Kombination aus hoher Leistung, intelligenter Steuerung und benutzerfreundlichem Design macht es zur idealen Wahl für anspruchsvolle Garten- und Landschaftspflegearbeiten.</p>\n<p><strong>Investieren Sie in Qualität und Professionalität - dieses hochwertige Sprühgeräte und Spritzgeräte überzeugt durch erstklassige Verarbeitung, innovative Technik und außergewöhnliche Zuverlässigkeit. Perfekt geeignet für anspruchsvolle Garten- und Landschaftspflegeprojekte, bei denen nur das Beste gut genug ist. Mit diesem Gerät sind Sie optimal ausgestattet für alle Herausforderungen moderner Gartenarbeit.</strong></p>",,,taxable,,1,13,,0,0,,,,,1,,,105,"Sprühgeräte und Spritzgeräte",,,"https://lhagrarservicegmbh.de/wp-content/uploads/2026/04/image.webp, https://lhagrarservicegmbh.de/wp-content/uploads/2026/04/image-1.webp, https://lhagrarservicegmbh.de/wp-content/uploads/2026/04/image-2.webp",,,,,,,,,0,
1759,simple,DV-GLORIA-AKKU-RUCKENSPRUHER-PRO-1200-LI-ON-SOLO-LK,,"Gloria Akku-Rückensprüher Pro 1200 li-on... - Premium ID1759",1,0,visible,"Gloria Akku-Rückensprüher Pro 1200 li-on Solo - Premium - Hochwertige Ausführung für optimale Ergebnisse im Garten.","<h3>Gloria Akku-Rückensprüher Pro 1200 li-on Solo - Premium</h3>\n<p>Entdecken Sie die professionelle Leistung dieses hochwertigen Gartenwerkzeugs. bietet dieses Gerät optimale Ergebnisse für anspruchsvolle Gartenarbeiten.</p>\n<p>Die einfache Öffnung des Häckselwerks ermöglicht eine schnelle und unkomplizierte Wartung des Rotors. Regelmäßige Wartung ist wichtig für die Langlebigkeit und Zuverlässigkeit des Geräts und stellt sicher, dass die Leistung über viele Jahre hinweg konstant bleibt.</p>\n<p>Dieses professionelle Gerät überzeugt durch seine robuste Bauweise und die durchdachten technischen Lösungen. Die Kombination aus hoher Leistung, intelligenter Steuerung und benutzerfreundlichem Design macht es zur idealen Wahl für anspruchsvolle Garten- und Landschaftspflegearbeiten.</p>\n<p><strong>Investieren Sie in Qualität und Professionalität - dieses hochwertige Sprühgeräte und Spritzgeräte überzeugt durch erstklassige Verarbeitung, innovative Technik und außergewöhnliche Zuverlässigkeit. Perfekt geeignet für anspruchsvolle Garten- und Landschaftspflegeprojekte, bei denen nur das Beste gut genug ist. Mit diesem Gerät sind Sie optimal ausgestattet für alle Herausforderungen moderner Gartenarbeit.</strong></p>",,,taxable,,1,14,,0,0,,,,,1,,,168,"Sprühgeräte und Spritzgeräte",,,"https://lhagrarservicegmbh.de/wp-content/uploads/2026/04/image-3.webp, https://lhagrarservicegmbh.de/wp-content/uploads/2026/04/image-4.webp, https://lhagrarservicegmbh.de/wp-content/uploads/2026/04/image-5.webp, https://lhagrarservicegmbh.de/wp-content/uploads/2026/04/image-6.webp, https://lhagrarservicegmbh.de/wp-content/uploads/2026/04/image-7.webp, https://lhagrarservicegmbh.de/wp-content/uploads/2026/04/image-8.webp",,,,,,,,,0,
1766,simple,DV-PROREGAL-TOMMY-AKKU-DRUCKSPRUHGERAT-16-LITER110-CM-SPRUHLANZELI-ION-BATTERIE-MIT-LADEGERAT-LK,,"PROREGAL TOMMY Akku Drucksprühgerät 16 - Premium ID1766",1,0,visible,"PROREGAL TOMMY Akku Drucksprühgerät 16 - Premium ID1766 - Hochwertige Ausführung für optimale Ergebnisse im Garten.","<h3>PROREGAL TOMMY Akku Drucksprühgerät 16 - Premium ID1766</h3>\n<p>Entdecken Sie die professionelle Leistung dieses hochwertigen Gartenwerkzeugs. bietet dieses Gerät optimale Ergebnisse für anspruchsvolle Gartenarbeiten.</p>\n<p>Die einfache Öffnung des Häckselwerks ermöglicht eine schnelle und unkomplizierte Wartung des Rotors. Regelmäßige Wartung ist wichtig für die Langlebigkeit und Zuverlässigkeit des Geräts und stellt sicher, dass die Leistung über viele Jahre hinweg konstant bleibt.</p>\n<p>Dieses professionelle Gerät überzeugt durch seine robuste Bauweise und die durchdachten technischen Lösungen. Die Kombination aus hoher Leistung, intelligenter Steuerung und benutzerfreundlichem Design macht es zur idealen Wahl für anspruchsvolle Garten- und Landschaftspflegearbeiten.</p>\n<p><strong>Investieren Sie in Qualität und Professionalität - dieses hochwertige Sprühgeräte und Spritzgeräte überzeugt durch erstklassige Verarbeitung, innovative Technik und außergewöhnliche Zuverlässigkeit. Perfekt geeignet für anspruchsvolle Garten- und Landschaftspflegeprojekte, bei denen nur das Beste gut genug ist. Mit diesem Gerät sind Sie optimal ausgestattet für alle Herausforderungen moderner Gartenarbeit.</strong></p>",,,taxable,,1,14,,0,0,,,,,1,,,181,"Sprühgeräte und Spritzgeräte",,,"https://lhagrarservicegmbh.de/wp-content/uploads/2026/04/XT9cEszxCf___2b843a6e6c5f01bb1fafa7f989e3ca2b.webp, https://lhagrarservicegmbh.de/wp-content/uploads/2026/04/ZtavdBqSJj___a2c703dc00c9e79b3842881bc97f72c2.webp",,,,,,,,,0,
1769,simple,DV-AGRI-FAB-HANDSTREUWAGEN-FUR-SALZ-DUNGER-60-KG-LK,,"Agri-Fab Handstreuwagen für Salz / Dünge... - Premium ID1769",1,0,visible,"Agri-Fab Handstreuwagen für Salz / Dünger, 60 kg - Premium - Hochwertige Ausführung für optimale Ergebnisse im Garten.","<h3>Agri-Fab Handstreuwagen für Salz / Dünger, 60 kg - Premium</h3>\n<p>Entdecken Sie die professionelle Leistung dieses hochwertigen Gartenwerkzeugs. bietet dieses Gerät optimale Ergebnisse für anspruchsvolle Gartenarbeiten.</p>\n<p>Die einfache Öffnung des Häckselwerks ermöglicht eine schnelle und unkomplizierte Wartung des Rotors. Regelmäßige Wartung ist wichtig für die Langlebigkeit und Zuverlässigkeit des Geräts und stellt sicher, dass die Leistung über viele Jahre hinweg konstant bleibt.</p>\n<p>Dieses professionelle Gerät überzeugt durch seine robuste Bauweise und die durchdachten technischen Lösungen. Die Kombination aus hoher Leistung, intelligenter Steuerung und benutzerfreundlichem Design macht es zur idealen Wahl für anspruchsvolle Garten- und Landschaftspflegearbeiten.</p>\n<p><strong>Investieren Sie in Qualität und Professionalität - dieses hochwertige Streugeräte überzeugt durch erstklassige Verarbeitung, innovative Technik und außergewöhnliche Zuverlässigkeit. Perfekt geeignet für anspruchsvolle Garten- und Landschaftspflegeprojekte, bei denen nur das Beste gut genug ist. Mit diesem Gerät sind Sie optimal ausgestattet für alle Herausforderungen moderner Gartenarbeit.</strong></p>",,,taxable,,1,12,,0,0,,,,,1,,,465.99,Streugeräte,,,https://lhagrarservicegmbh.de/wp-content/uploads/2026/04/a1-15.webp,,,,,,,,,0,
1771,simple,DV-ERCO-SCHLEUDERSTREUER-SP-340-FLEX-SELECT-LK,,"Erco Schleuderstreuer SP-340 Flex-Select - Premium ID1771",1,0,visible,"Erco Schleuderstreuer SP-340 Flex-Select - Premium ID1771 - Hochwertige Ausführung für optimale Ergebnisse im Garten.","<h3>Erco Schleuderstreuer SP-340 Flex-Select - Premium ID1771</h3>\n<p>Entdecken Sie die professionelle Leistung dieses hochwertigen Gartenwerkzeugs. bietet dieses Gerät optimale Ergebnisse für anspruchsvolle Gartenarbeiten.</p>\n<p>Die einfache Öffnung des Häckselwerks ermöglicht eine schnelle und unkomplizierte Wartung des Rotors. Regelmäßige Wartung ist wichtig für die Langlebigkeit und Zuverlässigkeit des Geräts und stellt sicher, dass die Leistung über viele Jahre hinweg konstant bleibt.</p>\n<p>Dieses professionelle Gerät überzeugt durch seine robuste Bauweise und die durchdachten technischen Lösungen. Die Kombination aus hoher Leistung, intelligenter Steuerung und benutzerfreundlichem Design macht es zur idealen Wahl für anspruchsvolle Garten- und Landschaftspflegearbeiten.</p>\n<p><strong>Investieren Sie in Qualität und Professionalität - dieses hochwertige Streugeräte überzeugt durch erstklassige Verarbeitung, innovative Technik und außergewöhnliche Zuverlässigkeit. Perfekt geeignet für anspruchsvolle Garten- und Landschaftspflegeprojekte, bei denen nur das Beste gut genug ist. Mit diesem Gerät sind Sie optimal ausgestattet für alle Herausforderungen moderner Gartenarbeit.</strong></p>",,,taxable,,1,14,,0,0,,,,,1,,428.3,494.0,Streugeräte,,,https://lhagrarservicegmbh.de/wp-content/uploads/2026/04/e1-11.webp,,,,,,,,,0,
1773,simple,DV-ERCO-KASTENSTREUER-KA-1100-LK,,"Erco Kastenstreuer KA-1100 - Premium ID1773",1,0,visible,"Erco Kastenstreuer KA-1100 - Premium ID1773 - Hochwertige Ausführung für optimale Ergebnisse im Garten.","<h3>Erco Kastenstreuer KA-1100 - Premium ID1773</h3>\n<p>Entdecken Sie die professionelle Leistung dieses hochwertigen Gartenwerkzeugs. bietet dieses Gerät optimale Ergebnisse für anspruchsvolle Gartenarbeiten.</p>\n<p>Die einfache Öffnung des Häckselwerks ermöglicht eine schnelle und unkomplizierte Wartung des Rotors. Regelmäßige Wartung ist wichtig für die Langlebigkeit und Zuverlässigkeit des Geräts und stellt sicher, dass die Leistung über viele Jahre hinweg konstant bleibt.</p>\n<p>Dieses professionelle Gerät überzeugt durch seine robuste Bauweise und die durchdachten technischen Lösungen. Die Kombination aus hoher Leistung, intelligenter Steuerung und benutzerfreundlichem Design macht es zur idealen Wahl für anspruchsvolle Garten- und Landschaftspflegearbeiten.</p>\n<p><strong>Investieren Sie in Qualität und Professionalität - dieses hochwertige Streugeräte überzeugt durch erstklassige Verarbeitung, innovative Technik und außergewöhnliche Zuverlässigkeit. Perfekt geeignet für anspruchsvolle Garten- und Landschaftspflegeprojekte, bei denen nur das Beste gut genug ist. Mit diesem Gerät sind Sie optimal ausgestattet für alle Herausforderungen moderner Gartenarbeit.</strong></p>",,,taxable,,1,15,,0,0,,,,,1,,,1274.52,Streugeräte,,,https://lhagrarservicegmbh.de/wp-content/uploads/2026/04/r1-15.webp,,,,,,,,,0,
1775,simple,DV-MTD-ANHANGESTREUER-175LB-80-KG-VORFUHRER-LK,,"MTD Anhängestreuer 175LB 80 kg Vorführer - Premium ID1775",1,0,visible,"MTD Anhängestreuer 175LB 80 kg Vorführer - Premium ID1775 - Hochwertige Ausführung für optimale Ergebnisse im Garten.","<h3>MTD Anhängestreuer 175LB 80 kg Vorführer - Premium ID1775</h3>\n<p>Entdecken Sie die professionelle Leistung dieses hochwertigen Gartenwerkzeugs. bietet dieses Gerät optimale Ergebnisse für anspruchsvolle Gartenarbeiten.</p>\n<p>Durch seine praktisches Gewicht von 80 kg zeichnet sich dieses Modell besonders aus. Die durchdachte Konstruktion ermöglicht effiziente Arbeitsabläufe und professionelle Ergebnisse.</p>\n<p>Die einfache Öffnung des Häckselwerks ermöglicht eine schnelle und unkomplizierte Wartung des Rotors. Regelmäßige Wartung ist wichtig für die Langlebigkeit und Zuverlässigkeit des Geräts und stellt sicher, dass die Leistung über viele Jahre hinweg konstant bleibt.</p>\n<p>Dieses professionelle Gerät überzeugt durch seine robuste Bauweise und die durchdachten technischen Lösungen. Die Kombination aus hoher Leistung, intelligenter Steuerung und benutzerfreundlichem Design macht es zur idealen Wahl für anspruchsvolle Garten- und Landschaftspflegearbeiten.</p>\n<h4>Technische Highlights:</h4>\n<ul>\n  <li><strong>Gewicht:</strong> 80 kg - Ausgewogenes Verhältnis von Stabilität und Mobilität</li>\n</ul>\n<p><strong>Investieren Sie in Qualität und Professionalität - dieses hochwertige Streugeräte überzeugt durch erstklassige Verarbeitung, innovative Technik und außergewöhnliche Zuverlässigkeit. Perfekt geeignet für anspruchsvolle Garten- und Landschaftspflegeprojekte, bei denen nur das Beste gut genug ist. Mit diesem Gerät sind Sie optimal ausgestattet für alle Herausforderungen moderner Gartenarbeit.</strong></p>",,,taxable,,1,13,,0,0,,,,,1,,,372,Streugeräte,,,https://lhagrarservicegmbh.de/wp-content/uploads/2026/04/t1-12.webp,,,,,,,,,0,
1777,simple,DV-STIGA-SALZ-UND-DUNGERSTREUER-LK,,"STIGA Salz- und Düngerstreuer - Premium ID1777",1,0,visible,"STIGA Salz- und Düngerstreuer - Premium ID1777 - Hochwertige Ausführung für optimale Ergebnisse im Garten.","<h3>STIGA Salz- und Düngerstreuer - Premium ID1777</h3>\n<p>Entdecken Sie die professionelle Leistung dieses hochwertigen Gartenwerkzeugs. bietet dieses Gerät optimale Ergebnisse für anspruchsvolle Gartenarbeiten.</p>\n<p>Die einfache Öffnung des Häckselwerks ermöglicht eine schnelle und unkomplizierte Wartung des Rotors. Regelmäßige Wartung ist wichtig für die Langlebigkeit und Zuverlässigkeit des Geräts und stellt sicher, dass die Leistung über viele Jahre hinweg konstant bleibt.</p>\n<p>Dieses professionelle Gerät überzeugt durch seine robuste Bauweise und die durchdachten technischen Lösungen. Die Kombination aus hoher Leistung, intelligenter Steuerung und benutzerfreundlichem Design macht es zur idealen Wahl für anspruchsvolle Garten- und Landschaftspflegearbeiten.</p>\n<p><strong>Investieren Sie in Qualität und Professionalität - dieses hochwertige Streugeräte überzeugt durch erstklassige Verarbeitung, innovative Technik und außergewöhnliche Zuverlässigkeit. Perfekt geeignet für anspruchsvolle Garten- und Landschaftspflegeprojekte, bei denen nur das Beste gut genug ist. Mit diesem Gerät sind Sie optimal ausgestattet für alle Herausforderungen moderner Gartenarbeit.</strong></p>",,,taxable,,1,13,,0,0,,,,,1,,,254,Streugeräte,,,https://lhagrarservicegmbh.de/wp-content/uploads/2026/04/y1-11.webp,,,,,,,,,0,
1779,simple,DV-STIGA-SPLITT-ANHANGERSTREUER-LK,,"STIGA Splitt Anhängerstreuer - Premium ID1779",1,0,visible,"STIGA Splitt Anhängerstreuer - Premium ID1779 - Hochwertige Ausführung für optimale Ergebnisse im Garten.","<h3>STIGA Splitt Anhängerstreuer - Premium ID1779</h3>\n<p>Entdecken Sie die professionelle Leistung dieses hochwertigen Gartenwerkzeugs. bietet dieses Gerät optimale Ergebnisse für anspruchsvolle Gartenarbeiten.</p>\n<p>Durch seine praktisches Gewicht von 50 kg zeichnet sich dieses Modell besonders aus. Die durchdachte Konstruktion ermöglicht effiziente Arbeitsabläufe und professionelle Ergebnisse.</p>\n<p>Die einfache Öffnung des Häckselwerks ermöglicht eine schnelle und unkomplizierte Wartung des Rotors. Regelmäßige Wartung ist wichtig für die Langlebigkeit und Zuverlässigkeit des Geräts und stellt sicher, dass die Leistung über viele Jahre hinweg konstant bleibt.</p>\n<p>Dieses professionelle Gerät überzeugt durch seine robuste Bauweise und die durchdachten technischen Lösungen. Die Kombination aus hoher Leistung, intelligenter Steuerung und benutzerfreundlichem Design macht es zur idealen Wahl für anspruchsvolle Garten- und Landschaftspflegearbeiten.</p>\n<h4>Technische Highlights:</h4>\n<ul>\n  <li><strong>Gewicht:</strong> 50 kg - Ausgewogenes Verhältnis von Stabilität und Mobilität</li>\n</ul>\n<p><strong>Investieren Sie in Qualität und Professionalität - dieses hochwertige Streugeräte überzeugt durch erstklassige Verarbeitung, innovative Technik und außergewöhnliche Zuverlässigkeit. Perfekt geeignet für anspruchsvolle Garten- und Landschaftspflegeprojekte, bei denen nur das Beste gut genug ist. Mit diesem Gerät sind Sie optimal ausgestattet für alle Herausforderungen moderner Gartenarbeit.</strong></p>",,,taxable,,1,11,,0,0,,,,,1,,1300.0,1392.3,Streugeräte,,,https://lhagrarservicegmbh.de/wp-content/uploads/2026/04/u1-11.webp,,,,,,,,,0,
1781,simple,DV-TIELBURGER-KASTENSTREUER-TM320-INKL-SCHUBGESTANGE-FUR-HANDBETRIEB-LK,,"tielbürger Kastenstreuer tm320 – inkl. - Premium ID1781",1,0,visible,"tielbürger Kastenstreuer tm320 – inkl. - Premium ID1781 - Hochwertige Ausführung für optimale Ergebnisse im Garten.","<h3>tielbürger Kastenstreuer tm320 – inkl. - Premium ID1781</h3>\n<p>Entdecken Sie die professionelle Leistung dieses hochwertigen Gartenwerkzeugs. bietet dieses Gerät optimale Ergebnisse für anspruchsvolle Gartenarbeiten.</p>\n<p>Die einfache Öffnung des Häckselwerks ermöglicht eine schnelle und unkomplizierte Wartung des Rotors. Regelmäßige Wartung ist wichtig für die Langlebigkeit und Zuverlässigkeit des Geräts und stellt sicher, dass die Leistung über viele Jahre hinweg konstant bleibt.</p>\n<p>Dieses professionelle Gerät überzeugt durch seine robuste Bauweise und die durchdachten technischen Lösungen. Die Kombination aus hoher Leistung, intelligenter Steuerung und benutzerfreundlichem Design macht es zur idealen Wahl für anspruchsvolle Garten- und Landschaftspflegearbeiten.</p>\n<p><strong>Investieren Sie in Qualität und Professionalität - dieses hochwertige Streugeräte überzeugt durch erstklassige Verarbeitung, innovative Technik und außergewöhnliche Zuverlässigkeit. Perfekt geeignet für anspruchsvolle Garten- und Landschaftspflegeprojekte, bei denen nur das Beste gut genug ist. Mit diesem Gerät sind Sie optimal ausgestattet für alle Herausforderungen moderner Gartenarbeit.</strong></p>",,,taxable,,1,12,,0,0,,,,,1,,,1191.84,Streugeräte,,,https://lhagrarservicegmbh.de/wp-content/uploads/2026/04/i1-9.webp,,,,,,,,,0,
1783,simple,DV-TEXAS-STREUGERAT-SMART-SPREADER-100-LK,,"Texas Streugerät Smart Spreader 100 - Premium ID1783",1,0,visible,"Texas Streugerät Smart Spreader 100 - Premium ID1783 - Hochwertige Ausführung für optimale Ergebnisse im Garten.","<h3>Texas Streugerät Smart Spreader 100 - Premium ID1783</h3>\n<p>Entdecken Sie die professionelle Leistung dieses hochwertigen Gartenwerkzeugs. bietet dieses Gerät optimale Ergebnisse für anspruchsvolle Gartenarbeiten.</p>\n<p>Die einfache Öffnung des Häckselwerks ermöglicht eine schnelle und unkomplizierte Wartung des Rotors. Regelmäßige Wartung ist wichtig für die Langlebigkeit und Zuverlässigkeit des Geräts und stellt sicher, dass die Leistung über viele Jahre hinweg konstant bleibt.</p>\n<p>Dieses professionelle Gerät überzeugt durch seine robuste Bauweise und die durchdachten technischen Lösungen. Die Kombination aus hoher Leistung, intelligenter Steuerung und benutzerfreundlichem Design macht es zur idealen Wahl für anspruchsvolle Garten- und Landschaftspflegearbeiten.</p>\n<p><strong>Investieren Sie in Qualität und Professionalität - dieses hochwertige Streugeräte überzeugt durch erstklassige Verarbeitung, innovative Technik und außergewöhnliche Zuverlässigkeit. Perfekt geeignet für anspruchsvolle Garten- und Landschaftspflegeprojekte, bei denen nur das Beste gut genug ist. Mit diesem Gerät sind Sie optimal ausgestattet für alle Herausforderungen moderner Gartenarbeit.</strong></p>",,,taxable,,1,13,,0,0,,,,,1,,,32,Streugeräte,,,"https://lhagrarservicegmbh.de/wp-content/uploads/2026/04/p1-9.webp, https://lhagrarservicegmbh.de/wp-content/uploads/2026/04/p2-1.webp, https://lhagrarservicegmbh.de/wp-content/uploads/2026/04/p3-1.webp, https://lhagrarservicegmbh.de/wp-content/uploads/2026/04/p4-1.webp, https://lhagrarservicegmbh.de/wp-content/uploads/2026/04/p5-1.webp",,,,,,,,,0,
1789,simple,DV-GARDENA-HANDSTREUER-M-INKL-HANDSCHUHE-LK,,"Gardena Handstreuer M inkl. Handschuhe - Premium ID1789",1,0,visible,"Gardena Handstreuer M inkl. Handschuhe - Premium ID1789 - Hochwertige Ausführung für optimale Ergebnisse im Garten.","<h3>Gardena Handstreuer M inkl. Handschuhe - Premium ID1789</h3>\n<p>Entdecken Sie die professionelle Leistung dieses hochwertigen Gartenwerkzeugs. bietet dieses Gerät optimale Ergebnisse für anspruchsvolle Gartenarbeiten.</p>\n<p>Die einfache Öffnung des Häckselwerks ermöglicht eine schnelle und unkomplizierte Wartung des Rotors. Regelmäßige Wartung ist wichtig für die Langlebigkeit und Zuverlässigkeit des Geräts und stellt sicher, dass die Leistung über viele Jahre hinweg konstant bleibt.</p>\n<p>Dieses professionelle Gerät überzeugt durch seine robuste Bauweise und die durchdachten technischen Lösungen. Die Kombination aus hoher Leistung, intelligenter Steuerung und benutzerfreundlichem Design macht es zur idealen Wahl für anspruchsvolle Garten- und Landschaftspflegearbeiten.</p>\n<p><strong>Investieren Sie in Qualität und Professionalität - dieses hochwertige Streugeräte überzeugt durch erstklassige Verarbeitung, innovative Technik und außergewöhnliche Zuverlässigkeit. Perfekt geeignet für anspruchsvolle Garten- und Landschaftspflegeprojekte, bei denen nur das Beste gut genug ist. Mit diesem Gerät sind Sie optimal ausgestattet für alle Herausforderungen moderner Gartenarbeit.</strong></p>",,,taxable,,1,13,,0,0,,,,,1,,,25,Streugeräte,,,"https://lhagrarservicegmbh.de/wp-content/uploads/2026/04/q1-10.webp, https://lhagrarservicegmbh.de/wp-content/uploads/2026/04/q2-2.webp, https://lhagrarservicegmbh.de/wp-content/uploads/2026/04/q3-3.webp, https://lhagrarservicegmbh.de/wp-content/uploads/2026/04/q4.webp, https://lhagrarservicegmbh.de/wp-content/uploads/2026/04/q5.webp, https://lhagrarservicegmbh.de/wp-content/uploads/2026/04/q6.webp",,,,,,,,,0,
1796,simple,DV-SOLO-GRANULATSTREUER-421-CLASSIC-9-L-LK,,"Solo Granulatstreuer 421 Classic 9 l - Premium ID1796",1,0,visible,"Solo Granulatstreuer 421 Classic 9 l - Premium ID1796 - Hochwertige Ausführung für optimale Ergebnisse im Garten.","<h3>Solo Granulatstreuer 421 Classic 9 l - Premium ID1796</h3>\n<p>Entdecken Sie die professionelle Leistung dieses hochwertigen Gartenwerkzeugs. bietet dieses Gerät optimale Ergebnisse für anspruchsvolle Gartenarbeiten.</p>\n<p>Die einfache Öffnung des Häckselwerks ermöglicht eine schnelle und unkomplizierte Wartung des Rotors. Regelmäßige Wartung ist wichtig für die Langlebigkeit und Zuverlässigkeit des Geräts und stellt sicher, dass die Leistung über viele Jahre hinweg konstant bleibt.</p>\n<p>Dieses professionelle Gerät überzeugt durch seine robuste Bauweise und die durchdachten technischen Lösungen. Die Kombination aus hoher Leistung, intelligenter Steuerung und benutzerfreundlichem Design macht es zur idealen Wahl für anspruchsvolle Garten- und Landschaftspflegearbeiten.</p>\n<p><strong>Investieren Sie in Qualität und Professionalität - dieses hochwertige Streugeräte überzeugt durch erstklassige Verarbeitung, innovative Technik und außergewöhnliche Zuverlässigkeit. Perfekt geeignet für anspruchsvolle Garten- und Landschaftspflegeprojekte, bei denen nur das Beste gut genug ist. Mit diesem Gerät sind Sie optimal ausgestattet für alle Herausforderungen moderner Gartenarbeit.</strong></p>",,,taxable,,1,13,,0,0,,,,,1,,,93,Streugeräte,,,"https://lhagrarservicegmbh.de/wp-content/uploads/2026/04/image-10.webp, https://lhagrarservicegmbh.de/wp-content/uploads/2026/04/image-9.webp",,,,,,,,,0,
1799,simple,DV-SONNECK-STREUWAGEN-SNOWMASTER-LK,,"Sonneck Streuwagen Snowmaster - Premium ID1799",1,0,visible,"Sonneck Streuwagen Snowmaster - Premium ID1799 - Hochwertige Ausführung für optimale Ergebnisse im Garten.","<h3>Sonneck Streuwagen Snowmaster - Premium ID1799</h3>\n<p>Entdecken Sie die professionelle Leistung dieses hochwertigen Gartenwerkzeugs. bietet dieses Gerät optimale Ergebnisse für anspruchsvolle Gartenarbeiten.</p>\n<p>Die einfache Öffnung des Häckselwerks ermöglicht eine schnelle und unkomplizierte Wartung des Rotors. Regelmäßige Wartung ist wichtig für die Langlebigkeit und Zuverlässigkeit des Geräts und stellt sicher, dass die Leistung über viele Jahre hinweg konstant bleibt.</p>\n<p>Dieses professionelle Gerät überzeugt durch seine robuste Bauweise und die durchdachten technischen Lösungen. Die Kombination aus hoher Leistung, intelligenter Steuerung und benutzerfreundlichem Design macht es zur idealen Wahl für anspruchsvolle Garten- und Landschaftspflegearbeiten.</p>\n<p><strong>Investieren Sie in Qualität und Professionalität - dieses hochwertige Streugeräte überzeugt durch erstklassige Verarbeitung, innovative Technik und außergewöhnliche Zuverlässigkeit. Perfekt geeignet für anspruchsvolle Garten- und Landschaftspflegeprojekte, bei denen nur das Beste gut genug ist. Mit diesem Gerät sind Sie optimal ausgestattet für alle Herausforderungen moderner Gartenarbeit.</strong></p>",,,taxable,,1,14,,0,0,,,,,1,,,81,Streugeräte,,,"https://lhagrarservicegmbh.de/wp-content/uploads/2026/04/image-11.webp, https://lhagrarservicegmbh.de/wp-content/uploads/2026/04/image-12.webp",,,,,,,,,0,
1802,simple,DV-WOLF-GARTEN-SCHLAUCHWAGEN-WS-80-Z-LK,,"WOLF-Garten Schlauchwagen WS 80 Z - Premium ID1802",1,0,visible,"WOLF-Garten Schlauchwagen WS 80 Z - Premium ID1802 - Hochwertige Ausführung für optimale Ergebnisse im Garten.","<h3>WOLF-Garten Schlauchwagen WS 80 Z - Premium ID1802</h3>\n<p>Entdecken Sie die professionelle Leistung dieses hochwertigen Gartenwerkzeugs. bietet dieses Gerät optimale Ergebnisse für anspruchsvolle Gartenarbeiten.</p>\n<p>Die einfache Öffnung des Häckselwerks ermöglicht eine schnelle und unkomplizierte Wartung des Rotors. Regelmäßige Wartung ist wichtig für die Langlebigkeit und Zuverlässigkeit des Geräts und stellt sicher, dass die Leistung über viele Jahre hinweg konstant bleibt.</p>\n<p>Dieses professionelle Gerät überzeugt durch seine robuste Bauweise und die durchdachten technischen Lösungen. Die Kombination aus hoher Leistung, intelligenter Steuerung und benutzerfreundlichem Design macht es zur idealen Wahl für anspruchsvolle Garten- und Landschaftspflegearbeiten.</p>\n<p><strong>Investieren Sie in Qualität und Professionalität - dieses hochwertige Streugeräte überzeugt durch erstklassige Verarbeitung, innovative Technik und außergewöhnliche Zuverlässigkeit. Perfekt geeignet für anspruchsvolle Garten- und Landschaftspflegeprojekte, bei denen nur das Beste gut genug ist. Mit diesem Gerät sind Sie optimal ausgestattet für alle Herausforderungen moderner Gartenarbeit.</strong></p>",,,taxable,,1,14,,0,0,,,,,1,,,145,Streugeräte,,,https://lhagrarservicegmbh.de/wp-content/uploads/2026/04/wolf-garten-ws-80-z-glanzverzinkt-dauerhaft-rostgeschuetzt.webp,,,,,,,,,0,
1887,simple,DV-STIGA-BENZIN-VERTIKUTIERER-SVP-40-G-LK,,"Stiga Benzin-Vertikutierer SVP 40 G - Premium ID1887",1,0,visible,"Stiga Benzin-Vertikutierer SVP 40 G - Premium ID1887 - Hochwertige Ausführung für optimale Ergebnisse im Garten.","<h3>Stiga Benzin-Vertikutierer SVP 40 G - Premium ID1887</h3>\n<p>Entdecken Sie die professionelle Leistung dieses hochwertigen Gartenwerkzeugs. mit 4 kW Leistung bietet dieses Gerät optimale Ergebnisse für anspruchsvolle Gartenarbeiten.</p>\n<p>Die einfache Öffnung des Häckselwerks ermöglicht eine schnelle und unkomplizierte Wartung des Rotors. Regelmäßige Wartung ist wichtig für die Langlebigkeit und Zuverlässigkeit des Geräts und stellt sicher, dass die Leistung über viele Jahre hinweg konstant bleibt.</p>\n<p>Dieses professionelle Gerät überzeugt durch seine robuste Bauweise und die durchdachten technischen Lösungen. Die Kombination aus hoher Leistung, intelligenter Steuerung und benutzerfreundlichem Design macht es zur idealen Wahl für anspruchsvolle Garten- und Landschaftspflegearbeiten.</p>\n<h4>Technische Highlights:</h4>\n<ul>\n  <li><strong>Leistung:</strong> 4 kW - Optimale Power für professionelle Anwendungen</li>\n</ul>\n<p><strong>Investieren Sie in Qualität und Professionalität - dieses hochwertige Vertikutierer überzeugt durch erstklassige Verarbeitung, innovative Technik und außergewöhnliche Zuverlässigkeit. Perfekt geeignet für anspruchsvolle Garten- und Landschaftspflegeprojekte, bei denen nur das Beste gut genug ist. Mit diesem Gerät sind Sie optimal ausgestattet für alle Herausforderungen moderner Gartenarbeit.</strong></p>",,,taxable,,1,13,,0,0,,,,,1,,,419,Vertikutierer,,,"https://lhagrarservicegmbh.de/wp-content/uploads/2026/04/a1.webp, https://lhagrarservicegmbh.de/wp-content/uploads/2026/04/a2-2.webp, https://lhagrarservicegmbh.de/wp-content/uploads/2026/04/a3-2.webp, https://lhagrarservicegmbh.de/wp-content/uploads/2026/04/a4.webp, https://lhagrarservicegmbh.de/wp-content/uploads/2026/04/a5.webp, https://lhagrarservicegmbh.de/wp-content/uploads/2026/04/a6.webp, https://lhagrarservicegmbh.de/wp-content/uploads/2026/04/a7.webp, https://lhagrarservicegmbh.de/wp-content/uploads/2026/04/a8.webp",,,,,,,,,0,
1896,simple,DV-EINHELL-BENZIN-VERTIKUTIERER-GC-SC-4240-P-MIT-18-STAHLMESSERN-42-KW-LK,,"Einhell Benzin-Vertikutierer GC-SC 4240 P - Premium ID1896",1,0,visible,"Einhell Benzin-Vertikutierer GC-SC 4240 P - Premium ID1896 - Hochwertige Ausführung für optimale Ergebnisse im Garten.","<h3>Einhell Benzin-Vertikutierer GC-SC 4240 P - Premium ID1896</h3>\n<p>Entdecken Sie die professionelle Leistung dieses hochwertigen Gartenwerkzeugs. bietet dieses Gerät optimale Ergebnisse für anspruchsvolle Gartenarbeiten.</p>\n<p>Die einfache Öffnung des Häckselwerks ermöglicht eine schnelle und unkomplizierte Wartung des Rotors. Regelmäßige Wartung ist wichtig für die Langlebigkeit und Zuverlässigkeit des Geräts und stellt sicher, dass die Leistung über viele Jahre hinweg konstant bleibt.</p>\n<p>Dieses professionelle Gerät überzeugt durch seine robuste Bauweise und die durchdachten technischen Lösungen. Die Kombination aus hoher Leistung, intelligenter Steuerung und benutzerfreundlichem Design macht es zur idealen Wahl für anspruchsvolle Garten- und Landschaftspflegearbeiten.</p>\n<p><strong>Investieren Sie in Qualität und Professionalität - dieses hochwertige Vertikutierer überzeugt durch erstklassige Verarbeitung, innovative Technik und außergewöhnliche Zuverlässigkeit. Perfekt geeignet für anspruchsvolle Garten- und Landschaftspflegeprojekte, bei denen nur das Beste gut genug ist. Mit diesem Gerät sind Sie optimal ausgestattet für alle Herausforderungen moderner Gartenarbeit.</strong></p>",,,taxable,,1,13,,0,0,,,,,1,,280.0,339.0,Vertikutierer,,,"https://lhagrarservicegmbh.de/wp-content/uploads/2026/04/z1-1.webp, https://lhagrarservicegmbh.de/wp-content/uploads/2026/04/z2-2.webp, https://lhagrarservicegmbh.de/wp-content/uploads/2026/04/z3-1.webp, https://lhagrarservicegmbh.de/wp-content/uploads/2026/04/z4-1.webp, https://lhagrarservicegmbh.de/wp-content/uploads/2026/04/z5-1.webp, https://lhagrarservicegmbh.de/wp-content/uploads/2026/04/z6-1.webp, https://lhagrarservicegmbh.de/wp-content/uploads/2026/04/z7-1.webp",,,,,,,,,0,
1904,simple,DV-EINHELL-AKKU-VERTIKUTIERER-LUFTER-GE-SA-36-35-LI-SOLO-LK,,"Einhell Akku-Vertikutierer-Lüfter GE-SA - Premium ID1904",1,0,visible,"Einhell Akku-Vertikutierer-Lüfter GE-SA - Premium ID1904 - Hochwertige Ausführung für optimale Ergebnisse im Garten.","<h3>Einhell Akku-Vertikutierer-Lüfter GE-SA - Premium ID1904</h3>\n<p>Entdecken Sie die professionelle Leistung dieses hochwertigen Gartenwerkzeugs. bietet dieses Gerät optimale Ergebnisse für anspruchsvolle Gartenarbeiten.</p>\n<p>Die einfache Öffnung des Häckselwerks ermöglicht eine schnelle und unkomplizierte Wartung des Rotors. Regelmäßige Wartung ist wichtig für die Langlebigkeit und Zuverlässigkeit des Geräts und stellt sicher, dass die Leistung über viele Jahre hinweg konstant bleibt.</p>\n<p>Dieses professionelle Gerät überzeugt durch seine robuste Bauweise und die durchdachten technischen Lösungen. Die Kombination aus hoher Leistung, intelligenter Steuerung und benutzerfreundlichem Design macht es zur idealen Wahl für anspruchsvolle Garten- und Landschaftspflegearbeiten.</p>\n<p><strong>Investieren Sie in Qualität und Professionalität - dieses hochwertige Vertikutierer überzeugt durch erstklassige Verarbeitung, innovative Technik und außergewöhnliche Zuverlässigkeit. Perfekt geeignet für anspruchsvolle Garten- und Landschaftspflegeprojekte, bei denen nur das Beste gut genug ist. Mit diesem Gerät sind Sie optimal ausgestattet für alle Herausforderungen moderner Gartenarbeit.</strong></p>",,,taxable,,1,14,,0,0,,,,,1,,,229,Vertikutierer,,,"https://lhagrarservicegmbh.de/wp-content/uploads/2026/04/e1-2.webp, https://lhagrarservicegmbh.de/wp-content/uploads/2026/04/e4-3.webp, https://lhagrarservicegmbh.de/wp-content/uploads/2026/04/e5-3.webp, https://lhagrarservicegmbh.de/wp-content/uploads/2026/04/e6-2.webp, https://lhagrarservicegmbh.de/wp-content/uploads/2026/04/e7-2.webp, https://lhagrarservicegmbh.de/wp-content/uploads/2026/04/e8-1.webp, https://lhagrarservicegmbh.de/wp-content/uploads/2026/04/e9.webp",,,,,,,,,0,
1912,simple,DV-HYUNDAI-ELEKTRO-VERTIKUTIERER-SC3601E-1-500-W-36-CM-LK,,"Hyundai Elektro-Vertikutierer SC3601E - Premium ID1912",1,0,visible,"Hyundai Elektro-Vertikutierer SC3601E - Premium ID1912 - Hochwertige Ausführung für optimale Ergebnisse im Garten.","<h3>Hyundai Elektro-Vertikutierer SC3601E - Premium ID1912</h3>\n<p>Entdecken Sie die professionelle Leistung dieses hochwertigen Gartenwerkzeugs. bietet dieses Gerät optimale Ergebnisse für anspruchsvolle Gartenarbeiten.</p>\n<p>Die einfache Öffnung des Häckselwerks ermöglicht eine schnelle und unkomplizierte Wartung des Rotors. Regelmäßige Wartung ist wichtig für die Langlebigkeit und Zuverlässigkeit des Geräts und stellt sicher, dass die Leistung über viele Jahre hinweg konstant bleibt.</p>\n<p>Dieses professionelle Gerät überzeugt durch seine robuste Bauweise und die durchdachten technischen Lösungen. Die Kombination aus hoher Leistung, intelligenter Steuerung und benutzerfreundlichem Design macht es zur idealen Wahl für anspruchsvolle Garten- und Landschaftspflegearbeiten.</p>\n<p><strong>Investieren Sie in Qualität und Professionalität - dieses hochwertige Vertikutierer überzeugt durch erstklassige Verarbeitung, innovative Technik und außergewöhnliche Zuverlässigkeit. Perfekt geeignet für anspruchsvolle Garten- und Landschaftspflegeprojekte, bei denen nur das Beste gut genug ist. Mit diesem Gerät sind Sie optimal ausgestattet für alle Herausforderungen moderner Gartenarbeit.</strong></p>",,,taxable,,1,13,,0,0,,,,,1,,,119,Vertikutierer,,,"https://lhagrarservicegmbh.de/wp-content/uploads/2026/04/r1-2.webp, https://lhagrarservicegmbh.de/wp-content/uploads/2026/04/r2-2.webp, https://lhagrarservicegmbh.de/wp-content/uploads/2026/04/r3-2.webp, https://lhagrarservicegmbh.de/wp-content/uploads/2026/04/r4.webp, https://lhagrarservicegmbh.de/wp-content/uploads/2026/04/r5.webp",,,,,,,,,0,
1918,simple,DV-MAKITA-AKKU-VERTIKUTIERER-DUV320Z-LK,,"Makita Akku-Vertikutierer DUV320Z - Premium ID1918",1,0,visible,"Makita Akku-Vertikutierer DUV320Z - Premium ID1918 - Hochwertige Ausführung für optimale Ergebnisse im Garten.","<h3>Makita Akku-Vertikutierer DUV320Z - Premium ID1918</h3>\n<p>Entdecken Sie die professionelle Leistung dieses hochwertigen Gartenwerkzeugs. bietet dieses Gerät optimale Ergebnisse für anspruchsvolle Gartenarbeiten.</p>\n<p>Die einfache Öffnung des Häckselwerks ermöglicht eine schnelle und unkomplizierte Wartung des Rotors. Regelmäßige Wartung ist wichtig für die Langlebigkeit und Zuverlässigkeit des Geräts und stellt sicher, dass die Leistung über viele Jahre hinweg konstant bleibt.</p>\n<p>Dieses professionelle Gerät überzeugt durch seine robuste Bauweise und die durchdachten technischen Lösungen. Die Kombination aus hoher Leistung, intelligenter Steuerung und benutzerfreundlichem Design macht es zur idealen Wahl für anspruchsvolle Garten- und Landschaftspflegearbeiten.</p>\n<p><strong>Investieren Sie in Qualität und Professionalität - dieses hochwertige Vertikutierer überzeugt durch erstklassige Verarbeitung, innovative Technik und außergewöhnliche Zuverlässigkeit. Perfekt geeignet für anspruchsvolle Garten- und Landschaftspflegeprojekte, bei denen nur das Beste gut genug ist. Mit diesem Gerät sind Sie optimal ausgestattet für alle Herausforderungen moderner Gartenarbeit.</strong></p>",,,taxable,,1,12,,0,0,,,,,1,,,201,Vertikutierer,,,"https://lhagrarservicegmbh.de/wp-content/uploads/2026/04/t1-1.webp, https://lhagrarservicegmbh.de/wp-content/uploads/2026/04/t2-2.webp, https://lhagrarservicegmbh.de/wp-content/uploads/2026/04/t3-2.webp, https://lhagrarservicegmbh.de/wp-content/uploads/2026/04/t4-2.webp, https://lhagrarservicegmbh.de/wp-content/uploads/2026/04/t5-2.webp, https://lhagrarservicegmbh.de/wp-content/uploads/2026/04/t6-1.webp, https://lhagrarservicegmbh.de/wp-content/uploads/2026/04/t7.webp, https://lhagrarservicegmbh.de/wp-content/uploads/2026/04/t8.webp",,,,,,,,,0,
1927,simple,DV-MTD-VERTIKUTIERER-OPTIMA-35-VO-LK,,"MTD Vertikutierer Optima 35 VO - Premium ID1927",1,0,visible,"MTD Vertikutierer Optima 35 VO - Premium ID1927 - Hochwertige Ausführung für optimale Ergebnisse im Garten.","<h3>MTD Vertikutierer Optima 35 VO - Premium ID1927</h3>\n<p>Entdecken Sie die professionelle Leistung dieses hochwertigen Gartenwerkzeugs. bietet dieses Gerät optimale Ergebnisse für anspruchsvolle Gartenarbeiten.</p>\n<p>Die einfache Öffnung des Häckselwerks ermöglicht eine schnelle und unkomplizierte Wartung des Rotors. Regelmäßige Wartung ist wichtig für die Langlebigkeit und Zuverlässigkeit des Geräts und stellt sicher, dass die Leistung über viele Jahre hinweg konstant bleibt.</p>\n<p>Dieses professionelle Gerät überzeugt durch seine robuste Bauweise und die durchdachten technischen Lösungen. Die Kombination aus hoher Leistung, intelligenter Steuerung und benutzerfreundlichem Design macht es zur idealen Wahl für anspruchsvolle Garten- und Landschaftspflegearbeiten.</p>\n<p><strong>Investieren Sie in Qualität und Professionalität - dieses hochwertige Vertikutierer überzeugt durch erstklassige Verarbeitung, innovative Technik und außergewöhnliche Zuverlässigkeit. Perfekt geeignet für anspruchsvolle Garten- und Landschaftspflegeprojekte, bei denen nur das Beste gut genug ist. Mit diesem Gerät sind Sie optimal ausgestattet für alle Herausforderungen moderner Gartenarbeit.</strong></p>",,,taxable,,1,14,,0,0,,,,,1,,365.25,375.25,Vertikutierer,,,"https://lhagrarservicegmbh.de/wp-content/uploads/2026/04/y1-1.webp, https://lhagrarservicegmbh.de/wp-content/uploads/2026/04/y2-3.webp, https://lhagrarservicegmbh.de/wp-content/uploads/2026/04/y3-1.webp, https://lhagrarservicegmbh.de/wp-content/uploads/2026/04/y4-1.webp, https://lhagrarservicegmbh.de/wp-content/uploads/2026/04/y5-1.webp, https://lhagrarservicegmbh.de/wp-content/uploads/2026/04/y6.webp, https://lhagrarservicegmbh.de/wp-content/uploads/2026/04/y7.webp, https://lhagrarservicegmbh.de/wp-content/uploads/2026/04/y8.webp",,,,,,,,,0,
1936,simple,DV-TEXAS-BENZIN-VERTIKUTIERER-PRO-CUT-400TG-LK,,"Texas Benzin-Vertikutierer Pro Cut 400TG - Premium ID1936",1,0,visible,"Texas Benzin-Vertikutierer Pro Cut 400TG - Premium ID1936 - Hochwertige Ausführung für optimale Ergebnisse im Garten.","<h3>Texas Benzin-Vertikutierer Pro Cut 400TG - Premium ID1936</h3>\n<p>Entdecken Sie die professionelle Leistung dieses hochwertigen Gartenwerkzeugs. bietet dieses Gerät optimale Ergebnisse für anspruchsvolle Gartenarbeiten.</p>\n<p>Die einfache Öffnung des Häckselwerks ermöglicht eine schnelle und unkomplizierte Wartung des Rotors. Regelmäßige Wartung ist wichtig für die Langlebigkeit und Zuverlässigkeit des Geräts und stellt sicher, dass die Leistung über viele Jahre hinweg konstant bleibt.</p>\n<p>Dieses professionelle Gerät überzeugt durch seine robuste Bauweise und die durchdachten technischen Lösungen. Die Kombination aus hoher Leistung, intelligenter Steuerung und benutzerfreundlichem Design macht es zur idealen Wahl für anspruchsvolle Garten- und Landschaftspflegearbeiten.</p>\n<p><strong>Investieren Sie in Qualität und Professionalität - dieses hochwertige Vertikutierer überzeugt durch erstklassige Verarbeitung, innovative Technik und außergewöhnliche Zuverlässigkeit. Perfekt geeignet für anspruchsvolle Garten- und Landschaftspflegeprojekte, bei denen nur das Beste gut genug ist. Mit diesem Gerät sind Sie optimal ausgestattet für alle Herausforderungen moderner Gartenarbeit.</strong></p>",,,taxable,,1,14,,0,0,,,,,1,,,449,Vertikutierer,,,"https://lhagrarservicegmbh.de/wp-content/uploads/2026/04/u1-2.webp, https://lhagrarservicegmbh.de/wp-content/uploads/2026/04/u2-3.webp, https://lhagrarservicegmbh.de/wp-content/uploads/2026/04/u3-2.webp, https://lhagrarservicegmbh.de/wp-content/uploads/2026/04/u4-2.webp, https://lhagrarservicegmbh.de/wp-content/uploads/2026/04/u5-2.webp, https://lhagrarservicegmbh.de/wp-content/uploads/2026/04/u6-1.webp, https://lhagrarservicegmbh.de/wp-content/uploads/2026/04/u7-1.webp",,,,,,,,,0,
1944,simple,DV-MTD-BENZIN-VERTIKUTIERER-OPTIMA-38-VO-INKL-LUFTERWELLE-3-000-W-LK,,"MTD Benzin-Vertikutierer Optima 38 VO - Premium ID1944",1,0,visible,"MTD Benzin-Vertikutierer Optima 38 VO - Premium ID1944 - Hochwertige Ausführung für optimale Ergebnisse im Garten.","<h3>MTD Benzin-Vertikutierer Optima 38 VO - Premium ID1944</h3>\n<p>Entdecken Sie die professionelle Leistung dieses hochwertigen Gartenwerkzeugs. bietet dieses Gerät optimale Ergebnisse für anspruchsvolle Gartenarbeiten.</p>\n<p>Die einfache Öffnung des Häckselwerks ermöglicht eine schnelle und unkomplizierte Wartung des Rotors. Regelmäßige Wartung ist wichtig für die Langlebigkeit und Zuverlässigkeit des Geräts und stellt sicher, dass die Leistung über viele Jahre hinweg konstant bleibt.</p>\n<p>Dieses professionelle Gerät überzeugt durch seine robuste Bauweise und die durchdachten technischen Lösungen. Die Kombination aus hoher Leistung, intelligenter Steuerung und benutzerfreundlichem Design macht es zur idealen Wahl für anspruchsvolle Garten- und Landschaftspflegearbeiten.</p>\n<p><strong>Investieren Sie in Qualität und Professionalität - dieses hochwertige Vertikutierer überzeugt durch erstklassige Verarbeitung, innovative Technik und außergewöhnliche Zuverlässigkeit. Perfekt geeignet für anspruchsvolle Garten- und Landschaftspflegeprojekte, bei denen nur das Beste gut genug ist. Mit diesem Gerät sind Sie optimal ausgestattet für alle Herausforderungen moderner Gartenarbeit.</strong></p>",,,taxable,,1,14,,0,0,,,,,1,,,550,Vertikutierer,,,"https://lhagrarservicegmbh.de/wp-content/uploads/2026/04/i1-2.webp, https://lhagrarservicegmbh.de/wp-content/uploads/2026/04/i2-2.webp, https://lhagrarservicegmbh.de/wp-content/uploads/2026/04/i3-2.webp",,,,,,,,,0,
1948,simple,DV-TEXAS-BENZIN-VERTIKUTIERER-PRO-CUT-460TG-LK,,"Texas Benzin-Vertikutierer Pro Cut 460TG - Premium ID1948",1,0,visible,"Texas Benzin-Vertikutierer Pro Cut 460TG - Premium ID1948 - Hochwertige Ausführung für optimale Ergebnisse im Garten.","<h3>Texas Benzin-Vertikutierer Pro Cut 460TG - Premium ID1948</h3>\n<p>Entdecken Sie die professionelle Leistung dieses hochwertigen Gartenwerkzeugs. bietet dieses Gerät optimale Ergebnisse für anspruchsvolle Gartenarbeiten.</p>\n<p>Die einfache Öffnung des Häckselwerks ermöglicht eine schnelle und unkomplizierte Wartung des Rotors. Regelmäßige Wartung ist wichtig für die Langlebigkeit und Zuverlässigkeit des Geräts und stellt sicher, dass die Leistung über viele Jahre hinweg konstant bleibt.</p>\n<p>Dieses professionelle Gerät überzeugt durch seine robuste Bauweise und die durchdachten technischen Lösungen. Die Kombination aus hoher Leistung, intelligenter Steuerung und benutzerfreundlichem Design macht es zur idealen Wahl für anspruchsvolle Garten- und Landschaftspflegearbeiten.</p>\n<p><strong>Investieren Sie in Qualität und Professionalität - dieses hochwertige Vertikutierer überzeugt durch erstklassige Verarbeitung, innovative Technik und außergewöhnliche Zuverlässigkeit. Perfekt geeignet für anspruchsvolle Garten- und Landschaftspflegeprojekte, bei denen nur das Beste gut genug ist. Mit diesem Gerät sind Sie optimal ausgestattet für alle Herausforderungen moderner Gartenarbeit.</strong></p>",,,taxable,,1,13,,0,0,,,,,1,,,462.99,Vertikutierer,,,"https://lhagrarservicegmbh.de/wp-content/uploads/2026/04/o1-9.webp, https://lhagrarservicegmbh.de/wp-content/uploads/2026/04/o2-2.webp, https://lhagrarservicegmbh.de/wp-content/uploads/2026/04/o3-2.webp, https://lhagrarservicegmbh.de/wp-content/uploads/2026/04/o4-2.webp, https://lhagrarservicegmbh.de/wp-content/uploads/2026/04/o5-2.webp",,,,,,,,,0,
1954,simple,DV-AL-KO-AKKU-VERTIKUTIERER-SF-4036-ENERGY-FLEX-SOLO-LK,,"Al-Ko Akku-Vertikutierer SF 4036 Energy ... - Premium ID1954",1,0,visible,"Al-Ko Akku-Vertikutierer SF 4036 Energy Flex Solo - Premium - Hochwertige Ausführung für optimale Ergebnisse im Garten.","<h3>Al-Ko Akku-Vertikutierer SF 4036 Energy Flex Solo - Premium</h3>\n<p>Entdecken Sie die professionelle Leistung dieses hochwertigen Gartenwerkzeugs. bietet dieses Gerät optimale Ergebnisse für anspruchsvolle Gartenarbeiten.</p>\n<p>Die einfache Öffnung des Häckselwerks ermöglicht eine schnelle und unkomplizierte Wartung des Rotors. Regelmäßige Wartung ist wichtig für die Langlebigkeit und Zuverlässigkeit des Geräts und stellt sicher, dass die Leistung über viele Jahre hinweg konstant bleibt.</p>\n<p>Dieses professionelle Gerät überzeugt durch seine robuste Bauweise und die durchdachten technischen Lösungen. Die Kombination aus hoher Leistung, intelligenter Steuerung und benutzerfreundlichem Design macht es zur idealen Wahl für anspruchsvolle Garten- und Landschaftspflegearbeiten.</p>\n<p><strong>Investieren Sie in Qualität und Professionalität - dieses hochwertige Vertikutierer überzeugt durch erstklassige Verarbeitung, innovative Technik und außergewöhnliche Zuverlässigkeit. Perfekt geeignet für anspruchsvolle Garten- und Landschaftspflegeprojekte, bei denen nur das Beste gut genug ist. Mit diesem Gerät sind Sie optimal ausgestattet für alle Herausforderungen moderner Gartenarbeit.</strong></p>",,,taxable,,1,14,,0,0,,,,,1,,,355,Vertikutierer,,,"https://lhagrarservicegmbh.de/wp-content/uploads/2026/04/p1-11.webp, https://lhagrarservicegmbh.de/wp-content/uploads/2026/04/p2-3.webp, https://lhagrarservicegmbh.de/wp-content/uploads/2026/04/p3-3.webp, https://lhagrarservicegmbh.de/wp-content/uploads/2026/04/p4-3.webp, https://lhagrarservicegmbh.de/wp-content/uploads/2026/04/p5-3.webp, https://lhagrarservicegmbh.de/wp-content/uploads/2026/04/p6-1.webp, https://lhagrarservicegmbh.de/wp-content/uploads/2026/04/p7.webp, https://lhagrarservicegmbh.de/wp-content/uploads/2026/04/p10.webp",,,,,,,,,0,
1963,simple,DV-WOLF-GARTEN-ELEKTRO-VERTIKUTIERER-SELECT-V-302-E-MIT-2-IN-1-FUNKTION-1-200-W-LK,,"Wolf-Garten Elektro-Vertikutierer Select V - Premium ID1963",1,0,visible,"Wolf-Garten Elektro-Vertikutierer Select V - Premium ID1963 - Hochwertige Ausführung für optimale Ergebnisse im Garten.","<h3>Wolf-Garten Elektro-Vertikutierer Select V - Premium ID1963</h3>\n<p>Entdecken Sie die professionelle Leistung dieses hochwertigen Gartenwerkzeugs. bietet dieses Gerät optimale Ergebnisse für anspruchsvolle Gartenarbeiten.</p>\n<p>Die einfache Öffnung des Häckselwerks ermöglicht eine schnelle und unkomplizierte Wartung des Rotors. Regelmäßige Wartung ist wichtig für die Langlebigkeit und Zuverlässigkeit des Geräts und stellt sicher, dass die Leistung über viele Jahre hinweg konstant bleibt.</p>\n<p>Dieses professionelle Gerät überzeugt durch seine robuste Bauweise und die durchdachten technischen Lösungen. Die Kombination aus hoher Leistung, intelligenter Steuerung und benutzerfreundlichem Design macht es zur idealen Wahl für anspruchsvolle Garten- und Landschaftspflegearbeiten.</p>\n<p><strong>Investieren Sie in Qualität und Professionalität - dieses hochwertige Vertikutierer überzeugt durch erstklassige Verarbeitung, innovative Technik und außergewöhnliche Zuverlässigkeit. Perfekt geeignet für anspruchsvolle Garten- und Landschaftspflegeprojekte, bei denen nur das Beste gut genug ist. Mit diesem Gerät sind Sie optimal ausgestattet für alle Herausforderungen moderner Gartenarbeit.</strong></p>",,,taxable,,1,13,,0,0,,,,,1,,,109,Vertikutierer,,,"https://lhagrarservicegmbh.de/wp-content/uploads/2026/04/q1-12.webp, https://lhagrarservicegmbh.de/wp-content/uploads/2026/04/q2-4.webp, https://lhagrarservicegmbh.de/wp-content/uploads/2026/04/q3-2.webp, https://lhagrarservicegmbh.de/wp-content/uploads/2026/04/q4-2.webp",,,,,,,,,0,
1968,simple,DV-LUX-TOOLS-VERTIKUTIERER-A-VL-2X20-36-MIT-480-W-LK,,"LUX-TOOLS Vertikutierer A-VL-2×20/36 mit... - Premium ID1968",1,0,visible,"LUX-TOOLS Vertikutierer A-VL-2×20/36 mit 480 W - Premium - Hochwertige Ausführung für optimale Ergebnisse im Garten.","<h3>LUX-TOOLS Vertikutierer A-VL-2×20/36 mit 480 W - Premium</h3>\n<p>Entdecken Sie die professionelle Leistung dieses hochwertigen Gartenwerkzeugs. bietet dieses Gerät optimale Ergebnisse für anspruchsvolle Gartenarbeiten.</p>\n<p>Die einfache Öffnung des Häckselwerks ermöglicht eine schnelle und unkomplizierte Wartung des Rotors. Regelmäßige Wartung ist wichtig für die Langlebigkeit und Zuverlässigkeit des Geräts und stellt sicher, dass die Leistung über viele Jahre hinweg konstant bleibt.</p>\n<p>Dieses professionelle Gerät überzeugt durch seine robuste Bauweise und die durchdachten technischen Lösungen. Die Kombination aus hoher Leistung, intelligenter Steuerung und benutzerfreundlichem Design macht es zur idealen Wahl für anspruchsvolle Garten- und Landschaftspflegearbeiten.</p>\n<p><strong>Investieren Sie in Qualität und Professionalität - dieses hochwertige Vertikutierer überzeugt durch erstklassige Verarbeitung, innovative Technik und außergewöhnliche Zuverlässigkeit. Perfekt geeignet für anspruchsvolle Garten- und Landschaftspflegeprojekte, bei denen nur das Beste gut genug ist. Mit diesem Gerät sind Sie optimal ausgestattet für alle Herausforderungen moderner Gartenarbeit.</strong></p>",,,taxable,,1,14,,0,0,,,,,1,,,110,Vertikutierer,,,"https://lhagrarservicegmbh.de/wp-content/uploads/2026/04/s1-1-1.webp, https://lhagrarservicegmbh.de/wp-content/uploads/2026/04/s2-1.webp, https://lhagrarservicegmbh.de/wp-content/uploads/2026/04/s3-2.webp, https://lhagrarservicegmbh.de/wp-content/uploads/2026/04/s4-2.webp, https://lhagrarservicegmbh.de/wp-content/uploads/2026/04/s5-1.webp, https://lhagrarservicegmbh.de/wp-content/uploads/2026/04/s6.webp, https://lhagrarservicegmbh.de/wp-content/uploads/2026/04/s7.webp, https://lhagrarservicegmbh.de/wp-content/uploads/2026/04/s8.webp, https://lhagrarservicegmbh.de/wp-content/uploads/2026/04/s9.webp, https://lhagrarservicegmbh.de/wp-content/uploads/2026/04/s10.webp, https://lhagrarservicegmbh.de/wp-content/uploads/2026/04/s11.webp, https://lhagrarservicegmbh.de/wp-content/uploads/2026/04/s12.webp",,,,,,,,,0,
1981,simple,DV-MTD-ELEKTRO-VERTIKUTIERER-UND-RASENLUFTER-OPTIMA-37-VE-1-600-W-LK,,"MTD Elektro-Vertikutierer und -Rasenlüfter - Premium ID1981",1,0,visible,"MTD Elektro-Vertikutierer und -Rasenlüfter - Premium ID1981 - Hochwertige Ausführung für optimale Ergebnisse im Garten.","<h3>MTD Elektro-Vertikutierer und -Rasenlüfter - Premium ID1981</h3>\n<p>Entdecken Sie die professionelle Leistung dieses hochwertigen Gartenwerkzeugs. bietet dieses Gerät optimale Ergebnisse für anspruchsvolle Gartenarbeiten.</p>\n<p>Die einfache Öffnung des Häckselwerks ermöglicht eine schnelle und unkomplizierte Wartung des Rotors. Regelmäßige Wartung ist wichtig für die Langlebigkeit und Zuverlässigkeit des Geräts und stellt sicher, dass die Leistung über viele Jahre hinweg konstant bleibt.</p>\n<p>Dieses professionelle Gerät überzeugt durch seine robuste Bauweise und die durchdachten technischen Lösungen. Die Kombination aus hoher Leistung, intelligenter Steuerung und benutzerfreundlichem Design macht es zur idealen Wahl für anspruchsvolle Garten- und Landschaftspflegearbeiten.</p>\n<p><strong>Investieren Sie in Qualität und Professionalität - dieses hochwertige Vertikutierer überzeugt durch erstklassige Verarbeitung, innovative Technik und außergewöhnliche Zuverlässigkeit. Perfekt geeignet für anspruchsvolle Garten- und Landschaftspflegeprojekte, bei denen nur das Beste gut genug ist. Mit diesem Gerät sind Sie optimal ausgestattet für alle Herausforderungen moderner Gartenarbeit.</strong></p>",,,taxable,,1,14,,0,0,,,,,1,,,187,Vertikutierer,,,"https://lhagrarservicegmbh.de/wp-content/uploads/2026/04/d1-10.webp, https://lhagrarservicegmbh.de/wp-content/uploads/2026/04/d2-2.webp, https://lhagrarservicegmbh.de/wp-content/uploads/2026/04/d3-2.webp, https://lhagrarservicegmbh.de/wp-content/uploads/2026/04/d4-2.webp, https://lhagrarservicegmbh.de/wp-content/uploads/2026/04/d5-1.webp, https://lhagrarservicegmbh.de/wp-content/uploads/2026/04/d6.webp, https://lhagrarservicegmbh.de/wp-content/uploads/2026/04/d7.webp",,,,,,,,,0,
1989,simple,DV-EINHELL-ELEKTRO-VERTIKUTIERER-GC-ES-1231-MIT-1-200-W-LK,,"Einhell Elektro-Vertikutierer GC-ES 1231 - Premium ID1989",1,0,visible,"Einhell Elektro-Vertikutierer GC-ES 1231 - Premium ID1989 - Hochwertige Ausführung für optimale Ergebnisse im Garten.","<h3>Einhell Elektro-Vertikutierer GC-ES 1231 - Premium ID1989</h3>\n<p>Entdecken Sie die professionelle Leistung dieses hochwertigen Gartenwerkzeugs. bietet dieses Gerät optimale Ergebnisse für anspruchsvolle Gartenarbeiten.</p>\n<p>Die einfache Öffnung des Häckselwerks ermöglicht eine schnelle und unkomplizierte Wartung des Rotors. Regelmäßige Wartung ist wichtig für die Langlebigkeit und Zuverlässigkeit des Geräts und stellt sicher, dass die Leistung über viele Jahre hinweg konstant bleibt.</p>\n<p>Dieses professionelle Gerät überzeugt durch seine robuste Bauweise und die durchdachten technischen Lösungen. Die Kombination aus hoher Leistung, intelligenter Steuerung und benutzerfreundlichem Design macht es zur idealen Wahl für anspruchsvolle Garten- und Landschaftspflegearbeiten.</p>\n<p><strong>Investieren Sie in Qualität und Professionalität - dieses hochwertige Vertikutierer überzeugt durch erstklassige Verarbeitung, innovative Technik und außergewöhnliche Zuverlässigkeit. Perfekt geeignet für anspruchsvolle Garten- und Landschaftspflegeprojekte, bei denen nur das Beste gut genug ist. Mit diesem Gerät sind Sie optimal ausgestattet für alle Herausforderungen moderner Gartenarbeit.</strong></p>",,,taxable,,1,14,,0,0,,,,,1,,,80,Vertikutierer,,,"https://lhagrarservicegmbh.de/wp-content/uploads/2026/04/f1-10.webp, https://lhagrarservicegmbh.de/wp-content/uploads/2026/04/f2-2.webp, https://lhagrarservicegmbh.de/wp-content/uploads/2026/04/f3-1.webp, https://lhagrarservicegmbh.de/wp-content/uploads/2026/04/f4-1.webp, https://lhagrarservicegmbh.de/wp-content/uploads/2026/04/f5-1.webp, https://lhagrarservicegmbh.de/wp-content/uploads/2026/04/f6-1.webp",,,,,,,,,0,
1996,simple,DV-AL-KO-ELEKTRO-VERTIKUTIERER-38-4-E-COMBI-CARE-LK,,"Al-Ko Elektro-Vertikutierer 38.4 E Combi... - Premium ID1996",1,0,visible,"Al-Ko Elektro-Vertikutierer 38.4 E Combi Care - Premium - Hochwertige Ausführung für optimale Ergebnisse im Garten.","<h3>Al-Ko Elektro-Vertikutierer 38.4 E Combi Care - Premium</h3>\n<p>Entdecken Sie die professionelle Leistung dieses hochwertigen Gartenwerkzeugs. bietet dieses Gerät optimale Ergebnisse für anspruchsvolle Gartenarbeiten.</p>\n<p>Die einfache Öffnung des Häckselwerks ermöglicht eine schnelle und unkomplizierte Wartung des Rotors. Regelmäßige Wartung ist wichtig für die Langlebigkeit und Zuverlässigkeit des Geräts und stellt sicher, dass die Leistung über viele Jahre hinweg konstant bleibt.</p>\n<p>Dieses professionelle Gerät überzeugt durch seine robuste Bauweise und die durchdachten technischen Lösungen. Die Kombination aus hoher Leistung, intelligenter Steuerung und benutzerfreundlichem Design macht es zur idealen Wahl für anspruchsvolle Garten- und Landschaftspflegearbeiten.</p>\n<p><strong>Investieren Sie in Qualität und Professionalität - dieses hochwertige Vertikutierer überzeugt durch erstklassige Verarbeitung, innovative Technik und außergewöhnliche Zuverlässigkeit. Perfekt geeignet für anspruchsvolle Garten- und Landschaftspflegeprojekte, bei denen nur das Beste gut genug ist. Mit diesem Gerät sind Sie optimal ausgestattet für alle Herausforderungen moderner Gartenarbeit.</strong></p>",,,taxable,,1,14,,0,0,,,,,1,,,127,Vertikutierer,,,"https://lhagrarservicegmbh.de/wp-content/uploads/2026/04/g1-9.webp, https://lhagrarservicegmbh.de/wp-content/uploads/2026/04/g2-2.webp, https://lhagrarservicegmbh.de/wp-content/uploads/2026/04/g3-2.webp, https://lhagrarservicegmbh.de/wp-content/uploads/2026/04/g4-2.webp, https://lhagrarservicegmbh.de/wp-content/uploads/2026/04/g5-1.webp",,,,,,,,,0,
2630,simple,LH-GRA-005,,"960kg Eichen-Pellets ENplusA1 – Sonderaktion inkl. Lieferung",1,0,visible,"<div class=""elementor-element elementor-element-c066a78 wd-single-short-desc text-left elementor-widget elementor-widget-wd_single_product_short_description"" data-id=""c066a78"" data-element_type=""widget"" data-e-type=""widget"" data-widget_type=""wd_single_product_short_description.default"">\n<div class=""elementor-widget-container"">\n<div class=""woocommerce-product-details__short-description"">\n\nDie <strong>Eichen-Pellets ENplus A1 (960 kg)</strong> bestehen zu <strong>100 % aus hochwertigen Eichen-Spänen</strong> und bieten dank des Hartholzes eine besonders effiziente und gleichmäßige Wärmeleistung.\n\n</div>\n</div>\n</div>\n<div class=""elementor-element elementor-element-8877670 wd-single-price text-left elementor-widget elementor-widget-wd_single_product_price"" data-id=""8877670"" data-element_type=""widget"" data-e-type=""widget"" data-widget_type=""wd_single_product_price.default"">\n<div class=""elementor-widget-container""></div>\n</div>","<strong>Hauptvorteile und Nutzen</strong>\n<ul>\n 	<li>Sonderaktion: attraktives Preis-Leistungs-Verhältnis für hochwertige Eichen-Pellets</li>\n 	<li>100 % Eichenholz-Späne für eine kraftvolle, gleichmäßige Verbrennung</li>\n 	<li>ENplus A1-zertifiziert – geprüfte Qualität und hohe Betriebssicherheit</li>\n 	<li>Hohe Energiedichte durch Hartholz (Eiche) für effizientes Heizen</li>\n 	<li>Geringe Rückstände dank sauberer Verbrennung</li>\n 	<li>Praktische Sackware à 15 kg für einfache Lagerung und Handhabung</li>\n 	<li>Produziert von einem deutschen Hersteller mit transparenter Herkunft</li>\n 	<li>Geeignet für alle gängigen Pelletheizungen gemäß Herstellervorgaben</li>\n</ul>\n<strong>Allgemeine Produktbeschreibung</strong>\n\nDie <strong>Eichen-Pellets ENplus A1 (960 kg)</strong> bestehen zu <strong>100 % aus hochwertigen Eichen-Spänen</strong> und bieten dank des Hartholzes eine besonders effiziente und gleichmäßige Wärmeleistung. Mit einem Durchmesser von <strong>6 mm</strong> erfüllen sie die gängigen Anforderungen moderner Pelletheizsysteme. Die Pellets sind <strong>ENplus A1-zertifiziert</strong> und stehen damit für konstant hohe Qualität, Zuverlässigkeit und Sicherheit im Heizbetrieb.\n\nDie Lieferung erfolgt als Sackware in <strong>15-kg-Säcken</strong>, insgesamt <strong>960 kg</strong> pro Einheit. Hergestellt werden die Pellets von <strong>Naturbrennstoffe Kretschmann OHG</strong> in Deutschland. Bei sachgemäßer Lagerung in trockener Umgebung behalten die Pellets ihre Formstabilität und Leistungsfähigkeit.\n\nBitte beachten Sie die angegebenen <strong>Warn- und Sicherheitshinweise</strong> zur Handhabung, Lagerung und Verwendung. Die Pellets sind ausschließlich für den vorgesehenen Heizbetrieb gemäß der Bedienungsanleitung Ihrer Feuerstätte zu verwenden. Verpackungsmaterialien sind ordnungsgemäß zu entsorgen.\n\nMit diesen Eichen-Pellets entscheiden Sie sich für eine leistungsstarke, zertifizierte und zuverlässige Heizlösung in bewährter deutscher Qualität.",,,taxable,,1,24,,0,0,,,,,1,,,205,Holzpellets,Holzpellets,,https://lhagrarservicegmbh.de/wp-content/uploads/2026/05/Design-sans-titre-2.jpg,,,,,,,,,0,
2634,simple,LH-GRA-006,,"German Flames 6 mm ENplus A1 Holzpellets – Premiumqualität für effizientes Heizen",1,0,visible,"<div class=""elementor-element elementor-element-c066a78 wd-single-short-desc text-left elementor-widget elementor-widget-wd_single_product_short_description"" data-id=""c066a78"" data-element_type=""widget"" data-e-type=""widget"" data-widget_type=""wd_single_product_short_description.default"">\n<div class=""elementor-widget-container"">\n<div class=""woocommerce-product-details__short-description"">\n\nDie German Flames 6 mm ENplus A1 Holzpellets setzen Maßstäbe in Sachen Leistung und Langlebigkeit.\n\n</div>\n</div>\n</div>\n<div class=""elementor-element elementor-element-8877670 wd-single-price text-left elementor-widget elementor-widget-wd_single_product_price"" data-id=""8877670"" data-element_type=""widget"" data-e-type=""widget"" data-widget_type=""wd_single_product_price.default"">\n<div class=""elementor-widget-container""></div>\n</div>","<p class=""ds-markdown-paragraph""><strong>Hauptvorteile und Pluspunkte:</strong></p>\n\n<ul>\n 	<li>\n<p class=""ds-markdown-paragraph""><strong>Höchste Effizienz:</strong> Mit einem Heizwert von über 5 kWh/kg und extrem niedrigem Aschegehalt (&lt; 0,24 %) für starke Wärme bei weniger Reinigung.</p>\n</li>\n 	<li>\n<p class=""ds-markdown-paragraph""><strong>Optimale Verbrennung:</strong> Sehr geringe Restfeuchte (max. 6,1 %) und hohe Schüttdichte (1,20 kg/dm³) sorgen für eine saubere, gleichmäßige Wärmeabgabe.</p>\n</li>\n 	<li>\n<p class=""ds-markdown-paragraph""><strong>Zertifizierte Premiumqualität:</strong> ENplus A1-zertifiziert, 100 % erneuerbar und frei von Fremdstoffen – garantiert europäische Spitzenqualität.</p>\n</li>\n 	<li>\n<p class=""ds-markdown-paragraph""><strong>Praktische Lieferung:</strong> Bequem auf Palette mit 66 Säcken à 15 kg (insgesamt 990 kg) – einfach zu handhaben und ideal zur Saisonbevorratung.</p>\n</li>\n</ul>\n<p class=""ds-markdown-paragraph""><strong>Allgemeine Produktbeschreibung:</strong>Die German Flames 6 mm ENplus A1 Holzpellets setzen Maßstäbe in Sachen Leistung und Langlebigkeit. Dank des hohen Erweichungspunktes (1450 °C) wird Schlackebildung wirksam vermieden, was Ihren Heizbetrieb zuverlässig und wartungsarm macht. Ob für den gelegentlichen Kaminabend oder die vollständige Beheizung Ihres Hauses – diese Pellets bieten herausragende Energieeffizienz, reduzieren den Reinigungsaufwand und unterstützen nachhaltiges Heizen ohne Kompromisse.</p>",,,taxable,,1,24,,0,0,,,,,1,,,219,Holzpellets,,,https://lhagrarservicegmbh.de/wp-content/uploads/2026/05/lh-1.jpg,,,,,,,,,0,
2637,simple,LH-GRA-007,,"GREENSTICKS Pellets Sackware 990kg",1,0,visible,"<div class=""elementor-element elementor-element-c066a78 wd-single-short-desc text-left elementor-widget elementor-widget-wd_single_product_short_description"" data-id=""c066a78"" data-element_type=""widget"" data-e-type=""widget"" data-widget_type=""wd_single_product_short_description.default"">\n<div class=""elementor-widget-container"">\n<div class=""woocommerce-product-details__short-description"">\n\nDie <strong>GREENSTICKS Holzpellets</strong> stehen für höchste Qualität, Nachhaltigkeit und maximale Heizleistung.\n\n</div>\n</div>\n</div>\n<div class=""elementor-element elementor-element-8877670 wd-single-price text-left elementor-widget elementor-widget-wd_single_product_price"" data-id=""8877670"" data-element_type=""widget"" data-e-type=""widget"" data-widget_type=""wd_single_product_price.default"">\n<div class=""elementor-widget-container""></div>\n</div>","<strong>Hauptvorteile und Nutzen</strong>\n<ul>\n 	<li>Versandkostenfreie Lieferung innerhalb Deutschlands inklusive kostenloser Terminabsprache</li>\n 	<li>Transparente Preisgestaltung ohne versteckte Kosten</li>\n 	<li>Premium-Holzpellets mit besonders hohem Qualitätsstandard</li>\n 	<li>Überdurchschnittlich hoher Heizwert von mindestens <strong>4,8 kWh/kg</strong> – höher als ENplus A1 gefordert</li>\n 	<li>Sehr geringe Aschebildung (≤ 0,7 %) für saubere Verbrennung und weniger Reinigungsaufwand</li>\n 	<li>Nachhaltige Produktion ausschließlich mit Holz aus deutschen Wäldern</li>\n 	<li>Herstellung in Deutschland für kurze Transportwege und geringe Umweltbelastung</li>\n 	<li>Hohe mechanische Festigkeit (≥ 98,5 %) für minimale Bruchbildung</li>\n 	<li>Bequeme Zahlung auf Rechnung nach Warenerhalt möglich</li>\n</ul>\n<strong>Allgemeine Produktbeschreibung</strong>\n\nDie <strong>GREENSTICKS Holzpellets</strong> stehen für höchste Qualität, Nachhaltigkeit und maximale Heizleistung. Diese Premium-Pellets werden aus heimischem Holz gefertigt und vollständig in Deutschland produziert. Sie erfüllen nicht nur die strengen Anforderungen der <strong>ENplus A1-Zertifizierung</strong>, sondern übertreffen diese sogar durch einen besonders hohen garantierten Heizwert.\n\nMit einem maximalen Wassergehalt von 10 %, einer Schüttdichte von mindestens 650 kg/m³ und einem Feinanteil von höchstens 0,5 % sorgen die GREENSTICKS Pellets für eine gleichmäßige, effiziente und umweltfreundliche Verbrennung. Ihr Heizsystem profitiert von einer konstanten Leistung und einer längeren Lebensdauer.\n\nDie Pellets werden als Sackware in <strong>15-kg-Säcken</strong> geliefert. Pro Einwegpalette sind <strong>66 Säcke</strong> mit einem Gesamtgewicht von <strong>990 kg</strong> gestapelt. Bei Bestellungen ab fünf Paletten erfolgt die Lieferung aus logistischen Gründen an mindestens zwei separaten Terminen.\n\nMit GREENSTICKS entscheiden Sie sich für eine leistungsstarke, umweltbewusste und zukunftssichere Heizlösung – gut für Ihr Zuhause und gut für die Natur.",,,taxable,,1,26,,0,0,,,,,1,,,249,Holzpellets,Holzpellets,,https://lhagrarservicegmbh.de/wp-content/uploads/2026/05/lh-2.jpg,,,,,,,,,0,
2641,simple,LH-GRA-004,,"HEIZFUXX GREY – Hochwertige 6 mm Weichholzpellets (ENplus A2)",1,0,visible,"<div class=""elementor-element elementor-element-c066a78 wd-single-short-desc text-left elementor-widget elementor-widget-wd_single_product_short_description"" data-id=""c066a78"" data-element_type=""widget"" data-e-type=""widget"" data-widget_type=""wd_single_product_short_description.default"">\n<div class=""elementor-widget-container"">\n<div class=""woocommerce-product-details__short-description"">\n\nDie HEIZFUXX GREY 6 mm Pellets werden aus sortenreinem Nadelholz hergestellt und verbrennen besonders klimaneutral.\n\n</div>\n</div>\n</div>\n<div class=""elementor-element elementor-element-8877670 wd-single-price text-left elementor-widget elementor-widget-wd_single_product_price"" data-id=""8877670"" data-element_type=""widget"" data-e-type=""widget"" data-widget_type=""wd_single_product_price.default"">\n<div class=""elementor-widget-container""></div>\n</div>","<ul>\n 	<li>\n<p class=""ds-markdown-paragraph""><strong>nergieeffizienz:</strong> Heizwert ≥ 16,5 MJ/kg und Wirkungsgrad bis zu 90 % für maximale Wärmeleistung.</p>\n</li>\n 	<li>\n<p class=""ds-markdown-paragraph""><strong>Saubere Verbrennung:</strong> Geringer Aschegehalt (≤ 1,2 %) und niedrige Restfeuchte (≤ 10 %) sorgen für weniger Rückstände und einfache Reinigung.</p>\n</li>\n 	<li>\n<p class=""ds-markdown-paragraph""><strong>Schnelle Zündung &amp; Zuverlässigkeit:</strong> Weichholzqualität ermöglicht schnelles Anbrennen und eine störungsfreie Beschickung dank hoher Festigkeit und Formstabilität.</p>\n</li>\n 	<li>\n<p class=""ds-markdown-paragraph""><strong>Zertifizierte Premiumqualität:</strong> ENplus A2 nach DIN EN ISO 17225-2 – garantiert konstante Brennstoffeigenschaften und europäische Herkunft.</p>\n</li>\n 	<li>\n<p class=""ds-markdown-paragraph""><strong>Praktische Handhabung:</strong> Bequem in 15-kg-Säcken zu transportieren, zu lagern und zu dosieren.</p>\n</li>\n</ul>\n<p class=""ds-markdown-paragraph""><strong>Allgemeine Produktbeschreibung:</strong>Die HEIZFUXX GREY 6 mm Pellets werden aus sortenreinem Nadelholz hergestellt und verbrennen besonders klimaneutral. Mit einem Durchmesser von 6 mm und der Zertifizierung nach ENplus A2 erfüllen sie höchste Qualitätsstandards für Pelletöfen, Zentralheizungen und gewerbliche Heizsysteme. Die Pellets zeichnen sich durch eine sehr hohe Abriebfestigkeit aus, was Feinanteile reduziert und eine zuverlässige Funktion Ihrer Heizanlage sicherstellt. Naturfarben, frei von Schadstoffen und in praktischen 15-kg-Säcken verpackt, bieten sie eine saubere, effiziente und benutzerfreundliche Heizlösung für Haushalt und Gewerbe.</p>",,,taxable,,1,23,,0,0,,,,,1,,,212,Holzpellets,Holzpellets,,https://lhagrarservicegmbh.de/wp-content/uploads/2026/05/lh-3.jpg,,,,,,,,,0,
2646,simple,LH-GRA-002,,"Holzpellets Hoyer (ENplus-A1) – 990 kg Palette",1,0,visible,"<div class=""elementor-element elementor-element-c066a78 wd-single-short-desc text-left elementor-widget elementor-widget-wd_single_product_short_description"" data-id=""c066a78"" data-element_type=""widget"" data-e-type=""widget"" data-widget_type=""wd_single_product_short_description.default"">\n<div class=""elementor-widget-container"">\n<div class=""woocommerce-product-details__short-description"">\n\nDiese Palette enthält 66 Sack à 15 kg der hochwertigen Hoyer Holzpellets, entsprechend 990 kg Brennstoff.\n\n</div>\n</div>\n</div>","<p class=""ds-markdown-paragraph""><strong>Hauptvorteile und Pluspunkte:</strong></p>\n\n<ul>\n 	<li>\n<p class=""ds-markdown-paragraph""><strong>Höchste Qualitätszertifizierung:</strong> ENplus-A1-Zertifikat garantiert Spitzenqualität, gleichbleibende Leistung und hohe Materialreinheit.</p>\n</li>\n 	<li>\n<p class=""ds-markdown-paragraph""><strong>Ausgezeichneter Heizwert:</strong> Mit über 5,0 kWh/kg für eine effiziente und kostengünstige Wärmeerzeugung.</p>\n</li>\n 	<li>\n<p class=""ds-markdown-paragraph""><strong>Saubere Verbrennung:</strong> Extrem niedriger Aschegehalt (&lt; 0,4 %) und optimale Restfeuchte (ca. 6 %) für minimale Rückstände und einfache Anlagenwartung.</p>\n</li>\n 	<li>\n<p class=""ds-markdown-paragraph""><strong>100 % Natur pur:</strong> Hergestellt aus reinen Holzfasern – ganz ohne chemische Zusatzstoffe oder Bindemittel.</p>\n</li>\n 	<li>\n<p class=""ds-markdown-paragraph""><strong>Klimafreundlich &amp; regional:</strong> CO₂-neutrale, erneuerbare Energiequelle. Produktion in Deutschland sichert kurze Wege und unterstützt lokale Standards.</p>\n</li>\n</ul>\n<p class=""ds-markdown-paragraph""><strong>Allgemeine Produktbeschreibung:</strong>Diese Palette enthält 66 Sack à 15 kg der hochwertigen Hoyer Holzpellets, entsprechend 990 kg Brennstoff. Die Pellets mit einem Durchmesser von 6 mm erfüllen die Premium-Anforderungen der ENplus-A1-Norm. Sie zeichnen sich durch hervorragende Verbrennungseigenschaften, einen sehr geringen Ascheanfall und eine konstante Qualität aus. Die praktischen 15-kg-Säcke ermöglichen eine einfache Handhabung und platzsparende Lagerung. Vertrauen Sie auf dieses Rundum-Sorglos-Paket für eine zuverlässige, saubere und nachhaltige Wärmeversorgung Ihres Zuhauses.</p>",,,taxable,,1,26,,0,0,,,,,1,,,219,Holzpellets,Holzpellets,,https://lhagrarservicegmbh.de/wp-content/uploads/2026/05/lh-4.jpg,,,,,,,,,0,
2648,simple,LH-GRA-003,,"PELLINI Holzpellets ENplus A1 – 66 Säcke à 15 kg (1 Palette)",1,0,visible,"<div class=""elementor-element elementor-element-c066a78 wd-single-short-desc text-left elementor-widget elementor-widget-wd_single_product_short_description"" data-id=""c066a78"" data-element_type=""widget"" data-e-type=""widget"" data-widget_type=""wd_single_product_short_description.default"">\n<div class=""elementor-widget-container"">\n<div class=""woocommerce-product-details__short-description"">\n\nDie PELLINI Holzpellets (Ø 6 mm) sind das Ergebnis eines durchgängigen Qualitätsmanagements – von der Rohstoffauswahl bis zur Auslieferung.\n\n</div>\n</div>\n</div>\n<div class=""elementor-element elementor-element-8877670 wd-single-price text-left elementor-widget elementor-widget-wd_single_product_price"" data-id=""8877670"" data-element_type=""widget"" data-e-type=""widget"" data-widget_type=""wd_single_product_price.default"">\n<div class=""elementor-widget-container""></div>\n</div>","<p class=""ds-markdown-paragraph""><strong>Hauptvorteile und Pluspunkte:</strong></p>\n\n<ul>\n 	<li>\n<p class=""ds-markdown-paragraph""><strong>Garantierte Premium-Qualität:</strong> ENplus A1-Zertifizierung – die höchste Qualitätsstufe für Holzpellets.</p>\n</li>\n 	<li>\n<p class=""ds-markdown-paragraph""><strong>Überlegene Leistungswerte:</strong> Übertrifft die Norm mit einem <strong>hohen Heizwert von &gt;4,9 kWh/kg</strong> und einem <strong>sehr niedrigen Aschegehalt von &lt;0,5 %</strong> für maximale Effizienz und minimalen Reinigungsaufwand.</p>\n</li>\n 	<li>\n<p class=""ds-markdown-paragraph""><strong>Reine Rohstoffe:</strong> Hergestellt aus <strong>100 % naturbelassenen, entrindeten Nadelhölzern</strong> ohne chemische Zusätze.</p>\n</li>\n 	<li>\n<p class=""ds-markdown-paragraph""><strong>Perfekte Liefermenge:</strong> Praktische Palette mit <strong>66 wiederverschließbaren Säcken à 15 kg</strong> (gesamt 990 kg) für eine einfache Handhabung und platzsparende Lagerung.</p>\n</li>\n</ul>\n<p class=""ds-markdown-paragraph""><strong>Allgemeine Produktbeschreibung:</strong>Die PELLINI Holzpellets (Ø 6 mm) sind das Ergebnis eines durchgängigen Qualitätsmanagements – von der Rohstoffauswahl bis zur Auslieferung. Dies garantiert eine gleichbleibend hohe und zuverlässige Produktqualität. Die Pellets sind in der praktischen Schlauchform verpackt (Sackmaße: 15x25x60 cm) und werden als vollständige Palette geliefert. Sie eignen sich ideal für alle Pelletheizsysteme und -öfen und liefern umweltfreundliche Wärme für Ihr Zuhause.<strong>Lagerhinweis:</strong> Bitte lagern Sie die Pellets stets trocken und vor Nässe geschützt in geschlossenen Räumen.</p>",,,taxable,,1,28,,0,0,,,,,1,,,209,Holzpellets,Holzpellets,,https://lhagrarservicegmbh.de/wp-content/uploads/2026/05/lh-5.jpg,,,,,,,,,0,
2651,simple,LH-GRA-001,,"Pfeifer Pellets – Premium-Palette – 70 Säcke à 15 kg (1.050 kg)",1,0,visible,"<div class=""elementor-element elementor-element-c066a78 wd-single-short-desc text-left elementor-widget elementor-widget-wd_single_product_short_description"" data-id=""c066a78"" data-element_type=""widget"" data-e-type=""widget"" data-widget_type=""wd_single_product_short_description.default"">\n<div class=""elementor-widget-container"">\n<div class=""woocommerce-product-details__short-description"">\n\nDiese Palette enthält 70 Säcke à 15 kg der hochwertigen Pfeifer Pellets, was einem Gesamtgewicht von 1.050 kg entsprich\n\n</div>\n</div>\n</div>\n<div class=""elementor-element elementor-element-8877670 wd-single-price text-left elementor-widget elementor-widget-wd_single_product_price"" data-id=""8877670"" data-element_type=""widget"" data-e-type=""widget"" data-widget_type=""wd_single_product_price.default"">\n<div class=""elementor-widget-container""></div>\n</div>","<p class=""ds-markdown-paragraph""><strong>Hauptvorteile und Pluspunkte:</strong></p>\n\n<ul>\n 	<li>\n<p class=""ds-markdown-paragraph""><strong>Zertifizierte Premiumqualität:</strong> ENplus A1-Zertifizierung garantiert gleichbleibend hohe Brennstoffqualität und optimale Performance für Ihr Heizgerät.</p>\n</li>\n 	<li>\n<p class=""ds-markdown-paragraph""><strong>Maximale Heizleistung:</strong> Sehr hoher Heizwert (≥ 4,9 kWh/kg) bei extrem geringer Restfeuchte (≤ 8 %) für eine starke, effiziente und saubere Verbrennung.</p>\n</li>\n 	<li>\n<p class=""ds-markdown-paragraph""><strong>Perfekte Handhabung:</strong> Die genormte Größe (Ø 6 mm) gewährleistet einen reibungslosen Betrieb in allen automatischen Fördersystemen. Minimale Aschebildung (≤ 0,7 %) reduziert den Wartungsaufwand.</p>\n</li>\n 	<li>\n<p class=""ds-markdown-paragraph""><strong>Komfortable Logistik:</strong> Lieferung inklusive Gelände-Transpalette für die einfache Bewegung auch an schwer zugängliche Stellen. Die Palette ist nicht pfandpflichtig.</p>\n</li>\n</ul>\n<p class=""ds-markdown-paragraph""><strong>Allgemeine Produktbeschreibung:</strong>Diese Palette enthält 70 Säcke à 15 kg der hochwertigen Pfeifer Pellets, was einem Gesamtgewicht von 1.050 kg entspricht. Hergestellt in Deutschland aus 100 % reinem Nadelholz ohne Zusätze, stehen sie für nachhaltige und kontrollierte Produktion. Das Produkt eignet sich durch seine konsistenten Eigenschaften ideal für die Bevorratung. Bei Bedarf ist eine Bezahlung direkt bei Lieferung möglich. Für Kunden mit höherem Bedarf bieten wir attraktive Mengenrabatte an.</p>",,,taxable,,1,29,,0,0,,,,,1,,,230,Holzpellets,Holzpellets,,https://lhagrarservicegmbh.de/wp-content/uploads/2026/05/lh-6.jpg,,,,,,,,,0,
