Type,SKU,Name,Published,Visibility in catalog,Short description,Description,Regular price,Sale price,In stock?,Backorders allowed?,Categories,Tags,Images,Parent,Attribute 1 name,Attribute 1 value(s),Attribute 1 visible,Attribute 1 global,Attribute 2 name,Attribute 2 value(s),Attribute 2 visible,Attribute 2 global,Brands
simple,yamaha-neos-core,Yamaha NEO’s Core,1,visible,"<p><strong>Yamaha NEO’s Core</strong> . <em>Venduto da Distribuzione Import Export S.R.L.</em>.</p><ul><li>Autonomia dichiarata: 68 km, 38 km</li><li>Peso: 98 kg</li></ul>","<h2>Panoramica</h2><p>Contenuto riscritto e ottimizzato per una boutique italiana: informazioni chiare, valori tecnici organizzati e testo pensato per aiutare la decisione d'acquisto.</p><p><strong>Venditore:</strong> Distribuzione Import Export S.R.L.</p><p><strong>Categoria:</strong> Scooter elettrici > Sans Permis</p><h2>Punti di forza</h2><ul><li>Le mode ECO, idéal pour les longs trajets en ville. Ce mode réduit la consommation de batterie.</li><li>Le mode STD, conçu pour une utilisation sur route classique. Ce mode délivre la puissance la plus élevée.</li><li>Statistiques de conduite détaillées : analyse des trajets, vitesse moyenne et kilométrage.</li><li>Suivi de l’état de charge : vérification du niveau de batterie à distance.</li><li>Planification des trajets : anticipation des recharges et optimisation des déplacements.</li><li>Gestion de l’entretien : rappels et suivi des révisions pour prolonger la durée de vie du scooter.</li></ul><h2>Scheda tecnica</h2><h3>Moteur</h3><table><tr><th>Equivalenza cilindrata</th><td>Équivalent 50 cm3</td></tr><tr><th>Potenza motore</th><td>2 300 W</td></tr></table><h3>Batterie</h3><table><tr><th>Autonomia</th><td>68 km, 38 km</td></tr><tr><th>Batteria rimovibile</th><td>Si</td></tr><tr><th>Caricatore incluso</th><td>Si</td></tr></table><h3>Partie Cycle</h3><table><tr><th>Dimensioni</th><td>1875 × 695 × 1120 cm</td></tr><tr><th>Marque</th><td>Yamaha</td></tr><tr><th>Patente</th><td>Permis AM, Sans permis</td></tr><tr><th>Peso in ordine di marcia</th><td>98 kg</td></tr></table><h2>Note</h2><p>Disponibilita, prezzi e varianti possono variare. Si consiglia di verificare la configurazione selezionata prima dell'acquisto.</p>",2699.00,,yes,no,Scooter elettrici > Sans Permis,,"https://www.go2roues.com/wp-content/uploads/2025/02/YAMAHA-NEOS-CORE-8.png, https://www.go2roues.com/wp-content/uploads/2025/02/YAMAHA-NEOS-CORE-9.png, https://www.go2roues.com/wp-content/uploads/2025/02/YAMAHA-NEOS-CORE-1.png, https://www.go2roues.com/wp-content/uploads/2025/02/YAMAHA-NEOS-CORE-2.png, https://www.go2roues.com/wp-content/uploads/2025/02/YAMAHA-NEOS-CORE-3.png, https://www.go2roues.com/wp-content/uploads/2025/02/YAMAHA-NEOS-CORE-5.png, https://www.go2roues.com/wp-content/uploads/2025/02/YAMAHA-NEOS-CORE-4.png, https://www.go2roues.com/wp-content/uploads/2025/02/YAMAHA-NEOS-CORE-7.png, https://www.go2roues.com/wp-content/uploads/2025/02/YAMAHA-NEOS-CORE-6.png, https://www.go2roues.com/wp-content/uploads/2025/02/yamaha-neos-core-description-longue-APPLICATION.png, https://www.go2roues.com/wp-content/uploads/2025/02/YAMAHA-NEOS-CORE-PHOTO-PRODUIT-avant.png, https://www.go2roues.com/wp-content/uploads/2025/02/YAMAHA-NEOS-CORE-PHOTO-PRODUIT-keyless.png, https://www.go2roues.com/wp-content/uploads/2025/02/YAMAHA-NEOS-CORE-PHOTO-PRODUIT-sous-selle.png",,,,,,,,,,
variable,www-go2roues-com-shop-yadea-ezeego,Yadea Ezeego,1,visible,<p><strong>Yadea Ezeego</strong> di Yadea. <em>Venduto da Distribuzione Import Export S.R.L.</em>.</p><ul><li>Autonomia dichiarata: 90 km</li><li>Tempo di ricarica: 7 h</li><li>Peso: 65 kg</li></ul>,"<h2>Panoramica</h2><p>Contenuto riscritto e ottimizzato per una boutique italiana: informazioni chiare, valori tecnici organizzati e testo pensato per aiutare la decisione d'acquisto.</p><p><strong>Venditore:</strong> Distribuzione Import Export S.R.L.</p><p><strong>Categoria:</strong> Scooter elettrici > Sans Permis</p><h2>Punti di forza</h2><ul><li>port USB,</li><li>compteur LCD de 7 pouces,</li><li>freinage régénératif.</li></ul><h2>Scheda tecnica</h2><h3>Moteur</h3><table><tr><th>Couple maximal</th><td>110 Nm</td></tr><tr><th>Equivalenza cilindrata</th><td>Équivalent 50 cm3</td></tr><tr><th>Potenza massima</th><td>2 400 W</td></tr><tr><th>Potenza motore</th><td>1 200 W</td></tr><tr><th>Transmission</th><td>Moteur intégré dans la roue arrière</td></tr></table><h3>Batterie</h3><table><tr><th>Autonomia</th><td>90 km</td></tr><tr><th>Batteria rimovibile</th><td>Si</td></tr><tr><th>Caricatore incluso</th><td>Si</td></tr><tr><th>Intensité du chargeur</th><td>5A</td></tr><tr><th>Poids de la batterie</th><td>65 kg</td></tr><tr><th>Capacita batteria</th><td>2.7 kWh</td></tr><tr><th>Tempo di ricarica</th><td>7 h</td></tr><tr><th>Tipo di batteria</th><td>Plomb</td></tr><tr><th>Voltage & Ampérage de la Batterie</th><td>72V / 38Ah</td></tr></table><h3>Chassis</h3><table><tr><th>Charge maximale</th><td>160 kg</td></tr><tr><th>Empattement</th><td>1 305 mm</td></tr><tr><th>Garde au sol minimale</th><td>120 mm</td></tr><tr><th>Hauteur de selle</th><td>765 mm</td></tr><tr><th>Hauteur hors tout</th><td>1 210 mm</td></tr><tr><th>Largeur hors tout</th><td>675 mm</td></tr><tr><th>Longueur hors tout</th><td>1820 mm</td></tr></table><h3>Partie Cycle</h3><table><tr><th>Amortisseur arrière réglable</th><td>Si</td></tr><tr><th>Taille pneu arrière</th><td>90/80-12</td></tr><tr><th>Taille pneu avant</th><td>90/80-12</td></tr><tr><th>Taille roue arrière</th><td>12 pouces</td></tr><tr><th>Taille roue avant</th><td>12 pouces</td></tr><tr><th>Type frein arrière</th><td>Disque</td></tr><tr><th>Type frein avant</th><td>Disque</td></tr><tr><th>Freinage couplé</th><td>No</td></tr><tr><th>Freinage régénératif</th><td>Si</td></tr><tr><th>Homologué 2 places</th><td>Si</td></tr><tr><th>Marche Arrière</th><td>Si</td></tr><tr><th>Prise USB</th><td>Si</td></tr><tr><th>Couleur</th><td>Blanc mat, Rouge Mat, Violet Mat, Gris mat, Noir Mat</td></tr><tr><th>Dimensioni</th><td>1820 × 670 × 1210 cm</td></tr><tr><th>GPS</th><td>No</td></tr><tr><th>Keyless</th><td>No</td></tr><tr><th>Marque</th><td>Yadea</td></tr><tr><th>Patente</th><td>Permis AM, Sans permis</td></tr><tr><th>Peso in ordine di marcia</th><td>114 kg</td></tr></table><h2>Note</h2><p>Disponibilita, prezzi e varianti possono variare. Si consiglia di verificare la configurazione selezionata prima dell'acquisto.</p>",,,,,Scooter elettrici > Sans Permis,,"https://www.go2roues.com/wp-content/uploads/2024/07/Yadea-Ezeego-violet.png, https://www.go2roues.com/wp-content/uploads/2024/07/Yadea-Ezeego-blanc.png, https://www.go2roues.com/wp-content/uploads/2024/07/Yadea-Ezeego-noir.png, https://www.go2roues.com/wp-content/uploads/2024/07/Yadea-Ezeego-rouge.png, https://www.go2roues.com/wp-content/uploads/2024/07/Yadea-Ezeego-gris-mat.png, http://www.go2roues.com/wp-content/uploads/2024/07/Yadea-Ezeego-violet.png",,Colore,,1,1,Finitura,,1,1,Yadea
variation,yadea-ezeego-blanc-mat,Yadea Ezeego - blanc-mat,1,visible,,,1990.00,,yes,no,,,https://www.go2roues.com/wp-content/uploads/2024/07/Yadea-Ezeego-blanc.png,www-go2roues-com-shop-yadea-ezeego,Colore,Blanc Mat,,,Finitura,,,,Yadea
variation,yadea-ezeego-rouge-mat,Yadea Ezeego - rouge-mat,1,visible,,,1990.00,,yes,no,,,https://www.go2roues.com/wp-content/uploads/2024/07/Yadea-Ezeego-rouge.png,www-go2roues-com-shop-yadea-ezeego,Colore,Rouge Mat,,,Finitura,,,,Yadea
variation,yadea-ezeego-violet-mat,Yadea Ezeego - violet-mat,1,visible,,,1990.00,,yes,no,,,https://www.go2roues.com/wp-content/uploads/2024/07/Yadea-Ezeego-violet.png,www-go2roues-com-shop-yadea-ezeego,Colore,Violet Mat,,,Finitura,,,,Yadea
variation,yadea-ezeego-gris-mat,Yadea Ezeego - gris-mat,1,visible,,,1990.00,,yes,no,,,https://www.go2roues.com/wp-content/uploads/2024/07/Yadea-Ezeego-gris-mat.png,www-go2roues-com-shop-yadea-ezeego,Colore,Gris Mat,,,Finitura,,,,Yadea
variation,yadea-ezeego-noir-mat,Yadea Ezeego - noir-mat,1,visible,,,1990.00,,yes,no,,,https://www.go2roues.com/wp-content/uploads/2024/07/Yadea-Ezeego-noir.png,www-go2roues-com-shop-yadea-ezeego,Colore,Noir Mat,,,Finitura,,,,Yadea
variable,www-go2roues-com-shop-ubco-rover-2x2,Ubco Rover 2x2,1,visible,"<p><strong>Ubco Rover 2x2</strong> di Ubco. <em>Venduto da Distribuzione Import Export S.R.L.</em>.</p><ul><li>Autonomia dichiarata: 80 km, 120 km</li><li>Velocita massima: 45 km/h</li><li>Tempo di ricarica: 4 à 6 heures</li><li>Peso: 14 kg, 18 kg</li></ul>","<h2>Panoramica</h2><p>Contenuto riscritto e ottimizzato per una boutique italiana: informazioni chiare, valori tecnici organizzati e testo pensato per aiutare la decisione d'acquisto.</p><p><strong>Venditore:</strong> Distribuzione Import Export S.R.L.</p><p><strong>Categoria:</strong> Scooter elettrici</p><h2>Punti di forza</h2><ul><li>La batterie de 14 kg avec 2.1 kWh de puissance pourra atteindre, au maximum, une autonomie de 80 km. (4 heures pour 100% de charge)</li><li>La batterie de 18 kg avec 3.1 kWh de puissance pourra atteindre, au maximum, une autonomie de 120 km. (6 heures pour 100% de charge)</li><li>La mallette de transport arrière (30L), offrant un grand espace supplémentaire pour transporter vos objets plus volumineux (casque intégral par exemple).</li></ul><h2>Scheda tecnica</h2><h3>Moteur</h3><table><tr><th>Couple maximal</th><td>184 Nm</td></tr><tr><th>Equivalenza cilindrata</th><td>Équivalent 50 cm3</td></tr><tr><th>Marque du moteur</th><td>UBCO</td></tr><tr><th>Potenza motore</th><td>1 000 x2</td></tr><tr><th>Transmission</th><td>Par courroie et chaîne</td></tr><tr><th>Velocita massima</th><td>45 km/h</td></tr></table><h3>Batterie</h3><table><tr><th>Autonomia</th><td>80 km, 120 km</td></tr><tr><th>Batteria rimovibile</th><td>Si</td></tr><tr><th>Caricatore incluso</th><td>Si</td></tr><tr><th>Intensité du chargeur</th><td>10A</td></tr><tr><th>Poids de la batterie</th><td>14 kg, 18 kg</td></tr><tr><th>Capacita batteria</th><td>2.1 kWh, 3.1 kWh</td></tr><tr><th>Tempo di ricarica</th><td>4 à 6 heures</td></tr><tr><th>Tipo di batteria</th><td>Lithium</td></tr><tr><th>Voltage & Ampérage de la Batterie</th><td>58V / 120A</td></tr></table><h3>Chassis</h3><table><tr><th>Charge maximale</th><td>150 kg</td></tr><tr><th>Empattement</th><td>1215 mm</td></tr><tr><th>Garde au sol minimale</th><td>220 mm</td></tr><tr><th>Hauteur de selle</th><td>815 mm</td></tr><tr><th>Hauteur hors tout</th><td>1040 mm</td></tr><tr><th>Largeur hors tout</th><td>820 mm</td></tr><tr><th>Longueur hors tout</th><td>1820 mm</td></tr></table><h3>Partie Cycle</h3><table><tr><th>Amortisseur arrière réglable</th><td>Si</td></tr><tr><th>Amortisseur avant réglable</th><td>Si</td></tr><tr><th>Taille frein arrière</th><td>240 x 2,7 mm</td></tr><tr><th>Taille frein avant</th><td>240 x 2,7 mm</td></tr><tr><th>Taille pneu arrière</th><td>17 x 2,75 pouces</td></tr><tr><th>Taille pneu avant</th><td>17 x 2,75 pouces</td></tr><tr><th>Type frein arrière</th><td>Disque</td></tr><tr><th>Type frein avant</th><td>Disque</td></tr><tr><th>Alarme</th><td>No</td></tr><tr><th>Freinage régénératif</th><td>Si</td></tr><tr><th>Homologué 2 places</th><td>No</td></tr><tr><th>Modes de conduites</th><td>3</td></tr><tr><th>Prise USB</th><td>No</td></tr><tr><th>Rangement casque sous la selle</th><td>No</td></tr><tr><th>Régulateur</th><td>No</td></tr><tr><th>Capacité d'emport</th><td>150 kg</td></tr><tr><th>Categoria omologazione</th><td>L1e</td></tr><tr><th>Code National</th><td>CL</td></tr><tr><th>Couleur</th><td>Kaki, Blanc, Noir</td></tr><tr><th>Marque</th><td>Ubco</td></tr><tr><th>Patente</th><td>Permis AM, Permis B</td></tr><tr><th>Peso in ordine di marcia</th><td>71 kg</td></tr></table><h2>Note</h2><p>Disponibilita, prezzi e varianti possono variare. Si consiglia di verificare la configurazione selezionata prima dell'acquisto.</p>",,,,,Scooter elettrici,,"https://www.go2roues.com/wp-content/uploads/2023/07/ubco-noir-face-droit-2.png, https://www.go2roues.com/wp-content/uploads/2023/07/ubco-blanc-avant-droit.png, https://www.go2roues.com/wp-content/uploads/2023/07/UBCO-ROVER-SE-FACE-AVANT-DROIT.png, https://www.go2roues.com/wp-content/uploads/2023/07/ubco-noir-cote-droit.png, https://www.go2roues.com/wp-content/uploads/2023/07/ubco-blanc-cote-droit.png, https://www.go2roues.com/wp-content/uploads/2023/07/UBCO-ROVER-SE-COTE-DROIT.png, https://www.go2roues.com/wp-content/uploads/2023/07/UBCO-ROVER-SE-FACE-AVANT-GAUCHE.png, https://www.go2roues.com/wp-content/uploads/2023/07/UBCO-ROVER-SE-DESSUS.png, https://www.go2roues.com/wp-content/uploads/2023/07/ubco-blanc-arriere.png, https://www.go2roues.com/wp-content/uploads/2023/07/ubco-noir-arriere.png, https://www.go2roues.com/wp-content/uploads/2023/07/UBCO-ROVER-SE-ARRIERE.png, https://www.go2roues.com/wp-content/uploads/2023/07/ubco-blanc-face.png, https://www.go2roues.com/wp-content/uploads/2023/07/ubco-noir-avant.png, https://www.go2roues.com/wp-content/uploads/2023/07/UBCO-ROVER-SE-AVANT-1.png, http://www.go2roues.com/wp-content/uploads/2023/07/ubco-noir-face-droit-2.png",,Colore,,1,1,Finitura,,1,1,Ubco
variation,ubco-rover-2x2-3-1-kwh-kaki,Ubco Rover 2x2 - 3-1-kwh / kaki,1,visible,,,7000.00,,yes,notify,,,https://www.go2roues.com/wp-content/uploads/2023/07/UBCO-ROVER-SE-FACE-AVANT-DROIT.png,www-go2roues-com-shop-ubco-rover-2x2,Colore,Kaki,,,Finitura,,,,Ubco
variation,ubco-rover-2x2-2-1-kwh-blanc,Ubco Rover 2x2 - 2-1-kwh / blanc,1,visible,,,4675.00,,yes,notify,,,https://www.go2roues.com/wp-content/uploads/2023/07/ubco-blanc-avant-droit.png,www-go2roues-com-shop-ubco-rover-2x2,Colore,Bianco,,,Finitura,,,,Ubco
variation,ubco-rover-2x2-3-1-kwh-blanc,Ubco Rover 2x2 - 3-1-kwh / blanc,1,visible,,,5775.00,,yes,notify,,,https://www.go2roues.com/wp-content/uploads/2023/07/ubco-blanc-avant-droit.png,www-go2roues-com-shop-ubco-rover-2x2,Colore,Bianco,,,Finitura,,,,Ubco
variation,ubco-rover-2x2-2-1-kwh-noir,Ubco Rover 2x2 - 2-1-kwh / noir,1,visible,,,5250.00,,yes,notify,,,https://www.go2roues.com/wp-content/uploads/2023/07/ubco-noir-face-droit-2.png,www-go2roues-com-shop-ubco-rover-2x2,Colore,Nero,,,Finitura,,,,Ubco
variation,ubco-rover-2x2-3-1-kwh-noir,Ubco Rover 2x2 - 3-1-kwh / noir,1,visible,,,6300.00,,yes,notify,,,https://www.go2roues.com/wp-content/uploads/2023/07/ubco-noir-face-droit-2.png,www-go2roues-com-shop-ubco-rover-2x2,Colore,Nero,,,Finitura,,,,Ubco
simple,yadea-f200,Yadea F200,1,visible,<p><strong>Yadea F200</strong> . <em>Venduto da Distribuzione Import Export S.R.L.</em>.</p><ul><li>Autonomia dichiarata: 130 km</li><li>Velocita massima: 100 km/h</li></ul>,"<h2>Panoramica</h2><p>Contenuto riscritto e ottimizzato per una boutique italiana: informazioni chiare, valori tecnici organizzati e testo pensato per aiutare la decisione d'acquisto.</p><p><strong>Venditore:</strong> Distribuzione Import Export S.R.L.</p><p><strong>Categoria:</strong> Scooter elettrici > 125</p><h2>Scheda tecnica</h2><h3>Moteur</h3><table><tr><th>Couple maximal</th><td>238 Nm</td></tr><tr><th>Equivalenza cilindrata</th><td>Équivalent 125 cm3</td></tr><tr><th>Marque du moteur</th><td>Yadea</td></tr><tr><th>Potenza massima</th><td>10 000 W</td></tr><tr><th>Potenza motore</th><td>5 500 W</td></tr><tr><th>Transmission</th><td>Par courroie</td></tr><tr><th>Velocita massima</th><td>100 km/h</td></tr></table><h3>Batterie</h3><table><tr><th>Autonomia</th><td>130 km</td></tr><tr><th>Batteria rimovibile</th><td>Si</td></tr><tr><th>Caricatore incluso</th><td>Si</td></tr><tr><th>Capacita batteria</th><td>1.94 kWh x 2</td></tr><tr><th>Tipo di batteria</th><td>Lithium</td></tr><tr><th>Voltage & Ampérage de la Batterie</th><td>72V / 27Ah x 2</td></tr></table><h3>Chassis</h3><table><tr><th>Hauteur de selle</th><td>760 mm</td></tr><tr><th>Hauteur hors tout</th><td>1 295 mm</td></tr><tr><th>Largeur hors tout</th><td>820 mm</td></tr><tr><th>Longueur hors tout</th><td>1 923 mm</td></tr></table><h3>Partie Cycle</h3><table><tr><th>Amortisseur arrière réglable</th><td>Si</td></tr><tr><th>Amortisseur avant réglable</th><td>No</td></tr><tr><th>Taille pneu arrière</th><td>130/70-13</td></tr><tr><th>Taille pneu avant</th><td>110/70-14</td></tr><tr><th>Taille roue arrière</th><td>13 pouces</td></tr><tr><th>Taille roue avant</th><td>14 pouces</td></tr><tr><th>Type frein arrière</th><td>Disque</td></tr><tr><th>Type frein avant</th><td>Disque</td></tr><tr><th>Alarme</th><td>No</td></tr><tr><th>Freinage couplé</th><td>ABS</td></tr><tr><th>Freinage régénératif</th><td>Si</td></tr><tr><th>Homologué 2 places</th><td>Si</td></tr><tr><th>Marche Arrière</th><td>Si</td></tr><tr><th>Prise USB</th><td>Si</td></tr><tr><th>Rangement casque sous la selle</th><td>Si</td></tr><tr><th>Régulateur</th><td>Si</td></tr><tr><th>Accélération</th><td>0 à 50 km/h en 2.5 secondes</td></tr><tr><th>Categoria omologazione</th><td>L3e</td></tr><tr><th>Code National</th><td>MTL</td></tr><tr><th>Couleur</th><td>Bleu</td></tr><tr><th>Dimensioni</th><td>192 × 66 × 113 cm</td></tr><tr><th>Marque</th><td>Yadea</td></tr><tr><th>Modèle</th><td>F200</td></tr><tr><th>Patente</th><td>Permis B + Formation 7h</td></tr></table><h2>Note</h2><p>Disponibilita, prezzi e varianti possono variare. Si consiglia di verificare la configurazione selezionata prima dell'acquisto.</p>",0.00,,yes,no,Scooter elettrici > 125,,"https://www.go2roues.com/wp-content/uploads/2022/12/yadea-vf200-bleu-trois-quart-face-droit.jpg, https://www.go2roues.com/wp-content/uploads/2022/12/yadea-vf200-compteur.jpg, https://www.go2roues.com/wp-content/uploads/2022/12/yadea-vf200-selle.jpg, https://www.go2roues.com/wp-content/uploads/2022/12/yadea-vf200-feu-arriere.jpg, https://www.go2roues.com/wp-content/uploads/2022/12/yadea-vf200-noir-eicma-2022.jpg",,,,,,,,,,
simple,lvneng-gener,LVNENG Gener,1,visible,<p><strong>LVNENG Gener</strong> . <em>Venduto da Distribuzione Import Export S.R.L.</em>.</p><ul><li>Autonomia dichiarata: 45 km</li><li>Velocita massima: 25 km/h</li><li>Tempo di ricarica: 6 h</li><li>Peso: 8 kg</li></ul>,"<h2>Panoramica</h2><p>Contenuto riscritto e ottimizzato per una boutique italiana: informazioni chiare, valori tecnici organizzati e testo pensato per aiutare la decisione d'acquisto.</p><p><strong>Venditore:</strong> Distribuzione Import Export S.R.L.</p><p><strong>Categoria:</strong> Scooter elettrici > Sans Permis</p><h2>Scheda tecnica</h2><h3>Moteur</h3><table><tr><th>Equivalenza cilindrata</th><td>Équivalent 50 cm3</td></tr><tr><th>Marque du moteur</th><td>Bosch</td></tr><tr><th>Potenza massima</th><td>810 W</td></tr><tr><th>Potenza motore</th><td>810 W</td></tr><tr><th>Transmission</th><td>Moteur intégré dans la roue arrière</td></tr><tr><th>Velocita massima</th><td>25 km/h</td></tr></table><h3>Batterie</h3><table><tr><th>Autonomia</th><td>45 km</td></tr><tr><th>Batteria rimovibile</th><td>Si</td></tr><tr><th>Caricatore incluso</th><td>Si</td></tr><tr><th>Poids de la batterie</th><td>8 kg</td></tr><tr><th>Capacita batteria</th><td>1.12 kWh</td></tr><tr><th>Tempo di ricarica</th><td>6 h</td></tr><tr><th>Tipo di batteria</th><td>Lithium</td></tr><tr><th>Voltage & Ampérage de la Batterie</th><td>48V / 23.4Ah</td></tr></table><h3>Chassis</h3><table><tr><th>Charge maximale</th><td>168 kg</td></tr><tr><th>Hauteur hors tout</th><td>1 140 mm</td></tr><tr><th>Largeur hors tout</th><td>570 mm</td></tr><tr><th>Longueur hors tout</th><td>1 890 mm</td></tr></table><h3>Partie Cycle</h3><table><tr><th>Amortisseur arrière réglable</th><td>No</td></tr><tr><th>Amortisseur avant réglable</th><td>No</td></tr><tr><th>Taille pneu arrière</th><td>2.75-10</td></tr><tr><th>Taille pneu avant</th><td>2.75-10</td></tr><tr><th>Taille roue arrière</th><td>10 pouces</td></tr><tr><th>Taille roue avant</th><td>10 pouces</td></tr><tr><th>Type frein arrière</th><td>Disque</td></tr><tr><th>Type frein avant</th><td>Tambour</td></tr><tr><th>Alarme</th><td>Si</td></tr><tr><th>Freinage couplé</th><td>No</td></tr><tr><th>Freinage régénératif</th><td>No</td></tr><tr><th>Homologué 2 places</th><td>No</td></tr><tr><th>Marche Arrière</th><td>No</td></tr><tr><th>Modes de conduites</th><td>Si</td></tr><tr><th>Prise USB</th><td>Si</td></tr><tr><th>Régulateur</th><td>No</td></tr><tr><th>Categoria omologazione</th><td>L1e</td></tr><tr><th>Code National</th><td>CL</td></tr><tr><th>Couleur</th><td>Blanc</td></tr><tr><th>Dimensioni</th><td>188 × 72 × 109 cm</td></tr><tr><th>Marque</th><td>Lvneng</td></tr><tr><th>Modèle</th><td>Gener</td></tr><tr><th>Patente</th><td>Permis A1, Sans permis</td></tr><tr><th>Peso in ordine di marcia</th><td>64 kg</td></tr></table><h2>Note</h2><p>Disponibilita, prezzi e varianti possono variare. Si consiglia di verificare la configurazione selezionata prima dell'acquisto.</p>",1699.00,,yes,no,Scooter elettrici > Sans Permis,,"http://www.go2roues.com/wp-content/uploads/2022/05/lvneng-gener-blanc-trois-quart-face-droit.jpg, https://www.go2roues.com/wp-content/uploads/2022/05/lvneng-gener-blanc-trois-quart-face-droit.jpg, https://www.go2roues.com/wp-content/uploads/2022/05/lvneng-gener-blanc-cote-droit.jpg, https://www.go2roues.com/wp-content/uploads/2022/05/lvneng-gener-blanc-trois-quart-arriere-gauche.jpg, https://www.go2roues.com/wp-content/uploads/2022/05/lvneng-gener-blanc-cote-gauche.jpg, https://www.go2roues.com/wp-content/uploads/2022/05/lvneng-gener-blanc-vue-devant.jpg, https://www.go2roues.com/wp-content/uploads/2022/05/lvneng-gener-moteur-phare-compteur.jpg, https://www.go2roues.com/wp-content/uploads/2022/05/lvneng-gener-blanc-trois-quart-face-gauche-phare.jpg",,,,,,,,,,LVNENG
simple,yadea-voltguard-vfv-pro,Yadea Voltguard VFV Pro,1,visible,<p><strong>Yadea Voltguard VFV Pro</strong> . <em>Venduto da Distribuzione Import Export S.R.L.</em>.</p><ul><li>Autonomia dichiarata: 100 km</li><li>Velocita massima: 80 km/h</li></ul>,"<h2>Panoramica</h2><p>Contenuto riscritto e ottimizzato per una boutique italiana: informazioni chiare, valori tecnici organizzati e testo pensato per aiutare la decisione d'acquisto.</p><p><strong>Venditore:</strong> Distribuzione Import Export S.R.L.</p><p><strong>Categoria:</strong> Scooter elettrici > 125</p><h2>Scheda tecnica</h2><h3>Moteur</h3><table><tr><th>Couple maximal</th><td>189 Nm</td></tr><tr><th>Equivalenza cilindrata</th><td>Équivalent 125 cm3</td></tr><tr><th>Marque du moteur</th><td>Yadea</td></tr><tr><th>Potenza massima</th><td>5 500 W</td></tr><tr><th>Potenza motore</th><td>3 000 W</td></tr><tr><th>Transmission</th><td>Par courroie</td></tr><tr><th>Velocita massima</th><td>80 km/h</td></tr></table><h3>Batterie</h3><table><tr><th>Autonomia</th><td>100 km</td></tr><tr><th>Batteria rimovibile</th><td>Si</td></tr><tr><th>Caricatore incluso</th><td>Si</td></tr><tr><th>Capacita batteria</th><td>1.94 kWh x 2</td></tr><tr><th>Tipo di batteria</th><td>Lithium</td></tr><tr><th>Voltage & Ampérage de la Batterie</th><td>72V / 27Ah x 2</td></tr></table><h3>Chassis</h3><table><tr><th>Hauteur de selle</th><td>770 mm</td></tr><tr><th>Hauteur hors tout</th><td>1 138 mm</td></tr><tr><th>Largeur hors tout</th><td>660 mm</td></tr><tr><th>Longueur hors tout</th><td>1 924 mm</td></tr></table><h3>Partie Cycle</h3><table><tr><th>Amortisseur arrière réglable</th><td>Si</td></tr><tr><th>Amortisseur avant réglable</th><td>No</td></tr><tr><th>Taille pneu arrière</th><td>100/90-14</td></tr><tr><th>Taille pneu avant</th><td>90/90-14</td></tr><tr><th>Taille roue arrière</th><td>14 pouces</td></tr><tr><th>Taille roue avant</th><td>14 pouces</td></tr><tr><th>Type frein arrière</th><td>Disque</td></tr><tr><th>Type frein avant</th><td>Disque</td></tr><tr><th>Alarme</th><td>No</td></tr><tr><th>Freinage couplé</th><td>Si</td></tr><tr><th>Freinage régénératif</th><td>Si</td></tr><tr><th>Homologué 2 places</th><td>Si</td></tr><tr><th>Marche Arrière</th><td>Si</td></tr><tr><th>Prise USB</th><td>Si</td></tr><tr><th>Rangement casque sous la selle</th><td>No</td></tr><tr><th>Régulateur</th><td>Si</td></tr><tr><th>Accélération</th><td>0 à 50 km/h en 4 secondes</td></tr><tr><th>Categoria omologazione</th><td>L3e</td></tr><tr><th>Code National</th><td>MTL</td></tr><tr><th>Couleur</th><td>Rouge</td></tr><tr><th>Dimensioni</th><td>192 × 66 × 113 cm</td></tr><tr><th>Marque</th><td>Yadea</td></tr><tr><th>Modèle</th><td>VoltGuard VFV Pro</td></tr><tr><th>Patente</th><td>Permis B + Formation 7h</td></tr></table><h2>Note</h2><p>Disponibilita, prezzi e varianti possono variare. Si consiglia di verificare la configurazione selezionata prima dell'acquisto.</p>",0.00,,yes,no,Scooter elettrici > 125,,"https://www.go2roues.com/wp-content/uploads/2022/12/yadea-voltguard-rouge-trois-quart-face-droit.jpg, https://www.go2roues.com/wp-content/uploads/2022/12/yadea-voltguard-rouge-trois-quart-arriere-droit.jpg, https://www.go2roues.com/wp-content/uploads/2022/12/yadea-voltguard-rouge-vue-avant.jpg, https://www.go2roues.com/wp-content/uploads/2022/12/yadea-voltguard-poste-de-pilotage.jpg, https://www.go2roues.com/wp-content/uploads/2022/12/yadea-voltguard-selle.jpg, https://www.go2roues.com/wp-content/uploads/2022/12/yadea-voltguard-phare-gros-plan.jpg, https://www.go2roues.com/wp-content/uploads/2022/12/yadea-voltguard-gros-plan-gros-plan.jpg, https://www.go2roues.com/wp-content/uploads/2022/12/yadea-voltguard-virage.jpg, https://www.go2roues.com/wp-content/uploads/2022/12/yadea-voltguard-route-campagne.jpg, https://www.go2roues.com/wp-content/uploads/2022/12/yadea-voltguard-rouge-ville.jpg, https://www.go2roues.com/wp-content/uploads/2022/12/yadea-voltguard-lifestyle-route-ville.jpg, https://www.go2roues.com/wp-content/uploads/2022/12/yadea-voltguard-lifestyle-fontaine.jpg",,,,,,,,,,
variable,www-go2roues-com-shop-lvneng-nce-s,LVNENG NCE S,1,visible,"<p><strong>LVNENG NCE S</strong> di Lvneng. <em>Venduto da Distribuzione Import Export S.R.L.</em>.</p><ul><li>Autonomia dichiarata: 140 km</li><li>Velocita massima: 45 km/h, 90 km/h</li><li>Tempo di ricarica: 3.5 h par batterie</li></ul>","<h2>Panoramica</h2><p>Contenuto riscritto e ottimizzato per una boutique italiana: informazioni chiare, valori tecnici organizzati e testo pensato per aiutare la decisione d'acquisto.</p><p><strong>Venditore:</strong> Distribuzione Import Export S.R.L.</p><p><strong>Categoria:</strong> Scooter elettrici > 125</p><h2>Punti di forza</h2><ul><li>vitesse maximale : 45 km/h</li><li>nombre de batterie : 1</li><li>autonomie en mode éco : 70 kilomètres</li><li>puissance moteur : 3 900 watts</li></ul><h2>Scheda tecnica</h2><h3>Moteur</h3><table><tr><th>Couple maximal</th><td>170 Nm</td></tr><tr><th>Equivalenza cilindrata</th><td>Équivalent 125 cm3</td></tr><tr><th>Marque du moteur</th><td>Lvneng</td></tr><tr><th>Potenza massima</th><td>6 600 W</td></tr><tr><th>Potenza motore</th><td>6 600 W</td></tr><tr><th>Transmission</th><td>Moteur intégré dans la roue arrière</td></tr><tr><th>Velocita massima</th><td>45 km/h, 90 km/h</td></tr></table><h3>Batterie</h3><table><tr><th>Autonomia</th><td>140 km</td></tr><tr><th>Batteria rimovibile</th><td>Si</td></tr><tr><th>Caricatore incluso</th><td>Si</td></tr><tr><th>Intensité du chargeur</th><td>12A</td></tr><tr><th>Capacita batteria</th><td>2.44 kWh x 2</td></tr><tr><th>Tempo di ricarica</th><td>3.5 h par batterie</td></tr><tr><th>Tipo di batteria</th><td>Lithium</td></tr><tr><th>Voltage & Ampérage de la Batterie</th><td>72V / 34Ah x 2</td></tr></table><h3>Chassis</h3><table><tr><th>Hauteur hors tout</th><td>1 195 mm</td></tr><tr><th>Largeur hors tout</th><td>725 mm</td></tr><tr><th>Longueur hors tout</th><td>1 960 mm</td></tr></table><h3>Partie Cycle</h3><table><tr><th>Amortisseur arrière réglable</th><td>No</td></tr><tr><th>Amortisseur avant réglable</th><td>No</td></tr><tr><th>Taille frein arrière</th><td>220 mm</td></tr><tr><th>Taille frein avant</th><td>250 mm</td></tr><tr><th>Taille pneu arrière</th><td>120/70-14</td></tr><tr><th>Taille pneu avant</th><td>120/70-14</td></tr><tr><th>Taille roue arrière</th><td>14 pouces</td></tr><tr><th>Taille roue avant</th><td>14 pouces</td></tr><tr><th>Type frein arrière</th><td>Disque</td></tr><tr><th>Type frein avant</th><td>Disque</td></tr><tr><th>Alarme</th><td>Si</td></tr><tr><th>Freinage couplé</th><td>Si</td></tr><tr><th>Homologué 2 places</th><td>Si</td></tr><tr><th>Prise USB</th><td>Si</td></tr><tr><th>Rangement casque sous la selle</th><td>Si</td></tr><tr><th>Categoria omologazione</th><td>L3e</td></tr><tr><th>Code National</th><td>MTL</td></tr><tr><th>Couleur</th><td>Blanc, Gris, Noir Mat</td></tr><tr><th>Dimensioni</th><td>196 × 72 × 119 cm</td></tr><tr><th>Marque</th><td>Lvneng</td></tr><tr><th>Modèle</th><td>NCE S</td></tr><tr><th>Patente</th><td>Permis A1, Permis B + Formation 7h</td></tr></table><h2>Note</h2><p>Disponibilita, prezzi e varianti possono variare. Si consiglia di verificare la configurazione selezionata prima dell'acquisto.</p>",,,,,Scooter elettrici > 125,,"https://www.go2roues.com/wp-content/uploads/2022/07/lvneng-nce-s-gris-trois-quart-face-droit.jpg, https://www.go2roues.com/wp-content/uploads/2022/07/lvneng-nce-s-blanc-cote-droit.jpg, https://www.go2roues.com/wp-content/uploads/2022/07/lvneng-nce-s-blanc-trois-quart-arriere-droit.jpg, https://www.go2roues.com/wp-content/uploads/2022/07/lvneng-nce-s-blanc-vue-arriere.jpg, https://www.go2roues.com/wp-content/uploads/2022/07/lvneng-nce-s-blanc-trois-quart-arriere-gauche.jpg, https://www.go2roues.com/wp-content/uploads/2022/07/lvneng-nce-s-blanc-cote-gauche.jpg, https://www.go2roues.com/wp-content/uploads/2022/07/lvneng-nce-s-blanc-trois-quart-face-gauche.jpg, https://www.go2roues.com/wp-content/uploads/2022/07/lvneng-nce-s-blanc-vue-devant.jpg, https://www.go2roues.com/wp-content/uploads/2022/07/lvneng-nce-slvneng-nce-s-blanc-roue-avant.jpg, https://www.go2roues.com/wp-content/uploads/2022/07/lvneng-nce-s-blanc-coffre-casque.jpg, https://www.go2roues.com/wp-content/uploads/2022/07/lvneng-nce-s-blanc-batteries.jpg, https://www.go2roues.com/wp-content/uploads/2022/07/lvneng-nce-s-ecran-bord-vert.jpg, https://www.go2roues.com/wp-content/uploads/2022/07/lvneng-nce-s-ecran-bord-bleu.jpg, http://www.go2roues.com/wp-content/uploads/2022/07/lvneng-nce-s-gris-trois-quart-face-droit.jpg",,Colore,,1,1,Finitura,,1,1,Lvneng
variation,lvneng-nce-s-gris-90-km-h,LVNENG NCE S - gris / 90-km-h,1,visible,,,6999.00,,yes,no,,,https://www.go2roues.com/wp-content/uploads/2022/07/lvneng-nce-s-gris-trois-quart-face-droit.jpg,www-go2roues-com-shop-lvneng-nce-s,Colore,Grigio,,,Finitura,,,,Lvneng
variation,lvneng-nce-s-noir-mat-45-km-h,LVNENG NCE S - noir-mat / 45-km-h,1,visible,,,3090.00,,yes,no,,,https://www.go2roues.com/wp-content/uploads/2024/07/lvneng-nce-45-noir-mat-avant-droit-1.jpg,www-go2roues-com-shop-lvneng-nce-s,Colore,Noir Mat,,,Finitura,,,,Lvneng
variable,www-go2roues-com-shop-horwin-sk1,Horwin SK1,1,visible,"<p><strong>Horwin SK1</strong> di HORWIN. <em>Venduto da Distribuzione Import Export S.R.L.</em>.</p><ul><li>Autonomia dichiarata: 65 km, 70 km, 96 km, 130 km</li><li>Velocita massima: 45 km/h</li><li>Tempo di ricarica: 3 h 30 par batterie</li><li>Peso: 18 kg</li></ul>","<h2>Panoramica</h2><p>Contenuto riscritto e ottimizzato per una boutique italiana: informazioni chiare, valori tecnici organizzati e testo pensato per aiutare la decisione d'acquisto.</p><p><strong>Venditore:</strong> Distribuzione Import Export S.R.L.</p><p><strong>Categoria:</strong> Scooter elettrici > Sans Permis</p><h2>Scheda tecnica</h2><h3>Moteur</h3><table><tr><th>Equivalenza cilindrata</th><td>Équivalent 50 cm3</td></tr><tr><th>Marque du moteur</th><td>Horwin</td></tr><tr><th>Potenza massima</th><td>3 000 W</td></tr><tr><th>Potenza motore</th><td>2 000 W</td></tr><tr><th>Transmission</th><td>Moteur intégré dans la roue arrière</td></tr><tr><th>Velocita massima</th><td>45 km/h</td></tr></table><h3>Batterie</h3><table><tr><th>Autonomia</th><td>65 km, 70 km, 96 km, 130 km</td></tr><tr><th>Batteria rimovibile</th><td>Si</td></tr><tr><th>Caricatore incluso</th><td>Si</td></tr><tr><th>Intensité du chargeur</th><td>8A</td></tr><tr><th>Poids de la batterie</th><td>18 kg</td></tr><tr><th>Capacita batteria</th><td>2.59 kWh, 2.59 kWh x 2</td></tr><tr><th>Tempo di ricarica</th><td>3 h 30 par batterie</td></tr><tr><th>Tipo di batteria</th><td>Lithium</td></tr><tr><th>Voltage & Ampérage de la Batterie</th><td>72V / 36Ah, 72V / 36Ah x 2</td></tr></table><h3>Chassis</h3><table><tr><th>Charge maximale</th><td>270 kg</td></tr><tr><th>Empattement</th><td>1 360 mm</td></tr><tr><th>Garde au sol minimale</th><td>155 mm</td></tr><tr><th>Hauteur de selle</th><td>790 mm</td></tr><tr><th>Hauteur hors tout</th><td>1 130 mm</td></tr><tr><th>Largeur hors tout</th><td>750 mm</td></tr><tr><th>Longueur hors tout</th><td>1 993 mm</td></tr></table><h3>Partie Cycle</h3><table><tr><th>Taille pneu arrière</th><td>120/70-14</td></tr><tr><th>Taille pneu avant</th><td>110/70-14</td></tr><tr><th>Taille roue arrière</th><td>14 pouces</td></tr><tr><th>Taille roue avant</th><td>14 pouces</td></tr><tr><th>Type frein arrière</th><td>Disque</td></tr><tr><th>Type frein avant</th><td>Disque</td></tr><tr><th>Freinage couplé</th><td>No</td></tr><tr><th>Homologué 2 places</th><td>Si</td></tr><tr><th>Marche Arrière</th><td>No</td></tr><tr><th>Modes de conduites</th><td>3</td></tr><tr><th>Prise USB</th><td>No</td></tr><tr><th>Rangement casque sous la selle</th><td>Si</td></tr><tr><th>Régulateur</th><td>Si</td></tr><tr><th>Categoria omologazione</th><td>L1e</td></tr><tr><th>Code National</th><td>CL</td></tr><tr><th>Couleur</th><td>Blanc, Gris</td></tr><tr><th>Dimensioni</th><td>1900 × 690 × 1130 cm</td></tr><tr><th>Marque</th><td>HORWIN</td></tr><tr><th>Modèle</th><td>SK1</td></tr><tr><th>Patente</th><td>Permis AM, Sans permis</td></tr><tr><th>Peso in ordine di marcia</th><td>110 kg</td></tr></table><h2>Note</h2><p>Disponibilita, prezzi e varianti possono variare. Si consiglia di verificare la configurazione selezionata prima dell'acquisto.</p>",,,,,Scooter elettrici > Sans Permis,,"https://www.go2roues.com/wp-content/uploads/2023/08/Horwin-SK1-avant-droit.png, https://www.go2roues.com/wp-content/uploads/2023/08/Horwin-SK1-cote-gauche.png, https://www.go2roues.com/wp-content/uploads/2023/09/HORWIN-SK1-BLANC-AVANT-GAUCHE.png, https://www.go2roues.com/wp-content/uploads/2023/08/Horwin-SK1-arriere-droit.png, https://www.go2roues.com/wp-content/uploads/2022/05/horwin-sk1-blanc-trois-quart-arriere-droit.jpg, https://www.go2roues.com/wp-content/uploads/2023/08/Horwin-SK1-arriere-gauche.png, https://www.go2roues.com/wp-content/uploads/2023/08/Horwin-SK1-avant-gauche-.png, https://www.go2roues.com/wp-content/uploads/2023/09/HORWIN-SK1-BLANC-COTE-GAUCHE.png, https://www.go2roues.com/wp-content/uploads/2023/09/HORWIN-SK1-BLANC-COTE-DROIT.png, https://www.go2roues.com/wp-content/uploads/2022/05/horwin-sk1-blanc-vue-arriere.jpg, https://www.go2roues.com/wp-content/uploads/2022/05/horwin-sk1-blanc-vue-avant.jpg, https://www.go2roues.com/wp-content/uploads/2023/09/HORWIN-SK1-BLANC-ARRIERE-GAUCHE.png, https://www.go2roues.com/wp-content/uploads/2023/09/HORWIN-SK1-BLANC-ARRIERE-GAUCHE-ZOOM.png, https://www.go2roues.com/wp-content/uploads/2022/05/horwin-sk1-moteur-gros-plan.jpg, https://www.go2roues.com/wp-content/uploads/2023/08/Horwin-SK1-guidon.png",,Colore,,1,1,Finitura,,1,1,HORWIN
variation,horwin-sk1-65-km-blanc,Horwin SK1 - 65-km / blanc,1,visible,,,3690.00,,yes,notify,,,https://www.go2roues.com/wp-content/uploads/2023/09/HORWIN-SK1-BLANC-AVANT-DROIT.png,www-go2roues-com-shop-horwin-sk1,Colore,Bianco,,,Finitura,,,,HORWIN
variation,horwin-sk1-65-km-gris,Horwin SK1 - 65-km / gris,1,visible,,,3690.00,,yes,notify,,,https://www.go2roues.com/wp-content/uploads/2023/08/Horwin-SK1-avant-droit.png,www-go2roues-com-shop-horwin-sk1,Colore,Grigio,,,Finitura,,,,HORWIN
variation,horwin-sk1-130-km-blanc,Horwin SK1 - 130-km / blanc,1,visible,,,5190.00,,yes,notify,,,https://www.go2roues.com/wp-content/uploads/2023/09/HORWIN-SK1-BLANC-AVANT-DROIT.png,www-go2roues-com-shop-horwin-sk1,Colore,Bianco,,,Finitura,,,,HORWIN
variation,horwin-sk1-130-km-gris,Horwin SK1 - 130-km / gris,1,visible,,,5190.00,,yes,notify,,,https://www.go2roues.com/wp-content/uploads/2023/08/Horwin-SK1-avant-droit.png,www-go2roues-com-shop-horwin-sk1,Colore,Grigio,,,Finitura,,,,HORWIN
variable,www-go2roues-com-shop-lvneng-s4,LVNENG S4,1,visible,"<p><strong>LVNENG S4</strong> di Lvneng. <em>Venduto da Distribuzione Import Export S.R.L.</em>.</p><ul><li>Autonomia dichiarata: 60 km, 120 km</li><li>Velocita massima: 45 km/h</li><li>Tempo di ricarica: 5 h par batterie</li><li>Peso: 9 kg</li></ul>","<h2>Panoramica</h2><p>Contenuto riscritto e ottimizzato per una boutique italiana: informazioni chiare, valori tecnici organizzati e testo pensato per aiutare la decisione d'acquisto.</p><p><strong>Venditore:</strong> Distribuzione Import Export S.R.L.</p><p><strong>Categoria:</strong> Scooter elettrici > Sans Permis</p><h2>Scheda tecnica</h2><h3>Moteur</h3><table><tr><th>Equivalenza cilindrata</th><td>Équivalent 50 cm3</td></tr><tr><th>Marque du moteur</th><td>Bosch</td></tr><tr><th>Potenza massima</th><td>1 440 W</td></tr><tr><th>Potenza motore</th><td>1 440 W</td></tr><tr><th>Transmission</th><td>Moteur intégré dans la roue arrière</td></tr><tr><th>Velocita massima</th><td>45 km/h</td></tr></table><h3>Batterie</h3><table><tr><th>Autonomia</th><td>60 km, 120 km</td></tr><tr><th>Batteria rimovibile</th><td>Si</td></tr><tr><th>Caricatore incluso</th><td>Si</td></tr><tr><th>Poids de la batterie</th><td>9 kg</td></tr><tr><th>Capacita batteria</th><td>1.24 kWh, 1.24 kWh x 2</td></tr><tr><th>Tempo di ricarica</th><td>5 h par batterie</td></tr><tr><th>Tipo di batteria</th><td>Lithium</td></tr><tr><th>Voltage & Ampérage de la Batterie</th><td>48V / 26Ah, 48V / 26Ah x 2</td></tr></table><h3>Chassis</h3><table><tr><th>Charge maximale</th><td>217 kg</td></tr><tr><th>Hauteur hors tout</th><td>1 050 mm</td></tr><tr><th>Largeur hors tout</th><td>700 mm</td></tr><tr><th>Longueur hors tout</th><td>1 700 mm</td></tr></table><h3>Partie Cycle</h3><table><tr><th>Amortisseur arrière réglable</th><td>No</td></tr><tr><th>Amortisseur avant réglable</th><td>No</td></tr><tr><th>Taille pneu arrière</th><td>80/100-10</td></tr><tr><th>Taille pneu avant</th><td>80/100-10</td></tr><tr><th>Taille roue arrière</th><td>10 pouces</td></tr><tr><th>Taille roue avant</th><td>10 pouces</td></tr><tr><th>Type frein arrière</th><td>Disque</td></tr><tr><th>Type frein avant</th><td>Disque</td></tr><tr><th>Alarme</th><td>Si</td></tr><tr><th>Freinage couplé</th><td>No</td></tr><tr><th>Freinage régénératif</th><td>No</td></tr><tr><th>Homologué 2 places</th><td>Si</td></tr><tr><th>Marche Arrière</th><td>No</td></tr><tr><th>Prise USB</th><td>Si</td></tr><tr><th>Régulateur</th><td>No</td></tr><tr><th>Categoria omologazione</th><td>L1e</td></tr><tr><th>Code National</th><td>CL</td></tr><tr><th>Couleur</th><td>Blanc, Gris, Noir</td></tr><tr><th>Dimensioni</th><td>189 × 57 × 114 cm</td></tr><tr><th>Marque</th><td>Lvneng</td></tr><tr><th>Modèle</th><td>S4</td></tr><tr><th>Patente</th><td>Permis A1, Sans permis</td></tr><tr><th>Peso in ordine di marcia</th><td>70 kg</td></tr></table><h2>Note</h2><p>Disponibilita, prezzi e varianti possono variare. Si consiglia di verificare la configurazione selezionata prima dell'acquisto.</p>",,,,,Scooter elettrici > Sans Permis,,"https://www.go2roues.com/wp-content/uploads/2022/02/lvneng-s4-gris-trois-quart-face-droit.jpg, https://www.go2roues.com/wp-content/uploads/2022/02/lvneng-s4-blanc-trois-quart-face-droit.jpg, https://www.go2roues.com/wp-content/uploads/2022/02/lvneng-s4-noir-trois-quart-face-droit.jpg, https://www.go2roues.com/wp-content/uploads/2022/02/lvneng-s4-gris-cote-droit.jpg, https://www.go2roues.com/wp-content/uploads/2022/02/lvneng-s4-gris-trois-quart-arriere-droit.jpg, https://www.go2roues.com/wp-content/uploads/2022/02/lvneng-s4-gris-vue-derriere.jpg, https://www.go2roues.com/wp-content/uploads/2022/02/lvneng-s4-gris-trois-quart-arriere-gauche.jpg, https://www.go2roues.com/wp-content/uploads/2022/02/lvneng-s4-gris-cote-gauche.jpg, https://www.go2roues.com/wp-content/uploads/2022/02/lvneng-s4-gris-trois-quart-face-gauche.jpg, https://www.go2roues.com/wp-content/uploads/2022/02/lvneng-s4-gris-vue-devant.jpg, https://www.go2roues.com/wp-content/uploads/2022/02/lvneng-s4-compteur.jpg, https://www.go2roues.com/wp-content/uploads/2022/02/lvneng-s4-port-charge.jpg, https://www.go2roues.com/wp-content/uploads/2022/02/lvneng-s4-moteur.jpg, http://www.go2roues.com/wp-content/uploads/2022/02/lvneng-s4-gris-trois-quart-face-droit.jpg",,Colore,,1,1,Finitura,,1,1,Lvneng
variation,lvneng-s4-120-km-noir,LVNENG S4 - 120-km / noir,1,visible,,,3109.00,,yes,no,,,https://www.go2roues.com/wp-content/uploads/2022/02/lvneng-s4-noir-trois-quart-face-droit.jpg,www-go2roues-com-shop-lvneng-s4,Colore,Nero,,,Finitura,,,,Lvneng
variation,lvneng-s4-60-km-noir,LVNENG S4 - 60-km / noir,1,visible,,,2249.00,,yes,no,,,https://www.go2roues.com/wp-content/uploads/2022/02/lvneng-s4-noir-trois-quart-face-droit.jpg,www-go2roues-com-shop-lvneng-s4,Colore,Nero,,,Finitura,,,,Lvneng
variation,lvneng-s4-60-km-blanc,LVNENG S4 - 60-km / blanc,1,visible,,,2249.00,,yes,no,,,https://www.go2roues.com/wp-content/uploads/2022/02/lvneng-s4-blanc-trois-quart-face-droit.jpg,www-go2roues-com-shop-lvneng-s4,Colore,Bianco,,,Finitura,,,,Lvneng
variation,lvneng-s4-120-km-blanc,LVNENG S4 - 120-km / blanc,1,visible,,,3109.00,,yes,no,,,https://www.go2roues.com/wp-content/uploads/2022/02/lvneng-s4-blanc-trois-quart-face-droit.jpg,www-go2roues-com-shop-lvneng-s4,Colore,Bianco,,,Finitura,,,,Lvneng
variation,lvneng-s4-60-km-gris,LVNENG S4 - 60-km / gris,1,visible,,,2249.00,,yes,no,,,https://www.go2roues.com/wp-content/uploads/2022/02/lvneng-s4-gris-trois-quart-face-droit.jpg,www-go2roues-com-shop-lvneng-s4,Colore,Grigio,,,Finitura,,,,Lvneng
variation,lvneng-s4-120-km-gris,LVNENG S4 - 120-km / gris,1,visible,,,3109.00,,yes,no,,,https://www.go2roues.com/wp-content/uploads/2022/02/lvneng-s4-gris-trois-quart-face-droit.jpg,www-go2roues-com-shop-lvneng-s4,Colore,Grigio,,,Finitura,,,,Lvneng
variable,www-go2roues-com-shop-yadea-c1s-pro,Yadea C1S Pro,1,visible,<p><strong>Yadea C1S Pro</strong> di Yadea. <em>Venduto da Distribuzione Import Export S.R.L.</em>.</p><ul><li>Autonomia dichiarata: 77 km</li><li>Velocita massima: 80 km/h</li><li>Tempo di ricarica: 5 h par batterie</li><li>Peso: 11 kg</li></ul>,"<h2>Panoramica</h2><p>Contenuto riscritto e ottimizzato per una boutique italiana: informazioni chiare, valori tecnici organizzati e testo pensato per aiutare la decisione d'acquisto.</p><p><strong>Venditore:</strong> Distribuzione Import Export S.R.L.</p><p><strong>Categoria:</strong> Scooter elettrici > 125</p><h2>Scheda tecnica</h2><h3>Moteur</h3><table><tr><th>Couple maximal</th><td>12.5 Nm</td></tr><tr><th>Equivalenza cilindrata</th><td>Équivalent 125 cm3</td></tr><tr><th>Marque du moteur</th><td>Yadea</td></tr><tr><th>Potenza massima</th><td>6 000 W</td></tr><tr><th>Potenza motore</th><td>6 000 W</td></tr><tr><th>Velocita massima</th><td>80 km/h</td></tr></table><h3>Batterie</h3><table><tr><th>Autonomia</th><td>77 km</td></tr><tr><th>Batteria rimovibile</th><td>Si</td></tr><tr><th>Caricatore incluso</th><td>Si</td></tr><tr><th>Poids de la batterie</th><td>11 kg</td></tr><tr><th>Capacita batteria</th><td>1.44 kWh x 2</td></tr><tr><th>Tempo di ricarica</th><td>5 h par batterie</td></tr><tr><th>Tipo di batteria</th><td>Lithium</td></tr><tr><th>Voltage & Ampérage de la Batterie</th><td>72V / 20Ah x 2</td></tr></table><h3>Chassis</h3><table><tr><th>Hauteur de selle</th><td>800 mm</td></tr><tr><th>Hauteur hors tout</th><td>1 195 mm</td></tr><tr><th>Largeur hors tout</th><td>730 mm</td></tr><tr><th>Longueur hors tout</th><td>1 800 mm</td></tr></table><h3>Partie Cycle</h3><table><tr><th>Amortisseur arrière réglable</th><td>No</td></tr><tr><th>Amortisseur avant réglable</th><td>No</td></tr><tr><th>Taille frein arrière</th><td>220 mm</td></tr><tr><th>Taille frein avant</th><td>220 mm</td></tr><tr><th>Taille pneu arrière</th><td>100/80-12</td></tr><tr><th>Taille pneu avant</th><td>90/90-12</td></tr><tr><th>Taille roue arrière</th><td>12 pouces</td></tr><tr><th>Taille roue avant</th><td>12 pouces</td></tr><tr><th>Type frein arrière</th><td>Disque</td></tr><tr><th>Type frein avant</th><td>Disque</td></tr><tr><th>Alarme</th><td>Si</td></tr><tr><th>Freinage couplé</th><td>Si</td></tr><tr><th>Freinage régénératif</th><td>No</td></tr><tr><th>Homologué 2 places</th><td>Si</td></tr><tr><th>Marche Arrière</th><td>No</td></tr><tr><th>Modes de conduites</th><td>2</td></tr><tr><th>Prise USB</th><td>Si</td></tr><tr><th>Rangement casque sous la selle</th><td>Si</td></tr><tr><th>Régulateur</th><td>No</td></tr><tr><th>Categoria omologazione</th><td>L3e</td></tr><tr><th>Code National</th><td>MTL</td></tr><tr><th>Couleur</th><td>Bleu, Gris</td></tr><tr><th>Dimensioni</th><td>181 × 70 × 115 cm</td></tr><tr><th>Marque</th><td>Yadea</td></tr><tr><th>Modèle</th><td>Yadea C1S Pro</td></tr><tr><th>Patente</th><td>Permis A1, Permis B + Formation 7h, Permis moto</td></tr><tr><th>Peso in ordine di marcia</th><td>101 kg</td></tr></table><h2>Note</h2><p>Disponibilita, prezzi e varianti possono variare. Si consiglia di verificare la configurazione selezionata prima dell'acquisto.</p>",,,,,Scooter elettrici > 125,,"https://www.go2roues.com/wp-content/uploads/2022/02/yadea-c1s-bleu-trois-quart-face-droit.jpg, https://www.go2roues.com/wp-content/uploads/2022/02/yadea-c1s-gris-trois-quart-face-droit.jpg, https://www.go2roues.com/wp-content/uploads/2022/02/yadea-c1s-gris-trois-quart-arriere-gauche.jpg, https://www.go2roues.com/wp-content/uploads/2022/02/yadea-c1s-gris-cote-gauche.jpg, https://www.go2roues.com/wp-content/uploads/2022/02/yadea-c1s-vue-dessus.jpg, https://www.go2roues.com/wp-content/uploads/2022/02/yadea-c1s-coffre.jpg, https://www.go2roues.com/wp-content/uploads/2022/02/yadea-c1s-gris-couple.jpg, https://www.go2roues.com/wp-content/uploads/2022/02/yadea-c1s-ecran-bord.jpg, http://www.go2roues.com/wp-content/uploads/2022/02/yadea-c1s-bleu-trois-quart-face-droit.jpg",,Colore,,1,1,Finitura,,1,1,Yadea
variation,yadg5pro-6-1-gris,Yadea C1S Pro - gris,1,visible,,,4990.00,,yes,no,,,https://www.go2roues.com/wp-content/uploads/2022/02/yadea-c1s-gris-trois-quart-face-droit.jpg,www-go2roues-com-shop-yadea-c1s-pro,Colore,Grigio,,,Finitura,,,,Yadea
variation,yadg5pro-6-1-bleu,Yadea C1S Pro - bleu,1,visible,,,4990.00,,yes,no,,,https://www.go2roues.com/wp-content/uploads/2022/02/yadea-c1s-bleu-trois-quart-face-droit.jpg,www-go2roues-com-shop-yadea-c1s-pro,Colore,Blu,,,Finitura,,,,Yadea
variable,www-go2roues-com-shop-lvneng-x1,LVNENG X1,1,visible,"<p><strong>LVNENG X1</strong> di Lvneng. <em>Venduto da Distribuzione Import Export S.R.L.</em>.</p><ul><li>Autonomia dichiarata: 60 km, 120 km</li><li>Velocita massima: 45 km/h</li><li>Tempo di ricarica: 5 h par batterie</li><li>Peso: 9 kg</li></ul>","<h2>Panoramica</h2><p>Contenuto riscritto e ottimizzato per una boutique italiana: informazioni chiare, valori tecnici organizzati e testo pensato per aiutare la decisione d'acquisto.</p><p><strong>Venditore:</strong> Distribuzione Import Export S.R.L.</p><p><strong>Categoria:</strong> Scooter elettrici > Sans Permis</p><h2>Punti di forza</h2><ul><li>Premièrement, le mode 1 ne sera utile qu’en cas de manoeuvre à très basse vitesse.</li><li>Deuxièmement, mode 2 sera fort utile en zone 30, puisqu’il verrouillera la vitesse maximale à 30 km/h.</li><li>Enfin, le mode 3 permettra au LVNENG X1 d’atteindre les 45 km/h.</li></ul><h2>Scheda tecnica</h2><h3>Moteur</h3><table><tr><th>Equivalenza cilindrata</th><td>Équivalent 50 cm3</td></tr><tr><th>Marque du moteur</th><td>Bosch</td></tr><tr><th>Potenza massima</th><td>2 000 W</td></tr><tr><th>Potenza motore</th><td>2 000 W</td></tr><tr><th>Transmission</th><td>Moteur intégré dans la roue arrière</td></tr><tr><th>Velocita massima</th><td>45 km/h</td></tr></table><h3>Batterie</h3><table><tr><th>Autonomia</th><td>60 km, 120 km</td></tr><tr><th>Batteria rimovibile</th><td>Si</td></tr><tr><th>Caricatore incluso</th><td>Si</td></tr><tr><th>Poids de la batterie</th><td>9 kg</td></tr><tr><th>Capacita batteria</th><td>1.44 kWh, 1.44 kWh x 2</td></tr><tr><th>Tempo di ricarica</th><td>5 h par batterie</td></tr><tr><th>Tipo di batteria</th><td>Lithium</td></tr><tr><th>Voltage & Ampérage de la Batterie</th><td>60V / 26Ah, 60V / 26Ah x 2</td></tr></table><h3>Chassis</h3><table><tr><th>Charge maximale</th><td>235 kg</td></tr><tr><th>Hauteur hors tout</th><td>1 090 mm</td></tr><tr><th>Largeur hors tout</th><td>720 mm</td></tr><tr><th>Longueur hors tout</th><td>1 880 mm</td></tr></table><h3>Partie Cycle</h3><table><tr><th>Amortisseur arrière réglable</th><td>No</td></tr><tr><th>Amortisseur avant réglable</th><td>No</td></tr><tr><th>Taille pneu arrière</th><td>90/90-12</td></tr><tr><th>Taille pneu avant</th><td>90/90-12</td></tr><tr><th>Taille roue arrière</th><td>12 pouces</td></tr><tr><th>Taille roue avant</th><td>12 pouces</td></tr><tr><th>Type frein arrière</th><td>Disque</td></tr><tr><th>Type frein avant</th><td>Disque</td></tr><tr><th>Alarme</th><td>Si</td></tr><tr><th>Freinage couplé</th><td>No</td></tr><tr><th>Freinage régénératif</th><td>No</td></tr><tr><th>Homologué 2 places</th><td>Si</td></tr><tr><th>Marche Arrière</th><td>No</td></tr><tr><th>Modes de conduites</th><td>3</td></tr><tr><th>Prise USB</th><td>Si</td></tr><tr><th>Régulateur</th><td>No</td></tr><tr><th>Categoria omologazione</th><td>L1e</td></tr><tr><th>Code National</th><td>CL</td></tr><tr><th>Couleur</th><td>Bleu/Noir, Gris/Noir</td></tr><tr><th>Dimensioni</th><td>189 × 57 × 114 cm</td></tr><tr><th>Marque</th><td>Lvneng</td></tr><tr><th>Modèle</th><td>X1</td></tr><tr><th>Patente</th><td>Permis A1, Sans permis</td></tr><tr><th>Peso in ordine di marcia</th><td>70 kg</td></tr></table><h2>Note</h2><p>Disponibilita, prezzi e varianti possono variare. Si consiglia di verificare la configurazione selezionata prima dell'acquisto.</p>",,,,,Scooter elettrici > Sans Permis,,"https://www.go2roues.com/wp-content/uploads/2022/02/lvneng-x1-gris-noir-trois-quart-face-droit.jpg, https://www.go2roues.com/wp-content/uploads/2022/02/lvneng-x1-bleu-noir-trois-quart-face-droit.jpg, https://www.go2roues.com/wp-content/uploads/2022/02/lvneng-x1-gris-noir-cote-gauche.jpg, https://www.go2roues.com/wp-content/uploads/2022/02/lvneng-x1-gris-noir-cote-droit.jpg, https://www.go2roues.com/wp-content/uploads/2022/02/lvneng-x1-batterie.jpg, https://www.go2roues.com/wp-content/uploads/2022/02/lvneng-x1-commodo-droit.jpg, https://www.go2roues.com/wp-content/uploads/2022/02/lvneng-x1-commodo-gauche.jpg, https://www.go2roues.com/wp-content/uploads/2022/02/lvneng-x1-vue-avant-gros-plan.jpg, https://www.go2roues.com/wp-content/uploads/2022/02/lvneng-x1-feux-avant.jpg, https://www.go2roues.com/wp-content/uploads/2022/02/lvneng-x1-gros-plan-arriere-gauche.jpg, https://www.go2roues.com/wp-content/uploads/2022/02/lvneng-x1-compteur-1.jpg, http://www.go2roues.com/wp-content/uploads/2022/02/lvneng-x1-gris-noir-trois-quart-face-droit.jpg",,Colore,,1,1,Finitura,,1,1,Lvneng
variation,lvneng-x1-60-km-bleu-noir,LVNENG X1 - 60-km / bleu-noir,1,visible,,,2999.00,,yes,no,,,https://www.go2roues.com/wp-content/uploads/2022/02/lvneng-x1-bleu-noir-trois-quart-face-droit.jpg,www-go2roues-com-shop-lvneng-x1,Colore,Bleu Noir,,,Finitura,,,,Lvneng
variation,lvneng-x1-120-km-bleu-noir,LVNENG X1 - 120-km / bleu-noir,1,visible,,,4149.00,,yes,no,,,https://www.go2roues.com/wp-content/uploads/2022/02/lvneng-x1-bleu-noir-trois-quart-face-droit.jpg,www-go2roues-com-shop-lvneng-x1,Colore,Bleu Noir,,,Finitura,,,,Lvneng
variation,lvneng-x1-60-km-gris-noir,LVNENG X1 - 60-km / gris-noir,1,visible,,,2999.00,,yes,no,,,https://www.go2roues.com/wp-content/uploads/2022/02/lvneng-x1-gris-noir-trois-quart-face-droit.jpg,www-go2roues-com-shop-lvneng-x1,Colore,Gris Noir,,,Finitura,,,,Lvneng
variation,lvneng-x1-120-km-gris-noir,LVNENG X1 - 120-km / gris-noir,1,visible,,,4149.00,,yes,no,,,https://www.go2roues.com/wp-content/uploads/2022/02/lvneng-x1-gris-noir-trois-quart-face-droit.jpg,www-go2roues-com-shop-lvneng-x1,Colore,Gris Noir,,,Finitura,,,,Lvneng
variable,www-go2roues-com-shop-yadea-g5-pro-delivery,Yadea G5 Pro Delivery,1,visible,<p><strong>Yadea G5 Pro Delivery</strong> di Yadea. <em>Venduto da Distribuzione Import Export S.R.L.</em>.</p><ul><li>Autonomia dichiarata: 100 km</li><li>Velocita massima: 45 km/h</li><li>Tempo di ricarica: 5 h</li><li>Peso: 11 kg</li></ul>,"<h2>Panoramica</h2><p>Contenuto riscritto e ottimizzato per una boutique italiana: informazioni chiare, valori tecnici organizzati e testo pensato per aiutare la decisione d'acquisto.</p><p><strong>Venditore:</strong> Distribuzione Import Export S.R.L.</p><p><strong>Categoria:</strong> Scooter elettrici > Sans Permis</p><h2>Scheda tecnica</h2><h3>Moteur</h3><table><tr><th>Couple maximal</th><td>67 Nm</td></tr><tr><th>Equivalenza cilindrata</th><td>Équivalent 50 cm3</td></tr><tr><th>Marque du moteur</th><td>Yadea</td></tr><tr><th>Potenza massima</th><td>3 100 W</td></tr><tr><th>Potenza motore</th><td>3 100 W</td></tr><tr><th>Transmission</th><td>Moteur intégré dans la roue arrière</td></tr><tr><th>Velocita massima</th><td>45 km/h</td></tr></table><h3>Batterie</h3><table><tr><th>Autonomia</th><td>100 km</td></tr><tr><th>Batteria rimovibile</th><td>Si</td></tr><tr><th>Caricatore incluso</th><td>Si</td></tr><tr><th>Poids de la batterie</th><td>11 kg</td></tr><tr><th>Capacita batteria</th><td>1.92 kWh x 2</td></tr><tr><th>Tempo di ricarica</th><td>5 h</td></tr><tr><th>Tipo di batteria</th><td>Lithium</td></tr><tr><th>Voltage & Ampérage de la Batterie</th><td>60V / 32Ah x 2</td></tr></table><h3>Chassis</h3><table><tr><th>Hauteur de selle</th><td>750 mm</td></tr><tr><th>Hauteur hors tout</th><td>1 150 mm</td></tr><tr><th>Largeur hors tout</th><td>700 mm</td></tr><tr><th>Longueur hors tout</th><td>1 810 mm</td></tr></table><h3>Partie Cycle</h3><table><tr><th>Amortisseur arrière réglable</th><td>Si</td></tr><tr><th>Amortisseur avant réglable</th><td>No</td></tr><tr><th>Taille pneu arrière</th><td>100/80-12</td></tr><tr><th>Taille pneu avant</th><td>90/90-12</td></tr><tr><th>Taille roue arrière</th><td>12 pouces</td></tr><tr><th>Taille roue avant</th><td>12 pouces</td></tr><tr><th>Type frein arrière</th><td>Disque</td></tr><tr><th>Type frein avant</th><td>Disque</td></tr><tr><th>Alarme</th><td>Si</td></tr><tr><th>Freinage couplé</th><td>No</td></tr><tr><th>Freinage régénératif</th><td>No</td></tr><tr><th>Homologué 2 places</th><td>Si</td></tr><tr><th>Marche Arrière</th><td>No</td></tr><tr><th>Modes de conduites</th><td>2</td></tr><tr><th>Prise USB</th><td>Si</td></tr><tr><th>Rangement casque sous la selle</th><td>No</td></tr><tr><th>Régulateur</th><td>No</td></tr><tr><th>Categoria omologazione</th><td>L1e</td></tr><tr><th>Code National</th><td>CL</td></tr><tr><th>Couleur</th><td>Blanc, Noir</td></tr><tr><th>Dimensioni</th><td>181 × 70 × 115 cm</td></tr><tr><th>Marque</th><td>Yadea</td></tr><tr><th>Modèle</th><td>Yadea G5 Pro</td></tr><tr><th>Patente</th><td>Sans permis</td></tr><tr><th>Peso in ordine di marcia</th><td>81 kg</td></tr></table><h2>Note</h2><p>Disponibilita, prezzi e varianti possono variare. Si consiglia di verificare la configurazione selezionata prima dell'acquisto.</p>",,,,,Scooter elettrici > Sans Permis,,"https://www.go2roues.com/wp-content/uploads/2022/02/yadea-g5-pro-delivery-trois-quart-face-droit.jpg, https://www.go2roues.com/wp-content/uploads/2022/02/yadea-g5-pro-delivery-noir-vue-devant.jpg, https://www.go2roues.com/wp-content/uploads/2020/03/yadea-g5-poste-de-pilotage.jpg, https://www.go2roues.com/wp-content/uploads/2020/03/yadea-g5-pro-batterie.jpg, https://www.go2roues.com/wp-content/uploads/2022/02/yadea-g5-pro-delivery-noir-cote-droit.jpg, http://www.go2roues.com/wp-content/uploads/2022/02/yadea-g5-pro-delivery-trois-quart-face-droit.jpg",,Colore,,1,1,Finitura,,1,1,Yadea
variation,yadg5pro-5-1-blanc,Yadea G5 Pro Delivery - blanc,1,visible,,,3890.00,,yes,no,,,https://www.go2roues.com/wp-content/uploads/2022/02/yadea-g5-pro-delivery-blanc-trois-quart-face-gauche.jpg,www-go2roues-com-shop-yadea-g5-pro-delivery,Colore,Bianco,,,Finitura,,,,Yadea
variation,yadg5pro-5-1-noir,Yadea G5 Pro Delivery - noir,1,visible,,,3890.00,,yes,no,,,https://www.go2roues.com/wp-content/uploads/2022/02/yadea-g5-pro-delivery-noir-cote-droit.jpg,www-go2roues-com-shop-yadea-g5-pro-delivery,Colore,Nero,,,Finitura,,,,Yadea
variable,www-go2roues-com-shop-lvneng-s5,LVNENG S5,1,visible,"<p><strong>LVNENG S5</strong> di Lvneng. <em>Venduto da Distribuzione Import Export S.R.L.</em>.</p><ul><li>Autonomia dichiarata: 60 km, 120 km</li><li>Velocita massima: 45 km/h</li><li>Tempo di ricarica: 5 h par batterie</li><li>Peso: 9 kg</li></ul>","<h2>Panoramica</h2><p>Contenuto riscritto e ottimizzato per una boutique italiana: informazioni chiare, valori tecnici organizzati e testo pensato per aiutare la decisione d'acquisto.</p><p><strong>Venditore:</strong> Distribuzione Import Export S.R.L.</p><p><strong>Categoria:</strong> Scooter elettrici > Sans Permis</p><h2>Scheda tecnica</h2><h3>Moteur</h3><table><tr><th>Equivalenza cilindrata</th><td>Équivalent 50 cm3</td></tr><tr><th>Marque du moteur</th><td>Bosch</td></tr><tr><th>Potenza massima</th><td>3 000 W</td></tr><tr><th>Potenza motore</th><td>3 000 W</td></tr><tr><th>Transmission</th><td>Moteur intégré dans la roue arrière</td></tr><tr><th>Velocita massima</th><td>45 km/h</td></tr></table><h3>Batterie</h3><table><tr><th>Autonomia</th><td>60 km, 120 km</td></tr><tr><th>Batteria rimovibile</th><td>Si</td></tr><tr><th>Caricatore incluso</th><td>Si</td></tr><tr><th>Poids de la batterie</th><td>9 kg</td></tr><tr><th>Capacita batteria</th><td>1.44 kWh, 1.44 kWh x 2</td></tr><tr><th>Tempo di ricarica</th><td>5 h par batterie</td></tr><tr><th>Tipo di batteria</th><td>Lithium</td></tr><tr><th>Voltage & Ampérage de la Batterie</th><td>60V / 24Ah, 60V / 24Ah x 2</td></tr></table><h3>Chassis</h3><table><tr><th>Charge maximale</th><td>217 kg</td></tr><tr><th>Hauteur hors tout</th><td>1 110 mm</td></tr><tr><th>Largeur hors tout</th><td>720 mm</td></tr><tr><th>Longueur hors tout</th><td>1 890 mm</td></tr></table><h3>Partie Cycle</h3><table><tr><th>Amortisseur arrière réglable</th><td>No</td></tr><tr><th>Amortisseur avant réglable</th><td>No</td></tr><tr><th>Taille pneu arrière</th><td>90/90-12</td></tr><tr><th>Taille pneu avant</th><td>90/90-12</td></tr><tr><th>Taille roue arrière</th><td>12 pouces</td></tr><tr><th>Taille roue avant</th><td>12 pouces</td></tr><tr><th>Type frein arrière</th><td>Disque</td></tr><tr><th>Type frein avant</th><td>Disque</td></tr><tr><th>Alarme</th><td>Si</td></tr><tr><th>Freinage couplé</th><td>No</td></tr><tr><th>Freinage régénératif</th><td>No</td></tr><tr><th>Homologué 2 places</th><td>Si</td></tr><tr><th>Marche Arrière</th><td>No</td></tr><tr><th>Prise USB</th><td>Si</td></tr><tr><th>Régulateur</th><td>No</td></tr><tr><th>Categoria omologazione</th><td>L1e</td></tr><tr><th>Code National</th><td>CL</td></tr><tr><th>Couleur</th><td>Blanc, Gris, Noir</td></tr><tr><th>Dimensioni</th><td>189 × 72 × 111 cm</td></tr><tr><th>Marque</th><td>Lvneng</td></tr><tr><th>Modèle</th><td>S5</td></tr><tr><th>Patente</th><td>Permis A1, Sans permis</td></tr><tr><th>Peso in ordine di marcia</th><td>81 kg</td></tr></table><h2>Note</h2><p>Disponibilita, prezzi e varianti possono variare. Si consiglia di verificare la configurazione selezionata prima dell'acquisto.</p>",,,,,Scooter elettrici > Sans Permis,,"https://www.go2roues.com/wp-content/uploads/2022/02/lvneng-s5-blanc-trois-quart-face-droit.jpg, https://www.go2roues.com/wp-content/uploads/2022/02/lvneng-s5-gris-trois-quart-face-droit.jpg, https://www.go2roues.com/wp-content/uploads/2022/02/lvneng-s5-noir-trois-quart-face-droit.jpg, https://www.go2roues.com/wp-content/uploads/2022/02/lvneng-s5-blanc-cote-droit.jpg, https://www.go2roues.com/wp-content/uploads/2022/02/lvneng-s5-blanc-trois-quart-arriere-droit.jpg, https://www.go2roues.com/wp-content/uploads/2022/02/lvneng-s5-blanc-vue-arriere.jpg, https://www.go2roues.com/wp-content/uploads/2022/02/lvneng-s5-blanc-cote-gauche.jpg, https://www.go2roues.com/wp-content/uploads/2022/02/lvneng-s5-blanc-trois-quart-face-gauche.jpg, https://www.go2roues.com/wp-content/uploads/2022/02/lvneng-s5-blanc-vue-devant.jpg, https://www.go2roues.com/wp-content/uploads/2022/02/lvneng-s5-compteur.jpg, https://www.go2roues.com/wp-content/uploads/2022/02/lvneng-s5-moteur.jpg, http://www.go2roues.com/wp-content/uploads/2022/02/lvneng-s5-blanc-trois-quart-face-droit.jpg",,Colore,,1,1,Finitura,,1,1,Lvneng
variation,lvneng-s5-120-km-noir,LVNENG S5 - 120-km / noir,1,visible,,,4398.00,,yes,no,,,https://www.go2roues.com/wp-content/uploads/2022/02/lvneng-s5-noir-trois-quart-face-droit.jpg,www-go2roues-com-shop-lvneng-s5,Colore,Nero,,,Finitura,,,,Lvneng
variation,lvneng-s5-60-km-noir,LVNENG S5 - 60-km / noir,1,visible,,,3249.00,,yes,no,,,https://www.go2roues.com/wp-content/uploads/2022/02/lvneng-s5-noir-trois-quart-face-droit.jpg,www-go2roues-com-shop-lvneng-s5,Colore,Nero,,,Finitura,,,,Lvneng
variable,www-go2roues-com-shop-lvneng-s3,LVNENG S3,1,visible,"<p><strong>LVNENG S3</strong> di Lvneng. <em>Venduto da Distribuzione Import Export S.R.L.</em>.</p><ul><li>Autonomia dichiarata: 75 km, 150 km</li><li>Velocita massima: 45 km/h</li><li>Tempo di ricarica: 5 h par batterie</li><li>Peso: 9 kg</li></ul>","<h2>Panoramica</h2><p>Contenuto riscritto e ottimizzato per una boutique italiana: informazioni chiare, valori tecnici organizzati e testo pensato per aiutare la decisione d'acquisto.</p><p><strong>Venditore:</strong> Distribuzione Import Export S.R.L.</p><p><strong>Categoria:</strong> Scooter elettrici > Sans Permis</p><h2>Scheda tecnica</h2><h3>Moteur</h3><table><tr><th>Equivalenza cilindrata</th><td>Équivalent 50 cm3</td></tr><tr><th>Marque du moteur</th><td>Bosch</td></tr><tr><th>Potenza massima</th><td>2 000 W</td></tr><tr><th>Potenza motore</th><td>2 000 W</td></tr><tr><th>Transmission</th><td>Moteur intégré dans la roue arrière</td></tr><tr><th>Velocita massima</th><td>45 km/h</td></tr></table><h3>Batterie</h3><table><tr><th>Autonomia</th><td>75 km, 150 km</td></tr><tr><th>Batteria rimovibile</th><td>Si</td></tr><tr><th>Caricatore incluso</th><td>Si</td></tr><tr><th>Poids de la batterie</th><td>9 kg</td></tr><tr><th>Capacita batteria</th><td>1.44 kWh, 1.44 kWh x 2</td></tr><tr><th>Tempo di ricarica</th><td>5 h par batterie</td></tr><tr><th>Tipo di batteria</th><td>Lithium</td></tr><tr><th>Voltage & Ampérage de la Batterie</th><td>60V / 26Ah, 60V / 26Ah x 2</td></tr></table><h3>Chassis</h3><table><tr><th>Charge maximale</th><td>222 kg</td></tr><tr><th>Hauteur hors tout</th><td>1 205 mm</td></tr><tr><th>Largeur hors tout</th><td>575 mm</td></tr><tr><th>Longueur hors tout</th><td>1 730 mm</td></tr></table><h3>Partie Cycle</h3><table><tr><th>Amortisseur arrière réglable</th><td>No</td></tr><tr><th>Amortisseur avant réglable</th><td>No</td></tr><tr><th>Taille pneu arrière</th><td>3.00-10</td></tr><tr><th>Taille pneu avant</th><td>3.00-10</td></tr><tr><th>Taille roue arrière</th><td>10 pouces</td></tr><tr><th>Taille roue avant</th><td>10 pouces</td></tr><tr><th>Type frein arrière</th><td>Disque</td></tr><tr><th>Type frein avant</th><td>Disque</td></tr><tr><th>Alarme</th><td>Si</td></tr><tr><th>Freinage couplé</th><td>No</td></tr><tr><th>Freinage régénératif</th><td>No</td></tr><tr><th>Homologué 2 places</th><td>Si</td></tr><tr><th>Marche Arrière</th><td>No</td></tr><tr><th>Modes de conduites</th><td>3</td></tr><tr><th>Prise USB</th><td>Si</td></tr><tr><th>Régulateur</th><td>No</td></tr><tr><th>Categoria omologazione</th><td>L1e</td></tr><tr><th>Code National</th><td>CL</td></tr><tr><th>Couleur</th><td>Crème, Gris</td></tr><tr><th>Dimensioni</th><td>173 × 57 × 120 cm</td></tr><tr><th>Marque</th><td>Lvneng</td></tr><tr><th>Modèle</th><td>S3</td></tr><tr><th>Patente</th><td>Permis A1, Sans permis</td></tr><tr><th>Peso in ordine di marcia</th><td>69 kg</td></tr></table><h2>Note</h2><p>Disponibilita, prezzi e varianti possono variare. Si consiglia di verificare la configurazione selezionata prima dell'acquisto.</p>",,,,,Scooter elettrici > Sans Permis,,"https://www.go2roues.com/wp-content/uploads/2022/02/lvneng-s3-gris-trois-quart-face-droit.jpg, https://www.go2roues.com/wp-content/uploads/2022/02/lvneng-s3-blanc-trois-quart-face-droit.jpg, https://www.go2roues.com/wp-content/uploads/2022/02/lvneng-s3-gris-cote-droit.jpg, https://www.go2roues.com/wp-content/uploads/2022/02/lvneng-s3-gris-trois-quart-arriere-droit.jpg, https://www.go2roues.com/wp-content/uploads/2022/02/lvneng-s3-gris-vue-arriere.jpg, https://www.go2roues.com/wp-content/uploads/2022/02/lvneng-s3-gris-trois-quart-arriere-gauche.jpg, https://www.go2roues.com/wp-content/uploads/2022/02/lvneng-s3-gris-cote-gauche.jpg, https://www.go2roues.com/wp-content/uploads/2022/02/lvneng-s3-gris-trois-quart-face-gauche.jpg, https://www.go2roues.com/wp-content/uploads/2022/02/lvneng-s3-gris-vue-avant.jpg, https://www.go2roues.com/wp-content/uploads/2022/02/lvneng-s3-vide-poche.jpg, https://www.go2roues.com/wp-content/uploads/2022/02/lvneng-s3-moteur-bosch.jpg, https://www.go2roues.com/wp-content/uploads/2022/02/lvneng-s3-compteur.jpg, https://www.go2roues.com/wp-content/uploads/2022/02/lvneng-s3-charge-externe.jpg, http://www.go2roues.com/wp-content/uploads/2022/02/lvneng-s3-gris-trois-quart-face-droit.jpg",,Colore,,1,1,Finitura,,1,1,Lvneng
variation,lvneng-s3-75-km-gris,LVNENG S3 - 75-km / gris,1,visible,,,2699.00,,yes,no,,,https://www.go2roues.com/wp-content/uploads/2022/02/lvneng-s3-gris-trois-quart-face-droit.jpg,www-go2roues-com-shop-lvneng-s3,Colore,Grigio,,,Finitura,,,,Lvneng
variation,lvneng-s3-150-km-gris,LVNENG S3 - 150-km / gris,1,visible,,,3848.00,,yes,no,,,https://www.go2roues.com/wp-content/uploads/2022/02/lvneng-s3-gris-trois-quart-face-droit.jpg,www-go2roues-com-shop-lvneng-s3,Colore,Grigio,,,Finitura,,,,Lvneng
variable,www-go2roues-com-shop-ebroh-veracruz-5k,Ebroh Veracruz 5K,1,visible,"<p><strong>Ebroh Veracruz 5K</strong> di Ebroh. <em>Venduto da Distribuzione Import Export S.R.L.</em>.</p><ul><li>Autonomia dichiarata: 80 km</li><li>Velocita massima: 80 km/h</li><li>Tempo di ricarica: 5 h</li><li>Peso: 12,5 kg/batterie</li></ul>","<h2>Panoramica</h2><p>Contenuto riscritto e ottimizzato per una boutique italiana: informazioni chiare, valori tecnici organizzati e testo pensato per aiutare la decisione d'acquisto.</p><p><strong>Venditore:</strong> Distribuzione Import Export S.R.L.</p><p><strong>Categoria:</strong> Scooter elettrici > 125</p><h2>Scheda tecnica</h2><h3>Moteur</h3><table><tr><th>Equivalenza cilindrata</th><td>Équivalent 125 cm3</td></tr><tr><th>Marque du moteur</th><td>Bosch</td></tr><tr><th>Potenza massima</th><td>4 700 W</td></tr><tr><th>Potenza motore</th><td>4 700 W</td></tr><tr><th>Transmission</th><td>Moteur intégré dans la roue arrière</td></tr><tr><th>Velocita massima</th><td>80 km/h</td></tr></table><h3>Batterie</h3><table><tr><th>Autonomia</th><td>80 km</td></tr><tr><th>Batteria rimovibile</th><td>Si</td></tr><tr><th>Caricatore incluso</th><td>Si</td></tr><tr><th>Poids de la batterie</th><td>12,5 kg/batterie</td></tr><tr><th>Capacita batteria</th><td>1.44 kWh x 2</td></tr><tr><th>Tempo di ricarica</th><td>5 h</td></tr><tr><th>Tipo di batteria</th><td>Lithium</td></tr><tr><th>Voltage & Ampérage de la Batterie</th><td>72V / 20Ah x 2</td></tr></table><h3>Chassis</h3><table><tr><th>Charge maximale</th><td>200 kg</td></tr><tr><th>Hauteur de selle</th><td>740 mm</td></tr><tr><th>Hauteur hors tout</th><td>1 160 mm</td></tr><tr><th>Largeur hors tout</th><td>690 mm</td></tr><tr><th>Longueur hors tout</th><td>1 925 mm</td></tr></table><h3>Partie Cycle</h3><table><tr><th>Amortisseur arrière réglable</th><td>No</td></tr><tr><th>Amortisseur avant réglable</th><td>No</td></tr><tr><th>Taille pneu arrière</th><td>110/70-12</td></tr><tr><th>Taille pneu avant</th><td>110/70-12</td></tr><tr><th>Taille roue arrière</th><td>12 pouces</td></tr><tr><th>Taille roue avant</th><td>12 pouces</td></tr><tr><th>Type frein arrière</th><td>Disque</td></tr><tr><th>Type frein avant</th><td>Disque</td></tr><tr><th>Alarme</th><td>No</td></tr><tr><th>Freinage couplé</th><td>Si</td></tr><tr><th>Homologué 2 places</th><td>Si</td></tr><tr><th>Marche Arrière</th><td>No</td></tr><tr><th>Modes de conduites</th><td>3</td></tr><tr><th>Prise USB</th><td>No</td></tr><tr><th>Rangement casque sous la selle</th><td>No</td></tr><tr><th>Régulateur</th><td>No</td></tr><tr><th>Categoria omologazione</th><td>L3e</td></tr><tr><th>Code National</th><td>MTL</td></tr><tr><th>Couleur</th><td>Blanc, Bleu, Noir, Rouge</td></tr><tr><th>Dimensioni</th><td>192 × 69 × 116 cm</td></tr><tr><th>Marque</th><td>Ebroh</td></tr><tr><th>Modèle</th><td>Veracruz 5K</td></tr><tr><th>Patente</th><td>Permis A1, Permis B + Formation 7h</td></tr><tr><th>Peso in ordine di marcia</th><td>88 kg</td></tr></table><h2>Note</h2><p>Disponibilita, prezzi e varianti possono variare. Si consiglia di verificare la configurazione selezionata prima dell'acquisto.</p>",,,,,Scooter elettrici > 125,,"https://www.go2roues.com/wp-content/uploads/2021/11/ebroh-veracruz-5k-blanc-trois-quart-face-droit.jpg, https://www.go2roues.com/wp-content/uploads/2021/11/ebroh-veracruz-5k-noir-trois-quart-face-droit.jpg, https://www.go2roues.com/wp-content/uploads/2021/11/ebroh-veracruz-5k-rouge-cote-droit.jpg, https://www.go2roues.com/wp-content/uploads/2021/11/ebroh-veracruz-5k-rouge-vue-devant.jpg, https://www.go2roues.com/wp-content/uploads/2021/11/ebroh-veracruz-5k-batterie.jpg, https://www.go2roues.com/wp-content/uploads/2021/11/ebroh-veracruz-5k-compteur.jpg, https://www.go2roues.com/wp-content/uploads/2021/11/ebroh-veracruz-5k-moteur.jpg, http://www.go2roues.com/wp-content/uploads/2021/11/ebroh-veracruz-5k-blanc-trois-quart-face-droit.jpg",,Colore,,1,1,Finitura,,1,1,Ebroh
variation,ebroh-veracruz-5k-blanc,Ebroh Veracruz 5K - blanc,1,visible,,,4370.00,,yes,notify,,,https://www.go2roues.com/wp-content/uploads/2021/11/ebroh-veracruz-5k-blanc-trois-quart-face-droit.jpg,www-go2roues-com-shop-ebroh-veracruz-5k,Colore,Bianco,,,Finitura,,,,Ebroh
variation,ebroh-veracruz-5k-noir,Ebroh Veracruz 5K - noir,1,visible,,,4370.00,,yes,notify,,,https://www.go2roues.com/wp-content/uploads/2021/11/ebroh-veracruz-5k-noir-trois-quart-face-droit.jpg,www-go2roues-com-shop-ebroh-veracruz-5k,Colore,Nero,,,Finitura,,,,Ebroh
variation,ebroh-veracruz-5k-rouge,Ebroh Veracruz 5K - rouge,1,visible,,,4370.00,,yes,notify,,,https://www.go2roues.com/wp-content/uploads/2021/11/ebroh-veracruz-5k-rouge-trois-quart-face-droit.jpg,www-go2roues-com-shop-ebroh-veracruz-5k,Colore,Rosso,,,Finitura,,,,Ebroh
variable,www-go2roues-com-shop-ebroh-spuma-li,Ebroh Spuma Li,1,visible,"<p><strong>Ebroh Spuma Li</strong> di Ebroh. <em>Venduto da Distribuzione Import Export S.R.L.</em>.</p><ul><li>Autonomia dichiarata: 60 km, 80 km</li><li>Velocita massima: 45 km/h, 80 km/h</li><li>Tempo di ricarica: 5 h</li><li>Peso: 12,5 kg/batterie</li></ul>","<h2>Panoramica</h2><p>Contenuto riscritto e ottimizzato per una boutique italiana: informazioni chiare, valori tecnici organizzati e testo pensato per aiutare la decisione d'acquisto.</p><p><strong>Venditore:</strong> Distribuzione Import Export S.R.L.</p><p><strong>Categoria:</strong> Scooter elettrici</p><h2>Scheda tecnica</h2><h3>Moteur</h3><table><tr><th>Equivalenza cilindrata</th><td>Équivalent 125 cm3, Équivalent 50 cm3</td></tr><tr><th>Marque du moteur</th><td>Ebroh</td></tr><tr><th>Potenza massima</th><td>4 700 W, 3 000 W</td></tr><tr><th>Potenza motore</th><td>3 000 W, 4 700 W</td></tr><tr><th>Transmission</th><td>Moteur intégré dans la roue arrière</td></tr><tr><th>Velocita massima</th><td>45 km/h, 80 km/h</td></tr></table><h3>Batterie</h3><table><tr><th>Autonomia</th><td>60 km, 80 km</td></tr><tr><th>Batteria rimovibile</th><td>Si</td></tr><tr><th>Caricatore incluso</th><td>Si</td></tr><tr><th>Poids de la batterie</th><td>12,5 kg/batterie</td></tr><tr><th>Capacita batteria</th><td>1.40 kWh x 2, 1.68 kWh</td></tr><tr><th>Tempo di ricarica</th><td>5 h</td></tr><tr><th>Tipo di batteria</th><td>Lithium</td></tr><tr><th>Voltage & Ampérage de la Batterie</th><td>60V / 28Ah, 72V / 20Ah x 2</td></tr></table><h3>Chassis</h3><table><tr><th>Charge maximale</th><td>200 kg</td></tr><tr><th>Garde au sol minimale</th><td>170 mm</td></tr></table><h3>Partie Cycle</h3><table><tr><th>Amortisseur arrière réglable</th><td>No</td></tr><tr><th>Amortisseur avant réglable</th><td>No</td></tr><tr><th>Taille pneu arrière</th><td>110/70-12</td></tr><tr><th>Taille pneu avant</th><td>110/70-12</td></tr><tr><th>Taille roue arrière</th><td>12 pouces</td></tr><tr><th>Taille roue avant</th><td>12 pouces</td></tr><tr><th>Type frein arrière</th><td>Disque</td></tr><tr><th>Type frein avant</th><td>Disque</td></tr><tr><th>Alarme</th><td>No</td></tr><tr><th>Freinage couplé</th><td>Si</td></tr><tr><th>Homologué 2 places</th><td>Si</td></tr><tr><th>Marche Arrière</th><td>No</td></tr><tr><th>Modes de conduites</th><td>3</td></tr><tr><th>Prise USB</th><td>No</td></tr><tr><th>Rangement casque sous la selle</th><td>No</td></tr><tr><th>Régulateur</th><td>No</td></tr><tr><th>Categoria omologazione</th><td>L1e, L3e</td></tr><tr><th>Code National</th><td>CL</td></tr><tr><th>Couleur</th><td>Bleu foncé, Marron, Blanc, Bleu, Noir, Rouge, Vert</td></tr><tr><th>Marque</th><td>Ebroh</td></tr><tr><th>Modèle</th><td>Spuma Li, Spuma Li 5K</td></tr><tr><th>Patente</th><td>Permis A1, Permis B + Formation 7h, Sans permis</td></tr><tr><th>Peso in ordine di marcia</th><td>88 kg</td></tr></table><h2>Note</h2><p>Disponibilita, prezzi e varianti possono variare. Si consiglia di verificare la configurazione selezionata prima dell'acquisto.</p>",,,,,Scooter elettrici,,"https://www.go2roues.com/wp-content/uploads/2021/11/ebroh-spuma-li-marron-trois-quart-face-droit.jpg, https://www.go2roues.com/wp-content/uploads/2021/11/ebroh-spuma-li-blanc-trois-quart-face-droit.jpg, https://www.go2roues.com/wp-content/uploads/2021/11/ebroh-spuma-li-vert-trois-quart-face-droit.jpg, https://www.go2roues.com/wp-content/uploads/2021/11/ebroh-spuma-li-bleu-trois-quart-face-droit.jpg, https://www.go2roues.com/wp-content/uploads/2021/11/ebroh-spuma-li-bleu-fonce-trois-quart-face-droit.jpg, https://www.go2roues.com/wp-content/uploads/2021/11/ebroh-spuma-li-rouge-trois-quart-face-droit.jpg, https://www.go2roues.com/wp-content/uploads/2021/11/ebroh-spuma-li-noir-trois-quart-face-droit.jpg, https://www.go2roues.com/wp-content/uploads/2021/11/ebroh-spuma-li-blanc-vue-devant.jpg, https://www.go2roues.com/wp-content/uploads/2021/11/ebroh-spuma-li-blanc-cote-droit.jpg, https://www.go2roues.com/wp-content/uploads/2021/11/ebroh-spuma-li-compteur.jpg, https://www.go2roues.com/wp-content/uploads/2021/11/ebroh-spuma-li-poste-de-pilotage.jpg, https://www.go2roues.com/wp-content/uploads/2021/11/ebroh-spuma-li-moteur.jpg, http://www.go2roues.com/wp-content/uploads/2021/11/ebroh-spuma-li-marron-trois-quart-face-droit.jpg",,Colore,,1,1,Finitura,,1,1,Ebroh
variation,ebroh-spuma-li-blanc-spuma-li-5k,Ebroh Spuma Li - blanc / spuma-li-5k,1,visible,,,4384.00,,yes,no,,,https://www.go2roues.com/wp-content/uploads/2021/11/ebroh-spuma-li-blanc-trois-quart-face-droit.jpg,www-go2roues-com-shop-ebroh-spuma-li,Colore,Bianco,,,Finitura,,,,Ebroh
variation,ebroh-spuma-li-blanc-spuma-li,Ebroh Spuma Li - blanc / spuma-li,1,visible,,,2629.00,,yes,no,,,https://www.go2roues.com/wp-content/uploads/2021/11/ebroh-spuma-li-blanc-trois-quart-face-droit.jpg,www-go2roues-com-shop-ebroh-spuma-li,Colore,Bianco,,,Finitura,,,,Ebroh
variation,ebroh-spuma-li-marron-spuma-li,Ebroh Spuma Li - marron / spuma-li,1,visible,,,2629.00,,yes,no,,,https://www.go2roues.com/wp-content/uploads/2021/11/ebroh-spuma-li-marron-trois-quart-face-droit.jpg,www-go2roues-com-shop-ebroh-spuma-li,Colore,Marrone,,,Finitura,,,,Ebroh
variation,ebroh-spuma-li-noir-spuma-li-5k,Ebroh Spuma Li - noir / spuma-li-5k,1,visible,,,4384.00,,yes,no,,,https://www.go2roues.com/wp-content/uploads/2021/11/ebroh-spuma-li-noir-trois-quart-face-droit.jpg,www-go2roues-com-shop-ebroh-spuma-li,Colore,Nero,,,Finitura,,,,Ebroh
variation,ebroh-spuma-li-noir-spuma-li,Ebroh Spuma Li - noir / spuma-li,1,visible,,,2629.00,,yes,no,,,https://www.go2roues.com/wp-content/uploads/2021/11/ebroh-spuma-li-noir-trois-quart-face-droit.jpg,www-go2roues-com-shop-ebroh-spuma-li,Colore,Nero,,,Finitura,,,,Ebroh
variation,ebroh-spuma-li-bleu-spuma-li-5k,Ebroh Spuma Li - bleu / spuma-li-5k,1,visible,,,4384.00,,yes,no,,,https://www.go2roues.com/wp-content/uploads/2021/11/ebroh-spuma-li-bleu-trois-quart-face-droit.jpg,www-go2roues-com-shop-ebroh-spuma-li,Colore,Blu,,,Finitura,,,,Ebroh
variation,ebroh-spuma-li-rouge-spuma-li,Ebroh Spuma Li - rouge / spuma-li,1,visible,,,2629.00,,yes,no,,,https://www.go2roues.com/wp-content/uploads/2021/11/ebroh-spuma-li-rouge-trois-quart-face-droit.jpg,www-go2roues-com-shop-ebroh-spuma-li,Colore,Rosso,,,Finitura,,,,Ebroh
variation,ebroh-spuma-li-bleu-spuma-li,Ebroh Spuma Li - bleu / spuma-li,1,visible,,,2629.00,,yes,no,,,https://www.go2roues.com/wp-content/uploads/2021/11/ebroh-spuma-li-bleu-trois-quart-face-droit.jpg,www-go2roues-com-shop-ebroh-spuma-li,Colore,Blu,,,Finitura,,,,Ebroh
variation,ebroh-spuma-li-bleu-fonce-spuma-li,Ebroh Spuma Li - bleu-fonce / spuma-li,1,visible,,,2629.00,,yes,no,,,https://www.go2roues.com/wp-content/uploads/2021/11/ebroh-spuma-li-bleu-fonce-trois-quart-face-droit.jpg,www-go2roues-com-shop-ebroh-spuma-li,Colore,Bleu Fonce,,,Finitura,,,,Ebroh
variation,ebroh-spuma-li-vert-spuma-li,Ebroh Spuma Li - vert / spuma-li,1,visible,,,2629.00,,yes,no,,,https://www.go2roues.com/wp-content/uploads/2021/11/ebroh-spuma-li-vert-trois-quart-face-droit.jpg,www-go2roues-com-shop-ebroh-spuma-li,Colore,Verde,,,Finitura,,,,Ebroh
variable,www-go2roues-com-shop-horwin-ek1,Horwin EK1,1,visible,"<p><strong>Horwin EK1</strong> di HORWIN. <em>Venduto da Distribuzione Import Export S.R.L.</em>.</p><ul><li>Autonomia dichiarata: 65 km, 130 km</li><li>Velocita massima: 45 km/h</li><li>Tempo di ricarica: 8h</li><li>Peso: 18 kg</li></ul>","<h2>Panoramica</h2><p>Contenuto riscritto e ottimizzato per una boutique italiana: informazioni chiare, valori tecnici organizzati e testo pensato per aiutare la decisione d'acquisto.</p><p><strong>Venditore:</strong> Distribuzione Import Export S.R.L.</p><p><strong>Categoria:</strong> Scooter elettrici > Sans Permis</p><h2>Scheda tecnica</h2><h3>Moteur</h3><table><tr><th>Couple maximal</th><td>145 Nm</td></tr><tr><th>Equivalenza cilindrata</th><td>Équivalent 50 cm3</td></tr><tr><th>Marque du moteur</th><td>Horwin</td></tr><tr><th>Potenza massima</th><td>2 800 W</td></tr><tr><th>Potenza motore</th><td>2 000 W</td></tr><tr><th>Transmission</th><td>Moteur intégré dans la roue arrière</td></tr><tr><th>Velocita massima</th><td>45 km/h</td></tr></table><h3>Batterie</h3><table><tr><th>Autonomia</th><td>65 km, 130 km</td></tr><tr><th>Batteria rimovibile</th><td>Si</td></tr><tr><th>Caricatore incluso</th><td>Si</td></tr><tr><th>Intensité du chargeur</th><td>5A</td></tr><tr><th>Poids de la batterie</th><td>18 kg</td></tr><tr><th>Capacita batteria</th><td>2.59 kWh, 2.59 kWh x 2</td></tr><tr><th>Tempo di ricarica</th><td>8h</td></tr><tr><th>Tipo di batteria</th><td>Lithium</td></tr><tr><th>Voltage & Ampérage de la Batterie</th><td>72V / 36Ah, 72V / 36Ah x 2</td></tr></table><h3>Chassis</h3><table><tr><th>Charge maximale</th><td>170 kg</td></tr><tr><th>Empattement</th><td>1 320 mm</td></tr><tr><th>Garde au sol minimale</th><td>125 mm</td></tr><tr><th>Hauteur de selle</th><td>780 mm</td></tr><tr><th>Hauteur hors tout</th><td>1 130 mm</td></tr><tr><th>Largeur hors tout</th><td>690 mm</td></tr><tr><th>Longueur hors tout</th><td>1 900 mm</td></tr></table><h3>Partie Cycle</h3><table><tr><th>Amortisseur arrière réglable</th><td>Si</td></tr><tr><th>Amortisseur avant réglable</th><td>No</td></tr><tr><th>Taille pneu arrière</th><td>110/70-13</td></tr><tr><th>Taille pneu avant</th><td>100/80-14</td></tr><tr><th>Taille roue arrière</th><td>13 pouces</td></tr><tr><th>Taille roue avant</th><td>14 pouces</td></tr><tr><th>Type frein arrière</th><td>Disque</td></tr><tr><th>Type frein avant</th><td>Disque</td></tr><tr><th>Alarme</th><td>Si</td></tr><tr><th>Freinage couplé</th><td>Si</td></tr><tr><th>Freinage régénératif</th><td>Si</td></tr><tr><th>Homologué 2 places</th><td>Si</td></tr><tr><th>Marche Arrière</th><td>Si</td></tr><tr><th>Modes de conduites</th><td>3 + Marche arrière</td></tr><tr><th>Prise USB</th><td>Si</td></tr><tr><th>Rangement casque sous la selle</th><td>Si</td></tr><tr><th>Régulateur</th><td>Si</td></tr><tr><th>Categoria omologazione</th><td>L1e</td></tr><tr><th>Code National</th><td>CL</td></tr><tr><th>Couleur</th><td>Blanc, Bleu, Noir Mat, Orange, Rose</td></tr><tr><th>Dimensioni</th><td>1900 × 690 × 1130 cm</td></tr><tr><th>Marque</th><td>HORWIN</td></tr><tr><th>Modèle</th><td>EK1</td></tr><tr><th>Patente</th><td>Permis AM, Sans permis</td></tr><tr><th>Peso in ordine di marcia</th><td>110 kg</td></tr></table><h2>Note</h2><p>Disponibilita, prezzi e varianti possono variare. Si consiglia di verificare la configurazione selezionata prima dell'acquisto.</p>",,,,,Scooter elettrici > Sans Permis,,"https://www.go2roues.com/wp-content/uploads/2023/09/EK1-NOIR-AVANT-DROIT.png, https://www.go2roues.com/wp-content/uploads/2022/01/horwin-ek1-blanc-cote-droit.jpg, https://www.go2roues.com/wp-content/uploads/2022/01/horwin-ek1-noir-cote-droit.jpg, https://www.go2roues.com/wp-content/uploads/2022/01/horwin-ek1-bleu-cote-droit.jpg, https://www.go2roues.com/wp-content/uploads/2023/09/HORWIN-EK1-ORANGE-ARRIERE-DROIT-2.png, https://www.go2roues.com/wp-content/uploads/2023/09/HORWIN-EK1-ORANGE-ARRIERE-DROIT.png, https://www.go2roues.com/wp-content/uploads/2023/09/HORWIN-EK1-ORANGE-ARRIERE-GAUCHE.png, https://www.go2roues.com/wp-content/uploads/2023/09/HORWIN-EK1-ORANGE-AVANT-DROIT.png, https://www.go2roues.com/wp-content/uploads/2023/09/HORWIN-EK1-ORANGE-AVANT-GAUCHE.png, https://www.go2roues.com/wp-content/uploads/2023/09/HORWIN-EK1-ORANGE-COTE-GAUCHE.png, https://www.go2roues.com/wp-content/uploads/2022/01/horwin-ek1-orange-vue-devant.jpg, https://www.go2roues.com/wp-content/uploads/2023/09/HORWIN-EK1-ORANGE-SELLE.png, https://www.go2roues.com/wp-content/uploads/2023/09/HORWIN-EK1-ORANGE-GUIDON.png, https://www.go2roues.com/wp-content/uploads/2023/09/EK1-NOIR-AVANT-GAUCHE.png, https://www.go2roues.com/wp-content/uploads/2023/09/EK1-NOIR-AVANT-DROIT-2.png",,Colore,,1,1,Finitura,,1,1,HORWIN
variation,horwin-ek1-65-km-blanc,Horwin EK1 - 65-km / blanc,1,visible,,,2999.00,,yes,notify,,,https://www.go2roues.com/wp-content/uploads/2022/01/horwin-ek1-blanc-cote-droit.jpg,www-go2roues-com-shop-horwin-ek1,Colore,Bianco,,,Finitura,,,,HORWIN
variation,horwin-ek1-130-km-rose,Horwin EK1 - 130-km / rose,1,visible,,,3999.00,,yes,notify,,,https://www.go2roues.com/wp-content/uploads/2023/06/ek1-rose-2-1.png,www-go2roues-com-shop-horwin-ek1,Colore,Rose,,,Finitura,,,,HORWIN
variation,horwin-ek1-130-km-orange,Horwin EK1 - 130-km / orange,1,visible,,,3999.00,,yes,notify,,,https://www.go2roues.com/wp-content/uploads/2022/01/horwin-ek1-orange-trois-quart-face-droit.jpg,www-go2roues-com-shop-horwin-ek1,Colore,Arancione,,,Finitura,,,,HORWIN
variation,horwin-ek1-130-km-noir-mat,Horwin EK1 - 130-km / noir-mat,1,visible,,,3999.00,,yes,notify,,,https://www.go2roues.com/wp-content/uploads/2022/01/horwin-ek1-noir-cote-droit.jpg,www-go2roues-com-shop-horwin-ek1,Colore,Noir Mat,,,Finitura,,,,HORWIN
variation,horwin-ek1-130-km-bleu,Horwin EK1 - 130-km / bleu,1,visible,,,3999.00,,yes,notify,,,https://www.go2roues.com/wp-content/uploads/2022/01/horwin-ek1-bleu-cote-droit.jpg,www-go2roues-com-shop-horwin-ek1,Colore,Blu,,,Finitura,,,,HORWIN
variation,horwin-ek1-130-km-blanc,Horwin EK1 - 130-km / blanc,1,visible,,,3999.00,,yes,notify,,,https://www.go2roues.com/wp-content/uploads/2022/01/horwin-ek1-blanc-cote-droit.jpg,www-go2roues-com-shop-horwin-ek1,Colore,Bianco,,,Finitura,,,,HORWIN
variation,horwin-ek1-65-km-rose,Horwin EK1 - 65-km / rose,1,visible,,,2999.00,,yes,notify,,,https://www.go2roues.com/wp-content/uploads/2023/06/ek1-rose-2-1.png,www-go2roues-com-shop-horwin-ek1,Colore,Rose,,,Finitura,,,,HORWIN
variation,horwin-ek1-65-km-noir-mat,Horwin EK1 - 65-km / noir-mat,1,visible,,,2999.00,,yes,notify,,,https://www.go2roues.com/wp-content/uploads/2023/09/EK1-NOIR-AVANT-DROIT.png,www-go2roues-com-shop-horwin-ek1,Colore,Noir Mat,,,Finitura,,,,HORWIN
variation,horwin-ek1-65-km-bleu,Horwin EK1 - 65-km / bleu,1,visible,,,2999.00,,yes,notify,,,https://www.go2roues.com/wp-content/uploads/2022/01/horwin-ek1-bleu-cote-droit.jpg,www-go2roues-com-shop-horwin-ek1,Colore,Blu,,,Finitura,,,,HORWIN
variation,horwin-ek1-65-km-orange,Horwin EK1 - 65-km / orange,1,visible,,,2999.00,,yes,notify,,,https://www.go2roues.com/wp-content/uploads/2022/01/horwin-ek1-orange-trois-quart-face-droit.jpg,www-go2roues-com-shop-horwin-ek1,Colore,Arancione,,,Finitura,,,,HORWIN
variable,www-go2roues-com-shop-ebroh-spuma-li-cargo,Ebroh Spuma Li Cargo,1,visible,"<p><strong>Ebroh Spuma Li Cargo</strong> di Ebroh. <em>Venduto da Distribuzione Import Export S.R.L.</em>.</p><ul><li>Autonomia dichiarata: 80 km</li><li>Velocita massima: 80 km/h</li><li>Tempo di ricarica: 5 h</li><li>Peso: 12,5 kg/batterie</li></ul>","<h2>Panoramica</h2><p>Contenuto riscritto e ottimizzato per una boutique italiana: informazioni chiare, valori tecnici organizzati e testo pensato per aiutare la decisione d'acquisto.</p><p><strong>Venditore:</strong> Distribuzione Import Export S.R.L.</p><p><strong>Categoria:</strong> Scooter elettrici > 125</p><h2>Scheda tecnica</h2><h3>Moteur</h3><table><tr><th>Equivalenza cilindrata</th><td>Équivalent 125 cm3</td></tr><tr><th>Marque du moteur</th><td>Ebroh</td></tr><tr><th>Potenza massima</th><td>4 700 W</td></tr><tr><th>Potenza motore</th><td>4 700 W</td></tr><tr><th>Transmission</th><td>Moteur intégré dans la roue arrière</td></tr><tr><th>Velocita massima</th><td>80 km/h</td></tr></table><h3>Batterie</h3><table><tr><th>Autonomia</th><td>80 km</td></tr><tr><th>Batteria rimovibile</th><td>Si</td></tr><tr><th>Caricatore incluso</th><td>Si</td></tr><tr><th>Poids de la batterie</th><td>12,5 kg/batterie</td></tr><tr><th>Capacita batteria</th><td>1.40 kWh x 2</td></tr><tr><th>Tempo di ricarica</th><td>5 h</td></tr><tr><th>Tipo di batteria</th><td>Lithium</td></tr><tr><th>Voltage & Ampérage de la Batterie</th><td>72V / 20Ah x 2</td></tr></table><h3>Chassis</h3><table><tr><th>Charge maximale</th><td>200 kg</td></tr><tr><th>Garde au sol minimale</th><td>170 mm</td></tr></table><h3>Partie Cycle</h3><table><tr><th>Amortisseur arrière réglable</th><td>No</td></tr><tr><th>Amortisseur avant réglable</th><td>No</td></tr><tr><th>Taille pneu arrière</th><td>110/70-12</td></tr><tr><th>Taille pneu avant</th><td>110/70-12</td></tr><tr><th>Taille roue arrière</th><td>12 pouces</td></tr><tr><th>Taille roue avant</th><td>12 pouces</td></tr><tr><th>Type frein arrière</th><td>Disque</td></tr><tr><th>Type frein avant</th><td>Disque</td></tr><tr><th>Alarme</th><td>No</td></tr><tr><th>Freinage couplé</th><td>Si</td></tr><tr><th>Homologué 2 places</th><td>No</td></tr><tr><th>Marche Arrière</th><td>No</td></tr><tr><th>Modes de conduites</th><td>3</td></tr><tr><th>Prise USB</th><td>No</td></tr><tr><th>Rangement casque sous la selle</th><td>No</td></tr><tr><th>Régulateur</th><td>No</td></tr><tr><th>Categoria omologazione</th><td>L3e</td></tr><tr><th>Code National</th><td>MTL</td></tr><tr><th>Couleur</th><td>Blanc, Rouge</td></tr><tr><th>Marque</th><td>Ebroh</td></tr><tr><th>Modèle</th><td>Spuma Li Cargo</td></tr><tr><th>Patente</th><td>Permis A1, Permis B + Formation 7h</td></tr><tr><th>Peso in ordine di marcia</th><td>88 kg</td></tr></table><h2>Note</h2><p>Disponibilita, prezzi e varianti possono variare. Si consiglia di verificare la configurazione selezionata prima dell'acquisto.</p>",,,,,Scooter elettrici > 125,,"https://www.go2roues.com/wp-content/uploads/2021/11/ebroh-spuma-li-cargo-blanc-trois-quart-face-droit.jpg, https://www.go2roues.com/wp-content/uploads/2021/11/ebroh-spuma-li-cargo-rouge-trois-quart-face-droit.jpg, https://www.go2roues.com/wp-content/uploads/2021/11/ebroh-spuma-li-cargo-rouge-vue-devant.jpg, https://www.go2roues.com/wp-content/uploads/2021/11/ebroh-spuma-li-cargo-rouge-cote-droit.jpg, https://www.go2roues.com/wp-content/uploads/2021/11/ebroh-spuma-li-cargo-blanc-vue-arriere-droit.jpg, https://www.go2roues.com/wp-content/uploads/2021/11/ebroh-spuma-li-blanc-cote-droit.jpg, https://www.go2roues.com/wp-content/uploads/2021/11/ebroh-spuma-li-poste-de-pilotage.jpg, https://www.go2roues.com/wp-content/uploads/2021/11/ebroh-spuma-li-moteur.jpg, https://www.go2roues.com/wp-content/uploads/2021/11/ebroh-spuma-li-compteur.jpg, http://www.go2roues.com/wp-content/uploads/2021/11/ebroh-spuma-li-cargo-blanc-trois-quart-face-droit.jpg",,Colore,,1,1,Finitura,,1,1,Ebroh
variation,ebroh-spuma-li-cargo-blanc,Ebroh Spuma Li Cargo - blanc,1,visible,,,4084.00,,yes,no,,,https://www.go2roues.com/wp-content/uploads/2021/11/ebroh-spuma-li-cargo-blanc-trois-quart-face-droit.jpg,www-go2roues-com-shop-ebroh-spuma-li-cargo,Colore,Bianco,,,Finitura,,,,Ebroh
variation,ebroh-spuma-li-cargo-rouge,Ebroh Spuma Li Cargo - rouge,1,visible,,,4084.00,,yes,no,,,https://www.go2roues.com/wp-content/uploads/2021/11/ebroh-spuma-li-cargo-rouge-trois-quart-face-droit.jpg,www-go2roues-com-shop-ebroh-spuma-li-cargo,Colore,Rosso,,,Finitura,,,,Ebroh
variable,www-go2roues-com-shop-horwin-sk3,Horwin SK3,1,visible,"<p><strong>Horwin SK3</strong> di HORWIN. <em>Venduto da Distribuzione Import Export S.R.L.</em>.</p><ul><li>Autonomia dichiarata: 65 km, 70 km, 130 km, 140 km</li><li>Velocita massima: 90 km/h</li><li>Tempo di ricarica: Non</li><li>Peso: 18 kg</li></ul>","<h2>Panoramica</h2><p>Contenuto riscritto e ottimizzato per una boutique italiana: informazioni chiare, valori tecnici organizzati e testo pensato per aiutare la decisione d'acquisto.</p><p><strong>Venditore:</strong> Distribuzione Import Export S.R.L.</p><p><strong>Categoria:</strong> Scooter elettrici > 125</p><h2>Punti di forza</h2><ul><li>vitesse instantanée,</li><li>niveau de batterie,</li><li>odomètre,</li><li>trip partiel,</li><li>mode de conduite sélectionné</li><li>autonomie restante estimée.</li></ul><h2>Scheda tecnica</h2><h3>Moteur</h3><table><tr><th>Equivalenza cilindrata</th><td>Équivalent 125 cm3</td></tr><tr><th>Marque du moteur</th><td>Horwin</td></tr><tr><th>Potenza massima</th><td>6 200 W</td></tr><tr><th>Potenza motore</th><td>3 100 W</td></tr><tr><th>Transmission</th><td>Par chaîne</td></tr><tr><th>Velocita massima</th><td>90 km/h</td></tr></table><h3>Batterie</h3><table><tr><th>Autonomia</th><td>65 km, 70 km, 130 km, 140 km</td></tr><tr><th>Batteria rimovibile</th><td>Si</td></tr><tr><th>Caricatore incluso</th><td>Si</td></tr><tr><th>Intensité du chargeur</th><td>8A</td></tr><tr><th>Poids de la batterie</th><td>18 kg</td></tr><tr><th>Capacita batteria</th><td>2.59 kWh, 2.59 kWh x 2</td></tr><tr><th>Recharge compatible T2</th><td>No</td></tr><tr><th>Tempo di ricarica</th><td>4 à 5 h par batterie</td></tr><tr><th>Tipo di batteria</th><td>Lithium</td></tr><tr><th>Voltage & Ampérage de la Batterie</th><td>72V / 36Ah, 72V / 36Ah x 2</td></tr></table><h3>Chassis</h3><table><tr><th>Charge maximale</th><td>281 kg</td></tr><tr><th>Empattement</th><td>1 360 mm</td></tr><tr><th>Garde au sol minimale</th><td>155 mm</td></tr><tr><th>Hauteur de selle</th><td>775 mm</td></tr><tr><th>Hauteur hors tout</th><td>1 130 mm</td></tr><tr><th>Largeur hors tout</th><td>750 mm</td></tr><tr><th>Longueur hors tout</th><td>1 993 mm</td></tr></table><h3>Partie Cycle</h3><table><tr><th>Taille pneu arrière</th><td>120/70-14</td></tr><tr><th>Taille pneu avant</th><td>110/70-14</td></tr><tr><th>Taille roue arrière</th><td>14 pouces</td></tr><tr><th>Taille roue avant</th><td>14 pouces</td></tr><tr><th>Type frein arrière</th><td>Disque</td></tr><tr><th>Type frein avant</th><td>Disque</td></tr><tr><th>Freinage couplé</th><td>Si</td></tr><tr><th>Homologué 2 places</th><td>Si</td></tr><tr><th>Marche Arrière</th><td>Si</td></tr><tr><th>Modes de conduites</th><td>3 + Marche arrière</td></tr><tr><th>Rangement casque sous la selle</th><td>Si</td></tr><tr><th>Régulateur</th><td>Si</td></tr><tr><th>Categoria omologazione</th><td>L3e</td></tr><tr><th>Code National</th><td>MTL</td></tr><tr><th>Couleur</th><td>Gold, Bleu, Gris, Noir</td></tr><tr><th>Dimensioni</th><td>1900 × 690 × 1130 cm</td></tr><tr><th>Marque</th><td>HORWIN</td></tr><tr><th>Modèle</th><td>SK3</td></tr><tr><th>Patente</th><td>Permis B + Formation 7h, Permis moto</td></tr><tr><th>Peso in ordine di marcia</th><td>110 kg</td></tr></table><h2>Note</h2><p>Disponibilita, prezzi e varianti possono variare. Si consiglia di verificare la configurazione selezionata prima dell'acquisto.</p>",,,,,Scooter elettrici > 125,,"https://www.go2roues.com/wp-content/uploads/2022/01/horwin-sk3-gris-trois-quart-face-droit.jpg, https://www.go2roues.com/wp-content/uploads/2022/01/horwin-sk3-noir-cote-gauche.jpg, https://www.go2roues.com/wp-content/uploads/2022/06/horwin-sk3-gold-trois-quart-arriere-droit.jpg, https://www.go2roues.com/wp-content/uploads/2022/01/horwin-sk3-gris-cote-droit.jpg, https://www.go2roues.com/wp-content/uploads/2022/01/horwin-sk3-gris-trois-quart-arriere-droit.jpg, https://www.go2roues.com/wp-content/uploads/2023/09/horwin-sk3-arriere-droit-gold.png, https://www.go2roues.com/wp-content/uploads/2022/01/horwin-sk3-gris-vue-arriere.jpg, https://www.go2roues.com/wp-content/uploads/2022/01/horwin-sk3-gris-trois-quart-arriere-gauche.jpg, https://www.go2roues.com/wp-content/uploads/2023/09/horwin-sk3-cote-gauche-gold.png, https://www.go2roues.com/wp-content/uploads/2022/01/horwin-sk3-gris-cote-gauche-1.jpg, https://www.go2roues.com/wp-content/uploads/2023/09/horwin-sK3-avant-gauche-gold.png, https://www.go2roues.com/wp-content/uploads/2022/01/horwin-sk3-gris-trois-quart-face-gauche.jpg, https://www.go2roues.com/wp-content/uploads/2023/09/horwin-sk3-avant-droit-gold.png, https://www.go2roues.com/wp-content/uploads/2022/01/horwin-sk3-gris-vue-avant.jpg, https://www.go2roues.com/wp-content/uploads/2023/08/horwin-sk3-cote-gauche-.png",,Colore,,1,1,Finitura,,1,1,HORWIN
variation,horwin-sk3-65-km-bleu,Horwin SK3 - 65-km / bleu,1,visible,,,4490.00,,yes,notify,,,https://www.go2roues.com/wp-content/uploads/2022/01/horwin-sk3-gris-trois-quart-face-droit.jpg,www-go2roues-com-shop-horwin-sk3,Colore,Blu,,,Finitura,,,,HORWIN
variation,horwin-sk3-65-km-gold,Horwin SK3 - 65-km / gold,1,visible,,,4490.00,,yes,notify,,,https://www.go2roues.com/wp-content/uploads/2022/06/horwin-sk3-gold-trois-quart-face-droit.jpg,www-go2roues-com-shop-horwin-sk3,Colore,Gold,,,Finitura,,,,HORWIN
variation,horwin-sk3-130-km-bleu,Horwin SK3 - 130-km / bleu,1,visible,,,5990.00,,yes,notify,,,https://www.go2roues.com/wp-content/uploads/2022/01/horwin-sk3-gris-trois-quart-face-droit.jpg,www-go2roues-com-shop-horwin-sk3,Colore,Blu,,,Finitura,,,,HORWIN
variation,horwin-sk3-130-km-gold,Horwin SK3 - 130-km / gold,1,visible,,,5990.00,,yes,notify,,,https://www.go2roues.com/wp-content/uploads/2022/06/horwin-sk3-gold-trois-quart-face-droit.jpg,www-go2roues-com-shop-horwin-sk3,Colore,Gold,,,Finitura,,,,HORWIN
variation,horwin-sk3-65-km-noir,Horwin SK3 - 65-km / noir,1,visible,,,4490.00,,yes,notify,,,https://www.go2roues.com/wp-content/uploads/2022/01/horwin-sk3-noir-cote-gauche.jpg,www-go2roues-com-shop-horwin-sk3,Colore,Nero,,,Finitura,,,,HORWIN
variation,horwin-sk3-130-km-noir,Horwin SK3 - 130-km / noir,1,visible,,,4999.00,,yes,notify,,,https://www.go2roues.com/wp-content/uploads/2022/01/horwin-sk3-noir-cote-gauche.jpg,www-go2roues-com-shop-horwin-sk3,Colore,Nero,,,Finitura,,,,HORWIN
simple,lvneng-s6,LVNENG S6,1,visible,<p><strong>LVNENG S6</strong> . <em>Venduto da Distribuzione Import Export S.R.L.</em>.</p><ul><li>Autonomia dichiarata: 120 km</li><li>Velocita massima: 75 km/h</li><li>Tempo di ricarica: 3.5 h par batterie</li><li>Peso: 11 kg par batterie</li></ul>,"<h2>Panoramica</h2><p>Contenuto riscritto e ottimizzato per una boutique italiana: informazioni chiare, valori tecnici organizzati e testo pensato per aiutare la decisione d'acquisto.</p><p><strong>Venditore:</strong> Distribuzione Import Export S.R.L.</p><p><strong>Categoria:</strong> Scooter elettrici > 125</p><h2>Punti di forza</h2><ul><li>Le mode 2 sera très utile en ville. Dans ce mode, le couple, l’accélération et la vitesse maximale du LVNENG S6 y sont parfaitement adaptés.</li></ul><h2>Scheda tecnica</h2><h3>Moteur</h3><table><tr><th>Equivalenza cilindrata</th><td>Équivalent 125 cm3</td></tr><tr><th>Marque du moteur</th><td>Bosch</td></tr><tr><th>Potenza massima</th><td>4 000 W</td></tr><tr><th>Potenza motore</th><td>4 000 W</td></tr><tr><th>Transmission</th><td>Moteur intégré dans la roue arrière</td></tr><tr><th>Velocita massima</th><td>75 km/h</td></tr></table><h3>Batterie</h3><table><tr><th>Autonomia</th><td>120 km</td></tr><tr><th>Batteria rimovibile</th><td>Si</td></tr><tr><th>Caricatore incluso</th><td>Si</td></tr><tr><th>Poids de la batterie</th><td>11 kg par batterie</td></tr><tr><th>Capacita batteria</th><td>1.92 kWh x 2</td></tr><tr><th>Tempo di ricarica</th><td>3.5 h par batterie</td></tr><tr><th>Tipo di batteria</th><td>Lithium</td></tr><tr><th>Voltage & Ampérage de la Batterie</th><td>60V / 32Ah x 2</td></tr></table><h3>Chassis</h3><table><tr><th>Charge maximale</th><td>210 kg</td></tr><tr><th>Empattement</th><td>1 350 mm</td></tr><tr><th>Garde au sol minimale</th><td>112 mm</td></tr><tr><th>Hauteur de selle</th><td>710 mm</td></tr><tr><th>Hauteur hors tout</th><td>1 113 mm</td></tr><tr><th>Largeur hors tout</th><td>700 mm</td></tr><tr><th>Longueur hors tout</th><td>1 865 mm</td></tr></table><h3>Partie Cycle</h3><table><tr><th>Amortisseur arrière réglable</th><td>Si</td></tr><tr><th>Amortisseur avant réglable</th><td>No</td></tr><tr><th>Taille pneu arrière</th><td>120/70-12</td></tr><tr><th>Taille pneu avant</th><td>120/70-12</td></tr><tr><th>Taille roue arrière</th><td>12 pouces</td></tr><tr><th>Taille roue avant</th><td>12 pouces</td></tr><tr><th>Type frein arrière</th><td>Disque</td></tr><tr><th>Type frein avant</th><td>Disque</td></tr><tr><th>Alarme</th><td>Si</td></tr><tr><th>Freinage couplé</th><td>Si</td></tr><tr><th>Freinage régénératif</th><td>No</td></tr><tr><th>Homologué 2 places</th><td>Si</td></tr><tr><th>Marche Arrière</th><td>No</td></tr><tr><th>Modes de conduites</th><td>3</td></tr><tr><th>Prise USB</th><td>Si</td></tr><tr><th>Rangement casque sous la selle</th><td>No</td></tr><tr><th>Régulateur</th><td>No</td></tr><tr><th>Categoria omologazione</th><td>L3e</td></tr><tr><th>Code National</th><td>MTL</td></tr><tr><th>Couleur</th><td>Gris</td></tr><tr><th>Dimensioni</th><td>190 × 70 × 115 cm</td></tr><tr><th>Marque</th><td>Lvneng</td></tr><tr><th>Modèle</th><td>S6</td></tr><tr><th>Patente</th><td>Permis B + Formation 7h, Permis moto</td></tr><tr><th>Peso in ordine di marcia</th><td>95 kg</td></tr></table><h2>Note</h2><p>Disponibilita, prezzi e varianti possono variare. Si consiglia di verificare la configurazione selezionata prima dell'acquisto.</p>",5289.00,,yes,no,Scooter elettrici > 125,,"http://www.go2roues.com/wp-content/uploads/2021/06/lvneng-s6-trois-quart-face-droit.jpg, https://www.go2roues.com/wp-content/uploads/2021/06/lvneng-s6-trois-quart-face-droit.jpg, https://www.go2roues.com/wp-content/uploads/2021/06/lvneng-s6-cote-droit.jpg, https://www.go2roues.com/wp-content/uploads/2021/06/lvneng-s6-trois-quart-arriere-droit.jpg, https://www.go2roues.com/wp-content/uploads/2021/06/lvneng-s6-vue-arriere.jpg, https://www.go2roues.com/wp-content/uploads/2021/06/lvneng-s6-trois-quart-arriere-gauche.jpg, https://www.go2roues.com/wp-content/uploads/2021/06/lvneng-s6-cote-gauche.jpg, https://www.go2roues.com/wp-content/uploads/2021/06/lvneng-s6-trois-quart-face-gauche.jpg, https://www.go2roues.com/wp-content/uploads/2021/06/lvneng-s6-vue-devant.jpg, https://www.go2roues.com/wp-content/uploads/2021/06/lvneng-s6-poste-de-pilotage.jpg, https://www.go2roues.com/wp-content/uploads/2021/06/lvneng-s6-compteur-vue-gauche.jpg, https://www.go2roues.com/wp-content/uploads/2021/06/lvneng-s6-commodo-gauche.jpg, https://www.go2roues.com/wp-content/uploads/2021/06/lvneng-s6-commodo-droit.jpg, https://www.go2roues.com/wp-content/uploads/2021/06/lvneng-s6-selle-vue-gauche.jpg, https://www.go2roues.com/wp-content/uploads/2021/06/lvneng-s6-usb.jpg",,,,,,,,,,LVNENG
variable,www-go2roues-com-shop-super-soco-cu-mini,Super Soco CU Mini,1,visible,"<p><strong>Super Soco CU Mini</strong> di Super SOCO. <em>Venduto da Distribuzione Import Export S.R.L.</em>.</p><ul><li>Autonomia dichiarata: 35 km</li><li>Velocita massima: 35 km/h</li><li>Tempo di ricarica: 7 h</li><li>Peso: 7,2 kg</li></ul>","<h2>Panoramica</h2><p>Contenuto riscritto e ottimizzato per una boutique italiana: informazioni chiare, valori tecnici organizzati e testo pensato per aiutare la decisione d'acquisto.</p><p><strong>Venditore:</strong> Distribuzione Import Export S.R.L.</p><p><strong>Categoria:</strong> Scooter elettrici > Sans Permis</p><h2>Scheda tecnica</h2><h3>Moteur</h3><table><tr><th>Equivalenza cilindrata</th><td>Équivalent 50 cm3</td></tr><tr><th>Marque du moteur</th><td>Super Soco</td></tr><tr><th>Potenza massima</th><td>600 W</td></tr><tr><th>Potenza motore</th><td>600 W</td></tr><tr><th>Transmission</th><td>Moteur intégré dans la roue arrière</td></tr><tr><th>Velocita massima</th><td>35 km/h</td></tr></table><h3>Batterie</h3><table><tr><th>Autonomia</th><td>35 km</td></tr><tr><th>Batteria rimovibile</th><td>Si</td></tr><tr><th>Caricatore incluso</th><td>Si</td></tr><tr><th>Intensité du chargeur</th><td>4A</td></tr><tr><th>Poids de la batterie</th><td>7,2 kg</td></tr><tr><th>Capacita batteria</th><td>0.96 kWh</td></tr><tr><th>Tempo di ricarica</th><td>7 h</td></tr><tr><th>Tipo di batteria</th><td>Lithium</td></tr><tr><th>Voltage & Ampérage de la Batterie</th><td>48V / 20Ah</td></tr></table><h3>Chassis</h3><table><tr><th>Charge maximale</th><td>100 kg</td></tr><tr><th>Garde au sol minimale</th><td>135 mm</td></tr><tr><th>Hauteur hors tout</th><td>1 083 mm</td></tr><tr><th>Largeur hors tout</th><td>695 mm</td></tr><tr><th>Longueur hors tout</th><td>1 655 mm</td></tr></table><h3>Partie Cycle</h3><table><tr><th>Amortisseur arrière réglable</th><td>No</td></tr><tr><th>Amortisseur avant réglable</th><td>No</td></tr><tr><th>Taille pneu arrière</th><td>70/90-12</td></tr><tr><th>Taille pneu avant</th><td>70/90-12</td></tr><tr><th>Taille roue arrière</th><td>12 pouces</td></tr><tr><th>Taille roue avant</th><td>12 pouces</td></tr><tr><th>Type frein arrière</th><td>Disque</td></tr><tr><th>Type frein avant</th><td>Disque</td></tr><tr><th>Alarme</th><td>Si</td></tr><tr><th>Freinage couplé</th><td>Si</td></tr><tr><th>Freinage régénératif</th><td>Si</td></tr><tr><th>Homologué 2 places</th><td>No</td></tr><tr><th>Marche Arrière</th><td>No</td></tr><tr><th>Prise USB</th><td>Si</td></tr><tr><th>Rangement casque sous la selle</th><td>No</td></tr><tr><th>Régulateur</th><td>No</td></tr><tr><th>Categoria omologazione</th><td>L1e</td></tr><tr><th>Code National</th><td>CL</td></tr><tr><th>Couleur</th><td>Gris, Rouge</td></tr><tr><th>Dimensioni</th><td>165 × 69 × 108 cm</td></tr><tr><th>Marque</th><td>Super SOCO</td></tr><tr><th>Modèle</th><td>CU Mini</td></tr><tr><th>Patente</th><td>Permis AM, Sans permis</td></tr><tr><th>Peso in ordine di marcia</th><td>65 kg</td></tr></table><h2>Note</h2><p>Disponibilita, prezzi e varianti possono variare. Si consiglia di verificare la configurazione selezionata prima dell'acquisto.</p>",,,,,Scooter elettrici > Sans Permis,,"https://www.go2roues.com/wp-content/uploads/2021/06/super-soco-cu-mini-gris-trois-quart-face-droit.jpg, https://www.go2roues.com/wp-content/uploads/2021/06/super-soco-cu-mini-rouge-trois-quart-face-droit.jpg, https://www.go2roues.com/wp-content/uploads/2021/06/super-soco-cu-mini-gris-ville.jpg, https://www.go2roues.com/wp-content/uploads/2021/06/super-soco-cu-mini-gris-gare-parc.jpg, https://www.go2roues.com/wp-content/uploads/2021/06/super-soco-cu-mini-feu-avant.jpg, https://www.go2roues.com/wp-content/uploads/2021/06/super-soco-cu-mini-feu-arriere.jpg, https://www.go2roues.com/wp-content/uploads/2021/06/super-soco-cu-mini-compteur.jpg, https://www.go2roues.com/wp-content/uploads/2021/06/super-soco-cu-mini-batterie.jpg, https://www.go2roues.com/wp-content/uploads/2021/06/super-soco-cu-mini-cle-sans-contact.jpg",,Colore,,1,1,Finitura,,1,1,Super SOCO
variation,super-soco-cu-mini-gris,Super Soco CU Mini - gris,1,visible,,,1990.00,,yes,no,,,https://www.go2roues.com/wp-content/uploads/2021/06/super-soco-cu-mini-gris-trois-quart-face-droit.jpg,www-go2roues-com-shop-super-soco-cu-mini,Colore,Grigio,,,Finitura,,,,Super SOCO
variation,super-soco-cu-mini-rouge,Super Soco CU Mini - rouge,1,visible,,,1990.00,,yes,no,,,https://www.go2roues.com/wp-content/uploads/2021/06/super-soco-cu-mini-rouge-trois-quart-face-droit.jpg,www-go2roues-com-shop-super-soco-cu-mini,Colore,Rosso,,,Finitura,,,,Super SOCO
variable,www-go2roues-com-shop-kumpan-54-ignite,Kumpan 54 Ignite,1,visible,"<p><strong>Kumpan 54 Ignite</strong> di Kumpan Electric. <em>Venduto da Distribuzione Import Export S.R.L.</em>.</p><ul><li>Autonomia dichiarata: 75 km, 110 km</li><li>Velocita massima: 110 km/h</li><li>Tempo di ricarica: 8 à 10 h, 12 à 15 h</li><li>Peso: 10 kg</li></ul>","<h2>Panoramica</h2><p>Contenuto riscritto e ottimizzato per una boutique italiana: informazioni chiare, valori tecnici organizzati e testo pensato per aiutare la decisione d'acquisto.</p><p><strong>Venditore:</strong> Distribuzione Import Export S.R.L.</p><p><strong>Categoria:</strong> Scooter elettrici > 125</p><h2>Scheda tecnica</h2><h3>Moteur</h3><table><tr><th>Couple maximal</th><td>141 Nm</td></tr><tr><th>Equivalenza cilindrata</th><td>Équivalent 125 cm3</td></tr><tr><th>Marque du moteur</th><td>Kumpan</td></tr><tr><th>Potenza massima</th><td>7 000 W</td></tr><tr><th>Potenza motore</th><td>7 000 W</td></tr><tr><th>Transmission</th><td>Moteur intégré dans la roue arrière</td></tr><tr><th>Velocita massima</th><td>110 km/h</td></tr></table><h3>Batterie</h3><table><tr><th>Autonomia</th><td>75 km, 110 km</td></tr><tr><th>Batteria rimovibile</th><td>Si</td></tr><tr><th>Caricatore incluso</th><td>Si</td></tr><tr><th>Intensité du chargeur</th><td>6A</td></tr><tr><th>Poids de la batterie</th><td>10 kg</td></tr><tr><th>Capacita batteria</th><td>1.5 kWh x 2, 1.5 kWh x 3</td></tr><tr><th>Tempo di ricarica</th><td>8 à 10 h, 12 à 15 h</td></tr><tr><th>Tipo di batteria</th><td>Lithium</td></tr><tr><th>Voltage & Ampérage de la Batterie</th><td>51V / 28.5Ah x 2, 51V / 28.5Ah x 3</td></tr></table><h3>Chassis</h3><table><tr><th>Charge maximale</th><td>280 kg</td></tr><tr><th>Empattement</th><td>1 354 mm</td></tr><tr><th>Garde au sol minimale</th><td>200 mm</td></tr><tr><th>Hauteur de selle</th><td>800 mm</td></tr><tr><th>Hauteur hors tout</th><td>1 215 mm</td></tr><tr><th>Largeur hors tout</th><td>730 mm</td></tr><tr><th>Longueur hors tout</th><td>1 950 mm</td></tr></table><h3>Partie Cycle</h3><table><tr><th>Amortisseur arrière réglable</th><td>Si</td></tr><tr><th>Amortisseur avant réglable</th><td>No</td></tr><tr><th>Taille frein arrière</th><td>185 mm</td></tr><tr><th>Taille frein avant</th><td>195 mm</td></tr><tr><th>Taille pneu arrière</th><td>120/70-12</td></tr><tr><th>Taille pneu avant</th><td>110/70-12</td></tr><tr><th>Taille roue arrière</th><td>12 pouces</td></tr><tr><th>Taille roue avant</th><td>12 pouces</td></tr><tr><th>Type frein arrière</th><td>Disque</td></tr><tr><th>Type frein avant</th><td>Disque</td></tr><tr><th>Alarme</th><td>No</td></tr><tr><th>Freinage couplé</th><td>Si</td></tr><tr><th>Freinage régénératif</th><td>Si</td></tr><tr><th>Homologué 2 places</th><td>Si</td></tr><tr><th>Marche Arrière</th><td>No</td></tr><tr><th>Modes de conduites</th><td>3</td></tr><tr><th>Prise USB</th><td>No</td></tr><tr><th>Rangement casque sous la selle</th><td>No</td></tr><tr><th>Régulateur</th><td>Si</td></tr><tr><th>Categoria omologazione</th><td>L3e</td></tr><tr><th>Code National</th><td>MTL</td></tr><tr><th>Couleur</th><td>Bleu/Rouge, Gris/Marron, Blanc, Bleu, Gris, Jaune, Noir</td></tr><tr><th>Dimensioni</th><td>195 × 730 × 121 cm</td></tr><tr><th>Marque</th><td>Kumpan Electric</td></tr><tr><th>Modèle</th><td>54 Ignite</td></tr><tr><th>Patente</th><td>Permis A1, Permis B + Formation 7h, Permis moto</td></tr><tr><th>Peso in ordine di marcia</th><td>92 kg</td></tr></table><h2>Note</h2><p>Disponibilita, prezzi e varianti possono variare. Si consiglia di verificare la configurazione selezionata prima dell'acquisto.</p>",,,,,Scooter elettrici > 125,,"https://www.go2roues.com/wp-content/uploads/2021/01/kumpan-54-inspire-impulse-iconic-gris-cote-droit.jpg, https://www.go2roues.com/wp-content/uploads/2021/01/kumpan-54-inspire-impulse-iconic-blanc-cote-droit.jpg, https://www.go2roues.com/wp-content/uploads/2021/01/kumpan-54-iconic-noir-cote-droit.jpg, https://www.go2roues.com/wp-content/uploads/2021/01/kumpan-54-impulse-bleu-cote-droit.jpg, https://www.go2roues.com/wp-content/uploads/2021/01/kumpan-54-inspire-jaune-cote-droit.jpg, https://www.go2roues.com/wp-content/uploads/2021/01/kumpan-54-batteries-coffre.jpg, https://www.go2roues.com/wp-content/uploads/2021/01/kumpan-54-ignite-top-case.jpg, https://www.go2roues.com/wp-content/uploads/2021/01/kumpan-54-ignite-compteur-lcd.jpg, https://www.go2roues.com/wp-content/uploads/2021/01/kumpan-54-ignite-campagne.jpg",,Colore,,1,1,Finitura,,1,1,Kumpan Electric
variation,kumpan-54-ignite-75-km-noir,Kumpan 54 Ignite - 75-km / noir,1,visible,,,7199.00,,yes,no,,,https://www.go2roues.com/wp-content/uploads/2021/01/kumpan-54-iconic-noir-cote-droit.jpg,www-go2roues-com-shop-kumpan-54-ignite,Colore,Nero,,,Finitura,,,,Kumpan Electric
variation,kumpan-54-ignite-110-km-noir,Kumpan 54 Ignite - 110-km / noir,1,visible,,,8489.00,,yes,no,,,https://www.go2roues.com/wp-content/uploads/2021/01/kumpan-54-iconic-noir-cote-droit.jpg,www-go2roues-com-shop-kumpan-54-ignite,Colore,Nero,,,Finitura,,,,Kumpan Electric
variation,kumpan-54-ignite-75-km-gris,Kumpan 54 Ignite - 75-km / gris,1,visible,,,7199.00,,yes,no,,,https://www.go2roues.com/wp-content/uploads/2021/01/kumpan-54-inspire-impulse-iconic-gris-cote-droit.jpg,www-go2roues-com-shop-kumpan-54-ignite,Colore,Grigio,,,Finitura,,,,Kumpan Electric
variation,kumpan-54-ignite-110-km-gris,Kumpan 54 Ignite - 110-km / gris,1,visible,,,8489.00,,yes,no,,,https://www.go2roues.com/wp-content/uploads/2021/01/kumpan-54-inspire-impulse-iconic-gris-cote-droit.jpg,www-go2roues-com-shop-kumpan-54-ignite,Colore,Grigio,,,Finitura,,,,Kumpan Electric
variation,kumpan-54-ignite-75-km-bleu,Kumpan 54 Ignite - 75-km / bleu,1,visible,,,7199.00,,yes,no,,,https://www.go2roues.com/wp-content/uploads/2021/01/kumpan-54-impulse-bleu-cote-droit.jpg,www-go2roues-com-shop-kumpan-54-ignite,Colore,Blu,,,Finitura,,,,Kumpan Electric
variation,kumpan-54-ignite-110-km-bleu,Kumpan 54 Ignite - 110-km / bleu,1,visible,,,8489.00,,yes,no,,,https://www.go2roues.com/wp-content/uploads/2021/01/kumpan-54-impulse-bleu-cote-droit.jpg,www-go2roues-com-shop-kumpan-54-ignite,Colore,Blu,,,Finitura,,,,Kumpan Electric
variation,kumpan-54-ignite-75-km-blanc,Kumpan 54 Ignite - 75-km / blanc,1,visible,,,7050.00,,yes,no,,,https://www.go2roues.com/wp-content/uploads/2021/01/kumpan-54-inspire-impulse-iconic-blanc-cote-droit.jpg,www-go2roues-com-shop-kumpan-54-ignite,Colore,Bianco,,,Finitura,,,,Kumpan Electric
variation,kumpan-54-ignite-110-km-blanc,Kumpan 54 Ignite - 110-km / blanc,1,visible,,,8340.00,,yes,no,,,https://www.go2roues.com/wp-content/uploads/2021/01/kumpan-54-inspire-impulse-iconic-blanc-cote-droit.jpg,www-go2roues-com-shop-kumpan-54-ignite,Colore,Bianco,,,Finitura,,,,Kumpan Electric
variation,kumpan-54-ignite-75-km-jaune,Kumpan 54 Ignite - 75-km / jaune,1,visible,,,7249.00,,yes,no,,,https://www.go2roues.com/wp-content/uploads/2021/01/kumpan-54-inspire-jaune-cote-droit.jpg,www-go2roues-com-shop-kumpan-54-ignite,Colore,Giallo,,,Finitura,,,,Kumpan Electric
variation,kumpan-54-ignite-110-km-jaune,Kumpan 54 Ignite - 110-km / jaune,1,visible,,,8539.00,,yes,no,,,https://www.go2roues.com/wp-content/uploads/2021/01/kumpan-54-inspire-jaune-cote-droit.jpg,www-go2roues-com-shop-kumpan-54-ignite,Colore,Giallo,,,Finitura,,,,Kumpan Electric
variable,www-go2roues-com-shop-sunra-swift,Sunra Swift,1,visible,<p><strong>Sunra Swift</strong> di Sunra. <em>Venduto da Distribuzione Import Export S.R.L.</em>.</p><ul><li>Autonomia dichiarata: 80 km</li><li>Velocita massima: 45 km/h</li><li>Tempo di ricarica: 4h par batterie</li></ul>,"<h2>Panoramica</h2><p>Contenuto riscritto e ottimizzato per una boutique italiana: informazioni chiare, valori tecnici organizzati e testo pensato per aiutare la decisione d'acquisto.</p><p><strong>Venditore:</strong> Distribuzione Import Export S.R.L.</p><p><strong>Categoria:</strong> Scooter elettrici > Sans Permis</p><h2>Scheda tecnica</h2><h3>Moteur</h3><table><tr><th>Equivalenza cilindrata</th><td>Équivalent 50 cm3</td></tr><tr><th>Marque du moteur</th><td>Sunra</td></tr><tr><th>Potenza massima</th><td>3 000 W</td></tr><tr><th>Potenza motore</th><td>3 000 W</td></tr><tr><th>Transmission</th><td>Moteur intégré dans la roue arrière</td></tr><tr><th>Velocita massima</th><td>45 km/h</td></tr></table><h3>Batterie</h3><table><tr><th>Autonomia</th><td>80 km</td></tr><tr><th>Batteria rimovibile</th><td>Si</td></tr><tr><th>Caricatore incluso</th><td>Si</td></tr><tr><th>Capacita batteria</th><td>1.44 kWh x 2</td></tr><tr><th>Tempo di ricarica</th><td>4h par batterie</td></tr><tr><th>Tipo di batteria</th><td>Lithium</td></tr><tr><th>Voltage & Ampérage de la Batterie</th><td>72V / 20Ah x 2</td></tr></table><h3>Partie Cycle</h3><table><tr><th>Amortisseur arrière réglable</th><td>Si</td></tr><tr><th>Amortisseur avant réglable</th><td>No</td></tr><tr><th>Taille pneu arrière</th><td>110/70-12</td></tr><tr><th>Taille pneu avant</th><td>110/70-12</td></tr><tr><th>Taille roue arrière</th><td>12 pouces</td></tr><tr><th>Taille roue avant</th><td>12 pouces</td></tr><tr><th>Type frein arrière</th><td>Disque</td></tr><tr><th>Type frein avant</th><td>Disque</td></tr><tr><th>Homologué 2 places</th><td>No</td></tr><tr><th>Categoria omologazione</th><td>L1e</td></tr><tr><th>Code National</th><td>CL</td></tr><tr><th>Couleur</th><td>Blanc, Noir</td></tr><tr><th>Marque</th><td>Sunra</td></tr><tr><th>Modèle</th><td>Swift</td></tr><tr><th>Patente</th><td>Sans permis</td></tr></table><h2>Note</h2><p>Disponibilita, prezzi e varianti possono variare. Si consiglia di verificare la configurazione selezionata prima dell'acquisto.</p>",,,,,Scooter elettrici > Sans Permis,,"https://www.go2roues.com/wp-content/uploads/2021/10/sunra-swift-noir-trois-quart-face-droit.jpg, https://www.go2roues.com/wp-content/uploads/2021/10/sunra-swift-noir-cote-droit.jpg, https://www.go2roues.com/wp-content/uploads/2021/10/sunra-swift-noir-trois-quart-arriere-droit.jpg, https://www.go2roues.com/wp-content/uploads/2021/10/sunra-swift-noir-vue-arriere.jpg, https://www.go2roues.com/wp-content/uploads/2021/10/sunra-swift-noir-trois-quart-arriere-gauche.jpg, https://www.go2roues.com/wp-content/uploads/2021/10/sunra-swift-noir-vue-devant.jpg",,Colore,,1,1,Finitura,,1,1,Sunra
variation,sunswift-noir,Sunra Swift - noir,1,visible,,,4090.00,,yes,notify,,,https://www.go2roues.com/wp-content/uploads/2021/10/sunra-swift-noir-trois-quart-face-droit.jpg,www-go2roues-com-shop-sunra-swift,Colore,Nero,,,Finitura,,,,Sunra
variation,sunswift-blanc,Sunra Swift - blanc,1,visible,,,4090.00,,yes,notify,,,https://www.go2roues.com/wp-content/uploads/2021/10/sunra-swift-noir-trois-quart-face-droit.jpg,www-go2roues-com-shop-sunra-swift,Colore,Bianco,,,Finitura,,,,Sunra
variable,www-go2roues-com-shop-ebroh-strada-li,Ebroh Strada Li,1,visible,"<p><strong>Ebroh Strada Li</strong> di Ebroh. <em>Venduto da Distribuzione Import Export S.R.L.</em>.</p><ul><li>Autonomia dichiarata: 60 km</li><li>Velocita massima: 45 km/h</li><li>Tempo di ricarica: 5 h</li><li>Peso: 12,5 kg/batterie</li></ul>","<h2>Panoramica</h2><p>Contenuto riscritto e ottimizzato per una boutique italiana: informazioni chiare, valori tecnici organizzati e testo pensato per aiutare la decisione d'acquisto.</p><p><strong>Venditore:</strong> Distribuzione Import Export S.R.L.</p><p><strong>Categoria:</strong> Scooter elettrici > Sans Permis</p><h2>Scheda tecnica</h2><h3>Moteur</h3><table><tr><th>Equivalenza cilindrata</th><td>Équivalent 50 cm3</td></tr><tr><th>Potenza massima</th><td>3 000 W</td></tr><tr><th>Potenza motore</th><td>3 000 W</td></tr><tr><th>Transmission</th><td>Moteur intégré dans la roue arrière</td></tr><tr><th>Velocita massima</th><td>45 km/h</td></tr></table><h3>Batterie</h3><table><tr><th>Autonomia</th><td>60 km</td></tr><tr><th>Batteria rimovibile</th><td>Si</td></tr><tr><th>Caricatore incluso</th><td>Si</td></tr><tr><th>Poids de la batterie</th><td>12,5 kg/batterie</td></tr><tr><th>Capacita batteria</th><td>2 kWh</td></tr><tr><th>Tempo di ricarica</th><td>5 h</td></tr><tr><th>Tipo di batteria</th><td>Lithium</td></tr><tr><th>Voltage & Ampérage de la Batterie</th><td>72V / 28Ah</td></tr></table><h3>Chassis</h3><table><tr><th>Charge maximale</th><td>150 kg</td></tr></table><h3>Partie Cycle</h3><table><tr><th>Amortisseur arrière réglable</th><td>No</td></tr><tr><th>Amortisseur avant réglable</th><td>No</td></tr><tr><th>Taille pneu arrière</th><td>110/70-12</td></tr><tr><th>Taille pneu avant</th><td>110/70-12</td></tr><tr><th>Taille roue arrière</th><td>12 pouces</td></tr><tr><th>Taille roue avant</th><td>12 pouces</td></tr><tr><th>Type frein arrière</th><td>Disque</td></tr><tr><th>Type frein avant</th><td>Disque</td></tr><tr><th>Alarme</th><td>No</td></tr><tr><th>Homologué 2 places</th><td>Si</td></tr><tr><th>Marche Arrière</th><td>No</td></tr><tr><th>Prise USB</th><td>No</td></tr><tr><th>Rangement casque sous la selle</th><td>No</td></tr><tr><th>Régulateur</th><td>No</td></tr><tr><th>Categoria omologazione</th><td>L1e</td></tr><tr><th>Code National</th><td>CL</td></tr><tr><th>Couleur</th><td>Bleu, Rouge</td></tr><tr><th>Marque</th><td>Ebroh</td></tr><tr><th>Modèle</th><td>Strada Li</td></tr><tr><th>Patente</th><td>Permis AM, Sans permis</td></tr><tr><th>Peso in ordine di marcia</th><td>80 kg</td></tr></table><h2>Note</h2><p>Disponibilita, prezzi e varianti possono variare. Si consiglia di verificare la configurazione selezionata prima dell'acquisto.</p>",,,,,Scooter elettrici > Sans Permis,,"https://www.go2roues.com/wp-content/uploads/2021/11/ebroh-strada-li-bleu-trois-quart-face-droit-1.jpg, https://www.go2roues.com/wp-content/uploads/2021/11/ebroh-strada-li-rouge-trois-quart-face-droit-1.jpg, https://www.go2roues.com/wp-content/uploads/2021/11/ebroh-strada-li-bleu-cote-droit.jpg, https://www.go2roues.com/wp-content/uploads/2021/11/ebroh-strada-li-bleu-vue-devant.jpg, https://www.go2roues.com/wp-content/uploads/2021/11/ebroh-strada-li-batterie.jpg, https://www.go2roues.com/wp-content/uploads/2021/11/ebroh-strada-li-camping-car.jpg, http://www.go2roues.com/wp-content/uploads/2021/11/ebroh-strada-li-bleu-trois-quart-face-droit-1.jpg",,Colore,,1,1,Finitura,,1,1,Ebroh
variation,ebroh-strada-li-rouge,Ebroh Strada Li - rouge,1,visible,,,2556.00,,yes,no,,,https://www.go2roues.com/wp-content/uploads/2021/11/ebroh-strada-li-rouge-trois-quart-face-droit-1.jpg,www-go2roues-com-shop-ebroh-strada-li,Colore,Rosso,,,Finitura,,,,Ebroh
variation,ebroh-strada-li-bleu,Ebroh Strada Li - bleu,1,visible,,,2556.00,,yes,no,,,https://www.go2roues.com/wp-content/uploads/2021/11/ebroh-strada-li-bleu-trois-quart-face-droit-1.jpg,www-go2roues-com-shop-ebroh-strada-li,Colore,Blu,,,Finitura,,,,Ebroh
variable,www-go2roues-com-shop-kumpan-54-iconic,Kumpan 54 Iconic,1,visible,"<p><strong>Kumpan 54 Iconic</strong> di Kumpan Electric. <em>Venduto da Distribuzione Import Export S.R.L.</em>.</p><ul><li>Autonomia dichiarata: 65 km, 130 km, 185 km</li><li>Velocita massima: 45 km/h</li><li>Tempo di ricarica: 4 à 5 h</li><li>Peso: 10 kg</li></ul>","<h2>Panoramica</h2><p>Contenuto riscritto e ottimizzato per una boutique italiana: informazioni chiare, valori tecnici organizzati e testo pensato per aiutare la decisione d'acquisto.</p><p><strong>Venditore:</strong> Distribuzione Import Export S.R.L.</p><p><strong>Categoria:</strong> Scooter elettrici > Sans Permis</p><h2>Scheda tecnica</h2><h3>Moteur</h3><table><tr><th>Couple maximal</th><td>92 Nm</td></tr><tr><th>Equivalenza cilindrata</th><td>Équivalent 50 cm3</td></tr><tr><th>Marque du moteur</th><td>Kumpan</td></tr><tr><th>Potenza massima</th><td>4 000 W</td></tr><tr><th>Potenza motore</th><td>4 000 W</td></tr><tr><th>Transmission</th><td>Moteur intégré dans la roue arrière</td></tr><tr><th>Velocita massima</th><td>45 km/h</td></tr></table><h3>Batterie</h3><table><tr><th>Autonomia</th><td>65 km, 130 km, 185 km</td></tr><tr><th>Batteria rimovibile</th><td>Si</td></tr><tr><th>Caricatore incluso</th><td>Si</td></tr><tr><th>Intensité du chargeur</th><td>6A</td></tr><tr><th>Poids de la batterie</th><td>10 kg</td></tr><tr><th>Capacita batteria</th><td>1.5 kWh, 1.5 kWh x 2, 1.5 kWh x 3</td></tr><tr><th>Tempo di ricarica</th><td>4 à 5 h</td></tr><tr><th>Tipo di batteria</th><td>Lithium</td></tr><tr><th>Voltage & Ampérage de la Batterie</th><td>51V / 28.5Ah</td></tr></table><h3>Chassis</h3><table><tr><th>Charge maximale</th><td>280 kg</td></tr><tr><th>Empattement</th><td>1 354 mm</td></tr><tr><th>Garde au sol minimale</th><td>200 mm</td></tr><tr><th>Hauteur de selle</th><td>800 mm</td></tr><tr><th>Hauteur hors tout</th><td>1 215 mm</td></tr><tr><th>Largeur hors tout</th><td>730 mm</td></tr><tr><th>Longueur hors tout</th><td>1 950 mm</td></tr></table><h3>Partie Cycle</h3><table><tr><th>Amortisseur arrière réglable</th><td>Si</td></tr><tr><th>Amortisseur avant réglable</th><td>No</td></tr><tr><th>Taille frein arrière</th><td>185 mm</td></tr><tr><th>Taille frein avant</th><td>195 mm</td></tr><tr><th>Taille pneu arrière</th><td>120/70-12</td></tr><tr><th>Taille pneu avant</th><td>110/70-12</td></tr><tr><th>Taille roue arrière</th><td>12 pouces</td></tr><tr><th>Taille roue avant</th><td>12 pouces</td></tr><tr><th>Type frein arrière</th><td>Disque</td></tr><tr><th>Type frein avant</th><td>Disque</td></tr><tr><th>Alarme</th><td>No</td></tr><tr><th>Freinage couplé</th><td>No</td></tr><tr><th>Freinage régénératif</th><td>Si</td></tr><tr><th>Homologué 2 places</th><td>Si</td></tr><tr><th>Marche Arrière</th><td>No</td></tr><tr><th>Modes de conduites</th><td>3</td></tr><tr><th>Prise USB</th><td>No</td></tr><tr><th>Rangement casque sous la selle</th><td>No</td></tr><tr><th>Régulateur</th><td>No</td></tr><tr><th>Categoria omologazione</th><td>L1e</td></tr><tr><th>Code National</th><td>CL</td></tr><tr><th>Couleur</th><td>Blanc/Marron, Gris/Rouge, Noir + Support Top Case, Noir + Top Case, Blanc, Bleu, Gris, Jaune, Noir</td></tr><tr><th>Dimensioni</th><td>195 × 730 × 121 cm</td></tr><tr><th>Marque</th><td>Kumpan Electric</td></tr><tr><th>Modèle</th><td>54 iconic</td></tr><tr><th>Patente</th><td>Sans permis</td></tr><tr><th>Peso in ordine di marcia</th><td>92 kg</td></tr></table><h2>Note</h2><p>Disponibilita, prezzi e varianti possono variare. Si consiglia di verificare la configurazione selezionata prima dell'acquisto.</p>",,,,,Scooter elettrici > Sans Permis,,"https://www.go2roues.com/wp-content/uploads/2021/01/kumpan-54-iconic-noir-cote-droit.jpg, https://www.go2roues.com/wp-content/uploads/2021/01/kumpan-54-impulse-bleu-cote-droit.jpg, https://www.go2roues.com/wp-content/uploads/2021/01/kumpan-54-inspire-impulse-iconic-blanc-cote-droit.jpg, https://www.go2roues.com/wp-content/uploads/2021/01/kumpan-54-inspire-impulse-iconic-gris-cote-droit.jpg, https://www.go2roues.com/wp-content/uploads/2021/01/kumpan-54-inspire-jaune-cote-droit.jpg, https://www.go2roues.com/wp-content/uploads/2021/01/kumpan-54-iconic-compteur-lcd-gros-plan.jpg, https://www.go2roues.com/wp-content/uploads/2021/01/kumpan-54-inspire-compteur.jpg, https://www.go2roues.com/wp-content/uploads/2021/01/kumpan-54-iconic-compartiment-batterie-coffre.jpg, https://www.go2roues.com/wp-content/uploads/2021/01/kumpan-54-iconic-feu-arriere-gros-plan.jpg, https://www.go2roues.com/wp-content/uploads/2021/01/kumpan-54-iconic-lifestyle-scooter-noir-rue.jpg, https://www.go2roues.com/wp-content/uploads/2021/01/kumpan-54-iconic-lifestyle-scooter-noir-casual.jpg",,Colore,,1,1,Finitura,,1,1,Kumpan Electric
variation,kumpan-54-iconic-185-km-noir,Kumpan 54 Iconic - 185-km / noir,1,visible,,,7919.00,,yes,no,,,https://www.go2roues.com/wp-content/uploads/2021/01/kumpan-54-iconic-noir-cote-droit.jpg,www-go2roues-com-shop-kumpan-54-iconic,Colore,Nero,,,Finitura,,,,Kumpan Electric
variation,kumpan-54-iconic-130-km-noir,Kumpan 54 Iconic - 130-km / noir,1,visible,,,6629.00,,yes,no,,,https://www.go2roues.com/wp-content/uploads/2021/01/kumpan-54-iconic-noir-cote-droit.jpg,www-go2roues-com-shop-kumpan-54-iconic,Colore,Nero,,,Finitura,,,,Kumpan Electric
variation,kumpan-54-iconic-65-km-noir,Kumpan 54 Iconic - 65-km / noir,1,visible,,,5339.00,,yes,no,,,https://www.go2roues.com/wp-content/uploads/2021/01/kumpan-54-iconic-noir-cote-droit.jpg,www-go2roues-com-shop-kumpan-54-iconic,Colore,Nero,,,Finitura,,,,Kumpan Electric
variation,kumpan-54-iconic-185-km-gris,Kumpan 54 Iconic - 185-km / gris,1,visible,,,7919.00,,yes,no,,,https://www.go2roues.com/wp-content/uploads/2021/01/kumpan-54-inspire-impulse-iconic-gris-cote-droit.jpg,www-go2roues-com-shop-kumpan-54-iconic,Colore,Grigio,,,Finitura,,,,Kumpan Electric
variation,kumpan-54-iconic-130-km-gris,Kumpan 54 Iconic - 130-km / gris,1,visible,,,6629.00,,yes,no,,,https://www.go2roues.com/wp-content/uploads/2021/01/kumpan-54-inspire-impulse-iconic-gris-cote-droit.jpg,www-go2roues-com-shop-kumpan-54-iconic,Colore,Grigio,,,Finitura,,,,Kumpan Electric
variation,kumpan-54-iconic-65-km-gris,Kumpan 54 Iconic - 65-km / gris,1,visible,,,5339.00,,yes,no,,,https://www.go2roues.com/wp-content/uploads/2021/01/kumpan-54-inspire-impulse-iconic-gris-cote-droit.jpg,www-go2roues-com-shop-kumpan-54-iconic,Colore,Grigio,,,Finitura,,,,Kumpan Electric
variation,kumpan-54-iconic-185-km-bleu,Kumpan 54 Iconic - 185-km / bleu,1,visible,,,7919.00,,yes,no,,,https://www.go2roues.com/wp-content/uploads/2021/01/kumpan-54-impulse-bleu-cote-droit.jpg,www-go2roues-com-shop-kumpan-54-iconic,Colore,Blu,,,Finitura,,,,Kumpan Electric
variation,kumpan-54-iconic-130-km-bleu,Kumpan 54 Iconic - 130-km / bleu,1,visible,,,6629.00,,yes,no,,,https://www.go2roues.com/wp-content/uploads/2021/01/kumpan-54-impulse-bleu-cote-droit.jpg,www-go2roues-com-shop-kumpan-54-iconic,Colore,Blu,,,Finitura,,,,Kumpan Electric
variation,kumpan-54-iconic-65-km-bleu,Kumpan 54 Iconic - 65-km / bleu,1,visible,,,5339.00,,yes,no,,,https://www.go2roues.com/wp-content/uploads/2021/01/kumpan-54-impulse-bleu-cote-droit.jpg,www-go2roues-com-shop-kumpan-54-iconic,Colore,Blu,,,Finitura,,,,Kumpan Electric
variation,kumpan-54-iconic-185-km-blanc,Kumpan 54 Iconic - 185-km / blanc,1,visible,,,7770.00,,yes,no,,,https://www.go2roues.com/wp-content/uploads/2021/01/kumpan-54-inspire-impulse-iconic-blanc-cote-droit.jpg,www-go2roues-com-shop-kumpan-54-iconic,Colore,Bianco,,,Finitura,,,,Kumpan Electric
variation,kumpan-54-iconic-130-km-blanc,Kumpan 54 Iconic - 130-km / blanc,1,visible,,,6480.00,,yes,no,,,https://www.go2roues.com/wp-content/uploads/2021/01/kumpan-54-inspire-impulse-iconic-blanc-cote-droit.jpg,www-go2roues-com-shop-kumpan-54-iconic,Colore,Bianco,,,Finitura,,,,Kumpan Electric
variation,kumpan-54-iconic-65-km-blanc,Kumpan 54 Iconic - 65-km / blanc,1,visible,,,5190.00,,yes,no,,,https://www.go2roues.com/wp-content/uploads/2021/01/kumpan-54-inspire-impulse-iconic-blanc-cote-droit.jpg,www-go2roues-com-shop-kumpan-54-iconic,Colore,Bianco,,,Finitura,,,,Kumpan Electric
variation,kumpan-54-iconic-65-km-jaune,Kumpan 54 Iconic - 65-km / jaune,1,visible,,,5389.00,,yes,no,,,https://www.go2roues.com/wp-content/uploads/2021/01/kumpan-54-inspire-jaune-cote-droit.jpg,www-go2roues-com-shop-kumpan-54-iconic,Colore,Giallo,,,Finitura,,,,Kumpan Electric
variation,kumpan-54-iconic-130-km-jaune,Kumpan 54 Iconic - 130-km / jaune,1,visible,,,6679.00,,yes,no,,,https://www.go2roues.com/wp-content/uploads/2021/01/kumpan-54-inspire-jaune-cote-droit.jpg,www-go2roues-com-shop-kumpan-54-iconic,Colore,Giallo,,,Finitura,,,,Kumpan Electric
variation,kumpan-54-iconic-185-km-jaune,Kumpan 54 Iconic - 185-km / jaune,1,visible,,,7969.00,,yes,no,,,https://www.go2roues.com/wp-content/uploads/2021/01/kumpan-54-inspire-jaune-cote-droit.jpg,www-go2roues-com-shop-kumpan-54-iconic,Colore,Giallo,,,Finitura,,,,Kumpan Electric
variable,www-go2roues-com-shop-kumpan-54-impulse,Kumpan 54 Impulse,1,visible,"<p><strong>Kumpan 54 Impulse</strong> di Kumpan Electric. <em>Venduto da Distribuzione Import Export S.R.L.</em>.</p><ul><li>Autonomia dichiarata: 80 km, 120 km</li><li>Velocita massima: 70 km/h</li><li>Tempo di ricarica: 8 à 10 h, 12 à 15 h</li><li>Peso: 10 kg</li></ul>","<h2>Panoramica</h2><p>Contenuto riscritto e ottimizzato per una boutique italiana: informazioni chiare, valori tecnici organizzati e testo pensato per aiutare la decisione d'acquisto.</p><p><strong>Venditore:</strong> Distribuzione Import Export S.R.L.</p><p><strong>Categoria:</strong> Scooter elettrici > 125</p><h2>Scheda tecnica</h2><h3>Moteur</h3><table><tr><th>Couple maximal</th><td>92 Nm</td></tr><tr><th>Equivalenza cilindrata</th><td>Équivalent 125 cm3</td></tr><tr><th>Marque du moteur</th><td>Kumpan</td></tr><tr><th>Potenza massima</th><td>4 000 W</td></tr><tr><th>Potenza motore</th><td>4 000 W</td></tr><tr><th>Transmission</th><td>Moteur intégré dans la roue arrière</td></tr><tr><th>Velocita massima</th><td>70 km/h</td></tr></table><h3>Batterie</h3><table><tr><th>Autonomia</th><td>80 km, 120 km</td></tr><tr><th>Batteria rimovibile</th><td>Si</td></tr><tr><th>Caricatore incluso</th><td>Si</td></tr><tr><th>Intensité du chargeur</th><td>6A</td></tr><tr><th>Poids de la batterie</th><td>10 kg</td></tr><tr><th>Capacita batteria</th><td>1.5 kWh x 2, 1.5 kWh x 3</td></tr><tr><th>Tempo di ricarica</th><td>8 à 10 h, 12 à 15 h</td></tr><tr><th>Tipo di batteria</th><td>Lithium</td></tr><tr><th>Voltage & Ampérage de la Batterie</th><td>51V / 28.5Ah x 2, 51V / 28.5Ah x 3</td></tr></table><h3>Chassis</h3><table><tr><th>Charge maximale</th><td>280 kg</td></tr><tr><th>Empattement</th><td>1 354 mm</td></tr><tr><th>Garde au sol minimale</th><td>200 mm</td></tr><tr><th>Hauteur de selle</th><td>800 mm</td></tr><tr><th>Hauteur hors tout</th><td>1 215 mm</td></tr><tr><th>Largeur hors tout</th><td>730 mm</td></tr><tr><th>Longueur hors tout</th><td>1 950 mm</td></tr></table><h3>Partie Cycle</h3><table><tr><th>Amortisseur arrière réglable</th><td>Si</td></tr><tr><th>Amortisseur avant réglable</th><td>No</td></tr><tr><th>Taille frein arrière</th><td>185 mm</td></tr><tr><th>Taille frein avant</th><td>195 mm</td></tr><tr><th>Taille pneu arrière</th><td>120/70-12</td></tr><tr><th>Taille pneu avant</th><td>110/70-12</td></tr><tr><th>Taille roue arrière</th><td>12 pouces</td></tr><tr><th>Taille roue avant</th><td>12 pouces</td></tr><tr><th>Type frein arrière</th><td>Disque</td></tr><tr><th>Type frein avant</th><td>Disque</td></tr><tr><th>Alarme</th><td>No</td></tr><tr><th>Freinage couplé</th><td>Si</td></tr><tr><th>Freinage régénératif</th><td>Si</td></tr><tr><th>Homologué 2 places</th><td>Si</td></tr><tr><th>Marche Arrière</th><td>No</td></tr><tr><th>Modes de conduites</th><td>3</td></tr><tr><th>Prise USB</th><td>No</td></tr><tr><th>Rangement casque sous la selle</th><td>No</td></tr><tr><th>Régulateur</th><td>No</td></tr><tr><th>Categoria omologazione</th><td>L3e</td></tr><tr><th>Code National</th><td>MTL</td></tr><tr><th>Couleur</th><td>Bleu/Rouge, Blanc, Bleu, Gris, Jaune, Noir</td></tr><tr><th>Dimensioni</th><td>195 × 730 × 121 cm</td></tr><tr><th>Marque</th><td>Kumpan Electric</td></tr><tr><th>Modèle</th><td>54 Impulse</td></tr><tr><th>Patente</th><td>Permis A1, Permis B + Formation 7h, Permis moto</td></tr><tr><th>Peso in ordine di marcia</th><td>92 kg</td></tr></table><h2>Note</h2><p>Disponibilita, prezzi e varianti possono variare. Si consiglia di verificare la configurazione selezionata prima dell'acquisto.</p>",,,,,Scooter elettrici > 125,,"https://www.go2roues.com/wp-content/uploads/2021/01/kumpan-54-impulse-bleu-cote-droit.jpg, https://www.go2roues.com/wp-content/uploads/2021/01/kumpan-54-inspire-impulse-iconic-blanc-cote-droit.jpg, https://www.go2roues.com/wp-content/uploads/2021/01/kumpan-54-iconic-noir-cote-droit.jpg, https://www.go2roues.com/wp-content/uploads/2021/01/kumpan-54-inspire-impulse-iconic-gris-cote-droit.jpg, https://www.go2roues.com/wp-content/uploads/2021/01/kumpan-54-inspire-jaune-cote-droit.jpg, https://www.go2roues.com/wp-content/uploads/2021/01/kumpan-54-inspire-compteur.jpg, https://www.go2roues.com/wp-content/uploads/2021/01/kumpan-54-impulse-connecteur-batterie-coffre.jpg, https://www.go2roues.com/wp-content/uploads/2021/01/kumpan-54-impulse-phare-avant.jpg, https://www.go2roues.com/wp-content/uploads/2021/01/kumpan-54-impulse-balade-campagne.jpg, https://www.go2roues.com/wp-content/uploads/2021/01/kumpan-54-impulse-top-case.jpg",,Colore,,1,1,Finitura,,1,1,Kumpan Electric
variation,kumpan-54-impulse-120-km-noir,Kumpan 54 Impulse - 120-km / noir,1,visible,,,7639.00,,yes,no,,,https://www.go2roues.com/wp-content/uploads/2021/01/kumpan-54-iconic-noir-cote-droit.jpg,www-go2roues-com-shop-kumpan-54-impulse,Colore,Nero,,,Finitura,,,,Kumpan Electric
variation,kumpan-54-impulse-80-km-noir,Kumpan 54 Impulse - 80-km / noir,1,visible,,,6349.00,,yes,no,,,https://www.go2roues.com/wp-content/uploads/2021/01/kumpan-54-iconic-noir-cote-droit.jpg,www-go2roues-com-shop-kumpan-54-impulse,Colore,Nero,,,Finitura,,,,Kumpan Electric
variation,kumpan-54-impulse-120-km-gris,Kumpan 54 Impulse - 120-km / gris,1,visible,,,7639.00,,yes,no,,,https://www.go2roues.com/wp-content/uploads/2021/01/kumpan-54-inspire-impulse-iconic-gris-cote-droit.jpg,www-go2roues-com-shop-kumpan-54-impulse,Colore,Grigio,,,Finitura,,,,Kumpan Electric
variation,kumpan-54-impulse-80-km-gris,Kumpan 54 Impulse - 80-km / gris,1,visible,,,6349.00,,yes,no,,,https://www.go2roues.com/wp-content/uploads/2021/01/kumpan-54-inspire-impulse-iconic-gris-cote-droit.jpg,www-go2roues-com-shop-kumpan-54-impulse,Colore,Grigio,,,Finitura,,,,Kumpan Electric
variation,kumpan-54-impulse-120-km-bleu,Kumpan 54 Impulse - 120-km / bleu,1,visible,,,7639.00,,yes,no,,,https://www.go2roues.com/wp-content/uploads/2021/01/kumpan-54-impulse-bleu-cote-droit.jpg,www-go2roues-com-shop-kumpan-54-impulse,Colore,Blu,,,Finitura,,,,Kumpan Electric
variation,kumpan-54-impulse-80-km-bleu,Kumpan 54 Impulse - 80-km / bleu,1,visible,,,6349.00,,yes,no,,,https://www.go2roues.com/wp-content/uploads/2021/01/kumpan-54-impulse-bleu-cote-droit.jpg,www-go2roues-com-shop-kumpan-54-impulse,Colore,Blu,,,Finitura,,,,Kumpan Electric
variation,kumpan-54-impulse-120-km-blanc,Kumpan 54 Impulse - 120-km / blanc,1,visible,,,7490.00,,yes,no,,,https://www.go2roues.com/wp-content/uploads/2021/01/kumpan-54-inspire-impulse-iconic-blanc-cote-droit.jpg,www-go2roues-com-shop-kumpan-54-impulse,Colore,Bianco,,,Finitura,,,,Kumpan Electric
variation,kumpan-54-impulse-80-km-blanc,Kumpan 54 Impulse - 80-km / blanc,1,visible,,,6200.00,,yes,no,,,https://www.go2roues.com/wp-content/uploads/2021/01/kumpan-54-inspire-impulse-iconic-blanc-cote-droit.jpg,www-go2roues-com-shop-kumpan-54-impulse,Colore,Bianco,,,Finitura,,,,Kumpan Electric
variation,kumpan-54-impulse-120-km-jaune,Kumpan 54 Impulse - 120-km / jaune,1,visible,,,7689.00,,yes,no,,,https://www.go2roues.com/wp-content/uploads/2021/01/kumpan-54-inspire-jaune-cote-droit.jpg,www-go2roues-com-shop-kumpan-54-impulse,Colore,Giallo,,,Finitura,,,,Kumpan Electric
variation,kumpan-54-impulse-80-km-jaune,Kumpan 54 Impulse - 80-km / jaune,1,visible,,,6399.00,,yes,no,,,https://www.go2roues.com/wp-content/uploads/2021/01/kumpan-54-inspire-jaune-cote-droit.jpg,www-go2roues-com-shop-kumpan-54-impulse,Colore,Giallo,,,Finitura,,,,Kumpan Electric
variable,www-go2roues-com-shop-kumpan-54-inspire,Kumpan 54 Inspire,1,visible,"<p><strong>Kumpan 54 Inspire</strong> di Kumpan Electric. <em>Venduto da Distribuzione Import Export S.R.L.</em>.</p><ul><li>Autonomia dichiarata: 65 km, 130 km, 185 km</li><li>Velocita massima: 45 km/h</li><li>Tempo di ricarica: 4 à 5 h</li><li>Peso: 10 kg</li></ul>","<h2>Panoramica</h2><p>Contenuto riscritto e ottimizzato per una boutique italiana: informazioni chiare, valori tecnici organizzati e testo pensato per aiutare la decisione d'acquisto.</p><p><strong>Venditore:</strong> Distribuzione Import Export S.R.L.</p><p><strong>Categoria:</strong> Scooter elettrici > Sans Permis</p><h2>Scheda tecnica</h2><h3>Moteur</h3><table><tr><th>Couple maximal</th><td>92 Nm</td></tr><tr><th>Equivalenza cilindrata</th><td>Équivalent 50 cm3</td></tr><tr><th>Marque du moteur</th><td>Kumpan</td></tr><tr><th>Potenza massima</th><td>3 000 W</td></tr><tr><th>Potenza motore</th><td>3 000 W</td></tr><tr><th>Transmission</th><td>Moteur intégré dans la roue arrière</td></tr><tr><th>Velocita massima</th><td>45 km/h</td></tr></table><h3>Batterie</h3><table><tr><th>Autonomia</th><td>65 km, 130 km, 185 km</td></tr><tr><th>Batteria rimovibile</th><td>Si</td></tr><tr><th>Caricatore incluso</th><td>Si</td></tr><tr><th>Intensité du chargeur</th><td>6A</td></tr><tr><th>Poids de la batterie</th><td>10 kg</td></tr><tr><th>Capacita batteria</th><td>1.5 kWh, 1.5 kWh x 2, 1.5 kWh x 3</td></tr><tr><th>Tempo di ricarica</th><td>4 à 5 h</td></tr><tr><th>Tipo di batteria</th><td>Lithium</td></tr><tr><th>Voltage & Ampérage de la Batterie</th><td>51V / 28.5Ah</td></tr></table><h3>Chassis</h3><table><tr><th>Charge maximale</th><td>280 kg</td></tr><tr><th>Empattement</th><td>1 354 mm</td></tr><tr><th>Garde au sol minimale</th><td>200 mm</td></tr><tr><th>Hauteur de selle</th><td>800 mm</td></tr><tr><th>Hauteur hors tout</th><td>1 215 mm</td></tr><tr><th>Largeur hors tout</th><td>730 mm</td></tr><tr><th>Longueur hors tout</th><td>1 950 mm</td></tr></table><h3>Partie Cycle</h3><table><tr><th>Amortisseur arrière réglable</th><td>Si</td></tr><tr><th>Amortisseur avant réglable</th><td>No</td></tr><tr><th>Taille frein arrière</th><td>185 mm</td></tr><tr><th>Taille frein avant</th><td>195 mm</td></tr><tr><th>Taille pneu arrière</th><td>120/70-12</td></tr><tr><th>Taille pneu avant</th><td>110/70-12</td></tr><tr><th>Taille roue arrière</th><td>12 pouces</td></tr><tr><th>Taille roue avant</th><td>12 pouces</td></tr><tr><th>Type frein arrière</th><td>Disque</td></tr><tr><th>Type frein avant</th><td>Disque</td></tr><tr><th>Alarme</th><td>No</td></tr><tr><th>Freinage couplé</th><td>No</td></tr><tr><th>Freinage régénératif</th><td>Si</td></tr><tr><th>Homologué 2 places</th><td>Si</td></tr><tr><th>Marche Arrière</th><td>No</td></tr><tr><th>Modes de conduites</th><td>2</td></tr><tr><th>Prise USB</th><td>No</td></tr><tr><th>Rangement casque sous la selle</th><td>No</td></tr><tr><th>Régulateur</th><td>No</td></tr><tr><th>Categoria omologazione</th><td>L1e</td></tr><tr><th>Code National</th><td>CL</td></tr><tr><th>Couleur</th><td>Jaune/Marron/Marron, Blanc, Bleu, Gris, Jaune, Noir</td></tr><tr><th>Dimensioni</th><td>195 × 730 × 121 cm</td></tr><tr><th>Marque</th><td>Kumpan Electric</td></tr><tr><th>Modèle</th><td>54 Inspire</td></tr><tr><th>Patente</th><td>Sans permis</td></tr><tr><th>Peso in ordine di marcia</th><td>92 kg</td></tr></table><h2>Note</h2><p>Disponibilita, prezzi e varianti possono variare. Si consiglia di verificare la configurazione selezionata prima dell'acquisto.</p>",,,,,Scooter elettrici > Sans Permis,,"https://www.go2roues.com/wp-content/uploads/2021/01/kumpan-54-inspire-jaune-cote-droit.jpg, https://www.go2roues.com/wp-content/uploads/2021/01/kumpan-54-inspire-impulse-iconic-blanc-cote-droit.jpg, https://www.go2roues.com/wp-content/uploads/2021/01/kumpan-54-inspire-impulse-iconic-gris-cote-droit.jpg, https://www.go2roues.com/wp-content/uploads/2021/01/kumpan-54-impulse-bleu-cote-droit.jpg, https://www.go2roues.com/wp-content/uploads/2021/01/kumpan-54-iconic-noir-cote-droit.jpg, https://www.go2roues.com/wp-content/uploads/2021/01/kumpan-54-inspire-batterie.jpg, https://www.go2roues.com/wp-content/uploads/2021/01/kumpan-54-inspire-compteur.jpg, https://www.go2roues.com/wp-content/uploads/2021/01/kumpan-54-inspire-lifestyle-scooter-45kmh.jpg, https://www.go2roues.com/wp-content/uploads/2021/01/kumpan-54-inspire-lifestyle-scooter-electrique-biplace.jpg, https://www.go2roues.com/wp-content/uploads/2021/01/kumpan-54-inspire-lifestyle-scooter-electrique-ville.jpg, https://www.go2roues.com/wp-content/uploads/2021/01/kumpan-54-inspire-lifestyle-scooter-personnalisable.jpg",,Colore,,1,1,Finitura,,1,1,Kumpan Electric
variation,kumpan-54-inspire-185-km-noir,Kumpan 54 Inspire - 185-km / noir,1,visible,,,6964.00,,yes,no,,,https://www.go2roues.com/wp-content/uploads/2021/01/kumpan-54-iconic-noir-cote-droit.jpg,www-go2roues-com-shop-kumpan-54-inspire,Colore,Nero,,,Finitura,,,,Kumpan Electric
variation,kumpan-54-inspire-130-km-noir,Kumpan 54 Inspire - 130-km / noir,1,visible,,,5674.00,,yes,no,,,https://www.go2roues.com/wp-content/uploads/2021/01/kumpan-54-iconic-noir-cote-droit.jpg,www-go2roues-com-shop-kumpan-54-inspire,Colore,Nero,,,Finitura,,,,Kumpan Electric
variation,kumpan-54-inspire-65-km-noir,Kumpan 54 Inspire - 65-km / noir,1,visible,,,4384.00,,yes,no,,,https://www.go2roues.com/wp-content/uploads/2021/01/kumpan-54-iconic-noir-cote-droit.jpg,www-go2roues-com-shop-kumpan-54-inspire,Colore,Nero,,,Finitura,,,,Kumpan Electric
variation,kumpan-54-inspire-185-km-gris,Kumpan 54 Inspire - 185-km / gris,1,visible,,,6964.00,,yes,no,,,https://www.go2roues.com/wp-content/uploads/2021/01/kumpan-54-inspire-impulse-iconic-gris-cote-droit.jpg,www-go2roues-com-shop-kumpan-54-inspire,Colore,Grigio,,,Finitura,,,,Kumpan Electric
variation,kumpan-54-inspire-130-km-gris,Kumpan 54 Inspire - 130-km / gris,1,visible,,,5674.00,,yes,no,,,https://www.go2roues.com/wp-content/uploads/2021/01/kumpan-54-inspire-impulse-iconic-gris-cote-droit.jpg,www-go2roues-com-shop-kumpan-54-inspire,Colore,Grigio,,,Finitura,,,,Kumpan Electric
variation,kumpan-54-inspire-65-km-gris,Kumpan 54 Inspire - 65-km / gris,1,visible,,,4384.00,,yes,no,,,https://www.go2roues.com/wp-content/uploads/2021/01/kumpan-54-inspire-impulse-iconic-gris-cote-droit.jpg,www-go2roues-com-shop-kumpan-54-inspire,Colore,Grigio,,,Finitura,,,,Kumpan Electric
variation,kumpan-54-inspire-185-km-bleu,Kumpan 54 Inspire - 185-km / bleu,1,visible,,,6964.00,,yes,no,,,https://www.go2roues.com/wp-content/uploads/2021/01/kumpan-54-impulse-bleu-cote-droit.jpg,www-go2roues-com-shop-kumpan-54-inspire,Colore,Blu,,,Finitura,,,,Kumpan Electric
variation,kumpan-54-inspire-130-km-bleu,Kumpan 54 Inspire - 130-km / bleu,1,visible,,,5674.00,,yes,no,,,https://www.go2roues.com/wp-content/uploads/2021/01/kumpan-54-impulse-bleu-cote-droit.jpg,www-go2roues-com-shop-kumpan-54-inspire,Colore,Blu,,,Finitura,,,,Kumpan Electric
variation,kumpan-54-inspire-65-km-bleu,Kumpan 54 Inspire - 65-km / bleu,1,visible,,,4384.00,,yes,no,,,https://www.go2roues.com/wp-content/uploads/2021/01/kumpan-54-impulse-bleu-cote-droit.jpg,www-go2roues-com-shop-kumpan-54-inspire,Colore,Blu,,,Finitura,,,,Kumpan Electric
variation,kumpan-54-inspire-185-km-blanc,Kumpan 54 Inspire - 185-km / blanc,1,visible,,,6815.00,,yes,no,,,https://www.go2roues.com/wp-content/uploads/2021/01/kumpan-54-inspire-impulse-iconic-blanc-cote-droit.jpg,www-go2roues-com-shop-kumpan-54-inspire,Colore,Bianco,,,Finitura,,,,Kumpan Electric
variation,kumpan-54-inspire-130-km-blanc,Kumpan 54 Inspire - 130-km / blanc,1,visible,,,5525.00,,yes,no,,,https://www.go2roues.com/wp-content/uploads/2021/01/kumpan-54-inspire-impulse-iconic-blanc-cote-droit.jpg,www-go2roues-com-shop-kumpan-54-inspire,Colore,Bianco,,,Finitura,,,,Kumpan Electric
variation,kumpan-54-inspire-65-km-blanc,Kumpan 54 Inspire - 65-km / blanc,1,visible,,,4235.00,,yes,no,,,https://www.go2roues.com/wp-content/uploads/2021/01/kumpan-54-inspire-impulse-iconic-blanc-cote-droit.jpg,www-go2roues-com-shop-kumpan-54-inspire,Colore,Bianco,,,Finitura,,,,Kumpan Electric
variation,kumpan-54-inspire-65-km-jaune,Kumpan 54 Inspire - 65-km / jaune,1,visible,,,4434.00,,yes,no,,,https://www.go2roues.com/wp-content/uploads/2021/01/kumpan-54-inspire-jaune-cote-droit.jpg,www-go2roues-com-shop-kumpan-54-inspire,Colore,Giallo,,,Finitura,,,,Kumpan Electric
variation,kumpan-54-inspire-130-km-jaune,Kumpan 54 Inspire - 130-km / jaune,1,visible,,,5724.00,,yes,no,,,https://www.go2roues.com/wp-content/uploads/2021/01/kumpan-54-inspire-jaune-cote-droit.jpg,www-go2roues-com-shop-kumpan-54-inspire,Colore,Giallo,,,Finitura,,,,Kumpan Electric
variation,kumpan-54-inspire-185-km-jaune,Kumpan 54 Inspire - 185-km / jaune,1,visible,,,7014.00,,yes,no,,,https://www.go2roues.com/wp-content/uploads/2021/01/kumpan-54-inspire-jaune-cote-droit.jpg,www-go2roues-com-shop-kumpan-54-inspire,Colore,Giallo,,,Finitura,,,,Kumpan Electric
variable,www-go2roues-com-shop-red-electric-e100,RED Electric E100,1,visible,<p><strong>RED Electric E100</strong> di RED Electric. <em>Venduto da Distribuzione Import Export S.R.L.</em>.</p><ul><li>Velocita massima: 80 km/h</li><li>Tempo di ricarica: 5 h par batterie</li><li>Peso: 14 kg</li></ul>,"<h2>Panoramica</h2><p>Contenuto riscritto e ottimizzato per una boutique italiana: informazioni chiare, valori tecnici organizzati e testo pensato per aiutare la decisione d'acquisto.</p><p><strong>Venditore:</strong> Distribuzione Import Export S.R.L.</p><p><strong>Categoria:</strong> Scooter elettrici > 125</p><h2>Scheda tecnica</h2><h3>Moteur</h3><table><tr><th>Couple maximal</th><td>69 Nm</td></tr><tr><th>Equivalenza cilindrata</th><td>Équivalent 125 cm3</td></tr><tr><th>Marque du moteur</th><td>Red Electric</td></tr><tr><th>Potenza massima</th><td>6 100 Watts</td></tr><tr><th>Potenza motore</th><td>5 000 W</td></tr><tr><th>Transmission</th><td>Par courroie</td></tr><tr><th>Velocita massima</th><td>80 km/h</td></tr></table><h3>Batterie</h3><table><tr><th>Batteria rimovibile</th><td>Si</td></tr><tr><th>Caricatore incluso</th><td>Si</td></tr><tr><th>Poids de la batterie</th><td>14 kg</td></tr><tr><th>Capacita batteria</th><td>2.42 kWh x 2, 2.42 kWh x 3, 2.42 kWh x 4</td></tr><tr><th>Tempo di ricarica</th><td>5 h par batterie</td></tr><tr><th>Tipo di batteria</th><td>Lithium</td></tr><tr><th>Voltage & Ampérage de la Batterie</th><td>72V / 34Ah x 2, 72V / 34Ah x 3, 72V / 34Ah x 4</td></tr></table><h3>Chassis</h3><table><tr><th>Empattement</th><td>1 380 mm</td></tr><tr><th>Hauteur hors tout</th><td>1 280 mm</td></tr><tr><th>Largeur hors tout</th><td>800 mm</td></tr><tr><th>Longueur hors tout</th><td>2 110 mm</td></tr></table><h3>Partie Cycle</h3><table><tr><th>Amortisseur arrière réglable</th><td>No</td></tr><tr><th>Amortisseur avant réglable</th><td>No</td></tr><tr><th>Taille pneu arrière</th><td>120/70-14</td></tr><tr><th>Taille pneu avant</th><td>100/80-14</td></tr><tr><th>Taille roue arrière</th><td>14 pouces</td></tr><tr><th>Taille roue avant</th><td>14 pouces</td></tr><tr><th>Type frein arrière</th><td>Disque</td></tr><tr><th>Type frein avant</th><td>Disque</td></tr><tr><th>Alarme</th><td>Si</td></tr><tr><th>Freinage couplé</th><td>Si</td></tr><tr><th>Homologué 2 places</th><td>Si</td></tr><tr><th>Rangement casque sous la selle</th><td>No</td></tr><tr><th>Accélération</th><td>0 à 50 km/h en 3.8 secondes</td></tr><tr><th>Categoria omologazione</th><td>L3e</td></tr><tr><th>Code National</th><td>MTL</td></tr><tr><th>Couleur</th><td>Champagne, Noir</td></tr><tr><th>Dimensioni</th><td>206 × 80 × 130 cm</td></tr><tr><th>Marque</th><td>RED Electric</td></tr><tr><th>Modèle</th><td>E100</td></tr><tr><th>Patente</th><td>Permis A1, Permis B + Formation 7h, Permis moto</td></tr><tr><th>Peso in ordine di marcia</th><td>95 kg</td></tr></table><h2>Note</h2><p>Disponibilita, prezzi e varianti possono variare. Si consiglia di verificare la configurazione selezionata prima dell'acquisto.</p>",,,,,Scooter elettrici > 125,,"https://www.go2roues.com/wp-content/uploads/2020/05/red-electric-e50-e100-e125-noir-trois-quart-face-droit.jpg, https://www.go2roues.com/wp-content/uploads/2020/09/red-electric-e50-e100-e125-cote-gauche.jpg, https://www.go2roues.com/wp-content/uploads/2020/05/rede-2go-arriere.jpg, https://www.go2roues.com/wp-content/uploads/2020/05/rede-2go-tableau-de-bord.jpg, https://www.go2roues.com/wp-content/uploads/2020/09/red-electric-batteries.jpg, https://www.go2roues.com/wp-content/uploads/2020/05/red-electric-e50-e100-e125-batteries-coffre.jpg, https://www.go2roues.com/wp-content/uploads/2020/05/red-electric-moteur-powertrain-michelin.jpg, https://www.go2roues.com/wp-content/uploads/2020/09/red-electric-compteur-poste-de-pilotage.jpg, https://www.go2roues.com/wp-content/uploads/2020/09/red-electric-application.jpg, https://www.go2roues.com/wp-content/uploads/2020/09/red-electric-charge-secteur-220.jpg, https://www.go2roues.com/wp-content/uploads/2020/09/red-electric-e50-e100-e125-paris.jpg",,Colore,,1,1,Finitura,,1,1,RED Electric
variation,red-electric-e100-champagne-3-batteries-180-pc4wzn,RED Electric E100 - champagne / 3 batteries : 180 km d'autonomie,1,visible,,,7489.00,,yes,no,,,https://www.go2roues.com/wp-content/uploads/2020/05/red-electric-e50-champagne-trois-quart-face-droit.jpg,www-go2roues-com-shop-red-electric-e100,Colore,Champagne,,,Finitura,,,,RED Electric
variation,red-electric-e100-champagne-2-batteries-120-wx9qou,RED Electric E100 - champagne / 2 batteries : 120 km d'autonomie,1,visible,,,6495.00,,yes,no,,,https://www.go2roues.com/wp-content/uploads/2020/05/red-electric-e50-champagne-trois-quart-face-droit.jpg,www-go2roues-com-shop-red-electric-e100,Colore,Champagne,,,Finitura,,,,RED Electric
variation,red-electric-e100-noir-2-batteries-120-km-d-13hftq,RED Electric E100 - noir / 2 batteries : 120 km d'autonomie,1,visible,,,6495.00,,yes,no,,,https://www.go2roues.com/wp-content/uploads/2020/05/red-electric-e50-e100-e125-noir-trois-quart-face-droit.jpg,www-go2roues-com-shop-red-electric-e100,Colore,Nero,,,Finitura,,,,RED Electric
variation,red-electric-e100-noir-3-batteries-180-km-d-vwb01n,RED Electric E100 - noir / 3 batteries : 180 km d'autonomie,1,visible,,,7485.00,,yes,no,,,https://www.go2roues.com/wp-content/uploads/2020/05/red-electric-e50-e100-e125-noir-trois-quart-face-droit.jpg,www-go2roues-com-shop-red-electric-e100,Colore,Nero,,,Finitura,,,,RED Electric
variation,red-electric-e100-noir-4-batteries-240-km-d-1w4qfu,RED Electric E100 - noir / 4 batteries : 240 km d'autonomie,1,visible,,,8475.00,,yes,no,,,https://www.go2roues.com/wp-content/uploads/2020/05/red-electric-e50-e100-e125-noir-trois-quart-face-droit.jpg,www-go2roues-com-shop-red-electric-e100,Colore,Nero,,,Finitura,,,,RED Electric
variation,red-electric-e100-champagne-4-batteries-240-1pkkcs,RED Electric E100 - champagne / 4 batteries : 240 km d'autonomie,1,visible,,,8475.00,,yes,no,,,https://www.go2roues.com/wp-content/uploads/2020/05/red-electric-e50-champagne-trois-quart-face-droit.jpg,www-go2roues-com-shop-red-electric-e100,Colore,Champagne,,,Finitura,,,,RED Electric
variable,www-go2roues-com-shop-red-electric-e125,RED Electric E125,1,visible,<p><strong>RED Electric E125</strong> di RED Electric. <em>Venduto da Distribuzione Import Export S.R.L.</em>.</p><ul><li>Velocita massima: 100 km/h</li><li>Tempo di ricarica: 5 h par batterie</li><li>Peso: 14 kg</li></ul>,"<h2>Panoramica</h2><p>Contenuto riscritto e ottimizzato per una boutique italiana: informazioni chiare, valori tecnici organizzati e testo pensato per aiutare la decisione d'acquisto.</p><p><strong>Venditore:</strong> Distribuzione Import Export S.R.L.</p><p><strong>Categoria:</strong> Scooter elettrici > 125</p><h2>Scheda tecnica</h2><h3>Moteur</h3><table><tr><th>Couple maximal</th><td>79 Nm</td></tr><tr><th>Equivalenza cilindrata</th><td>Équivalent 125 cm3</td></tr><tr><th>Marque du moteur</th><td>Red Electric</td></tr><tr><th>Potenza massima</th><td>6 800 Watts</td></tr><tr><th>Potenza motore</th><td>6 600 W</td></tr><tr><th>Transmission</th><td>Par courroie</td></tr><tr><th>Velocita massima</th><td>100 km/h</td></tr></table><h3>Batterie</h3><table><tr><th>Batteria rimovibile</th><td>Si</td></tr><tr><th>Caricatore incluso</th><td>Si</td></tr><tr><th>Poids de la batterie</th><td>14 kg</td></tr><tr><th>Capacita batteria</th><td>2.42 kWh x 4</td></tr><tr><th>Tempo di ricarica</th><td>5 h par batterie</td></tr><tr><th>Tipo di batteria</th><td>Lithium</td></tr><tr><th>Voltage & Ampérage de la Batterie</th><td>72V / 34Ah x 4</td></tr></table><h3>Chassis</h3><table><tr><th>Empattement</th><td>1 380 mm</td></tr><tr><th>Hauteur hors tout</th><td>1 280 mm</td></tr><tr><th>Largeur hors tout</th><td>800 mm</td></tr><tr><th>Longueur hors tout</th><td>2 210 mm</td></tr></table><h3>Partie Cycle</h3><table><tr><th>Amortisseur arrière réglable</th><td>No</td></tr><tr><th>Amortisseur avant réglable</th><td>Si</td></tr><tr><th>Taille pneu arrière</th><td>120/70-14</td></tr><tr><th>Taille pneu avant</th><td>100/80-14</td></tr><tr><th>Taille roue arrière</th><td>14 pouces</td></tr><tr><th>Taille roue avant</th><td>14 pouces</td></tr><tr><th>Type frein arrière</th><td>Disque</td></tr><tr><th>Type frein avant</th><td>Disque</td></tr><tr><th>Alarme</th><td>No</td></tr><tr><th>Freinage couplé</th><td>Si</td></tr><tr><th>Homologué 2 places</th><td>Si</td></tr><tr><th>Rangement casque sous la selle</th><td>No</td></tr><tr><th>Accélération</th><td>0 à 50 km/h en 5 secondes</td></tr><tr><th>Categoria omologazione</th><td>L3e</td></tr><tr><th>Code National</th><td>MTL</td></tr><tr><th>Couleur</th><td>Carbone, Champagne, Noir</td></tr><tr><th>Dimensioni</th><td>206 × 80 × 130 cm</td></tr><tr><th>Marque</th><td>RED Electric</td></tr><tr><th>Modèle</th><td>E125</td></tr><tr><th>Patente</th><td>Permis A1, Permis B + Formation 7h, Permis moto</td></tr><tr><th>Peso in ordine di marcia</th><td>95 kg</td></tr></table><h2>Note</h2><p>Disponibilita, prezzi e varianti possono variare. Si consiglia di verificare la configurazione selezionata prima dell'acquisto.</p>",,,,,Scooter elettrici > 125,,"https://www.go2roues.com/wp-content/uploads/2020/05/red-electric-e50-e100-e125-noir-trois-quart-face-droit.jpg, https://www.go2roues.com/wp-content/uploads/2020/05/red-electric-e50-champagne-trois-quart-face-droit.jpg, https://www.go2roues.com/wp-content/uploads/2020/09/red-electric-e50-e100-e125-cote-gauche.jpg, https://www.go2roues.com/wp-content/uploads/2020/05/rede-2go-arriere.jpg, https://www.go2roues.com/wp-content/uploads/2020/05/rede-2go-tableau-de-bord.jpg, https://www.go2roues.com/wp-content/uploads/2020/09/red-electric-batteries.jpg, https://www.go2roues.com/wp-content/uploads/2020/05/red-electric-e50-e100-e125-batteries-coffre.jpg, https://www.go2roues.com/wp-content/uploads/2020/05/red-electric-moteur-powertrain-michelin.jpg, https://www.go2roues.com/wp-content/uploads/2020/09/red-electric-compteur-poste-de-pilotage.jpg, https://www.go2roues.com/wp-content/uploads/2020/09/red-electric-application.jpg, https://www.go2roues.com/wp-content/uploads/2020/09/red-electric-charge-secteur-220.jpg, https://www.go2roues.com/wp-content/uploads/2020/09/red-electric-e50-e100-e125-paris.jpg",,Colore,,1,1,Finitura,,1,1,RED Electric
variation,red-electric-e125-noir-2-batteries-105-km-d-xs4f3m,RED Electric E125 - noir / 2 batteries : 105 km d'autonomie,1,visible,,,7009.00,,yes,no,,,https://www.go2roues.com/wp-content/uploads/2020/05/red-electric-e50-e100-e125-noir-trois-quart-face-droit.jpg,www-go2roues-com-shop-red-electric-e125,Colore,Nero,,,Finitura,,,,RED Electric
variation,red-electric-e125-champagne-2-batteries-105-ce7avo,RED Electric E125 - champagne / 2 batteries : 105 km d'autonomie,1,visible,,,7005.00,,yes,no,,,https://www.go2roues.com/wp-content/uploads/2020/05/red-electric-e50-champagne-trois-quart-face-droit.jpg,www-go2roues-com-shop-red-electric-e125,Colore,Champagne,,,Finitura,,,,RED Electric
variation,red-electric-e125-champagne-3-batteries-160-1b0v2n,RED Electric E125 - champagne / 3 batteries : 160 km d'autonomie,1,visible,,,7995.00,,yes,no,,,https://www.go2roues.com/wp-content/uploads/2020/05/red-electric-e50-champagne-trois-quart-face-droit.jpg,www-go2roues-com-shop-red-electric-e125,Colore,Champagne,,,Finitura,,,,RED Electric
variation,red-electric-e125-champagne-4-batteries-210-1ovkdz,RED Electric E125 - champagne / 4 batteries : 210 km d'autonomie,1,visible,,,8985.00,,yes,no,,,https://www.go2roues.com/wp-content/uploads/2020/05/red-electric-e50-champagne-trois-quart-face-droit.jpg,www-go2roues-com-shop-red-electric-e125,Colore,Champagne,,,Finitura,,,,RED Electric
variation,red-electric-e125-noir-4-batteries-210-km-d-b8dg8l,RED Electric E125 - noir / 4 batteries : 210 km d'autonomie,1,visible,,,8985.00,,yes,no,,,https://www.go2roues.com/wp-content/uploads/2020/05/red-electric-e50-e100-e125-noir-trois-quart-face-droit.jpg,www-go2roues-com-shop-red-electric-e125,Colore,Nero,,,Finitura,,,,RED Electric
variation,red-electric-e125-noir-3-batteries-160-km-d-1wes6v,RED Electric E125 - noir / 3 batteries : 160 km d'autonomie,1,visible,,,7995.00,,yes,no,,,https://www.go2roues.com/wp-content/uploads/2020/05/red-electric-e50-e100-e125-noir-trois-quart-face-droit.jpg,www-go2roues-com-shop-red-electric-e125,Colore,Nero,,,Finitura,,,,RED Electric
simple,red-electric-e50-noir-2-batteries-150-km-d--92cgg5,RED Electric E50 - noir / 2 batteries : 150 km d'autonomie,1,visible,<p><strong>RED Electric E50</strong> di RED Electric. <em>Venduto da Distribuzione Import Export S.R.L.</em>.</p><ul><li>Velocita massima: 45 km/h</li><li>Tempo di ricarica: 5 h par batterie</li><li>Peso: 14 kg</li></ul>,"<h2>Panoramica</h2><p>Contenuto riscritto e ottimizzato per una boutique italiana: informazioni chiare, valori tecnici organizzati e testo pensato per aiutare la decisione d'acquisto.</p><p><strong>Venditore:</strong> Distribuzione Import Export S.R.L.</p><p><strong>Categoria:</strong> Scooter elettrici > Sans Permis</p><h2>Scheda tecnica</h2><h3>Moteur</h3><table><tr><th>Couple maximal</th><td>277 Nm</td></tr><tr><th>Equivalenza cilindrata</th><td>Équivalent 50 cm3</td></tr><tr><th>Marque du moteur</th><td>Red Electric</td></tr><tr><th>Potenza massima</th><td>4 000 W</td></tr><tr><th>Potenza motore</th><td>3 000 W</td></tr><tr><th>Transmission</th><td>Par courroie</td></tr><tr><th>Velocita massima</th><td>45 km/h</td></tr></table><h3>Batterie</h3><table><tr><th>Batteria rimovibile</th><td>Si</td></tr><tr><th>Caricatore incluso</th><td>Si</td></tr><tr><th>Poids de la batterie</th><td>14 kg</td></tr><tr><th>Capacita batteria</th><td>2.42 kWh, 2.42 kWh x 2, 2.42 kWh x 3, 2.42 kWh x 4</td></tr><tr><th>Tempo di ricarica</th><td>5 h par batterie</td></tr><tr><th>Tipo di batteria</th><td>Lithium</td></tr><tr><th>Voltage & Ampérage de la Batterie</th><td>72V / 34Ah</td></tr></table><h3>Chassis</h3><table><tr><th>Empattement</th><td>1 380 mm</td></tr><tr><th>Hauteur hors tout</th><td>1 280 mm</td></tr><tr><th>Largeur hors tout</th><td>800 mm</td></tr><tr><th>Longueur hors tout</th><td>2 110 mm</td></tr></table><h3>Partie Cycle</h3><table><tr><th>Amortisseur arrière réglable</th><td>No</td></tr><tr><th>Amortisseur avant réglable</th><td>No</td></tr><tr><th>Taille pneu arrière</th><td>120/70-14</td></tr><tr><th>Taille pneu avant</th><td>100/80-14</td></tr><tr><th>Taille roue arrière</th><td>14 pouces</td></tr><tr><th>Taille roue avant</th><td>14 pouces</td></tr><tr><th>Type frein arrière</th><td>Disque</td></tr><tr><th>Type frein avant</th><td>Disque</td></tr><tr><th>Alarme</th><td>No</td></tr><tr><th>Freinage couplé</th><td>Si</td></tr><tr><th>Homologué 2 places</th><td>Si</td></tr><tr><th>Rangement casque sous la selle</th><td>No</td></tr><tr><th>Accélération</th><td>0 à 50 km/h en 7.2 secondes</td></tr><tr><th>Categoria omologazione</th><td>L1e</td></tr><tr><th>Code National</th><td>CL</td></tr><tr><th>Couleur</th><td>Champagne, Noir</td></tr><tr><th>Dimensioni</th><td>206 × 80 × 130 cm</td></tr><tr><th>Marque</th><td>RED Electric</td></tr><tr><th>Modèle</th><td>E50</td></tr><tr><th>Patente</th><td>Sans permis</td></tr><tr><th>Peso in ordine di marcia</th><td>95 kg</td></tr></table><h2>Note</h2><p>Disponibilita, prezzi e varianti possono variare. Si consiglia di verificare la configurazione selezionata prima dell'acquisto.</p>",5985.00,,yes,no,Scooter elettrici > Sans Permis,,"https://www.go2roues.com/wp-content/uploads/2020/05/red-electric-e50-e100-e125-noir-trois-quart-face-droit.jpg, https://www.go2roues.com/wp-content/uploads/2020/09/red-electric-e50-e100-e125-cote-gauche.jpg, https://www.go2roues.com/wp-content/uploads/2020/05/rede-2go-arriere.jpg, https://www.go2roues.com/wp-content/uploads/2020/05/rede-2go-tableau-de-bord.jpg, https://www.go2roues.com/wp-content/uploads/2020/09/red-electric-batteries.jpg, https://www.go2roues.com/wp-content/uploads/2020/05/red-electric-e50-e100-e125-batteries-coffre.jpg, https://www.go2roues.com/wp-content/uploads/2020/05/red-electric-moteur-powertrain-michelin.jpg, https://www.go2roues.com/wp-content/uploads/2020/09/red-electric-compteur-poste-de-pilotage.jpg, https://www.go2roues.com/wp-content/uploads/2020/09/red-electric-application.jpg, https://www.go2roues.com/wp-content/uploads/2020/09/red-electric-charge-secteur-220.jpg, https://www.go2roues.com/wp-content/uploads/2020/09/red-electric-e50-e100-e125-paris.jpg, http://www.go2roues.com/wp-content/uploads/2020/05/red-electric-e50-e100-e125-noir-trois-quart-face-droit.jpg",,,,,,,,,,RED Electric
variable,www-go2roues-com-shop-sunra-robo-s,Sunra Robo S,1,visible,<p><strong>Sunra Robo S</strong> di Sunra. <em>Venduto da Distribuzione Import Export S.R.L.</em>.</p><ul><li>Autonomia dichiarata: 80 km</li><li>Velocita massima: 75 km/h</li><li>Tempo di ricarica: 5 h</li><li>Peso: 11 kg</li></ul>,"<h2>Panoramica</h2><p>Contenuto riscritto e ottimizzato per una boutique italiana: informazioni chiare, valori tecnici organizzati e testo pensato per aiutare la decisione d'acquisto.</p><p><strong>Venditore:</strong> Distribuzione Import Export S.R.L.</p><p><strong>Categoria:</strong> Scooter elettrici > 125</p><h2>Scheda tecnica</h2><h3>Moteur</h3><table><tr><th>Couple maximal</th><td>230 Nm</td></tr><tr><th>Equivalenza cilindrata</th><td>Équivalent 125 cm3</td></tr><tr><th>Marque du moteur</th><td>Sunra</td></tr><tr><th>Potenza massima</th><td>3 000 W</td></tr><tr><th>Potenza motore</th><td>3 000 W</td></tr><tr><th>Transmission</th><td>Moteur intégré dans la roue arrière</td></tr><tr><th>Velocita massima</th><td>75 km/h</td></tr></table><h3>Batterie</h3><table><tr><th>Autonomia</th><td>80 km</td></tr><tr><th>Batteria rimovibile</th><td>Si</td></tr><tr><th>Caricatore incluso</th><td>Si</td></tr><tr><th>Intensité du chargeur</th><td>4.5A</td></tr><tr><th>Poids de la batterie</th><td>11 kg</td></tr><tr><th>Capacita batteria</th><td>1.44 kWh x 2</td></tr><tr><th>Tempo di ricarica</th><td>5 h</td></tr><tr><th>Tipo di batteria</th><td>Lithium</td></tr><tr><th>Voltage & Ampérage de la Batterie</th><td>72V / 20Ah x 2</td></tr></table><h3>Chassis</h3><table><tr><th>Charge maximale</th><td>150 kg</td></tr><tr><th>Hauteur hors tout</th><td>1 190 mm</td></tr><tr><th>Largeur hors tout</th><td>733 mm</td></tr><tr><th>Longueur hors tout</th><td>1 800 mm</td></tr></table><h3>Partie Cycle</h3><table><tr><th>Amortisseur arrière réglable</th><td>No</td></tr><tr><th>Amortisseur avant réglable</th><td>No</td></tr><tr><th>Taille pneu arrière</th><td>110/70-12</td></tr><tr><th>Taille pneu avant</th><td>110/70-12</td></tr><tr><th>Taille roue arrière</th><td>17 pouces</td></tr><tr><th>Taille roue avant</th><td>17 pouces</td></tr><tr><th>Type frein arrière</th><td>Disque</td></tr><tr><th>Type frein avant</th><td>Disque</td></tr><tr><th>Freinage couplé</th><td>Si</td></tr><tr><th>Freinage régénératif</th><td>No</td></tr><tr><th>Homologué 2 places</th><td>Si</td></tr><tr><th>Marche Arrière</th><td>Si</td></tr><tr><th>Modes de conduites</th><td>3</td></tr><tr><th>Prise USB</th><td>Si</td></tr><tr><th>Rangement casque sous la selle</th><td>Si</td></tr><tr><th>Régulateur</th><td>Si</td></tr><tr><th>Categoria omologazione</th><td>L3e</td></tr><tr><th>Code National</th><td>MTL</td></tr><tr><th>Couleur</th><td>Blanc, Noir</td></tr><tr><th>Dimensioni</th><td>1800 × 733 × 1190 cm</td></tr><tr><th>Marque</th><td>Sunra</td></tr><tr><th>Modèle</th><td>Robo S</td></tr><tr><th>Patente</th><td>Permis B + Formation 7h</td></tr></table><h2>Note</h2><p>Disponibilita, prezzi e varianti possono variare. Si consiglia di verificare la configurazione selezionata prima dell'acquisto.</p>",,,,,Scooter elettrici > 125,,"https://www.go2roues.com/wp-content/uploads/2020/07/sunra-robo-blanc-trois-quart-face-droit.jpg, https://www.go2roues.com/wp-content/uploads/2020/07/sunra-robo-s-noir-trois-quart-face-droit.jpg, https://www.go2roues.com/wp-content/uploads/2020/07/sunra-robo-blanc-cote-droit.jpg, https://www.go2roues.com/wp-content/uploads/2020/07/sunra-robo-blanc-trois-quart-arriere-droit.jpg, https://www.go2roues.com/wp-content/uploads/2020/07/sunra-robo-blanc-vue-arriere.jpg, https://www.go2roues.com/wp-content/uploads/2020/07/sunra-robo-blanc-trois-quart-arriere-gauche.jpg, https://www.go2roues.com/wp-content/uploads/2020/07/sunra-robo-blanc-cote-gauche.jpg, https://www.go2roues.com/wp-content/uploads/2020/07/sunra-robo-blanc-trois-quart-face-gauche.jpg, https://www.go2roues.com/wp-content/uploads/2020/07/sunra-robo-blanc-vue-devant.jpg, https://www.go2roues.com/wp-content/uploads/2020/07/sunra-robo-coffre.jpg",,Colore,,1,1,Finitura,,1,1,Sunra
variation,sunra-robo-s-noir,Sunra Robo S - noir,1,visible,,,3990.00,,yes,notify,,,https://www.go2roues.com/wp-content/uploads/2020/07/sunra-robo-s-noir-trois-quart-face-droit.jpg,www-go2roues-com-shop-sunra-robo-s,Colore,Nero,,,Finitura,,,,Sunra
variation,sunra-robo-s-blanc,Sunra Robo S - blanc,1,visible,,,3990.00,,yes,notify,,,https://www.go2roues.com/wp-content/uploads/2020/07/sunra-robo-blanc-trois-quart-face-droit.jpg,www-go2roues-com-shop-sunra-robo-s,Colore,Bianco,,,Finitura,,,,Sunra
simple,silence-s02-ls-150-km-vert-noir,Silence S02 LS - 150-km / vert-noir,1,visible,"<p><strong>Silence S02 LS</strong> di Silence. <em>Venduto da Distribuzione Import Export S.R.L.</em>.</p><ul><li>Autonomia dichiarata: 55 km, 150 km</li><li>Velocita massima: 45 km/h</li><li>Tempo di ricarica: 4 h</li><li>Peso: 27 kg</li></ul>","<h2>Panoramica</h2><p>Contenuto riscritto e ottimizzato per una boutique italiana: informazioni chiare, valori tecnici organizzati e testo pensato per aiutare la decisione d'acquisto.</p><p><strong>Venditore:</strong> Distribuzione Import Export S.R.L.</p><p><strong>Categoria:</strong> Scooter elettrici > Sans Permis</p><h2>Scheda tecnica</h2><h3>Moteur</h3><table><tr><th>Equivalenza cilindrata</th><td>Équivalent 50 cm3</td></tr><tr><th>Marque du moteur</th><td>Silence</td></tr><tr><th>Potenza massima</th><td>1 500 W</td></tr><tr><th>Potenza motore</th><td>1 500 W</td></tr><tr><th>Transmission</th><td>Moteur intégré dans la roue arrière</td></tr><tr><th>Velocita massima</th><td>45 km/h</td></tr></table><h3>Batterie</h3><table><tr><th>Autonomia</th><td>55 km, 150 km</td></tr><tr><th>Batteria rimovibile</th><td>Si</td></tr><tr><th>Caricatore incluso</th><td>Si</td></tr><tr><th>Poids de la batterie</th><td>27 kg</td></tr><tr><th>Capacita batteria</th><td>2 kWh, 5.6 kWh</td></tr><tr><th>Tempo di ricarica</th><td>4 h</td></tr><tr><th>Tipo di batteria</th><td>Lithium</td></tr></table><h3>Chassis</h3><table><tr><th>Charge maximale</th><td>140 kg</td></tr><tr><th>Empattement</th><td>1 440 mm</td></tr><tr><th>Garde au sol minimale</th><td>190 mm</td></tr><tr><th>Hauteur de selle</th><td>820 mm</td></tr><tr><th>Hauteur hors tout</th><td>1 080 mm</td></tr><tr><th>Largeur hors tout</th><td>800 mm</td></tr><tr><th>Longueur hors tout</th><td>1 960 mm</td></tr></table><h3>Partie Cycle</h3><table><tr><th>Amortisseur arrière réglable</th><td>Si</td></tr><tr><th>Amortisseur avant réglable</th><td>No</td></tr><tr><th>Taille frein arrière</th><td>240 mm</td></tr><tr><th>Taille frein avant</th><td>220 mm</td></tr><tr><th>Taille pneu arrière</th><td>120/80-12</td></tr><tr><th>Taille pneu avant</th><td>120/70-13</td></tr><tr><th>Taille roue arrière</th><td>12 pouces</td></tr><tr><th>Taille roue avant</th><td>13 pouces</td></tr><tr><th>Type frein arrière</th><td>Disque</td></tr><tr><th>Type frein avant</th><td>Disque</td></tr><tr><th>Alarme</th><td>No</td></tr><tr><th>Freinage couplé</th><td>Si</td></tr><tr><th>Freinage régénératif</th><td>Si</td></tr><tr><th>Homologué 2 places</th><td>Si</td></tr><tr><th>Marche Arrière</th><td>Si</td></tr><tr><th>Modes de conduites</th><td>3</td></tr><tr><th>Prise USB</th><td>Si</td></tr><tr><th>Rangement casque sous la selle</th><td>No</td></tr><tr><th>Régulateur</th><td>No</td></tr><tr><th>Categoria omologazione</th><td>L1e</td></tr><tr><th>Code National</th><td>CL</td></tr><tr><th>Couleur</th><td>Blanc Connected, Gris / Vert Connected, Vert / Noir Connected, Blanc, Gris / Vert, Vert / Noir</td></tr><tr><th>Dimensioni</th><td>196 × 80 × 108 cm</td></tr><tr><th>Marque</th><td>Silence</td></tr><tr><th>Modèle</th><td>S02 LS</td></tr><tr><th>Patente</th><td>Sans permis</td></tr></table><h2>Note</h2><p>Disponibilita, prezzi e varianti possono variare. Si consiglia di verificare la configurazione selezionata prima dell'acquisto.</p>",5290.00,,yes,no,Scooter elettrici > Sans Permis,,"https://www.go2roues.com/wp-content/uploads/2020/06/silence-S02-ls-blanc-trois-quart-face-droit.jpg, https://www.go2roues.com/wp-content/uploads/2020/06/silence-s02-ls-batterie.jpg, https://www.go2roues.com/wp-content/uploads/2020/06/silence-s02-ls-vue-dessus.jpg, https://www.go2roues.com/wp-content/uploads/2020/06/silence-s02-ls-roue-avant.jpg, https://www.go2roues.com/wp-content/uploads/2020/11/silence-s02-hs-vert-noir-lifestyle-2.jpg, https://www.go2roues.com/wp-content/uploads/2020/11/silence-s02-hs-compteur-support-telephone.jpg, https://www.go2roues.com/wp-content/uploads/2020/06/silence-s02-batterie-trolley-trois-quart-face-gauche.jpg, https://www.go2roues.com/wp-content/uploads/2020/06/silence-s02-batterie-trolley-poignee-fermee.jpg, https://www.go2roues.com/wp-content/uploads/2020/06/silence-s02-batterie-trolley-poignee-ouverte.jpg, https://www.go2roues.com/wp-content/uploads/2020/11/silence-s02-hs-vert-noir-lifestyle-1.jpg, https://www.go2roues.com/wp-content/uploads/2020/11/silence-s02-hs-lifestyle-passager.jpg, https://www.go2roues.com/wp-content/uploads/2020/11/silence-s02-hs-top-case.jpg",,,,,,,,,,Silence
variable,www-go2roues-com-shop-rider-3rs,Rider 3RS,1,visible,<p><strong>Rider 3RS</strong> di Rider. <em>Venduto da Distribuzione Import Export S.R.L.</em>.</p><ul><li>Autonomia dichiarata: 160 km</li><li>Velocita massima: 75 km/h</li><li>Tempo di ricarica: 5 h</li><li>Peso: 14 kg</li></ul>,"<h2>Panoramica</h2><p>Contenuto riscritto e ottimizzato per una boutique italiana: informazioni chiare, valori tecnici organizzati e testo pensato per aiutare la decisione d'acquisto.</p><p><strong>Venditore:</strong> Distribuzione Import Export S.R.L.</p><p><strong>Categoria:</strong> Scooter elettrici > Scooter 3 Roues</p><h2>Scheda tecnica</h2><h3>Moteur</h3><table><tr><th>Couple maximal</th><td>45 Nm</td></tr><tr><th>Equivalenza cilindrata</th><td>Équivalent 125 cm3</td></tr><tr><th>Marque du moteur</th><td>Zhihui</td></tr><tr><th>Potenza massima</th><td>6 000 W</td></tr><tr><th>Potenza motore</th><td>3 000 W</td></tr><tr><th>Transmission</th><td>Moteur intégré dans la roue arrière</td></tr><tr><th>Velocita massima</th><td>75 km/h</td></tr></table><h3>Batterie</h3><table><tr><th>Autonomia</th><td>160 km</td></tr><tr><th>Batteria rimovibile</th><td>Si</td></tr><tr><th>Caricatore incluso</th><td>Si</td></tr><tr><th>Intensité du chargeur</th><td>12A</td></tr><tr><th>Poids de la batterie</th><td>14 kg</td></tr><tr><th>Capacita batteria</th><td>2.3 kWh x 2</td></tr><tr><th>Tempo di ricarica</th><td>5 h</td></tr><tr><th>Tipo di batteria</th><td>Lithium</td></tr><tr><th>Voltage & Ampérage de la Batterie</th><td>60V / 38.4Ah x 2</td></tr></table><h3>Chassis</h3><table><tr><th>Charge maximale</th><td>200 kg</td></tr><tr><th>Empattement</th><td>1 460 mm</td></tr><tr><th>Garde au sol minimale</th><td>155 mm</td></tr><tr><th>Hauteur de selle</th><td>800 mm</td></tr><tr><th>Hauteur hors tout</th><td>1 330 mm</td></tr><tr><th>Largeur hors tout</th><td>760 mm</td></tr><tr><th>Longueur hors tout</th><td>1 975 mm</td></tr></table><h3>Partie Cycle</h3><table><tr><th>Amortisseur arrière réglable</th><td>No</td></tr><tr><th>Amortisseur avant réglable</th><td>No</td></tr><tr><th>Taille frein arrière</th><td>220 mm</td></tr><tr><th>Taille frein avant</th><td>260 mm</td></tr><tr><th>Taille pneu arrière</th><td>130/70-12</td></tr><tr><th>Taille pneu avant</th><td>80/80-14</td></tr><tr><th>Taille roue arrière</th><td>12 pouces</td></tr><tr><th>Taille roue avant</th><td>14 pouces</td></tr><tr><th>Type frein arrière</th><td>Disque</td></tr><tr><th>Type frein avant</th><td>Disque</td></tr><tr><th>Alarme</th><td>No</td></tr><tr><th>Freinage couplé</th><td>Si</td></tr><tr><th>Freinage régénératif</th><td>Si</td></tr><tr><th>Homologué 2 places</th><td>Si</td></tr><tr><th>Marche Arrière</th><td>Si</td></tr><tr><th>Modes de conduites</th><td>2</td></tr><tr><th>Prise USB</th><td>Si</td></tr><tr><th>Rangement casque sous la selle</th><td>Si</td></tr><tr><th>Régulateur</th><td>No</td></tr><tr><th>Categoria omologazione</th><td>L3e</td></tr><tr><th>Code National</th><td>MTL</td></tr><tr><th>Couleur</th><td>Bleu, Gris, Noir brillant</td></tr><tr><th>Dimensioni</th><td>197 × 76 × 133 cm</td></tr><tr><th>Marque</th><td>Rider</td></tr><tr><th>Modèle</th><td>3RS</td></tr><tr><th>Patente</th><td>Permis A1, Permis B + Formation 7h</td></tr><tr><th>Peso in ordine di marcia</th><td>140 kg</td></tr></table><h2>Note</h2><p>Disponibilita, prezzi e varianti possono variare. Si consiglia di verificare la configurazione selezionata prima dell'acquisto.</p>",,,,,Scooter elettrici > Scooter 3 Roues,,"https://www.go2roues.com/wp-content/uploads/2021/02/rider-3RS-noir-trois-quart-face-droit.jpg, https://www.go2roues.com/wp-content/uploads/2021/02/rider-3RS-bleu-trois-quart-face-droit.jpg, https://www.go2roues.com/wp-content/uploads/2021/02/rider-3RS-noir-cote-droit.jpg, https://www.go2roues.com/wp-content/uploads/2021/02/rider-3RS-noir-trois-quart-arriere-droit.jpg, https://www.go2roues.com/wp-content/uploads/2021/02/rider-3RS-noir-vue-arriere.jpg, https://www.go2roues.com/wp-content/uploads/2021/02/rider-3RS-noir-trois-quart-arriere-gauche.jpg, https://www.go2roues.com/wp-content/uploads/2021/02/rider-3RS-noir-cote-gauche.jpg, https://www.go2roues.com/wp-content/uploads/2021/02/rider-3RS-noir-trois-quart-face-gauche.jpg, https://www.go2roues.com/wp-content/uploads/2021/02/rider-3RS-noir-vue-devant.jpg, https://www.go2roues.com/wp-content/uploads/2020/08/rider-3R-compteur-gros-plan.jpg, https://www.go2roues.com/wp-content/uploads/2020/08/rider-3R-contacteur.jpg, https://www.go2roues.com/wp-content/uploads/2020/08/rider-3R-disque-avant.jpg, https://www.go2roues.com/wp-content/uploads/2020/08/rider-3R-roue-arriere.jpg, https://www.go2roues.com/wp-content/uploads/2020/08/rider-3r-3rs-coffre-36-litres.jpg, https://www.go2roues.com/wp-content/uploads/2020/08/rider-3R-commodo-gauche-2.jpg",,Colore,,1,1,Finitura,,1,1,Rider
variation,rn-3-1-noir-brillant,Rider 3RS - noir-brillant,1,visible,,,6749.00,,yes,no,,,https://www.go2roues.com/wp-content/uploads/2021/02/rider-3RS-noir-trois-quart-face-droit.jpg,www-go2roues-com-shop-rider-3rs,Colore,Noir Brillant,,,Finitura,,,,Rider
variation,rn-3-1-bleu,Rider 3RS - bleu,1,visible,,,6749.00,,yes,no,,,https://www.go2roues.com/wp-content/uploads/2021/02/rider-3RS-bleu-trois-quart-face-droit.jpg,www-go2roues-com-shop-rider-3rs,Colore,Blu,,,Finitura,,,,Rider
variable,www-go2roues-com-shop-eccity-model-3-cargo,eccity model 3 cargo,1,visible,<p><strong>eccity model 3 cargo</strong> di eccity. <em>Venduto da Distribuzione Import Export S.R.L.</em>.</p><ul><li>Autonomia dichiarata: 100 km</li><li>Velocita massima: 120 km/h</li><li>Tempo di ricarica: 3 h</li><li>Peso: 190 kg</li></ul>,"<h2>Panoramica</h2><p>Contenuto riscritto e ottimizzato per una boutique italiana: informazioni chiare, valori tecnici organizzati e testo pensato per aiutare la decisione d'acquisto.</p><p><strong>Venditore:</strong> Distribuzione Import Export S.R.L.</p><p><strong>Categoria:</strong> Scooter elettrici > Scooter 3 Roues</p><h2>Scheda tecnica</h2><h3>Moteur</h3><table><tr><th>Couple maximal</th><td>100 Nm à 1300 tr/min</td></tr><tr><th>Equivalenza cilindrata</th><td>Équivalent 125 cm3</td></tr><tr><th>Marque du moteur</th><td>eccity</td></tr><tr><th>Potenza massima</th><td>14 000 W</td></tr><tr><th>Potenza motore</th><td>10 000 W</td></tr><tr><th>Transmission</th><td>Moteur intégré dans la roue arrière</td></tr><tr><th>Velocita massima</th><td>120 km/h</td></tr></table><h3>Batterie</h3><table><tr><th>Autonomia</th><td>100 km</td></tr><tr><th>Batteria rimovibile</th><td>No</td></tr><tr><th>Caricatore incluso</th><td>Si</td></tr><tr><th>Intensité du chargeur</th><td>20A</td></tr><tr><th>Capacita batteria</th><td>6.5 kWh</td></tr><tr><th>Tempo di ricarica</th><td>3 h</td></tr><tr><th>Tipo di batteria</th><td>Lithium</td></tr><tr><th>Voltage & Ampérage de la Batterie</th><td>75V / 85Ah</td></tr></table><h3>Chassis</h3><table><tr><th>Garde au sol minimale</th><td>128 mm</td></tr><tr><th>Hauteur de selle</th><td>770 mm</td></tr><tr><th>Hauteur hors tout</th><td>1 230 mm</td></tr><tr><th>Largeur hors tout</th><td>720 mm</td></tr><tr><th>Longueur hors tout</th><td>2 000 mm</td></tr></table><h3>Partie Cycle</h3><table><tr><th>Amortisseur arrière réglable</th><td>No</td></tr><tr><th>Amortisseur avant réglable</th><td>No</td></tr><tr><th>Taille roue arrière</th><td>13 pouces</td></tr><tr><th>Taille roue avant</th><td>13 pouces</td></tr><tr><th>Type frein arrière</th><td>Disque</td></tr><tr><th>Type frein avant</th><td>Disque</td></tr><tr><th>Homologué 2 places</th><td>Si</td></tr><tr><th>Marche Arrière</th><td>Si</td></tr><tr><th>Rangement casque sous la selle</th><td>No</td></tr><tr><th>Categoria omologazione</th><td>L3e</td></tr><tr><th>Code National</th><td>MTL</td></tr><tr><th>Couleur</th><td>Blanc, Champagne, Noir</td></tr><tr><th>Dimensioni</th><td>200 × 72 × 123 cm</td></tr><tr><th>Marque</th><td>eccity</td></tr><tr><th>Modèle</th><td>eccity model 3</td></tr><tr><th>Patente</th><td>Permis B + Formation 7h, Permis moto</td></tr><tr><th>Peso in ordine di marcia</th><td>190 kg</td></tr></table><h2>Note</h2><p>Disponibilita, prezzi e varianti possono variare. Si consiglia di verificare la configurazione selezionata prima dell'acquisto.</p>",,,,,Scooter elettrici > Scooter 3 Roues,,"https://www.go2roues.com/wp-content/uploads/2020/02/eccity-model-3-cargo-noir-cote-droit.jpg, https://www.go2roues.com/wp-content/uploads/2020/02/eccity-model-3-cargo-clignotant.jpg, https://www.go2roues.com/wp-content/uploads/2020/02/eccity-model-3-cargo-coffre.jpg, https://www.go2roues.com/wp-content/uploads/2020/02/eccity-model-3-cargo-crochet.jpg, https://www.go2roues.com/wp-content/uploads/2020/02/eccity-model-3-cargo-michelin.jpg, https://www.go2roues.com/wp-content/uploads/2020/02/eccity-model-3-cargo-parking.jpg, https://www.go2roues.com/wp-content/uploads/2020/02/eccity-model-3-cargo-route-campagne.jpg, https://www.go2roues.com/wp-content/uploads/2020/01/eccity-model-3-commodo-droit-vert.jpg, https://www.go2roues.com/wp-content/uploads/2020/01/eccity-model-3-amortisseur.jpg, https://www.go2roues.com/wp-content/uploads/2020/01/eccity-model-3-compteur.jpg, http://www.go2roues.com/wp-content/uploads/2020/02/eccity-model-3-cargo-noir-cote-droit.jpg",,Colore,,1,1,Finitura,,1,1,eccity
variation,em3c-noir,eccity model 3 cargo - noir,1,visible,,,12180.00,,yes,notify,,,https://www.go2roues.com/wp-content/uploads/2020/02/eccity-model-3-cargo-noir-cote-droit.jpg,www-go2roues-com-shop-eccity-model-3-cargo,Colore,Nero,,,Finitura,,,,eccity
variation,em3c-blanc,eccity model 3 cargo - blanc,1,visible,,,11990.00,,yes,notify,,,https://www.go2roues.com/wp-content/uploads/2020/02/eccity-model-3-cargo-noir-cote-droit.jpg,www-go2roues-com-shop-eccity-model-3-cargo,Colore,Bianco,,,Finitura,,,,eccity
variation,em3c-champagne,eccity model 3 cargo - champagne,1,visible,,,12180.00,,yes,notify,,,https://www.go2roues.com/wp-content/uploads/2020/02/eccity-model-3-cargo-noir-cote-droit.jpg,www-go2roues-com-shop-eccity-model-3-cargo,Colore,Champagne,,,Finitura,,,,eccity
variable,www-go2roues-com-shop-sunra-cagoo,Sunra Cagoo,1,visible,<p><strong>Sunra Cagoo</strong> di Sunra. <em>Venduto da Distribuzione Import Export S.R.L.</em>.</p><ul><li>Autonomia dichiarata: 80 km</li><li>Velocita massima: 45 km/h</li><li>Tempo di ricarica: 6 h</li><li>Peso: 11 kg</li></ul>,"<h2>Panoramica</h2><p>Contenuto riscritto e ottimizzato per una boutique italiana: informazioni chiare, valori tecnici organizzati e testo pensato per aiutare la decisione d'acquisto.</p><p><strong>Venditore:</strong> Distribuzione Import Export S.R.L.</p><p><strong>Categoria:</strong> Scooter elettrici > Sans Permis</p><h2>Punti di forza</h2><ul><li>Il est livré d’origine avec un caisson de transport de 80 litres (dimensions intérieures compatibles pizza : l 34 cm x L 40 cm x H 40 cm)</li><li>Un dosseret sur le caisson améliore le confort du conducteur</li><li>Un panier de transport à l’avant complète l’espace de transport, il est aisément démontable si vous n’en avez pas l’utilité</li><li>Une alarme à télécommande est installée d’origine</li><li>Un port USB qui pourra être utilisé pour recharger un smartphone ou un GPS</li><li>La présence d’une marche arrière aide aux manœuvres de parking</li><li>Permettant d’adapter sa vitesse à chaque situation, un régulateur de vitesse est présent</li><li>3 modes de conduite sont disponibles, selon que vous privilégiez la vitesse ou l’autonomie</li></ul><h2>Scheda tecnica</h2><h3>Moteur</h3><table><tr><th>Couple maximal</th><td>64 Nm</td></tr><tr><th>Equivalenza cilindrata</th><td>Équivalent 50 cm3</td></tr><tr><th>Marque du moteur</th><td>Sunra</td></tr><tr><th>Potenza massima</th><td>3 000 W</td></tr><tr><th>Potenza motore</th><td>3 000 W</td></tr><tr><th>Transmission</th><td>Moteur intégré dans la roue arrière</td></tr><tr><th>Velocita massima</th><td>45 km/h</td></tr></table><h3>Batterie</h3><table><tr><th>Autonomia</th><td>80 km</td></tr><tr><th>Batteria rimovibile</th><td>Si</td></tr><tr><th>Caricatore incluso</th><td>Si</td></tr><tr><th>Intensité du chargeur</th><td>4.5A</td></tr><tr><th>Poids de la batterie</th><td>11 kg</td></tr><tr><th>Capacita batteria</th><td>1.44 kWh x 2</td></tr><tr><th>Tempo di ricarica</th><td>6 h</td></tr><tr><th>Tipo di batteria</th><td>Lithium</td></tr><tr><th>Voltage & Ampérage de la Batterie</th><td>72V / 20Ah x 2</td></tr></table><h3>Chassis</h3><table><tr><th>Charge maximale</th><td>250 kg</td></tr><tr><th>Empattement</th><td>1 325 mm</td></tr><tr><th>Garde au sol minimale</th><td>160 mm</td></tr><tr><th>Hauteur de selle</th><td>720 mm</td></tr><tr><th>Hauteur hors tout</th><td>1 255 mm</td></tr><tr><th>Largeur hors tout</th><td>700 mm</td></tr><tr><th>Longueur hors tout</th><td>1 995 mm</td></tr></table><h3>Partie Cycle</h3><table><tr><th>Amortisseur arrière réglable</th><td>No</td></tr><tr><th>Amortisseur avant réglable</th><td>No</td></tr><tr><th>Taille pneu arrière</th><td>90/90-12</td></tr><tr><th>Taille pneu avant</th><td>90/90-12</td></tr><tr><th>Taille roue arrière</th><td>12 pouces</td></tr><tr><th>Taille roue avant</th><td>12 pouces</td></tr><tr><th>Type frein arrière</th><td>Disque</td></tr><tr><th>Type frein avant</th><td>Disque</td></tr><tr><th>Alarme</th><td>No</td></tr><tr><th>Freinage couplé</th><td>No</td></tr><tr><th>Freinage régénératif</th><td>No</td></tr><tr><th>Homologué 2 places</th><td>No</td></tr><tr><th>Marche Arrière</th><td>Si</td></tr><tr><th>Prise USB</th><td>Si</td></tr><tr><th>Rangement casque sous la selle</th><td>No</td></tr><tr><th>Régulateur</th><td>Si</td></tr><tr><th>Categoria omologazione</th><td>L1e</td></tr><tr><th>Code National</th><td>CL</td></tr><tr><th>Couleur</th><td>Blanc, Noir</td></tr><tr><th>Dimensioni</th><td>199 × 70 × 125 cm</td></tr><tr><th>Estimation de livraison de pré-commande</th><td>July 2021</td></tr><tr><th>Marque</th><td>Sunra</td></tr><tr><th>Modèle</th><td>Cagoo</td></tr><tr><th>Patente</th><td>Sans permis</td></tr><tr><th>Peso in ordine di marcia</th><td>80 kg</td></tr></table><h2>Note</h2><p>Disponibilita, prezzi e varianti possono variare. Si consiglia di verificare la configurazione selezionata prima dell'acquisto.</p>",,,,,Scooter elettrici > Sans Permis,,"https://www.go2roues.com/wp-content/uploads/2019/11/sunra-cagoo-noir-trois-quart-face-droit.jpg, https://www.go2roues.com/wp-content/uploads/2019/11/sunra-cagoo-blanc-trois-quart-face-droit.jpg, https://www.go2roues.com/wp-content/uploads/2019/11/sunra-cagoo-noir-cote-droit.jpg, https://www.go2roues.com/wp-content/uploads/2019/11/sunra-cagoo-noir-trois-quart-arriere-droit.jpg, https://www.go2roues.com/wp-content/uploads/2019/11/sunra-cagoo-noir-vue-arriere2.jpg, https://www.go2roues.com/wp-content/uploads/2019/11/sunra-cagoo-noir-trois-quart-arriere-gauche.jpg, https://www.go2roues.com/wp-content/uploads/2019/11/sunra-cagoo-noir-cote-gauche.jpg, https://www.go2roues.com/wp-content/uploads/2019/11/sunra-cagoo-noir-trois-quart-face-gauche.jpg, https://www.go2roues.com/wp-content/uploads/2019/11/sunra-cagoo-noir-vue-devant.jpg, https://www.go2roues.com/wp-content/uploads/2019/11/sunra-cagoo-noir-roue-avant.jpg, https://www.go2roues.com/wp-content/uploads/2019/11/sunra-cagoo-noir-top-box.jpg, https://www.go2roues.com/wp-content/uploads/2019/11/sunra-cagoo-noir-commodo-droit.jpg, https://www.go2roues.com/wp-content/uploads/2019/11/sunra-cagoo-noir-commodo-gauche.jpg, https://www.go2roues.com/wp-content/uploads/2019/11/sunra-cagoo-noir-compteur.jpg",,Colore,,1,1,Finitura,,1,1,Sunra
variation,suncagoo-noir,Sunra Cagoo - noir,1,visible,,,3290.00,,yes,no,,,https://www.go2roues.com/wp-content/uploads/2019/11/sunra-cagoo-noir-trois-quart-face-droit.jpg,www-go2roues-com-shop-sunra-cagoo,Colore,Nero,,,Finitura,,,,Sunra
variation,suncagoo-blanc,Sunra Cagoo - blanc,1,visible,,,3290.00,,yes,no,,,https://www.go2roues.com/wp-content/uploads/2019/11/sunra-cagoo-blanc-trois-quart-face-droit.jpg,www-go2roues-com-shop-sunra-cagoo,Colore,Bianco,,,Finitura,,,,Sunra
variable,www-go2roues-com-shop-lvneng-s5-delivery,LVNENG S5 Delivery,1,visible,"<p><strong>LVNENG S5 Delivery</strong> di Lvneng. <em>Venduto da Distribuzione Import Export S.R.L.</em>.</p><ul><li>Autonomia dichiarata: 60 km, 120 km</li><li>Velocita massima: 45 km/h</li><li>Tempo di ricarica: 3.5 h par batterie</li><li>Peso: 10 kg</li></ul>","<h2>Panoramica</h2><p>Contenuto riscritto e ottimizzato per una boutique italiana: informazioni chiare, valori tecnici organizzati e testo pensato per aiutare la decisione d'acquisto.</p><p><strong>Venditore:</strong> Distribuzione Import Export S.R.L.</p><p><strong>Categoria:</strong> Scooter elettrici > Sans Permis</p><h2>Scheda tecnica</h2><h3>Moteur</h3><table><tr><th>Equivalenza cilindrata</th><td>Équivalent 50 cm3</td></tr><tr><th>Marque du moteur</th><td>Bosch</td></tr><tr><th>Potenza massima</th><td>3 000 W</td></tr><tr><th>Potenza motore</th><td>3 000 W</td></tr><tr><th>Transmission</th><td>Moteur intégré dans la roue arrière</td></tr><tr><th>Velocita massima</th><td>45 km/h</td></tr></table><h3>Batterie</h3><table><tr><th>Autonomia</th><td>60 km, 120 km</td></tr><tr><th>Batteria rimovibile</th><td>Si</td></tr><tr><th>Caricatore incluso</th><td>Si</td></tr><tr><th>Intensité du chargeur</th><td>4.5A</td></tr><tr><th>Poids de la batterie</th><td>10 kg</td></tr><tr><th>Capacita batteria</th><td>1.44 kWh</td></tr><tr><th>Tempo di ricarica</th><td>3.5 h par batterie</td></tr><tr><th>Tipo di batteria</th><td>Lithium</td></tr><tr><th>Voltage & Ampérage de la Batterie</th><td>60V / 24Ah</td></tr></table><h3>Chassis</h3><table><tr><th>Charge maximale</th><td>210 kg</td></tr><tr><th>Hauteur de selle</th><td>710 mm</td></tr><tr><th>Hauteur hors tout</th><td>1 850 mm</td></tr><tr><th>Largeur hors tout</th><td>670 mm</td></tr><tr><th>Longueur hors tout</th><td>1 130 mm</td></tr></table><h3>Partie Cycle</h3><table><tr><th>Amortisseur arrière réglable</th><td>Si</td></tr><tr><th>Amortisseur avant réglable</th><td>No</td></tr><tr><th>Taille pneu arrière</th><td>90/90-12</td></tr><tr><th>Taille pneu avant</th><td>90/90-12</td></tr><tr><th>Taille roue arrière</th><td>12 pouces</td></tr><tr><th>Taille roue avant</th><td>12 pouces</td></tr><tr><th>Type frein arrière</th><td>Disque</td></tr><tr><th>Type frein avant</th><td>Disque</td></tr><tr><th>Alarme</th><td>Si</td></tr><tr><th>Freinage couplé</th><td>Si</td></tr><tr><th>Freinage régénératif</th><td>No</td></tr><tr><th>Marche Arrière</th><td>No</td></tr><tr><th>Modes de conduites</th><td>3</td></tr><tr><th>Prise USB</th><td>Si</td></tr><tr><th>Rangement casque sous la selle</th><td>No</td></tr><tr><th>Régulateur</th><td>No</td></tr><tr><th>Categoria omologazione</th><td>L1e</td></tr><tr><th>Code National</th><td>CL</td></tr><tr><th>Couleur</th><td>Blanc</td></tr><tr><th>Dimensioni</th><td>185 × 67 × 113 cm</td></tr><tr><th>Marque</th><td>Lvneng</td></tr><tr><th>Modèle</th><td>LVE S5-D</td></tr><tr><th>Patente</th><td>Sans permis</td></tr><tr><th>Peso in ordine di marcia</th><td>110 kg</td></tr></table><h2>Note</h2><p>Disponibilita, prezzi e varianti possono variare. Si consiglia di verificare la configurazione selezionata prima dell'acquisto.</p>",,,,,Scooter elettrici > Sans Permis,,"https://www.go2roues.com/wp-content/uploads/2020/02/lvneng-s5-delivery-trois-quart-face-droit.jpg, https://www.go2roues.com/wp-content/uploads/2020/02/lvneng-s5-delivery-cote-droit.jpg, https://www.go2roues.com/wp-content/uploads/2020/02/lvneng-s5-delivery-vue-arriere.jpg, https://www.go2roues.com/wp-content/uploads/2020/02/lvneng-s5-delivery-cote-gauche.jpg, https://www.go2roues.com/wp-content/uploads/2020/02/lvneng-s5-delivery-trois-quart-face-gauche.jpg, https://www.go2roues.com/wp-content/uploads/2020/02/lvneng-s5-delivery-vue-devant.jpg, https://www.go2roues.com/wp-content/uploads/2020/01/scooter-electrique-lve-s5-d-batteries-Copie.jpg, https://www.go2roues.com/wp-content/uploads/2020/01/scooter-electrique-lve-s5-d-tableau.jpg, https://www.go2roues.com/wp-content/uploads/2020/02/lvneng-s5-delivery-top-box.jpg, https://www.go2roues.com/wp-content/uploads/2020/02/lvneng-s5-delivery-livreur-livraison.jpg, http://www.go2roues.com/wp-content/uploads/2020/02/lvneng-s5-delivery-trois-quart-face-droit.jpg",,Colore,,1,1,Finitura,,1,1,Lvneng
variation,lves5d-60-km,LVNENG S5 Delivery - 60-km,1,visible,,,3599.00,,yes,no,,,https://www.go2roues.com/wp-content/uploads/2020/02/lvneng-s5-delivery-trois-quart-face-droit.jpg,www-go2roues-com-shop-lvneng-s5-delivery,Colore,,,,Finitura,,,,Lvneng
variation,lves5d-120-km,LVNENG S5 Delivery - 120-km,1,visible,,,4749.00,,yes,no,,,https://www.go2roues.com/wp-content/uploads/2020/02/lvneng-s5-delivery-trois-quart-face-droit.jpg,www-go2roues-com-shop-lvneng-s5-delivery,Colore,,,,Finitura,,,,Lvneng
variable,www-go2roues-com-shop-eccity-model-3,eccity model 3,1,visible,<p><strong>eccity model 3</strong> di eccity. <em>Venduto da Distribuzione Import Export S.R.L.</em>.</p><ul><li>Autonomia dichiarata: 100 km</li><li>Velocita massima: 120 km/h</li><li>Tempo di ricarica: 3 h</li><li>Peso: 191 kg</li></ul>,"<h2>Panoramica</h2><p>Contenuto riscritto e ottimizzato per una boutique italiana: informazioni chiare, valori tecnici organizzati e testo pensato per aiutare la decisione d'acquisto.</p><p><strong>Venditore:</strong> Distribuzione Import Export S.R.L.</p><p><strong>Categoria:</strong> Scooter elettrici > Scooter 3 Roues</p><h2>Scheda tecnica</h2><h3>Moteur</h3><table><tr><th>Couple maximal</th><td>100 Nm à 1300 tr/min</td></tr><tr><th>Equivalenza cilindrata</th><td>Équivalent 125 cm3</td></tr><tr><th>Marque du moteur</th><td>eccity</td></tr><tr><th>Potenza massima</th><td>14 000 W</td></tr><tr><th>Potenza motore</th><td>10 000 W</td></tr><tr><th>Transmission</th><td>Moteur intégré dans la roue arrière</td></tr><tr><th>Velocita massima</th><td>120 km/h</td></tr></table><h3>Batterie</h3><table><tr><th>Autonomia</th><td>100 km</td></tr><tr><th>Batteria rimovibile</th><td>No</td></tr><tr><th>Caricatore incluso</th><td>Si</td></tr><tr><th>Intensité du chargeur</th><td>20A</td></tr><tr><th>Capacita batteria</th><td>6.5 kWh</td></tr><tr><th>Tempo di ricarica</th><td>3 h</td></tr><tr><th>Tipo di batteria</th><td>Lithium</td></tr><tr><th>Voltage & Ampérage de la Batterie</th><td>75V / 85Ah</td></tr></table><h3>Chassis</h3><table><tr><th>Garde au sol minimale</th><td>128 mm</td></tr><tr><th>Hauteur de selle</th><td>770 mm</td></tr><tr><th>Hauteur hors tout</th><td>1 230 mm</td></tr><tr><th>Largeur hors tout</th><td>720 mm</td></tr><tr><th>Longueur hors tout</th><td>2 000 mm</td></tr></table><h3>Partie Cycle</h3><table><tr><th>Amortisseur arrière réglable</th><td>No</td></tr><tr><th>Amortisseur avant réglable</th><td>No</td></tr><tr><th>Taille roue arrière</th><td>13 pouces</td></tr><tr><th>Taille roue avant</th><td>13 pouces</td></tr><tr><th>Type frein arrière</th><td>Disque</td></tr><tr><th>Type frein avant</th><td>Disque</td></tr><tr><th>Homologué 2 places</th><td>Si</td></tr><tr><th>Marche Arrière</th><td>Si</td></tr><tr><th>Rangement casque sous la selle</th><td>Si</td></tr><tr><th>Categoria omologazione</th><td>L3e</td></tr><tr><th>Code National</th><td>MTL</td></tr><tr><th>Couleur</th><td>Blanc, Champagne, Noir</td></tr><tr><th>Dimensioni</th><td>195 × 67 × 126 cm</td></tr><tr><th>Marque</th><td>eccity</td></tr><tr><th>Modèle</th><td>eccity model 3</td></tr><tr><th>Patente</th><td>Permis B + Formation 7h, Permis moto</td></tr><tr><th>Peso in ordine di marcia</th><td>191 kg</td></tr></table><h2>Note</h2><p>Disponibilita, prezzi e varianti possono variare. Si consiglia di verificare la configurazione selezionata prima dell'acquisto.</p>",,,,,Scooter elettrici > Scooter 3 Roues,,"https://www.go2roues.com/wp-content/uploads/2020/01/eccity-model-3-blanc-trois-quart-face-droit.jpg, https://www.go2roues.com/wp-content/uploads/2020/01/eccity-3-roues-nature.jpg, https://www.go2roues.com/wp-content/uploads/2020/01/eccity-model-3-blanc-cote-droit.jpg, https://www.go2roues.com/wp-content/uploads/2020/01/eccity-model-3-blanc-trois-quart-arriere-droit.jpg, https://www.go2roues.com/wp-content/uploads/2020/01/eccity-model-3-blanc-vue-arriere.jpg, https://www.go2roues.com/wp-content/uploads/2020/01/eccity-model-3-blanc-vue-devant.jpg, https://www.go2roues.com/wp-content/uploads/2020/01/eccity-model-3-commodo-droit-rouge.jpg, https://www.go2roues.com/wp-content/uploads/2020/01/eccity-model-3-commodo-droit-vert.jpg, https://www.go2roues.com/wp-content/uploads/2020/01/eccity-model-3-systeme-inclinaison.jpg, https://www.go2roues.com/wp-content/uploads/2020/01/eccity-model-3-compteur.jpg, https://www.go2roues.com/wp-content/uploads/2020/01/eccity-model-3-amortisseur.jpg, https://www.go2roues.com/wp-content/uploads/2020/01/eccity-model-3-dynamique-paris-1.jpg, https://www.go2roues.com/wp-content/uploads/2020/01/eccity-model-3-dynamique-paris-2.jpg, https://www.go2roues.com/wp-content/uploads/2020/01/eccity-model-3-dynamique-paris-3.jpg, http://www.go2roues.com/wp-content/uploads/2020/01/eccity-model-3-blanc-trois-quart-face-droit.jpg",,Colore,,1,1,Finitura,,1,1,eccity
variation,eccity3-champagne,eccity model 3 - champagne,1,visible,,,12168.00,,yes,no,,,https://www.go2roues.com/wp-content/uploads/2020/01/scooter-electrique-eccity-noir-conducteur.jpg,www-go2roues-com-shop-eccity-model-3,Colore,Champagne,,,Finitura,,,,eccity
variation,eccity3-blanc,eccity model 3 - blanc,1,visible,,,12168.00,,yes,no,,,https://www.go2roues.com/wp-content/uploads/2020/01/eccity-model-3-blanc-trois-quart-face-droit.jpg,www-go2roues-com-shop-eccity-model-3,Colore,Bianco,,,Finitura,,,,eccity
variation,eccity3-noir,eccity model 3 - noir,1,visible,,,12168.00,,yes,no,,,https://www.go2roues.com/wp-content/uploads/2020/01/eccity-3-roues-nature.jpg,www-go2roues-com-shop-eccity-model-3,Colore,Nero,,,Finitura,,,,eccity
simple,rider-9000w-long-range,Rider 9000W Long Range,1,visible,<p><strong>Rider 9000W Long Range</strong> . <em>Venduto da Distribuzione Import Export S.R.L.</em>.</p><ul><li>Autonomia dichiarata: 220 km</li><li>Tempo di ricarica: 6 h</li><li>Peso: 175 kg</li></ul>,"<h2>Panoramica</h2><p>Contenuto riscritto e ottimizzato per una boutique italiana: informazioni chiare, valori tecnici organizzati e testo pensato per aiutare la decisione d'acquisto.</p><p><strong>Venditore:</strong> Distribuzione Import Export S.R.L.</p><p><strong>Categoria:</strong> Scooter elettrici > Maxi scooter</p><h2>Scheda tecnica</h2><h3>Moteur</h3><table><tr><th>Couple maximal</th><td>200 Nm</td></tr><tr><th>Equivalenza cilindrata</th><td>Équivalent 125 cm3</td></tr><tr><th>Potenza massima</th><td>17 000 W</td></tr><tr><th>Potenza motore</th><td>9 900 W</td></tr></table><h3>Batterie</h3><table><tr><th>Autonomia</th><td>220 km</td></tr><tr><th>Batteria rimovibile</th><td>No</td></tr><tr><th>Caricatore incluso</th><td>Si</td></tr><tr><th>Capacita batteria</th><td>9 kWh</td></tr><tr><th>Tempo di ricarica</th><td>6 h</td></tr><tr><th>Tipo di batteria</th><td>Lithium</td></tr></table><h3>Chassis</h3><table><tr><th>Empattement</th><td>1 600 mm</td></tr><tr><th>Garde au sol minimale</th><td>220 mm</td></tr><tr><th>Hauteur de selle</th><td>830 mm</td></tr><tr><th>Hauteur hors tout</th><td>1 450 mm</td></tr><tr><th>Largeur hors tout</th><td>950 mm</td></tr><tr><th>Longueur hors tout</th><td>2 160 mm</td></tr></table><h3>Partie Cycle</h3><table><tr><th>Rangement casque sous la selle</th><td>Si</td></tr><tr><th>Categoria omologazione</th><td>L3e</td></tr><tr><th>Code National</th><td>MTL</td></tr><tr><th>Couleur</th><td>Gris mat, Noir</td></tr><tr><th>Dimensioni</th><td>215 × 95 × 145 cm</td></tr><tr><th>Marque</th><td>Rider</td></tr><tr><th>Modèle</th><td>9000W</td></tr><tr><th>Patente</th><td>Permis B + Formation 7h, Permis moto</td></tr><tr><th>Peso in ordine di marcia</th><td>175 kg</td></tr></table><h2>Note</h2><p>Disponibilita, prezzi e varianti possono variare. Si consiglia di verificare la configurazione selezionata prima dell'acquisto.</p>",9449.00,,yes,no,Scooter elettrici > Maxi scooter,,"https://www.go2roues.com/wp-content/uploads/2019/12/rider-9000w-noir-mat-trois-quart-face-droit.jpg, https://www.go2roues.com/wp-content/uploads/2019/12/rider-9000w-noir-mat-cote-droit-1.jpg, https://www.go2roues.com/wp-content/uploads/2018/09/rider-9000w-noir-mat-trois-quart-arriere-droit.jpg, https://www.go2roues.com/wp-content/uploads/2018/09/rider-9000w-noir-mat-vue-arriere.jpg, https://www.go2roues.com/wp-content/uploads/2018/09/rider-9000w-noir-mat-trois-quart-arriere-gauche.jpg, https://www.go2roues.com/wp-content/uploads/2019/12/rider-9000w-noir-mat-cote-gauche.jpg, https://www.go2roues.com/wp-content/uploads/2019/12/rider-9000w-noir-mat-trois-quart-face-gauche.jpg, https://www.go2roues.com/wp-content/uploads/2018/09/rider-9000w-noir-mat-vue-devant.jpg, https://www.go2roues.com/wp-content/uploads/2018/09/rider-9000w-noir-mat-phare.jpg, https://www.go2roues.com/wp-content/uploads/2018/09/rider-9000w-moteur-disque-frein-arriere.jpg, https://www.go2roues.com/wp-content/uploads/2018/09/rider-9000w-compteur-un.jpg, https://www.go2roues.com/wp-content/uploads/2018/09/rider-9000w-commodo-droit.jpg, https://www.go2roues.com/wp-content/uploads/2018/09/rider-9000w-coffre.jpg, https://www.go2roues.com/wp-content/uploads/2018/09/rider-9000w-clef-tablier-deux.jpg",,,,,,,,,,Rider
variable,www-go2roues-com-shop-orcal-ecooter-e2-r,Orcal Ecooter E2-R,1,visible,<p><strong>Orcal Ecooter E2-R</strong> di Orcal. <em>Venduto da Distribuzione Import Export S.R.L.</em>.</p><ul><li>Autonomia dichiarata: 200 km</li><li>Tempo di ricarica: 6.5 h</li><li>Peso: 12 kg (principale) et 6 kg (secondaire)</li></ul>,"<h2>Panoramica</h2><p>Contenuto riscritto e ottimizzato per una boutique italiana: informazioni chiare, valori tecnici organizzati e testo pensato per aiutare la decisione d'acquisto.</p><p><strong>Venditore:</strong> Distribuzione Import Export S.R.L.</p><p><strong>Categoria:</strong> Scooter elettrici > 125</p><h2>Scheda tecnica</h2><h3>Moteur</h3><table><tr><th>Couple maximal</th><td>165 Nm</td></tr><tr><th>Equivalenza cilindrata</th><td>Équivalent 125 cm3</td></tr><tr><th>Potenza massima</th><td>4 000 W</td></tr><tr><th>Potenza motore</th><td>4 000 W</td></tr></table><h3>Batterie</h3><table><tr><th>Autonomia</th><td>200 km</td></tr><tr><th>Batteria rimovibile</th><td>Si</td></tr><tr><th>Caricatore incluso</th><td>Si</td></tr><tr><th>Poids de la batterie</th><td>12 kg (principale) et 6 kg (secondaire)</td></tr><tr><th>Capacita batteria</th><td>2.56 kWh</td></tr><tr><th>Tempo di ricarica</th><td>6.5 h</td></tr><tr><th>Tipo di batteria</th><td>Lithium</td></tr></table><h3>Chassis</h3><table><tr><th>Empattement</th><td>1 300 mm</td></tr><tr><th>Garde au sol minimale</th><td>145 mm</td></tr><tr><th>Hauteur de selle</th><td>750 mm</td></tr><tr><th>Hauteur hors tout</th><td>1 080 mm</td></tr><tr><th>Largeur hors tout</th><td>720 mm</td></tr><tr><th>Longueur hors tout</th><td>1 840 mm</td></tr></table><h3>Partie Cycle</h3><table><tr><th>Rangement casque sous la selle</th><td>Oui avec une batterie</td></tr><tr><th>Categoria omologazione</th><td>L3e</td></tr><tr><th>Code National</th><td>MTL</td></tr><tr><th>Couleur</th><td>Blanc, Gris Metallique, Noir</td></tr><tr><th>Dimensioni</th><td>178 × 66 × 108 cm</td></tr><tr><th>Marque</th><td>Orcal</td></tr><tr><th>Modèle</th><td>ecooter E2-R</td></tr><tr><th>Patente</th><td>Permis B + Formation 7h, Permis moto</td></tr><tr><th>Peso in ordine di marcia</th><td>95 kg</td></tr></table><h2>Note</h2><p>Disponibilita, prezzi e varianti possono variare. Si consiglia di verificare la configurazione selezionata prima dell'acquisto.</p>",,,,,Scooter elettrici > 125,,"https://www.go2roues.com/wp-content/uploads/2019/09/orcal-E2R-gris-metallique-trois-quart-face-droit.jpg, https://www.go2roues.com/wp-content/uploads/2019/09/orcal-E2R-gris-metallique-cote-droit.jpg, https://www.go2roues.com/wp-content/uploads/2019/09/orcal-E2R-gris-metallique-trois-quart-arriere-droit.jpg, https://www.go2roues.com/wp-content/uploads/2019/09/orcal-E2R-gris-metallique-vue-arriere.jpg, https://www.go2roues.com/wp-content/uploads/2019/09/orcal-E2R-gris-metallique-trois-quart-arriere-gauche.jpg, https://www.go2roues.com/wp-content/uploads/2019/09/orcal-E2R-gris-metallique-cote-gauche.jpg, https://www.go2roues.com/wp-content/uploads/2019/09/orcal-E2R-gris-metallique-trois-quart-face-gauche.jpg, https://www.go2roues.com/wp-content/uploads/2019/09/orcal-E2R-gris-metallique-vue-devant.jpg, https://www.go2roues.com/wp-content/uploads/2019/09/orcal-E2R-tablier-usb.jpg, https://www.go2roues.com/wp-content/uploads/2019/09/orcal-E2R-commodo-droit.jpg, https://www.go2roues.com/wp-content/uploads/2019/09/orcal-E2R-commodo-gauche.jpg, https://www.go2roues.com/wp-content/uploads/2019/09/orcal-E2R-compteur.jpg, https://www.go2roues.com/wp-content/uploads/2019/09/orcal-E2R-tablier-clef.jpg",,Colore,,1,1,Finitura,,1,1,Orcal
variation,orcaecooe2r-noir,Orcal Ecooter E2-R - noir,1,visible,,,4395.00,,yes,no,,,https://www.go2roues.com/wp-content/uploads/2019/09/Orcal-Ecooter-E2-R-Black-1500x1500.jpg,www-go2roues-com-shop-orcal-ecooter-e2-r,Colore,Nero,,,Finitura,,,,Orcal
variation,orcaecooe2r-gris-metallique,Orcal Ecooter E2-R - gris-metallique,1,visible,,,4395.00,,yes,no,,,https://www.go2roues.com/wp-content/uploads/2019/09/orcal-E2R-gris-metallique-trois-quart-face-droit.jpg,www-go2roues-com-shop-orcal-ecooter-e2-r,Colore,Gris Metallique,,,Finitura,,,,Orcal
variation,orcaecooe2r-blanc,Orcal Ecooter E2-R - blanc,1,visible,,,4395.00,,yes,no,,,https://www.go2roues.com/wp-content/uploads/2019/09/Orcal-Ecooter-E2-R-Blanc-1500x1500.jpg,www-go2roues-com-shop-orcal-ecooter-e2-r,Colore,Bianco,,,Finitura,,,,Orcal
variable,www-go2roues-com-shop-red-electric-pro,RED Electric Pro,1,visible,<p><strong>RED Electric Pro</strong> di RED Electric. <em>Venduto da Distribuzione Import Export S.R.L.</em>.</p><ul><li>Autonomia dichiarata: 60 km</li><li>Velocita massima: 45 km/h</li><li>Tempo di ricarica: 5 h</li><li>Peso: 10 kg</li></ul>,"<h2>Panoramica</h2><p>Contenuto riscritto e ottimizzato per una boutique italiana: informazioni chiare, valori tecnici organizzati e testo pensato per aiutare la decisione d'acquisto.</p><p><strong>Venditore:</strong> Distribuzione Import Export S.R.L.</p><p><strong>Categoria:</strong> Scooter elettrici > Sans Permis</p><h2>Scheda tecnica</h2><h3>Moteur</h3><table><tr><th>Couple maximal</th><td>33.5 Nm</td></tr><tr><th>Equivalenza cilindrata</th><td>Équivalent 50 cm3</td></tr><tr><th>Marque du moteur</th><td>Bosch</td></tr><tr><th>Potenza massima</th><td>2 000 W</td></tr><tr><th>Potenza motore</th><td>1 200 W</td></tr><tr><th>Transmission</th><td>Moteur intégré dans la roue arrière</td></tr><tr><th>Velocita massima</th><td>45 km/h</td></tr></table><h3>Batterie</h3><table><tr><th>Autonomia</th><td>60 km</td></tr><tr><th>Batteria rimovibile</th><td>Si</td></tr><tr><th>Caricatore incluso</th><td>Si</td></tr><tr><th>Intensité du chargeur</th><td>5A</td></tr><tr><th>Poids de la batterie</th><td>10 kg</td></tr><tr><th>Capacita batteria</th><td>1.79 kWh</td></tr><tr><th>Tempo di ricarica</th><td>5 h</td></tr><tr><th>Tipo di batteria</th><td>Lithium</td></tr><tr><th>Voltage & Ampérage de la Batterie</th><td>60V / 28Ah</td></tr></table><h3>Chassis</h3><table><tr><th>Empattement</th><td>1 410 mm</td></tr><tr><th>Garde au sol minimale</th><td>125 mm</td></tr><tr><th>Hauteur de selle</th><td>820 mm</td></tr><tr><th>Hauteur hors tout</th><td>1 130 mm</td></tr><tr><th>Largeur hors tout</th><td>700 mm</td></tr><tr><th>Longueur hors tout</th><td>1 800 mm</td></tr></table><h3>Partie Cycle</h3><table><tr><th>Amortisseur arrière réglable</th><td>Si</td></tr><tr><th>Amortisseur avant réglable</th><td>No</td></tr><tr><th>Taille pneu arrière</th><td>90/90-12</td></tr><tr><th>Taille pneu avant</th><td>90/90-12</td></tr><tr><th>Taille roue arrière</th><td>12 pouces</td></tr><tr><th>Taille roue avant</th><td>12 pouces</td></tr><tr><th>Type frein arrière</th><td>Disque</td></tr><tr><th>Type frein avant</th><td>Disque</td></tr><tr><th>Freinage couplé</th><td>No</td></tr><tr><th>Freinage régénératif</th><td>No</td></tr><tr><th>Homologué 2 places</th><td>No</td></tr><tr><th>Marche Arrière</th><td>No</td></tr><tr><th>Modes de conduites</th><td>Si</td></tr><tr><th>Prise USB</th><td>Si</td></tr><tr><th>Rangement casque sous la selle</th><td>No</td></tr><tr><th>Régulateur</th><td>No</td></tr><tr><th>Batteries</th><td>1 batterie : 60 km d'autonomie, 2 batteries : 120 km d'autonomie</td></tr><tr><th>Categoria omologazione</th><td>L1e</td></tr><tr><th>Code National</th><td>CL</td></tr><tr><th>Couleur</th><td>Noir</td></tr><tr><th>Dimensioni</th><td>185 × 70 × 108 cm</td></tr><tr><th>Marque</th><td>RED Electric</td></tr><tr><th>Modèle</th><td>RedE-Pro</td></tr><tr><th>Patente</th><td>Sans permis</td></tr><tr><th>Peso in ordine di marcia</th><td>86 kg</td></tr></table><h2>Note</h2><p>Disponibilita, prezzi e varianti possono variare. Si consiglia di verificare la configurazione selezionata prima dell'acquisto.</p>",,,,,Scooter elettrici > Sans Permis,,"https://www.go2roues.com/wp-content/uploads/2019/09/RedE-Pro-trois-quart-face-droit.jpg, https://www.go2roues.com/wp-content/uploads/2019/09/RedE-Pro-cote-droit.jpg, https://www.go2roues.com/wp-content/uploads/2019/09/RedE-Pro-trois-quart-arriere-droit.jpg, https://www.go2roues.com/wp-content/uploads/2019/09/RedE-Pro-vue-arriere.jpg, https://www.go2roues.com/wp-content/uploads/2019/09/RedE-Pro-trois-quart-arriere-gauche.jpg, https://www.go2roues.com/wp-content/uploads/2019/09/RedE-Pro-cote-gauche.jpg, https://www.go2roues.com/wp-content/uploads/2019/09/RedE-Pro-trois-quart-face-gauche.jpg, https://www.go2roues.com/wp-content/uploads/2019/09/RedE-Pro-vue-devant.jpg, https://www.go2roues.com/wp-content/uploads/2019/09/RedE-Pro-tablier-guidon.jpg, https://www.go2roues.com/wp-content/uploads/2019/09/RedE-Pro-compteur.jpg, https://www.go2roues.com/wp-content/uploads/2019/09/RedE-Pro-commodo-droit.jpg, https://www.go2roues.com/wp-content/uploads/2019/09/RedE-Pro-commodo-gauche.jpg, https://www.go2roues.com/wp-content/uploads/2019/09/redE-Pro-chargement.jpg, https://www.go2roues.com/wp-content/uploads/2019/09/RedE-arrière.jpg, https://www.go2roues.com/wp-content/uploads/2019/09/RedE-Pro-route.jpg",,Colore,,1,1,Finitura,,1,1,RED Electric
variation,rp-noir-1-batterie-60-km-d-autonomie,RED Electric Pro - noir / 1 batterie : 60 km d'autonomie,1,visible,,,3300.00,,yes,no,,,https://www.go2roues.com/wp-content/uploads/2019/09/RedE-Pro-trois-quart-face-droit.jpg,www-go2roues-com-shop-red-electric-pro,Colore,Nero,,,Finitura,,,,RED Electric
variation,rp-noir-2-batteries-120-km-d-autonomie,RED Electric Pro - noir / 2 batteries : 120 km d'autonomie,1,visible,,,4308.00,,yes,no,,,https://www.go2roues.com/wp-content/uploads/2019/09/RedE-Pro-trois-quart-face-droit.jpg,www-go2roues-com-shop-red-electric-pro,Colore,Nero,,,Finitura,,,,RED Electric
variable,www-go2roues-com-shop-yesss,YeSsS,1,visible,<p><strong>YeSsS</strong> di whaTTz. <em>Venduto da Distribuzione Import Export S.R.L.</em>.</p><ul><li>Autonomia dichiarata: 80 km</li><li>Tempo di ricarica: 5 h</li><li>Peso: 65 kg</li></ul>,"<h2>Panoramica</h2><p>Contenuto riscritto e ottimizzato per una boutique italiana: informazioni chiare, valori tecnici organizzati e testo pensato per aiutare la decisione d'acquisto.</p><p><strong>Venditore:</strong> Distribuzione Import Export S.R.L.</p><p><strong>Categoria:</strong> Scooter elettrici > Sans Permis</p><h2>Scheda tecnica</h2><h3>Moteur</h3><table><tr><th>Equivalenza cilindrata</th><td>Équivalent 50 cm3</td></tr><tr><th>Potenza massima</th><td>1 750 W</td></tr><tr><th>Potenza motore</th><td>1 750 W</td></tr></table><h3>Batterie</h3><table><tr><th>Autonomia</th><td>80 km</td></tr><tr><th>Batteria rimovibile</th><td>Si</td></tr><tr><th>Caricatore incluso</th><td>Si</td></tr><tr><th>Tempo di ricarica</th><td>5 h</td></tr><tr><th>Tipo di batteria</th><td>Lithium</td></tr></table><h3>Chassis</h3><table><tr><th>Empattement</th><td>1 410 mm</td></tr><tr><th>Garde au sol minimale</th><td>140 mm</td></tr><tr><th>Hauteur hors tout</th><td>1 090 mm</td></tr><tr><th>Largeur hors tout</th><td>735 mm</td></tr><tr><th>Longueur hors tout</th><td>1 740 mm</td></tr></table><h3>Partie Cycle</h3><table><tr><th>Rangement casque sous la selle</th><td>No</td></tr><tr><th>Categoria omologazione</th><td>L1e</td></tr><tr><th>Code National</th><td>CL</td></tr><tr><th>Couleur</th><td>Blanc brillant, Gris mat, Noir brillant</td></tr><tr><th>Dimensioni</th><td>174 × 73 × 109 cm</td></tr><tr><th>Marque</th><td>whaTTz</td></tr><tr><th>Modèle</th><td>YeSsS</td></tr><tr><th>Patente</th><td>Sans permis</td></tr><tr><th>Peso in ordine di marcia</th><td>65 kg</td></tr></table><h2>Note</h2><p>Disponibilita, prezzi e varianti possono variare. Si consiglia di verificare la configurazione selezionata prima dell'acquisto.</p>",,,,,Scooter elettrici > Sans Permis,,"https://www.go2roues.com/wp-content/uploads/2019/06/scooter-yesss-gris-mat.jpg, https://www.go2roues.com/wp-content/uploads/2019/06/scooter-yesss-2.jpg, https://www.go2roues.com/wp-content/uploads/2019/06/scooter-yesss-blanc.jpg",,Colore,,1,1,Finitura,,1,1,whaTTz
variation,y-cbb-blanc-brillant,YeSsS - blanc-brillant,1,visible,,,2390.00,,yes,no,,,https://www.go2roues.com/wp-content/uploads/2019/06/scooter-yesss-blanc.jpg,www-go2roues-com-shop-yesss,Colore,Blanc Brillant,,,Finitura,,,,whaTTz
variation,y-cnb-noir-brillant,YeSsS - noir-brillant,1,visible,,,2390.00,,yes,no,,,https://www.go2roues.com/wp-content/uploads/2019/06/YESSSNoirBrillant.jpg,www-go2roues-com-shop-yesss,Colore,Noir Brillant,,,Finitura,,,,whaTTz
variation,yessswhattz-gris-mat,YeSsS - gris-mat,1,visible,,,2390.00,,yes,no,,,https://www.go2roues.com/wp-content/uploads/2019/06/scooter-yesss-gris-mat.jpg,www-go2roues-com-shop-yesss,Colore,Gris Mat,,,Finitura,,,,whaTTz
simple,asko-espro45-blanc,Askoll eSpro 45 - blanc,1,visible,"<p><strong>Askoll eSpro 45</strong> di Askoll. <em>Venduto da Distribuzione Import Export S.R.L.</em>.</p><ul><li>Autonomia dichiarata: 80 km</li><li>Velocita massima: 45 km/h</li><li>Tempo di ricarica: 6 h</li><li>Peso: 7,6 kg par batterie</li></ul>","<h2>Panoramica</h2><p>Contenuto riscritto e ottimizzato per una boutique italiana: informazioni chiare, valori tecnici organizzati e testo pensato per aiutare la decisione d'acquisto.</p><p><strong>Venditore:</strong> Distribuzione Import Export S.R.L.</p><p><strong>Categoria:</strong> Scooter elettrici > Sans Permis</p><h2>Scheda tecnica</h2><h3>Moteur</h3><table><tr><th>Couple maximal</th><td>130 Nm</td></tr><tr><th>Equivalenza cilindrata</th><td>Équivalent 50 cm3</td></tr><tr><th>Marque du moteur</th><td>Askoll</td></tr><tr><th>Potenza massima</th><td>2 200 W</td></tr><tr><th>Potenza motore</th><td>2 200 W</td></tr><tr><th>Transmission</th><td>Par courroie</td></tr><tr><th>Velocita massima</th><td>45 km/h</td></tr></table><h3>Batterie</h3><table><tr><th>Autonomia</th><td>80 km</td></tr><tr><th>Batteria rimovibile</th><td>Si</td></tr><tr><th>Caricatore incluso</th><td>Si</td></tr><tr><th>Poids de la batterie</th><td>7,6 kg par batterie</td></tr><tr><th>Capacita batteria</th><td>1.04 kWh x 2</td></tr><tr><th>Tempo di ricarica</th><td>6 h</td></tr><tr><th>Tipo di batteria</th><td>Lithium</td></tr><tr><th>Voltage & Ampérage de la Batterie</th><td>54V / 19.4Ah x 2</td></tr></table><h3>Chassis</h3><table><tr><th>Charge maximale</th><td>235 kg</td></tr><tr><th>Empattement</th><td>1 245 mm</td></tr><tr><th>Garde au sol minimale</th><td>140 mm</td></tr><tr><th>Hauteur de selle</th><td>760 mm</td></tr><tr><th>Hauteur hors tout</th><td>1 090 mm</td></tr><tr><th>Largeur hors tout</th><td>735 mm</td></tr><tr><th>Longueur hors tout</th><td>1 740 mm</td></tr></table><h3>Partie Cycle</h3><table><tr><th>Amortisseur arrière réglable</th><td>No</td></tr><tr><th>Amortisseur avant réglable</th><td>No</td></tr><tr><th>Taille frein arrière</th><td>140 mm</td></tr><tr><th>Taille frein avant</th><td>190 mm</td></tr><tr><th>Taille pneu arrière</th><td>90/80-16</td></tr><tr><th>Taille pneu avant</th><td>80/80-16</td></tr><tr><th>Taille roue arrière</th><td>16 pouces</td></tr><tr><th>Taille roue avant</th><td>16 pouces</td></tr><tr><th>Type frein arrière</th><td>Tambour</td></tr><tr><th>Type frein avant</th><td>Disque</td></tr><tr><th>Alarme</th><td>No</td></tr><tr><th>Freinage couplé</th><td>No</td></tr><tr><th>Freinage régénératif</th><td>No</td></tr><tr><th>Homologué 2 places</th><td>No</td></tr><tr><th>Marche Arrière</th><td>No</td></tr><tr><th>Modes de conduites</th><td>3</td></tr><tr><th>Prise USB</th><td>No</td></tr><tr><th>Rangement casque sous la selle</th><td>No</td></tr><tr><th>Régulateur</th><td>No</td></tr><tr><th>Categoria omologazione</th><td>L1e</td></tr><tr><th>Code National</th><td>CL</td></tr><tr><th>Couleur</th><td>Blanc, Noir, Rouge</td></tr><tr><th>Marque</th><td>Askoll</td></tr><tr><th>Modèle</th><td>eSpro45</td></tr><tr><th>Patente</th><td>Sans permis</td></tr><tr><th>Peso in ordine di marcia</th><td>80 kg</td></tr></table><h2>Note</h2><p>Disponibilita, prezzi e varianti possono variare. Si consiglia di verificare la configurazione selezionata prima dell'acquisto.</p>",2990.00,,yes,no,Scooter elettrici > Sans Permis,,"https://www.go2roues.com/wp-content/uploads/2019/06/askoll-espro45-blanc-trois-quart-face-droite.jpg, https://www.go2roues.com/wp-content/uploads/2020/08/scooter-de-livraison-electrique-askoll-espro45.jpg, https://www.go2roues.com/wp-content/uploads/2019/06/askoll-espro45-blanc-cote-droit.jpg, https://www.go2roues.com/wp-content/uploads/2019/06/askoll-espro45-blanc-trois-quart-arriere-droit.jpg, https://www.go2roues.com/wp-content/uploads/2019/06/askoll-espro45-blanc-vue-arriere.jpg, https://www.go2roues.com/wp-content/uploads/2019/06/askoll-espro45-blanc-trois-quart-arriere-gauche.jpg, https://www.go2roues.com/wp-content/uploads/2019/06/askoll-espro45-blanc-cote-gauche.jpg, https://www.go2roues.com/wp-content/uploads/2019/06/askoll-espro45-blanc-trois-quart-face-gauche.jpg, https://www.go2roues.com/wp-content/uploads/2019/06/askoll-espro45-blanc-vue-devant.jpg, https://www.go2roues.com/wp-content/uploads/2019/06/askoll-espro45-blanc-compteur.jpg, https://www.go2roues.com/wp-content/uploads/2019/06/askoll-espro45-blanc-disque-arriere.jpg, https://www.go2roues.com/wp-content/uploads/2019/06/askoll-espro45-blanc-phare.jpg, https://www.go2roues.com/wp-content/uploads/2019/06/askoll-espro-blanc-cote.jpg, https://www.go2roues.com/wp-content/uploads/2019/06/askoll-espro-blanc-dos.jpg, https://www.go2roues.com/wp-content/uploads/2019/06/askoll-espro-rouge.jpg",,,,,,,,,,Askoll
variable,www-go2roues-com-shop-askoll-es2,Askoll eS2,1,visible,<p><strong>Askoll eS2</strong> di Askoll. <em>Venduto da Distribuzione Import Export S.R.L.</em>.</p><ul><li>Autonomia dichiarata: 80 km</li><li>Tempo di ricarica: 6 h</li><li>Peso: 80 kg</li></ul>,"<h2>Panoramica</h2><p>Contenuto riscritto e ottimizzato per una boutique italiana: informazioni chiare, valori tecnici organizzati e testo pensato per aiutare la decisione d'acquisto.</p><p><strong>Venditore:</strong> Distribuzione Import Export S.R.L.</p><p><strong>Categoria:</strong> Scooter elettrici > Sans Permis</p><h2>Scheda tecnica</h2><h3>Moteur</h3><table><tr><th>Couple maximal</th><td>130 Nm</td></tr><tr><th>Equivalenza cilindrata</th><td>Équivalent 50 cm3</td></tr><tr><th>Potenza massima</th><td>3 000 W</td></tr><tr><th>Potenza motore</th><td>3 000 W</td></tr></table><h3>Batterie</h3><table><tr><th>Autonomia</th><td>80 km</td></tr><tr><th>Batteria rimovibile</th><td>Si</td></tr><tr><th>Caricatore incluso</th><td>Si</td></tr><tr><th>Capacita batteria</th><td>2.09 kWh</td></tr><tr><th>Tempo di ricarica</th><td>6 h</td></tr><tr><th>Tipo di batteria</th><td>Lithium</td></tr></table><h3>Chassis</h3><table><tr><th>Empattement</th><td>1 245 mm</td></tr><tr><th>Hauteur de selle</th><td>760 mm</td></tr><tr><th>Hauteur hors tout</th><td>1 130 mm</td></tr><tr><th>Largeur hors tout</th><td>735 mm</td></tr><tr><th>Longueur hors tout</th><td>1 245 mm</td></tr></table><h3>Partie Cycle</h3><table><tr><th>Modes de conduites</th><td>3</td></tr><tr><th>Rangement casque sous la selle</th><td>No</td></tr><tr><th>Categoria omologazione</th><td>L1e</td></tr><tr><th>Code National</th><td>CL</td></tr><tr><th>Couleur</th><td>Blanc, Bleu, Gris, Noir, Rouge</td></tr><tr><th>Dimensioni</th><td>175 × 70 × 113 cm</td></tr><tr><th>Marque</th><td>Askoll</td></tr><tr><th>Modèle</th><td>eS2</td></tr><tr><th>Patente</th><td>Sans permis</td></tr><tr><th>Peso in ordine di marcia</th><td>80 kg</td></tr></table><h2>Note</h2><p>Disponibilita, prezzi e varianti possono variare. Si consiglia di verificare la configurazione selezionata prima dell'acquisto.</p>",,,,,Scooter elettrici > Sans Permis,,"https://www.go2roues.com/wp-content/uploads/2019/06/askoll-es2-bleu-trois-quart-face-droit.jpg, https://www.go2roues.com/wp-content/uploads/2019/06/askoll-es2-gris-1500.jpg, https://www.go2roues.com/wp-content/uploads/2019/06/askoll-es1-rouge.jpg, https://www.go2roues.com/wp-content/uploads/2019/06/askoll-es2-blanc-1500.jpg, https://www.go2roues.com/wp-content/uploads/2019/06/askoll-es2-bleu-cote-droit.jpg, https://www.go2roues.com/wp-content/uploads/2019/06/askoll-es2-bleu-trois-quart-arriere-droit.jpg, https://www.go2roues.com/wp-content/uploads/2019/06/askoll-es2-bleu-vue-arriere.jpg, https://www.go2roues.com/wp-content/uploads/2019/06/askoll-es2-bleu-trois-quart-arriere-gauche.jpg, https://www.go2roues.com/wp-content/uploads/2019/06/askoll-es2-bleu-cote-gauche.jpg, https://www.go2roues.com/wp-content/uploads/2019/06/askoll-es2-bleu-trois-quart-face-gauche.jpg, https://www.go2roues.com/wp-content/uploads/2019/06/askoll-es2-bleu-vue-devant.jpg, https://www.go2roues.com/wp-content/uploads/2019/06/askoll-es2-bleu-compteur.jpg, https://www.go2roues.com/wp-content/uploads/2019/06/askoll-es2-bleu-cote-gauche-centre-gros-plan.jpg",,Colore,,1,1,Finitura,,1,1,Askoll
variation,asko-es2-bleu,Askoll eS2 - bleu,1,visible,,,2990.00,,yes,no,,,https://www.go2roues.com/wp-content/uploads/2019/06/askoll-es2-bleu-trois-quart-face-droit.jpg,www-go2roues-com-shop-askoll-es2,Colore,Blu,,,Finitura,,,,Askoll
variation,asko-es2-gris,Askoll eS2 - gris,1,visible,,,2990.00,,yes,no,,,https://www.go2roues.com/wp-content/uploads/2019/06/askoll-es2-gris-1500.jpg,www-go2roues-com-shop-askoll-es2,Colore,Grigio,,,Finitura,,,,Askoll
variation,asko-es2-noir,Askoll eS2 - noir,1,visible,,,2990.00,,yes,no,,,https://www.go2roues.com/wp-content/uploads/2019/06/askoll-es2-noir-1500.jpg,www-go2roues-com-shop-askoll-es2,Colore,Nero,,,Finitura,,,,Askoll
variation,asko-es2-rouge,Askoll eS2 - rouge,1,visible,,,2990.00,,yes,no,,,https://www.go2roues.com/wp-content/uploads/2019/06/askoll-es1-rouge.jpg,www-go2roues-com-shop-askoll-es2,Colore,Rosso,,,Finitura,,,,Askoll
variable,www-go2roues-com-shop-askoll-es3,Askoll eS3,1,visible,<p><strong>Askoll eS3</strong> di Askoll. <em>Venduto da Distribuzione Import Export S.R.L.</em>.</p><ul><li>Autonomia dichiarata: 100 km</li><li>Tempo di ricarica: 6 h</li><li>Peso: 90 kg</li></ul>,"<h2>Panoramica</h2><p>Contenuto riscritto e ottimizzato per una boutique italiana: informazioni chiare, valori tecnici organizzati e testo pensato per aiutare la decisione d'acquisto.</p><p><strong>Venditore:</strong> Distribuzione Import Export S.R.L.</p><p><strong>Categoria:</strong> Scooter elettrici > 125</p><h2>Scheda tecnica</h2><h3>Moteur</h3><table><tr><th>Equivalenza cilindrata</th><td>Équivalent 125 cm3</td></tr><tr><th>Potenza massima</th><td>2 700 W</td></tr><tr><th>Potenza motore</th><td>2 700 W</td></tr></table><h3>Batterie</h3><table><tr><th>Autonomia</th><td>100 km</td></tr><tr><th>Batteria rimovibile</th><td>Si</td></tr><tr><th>Caricatore incluso</th><td>Si</td></tr><tr><th>Capacita batteria</th><td>2.82 kWh</td></tr><tr><th>Tempo di ricarica</th><td>6 h</td></tr><tr><th>Tipo di batteria</th><td>Lithium</td></tr></table><h3>Chassis</h3><table><tr><th>Garde au sol minimale</th><td>150 mm</td></tr><tr><th>Hauteur de selle</th><td>760 mm</td></tr><tr><th>Hauteur hors tout</th><td>1 130 mm</td></tr><tr><th>Largeur hors tout</th><td>735 mm</td></tr><tr><th>Longueur hors tout</th><td>1 245 mm</td></tr></table><h3>Partie Cycle</h3><table><tr><th>Modes de conduites</th><td>3</td></tr><tr><th>Rangement casque sous la selle</th><td>No</td></tr><tr><th>Categoria omologazione</th><td>L3e</td></tr><tr><th>Code National</th><td>MTL</td></tr><tr><th>Couleur</th><td>Blanc, Gris, Noir, Rouge</td></tr><tr><th>Dimensioni</th><td>175 × 70 × 113 cm</td></tr><tr><th>Marque</th><td>Askoll</td></tr><tr><th>Modèle</th><td>eS3</td></tr><tr><th>Patente</th><td>Permis B + Formation 7h, Permis moto</td></tr><tr><th>Peso in ordine di marcia</th><td>90 kg</td></tr></table><h2>Note</h2><p>Disponibilita, prezzi e varianti possono variare. Si consiglia di verificare la configurazione selezionata prima dell'acquisto.</p>",,,,,Scooter elettrici > 125,,"https://www.go2roues.com/wp-content/uploads/2019/06/askoll-es3-rouge-trois-quart-face-droit.jpg, https://www.go2roues.com/wp-content/uploads/2019/06/askoll-es3-blanc-1.jpg, https://www.go2roues.com/wp-content/uploads/2019/06/askoll-es3-noir-1.jpg, https://www.go2roues.com/wp-content/uploads/2019/06/askoll-es3-gris-cote.jpg, https://www.go2roues.com/wp-content/uploads/2019/06/askoll-es3-rouge-cote-droit.jpg, https://www.go2roues.com/wp-content/uploads/2019/06/askoll-es3-rouge-trois-quart-arriere-droit.jpg, https://www.go2roues.com/wp-content/uploads/2019/06/askoll-es3-rouge-vue-arriere.jpg, https://www.go2roues.com/wp-content/uploads/2019/06/askoll-es3-rouge-trois-quart-arriere-gauche.jpg, https://www.go2roues.com/wp-content/uploads/2019/06/askoll-es3-rouge-cote-gauche.jpg, https://www.go2roues.com/wp-content/uploads/2019/06/askoll-es3-rouge-trois-quart-face-gauche.jpg, https://www.go2roues.com/wp-content/uploads/2019/06/askoll-es3-rouge-vue-devant.jpg",,Colore,,1,1,Finitura,,1,1,Askoll
variation,asko-es3-gris,Askoll eS3 - gris,1,visible,,,3590.00,,yes,no,,,https://www.go2roues.com/wp-content/uploads/2019/06/askoll-es3-gris-cote.jpg,www-go2roues-com-shop-askoll-es3,Colore,Grigio,,,Finitura,,,,Askoll
variation,asko-es3-blanc,Askoll eS3 - blanc,1,visible,,,3590.00,,yes,no,,,https://www.go2roues.com/wp-content/uploads/2019/06/askoll-es3-blanc-1.jpg,www-go2roues-com-shop-askoll-es3,Colore,Bianco,,,Finitura,,,,Askoll
variation,asko-es3-noir,Askoll eS3 - noir,1,visible,,,3590.00,,yes,no,,,https://www.go2roues.com/wp-content/uploads/2019/06/askoll-es3-noir-1.jpg,www-go2roues-com-shop-askoll-es3,Colore,Nero,,,Finitura,,,,Askoll
variation,asko-es3-rouge,Askoll eS3 - rouge,1,visible,,,3590.00,,yes,no,,,https://www.go2roues.com/wp-content/uploads/2019/06/askoll-es3-rouge-trois-quart-face-droit.jpg,www-go2roues-com-shop-askoll-es3,Colore,Rosso,,,Finitura,,,,Askoll
simple,bmw-c-evolution,BMW C-Evolution,1,visible,<p><strong>BMW C-Evolution</strong> . <em>Venduto da Distribuzione Import Export S.R.L.</em>.</p><ul><li>Autonomia dichiarata: 130 km</li><li>Tempo di ricarica: 4.5 h</li><li>Peso: 275 kg</li></ul>,"<h2>Panoramica</h2><p>Contenuto riscritto e ottimizzato per una boutique italiana: informazioni chiare, valori tecnici organizzati e testo pensato per aiutare la decisione d'acquisto.</p><p><strong>Venditore:</strong> Distribuzione Import Export S.R.L.</p><p><strong>Categoria:</strong> Scooter elettrici > Maxi scooter</p><h2>Scheda tecnica</h2><h3>Moteur</h3><table><tr><th>Equivalenza cilindrata</th><td>Équivalent 125 cm3</td></tr><tr><th>Potenza massima</th><td>19 000 W</td></tr><tr><th>Potenza motore</th><td>19 000 W</td></tr></table><h3>Batterie</h3><table><tr><th>Autonomia</th><td>130 km</td></tr><tr><th>Batteria rimovibile</th><td>Si</td></tr><tr><th>Caricatore incluso</th><td>Si</td></tr><tr><th>Capacita batteria</th><td>11.3 kWh</td></tr><tr><th>Tempo di ricarica</th><td>4.5 h</td></tr><tr><th>Tipo di batteria</th><td>Lithium</td></tr></table><h3>Chassis</h3><table><tr><th>Empattement</th><td>1 610 mm</td></tr><tr><th>Largeur hors tout</th><td>955 mm</td></tr><tr><th>Longueur hors tout</th><td>2 190 mm</td></tr></table><h3>Partie Cycle</h3><table><tr><th>Rangement casque sous la selle</th><td>Si</td></tr><tr><th>Categoria omologazione</th><td>L3e</td></tr><tr><th>Code National</th><td>MTL</td></tr><tr><th>Couleur</th><td>Mineral grey metallic</td></tr><tr><th>Dimensioni</th><td>219 × 94 × 125 cm</td></tr><tr><th>Marque</th><td>BMW</td></tr><tr><th>Modèle</th><td>C Evolution</td></tr><tr><th>Patente</th><td>Permis B + Formation 7h, Permis moto</td></tr><tr><th>Peso in ordine di marcia</th><td>275 kg</td></tr></table><h2>Note</h2><p>Disponibilita, prezzi e varianti possono variare. Si consiglia di verificare la configurazione selezionata prima dell'acquisto.</p>",16200.00,,yes,no,Scooter elettrici > Maxi scooter,,https://www.go2roues.com/wp-content/uploads/2019/06/BMW-CEVO-GRIS.jpg,,,,,,,,,,
variable,www-go2roues-com-shop-orcal-ecooter-e1,Orcal ecooter E1,1,visible,<p><strong>Orcal ecooter E1</strong> di Orcal. <em>Venduto da Distribuzione Import Export S.R.L.</em>.</p><ul><li>Autonomia dichiarata: 70 km</li><li>Tempo di ricarica: 3 à 5 h</li><li>Peso: 9 kg</li></ul>,"<h2>Panoramica</h2><p>Contenuto riscritto e ottimizzato per una boutique italiana: informazioni chiare, valori tecnici organizzati e testo pensato per aiutare la decisione d'acquisto.</p><p><strong>Venditore:</strong> Distribuzione Import Export S.R.L.</p><p><strong>Categoria:</strong> Scooter elettrici > Sans Permis</p><h2>Scheda tecnica</h2><h3>Moteur</h3><table><tr><th>Couple maximal</th><td>130 Nm</td></tr><tr><th>Equivalenza cilindrata</th><td>Équivalent 50 cm3</td></tr><tr><th>Potenza massima</th><td>3 000 W</td></tr><tr><th>Potenza motore</th><td>3 000 W</td></tr></table><h3>Batterie</h3><table><tr><th>Autonomia</th><td>70 km</td></tr><tr><th>Batteria rimovibile</th><td>Si</td></tr><tr><th>Caricatore incluso</th><td>Si</td></tr><tr><th>Poids de la batterie</th><td>9 kg</td></tr><tr><th>Capacita batteria</th><td>1.9 kWh</td></tr><tr><th>Tempo di ricarica</th><td>3 à 5 h</td></tr><tr><th>Tipo di batteria</th><td>Lithium</td></tr></table><h3>Chassis</h3><table><tr><th>Empattement</th><td>1 150 mm</td></tr><tr><th>Garde au sol minimale</th><td>145 mm</td></tr><tr><th>Hauteur de selle</th><td>730 mm</td></tr><tr><th>Hauteur hors tout</th><td>1 075 mm</td></tr><tr><th>Largeur hors tout</th><td>645 mm</td></tr><tr><th>Longueur hors tout</th><td>1 750 mm</td></tr></table><h3>Partie Cycle</h3><table><tr><th>Modes de conduites</th><td>2</td></tr><tr><th>Rangement casque sous la selle</th><td>No</td></tr><tr><th>Categoria omologazione</th><td>L1e</td></tr><tr><th>Code National</th><td>CL</td></tr><tr><th>Couleur</th><td>Blanc, Noir, Noir Mat</td></tr><tr><th>Dimensioni</th><td>178 × 66 × 108 cm</td></tr><tr><th>Marque</th><td>Orcal</td></tr><tr><th>Modèle</th><td>ecooter E1</td></tr><tr><th>Patente</th><td>Sans permis</td></tr><tr><th>Peso in ordine di marcia</th><td>70 kg</td></tr></table><h2>Note</h2><p>Disponibilita, prezzi e varianti possono variare. Si consiglia di verificare la configurazione selezionata prima dell'acquisto.</p>",,,,,Scooter elettrici > Sans Permis,,"https://www.go2roues.com/wp-content/uploads/2019/03/orcal-ecooter-e1-noir-mat-trois-quart-face-droite.jpg, https://www.go2roues.com/wp-content/uploads/2019/03/orcal-ecooter-e1-noir-mat-cote-droit.jpg, https://www.go2roues.com/wp-content/uploads/2019/03/orcal-ecooter-e1-noir-mat-trois-quart-arriere-droit.jpg, https://www.go2roues.com/wp-content/uploads/2019/03/orcal-ecooter-e1-noir-mat-vue-arriere.jpg, https://www.go2roues.com/wp-content/uploads/2019/03/orcal-ecooter-e1-noir-mat-trois-quart-arriere-gauche.jpg, https://www.go2roues.com/wp-content/uploads/2019/03/orcal-ecooter-e1-noir-mat-cote-gauche.jpg, https://www.go2roues.com/wp-content/uploads/2019/03/orcal-ecooter-e1-noir-mat-trois-quart-face-gauche.jpg, https://www.go2roues.com/wp-content/uploads/2019/03/orcal-ecooter-e1-noir-mat-vue-devant.jpg, https://www.go2roues.com/wp-content/uploads/2019/03/ecooter-tableau-de-bord.jpg, https://www.go2roues.com/wp-content/uploads/2019/03/Orcal-e1-noir.jpg, https://www.go2roues.com/wp-content/uploads/2019/03/orcal-ecooter-e1-noir-mat-phare-avant.jpg, https://www.go2roues.com/wp-content/uploads/2019/03/orcal-ecooter-e1-noir-brillant-compteur.jpg, https://www.go2roues.com/wp-content/uploads/2019/03/orcal-ecooter-e1-noir-brillant-commodo-gauche.jpg, https://www.go2roues.com/wp-content/uploads/2019/03/orcal-ecooter-e1-noir-brillant-coffre-batterie.jpg, https://www.go2roues.com/wp-content/uploads/2019/03/orcal-ecooter-e1-blanc-disque-frein-arriere.jpg",,Colore,,1,1,Finitura,,1,1,Orcal
variation,orcaecooe1-blanc,Orcal ecooter E1 - blanc,1,visible,,,2995.00,,yes,notify,,,https://www.go2roues.com/wp-content/uploads/2019/03/orcal-ecooter-e1-blanc-trois-quart-face-droite.jpg,www-go2roues-com-shop-orcal-ecooter-e1,Colore,Bianco,,,Finitura,,,,Orcal
variation,orcaecooe1-noir-mat,Orcal ecooter E1 - noir-mat,1,visible,,,2995.00,,yes,notify,,,https://www.go2roues.com/wp-content/uploads/2019/03/orcal-ecooter-e1-noir-mat-trois-quart-face-droite.jpg,www-go2roues-com-shop-orcal-ecooter-e1,Colore,Noir Mat,,,Finitura,,,,Orcal
variable,www-go2roues-com-shop-orcal-ecooter-e1-r,Orcal ecooter E1-R,1,visible,<p><strong>Orcal ecooter E1-R</strong> di Orcal. <em>Venduto da Distribuzione Import Export S.R.L.</em>.</p><ul><li>Autonomia dichiarata: 120 km</li><li>Tempo di ricarica: 3 à 5 h</li><li>Peso: 12 kg</li></ul>,"<h2>Panoramica</h2><p>Contenuto riscritto e ottimizzato per una boutique italiana: informazioni chiare, valori tecnici organizzati e testo pensato per aiutare la decisione d'acquisto.</p><p><strong>Venditore:</strong> Distribuzione Import Export S.R.L.</p><p><strong>Categoria:</strong> Scooter elettrici > 125</p><h2>Scheda tecnica</h2><h3>Moteur</h3><table><tr><th>Couple maximal</th><td>165 Nm</td></tr><tr><th>Equivalenza cilindrata</th><td>Équivalent 125 cm3</td></tr><tr><th>Potenza massima</th><td>4 000 W</td></tr><tr><th>Potenza motore</th><td>4 000 W</td></tr></table><h3>Batterie</h3><table><tr><th>Autonomia</th><td>120 km</td></tr><tr><th>Batteria rimovibile</th><td>Si</td></tr><tr><th>Caricatore incluso</th><td>Si</td></tr><tr><th>Poids de la batterie</th><td>12 kg</td></tr><tr><th>Capacita batteria</th><td>2.56 kWh</td></tr><tr><th>Tempo di ricarica</th><td>3 à 5 h</td></tr><tr><th>Tipo di batteria</th><td>Lithium</td></tr></table><h3>Chassis</h3><table><tr><th>Empattement</th><td>1 300 mm</td></tr><tr><th>Garde au sol minimale</th><td>145 mm</td></tr><tr><th>Hauteur de selle</th><td>730 mm</td></tr><tr><th>Hauteur hors tout</th><td>1 075 mm</td></tr><tr><th>Largeur hors tout</th><td>645 mm</td></tr><tr><th>Longueur hors tout</th><td>1 750 mm</td></tr></table><h3>Partie Cycle</h3><table><tr><th>Rangement casque sous la selle</th><td>No</td></tr><tr><th>Categoria omologazione</th><td>L3e</td></tr><tr><th>Code National</th><td>MTL</td></tr><tr><th>Couleur</th><td>Gris Argenté, Noir Mat</td></tr><tr><th>Dimensioni</th><td>178 × 66 × 108 cm</td></tr><tr><th>Marque</th><td>Orcal</td></tr><tr><th>Modèle</th><td>ecooter E1-R</td></tr><tr><th>Patente</th><td>Permis B + Formation 7h, Permis moto</td></tr><tr><th>Peso in ordine di marcia</th><td>70 kg</td></tr></table><h2>Note</h2><p>Disponibilita, prezzi e varianti possono variare. Si consiglia di verificare la configurazione selezionata prima dell'acquisto.</p>",,,,,Scooter elettrici > 125,,"https://www.go2roues.com/wp-content/uploads/2019/03/orcal-E1R-trois-quart-face-droit.jpg, https://www.go2roues.com/wp-content/uploads/2019/03/orcal-E1R-cote-droit.jpg, https://www.go2roues.com/wp-content/uploads/2019/03/orcal-E1R-trois-quart-arriere-droit.jpg, https://www.go2roues.com/wp-content/uploads/2019/03/orcal-E1R-vue-arriere.jpg, https://www.go2roues.com/wp-content/uploads/2019/03/orcal-E1R-trois-quart-arriere-gauche-1.jpg, https://www.go2roues.com/wp-content/uploads/2019/03/orcal-E1R-cote-gauche.jpg, https://www.go2roues.com/wp-content/uploads/2019/03/orcal-E1R-trois-quart-face-gauche-1.jpg, https://www.go2roues.com/wp-content/uploads/2019/03/orcal-E1R-vue-devant.jpg, https://www.go2roues.com/wp-content/uploads/2019/03/orcal-E1R-tablier.jpg, https://www.go2roues.com/wp-content/uploads/2019/03/orcal-E1R-logo-orcal-arriere-gauche.jpg",,Colore,,1,1,Finitura,,1,1,Orcal
variation,orcaecooe1r-gris-argente,Orcal ecooter E1-R - gris-argente,1,visible,,,3695.00,,yes,no,,,https://www.go2roues.com/wp-content/uploads/2019/03/orcal-e1r-gris-argente-fond-blanc.jpg,www-go2roues-com-shop-orcal-ecooter-e1-r,Colore,Gris Argente,,,Finitura,,,,Orcal
variation,orcaecooe1r-noir-mat,Orcal ecooter E1-R - noir-mat,1,visible,,,3695.00,,yes,no,,,https://www.go2roues.com/wp-content/uploads/2019/03/orcal-E1R-trois-quart-face-droit.jpg,www-go2roues-com-shop-orcal-ecooter-e1-r,Colore,Noir Mat,,,Finitura,,,,Orcal
variable,www-go2roues-com-shop-doohan-itank-50,DOOHAN iTank 50,1,visible,<p><strong>DOOHAN iTank 50</strong> di Doohan. <em>Venduto da Distribuzione Import Export S.R.L.</em>.</p><ul><li>Autonomia dichiarata: 70 km</li><li>Peso: 99 kg</li></ul>,"<h2>Panoramica</h2><p>Contenuto riscritto e ottimizzato per una boutique italiana: informazioni chiare, valori tecnici organizzati e testo pensato per aiutare la decisione d'acquisto.</p><p><strong>Venditore:</strong> Distribuzione Import Export S.R.L.</p><p><strong>Categoria:</strong> Scooter elettrici > Scooter 3 Roues</p><h2>Scheda tecnica</h2><h3>Moteur</h3><table><tr><th>Couple maximal</th><td>150 Nm</td></tr><tr><th>Equivalenza cilindrata</th><td>Équivalent 50 cm3</td></tr><tr><th>Potenza massima</th><td>1 500 W</td></tr><tr><th>Potenza motore</th><td>1 500 W</td></tr></table><h3>Batterie</h3><table><tr><th>Autonomia</th><td>70 km</td></tr><tr><th>Batteria rimovibile</th><td>Si</td></tr><tr><th>Caricatore incluso</th><td>Si</td></tr><tr><th>Tipo di batteria</th><td>Lithium</td></tr></table><h3>Chassis</h3><table><tr><th>Empattement</th><td>1 249 mm</td></tr><tr><th>Garde au sol minimale</th><td>183 mm</td></tr><tr><th>Hauteur de selle</th><td>750 mm</td></tr><tr><th>Hauteur hors tout</th><td>1 030 mm</td></tr><tr><th>Largeur hors tout</th><td>730 mm</td></tr><tr><th>Longueur hors tout</th><td>1 780 mm</td></tr></table><h3>Partie Cycle</h3><table><tr><th>Categoria omologazione</th><td>L1e</td></tr><tr><th>Code National</th><td>CL</td></tr><tr><th>Couleur</th><td>Blanc, Noir, Rouge</td></tr><tr><th>Dimensioni</th><td>178 × 73 × 103 cm</td></tr><tr><th>Marque</th><td>Doohan</td></tr><tr><th>Modèle</th><td>Itank 50</td></tr><tr><th>Patente</th><td>Sans permis</td></tr><tr><th>Peso in ordine di marcia</th><td>99 kg</td></tr></table><h2>Note</h2><p>Disponibilita, prezzi e varianti possono variare. Si consiglia di verificare la configurazione selezionata prima dell'acquisto.</p>",,,,,Scooter elettrici > Scooter 3 Roues,,"https://www.go2roues.com/wp-content/uploads/2019/01/doohan-itank50-blanc-trois-quart-face-gauche.jpg, https://www.go2roues.com/wp-content/uploads/2019/01/doohan_itank_009.jpg, https://www.go2roues.com/wp-content/uploads/1970/01/rouge-coté.jpg, https://www.go2roues.com/wp-content/uploads/2019/01/doohan-itank50-blanc-cote-droit.jpg, https://www.go2roues.com/wp-content/uploads/2019/01/doohan-itank50-blanc-trois-quart-arriere-droit.jpg, https://www.go2roues.com/wp-content/uploads/1970/01/noir-arrière.jpg, https://www.go2roues.com/wp-content/uploads/2019/01/doohan-itank50-blanc-trois-quart-arriere-gauche.jpg, https://www.go2roues.com/wp-content/uploads/2019/01/doohan-itank50-blanc-cote-gauche.jpg, https://www.go2roues.com/wp-content/uploads/2019/01/doohan-itank50-blanc-phare.jpg, https://www.go2roues.com/wp-content/uploads/1970/01/blanc-tourne.jpg, https://www.go2roues.com/wp-content/uploads/1970/01/blanc-garde-au-sol.jpg, https://www.go2roues.com/wp-content/uploads/1970/01/affichage.jpg, https://www.go2roues.com/wp-content/uploads/2019/01/doohan-itank50-blanc-disque-arrière.jpg",,Colore,,1,1,Finitura,,1,1,Doohan
variation,doitsc99non50-blanc,DOOHAN iTank 50 - blanc,1,visible,,,2999.00,,yes,no,,,https://www.go2roues.com/wp-content/uploads/2019/01/doohan-itank50-blanc-trois-quart-face-gauche.jpg,www-go2roues-com-shop-doohan-itank-50,Colore,Bianco,,,Finitura,,,,Doohan
variation,di5-cn-noir,DOOHAN iTank 50 - noir,1,visible,,,2999.00,,yes,no,,,https://www.go2roues.com/wp-content/uploads/2019/01/doohan_itank_009.jpg,www-go2roues-com-shop-doohan-itank-50,Colore,Nero,,,Finitura,,,,Doohan
variation,di5-cr-rouge,DOOHAN iTank 50 - rouge,1,visible,,,2999.00,,yes,no,,,https://www.go2roues.com/wp-content/uploads/1970/01/rouge-coté.jpg,www-go2roues-com-shop-doohan-itank-50,Colore,Rosso,,,Finitura,,,,Doohan
variable,www-go2roues-com-shop-rider-1500w-frison,Rider 1500W,1,visible,<p><strong>Rider 1500W</strong> di Rider. <em>Venduto da Distribuzione Import Export S.R.L.</em>.</p><ul><li>Autonomia dichiarata: 55 km</li><li>Velocita massima: 45 km/h</li><li>Tempo di ricarica: 5 h</li><li>Peso: 65 kg</li></ul>,"<h2>Panoramica</h2><p>Contenuto riscritto e ottimizzato per una boutique italiana: informazioni chiare, valori tecnici organizzati e testo pensato per aiutare la decisione d'acquisto.</p><p><strong>Venditore:</strong> Distribuzione Import Export S.R.L.</p><p><strong>Categoria:</strong> Scooter elettrici > Sans Permis</p><h2>Scheda tecnica</h2><h3>Moteur</h3><table><tr><th>Couple maximal</th><td>95 Nm</td></tr><tr><th>Equivalenza cilindrata</th><td>Équivalent 50 cm3</td></tr><tr><th>Marque du moteur</th><td>Yuma</td></tr><tr><th>Potenza massima</th><td>2 500 W</td></tr><tr><th>Potenza motore</th><td>1 500 W</td></tr><tr><th>Transmission</th><td>Moteur intégré dans la roue arrière</td></tr><tr><th>Velocita massima</th><td>45 km/h</td></tr></table><h3>Batterie</h3><table><tr><th>Autonomia</th><td>55 km</td></tr><tr><th>Batteria rimovibile</th><td>Si</td></tr><tr><th>Caricatore incluso</th><td>Si</td></tr><tr><th>Intensité du chargeur</th><td>3A</td></tr><tr><th>Capacita batteria</th><td>1.4 kWh</td></tr><tr><th>Tempo di ricarica</th><td>5 h</td></tr><tr><th>Tipo di batteria</th><td>Lithium</td></tr><tr><th>Voltage & Ampérage de la Batterie</th><td>72V / 20Ah</td></tr></table><h3>Chassis</h3><table><tr><th>Charge maximale</th><td>150 kg</td></tr><tr><th>Empattement</th><td>1 280 mm</td></tr><tr><th>Garde au sol minimale</th><td>145 mm</td></tr><tr><th>Hauteur de selle</th><td>850 mm</td></tr><tr><th>Hauteur hors tout</th><td>1 130 mm</td></tr><tr><th>Largeur hors tout</th><td>700 mm</td></tr><tr><th>Longueur hors tout</th><td>1 800 mm</td></tr></table><h3>Partie Cycle</h3><table><tr><th>Amortisseur arrière réglable</th><td>Si</td></tr><tr><th>Amortisseur avant réglable</th><td>No</td></tr><tr><th>Type frein arrière</th><td>Disque</td></tr><tr><th>Type frein avant</th><td>Tambour</td></tr><tr><th>Freinage couplé</th><td>No</td></tr><tr><th>Freinage régénératif</th><td>No</td></tr><tr><th>Homologué 2 places</th><td>Si</td></tr><tr><th>Marche Arrière</th><td>No</td></tr><tr><th>Prise USB</th><td>No</td></tr><tr><th>Rangement casque sous la selle</th><td>No</td></tr><tr><th>Categoria omologazione</th><td>L1e</td></tr><tr><th>Code National</th><td>CL</td></tr><tr><th>Couleur</th><td>Blanc brillant, Gris, Noir Mat</td></tr><tr><th>Dimensioni</th><td>180 × 70 × 110 cm</td></tr><tr><th>Marque</th><td>Rider</td></tr><tr><th>Modèle</th><td>1500W Frison</td></tr><tr><th>Patente</th><td>Sans permis</td></tr><tr><th>Peso in ordine di marcia</th><td>65 kg</td></tr></table><h2>Note</h2><p>Disponibilita, prezzi e varianti possono variare. Si consiglia di verificare la configurazione selezionata prima dell'acquisto.</p>",,,,,Scooter elettrici > Sans Permis,,"https://www.go2roues.com/wp-content/uploads/2018/09/rider-1500w-frison-2020-noir-mat-vue-trois-quart-face-droite-1.jpg, https://www.go2roues.com/wp-content/uploads/2018/09/rider-1500w-frison-2020-noir-mat-vue-cote-droit.jpg, https://www.go2roues.com/wp-content/uploads/2018/09/rider-1500w-frison-2020-noir-mat-vue-trois-quart-arriere-droit.jpg, https://www.go2roues.com/wp-content/uploads/2018/09/rider-1500w-frison-2020-noir-mat-vue-arriere.jpg, https://www.go2roues.com/wp-content/uploads/2018/09/rider-1500w-frison-2020-noir-mat-vue-trois-quart-arriere-gauche.jpg, https://www.go2roues.com/wp-content/uploads/2018/09/rider-1500w-frison-2020-noir-mat-vue-cote-gauche.jpg, https://www.go2roues.com/wp-content/uploads/2018/09/rider-1500w-frison-2020-noir-mat-vue-trois-quart-face-gauche-1.jpg, https://www.go2roues.com/wp-content/uploads/2018/09/rider-1500w-frison-2020-noir-mat-vue-devant.jpg, https://www.go2roues.com/wp-content/uploads/2018/09/rider-1500w-frison-2020-noir-mat-guidon-vue-gauche.jpg, https://www.go2roues.com/wp-content/uploads/2018/09/rider-1500w-frison-2020-noir-mat-poignee-gauche.jpg, https://www.go2roues.com/wp-content/uploads/2018/09/rider-1500w-frison-2020-noir-mat-roue-avant.jpg, https://www.go2roues.com/wp-content/uploads/2018/09/rider-1500w-frison-2020-noir-mat-vue-face-gros-plan-profil-gauche.jpg, https://www.go2roues.com/wp-content/uploads/2018/09/rider-1500w-frison-2020-noir-mat-vue-face-gros-plan-un.jpg, https://www.go2roues.com/wp-content/uploads/2018/09/rider-1500w-frison-2020-noir-mat-vue-trois-quart-arriere-gauche-selle.jpg",,Colore,,1,1,Finitura,,1,1,Rider
variation,r1f2-cbb-blanc-brillant,Rider 1500W - blanc-brillant,1,visible,,,2199.00,,yes,no,,,https://www.go2roues.com/wp-content/uploads/2018/09/rider-1500w-frison-2020-noir-mat-vue-trois-quart-face-droite-1.jpg,www-go2roues-com-shop-rider-1500w-frison,Colore,Blanc Brillant,,,Finitura,,,,Rider
variation,ri15sc6512n-noir-mat,Rider 1500W - noir-mat,1,visible,,,2199.00,,yes,no,,,https://www.go2roues.com/wp-content/uploads/2018/09/rider-1500w-frison-2020-noir-mat-vue-trois-quart-face-droite-1.jpg,www-go2roues-com-shop-rider-1500w-frison,Colore,Noir Mat,,,Finitura,,,,Rider
variable,www-go2roues-com-shop-silence-s03,Silence S03,1,visible,<p><strong>Silence S03</strong> di Silence. <em>Venduto da Distribuzione Import Export S.R.L.</em>.</p><ul><li>Autonomia dichiarata: 164 km</li><li>Tempo di ricarica: 5 h</li><li>Peso: 153 kg</li></ul>,"<h2>Panoramica</h2><p>Contenuto riscritto e ottimizzato per una boutique italiana: informazioni chiare, valori tecnici organizzati e testo pensato per aiutare la decisione d'acquisto.</p><p><strong>Venditore:</strong> Distribuzione Import Export S.R.L.</p><p><strong>Categoria:</strong> Scooter elettrici > Sans Permis</p><h2>Scheda tecnica</h2><h3>Moteur</h3><table><tr><th>Equivalenza cilindrata</th><td>Équivalent 50 ou 125 cm3</td></tr><tr><th>Potenza motore</th><td>4 000 W</td></tr></table><h3>Batterie</h3><table><tr><th>Autonomia</th><td>164 km</td></tr><tr><th>Batteria rimovibile</th><td>Si</td></tr><tr><th>Caricatore incluso</th><td>Si</td></tr><tr><th>Capacita batteria</th><td>4 kWh</td></tr><tr><th>Tempo di ricarica</th><td>5 h</td></tr><tr><th>Tipo di batteria</th><td>Lithium</td></tr></table><h3>Chassis</h3><table><tr><th>Hauteur hors tout</th><td>1 260 mm</td></tr><tr><th>Largeur hors tout</th><td>710 mm</td></tr><tr><th>Longueur hors tout</th><td>2 150 mm</td></tr></table><h3>Partie Cycle</h3><table><tr><th>Categoria omologazione</th><td>L1e, L3e</td></tr><tr><th>Code National</th><td>CL</td></tr><tr><th>Couleur</th><td>Blanc</td></tr><tr><th>Dimensioni</th><td>215 × 71 × 126 cm</td></tr><tr><th>Estimation de livraison de pré-commande</th><td>july 2020</td></tr><tr><th>Marque</th><td>Silence</td></tr><tr><th>Modèle</th><td>S03</td></tr><tr><th>Patente</th><td>Sans permis</td></tr><tr><th>Peso in ordine di marcia</th><td>153 kg</td></tr></table><h2>Note</h2><p>Disponibilita, prezzi e varianti possono variare. Si consiglia di verificare la configurazione selezionata prima dell'acquisto.</p>",,,,,Scooter elettrici > Sans Permis,,"https://www.go2roues.com/wp-content/uploads/2019/05/silence-s03-6.jpg, https://www.go2roues.com/wp-content/uploads/2019/05/Silence-S03-2.jpg, https://www.go2roues.com/wp-content/uploads/2019/05/silence-s03-5-.jpg, https://www.go2roues.com/wp-content/uploads/2019/05/silence-s03-3.jpg, https://www.go2roues.com/wp-content/uploads/2019/05/S03-WEB-OK-IMG_0071.jpg, https://www.go2roues.com/wp-content/uploads/2019/05/S03-IMG_0062-web-OK.jpg, https://www.go2roues.com/wp-content/uploads/2019/05/Silence-S03-WEB-OK.jpg",,Colore,,1,1,Finitura,,1,1,Silence
variation,silences03-l3e,Silence S03 - l3e,1,visible,,,11790.00,,yes,notify,,,https://www.go2roues.com/wp-content/uploads/2019/05/Silence-S03-2.jpg,www-go2roues-com-shop-silence-s03,Colore,,,,Finitura,,,,Silence
variation,silences03-l1e,Silence S03 - l1e,1,visible,,,11790.00,,yes,notify,,,https://www.go2roues.com/wp-content/uploads/2019/05/silence-s03-6.jpg,www-go2roues-com-shop-silence-s03,Colore,,,,Finitura,,,,Silence
variable,www-go2roues-com-shop-rider-9000w,Rider 9000W,1,visible,<p><strong>Rider 9000W</strong> di Rider. <em>Venduto da Distribuzione Import Export S.R.L.</em>.</p><ul><li>Autonomia dichiarata: 180 km</li><li>Tempo di ricarica: 4 h</li><li>Peso: 175 kg</li></ul>,"<h2>Panoramica</h2><p>Contenuto riscritto e ottimizzato per una boutique italiana: informazioni chiare, valori tecnici organizzati e testo pensato per aiutare la decisione d'acquisto.</p><p><strong>Venditore:</strong> Distribuzione Import Export S.R.L.</p><p><strong>Categoria:</strong> Scooter elettrici > 125</p><h2>Scheda tecnica</h2><h3>Moteur</h3><table><tr><th>Couple maximal</th><td>200 Nm</td></tr><tr><th>Equivalenza cilindrata</th><td>Équivalent 125 cm3</td></tr><tr><th>Potenza massima</th><td>17 000 W</td></tr><tr><th>Potenza motore</th><td>9 900 W</td></tr></table><h3>Batterie</h3><table><tr><th>Autonomia</th><td>180 km</td></tr><tr><th>Batteria rimovibile</th><td>No</td></tr><tr><th>Caricatore incluso</th><td>Si</td></tr><tr><th>Capacita batteria</th><td>6.4 kWh</td></tr><tr><th>Tempo di ricarica</th><td>4 h</td></tr><tr><th>Tipo di batteria</th><td>Lithium</td></tr></table><h3>Chassis</h3><table><tr><th>Empattement</th><td>1 600 mm</td></tr><tr><th>Garde au sol minimale</th><td>220 mm</td></tr><tr><th>Hauteur de selle</th><td>830 mm</td></tr><tr><th>Hauteur hors tout</th><td>1 450 mm</td></tr><tr><th>Largeur hors tout</th><td>950 mm</td></tr><tr><th>Longueur hors tout</th><td>2 160 mm</td></tr></table><h3>Partie Cycle</h3><table><tr><th>Rangement casque sous la selle</th><td>Si</td></tr><tr><th>Categoria omologazione</th><td>L3e</td></tr><tr><th>Code National</th><td>MTL</td></tr><tr><th>Couleur</th><td>Gris mat, Noir Mat, Noir brillant</td></tr><tr><th>Dimensioni</th><td>215 × 95 × 145 cm</td></tr><tr><th>Marque</th><td>Rider</td></tr><tr><th>Modèle</th><td>9000W</td></tr><tr><th>Patente</th><td>Permis B + Formation 7h, Permis moto</td></tr><tr><th>Peso in ordine di marcia</th><td>175 kg</td></tr></table><h2>Note</h2><p>Disponibilita, prezzi e varianti possono variare. Si consiglia di verificare la configurazione selezionata prima dell'acquisto.</p>",,,,,Scooter elettrici > 125,,"https://www.go2roues.com/wp-content/uploads/2019/12/rider-9000w-noir-mat-trois-quart-face-droit.jpg, https://www.go2roues.com/wp-content/uploads/2018/09/rider-9000w-noir-brillant-trois-quart-face-droit.jpg, https://www.go2roues.com/wp-content/uploads/2019/12/rider-9000w-noir-mat-cote-droit-1.jpg, https://www.go2roues.com/wp-content/uploads/2018/09/rider-9000w-noir-mat-trois-quart-arriere-droit.jpg, https://www.go2roues.com/wp-content/uploads/2018/09/rider-9000w-noir-mat-vue-arriere.jpg, https://www.go2roues.com/wp-content/uploads/2018/09/rider-9000w-noir-mat-trois-quart-arriere-gauche.jpg, https://www.go2roues.com/wp-content/uploads/2019/12/rider-9000w-noir-mat-cote-gauche.jpg, https://www.go2roues.com/wp-content/uploads/2019/12/rider-9000w-noir-mat-trois-quart-face-gauche.jpg, https://www.go2roues.com/wp-content/uploads/2018/09/rider-9000w-noir-mat-vue-devant.jpg, https://www.go2roues.com/wp-content/uploads/2018/09/rider-9000w-noir-mat-phare.jpg, https://www.go2roues.com/wp-content/uploads/2018/09/rider-9000w-moteur-disque-frein-arriere.jpg, https://www.go2roues.com/wp-content/uploads/2018/09/rider-9000w-compteur-un.jpg, https://www.go2roues.com/wp-content/uploads/2018/09/rider-9000w-commodo-droit.jpg, https://www.go2roues.com/wp-content/uploads/2018/09/rider-9000w-coffre.jpg, https://www.go2roues.com/wp-content/uploads/2018/09/rider-9000w-clef-tablier-deux.jpg",,Colore,,1,1,Finitura,,1,1,Rider
variation,rid9000wg2r-noir-mat,Rider 9000W - noir-mat,1,visible,,,8490.00,,yes,no,,,https://www.go2roues.com/wp-content/uploads/2019/12/rider-9000w-noir-mat-trois-quart-face-droit.jpg,www-go2roues-com-shop-rider-9000w,Colore,Noir Mat,,,Finitura,,,,Rider
variation,rid9000wg2r-noir-brillant,Rider 9000W - noir-brillant,1,visible,,,8490.00,,yes,no,,,https://www.go2roues.com/wp-content/uploads/2018/09/rider-9000w-noir-brillant-trois-quart-face-droit.jpg,www-go2roues-com-shop-rider-9000w,Colore,Noir Brillant,,,Finitura,,,,Rider
variable,www-go2roues-com-shop-yadea-z3,Yadea Z3,1,visible,<p><strong>Yadea Z3</strong> di Yadea. <em>Venduto da Distribuzione Import Export S.R.L.</em>.</p><ul><li>Autonomia dichiarata: 70 km</li><li>Tempo di ricarica: 3 h</li><li>Peso: 10 kg</li></ul>,"<h2>Panoramica</h2><p>Contenuto riscritto e ottimizzato per una boutique italiana: informazioni chiare, valori tecnici organizzati e testo pensato per aiutare la decisione d'acquisto.</p><p><strong>Venditore:</strong> Distribuzione Import Export S.R.L.</p><p><strong>Categoria:</strong> Scooter elettrici > Sans Permis</p><h2>Scheda tecnica</h2><h3>Moteur</h3><table><tr><th>Couple maximal</th><td>46 Nm</td></tr><tr><th>Equivalenza cilindrata</th><td>Équivalent 50 cm3</td></tr><tr><th>Potenza massima</th><td>2 500 W</td></tr><tr><th>Potenza motore</th><td>1 500 W</td></tr></table><h3>Batterie</h3><table><tr><th>Autonomia</th><td>70 km</td></tr><tr><th>Batteria rimovibile</th><td>Si</td></tr><tr><th>Caricatore incluso</th><td>Si</td></tr><tr><th>Poids de la batterie</th><td>10 kg</td></tr><tr><th>Capacita batteria</th><td>1.56 kWh</td></tr><tr><th>Tempo di ricarica</th><td>3 h</td></tr><tr><th>Tipo di batteria</th><td>Lithium</td></tr></table><h3>Chassis</h3><table><tr><th>Empattement</th><td>1 310 mm</td></tr><tr><th>Garde au sol minimale</th><td>460 mm</td></tr><tr><th>Hauteur de selle</th><td>800 mm</td></tr><tr><th>Hauteur hors tout</th><td>1 070 mm</td></tr><tr><th>Largeur hors tout</th><td>750 mm</td></tr><tr><th>Longueur hors tout</th><td>1 810 mm</td></tr></table><h3>Partie Cycle</h3><table><tr><th>Rangement casque sous la selle</th><td>No</td></tr><tr><th>Categoria omologazione</th><td>L1e</td></tr><tr><th>Code National</th><td>CL</td></tr><tr><th>Couleur</th><td>Blanc, Noir</td></tr><tr><th>Dimensioni</th><td>180 × 75 × 107 cm</td></tr><tr><th>Marque</th><td>Yadea</td></tr><tr><th>Modèle</th><td>Z3</td></tr><tr><th>Patente</th><td>Sans permis</td></tr><tr><th>Peso in ordine di marcia</th><td>90 kg</td></tr></table><h2>Note</h2><p>Disponibilita, prezzi e varianti possono variare. Si consiglia di verificare la configurazione selezionata prima dell'acquisto.</p>",,,,,Scooter elettrici > Sans Permis,,"https://www.go2roues.com/wp-content/uploads/1970/01/Z3_blanc_petit.jpg, https://www.go2roues.com/wp-content/uploads/1970/01/Z3-blanc.jpg, https://www.go2roues.com/wp-content/uploads/1970/01/phares_led_Z3.jpg, https://www.go2roues.com/wp-content/uploads/1970/01/moteur_Z3.jpg, https://www.go2roues.com/wp-content/uploads/1970/01/feux_arriere_Z3.jpg, https://www.go2roues.com/wp-content/uploads/1970/01/compteur_Z3.jpg",,Colore,,1,1,Finitura,,1,1,Yadea
variation,yaz3sc90non-1-blanc,Yadea Z3 - blanc,1,visible,,,2999.00,,yes,no,,,https://www.go2roues.com/wp-content/uploads/1970/01/Z3_blanc_petit.jpg,www-go2roues-com-shop-yadea-z3,Colore,Bianco,,,Finitura,,,,Yadea
variation,yaz3sc90non-1-noir,Yadea Z3 - noir,1,visible,,,2999.00,,yes,no,,,https://www.go2roues.com/wp-content/uploads/1970/01/z3_profil.jpg,www-go2roues-com-shop-yadea-z3,Colore,Nero,,,Finitura,,,,Yadea
variable,www-go2roues-com-shop-2twenty-roma,2Twenty Roma,1,visible,"<p><strong>2Twenty Roma</strong> di 2Twenty. <em>Venduto da Distribuzione Import Export S.R.L.</em>.</p><ul><li>Autonomia dichiarata: 50 km, 80 km</li><li>Velocita massima: 45 km/h, 80 km/h</li><li>Tempo di ricarica: 6 h</li><li>Peso: 11 kg</li></ul>","<h2>Panoramica</h2><p>Contenuto riscritto e ottimizzato per una boutique italiana: informazioni chiare, valori tecnici organizzati e testo pensato per aiutare la decisione d'acquisto.</p><p><strong>Venditore:</strong> Distribuzione Import Export S.R.L.</p><p><strong>Categoria:</strong> Scooter elettrici</p><h2>Scheda tecnica</h2><h3>Moteur</h3><table><tr><th>Equivalenza cilindrata</th><td>Équivalent 125 cm3, Équivalent 50 cm3</td></tr><tr><th>Marque du moteur</th><td>2Twenty</td></tr><tr><th>Potenza massima</th><td>4 800 W, 2 900 W</td></tr><tr><th>Potenza motore</th><td>4 800 W, 2 900 W</td></tr><tr><th>Transmission</th><td>Moteur intégré dans la roue arrière</td></tr><tr><th>Velocita massima</th><td>45 km/h, 80 km/h</td></tr></table><h3>Batterie</h3><table><tr><th>Autonomia</th><td>50 km, 80 km</td></tr><tr><th>Batteria rimovibile</th><td>Si</td></tr><tr><th>Caricatore incluso</th><td>Si</td></tr><tr><th>Poids de la batterie</th><td>11 kg</td></tr><tr><th>Capacita batteria</th><td>1.4 kWh</td></tr><tr><th>Tempo di ricarica</th><td>6 h</td></tr><tr><th>Tipo di batteria</th><td>Lithium</td></tr><tr><th>Voltage & Ampérage de la Batterie</th><td>72V / 20Ah, 72V / 20Ah x 2</td></tr></table><h3>Chassis</h3><table><tr><th>Charge maximale</th><td>150 kg</td></tr><tr><th>Empattement</th><td>1 390 mm</td></tr><tr><th>Garde au sol minimale</th><td>–</td></tr><tr><th>Hauteur de selle</th><td>–</td></tr><tr><th>Hauteur hors tout</th><td>1 100 mm</td></tr><tr><th>Largeur hors tout</th><td>765 mm</td></tr><tr><th>Longueur hors tout</th><td>1 910 mm</td></tr></table><h3>Partie Cycle</h3><table><tr><th>Amortisseur arrière réglable</th><td>No</td></tr><tr><th>Amortisseur avant réglable</th><td>No</td></tr><tr><th>Taille pneu arrière</th><td>3.5-10, 3.5-12</td></tr><tr><th>Taille pneu avant</th><td>3.5-10, 3.5-12</td></tr><tr><th>Taille roue arrière</th><td>10 pouces, 12 pouces</td></tr><tr><th>Taille roue avant</th><td>10 pouces, 12 pouces</td></tr><tr><th>Type frein arrière</th><td>Disque</td></tr><tr><th>Type frein avant</th><td>Disque</td></tr><tr><th>Alarme</th><td>Si</td></tr><tr><th>Freinage couplé</th><td>Non, Oui</td></tr><tr><th>Freinage régénératif</th><td>No</td></tr><tr><th>Homologué 2 places</th><td>Si</td></tr><tr><th>Marche Arrière</th><td>No</td></tr><tr><th>Prise USB</th><td>Si</td></tr><tr><th>Rangement casque sous la selle</th><td>No</td></tr><tr><th>Régulateur</th><td>No</td></tr><tr><th>Categoria omologazione</th><td>L1e, L3e</td></tr><tr><th>Code National</th><td>CL</td></tr><tr><th>Couleur</th><td>Bleu, Gris Argenté, Noir, Rouge</td></tr><tr><th>Dimensioni</th><td>191 × 76 × 110 cm</td></tr><tr><th>Marque</th><td>2Twenty</td></tr><tr><th>Modèle</th><td>2Twenty Roma 2900, 2Twenty Roma 4800</td></tr><tr><th>Patente</th><td>Permis B + Formation 7h, Sans permis</td></tr><tr><th>Peso in ordine di marcia</th><td>90 kg</td></tr></table><h2>Note</h2><p>Disponibilita, prezzi e varianti possono variare. Si consiglia di verificare la configurazione selezionata prima dell'acquisto.</p>",,,,,Scooter elettrici,,"https://www.go2roues.com/wp-content/uploads/2018/05/2twenty-roma-gris-argente-trois-quart-face-droite.jpg, https://www.go2roues.com/wp-content/uploads/2018/05/2twenty-roma-gris-argente-trois-quart-face-droite_1.jpg, https://www.go2roues.com/wp-content/uploads/2018/05/2twenty-roma-2900-4800-noir-trois-quart-face-droite.jpg, https://www.go2roues.com/wp-content/uploads/2018/05/2twenty-roma-2900-4800-rouge-trois-quart-face-droite.jpg, https://www.go2roues.com/wp-content/uploads/2018/05/2twenty-roma-gris-argente-cote-droit.jpg, https://www.go2roues.com/wp-content/uploads/2018/05/2twenty-roma-gris-argente-trois-quart-arriere-droit.jpg, https://www.go2roues.com/wp-content/uploads/2018/05/2twenty-roma-gris-argente-vue-arriere.jpg, https://www.go2roues.com/wp-content/uploads/2018/05/2twenty-roma-gris-argente-trois-quart-arriere-gauche.jpg, https://www.go2roues.com/wp-content/uploads/2018/05/2twenty-roma-gris-argente-cote-gauche.jpg, https://www.go2roues.com/wp-content/uploads/2018/05/2twenty-roma-gris-argente-trois-quart-face-gauche.jpg, https://www.go2roues.com/wp-content/uploads/2018/05/2twenty-roma-gris-argente-vue-devant.jpg, https://www.go2roues.com/wp-content/uploads/2018/05/2twenty-roma-bleu-compteur.jpg, https://www.go2roues.com/wp-content/uploads/2018/05/2twenty-roma-gris-argente-phare.jpg, https://www.go2roues.com/wp-content/uploads/2018/05/2twenty-roma-gris-argente-disque-arriere.jpg, https://www.go2roues.com/wp-content/uploads/2018/05/2twenty-roma-gris-argente-commodo-gauche.jpg",,Colore,,1,1,Finitura,,1,1,2Twenty
variation,2trosc80elg-1-gris-argente-80-km-h,2Twenty Roma - gris-argente / 80-km-h,1,visible,,,4990.00,,yes,notify,,,https://www.go2roues.com/wp-content/uploads/2018/05/2twenty-roma-gris-argente-trois-quart-face-droite.jpg,www-go2roues-com-shop-2twenty-roma,Colore,Gris Argente,,,Finitura,,,,2Twenty
variation,2trosc80elg-1-bleu-80-km-h,2Twenty Roma - bleu / 80-km-h,1,visible,,,4990.00,,yes,notify,,,https://www.go2roues.com/wp-content/uploads/2018/05/2twenty-roma-gris-argente-trois-quart-face-droite_1.jpg,www-go2roues-com-shop-2twenty-roma,Colore,Blu,,,Finitura,,,,2Twenty
variation,2trosc80elg-1-noir-80-km-h,2Twenty Roma - noir / 80-km-h,1,visible,,,4990.00,,yes,notify,,,https://www.go2roues.com/wp-content/uploads/2018/05/2twenty-roma-2900-4800-noir-trois-quart-face-droite.jpg,www-go2roues-com-shop-2twenty-roma,Colore,Nero,,,Finitura,,,,2Twenty
variation,2trosc80elg-1-rouge-80-km-h,2Twenty Roma - rouge / 80-km-h,1,visible,,,4990.00,,yes,notify,,,https://www.go2roues.com/wp-content/uploads/2018/05/2twenty-roma-2900-4800-rouge-trois-quart-face-droite.jpg,www-go2roues-com-shop-2twenty-roma,Colore,Rosso,,,Finitura,,,,2Twenty
variation,2trosc80elg-1-rouge-45-km-h,2Twenty Roma - rouge / 45-km-h,1,visible,,,3390.00,,yes,notify,,,https://www.go2roues.com/wp-content/uploads/2018/05/2twenty-roma-2900-4800-rouge-trois-quart-face-droite.jpg,www-go2roues-com-shop-2twenty-roma,Colore,Rosso,,,Finitura,,,,2Twenty
variation,2trosc80elg-1-noir-45-km-h,2Twenty Roma - noir / 45-km-h,1,visible,,,3390.00,,yes,notify,,,https://www.go2roues.com/wp-content/uploads/2018/05/2twenty-roma-2900-4800-noir-trois-quart-face-droite.jpg,www-go2roues-com-shop-2twenty-roma,Colore,Nero,,,Finitura,,,,2Twenty
variation,2trosc80elg-1-bleu-45-km-h,2Twenty Roma - bleu / 45-km-h,1,visible,,,3390.00,,yes,notify,,,https://www.go2roues.com/wp-content/uploads/2018/05/2twenty-roma-gris-argente-trois-quart-face-droite_1.jpg,www-go2roues-com-shop-2twenty-roma,Colore,Blu,,,Finitura,,,,2Twenty
variation,2trosc80elg-1-gris-argente-45-km-h,2Twenty Roma - gris-argente / 45-km-h,1,visible,,,3390.00,,yes,notify,,,https://www.go2roues.com/wp-content/uploads/2018/05/2twenty-roma-gris-argente-trois-quart-face-droite.jpg,www-go2roues-com-shop-2twenty-roma,Colore,Gris Argente,,,Finitura,,,,2Twenty
variable,www-go2roues-com-shop-doohan-itank-125,Doohan iTank 125,1,visible,<p><strong>Doohan iTank 125</strong> di Doohan. <em>Venduto da Distribuzione Import Export S.R.L.</em>.</p><ul><li>Autonomia dichiarata: 65 km</li><li>Peso: 99 kg</li></ul>,"<h2>Panoramica</h2><p>Contenuto riscritto e ottimizzato per una boutique italiana: informazioni chiare, valori tecnici organizzati e testo pensato per aiutare la decisione d'acquisto.</p><p><strong>Venditore:</strong> Distribuzione Import Export S.R.L.</p><p><strong>Categoria:</strong> Scooter elettrici > Scooter 3 Roues</p><h2>Scheda tecnica</h2><h3>Moteur</h3><table><tr><th>Couple maximal</th><td>150 Nm</td></tr><tr><th>Equivalenza cilindrata</th><td>Équivalent 125 cm3</td></tr><tr><th>Potenza massima</th><td>3 600 W</td></tr><tr><th>Potenza motore</th><td>3 600 W</td></tr></table><h3>Batterie</h3><table><tr><th>Autonomia</th><td>65 km</td></tr><tr><th>Batteria rimovibile</th><td>Si</td></tr><tr><th>Caricatore incluso</th><td>Si</td></tr><tr><th>Tipo di batteria</th><td>Lithium</td></tr></table><h3>Chassis</h3><table><tr><th>Empattement</th><td>1 249 mm</td></tr><tr><th>Garde au sol minimale</th><td>183 mm</td></tr><tr><th>Hauteur de selle</th><td>750 mm</td></tr><tr><th>Hauteur hors tout</th><td>1 030 mm</td></tr><tr><th>Largeur hors tout</th><td>730 mm</td></tr><tr><th>Longueur hors tout</th><td>1 780 mm</td></tr></table><h3>Partie Cycle</h3><table><tr><th>Categoria omologazione</th><td>L5e</td></tr><tr><th>Code National</th><td>TM</td></tr><tr><th>Couleur</th><td>Blanc, Noir, Rouge</td></tr><tr><th>Dimensioni</th><td>178 × 73 × 103 cm</td></tr><tr><th>Marque</th><td>Doohan</td></tr><tr><th>Modèle</th><td>iTank 125</td></tr><tr><th>Patente</th><td>Permis B</td></tr><tr><th>Peso in ordine di marcia</th><td>99 kg</td></tr></table><h2>Note</h2><p>Disponibilita, prezzi e varianti possono variare. Si consiglia di verificare la configurazione selezionata prima dell'acquisto.</p>",,,,,Scooter elettrici > Scooter 3 Roues,,"https://www.go2roues.com/wp-content/uploads/2019/01/doohan-itank50-blanc-trois-quart-face-gauche.jpg, https://www.go2roues.com/wp-content/uploads/1970/01/noir-coté-1.jpg, https://www.go2roues.com/wp-content/uploads/1970/01/rouge-coté.jpg, https://www.go2roues.com/wp-content/uploads/2019/01/doohan-itank50-blanc-cote-droit.jpg, https://www.go2roues.com/wp-content/uploads/2019/01/doohan-itank50-blanc-trois-quart-arriere-droit.jpg, https://www.go2roues.com/wp-content/uploads/2019/01/doohan-itank50-blanc-vue-arriere.jpg, https://www.go2roues.com/wp-content/uploads/2019/01/doohan-itank50-blanc-trois-quart-arriere-gauche.jpg, https://www.go2roues.com/wp-content/uploads/2019/01/doohan-itank50-blanc-cote-gauche.jpg, https://www.go2roues.com/wp-content/uploads/1970/01/blanc-tourne.jpg, https://www.go2roues.com/wp-content/uploads/1970/01/blanc-garde-au-sol.jpg, https://www.go2roues.com/wp-content/uploads/1970/01/Battery.jpg, https://www.go2roues.com/wp-content/uploads/1970/01/affichage.jpg, https://www.go2roues.com/wp-content/uploads/1970/01/a-elec-itank-luggageOK.jpg, https://www.go2roues.com/wp-content/uploads/2019/01/doohan-itank50-blanc-phare.jpg, https://www.go2roues.com/wp-content/uploads/2019/01/doohan-itank50-blanc-disque-arrière.jpg",,Colore,,1,1,Finitura,,1,1,Doohan
variation,doitsc99non-blanc,Doohan iTank 125 - blanc,1,visible,,,3999.00,,yes,no,,,https://www.go2roues.com/wp-content/uploads/2019/01/doohan-itank50-blanc-trois-quart-face-gauche.jpg,www-go2roues-com-shop-doohan-itank-125,Colore,Bianco,,,Finitura,,,,Doohan
variation,di1-cn-noir,Doohan iTank 125 - noir,1,visible,,,3999.00,,yes,no,,,https://www.go2roues.com/wp-content/uploads/1970/01/noir-coté-1.jpg,www-go2roues-com-shop-doohan-itank-125,Colore,Nero,,,Finitura,,,,Doohan
variation,di1-cr-rouge,Doohan iTank 125 - rouge,1,visible,,,3999.00,,yes,no,,,https://www.go2roues.com/wp-content/uploads/1970/01/rouge-coté.jpg,www-go2roues-com-shop-doohan-itank-125,Colore,Rosso,,,Finitura,,,,Doohan
simple,niu-nqi-gt-cargo,Niu NQi GT Cargo,1,visible,"<p><strong>Niu NQi GT Cargo</strong> . <em>Venduto da Distribuzione Import Export S.R.L.</em>.</p><ul><li>Autonomia dichiarata: 90 km, 120 km</li><li>Velocita massima: 70 km/h</li><li>Tempo di ricarica: 5 à 7 h</li><li>Peso: 11 kg par batterie</li></ul>","<h2>Panoramica</h2><p>Contenuto riscritto e ottimizzato per una boutique italiana: informazioni chiare, valori tecnici organizzati e testo pensato per aiutare la decisione d'acquisto.</p><p><strong>Venditore:</strong> Distribuzione Import Export S.R.L.</p><p><strong>Categoria:</strong> Scooter elettrici</p><h2>Scheda tecnica</h2><h3>Moteur</h3><table><tr><th>Couple maximal</th><td>42 Nm</td></tr><tr><th>Equivalenza cilindrata</th><td>Équivalent 125 cm3</td></tr><tr><th>Marque du moteur</th><td>Bosch</td></tr><tr><th>Potenza massima</th><td>3 500 W</td></tr><tr><th>Potenza motore</th><td>3 000 W</td></tr><tr><th>Transmission</th><td>Moteur intégré dans la roue arrière</td></tr><tr><th>Velocita massima</th><td>70 km/h</td></tr></table><h3>Batterie</h3><table><tr><th>Autonomia</th><td>90 km, 120 km</td></tr><tr><th>Batteria rimovibile</th><td>Si</td></tr><tr><th>Caricatore incluso</th><td>Si</td></tr><tr><th>Intensité du chargeur</th><td>5A (une batterie) / 10A (deux batteries)</td></tr><tr><th>Poids de la batterie</th><td>11 kg par batterie</td></tr><tr><th>Capacita batteria</th><td>1.56 kWh x 2, 2.1 kWh x 2</td></tr><tr><th>Tempo di ricarica</th><td>5 à 7 h</td></tr><tr><th>Tipo di batteria</th><td>Lithium</td></tr><tr><th>Voltage & Ampérage de la Batterie</th><td>60V / 26Ah x 2, 60V / 35Ah x 2</td></tr></table><h3>Chassis</h3><table><tr><th>Charge maximale</th><td>269 kg</td></tr><tr><th>Empattement</th><td>1 280 mm</td></tr><tr><th>Garde au sol minimale</th><td>145 mm</td></tr><tr><th>Hauteur de selle</th><td>760 mm</td></tr><tr><th>Hauteur hors tout</th><td>1 130 mm</td></tr><tr><th>Largeur hors tout</th><td>700 mm</td></tr><tr><th>Longueur hors tout</th><td>1 800 mm</td></tr></table><h3>Partie Cycle</h3><table><tr><th>Amortisseur arrière réglable</th><td>Si</td></tr><tr><th>Amortisseur avant réglable</th><td>No</td></tr><tr><th>Taille frein arrière</th><td>180 mm</td></tr><tr><th>Taille frein avant</th><td>220 mm</td></tr><tr><th>Taille pneu arrière</th><td>120/70-12</td></tr><tr><th>Taille pneu avant</th><td>90/90-12</td></tr><tr><th>Taille roue arrière</th><td>12 pouces</td></tr><tr><th>Taille roue avant</th><td>12 pouces</td></tr><tr><th>Type frein arrière</th><td>Disque</td></tr><tr><th>Type frein avant</th><td>Disque</td></tr><tr><th>Alarme</th><td>Si</td></tr><tr><th>Freinage couplé</th><td>Si</td></tr><tr><th>Freinage régénératif</th><td>Si</td></tr><tr><th>Homologué 2 places</th><td>No</td></tr><tr><th>Marche Arrière</th><td>No</td></tr><tr><th>Modes de conduites</th><td>3</td></tr><tr><th>Prise USB</th><td>Si</td></tr><tr><th>Rangement casque sous la selle</th><td>No</td></tr><tr><th>Régulateur</th><td>Si</td></tr><tr><th>Accélération</th><td>0 à 50 km/h en 6.8 secondes</td></tr><tr><th>Categoria omologazione</th><td>L3e</td></tr><tr><th>Code National</th><td>MTL</td></tr><tr><th>Couleur</th><td>Blanc</td></tr><tr><th>Dimensioni</th><td>180 × 70 × 113 cm</td></tr><tr><th>Marque</th><td>Niu</td></tr><tr><th>Modèle</th><td>NQi GT Cargo</td></tr><tr><th>Patente</th><td>Permis A1, Permis B + Formation 7h, Permis moto</td></tr><tr><th>Peso in ordine di marcia</th><td>116 kg</td></tr></table><h2>Note</h2><p>Disponibilita, prezzi e varianti possono variare. Si consiglia di verificare la configurazione selezionata prima dell'acquisto.</p>",0.00,,yes,no,Scooter elettrici,,"https://www.go2roues.com/wp-content/uploads/2019/05/niu-nqi-cargo-n-cargo-trois-quart-face-droit-1.jpg, https://www.go2roues.com/wp-content/uploads/2019/05/niu-nqi-cargo-n-cargo-cote-droit.jpg, https://www.go2roues.com/wp-content/uploads/2019/05/niu-nqi-cargo-n-cargo-quart-arriere-droit.jpg, https://www.go2roues.com/wp-content/uploads/2019/05/niu-nqi-cargo-n-cargo-vue-arriere.jpg, https://www.go2roues.com/wp-content/uploads/2019/05/niu-nqi-cargo-n-cargo-trois-quart-arriere-gauche.jpg, https://www.go2roues.com/wp-content/uploads/2019/05/niu-nqi-cargo-n-cargo-cote-gauche.jpg, https://www.go2roues.com/wp-content/uploads/2019/05/niu-nqi-cargo-n-cargo-trois-quart-face-gauche.jpg, https://www.go2roues.com/wp-content/uploads/2019/05/niu-nqi-cargo-n-cargo-vue-devant.jpg, https://www.go2roues.com/wp-content/uploads/2019/05/niu-nqi-cargo-n-cargo-phare.jpg, https://www.go2roues.com/wp-content/uploads/2019/05/NIU-NCARGO.jpg",,,,,,,,,,Niu
simple,niu-mqi-gt,NIU MQi GT – MQI GT100,1,visible,"<p><strong>NIU MQi GT – MQI GT100</strong> . <em>Venduto da Distribuzione Import Export S.R.L.</em>.</p><ul><li>Autonomia dichiarata: 80 km, 100 km</li><li>Velocita massima: 100 km/h, 70 km/h</li><li>Tempo di ricarica: Non</li><li>Peso: 11 kg par batterie</li></ul>","<h2>Panoramica</h2><p>Contenuto riscritto e ottimizzato per una boutique italiana: informazioni chiare, valori tecnici organizzati e testo pensato per aiutare la decisione d'acquisto.</p><p><strong>Venditore:</strong> Distribuzione Import Export S.R.L.</p><p><strong>Categoria:</strong> Scooter elettrici</p><h2>Punti di forza</h2><ul><li>À l’usage, le mode E-Save est très utile pour réaliser des manœuvres de parking à basse vitesse, que ce mode limite à 25 km/h.</li><li>Kilométrage instantané</li><li>Odomètre</li><li>État de charge des batteries</li><li>Mode sélectionné</li></ul><h2>Scheda tecnica</h2><h3>Moteur</h3><table><tr><th>Couple maximal</th><td>45 Nm</td></tr><tr><th>Equivalenza cilindrata</th><td>Équivalent 125 cm3, Équivalent 50 cm3</td></tr><tr><th>Marque du moteur</th><td>Bosch</td></tr><tr><th>Potenza massima</th><td>3 100 W, 6 000 W</td></tr><tr><th>Potenza motore</th><td>3 000 W, 5 000 W, 6 500 W</td></tr><tr><th>Transmission</th><td>Moteur intégré dans la roue arrière</td></tr><tr><th>Velocita massima</th><td>100 km/h, 70 km/h</td></tr></table><h3>Batterie</h3><table><tr><th>Autonomia</th><td>80 km, 100 km</td></tr><tr><th>Batteria rimovibile</th><td>Si</td></tr><tr><th>Caricatore incluso</th><td>Si</td></tr><tr><th>Intensité du chargeur</th><td>16A</td></tr><tr><th>Poids de la batterie</th><td>11 kg par batterie</td></tr><tr><th>Capacita batteria</th><td>1.48 kWh x 2, 1.87 kWh x 2</td></tr><tr><th>Recharge compatible T2</th><td>No</td></tr><tr><th>Tempo di ricarica</th><td>4 à 5 h</td></tr><tr><th>Tipo di batteria</th><td>Lithium</td></tr><tr><th>Voltage & Ampérage de la Batterie</th><td>48V / 31Ah x 2, 72V / 26Ah x 2</td></tr></table><h3>Chassis</h3><table><tr><th>Charge maximale</th><td>269 kg</td></tr><tr><th>Empattement</th><td>1 389 mm</td></tr><tr><th>Garde au sol minimale</th><td>180 mm</td></tr><tr><th>Hauteur de selle</th><td>816 mm</td></tr><tr><th>Hauteur hors tout</th><td>1 171 mm</td></tr><tr><th>Largeur hors tout</th><td>700 mm</td></tr><tr><th>Longueur hors tout</th><td>1 949 mm</td></tr></table><h3>Partie Cycle</h3><table><tr><th>Amortisseur arrière réglable</th><td>No</td></tr><tr><th>Amortisseur avant réglable</th><td>No</td></tr><tr><th>Taille frein arrière</th><td>180 mm</td></tr><tr><th>Taille frein avant</th><td>220 mm</td></tr><tr><th>Taille pneu arrière</th><td>110/80-14</td></tr><tr><th>Taille pneu avant</th><td>90/90-14</td></tr><tr><th>Taille roue arrière</th><td>14 pouces</td></tr><tr><th>Taille roue avant</th><td>14 pouces</td></tr><tr><th>Type frein arrière</th><td>Disque</td></tr><tr><th>Type frein avant</th><td>Disque</td></tr><tr><th>Alarme</th><td>Si</td></tr><tr><th>Freinage couplé</th><td>Si</td></tr><tr><th>Freinage régénératif</th><td>Si</td></tr><tr><th>Homologué 2 places</th><td>Si</td></tr><tr><th>Marche Arrière</th><td>No</td></tr><tr><th>Modes de conduites</th><td>3</td></tr><tr><th>Prise USB</th><td>Si</td></tr><tr><th>Rangement casque sous la selle</th><td>No</td></tr><tr><th>Régulateur</th><td>Si</td></tr><tr><th>Accélération</th><td>0 à 40 km/h en 6.2 secondes</td></tr><tr><th>Categoria omologazione</th><td>L3e</td></tr><tr><th>Code National</th><td>MTL</td></tr><tr><th>Couleur</th><td>Blanc mat, Orange mat, Gris, Gris mat, Noir, Noir Mat</td></tr><tr><th>Dimensioni</th><td>194 × 700 × 1171 cm</td></tr><tr><th>Marque</th><td>Niu</td></tr><tr><th>Modèle</th><td>MQi GT</td></tr><tr><th>Patente</th><td>Permis B + Formation 7h</td></tr><tr><th>Peso in ordine di marcia</th><td>115 kg</td></tr></table><h2>Note</h2><p>Disponibilita, prezzi e varianti possono variare. Si consiglia di verificare la configurazione selezionata prima dell'acquisto.</p>",0.00,,yes,no,Scooter elettrici,,"http://www.go2roues.com/wp-content/uploads/2020/12/niu-mqigt-noir-trois-quart-face-droit.jpg, https://www.go2roues.com/wp-content/uploads/2020/12/niu-mqigt-noir-trois-quart-face-droit.jpg, https://www.go2roues.com/wp-content/uploads/2020/12/niu-mqigt-blanc-trois-quart-face-droit.jpg, https://www.go2roues.com/wp-content/uploads/2020/12/niu-mqigt-gris-trois-quart-face-droit.jpg, https://www.go2roues.com/wp-content/uploads/2020/12/niu-mqigt-rouge-trois-quart-arriere-gauche2.jpg, https://www.go2roues.com/wp-content/uploads/2020/12/niu-mqigt-rouge-cote-gauche2.jpg, https://www.go2roues.com/wp-content/uploads/2020/12/niu-mqigt-rouge-vue-devant2.jpg, https://www.go2roues.com/wp-content/uploads/2020/12/niu-mqigt-compteur.jpg, https://www.go2roues.com/wp-content/uploads/2020/12/niu-mqigt-commodo-droit.jpg, https://www.go2roues.com/wp-content/uploads/2020/12/niu-mqigt-commodo-gauche.jpg, https://www.go2roues.com/wp-content/uploads/2020/12/niu-mqigt-selle-biplace-deux-places.jpg, https://www.go2roues.com/wp-content/uploads/2020/12/niu-mqigt-roue-avant-frein-disque-ebs-cbs.jpg, https://www.go2roues.com/wp-content/uploads/2020/12/niu-mqigt-roue-arriere-support-plaque.jpg, https://www.go2roues.com/wp-content/uploads/2020/12/niu-mqigt-cote-droit-gros-plan-avant.jpg, https://www.go2roues.com/wp-content/uploads/2020/12/niu-mqigt-application-4g-gps-antivol.jpg",,,,,,,,,,Niu
simple,niu-nqi-gts-pro,NIU NQi GTS Pro,1,visible,<p><strong>NIU NQi GTS Pro</strong> . <em>Venduto da Distribuzione Import Export S.R.L.</em>.</p><ul><li>Autonomia dichiarata: 130 km</li><li>Tempo di ricarica: 5 à 7 h</li><li>Peso: 2 x 11 kg</li></ul>,"<h2>Panoramica</h2><p>Contenuto riscritto e ottimizzato per una boutique italiana: informazioni chiare, valori tecnici organizzati e testo pensato per aiutare la decisione d'acquisto.</p><p><strong>Venditore:</strong> Distribuzione Import Export S.R.L.</p><p><strong>Categoria:</strong> Scooter elettrici > 125</p><h2>Scheda tecnica</h2><h3>Moteur</h3><table><tr><th>Couple maximal</th><td>42 Nm</td></tr><tr><th>Equivalenza cilindrata</th><td>Équivalent 125 cm3</td></tr><tr><th>Potenza motore</th><td>3 100 W</td></tr></table><h3>Batterie</h3><table><tr><th>Autonomia</th><td>130 km</td></tr><tr><th>Batteria rimovibile</th><td>Si</td></tr><tr><th>Caricatore incluso</th><td>Si</td></tr><tr><th>Poids de la batterie</th><td>2 x 11 kg</td></tr><tr><th>Capacita batteria</th><td>2.1 kWh x 2</td></tr><tr><th>Tempo di ricarica</th><td>5 à 7 h</td></tr><tr><th>Tipo di batteria</th><td>Lithium</td></tr></table><h3>Chassis</h3><table><tr><th>Empattement</th><td>1 325 mm</td></tr><tr><th>Garde au sol minimale</th><td>180 mm</td></tr><tr><th>Hauteur de selle</th><td>815 mm</td></tr><tr><th>Hauteur hors tout</th><td>1 223 mm</td></tr><tr><th>Largeur hors tout</th><td>740 mm</td></tr><tr><th>Longueur hors tout</th><td>1 890 mm</td></tr></table><h3>Partie Cycle</h3><table><tr><th>Modes de conduites</th><td>3</td></tr><tr><th>Rangement casque sous la selle</th><td>No</td></tr><tr><th>Categoria omologazione</th><td>L3e</td></tr><tr><th>Code National</th><td>MTL</td></tr><tr><th>Couleur</th><td>Blanc/Rouge, Noir/Rouge, Noir/Blanc</td></tr><tr><th>Dimensioni</th><td>189 × 74 × 122 cm</td></tr><tr><th>Marque</th><td>Niu</td></tr><tr><th>Modèle</th><td>NQi GTS Pro</td></tr><tr><th>Patente</th><td>Permis B + Formation 7h, Permis moto</td></tr><tr><th>Peso in ordine di marcia</th><td>112 kg</td></tr></table><h2>Note</h2><p>Disponibilita, prezzi e varianti possono variare. Si consiglia di verificare la configurazione selezionata prima dell'acquisto.</p>",0.00,,yes,no,Scooter elettrici > 125,,"https://www.go2roues.com/wp-content/uploads/2020/05/niu-nqi-gts-pro-blanc-rouge-trois-quart-face-droit2.jpg, https://www.go2roues.com/wp-content/uploads/2020/05/niu-nqi-gts-pro-blanc-rouge-cote-droit2.jpg, https://www.go2roues.com/wp-content/uploads/2020/03/niu-nqi-gts-sport-poste-de-pilotage.jpg, https://www.go2roues.com/wp-content/uploads/2020/03/niu-nqi-gts-sport-moteur.jpg, https://www.go2roues.com/wp-content/uploads/2020/03/niu-nqi-gts-sport-compteur.jpg, https://www.go2roues.com/wp-content/uploads/2020/03/niu-nqi-gts-sport-commodo-gauche.jpg, https://www.go2roues.com/wp-content/uploads/2020/03/niu-nqi-gts-sport-commodo-droit.jpg, https://www.go2roues.com/wp-content/uploads/2020/03/niu-nqi-gts-sport-tablier.jpg",,,,,,,,,,Niu
simple,niu-n-pro,NIU N-PRO (NQi PRO),1,visible,"<p><strong>NIU N-PRO (NQi PRO)</strong> . <em>Venduto da Distribuzione Import Export S.R.L.</em>.</p><ul><li>Autonomia dichiarata: 130 km</li><li>Velocita massima: 45 km/h</li><li>Tempo di ricarica: 3 h par batterie, 6 h</li><li>Peso: 11 kg</li></ul>","<h2>Panoramica</h2><p>Contenuto riscritto e ottimizzato per una boutique italiana: informazioni chiare, valori tecnici organizzati e testo pensato per aiutare la decisione d'acquisto.</p><p><strong>Venditore:</strong> Distribuzione Import Export S.R.L.</p><p><strong>Categoria:</strong> Scooter elettrici > Sans Permis</p><h2>Scheda tecnica</h2><h3>Moteur</h3><table><tr><th>Couple maximal</th><td>150 Nm</td></tr><tr><th>Equivalenza cilindrata</th><td>Équivalent 50 cm3</td></tr><tr><th>Marque du moteur</th><td>Bosch</td></tr><tr><th>Potenza massima</th><td>3 200 W</td></tr><tr><th>Potenza motore</th><td>3 000 W</td></tr><tr><th>Transmission</th><td>Moteur intégré dans la roue arrière</td></tr><tr><th>Velocita massima</th><td>45 km/h</td></tr></table><h3>Batterie</h3><table><tr><th>Autonomia</th><td>130 km</td></tr><tr><th>Batteria rimovibile</th><td>Si</td></tr><tr><th>Caricatore incluso</th><td>Si</td></tr><tr><th>Intensité du chargeur</th><td>5A (une batterie) / 10A (deux batteries)</td></tr><tr><th>Poids de la batterie</th><td>11 kg</td></tr><tr><th>Capacita batteria</th><td>2.1 kWh x 2</td></tr><tr><th>Tempo di ricarica</th><td>3 h par batterie, 6 h</td></tr><tr><th>Tipo di batteria</th><td>Lithium</td></tr><tr><th>Voltage & Ampérage de la Batterie</th><td>60V / 35Ah x 2</td></tr></table><h3>Chassis</h3><table><tr><th>Charge maximale</th><td>269 kg</td></tr><tr><th>Empattement</th><td>1 280 mm</td></tr><tr><th>Garde au sol minimale</th><td>145 mm</td></tr><tr><th>Hauteur de selle</th><td>740 mm</td></tr><tr><th>Hauteur hors tout</th><td>1 130 mm</td></tr><tr><th>Largeur hors tout</th><td>700 mm</td></tr><tr><th>Longueur hors tout</th><td>1 800 mm</td></tr></table><h3>Partie Cycle</h3><table><tr><th>Amortisseur arrière réglable</th><td>Si</td></tr><tr><th>Amortisseur avant réglable</th><td>No</td></tr><tr><th>Taille frein arrière</th><td>180 mm</td></tr><tr><th>Taille frein avant</th><td>220 mm</td></tr><tr><th>Taille pneu arrière</th><td>120/70-12</td></tr><tr><th>Taille pneu avant</th><td>90/90-12</td></tr><tr><th>Taille roue arrière</th><td>12 pouces</td></tr><tr><th>Taille roue avant</th><td>12 pouces</td></tr><tr><th>Type frein arrière</th><td>Disque</td></tr><tr><th>Type frein avant</th><td>Disque</td></tr><tr><th>Alarme</th><td>Si</td></tr><tr><th>Freinage couplé</th><td>Si</td></tr><tr><th>Freinage régénératif</th><td>Si</td></tr><tr><th>Homologué 2 places</th><td>Si</td></tr><tr><th>Marche Arrière</th><td>No</td></tr><tr><th>Modes de conduites</th><td>3</td></tr><tr><th>Prise USB</th><td>Si</td></tr><tr><th>Rangement casque sous la selle</th><td>No</td></tr><tr><th>Régulateur</th><td>Si</td></tr><tr><th>Categoria omologazione</th><td>L1e</td></tr><tr><th>Code National</th><td>CL</td></tr><tr><th>Couleur</th><td>Blanc/Rouge, Noir/Rouge, Noir/Blanc</td></tr><tr><th>Dimensioni</th><td>180 × 70 × 113 cm</td></tr><tr><th>Marque</th><td>Niu</td></tr><tr><th>Modèle</th><td>NQi Pro</td></tr><tr><th>Patente</th><td>Permis AM, Sans permis</td></tr><tr><th>Peso in ordine di marcia</th><td>115 kg</td></tr></table><h2>Note</h2><p>Disponibilita, prezzi e varianti possono variare. Si consiglia di verificare la configurazione selezionata prima dell'acquisto.</p>",0.00,,yes,no,Scooter elettrici > Sans Permis,,"https://www.go2roues.com/wp-content/uploads/2019/03/niu-npro-nqipro-noir-blanc-trois-quart-face-droit.jpg, https://www.go2roues.com/wp-content/uploads/2019/03/niu-npro-nqipro-noir-rouge-trois-quart-face-droit.jpg, https://www.go2roues.com/wp-content/uploads/2019/03/niu-npro-nqipro-noir-blanc-cote-droit.jpg, https://www.go2roues.com/wp-content/uploads/2019/03/niu-npro-nqipro-noir-blanc-quart-arriere-droit.jpg, https://www.go2roues.com/wp-content/uploads/2019/03/niu-npro-nqipro-noir-blanc-vue-arriere.jpg, https://www.go2roues.com/wp-content/uploads/2019/03/niu-npro-nqipro-noir-blanc-trois-quart-arriere-gauche.jpg, https://www.go2roues.com/wp-content/uploads/2019/03/niu-npro-nqipro-noir-blanc-cote-gauche.jpg, https://www.go2roues.com/wp-content/uploads/2019/03/niu-npro-nqipro-noir-blanc-trois-quart-face-gauche.jpg, https://www.go2roues.com/wp-content/uploads/2019/03/niu-npro-nqipro-noir-blanc-vue-devant.jpg, https://www.go2roues.com/wp-content/uploads/2019/03/niu-nqigt-ngt-noir-blanc-phare.jpg, https://www.go2roues.com/wp-content/uploads/2019/03/niu-npro-nqipro-moteur-disque-arriere.jpg, https://www.go2roues.com/wp-content/uploads/2019/03/niu-npro-nqipro-commodo-gauche.jpg, https://www.go2roues.com/wp-content/uploads/2019/03/niu-npro-nqipro-coffre-sans-batterie.jpg, https://www.go2roues.com/wp-content/uploads/2019/03/niu-nqi-pro-lifestyle-soleil-plage.jpg, https://www.go2roues.com/wp-content/uploads/2019/03/niu-nqi-gts-balade-campagne.jpg",,,,,,,,,,Niu
simple,niu-ngt,NIU NGT (NQi GT),1,visible,<p><strong>NIU NGT (NQi GT)</strong> . <em>Venduto da Distribuzione Import Export S.R.L.</em>.</p><ul><li>Autonomia dichiarata: 130 km</li><li>Velocita massima: 70 km/h</li><li>Tempo di ricarica: 5 à 7 h</li><li>Peso: 11 kg</li></ul>,"<h2>Panoramica</h2><p>Contenuto riscritto e ottimizzato per una boutique italiana: informazioni chiare, valori tecnici organizzati e testo pensato per aiutare la decisione d'acquisto.</p><p><strong>Venditore:</strong> Distribuzione Import Export S.R.L.</p><p><strong>Categoria:</strong> Scooter elettrici > 125</p><h2>Scheda tecnica</h2><h3>Moteur</h3><table><tr><th>Couple maximal</th><td>42 Nm</td></tr><tr><th>Equivalenza cilindrata</th><td>Équivalent 125 cm3</td></tr><tr><th>Marque du moteur</th><td>Bosch</td></tr><tr><th>Potenza massima</th><td>3 500 W</td></tr><tr><th>Potenza motore</th><td>3 000 W</td></tr><tr><th>Transmission</th><td>Moteur intégré dans la roue arrière</td></tr><tr><th>Velocita massima</th><td>70 km/h</td></tr></table><h3>Batterie</h3><table><tr><th>Autonomia</th><td>130 km</td></tr><tr><th>Batteria rimovibile</th><td>Si</td></tr><tr><th>Caricatore incluso</th><td>Si</td></tr><tr><th>Intensité du chargeur</th><td>5A (une batterie) / 10A (deux batteries)</td></tr><tr><th>Poids de la batterie</th><td>11 kg</td></tr><tr><th>Capacita batteria</th><td>2.1 kWh x 2</td></tr><tr><th>Tempo di ricarica</th><td>5 à 7 h</td></tr><tr><th>Tipo di batteria</th><td>Lithium</td></tr><tr><th>Voltage & Ampérage de la Batterie</th><td>60V / 35Ah x 2</td></tr></table><h3>Chassis</h3><table><tr><th>Charge maximale</th><td>269 kg</td></tr><tr><th>Empattement</th><td>1 280 mm</td></tr><tr><th>Garde au sol minimale</th><td>145 mm</td></tr><tr><th>Hauteur de selle</th><td>740 mm</td></tr><tr><th>Hauteur hors tout</th><td>1 130 mm</td></tr><tr><th>Largeur hors tout</th><td>700 mm</td></tr><tr><th>Longueur hors tout</th><td>1 800 mm</td></tr></table><h3>Partie Cycle</h3><table><tr><th>Amortisseur arrière réglable</th><td>Si</td></tr><tr><th>Amortisseur avant réglable</th><td>No</td></tr><tr><th>Taille frein arrière</th><td>180 mm</td></tr><tr><th>Taille frein avant</th><td>220 mm</td></tr><tr><th>Taille pneu arrière</th><td>120/70-12</td></tr><tr><th>Taille pneu avant</th><td>90/90-12</td></tr><tr><th>Taille roue arrière</th><td>12 pouces</td></tr><tr><th>Taille roue avant</th><td>12 pouces</td></tr><tr><th>Type frein arrière</th><td>Disque</td></tr><tr><th>Type frein avant</th><td>Disque</td></tr><tr><th>Alarme</th><td>Si</td></tr><tr><th>Freinage couplé</th><td>Si</td></tr><tr><th>Freinage régénératif</th><td>Si</td></tr><tr><th>Homologué 2 places</th><td>Si</td></tr><tr><th>Marche Arrière</th><td>No</td></tr><tr><th>Prise USB</th><td>Si</td></tr><tr><th>Rangement casque sous la selle</th><td>No</td></tr><tr><th>Régulateur</th><td>Si</td></tr><tr><th>Accélération</th><td>0 à 50 km/h en 6.8 secondes</td></tr><tr><th>Categoria omologazione</th><td>L3e</td></tr><tr><th>Code National</th><td>MTL</td></tr><tr><th>Couleur</th><td>Blanc/Rouge, Noir/Rouge, Noir/Blanc</td></tr><tr><th>Dimensioni</th><td>180 × 70 × 113 cm</td></tr><tr><th>Marque</th><td>Niu</td></tr><tr><th>Modèle</th><td>NGT</td></tr><tr><th>Patente</th><td>Permis B + Formation 7h, Permis moto</td></tr><tr><th>Peso in ordine di marcia</th><td>115 kg</td></tr></table><h2>Note</h2><p>Disponibilita, prezzi e varianti possono variare. Si consiglia di verificare la configurazione selezionata prima dell'acquisto.</p>",0.00,,yes,no,Scooter elettrici > 125,,"https://www.go2roues.com/wp-content/uploads/2019/03/niu-nqigt-ngt-blanc-rouge-trois-quart-face-droit.jpg, https://www.go2roues.com/wp-content/uploads/2019/03/niu-nqigt-ngt-noir-blanc-cote-droit.jpg, https://www.go2roues.com/wp-content/uploads/2019/03/niu-nqigt-ngt-noir-blanc-trois-quart-arriere-droit.jpg, https://www.go2roues.com/wp-content/uploads/2019/03/niu-nqigt-ngt-noir-blanc-vue-arriere.jpg, https://www.go2roues.com/wp-content/uploads/2019/03/niu-nqigt-ngt-noir-blanc-trois-quart-arriere-gauche.jpg, https://www.go2roues.com/wp-content/uploads/2019/03/niu-nqigt-ngt-noir-blanc-cote-gauche.jpg, https://www.go2roues.com/wp-content/uploads/2019/03/niu-nqigt-ngt-noir-blanc-trois-quart-face-gauche.jpg, https://www.go2roues.com/wp-content/uploads/2019/03/niu-nqigt-ngt-noir-blanc-vue-devant.jpg, https://www.go2roues.com/wp-content/uploads/2019/03/niu-nqigt-ngt-noir-blanc-phare.jpg, https://www.go2roues.com/wp-content/uploads/2019/03/niu-npro-nqipro-coffre-sans-batterie.jpg, https://www.go2roues.com/wp-content/uploads/2019/03/niu-npro-nqipro-commodo-gauche.jpg, https://www.go2roues.com/wp-content/uploads/2019/03/niu-npro-nqipro-moteur-disque-arriere.jpg, https://www.go2roues.com/wp-content/uploads/2018/10/niu-nqi-gt-lifestyle-chemin-autonomie.jpg, https://www.go2roues.com/wp-content/uploads/2018/10/niu-nqi-gt-lifestyle-scooter-electrique-casques.jpg, https://www.go2roues.com/wp-content/uploads/2018/10/niu-nqi-gt-lifestyle-clef.jpg",,,,,,,,,,Niu
simple,niu-m1-pro,Niu M1 Pro (MQi Pro),1,visible,<p><strong>Niu M1 Pro (MQi Pro)</strong> . <em>Venduto da Distribuzione Import Export S.R.L.</em>.</p><ul><li>Autonomia dichiarata: 70 km</li><li>Velocita massima: 45 km/h</li><li>Tempo di ricarica: 6 h</li><li>Peso: 8 kg</li></ul>,"<h2>Panoramica</h2><p>Contenuto riscritto e ottimizzato per una boutique italiana: informazioni chiare, valori tecnici organizzati e testo pensato per aiutare la decisione d'acquisto.</p><p><strong>Venditore:</strong> Distribuzione Import Export S.R.L.</p><p><strong>Categoria:</strong> Scooter elettrici > Sans Permis</p><h2>Scheda tecnica</h2><h3>Moteur</h3><table><tr><th>Couple maximal</th><td>95 Nm</td></tr><tr><th>Equivalenza cilindrata</th><td>Équivalent 50 cm3</td></tr><tr><th>Marque du moteur</th><td>Bosch</td></tr><tr><th>Potenza massima</th><td>1 200 W</td></tr><tr><th>Potenza motore</th><td>1 200 W</td></tr><tr><th>Transmission</th><td>Moteur intégré dans la roue arrière</td></tr><tr><th>Velocita massima</th><td>45 km/h</td></tr></table><h3>Batterie</h3><table><tr><th>Autonomia</th><td>70 km</td></tr><tr><th>Batteria rimovibile</th><td>Si</td></tr><tr><th>Caricatore incluso</th><td>Si</td></tr><tr><th>Intensité du chargeur</th><td>5.2A</td></tr><tr><th>Poids de la batterie</th><td>8 kg</td></tr><tr><th>Capacita batteria</th><td>1.5 kWh</td></tr><tr><th>Tempo di ricarica</th><td>6 h</td></tr><tr><th>Tipo di batteria</th><td>Lithium</td></tr><tr><th>Voltage & Ampérage de la Batterie</th><td>48V / 32Ah</td></tr></table><h3>Chassis</h3><table><tr><th>Charge maximale</th><td>100 kg</td></tr><tr><th>Empattement</th><td>1 150 mm</td></tr><tr><th>Garde au sol minimale</th><td>126 mm</td></tr><tr><th>Hauteur de selle</th><td>740 mm</td></tr><tr><th>Hauteur hors tout</th><td>1 099 mm</td></tr><tr><th>Largeur hors tout</th><td>657 mm</td></tr><tr><th>Longueur hors tout</th><td>1 640 mm</td></tr></table><h3>Partie Cycle</h3><table><tr><th>Amortisseur arrière réglable</th><td>No</td></tr><tr><th>Amortisseur avant réglable</th><td>No</td></tr><tr><th>Taille frein arrière</th><td>110 mm</td></tr><tr><th>Taille frein avant</th><td>180 mm</td></tr><tr><th>Taille pneu arrière</th><td>90/90-10</td></tr><tr><th>Taille pneu avant</th><td>90/90-10</td></tr><tr><th>Taille roue arrière</th><td>10 pouces</td></tr><tr><th>Taille roue avant</th><td>10 pouces</td></tr><tr><th>Type frein arrière</th><td>Tambour</td></tr><tr><th>Type frein avant</th><td>Disque</td></tr><tr><th>Alarme</th><td>Si</td></tr><tr><th>Freinage couplé</th><td>Si</td></tr><tr><th>Freinage régénératif</th><td>Si</td></tr><tr><th>Homologué 2 places</th><td>No</td></tr><tr><th>Marche Arrière</th><td>No</td></tr><tr><th>Prise USB</th><td>Si</td></tr><tr><th>Rangement casque sous la selle</th><td>No</td></tr><tr><th>Régulateur</th><td>Si</td></tr><tr><th>Categoria omologazione</th><td>L1e</td></tr><tr><th>Code National</th><td>CL</td></tr><tr><th>Dimensioni</th><td>164 × 66 × 110 cm</td></tr><tr><th>Marque</th><td>Niu</td></tr><tr><th>Modèle</th><td>M1 PRO</td></tr><tr><th>Patente</th><td>Permis AM, Sans permis</td></tr><tr><th>Peso in ordine di marcia</th><td>59 kg</td></tr></table><h2>Note</h2><p>Disponibilita, prezzi e varianti possono variare. Si consiglia di verificare la configurazione selezionata prima dell'acquisto.</p>",0.00,,yes,no,Scooter elettrici > Sans Permis,,"https://www.go2roues.com/wp-content/uploads/2017/09/NiU-M1-Gris-1.jpg, https://www.go2roues.com/wp-content/uploads/2017/09/Batterie-M1.jpg, https://www.go2roues.com/wp-content/uploads/2017/04/Niu-N1S-Civic-blanc-app.jpg",,,,,,,,,,Niu
simple,niu-uqi-sport,NIU UQi Sport,1,visible,"<p><strong>NIU UQi Sport</strong> . <em>Venduto da Distribuzione Import Export S.R.L.</em>.</p><ul><li>Autonomia dichiarata: 40 km</li><li>Velocita massima: 45 km/h</li><li>Tempo di ricarica: 3.5 h</li><li>Peso: 5,2 kg</li></ul>","<h2>Panoramica</h2><p>Contenuto riscritto e ottimizzato per una boutique italiana: informazioni chiare, valori tecnici organizzati e testo pensato per aiutare la decisione d'acquisto.</p><p><strong>Venditore:</strong> Distribuzione Import Export S.R.L.</p><p><strong>Categoria:</strong> Scooter elettrici > Sans Permis</p><h2>Scheda tecnica</h2><h3>Moteur</h3><table><tr><th>Couple maximal</th><td>24 Nm</td></tr><tr><th>Equivalenza cilindrata</th><td>Équivalent 50 cm3</td></tr><tr><th>Marque du moteur</th><td>Bosch</td></tr><tr><th>Potenza massima</th><td>1 200 W</td></tr><tr><th>Potenza motore</th><td>1 200 W</td></tr><tr><th>Transmission</th><td>Moteur intégré dans la roue arrière</td></tr><tr><th>Velocita massima</th><td>45 km/h</td></tr></table><h3>Batterie</h3><table><tr><th>Autonomia</th><td>40 km</td></tr><tr><th>Batteria rimovibile</th><td>Si</td></tr><tr><th>Caricatore incluso</th><td>Si</td></tr><tr><th>Intensité du chargeur</th><td>5.2A</td></tr><tr><th>Poids de la batterie</th><td>5,2 kg</td></tr><tr><th>Capacita batteria</th><td>1 kWh</td></tr><tr><th>Tempo di ricarica</th><td>3.5 h</td></tr><tr><th>Tipo di batteria</th><td>Lithium</td></tr><tr><th>Voltage & Ampérage de la Batterie</th><td>48V / 21Ah</td></tr></table><h3>Chassis</h3><table><tr><th>Charge maximale</th><td>147 kg</td></tr><tr><th>Empattement</th><td>1 150 mm</td></tr><tr><th>Garde au sol minimale</th><td>160 mm</td></tr><tr><th>Hauteur de selle</th><td>750 mm</td></tr><tr><th>Hauteur hors tout</th><td>1 020 mm</td></tr><tr><th>Largeur hors tout</th><td>700 mm</td></tr><tr><th>Longueur hors tout</th><td>1 685 mm</td></tr></table><h3>Partie Cycle</h3><table><tr><th>Amortisseur arrière réglable</th><td>No</td></tr><tr><th>Amortisseur avant réglable</th><td>No</td></tr><tr><th>Taille frein arrière</th><td>110 mm</td></tr><tr><th>Taille frein avant</th><td>180 mm</td></tr><tr><th>Taille pneu arrière</th><td>65/95-12</td></tr><tr><th>Taille pneu avant</th><td>65/95-12</td></tr><tr><th>Taille roue arrière</th><td>12 pouces</td></tr><tr><th>Taille roue avant</th><td>12 pouces</td></tr><tr><th>Type frein arrière</th><td>Disque</td></tr><tr><th>Type frein avant</th><td>Disque</td></tr><tr><th>Alarme</th><td>Si</td></tr><tr><th>Freinage couplé</th><td>Si</td></tr><tr><th>Freinage régénératif</th><td>Si</td></tr><tr><th>Homologué 2 places</th><td>No</td></tr><tr><th>Marche Arrière</th><td>No</td></tr><tr><th>Prise USB</th><td>Si</td></tr><tr><th>Rangement casque sous la selle</th><td>No</td></tr><tr><th>Régulateur</th><td>Si</td></tr><tr><th>Categoria omologazione</th><td>L1e</td></tr><tr><th>Code National</th><td>CL</td></tr><tr><th>Couleur</th><td>Blanc, Bleu, Noir, Rouge</td></tr><tr><th>Dimensioni</th><td>168 × 70 × 102 cm</td></tr><tr><th>Marque</th><td>Niu</td></tr><tr><th>Modèle</th><td>UQi Sport</td></tr><tr><th>Patente</th><td>Permis AM, Sans permis</td></tr><tr><th>Peso in ordine di marcia</th><td>57 kg</td></tr></table><h2>Note</h2><p>Disponibilita, prezzi e varianti possono variare. Si consiglia di verificare la configurazione selezionata prima dell'acquisto.</p>",0.00,,yes,no,Scooter elettrici > Sans Permis,,"https://www.go2roues.com/wp-content/uploads/1970/01/niu-uqi-pro-rouge-trois-quart-face-droit.jpg, https://www.go2roues.com/wp-content/uploads/1970/01/niu-uqi-pro-blanc-trois-quart-face-droit.jpg, https://www.go2roues.com/wp-content/uploads/1970/01/niu-uqi-pro-noir-rouge-trois-quart-face-droit.jpg, https://www.go2roues.com/wp-content/uploads/1970/01/niu-uqi-pro-rouge-vue-avant.jpg, https://www.go2roues.com/wp-content/uploads/1970/01/niu-uqi-pro-rouge-cote-gauche.jpg, https://www.go2roues.com/wp-content/uploads/1970/01/niu-uqi-pro-rouge-vue-arriere.jpg, https://www.go2roues.com/wp-content/uploads/1970/01/niu-uqi-pro-lifestyle-selfie-dock-port.jpg, https://www.go2roues.com/wp-content/uploads/1970/01/niu-uqi-pro-lifestyle-parking-bequille-street-art.jpg, https://www.go2roues.com/wp-content/uploads/1970/01/niu-uqi-pro-lifestyle-sud-soleil-balade.jpg",,,,,,,,,,Niu
simple,niu-nqi-lite,NIU NQi Lite,1,visible,<p><strong>NIU NQi Lite</strong> . <em>Venduto da Distribuzione Import Export S.R.L.</em>.</p><ul><li>Autonomia dichiarata: 60 km</li><li>Velocita massima: 45 km/h</li><li>Tempo di ricarica: 6 h</li><li>Peso: 10 kg</li></ul>,"<h2>Panoramica</h2><p>Contenuto riscritto e ottimizzato per una boutique italiana: informazioni chiare, valori tecnici organizzati e testo pensato per aiutare la decisione d'acquisto.</p><p><strong>Venditore:</strong> Distribuzione Import Export S.R.L.</p><p><strong>Categoria:</strong> Scooter elettrici > Sans Permis</p><h2>Scheda tecnica</h2><h3>Moteur</h3><table><tr><th>Couple maximal</th><td>33 Nm</td></tr><tr><th>Equivalenza cilindrata</th><td>Équivalent 50 cm3</td></tr><tr><th>Potenza massima</th><td>1 800 W</td></tr><tr><th>Potenza motore</th><td>1 800 W</td></tr><tr><th>Velocita massima</th><td>45 km/h</td></tr></table><h3>Batterie</h3><table><tr><th>Autonomia</th><td>60 km</td></tr><tr><th>Batteria rimovibile</th><td>Si</td></tr><tr><th>Caricatore incluso</th><td>Si</td></tr><tr><th>Poids de la batterie</th><td>10 kg</td></tr><tr><th>Capacita batteria</th><td>1.5 kWh</td></tr><tr><th>Tempo di ricarica</th><td>6 h</td></tr><tr><th>Tipo di batteria</th><td>Lithium</td></tr><tr><th>Voltage & Ampérage de la Batterie</th><td>60V / 26Ah</td></tr></table><h3>Chassis</h3><table><tr><th>Empattement</th><td>1 280 mm</td></tr><tr><th>Garde au sol minimale</th><td>145 mm</td></tr><tr><th>Hauteur de selle</th><td>740 mm</td></tr><tr><th>Hauteur hors tout</th><td>1 130 mm</td></tr><tr><th>Largeur hors tout</th><td>700 mm</td></tr><tr><th>Longueur hors tout</th><td>1 800 mm</td></tr></table><h3>Partie Cycle</h3><table><tr><th>Modes de conduites</th><td>3</td></tr><tr><th>Rangement casque sous la selle</th><td>Si</td></tr><tr><th>Categoria omologazione</th><td>L1e</td></tr><tr><th>Code National</th><td>CL</td></tr><tr><th>Couleur</th><td>Blanc</td></tr><tr><th>Dimensioni</th><td>180 × 70 × 113 cm</td></tr><tr><th>Marque</th><td>Niu</td></tr><tr><th>Modèle</th><td>NQi Lite</td></tr><tr><th>Patente</th><td>Sans permis</td></tr><tr><th>Peso in ordine di marcia</th><td>88 kg</td></tr></table><h2>Note</h2><p>Disponibilita, prezzi e varianti possono variare. Si consiglia di verificare la configurazione selezionata prima dell'acquisto.</p>",0.00,,yes,no,Scooter elettrici > Sans Permis,,"http://www.go2roues.com/wp-content/uploads/2020/10/niu-nqi-lite-blanc-trois-quart-face-droit.jpg, https://www.go2roues.com/wp-content/uploads/2020/10/niu-nqi-lite-blanc-trois-quart-face-droit.jpg, https://www.go2roues.com/wp-content/uploads/2020/10/niu-nqi-lite-blanc-cote-droit.jpg, https://www.go2roues.com/wp-content/uploads/2020/10/niu-nqi-lite-blanc-trois-quart-face-gauche.jpg, https://www.go2roues.com/wp-content/uploads/2020/10/niu-nqi-lite-blanc-coffre-casque.jpg, https://www.go2roues.com/wp-content/uploads/2018/05/niu-nqisport-n1s-commodo-gauche.jpg, https://www.go2roues.com/wp-content/uploads/2018/05/niu-nqisport-n1s-compteur.jpg, https://www.go2roues.com/wp-content/uploads/2020/10/niu-nqi-lite-blanc-charge-220V.jpg, https://www.go2roues.com/wp-content/uploads/2020/10/niu-nqi-lite-clef-crochet-sac.jpg, https://www.go2roues.com/wp-content/uploads/2020/10/niu-nqi-lite-lifestyle-biplace.jpg",,,,,,,,,,Niu
simple,orcaecooe2-noir,Orcal Ecooter E2 - noir,1,visible,<p><strong>Orcal Ecooter E2</strong> di Orcal. <em>Venduto da Distribuzione Import Export S.R.L.</em>.</p><ul><li>Autonomia dichiarata: 200 km</li><li>Tempo di ricarica: 6.5 h</li><li>Peso: 12 kg (principale) et 6 kg (secondaire)</li></ul>,"<h2>Panoramica</h2><p>Contenuto riscritto e ottimizzato per una boutique italiana: informazioni chiare, valori tecnici organizzati e testo pensato per aiutare la decisione d'acquisto.</p><p><strong>Venditore:</strong> Distribuzione Import Export S.R.L.</p><p><strong>Categoria:</strong> Scooter elettrici > Sans Permis</p><h2>Scheda tecnica</h2><h3>Moteur</h3><table><tr><th>Couple maximal</th><td>130 Nm</td></tr><tr><th>Equivalenza cilindrata</th><td>Équivalent 50 cm3</td></tr><tr><th>Potenza massima</th><td>3 000 W</td></tr><tr><th>Potenza motore</th><td>3 000 W</td></tr></table><h3>Batterie</h3><table><tr><th>Autonomia</th><td>200 km</td></tr><tr><th>Batteria rimovibile</th><td>Si</td></tr><tr><th>Caricatore incluso</th><td>Si</td></tr><tr><th>Poids de la batterie</th><td>12 kg (principale) et 6 kg (secondaire)</td></tr><tr><th>Capacita batteria</th><td>2.56 kWh</td></tr><tr><th>Tempo di ricarica</th><td>6.5 h</td></tr><tr><th>Tipo di batteria</th><td>Lithium</td></tr></table><h3>Chassis</h3><table><tr><th>Empattement</th><td>1 300 mm</td></tr><tr><th>Garde au sol minimale</th><td>145 mm</td></tr><tr><th>Hauteur de selle</th><td>750 mm</td></tr><tr><th>Hauteur hors tout</th><td>1 080 mm</td></tr><tr><th>Largeur hors tout</th><td>720 mm</td></tr><tr><th>Longueur hors tout</th><td>1 840 mm</td></tr></table><h3>Partie Cycle</h3><table><tr><th>Modes de conduites</th><td>2</td></tr><tr><th>Rangement casque sous la selle</th><td>Oui avec une batterie</td></tr><tr><th>Categoria omologazione</th><td>L1e</td></tr><tr><th>Code National</th><td>CL</td></tr><tr><th>Couleur</th><td>Blanc, Gris métallique, Noir</td></tr><tr><th>Dimensioni</th><td>184 × 72 × 108 cm</td></tr><tr><th>Marque</th><td>Orcal</td></tr><tr><th>Modèle</th><td>ecooter e2</td></tr><tr><th>Patente</th><td>Sans permis</td></tr><tr><th>Peso in ordine di marcia</th><td>98 kg</td></tr></table><h2>Note</h2><p>Disponibilita, prezzi e varianti possono variare. Si consiglia di verificare la configurazione selezionata prima dell'acquisto.</p>",3595.00,,yes,no,Scooter elettrici > Sans Permis,,"https://www.go2roues.com/wp-content/uploads/2019/09/orcal-ecooter-e2-noir-trois-quart-face-droite.jpg, https://www.go2roues.com/wp-content/uploads/2019/09/orcal-ecooter-e2-noir-cote-droit.jpg, https://www.go2roues.com/wp-content/uploads/2019/09/orcal-ecooter-e2-noir-trois-quart-arriere-droit.jpg, https://www.go2roues.com/wp-content/uploads/2019/09/orcal-ecooter-e2-noir-vue-arriere.jpg, https://www.go2roues.com/wp-content/uploads/2019/09/orcal-ecooter-e2-noir-trois-quart-arriere-gauche.jpg, https://www.go2roues.com/wp-content/uploads/2019/09/orcal-ecooter-e2-noir-cote-gauche.jpg, https://www.go2roues.com/wp-content/uploads/2019/09/orcal-ecooter-e2-noir-trois-quart-face-gauche.jpg, https://www.go2roues.com/wp-content/uploads/2019/09/orcal-ecooter-e2-noir-vue-devant.jpg, https://www.go2roues.com/wp-content/uploads/2019/09/orcal-ecooter-e2-gris-metallique-phare-avant.jpg, http://www.go2roues.com/wp-content/uploads/2019/09/orcal-ecooter-e2-noir-trois-quart-face-droite.jpg",,,,,,,,,,Orcal
variable,www-go2roues-com-shop-rider-3r,Rider 3R,1,visible,"<p><strong>Rider 3R</strong> di Rider. <em>Venduto da Distribuzione Import Export S.R.L.</em>.</p><ul><li>Autonomia dichiarata: 80 km, 160 km</li><li>Velocita massima: 45 km/h</li><li>Tempo di ricarica: 5 h</li><li>Peso: 14 kg</li></ul>","<h2>Panoramica</h2><p>Contenuto riscritto e ottimizzato per una boutique italiana: informazioni chiare, valori tecnici organizzati e testo pensato per aiutare la decisione d'acquisto.</p><p><strong>Venditore:</strong> Distribuzione Import Export S.R.L.</p><p><strong>Categoria:</strong> Scooter elettrici > Scooter 3 Roues</p><h2>Punti di forza</h2><ul><li>L’autonomie maximale est de 80 kilomètres.</li><li>En ville et en condition normale, entre les feux, les embouteillages, les accélérations et réaccélérations incessantes, comptez sur un solide 55 kilomètres.</li></ul><h2>Scheda tecnica</h2><h3>Moteur</h3><table><tr><th>Equivalenza cilindrata</th><td>Équivalent 50 cm3</td></tr><tr><th>Marque du moteur</th><td>Jinyu</td></tr><tr><th>Potenza massima</th><td>3 000 W</td></tr><tr><th>Potenza motore</th><td>3 000 W</td></tr><tr><th>Transmission</th><td>Par courroie</td></tr><tr><th>Velocita massima</th><td>45 km/h</td></tr></table><h3>Batterie</h3><table><tr><th>Autonomia</th><td>80 km, 160 km</td></tr><tr><th>Batteria rimovibile</th><td>Si</td></tr><tr><th>Caricatore incluso</th><td>Si</td></tr><tr><th>Intensité du chargeur</th><td>12A</td></tr><tr><th>Poids de la batterie</th><td>14 kg</td></tr><tr><th>Capacita batteria</th><td>2.4 kWh, 2.4 kWh x 2</td></tr><tr><th>Tempo di ricarica</th><td>5 h</td></tr><tr><th>Tipo di batteria</th><td>Lithium</td></tr><tr><th>Voltage & Ampérage de la Batterie</th><td>60V / 40Ah, 60V / 40Ah x 2</td></tr></table><h3>Chassis</h3><table><tr><th>Charge maximale</th><td>200 kg</td></tr><tr><th>Empattement</th><td>1 460 mm</td></tr><tr><th>Garde au sol minimale</th><td>155 mm</td></tr><tr><th>Hauteur de selle</th><td>800 mm</td></tr><tr><th>Hauteur hors tout</th><td>1 330 mm</td></tr><tr><th>Largeur hors tout</th><td>760 mm</td></tr><tr><th>Longueur hors tout</th><td>1 975 mm</td></tr></table><h3>Partie Cycle</h3><table><tr><th>Amortisseur arrière réglable</th><td>No</td></tr><tr><th>Amortisseur avant réglable</th><td>No</td></tr><tr><th>Taille frein arrière</th><td>220 mm</td></tr><tr><th>Taille frein avant</th><td>260 mm</td></tr><tr><th>Taille pneu arrière</th><td>130/70-12</td></tr><tr><th>Taille pneu avant</th><td>80/80-14</td></tr><tr><th>Taille roue arrière</th><td>12 pouces</td></tr><tr><th>Taille roue avant</th><td>14 pouces</td></tr><tr><th>Type frein arrière</th><td>Disque</td></tr><tr><th>Type frein avant</th><td>Disque</td></tr><tr><th>Alarme</th><td>No</td></tr><tr><th>Freinage couplé</th><td>Si</td></tr><tr><th>Freinage régénératif</th><td>Si</td></tr><tr><th>Homologué 2 places</th><td>Si</td></tr><tr><th>Marche Arrière</th><td>Si</td></tr><tr><th>Modes de conduites</th><td>3</td></tr><tr><th>Prise USB</th><td>Si</td></tr><tr><th>Rangement casque sous la selle</th><td>Si</td></tr><tr><th>Régulateur</th><td>No</td></tr><tr><th>Categoria omologazione</th><td>L1e</td></tr><tr><th>Code National</th><td>CL</td></tr><tr><th>Couleur</th><td>Bleu, Gris, Noir brillant</td></tr><tr><th>Dimensioni</th><td>197 × 76 × 133 cm</td></tr><tr><th>Marque</th><td>Rider</td></tr><tr><th>Modèle</th><td>3R</td></tr><tr><th>Patente</th><td>Sans permis</td></tr><tr><th>Peso in ordine di marcia</th><td>140 kg</td></tr></table><h2>Note</h2><p>Disponibilita, prezzi e varianti possono variare. Si consiglia di verificare la configurazione selezionata prima dell'acquisto.</p>",,,,,Scooter elettrici > Scooter 3 Roues,,"https://www.go2roues.com/wp-content/uploads/2021/09/rider-3rs-plus-bleu-trois-quart-face-droit.jpg, https://www.go2roues.com/wp-content/uploads/2021/09/rider-3rs-plus-noir-trois-quart-face-droit.jpg, https://www.go2roues.com/wp-content/uploads/2021/09/rider-3rs-plus-bleu-vue-arriere.jpg, https://www.go2roues.com/wp-content/uploads/2021/09/rider-3rs-plus-bleu-cote-gauche.jpg, https://www.go2roues.com/wp-content/uploads/2021/09/rider-3rs-plus-bleu-trois-quart-face-gauche.jpg, https://www.go2roues.com/wp-content/uploads/2021/09/rider-3rs-plus-coffre.jpg, https://www.go2roues.com/wp-content/uploads/2021/09/rider-3rs-plus-phare-avant.jpg, https://www.go2roues.com/wp-content/uploads/2021/09/rider-3rs-plus-dosseret-passager.jpg, https://www.go2roues.com/wp-content/uploads/2021/09/rider-3rs-plus-train-avant.jpg, https://www.go2roues.com/wp-content/uploads/2020/08/rider-3R-compteur-gros-plan.jpg, https://www.go2roues.com/wp-content/uploads/2020/08/rider-3R-commodo-droit-2.jpg, https://www.go2roues.com/wp-content/uploads/2020/08/rider-3R-commodo-gauche-2.jpg, https://www.go2roues.com/wp-content/uploads/2021/09/rider-3rs-plus-contact.jpg, http://www.go2roues.com/wp-content/uploads/2021/09/rider-3rs-plus-bleu-trois-quart-face-droit.jpg",,Colore,,1,1,Finitura,,1,1,Rider
variation,rn-3-80-km-bleu,Rider 3R - 80-km / bleu,1,visible,,,5390.00,,yes,no,,,https://www.go2roues.com/wp-content/uploads/2021/09/rider-3rs-plus-bleu-trois-quart-face-droit.jpg,www-go2roues-com-shop-rider-3r,Colore,Blu,,,Finitura,,,,Rider
variation,rn-3-80-km-noir-brillant,Rider 3R - 80-km / noir-brillant,1,visible,,,5390.00,,yes,no,,,https://www.go2roues.com/wp-content/uploads/2021/09/rider-3rs-plus-noir-trois-quart-face-droit.jpg,www-go2roues-com-shop-rider-3r,Colore,Noir Brillant,,,Finitura,,,,Rider
variation,rn-3-160-km-bleu,Rider 3R - 160-km / bleu,1,visible,,,6790.00,,yes,no,,,https://www.go2roues.com/wp-content/uploads/2021/09/rider-3rs-plus-bleu-trois-quart-face-droit.jpg,www-go2roues-com-shop-rider-3r,Colore,Blu,,,Finitura,,,,Rider
variation,rn-3-160-km-noir-brillant,Rider 3R - 160-km / noir-brillant,1,visible,,,6790.00,,yes,no,,,https://www.go2roues.com/wp-content/uploads/2021/09/rider-3rs-plus-noir-trois-quart-face-droit.jpg,www-go2roues-com-shop-rider-3r,Colore,Noir Brillant,,,Finitura,,,,Rider
variable,www-go2roues-com-shop-bolide-e-trail,BOLIDE E-TRAIL,1,visible,<p><strong>BOLIDE E-TRAIL</strong> di Bolide. <em>Venduto da Distribuzione Import Export S.R.L.</em>.</p><ul><li>Autonomia dichiarata: 160 km</li><li>Velocita massima: 115 km/h</li><li>Tempo di ricarica: 4 h 20</li><li>Peso: 19 kg</li></ul>,"<h2>Panoramica</h2><p>Contenuto riscritto e ottimizzato per una boutique italiana: informazioni chiare, valori tecnici organizzati e testo pensato per aiutare la decisione d'acquisto.</p><p><strong>Venditore:</strong> Distribuzione Import Export S.R.L.</p><p><strong>Categoria:</strong> Scooter elettrici</p><h2>Scheda tecnica</h2><h3>Moteur</h3><table><tr><th>Couple maximal</th><td>140 Nm</td></tr><tr><th>Equivalenza cilindrata</th><td>Équivalent 125 cm3</td></tr><tr><th>Potenza massima</th><td>15 000 W</td></tr><tr><th>Potenza motore</th><td>6 000 W</td></tr><tr><th>Velocita massima</th><td>115 km/h</td></tr></table><h3>Batterie</h3><table><tr><th>Autonomia</th><td>160 km</td></tr><tr><th>Batteria rimovibile</th><td>Si</td></tr><tr><th>Caricatore incluso</th><td>Si</td></tr><tr><th>Poids de la batterie</th><td>19 kg</td></tr><tr><th>Capacita batteria</th><td>6.5 kWh</td></tr><tr><th>Tempo di ricarica</th><td>4 h 20</td></tr><tr><th>Tipo di batteria</th><td>Lithium</td></tr><tr><th>Voltage & Ampérage de la Batterie</th><td>72V / 45Ah x 2</td></tr></table><h3>Chassis</h3><table><tr><th>Empattement</th><td>1 340 mm</td></tr><tr><th>Hauteur de selle</th><td>800 mm</td></tr><tr><th>Hauteur hors tout</th><td>1 240 mm</td></tr><tr><th>Largeur hors tout</th><td>725 mm</td></tr><tr><th>Longueur hors tout</th><td>1 935 mm</td></tr></table><h3>Partie Cycle</h3><table><tr><th>Amortisseur arrière réglable</th><td>Si</td></tr><tr><th>Amortisseur avant réglable</th><td>No</td></tr><tr><th>Taille pneu arrière</th><td>130/70-13</td></tr><tr><th>Taille pneu avant</th><td>110/80-14</td></tr><tr><th>Type frein arrière</th><td>Disque</td></tr><tr><th>Alarme</th><td>Si</td></tr><tr><th>Freinage couplé</th><td>ABS</td></tr><tr><th>Freinage régénératif</th><td>Si</td></tr><tr><th>Homologué 2 places</th><td>Si</td></tr><tr><th>Marche Arrière</th><td>Si</td></tr><tr><th>Modes de conduites</th><td>3 + Marche arrière</td></tr><tr><th>Prise USB</th><td>Si</td></tr><tr><th>Accélération</th><td>0 à 50 km/h en 3 secondes</td></tr><tr><th>Categoria omologazione</th><td>L3e</td></tr><tr><th>Code National</th><td>MTL</td></tr><tr><th>Couleur</th><td>Gris Nardo, Noir</td></tr><tr><th>Dimensioni</th><td>193,5 × 72,5 × 124 cm</td></tr><tr><th>Marque</th><td>Bolide</td></tr><tr><th>Patente</th><td>Permis A1, Permis B + Formation 7h</td></tr><tr><th>Peso in ordine di marcia</th><td>154 kg</td></tr></table><h2>Note</h2><p>Disponibilita, prezzi e varianti possono variare. Si consiglia di verificare la configurazione selezionata prima dell'acquisto.</p>",,,,,Scooter elettrici,,"https://www.go2roues.com/wp-content/uploads/2023/10/Bolide-etrail-avant-gauche-trois-quart-face.jpg, https://www.go2roues.com/wp-content/uploads/2023/10/bolide-etrail-gris-face-droite.png, https://www.go2roues.com/wp-content/uploads/2023/11/bolide-e-trail-gris-nardo-arriere.jpg, https://www.go2roues.com/wp-content/uploads/2023/10/bolide-etrail-gris-face-gauche.png, https://www.go2roues.com/wp-content/uploads/2023/10/bolide-etrail-gris-trois-quart-face-gauche.png, https://www.go2roues.com/wp-content/uploads/2023/11/bolide-e-trail-face-avant-gris-nardo.jpg, https://www.go2roues.com/wp-content/uploads/2023/10/bolide-etrail-abs.jpg, https://www.go2roues.com/wp-content/uploads/2023/10/bolide-etrail-ecran.jpg, https://www.go2roues.com/wp-content/uploads/2023/10/bolide-etrail-prise-t2.jpg, https://www.go2roues.com/wp-content/uploads/2024/02/bolide-e-trail-noir-cote-droit.jpg, https://www.go2roues.com/wp-content/uploads/2024/02/bolide-e-trail-noir-gauche.jpg, http://www.go2roues.com/wp-content/uploads/2023/10/Bolide-etrail-avant-gauche-trois-quart-face.jpg",,Colore,,1,1,Finitura,,1,1,Bolide
variation,bolide-e-trail-gris-nardo,BOLIDE E-TRAIL - gris-nardo,1,visible,,,8790.00,,yes,no,,,https://www.go2roues.com/wp-content/uploads/2023/10/Bolide-etrail-avant-gauche-trois-quart-face.jpg,www-go2roues-com-shop-bolide-e-trail,Colore,Gris Nardo,,,Finitura,,,,Bolide
variation,bolide-e-trail-noir,BOLIDE E-TRAIL - noir,1,visible,,,8790.00,,yes,no,,,https://www.go2roues.com/wp-content/uploads/2024/02/bolide-e-trail-noir-cote-droit.jpg,www-go2roues-com-shop-bolide-e-trail,Colore,Nero,,,Finitura,,,,Bolide
variable,www-go2roues-com-shop-piaggio-1,Piaggio 1,1,visible,"<p><strong>Piaggio 1</strong> di Piaggio. <em>Venduto da Distribuzione Import Export S.R.L.</em>.</p><ul><li>Autonomia dichiarata: 43 km, 66 km, 68 km</li><li>Velocita massima: 45 km/h, 60 km/h</li><li>Tempo di ricarica: 6 h</li><li>Peso: 10 kg, 15 kg</li></ul>","<h2>Panoramica</h2><p>Contenuto riscritto e ottimizzato per una boutique italiana: informazioni chiare, valori tecnici organizzati e testo pensato per aiutare la decisione d'acquisto.</p><p><strong>Venditore:</strong> Distribuzione Import Export S.R.L.</p><p><strong>Categoria:</strong> Scooter elettrici</p><h2>Scheda tecnica</h2><h3>Moteur</h3><table><tr><th>Couple maximal</th><td>85 Nm</td></tr><tr><th>Equivalenza cilindrata</th><td>Équivalent 125 cm3, Équivalent 50 cm3</td></tr><tr><th>Marque du moteur</th><td>Piaggio</td></tr><tr><th>Potenza massima</th><td>1 340 W, 3 000 W</td></tr><tr><th>Potenza motore</th><td>1 200 W, 2 000 W</td></tr><tr><th>Velocita massima</th><td>45 km/h, 60 km/h</td></tr></table><h3>Batterie</h3><table><tr><th>Autonomia</th><td>43 km, 66 km, 68 km</td></tr><tr><th>Batteria rimovibile</th><td>Si</td></tr><tr><th>Caricatore incluso</th><td>Si</td></tr><tr><th>Poids de la batterie</th><td>10 kg, 15 kg</td></tr><tr><th>Capacita batteria</th><td>1.4 kWh, 2.3 kWh</td></tr><tr><th>Tempo di ricarica</th><td>6 h</td></tr><tr><th>Tipo di batteria</th><td>Lithium</td></tr><tr><th>Voltage & Ampérage de la Batterie</th><td>48V / 29Ah, 48V / 48Ah</td></tr></table><h3>Chassis</h3><table><tr><th>Empattement</th><td>1 220 mm</td></tr><tr><th>Hauteur de selle</th><td>770 mm</td></tr><tr><th>Largeur hors tout</th><td>750 mm</td></tr><tr><th>Longueur hors tout</th><td>1 680 mm</td></tr></table><h3>Partie Cycle</h3><table><tr><th>Amortisseur arrière réglable</th><td>No</td></tr><tr><th>Amortisseur avant réglable</th><td>No</td></tr><tr><th>Taille frein arrière</th><td>175 mm</td></tr><tr><th>Taille frein avant</th><td>175 mm</td></tr><tr><th>Taille pneu arrière</th><td>100/80-10</td></tr><tr><th>Taille pneu avant</th><td>100/80-10</td></tr><tr><th>Taille roue arrière</th><td>10 pouces</td></tr><tr><th>Taille roue avant</th><td>10 pouces</td></tr><tr><th>Type frein arrière</th><td>Disque</td></tr><tr><th>Type frein avant</th><td>Disque</td></tr><tr><th>Alarme</th><td>No</td></tr><tr><th>Freinage couplé</th><td>Non, Oui</td></tr><tr><th>Freinage régénératif</th><td>No</td></tr><tr><th>Homologué 2 places</th><td>Si</td></tr><tr><th>Marche Arrière</th><td>Si</td></tr><tr><th>Modes de conduites</th><td>2</td></tr><tr><th>Prise USB</th><td>Si</td></tr><tr><th>Rangement casque sous la selle</th><td>No</td></tr><tr><th>Régulateur</th><td>No</td></tr><tr><th>Categoria omologazione</th><td>L1e, L3e</td></tr><tr><th>Code National</th><td>CL</td></tr><tr><th>Couleur</th><td>Artic Mix, FCW, Forest Mix, Forever Black, Forever Grey, Forever White, Sunshine Mix</td></tr><tr><th>Dimensioni</th><td>168 × 75 × 122 cm</td></tr><tr><th>Marque</th><td>Piaggio</td></tr><tr><th>Modèle</th><td>Piaggio 1, Piaggio 1 Active, Piaggio 1+</td></tr><tr><th>Patente</th><td>Permis AM, Permis B + Formation 7h, Sans permis</td></tr><tr><th>Peso in ordine di marcia</th><td>90 kg</td></tr></table><h2>Note</h2><p>Disponibilita, prezzi e varianti possono variare. Si consiglia di verificare la configurazione selezionata prima dell'acquisto.</p>",,,,,Scooter elettrici,,"https://www.go2roues.com/wp-content/uploads/2022/10/piaggio-1-foreverwhite-trois-quart-face-droit.jpg, https://www.go2roues.com/wp-content/uploads/2022/10/piaggio-1-artic-mix-trois-quart-face-droit.jpg, https://www.go2roues.com/wp-content/uploads/2022/10/piaggio-1-fcw-trois-quart-face-droit.jpg, https://www.go2roues.com/wp-content/uploads/2022/10/piaggio-1-foreverwhite-trois-quart-arriere-gauche.jpg, https://www.go2roues.com/wp-content/uploads/2022/10/piaggio-1-foreverwhite-cote-gauche.jpg, https://www.go2roues.com/wp-content/uploads/2022/10/piaggio-1-roue-avant.jpg, https://www.go2roues.com/wp-content/uploads/2022/10/piaggio-1-roue-arriere.jpg, https://www.go2roues.com/wp-content/uploads/2022/10/piaggio-1-commodo-droit.jpg, https://www.go2roues.com/wp-content/uploads/2022/10/piaggio-1-commodo-gauche.jpg, https://www.go2roues.com/wp-content/uploads/2022/10/piaggio-1-compteur.jpg, http://www.go2roues.com/wp-content/uploads/2022/10/piaggio-1-foreverwhite-trois-quart-face-droit.jpg",,Colore,,1,1,Finitura,,1,1,Piaggio
variation,piaggio-1-fcw-piaggio-1,Piaggio 1 - fcw / piaggio-1,1,visible,,,2999.00,,yes,no,,,https://www.go2roues.com/wp-content/uploads/2022/10/piaggio-1-fcw-trois-quart-face-droit.jpg,www-go2roues-com-shop-piaggio-1,Colore,Fcw,,,Finitura,,,,Piaggio
variation,piaggio-1-artic-mix-piaggio-1,Piaggio 1 - artic-mix / piaggio-1,1,visible,,,2699.00,,yes,no,,,https://www.go2roues.com/wp-content/uploads/2022/10/piaggio-1-artic-mix-trois-quart-face-droit.jpg,www-go2roues-com-shop-piaggio-1,Colore,Artic Mix,,,Finitura,,,,Piaggio
variation,piaggio-1-forever-white-piaggio-1-2,Piaggio 1 - forever-white / piaggio-1-2,1,visible,,,3199.00,,yes,no,,,https://www.go2roues.com/wp-content/uploads/2022/10/piaggio-1-foreverwhite-trois-quart-face-droit.jpg,www-go2roues-com-shop-piaggio-1,Colore,Forever White,,,Finitura,,,,Piaggio
variable,www-go2roues-com-shop-horwin-ek3-ds,Horwin EK3 DS,1,visible,"<p><strong>Horwin EK3 DS</strong> di HORWIN. <em>Venduto da Distribuzione Import Export S.R.L.</em>.</p><ul><li>Autonomia dichiarata: 55 km, 110 km</li><li>Velocita massima: 95 km/h</li><li>Tempo di ricarica: 4 h</li><li>Peso: 18 kg</li></ul>","<h2>Panoramica</h2><p>Contenuto riscritto e ottimizzato per una boutique italiana: informazioni chiare, valori tecnici organizzati e testo pensato per aiutare la decisione d'acquisto.</p><p><strong>Venditore:</strong> Distribuzione Import Export S.R.L.</p><p><strong>Categoria:</strong> Scooter elettrici > 125</p><h2>Scheda tecnica</h2><h3>Moteur</h3><table><tr><th>Couple maximal</th><td>195 Nm</td></tr><tr><th>Equivalenza cilindrata</th><td>Équivalent 125 cm3</td></tr><tr><th>Marque du moteur</th><td>Horwin</td></tr><tr><th>Potenza massima</th><td>6 200 W</td></tr><tr><th>Potenza motore</th><td>3 500 W</td></tr><tr><th>Transmission</th><td>Par chaîne</td></tr><tr><th>Velocita massima</th><td>95 km/h</td></tr></table><h3>Batterie</h3><table><tr><th>Autonomia</th><td>55 km, 110 km</td></tr><tr><th>Batteria rimovibile</th><td>Si</td></tr><tr><th>Caricatore incluso</th><td>Si</td></tr><tr><th>Intensité du chargeur</th><td>10A</td></tr><tr><th>Poids de la batterie</th><td>18 kg</td></tr><tr><th>Capacita batteria</th><td>2.59 kWh, 2.59 kWh x 2</td></tr><tr><th>Tempo di ricarica</th><td>4 h</td></tr><tr><th>Tipo di batteria</th><td>Lithium</td></tr><tr><th>Voltage & Ampérage de la Batterie</th><td>72V / 36Ah, 72V / 36Ah x 2</td></tr></table><h3>Chassis</h3><table><tr><th>Charge maximale</th><td>170 kg</td></tr><tr><th>Empattement</th><td>1 320 mm</td></tr><tr><th>Garde au sol minimale</th><td>125 mm</td></tr><tr><th>Hauteur de selle</th><td>780 mm</td></tr><tr><th>Hauteur hors tout</th><td>1 130 mm</td></tr><tr><th>Largeur hors tout</th><td>690 mm</td></tr><tr><th>Longueur hors tout</th><td>1 900 mm</td></tr></table><h3>Partie Cycle</h3><table><tr><th>Amortisseur arrière réglable</th><td>Si</td></tr><tr><th>Amortisseur avant réglable</th><td>No</td></tr><tr><th>Taille pneu arrière</th><td>110/70-13</td></tr><tr><th>Taille pneu avant</th><td>100/80-14</td></tr><tr><th>Taille roue arrière</th><td>13 pouces</td></tr><tr><th>Taille roue avant</th><td>14 pouces</td></tr><tr><th>Type frein arrière</th><td>Disque</td></tr><tr><th>Type frein avant</th><td>Disque</td></tr><tr><th>Alarme</th><td>Si</td></tr><tr><th>Freinage couplé</th><td>Si</td></tr><tr><th>Freinage régénératif</th><td>Si</td></tr><tr><th>Homologué 2 places</th><td>No</td></tr><tr><th>Marche Arrière</th><td>Si</td></tr><tr><th>Modes de conduites</th><td>3 + Marche arrière</td></tr><tr><th>Prise USB</th><td>Si</td></tr><tr><th>Rangement casque sous la selle</th><td>Si</td></tr><tr><th>Régulateur</th><td>Si</td></tr><tr><th>Categoria omologazione</th><td>L3e</td></tr><tr><th>Code National</th><td>MTL</td></tr><tr><th>Couleur</th><td>Noir</td></tr><tr><th>Dimensioni</th><td>1900 × 690 × 1130 cm</td></tr><tr><th>Marque</th><td>HORWIN</td></tr><tr><th>Modèle</th><td>EK3 DS</td></tr><tr><th>Patente</th><td>Permis B + Formation 7h, Permis moto</td></tr><tr><th>Peso in ordine di marcia</th><td>110 kg</td></tr></table><h2>Note</h2><p>Disponibilita, prezzi e varianti possono variare. Si consiglia di verificare la configurazione selezionata prima dell'acquisto.</p>",,,,,Scooter elettrici > 125,,"https://www.go2roues.com/wp-content/uploads/2022/01/horwin-ek1-ds-noir-cote-droit.jpg, https://www.go2roues.com/wp-content/uploads/2022/01/horwin-ek3-batterie.jpg, https://www.go2roues.com/wp-content/uploads/2022/01/horwin-ek1-vide-poche.jpg, https://www.go2roues.com/wp-content/uploads/2022/01/horwin-ek1-plaque.jpg, https://www.go2roues.com/wp-content/uploads/2022/01/horwin-ek3-compteur.jpg, https://www.go2roues.com/wp-content/uploads/2022/01/horwin-ek1-ds-prise-charge-externe.jpg, https://www.go2roues.com/wp-content/uploads/2022/01/horwin-ek1-feu-arriere.jpg, https://www.go2roues.com/wp-content/uploads/2022/01/horwin-ek3-deluxe-commodo-gauche.jpg, https://www.go2roues.com/wp-content/uploads/2022/01/horwin-ek1-ds-feu-avant.jpg, https://www.go2roues.com/wp-content/uploads/2022/01/horwin-ek1-logo-avant.jpg, http://www.go2roues.com/wp-content/uploads/2022/01/horwin-ek1-ds-noir-cote-droit.jpg",,Colore,,1,1,Finitura,,1,1,HORWIN
variation,horwin-ek3-ds-55-km,Horwin EK3 DS - 55-km,1,visible,,,5490.00,,yes,no,,,https://www.go2roues.com/wp-content/uploads/2022/01/horwin-ek1-ds-noir-cote-droit.jpg,www-go2roues-com-shop-horwin-ek3-ds,Colore,,,,Finitura,,,,HORWIN
variation,horwin-ek3-ds-110-km,Horwin EK3 DS - 110-km,1,visible,,,6990.00,,yes,no,,,https://www.go2roues.com/wp-content/uploads/2022/01/horwin-ek1-ds-noir-cote-droit.jpg,www-go2roues-com-shop-horwin-ek3-ds,Colore,,,,Finitura,,,,HORWIN
simple,niu-nqi-cargo,Niu NQi Cargo,1,visible,<p><strong>Niu NQi Cargo</strong> . <em>Venduto da Distribuzione Import Export S.R.L.</em>.</p><ul><li>Autonomia dichiarata: 80 km</li><li>Velocita massima: 45 km/h</li><li>Tempo di ricarica: 9 h</li><li>Peso: 11 kg</li></ul>,"<h2>Panoramica</h2><p>Contenuto riscritto e ottimizzato per una boutique italiana: informazioni chiare, valori tecnici organizzati e testo pensato per aiutare la decisione d'acquisto.</p><p><strong>Venditore:</strong> Distribuzione Import Export S.R.L.</p><p><strong>Categoria:</strong> Scooter elettrici</p><h2>Punti di forza</h2><ul><li>État de charge,</li><li>Géolocalisation,</li><li>Alertes en cas de tentative de vol du scooter…</li></ul><h2>Scheda tecnica</h2><h3>Moteur</h3><table><tr><th>Couple maximal</th><td>120 Nm</td></tr><tr><th>Equivalenza cilindrata</th><td>Équivalent 50 cm3</td></tr><tr><th>Marque du moteur</th><td>Bosch</td></tr><tr><th>Potenza massima</th><td>2 300 W</td></tr><tr><th>Potenza motore</th><td>1 800 W</td></tr><tr><th>Transmission</th><td>Moteur intégré dans la roue arrière</td></tr><tr><th>Velocita massima</th><td>45 km/h</td></tr></table><h3>Batterie</h3><table><tr><th>Autonomia</th><td>80 km</td></tr><tr><th>Batteria rimovibile</th><td>Si</td></tr><tr><th>Caricatore incluso</th><td>Si</td></tr><tr><th>Intensité du chargeur</th><td>4A</td></tr><tr><th>Poids de la batterie</th><td>11 kg</td></tr><tr><th>Capacita batteria</th><td>2.1 kWh</td></tr><tr><th>Tempo di ricarica</th><td>9 h</td></tr><tr><th>Tipo di batteria</th><td>Lithium</td></tr><tr><th>Voltage & Ampérage de la Batterie</th><td>60V / 35Ah</td></tr></table><h3>Chassis</h3><table><tr><th>Charge maximale</th><td>269 kg</td></tr><tr><th>Empattement</th><td>1 280 mm</td></tr><tr><th>Garde au sol minimale</th><td>145 mm</td></tr><tr><th>Hauteur de selle</th><td>760 mm</td></tr><tr><th>Hauteur hors tout</th><td>1 130 mm</td></tr><tr><th>Largeur hors tout</th><td>700 mm</td></tr><tr><th>Longueur hors tout</th><td>1 800 mm</td></tr></table><h3>Partie Cycle</h3><table><tr><th>Amortisseur arrière réglable</th><td>Si</td></tr><tr><th>Amortisseur avant réglable</th><td>No</td></tr><tr><th>Taille frein arrière</th><td>180 mm</td></tr><tr><th>Taille frein avant</th><td>220 mm</td></tr><tr><th>Taille pneu arrière</th><td>120/70-12</td></tr><tr><th>Taille pneu avant</th><td>90/90-12</td></tr><tr><th>Taille roue arrière</th><td>12 pouces</td></tr><tr><th>Taille roue avant</th><td>12 pouces</td></tr><tr><th>Type frein arrière</th><td>Disque</td></tr><tr><th>Type frein avant</th><td>Disque</td></tr><tr><th>Alarme</th><td>Si</td></tr><tr><th>Freinage couplé</th><td>Si</td></tr><tr><th>Freinage régénératif</th><td>Si</td></tr><tr><th>Homologué 2 places</th><td>No</td></tr><tr><th>Marche Arrière</th><td>No</td></tr><tr><th>Prise USB</th><td>Si</td></tr><tr><th>Rangement casque sous la selle</th><td>No</td></tr><tr><th>Régulateur</th><td>Si</td></tr><tr><th>Categoria omologazione</th><td>L1e</td></tr><tr><th>Code National</th><td>CL</td></tr><tr><th>Couleur</th><td>Blanc</td></tr><tr><th>Dimensioni</th><td>180 × 70 × 113 cm</td></tr><tr><th>Marque</th><td>Niu</td></tr><tr><th>Modèle</th><td>NQi Cargo</td></tr><tr><th>Patente</th><td>Permis AM, Sans permis</td></tr><tr><th>Peso in ordine di marcia</th><td>104 kg</td></tr></table><h2>Note</h2><p>Disponibilita, prezzi e varianti possono variare. Si consiglia di verificare la configurazione selezionata prima dell'acquisto.</p>",0.00,,yes,no,Scooter elettrici,,"http://www.go2roues.com/wp-content/uploads/2019/05/niu-nqi-cargo-n-cargo-trois-quart-face-droit-1.jpg, https://www.go2roues.com/wp-content/uploads/2019/05/niu-nqi-cargo-n-cargo-trois-quart-face-droit-1.jpg, https://www.go2roues.com/wp-content/uploads/2019/05/niu-nqi-cargo-n-cargo-cote-droit.jpg, https://www.go2roues.com/wp-content/uploads/2019/05/niu-nqi-cargo-n-cargo-quart-arriere-droit.jpg, https://www.go2roues.com/wp-content/uploads/2019/05/niu-nqi-cargo-n-cargo-vue-arriere.jpg, https://www.go2roues.com/wp-content/uploads/2019/05/niu-nqi-cargo-n-cargo-trois-quart-arriere-gauche.jpg, https://www.go2roues.com/wp-content/uploads/2019/05/niu-nqi-cargo-n-cargo-cote-gauche.jpg, https://www.go2roues.com/wp-content/uploads/2019/05/niu-nqi-cargo-n-cargo-trois-quart-face-gauche.jpg, https://www.go2roues.com/wp-content/uploads/2019/05/niu-nqi-cargo-n-cargo-vue-devant.jpg, https://www.go2roues.com/wp-content/uploads/2019/05/NIU-NCARGO.jpg, https://www.go2roues.com/wp-content/uploads/2019/05/niu-nqi-cargo-n-cargo-phare.jpg, https://www.go2roues.com/wp-content/uploads/2019/05/niu-nqisport-n1s-compteur.jpg",,,,,,,,,,Niu
variable,www-go2roues-com-shop-horwin-ek3-deluxe,Horwin EK3 Deluxe,1,visible,"<p><strong>Horwin EK3 Deluxe</strong> di HORWIN. <em>Venduto da Distribuzione Import Export S.R.L.</em>.</p><ul><li>Autonomia dichiarata: 55 km, 85 km, 110 km, 170 km</li><li>Velocita massima: 95 km/h</li><li>Tempo di ricarica: 4 h</li><li>Peso: 18 kg</li></ul>","<h2>Panoramica</h2><p>Contenuto riscritto e ottimizzato per una boutique italiana: informazioni chiare, valori tecnici organizzati e testo pensato per aiutare la decisione d'acquisto.</p><p><strong>Venditore:</strong> Distribuzione Import Export S.R.L.</p><p><strong>Categoria:</strong> Scooter elettrici > 125</p><h2>Scheda tecnica</h2><h3>Moteur</h3><table><tr><th>Couple maximal</th><td>189 Nm</td></tr><tr><th>Equivalenza cilindrata</th><td>Équivalent 125 cm3</td></tr><tr><th>Marque du moteur</th><td>Horwin</td></tr><tr><th>Potenza massima</th><td>6 200 W</td></tr><tr><th>Potenza motore</th><td>3 500 W</td></tr><tr><th>Transmission</th><td>Par chaîne</td></tr><tr><th>Velocita massima</th><td>95 km/h</td></tr></table><h3>Batterie</h3><table><tr><th>Autonomia</th><td>55 km, 85 km, 110 km, 170 km</td></tr><tr><th>Batteria rimovibile</th><td>Si</td></tr><tr><th>Caricatore incluso</th><td>Si</td></tr><tr><th>Intensité du chargeur</th><td>10A</td></tr><tr><th>Poids de la batterie</th><td>18 kg</td></tr><tr><th>Capacita batteria</th><td>2.59 kWh, 2.59 kWh x 2</td></tr><tr><th>Tempo di ricarica</th><td>4 h</td></tr><tr><th>Tipo di batteria</th><td>Lithium</td></tr><tr><th>Voltage & Ampérage de la Batterie</th><td>72V / 36Ah, 72V / 36Ah x 2</td></tr></table><h3>Chassis</h3><table><tr><th>Charge maximale</th><td>170 kg</td></tr><tr><th>Empattement</th><td>1 320 mm</td></tr><tr><th>Garde au sol minimale</th><td>125 mm</td></tr><tr><th>Hauteur de selle</th><td>780 mm</td></tr><tr><th>Hauteur hors tout</th><td>1 130 mm</td></tr><tr><th>Largeur hors tout</th><td>690 mm</td></tr><tr><th>Longueur hors tout</th><td>1 900 mm</td></tr></table><h3>Partie Cycle</h3><table><tr><th>Amortisseur arrière réglable</th><td>Si</td></tr><tr><th>Amortisseur avant réglable</th><td>No</td></tr><tr><th>Taille pneu arrière</th><td>110/70-13</td></tr><tr><th>Taille pneu avant</th><td>100/80-14</td></tr><tr><th>Taille roue arrière</th><td>13 pouces</td></tr><tr><th>Taille roue avant</th><td>14 pouces</td></tr><tr><th>Type frein arrière</th><td>Disque</td></tr><tr><th>Type frein avant</th><td>Disque</td></tr><tr><th>Alarme</th><td>Si</td></tr><tr><th>Freinage couplé</th><td>Si</td></tr><tr><th>Freinage régénératif</th><td>Si</td></tr><tr><th>Homologué 2 places</th><td>Si</td></tr><tr><th>Marche Arrière</th><td>Si</td></tr><tr><th>Modes de conduites</th><td>3 + Marche arrière</td></tr><tr><th>Prise USB</th><td>Si</td></tr><tr><th>Rangement casque sous la selle</th><td>Si</td></tr><tr><th>Régulateur</th><td>Si</td></tr><tr><th>Categoria omologazione</th><td>L3e</td></tr><tr><th>Code National</th><td>MTL</td></tr><tr><th>Couleur</th><td>Dark Blue, Silver</td></tr><tr><th>Dimensioni</th><td>1900 × 690 × 1130 cm</td></tr><tr><th>Marque</th><td>HORWIN</td></tr><tr><th>Modèle</th><td>EK3</td></tr><tr><th>Patente</th><td>Permis B + Formation 7h, Permis moto</td></tr><tr><th>Peso in ordine di marcia</th><td>110 kg</td></tr></table><h2>Note</h2><p>Disponibilita, prezzi e varianti possono variare. Si consiglia di verificare la configurazione selezionata prima dell'acquisto.</p>",,,,,Scooter elettrici > 125,,"https://www.go2roues.com/wp-content/uploads/2022/01/horwin-ek3-deluxe-dark-blue-trois-quart-face-gauche.jpg, https://www.go2roues.com/wp-content/uploads/2022/01/horwin-ek3-deluxe-gris-cote-gauche.jpg, https://www.go2roues.com/wp-content/uploads/2022/01/horwin-ek3-deluxe-pluie.jpg, https://www.go2roues.com/wp-content/uploads/2022/01/horwin-ek3-deluxe-gros-plan-amortisseur.jpg, https://www.go2roues.com/wp-content/uploads/2022/01/horwin-ek3-compteur.jpg, https://www.go2roues.com/wp-content/uploads/2022/01/horwin-ek3-batterie.jpg, https://www.go2roues.com/wp-content/uploads/2022/01/horwin-ek1-plaque.jpg, https://www.go2roues.com/wp-content/uploads/2022/01/horwin-ek3-deluxe-roue-avant.jpg, https://www.go2roues.com/wp-content/uploads/2022/01/horwin-ek3-deluxe-commodo-gauche.jpg, https://www.go2roues.com/wp-content/uploads/2022/01/horwin-ek3-deluxe-batterie.jpg, http://www.go2roues.com/wp-content/uploads/2022/01/horwin-ek3-deluxe-dark-blue-trois-quart-face-gauche.jpg",,Colore,,1,1,Finitura,,1,1,HORWIN
variation,horwin-ek3-deluxe-110-km-dark-blue,Horwin EK3 Deluxe - 110-km / dark-blue,1,visible,,,6990.00,,yes,notify,,,https://www.go2roues.com/wp-content/uploads/2022/01/horwin-ek3-deluxe-dark-blue-trois-quart-face-gauche.jpg,www-go2roues-com-shop-horwin-ek3-deluxe,Colore,Dark Blue,,,Finitura,,,,HORWIN
variation,horwin-ek3-deluxe-55-km-dark-blue,Horwin EK3 Deluxe - 55-km / dark-blue,1,visible,,,5490.00,,yes,notify,,,https://www.go2roues.com/wp-content/uploads/2022/01/horwin-ek3-deluxe-dark-blue-trois-quart-face-gauche.jpg,www-go2roues-com-shop-horwin-ek3-deluxe,Colore,Dark Blue,,,Finitura,,,,HORWIN
variable,www-go2roues-com-shop-horwin-ek3,Horwin EK3,1,visible,"<p><strong>Horwin EK3</strong> di HORWIN. <em>Venduto da Distribuzione Import Export S.R.L.</em>.</p><ul><li>Autonomia dichiarata: 55 km, 110 km</li><li>Velocita massima: 95 km/h</li><li>Tempo di ricarica: 4 h</li><li>Peso: 18 kg</li></ul>","<h2>Panoramica</h2><p>Contenuto riscritto e ottimizzato per una boutique italiana: informazioni chiare, valori tecnici organizzati e testo pensato per aiutare la decisione d'acquisto.</p><p><strong>Venditore:</strong> Distribuzione Import Export S.R.L.</p><p><strong>Categoria:</strong> Scooter elettrici > 125</p><h2>Scheda tecnica</h2><h3>Moteur</h3><table><tr><th>Couple maximal</th><td>189 Nm</td></tr><tr><th>Equivalenza cilindrata</th><td>Équivalent 125 cm3</td></tr><tr><th>Marque du moteur</th><td>Horwin</td></tr><tr><th>Potenza massima</th><td>6 200 W</td></tr><tr><th>Potenza motore</th><td>3 500 W</td></tr><tr><th>Transmission</th><td>Par chaîne</td></tr><tr><th>Velocita massima</th><td>95 km/h</td></tr></table><h3>Batterie</h3><table><tr><th>Autonomia</th><td>55 km, 110 km</td></tr><tr><th>Batteria rimovibile</th><td>Si</td></tr><tr><th>Caricatore incluso</th><td>Si</td></tr><tr><th>Intensité du chargeur</th><td>10A</td></tr><tr><th>Poids de la batterie</th><td>18 kg</td></tr><tr><th>Capacita batteria</th><td>2.59 kWh, 2.59 kWh x 2</td></tr><tr><th>Tempo di ricarica</th><td>4 h</td></tr><tr><th>Tipo di batteria</th><td>Lithium</td></tr><tr><th>Voltage & Ampérage de la Batterie</th><td>72V / 36Ah, 72V / 36Ah x 2</td></tr></table><h3>Chassis</h3><table><tr><th>Charge maximale</th><td>170 kg</td></tr><tr><th>Empattement</th><td>1 320 mm</td></tr><tr><th>Garde au sol minimale</th><td>125 mm</td></tr><tr><th>Hauteur de selle</th><td>780 mm</td></tr><tr><th>Hauteur hors tout</th><td>1 130 mm</td></tr><tr><th>Largeur hors tout</th><td>690 mm</td></tr><tr><th>Longueur hors tout</th><td>1 900 mm</td></tr></table><h3>Partie Cycle</h3><table><tr><th>Amortisseur arrière réglable</th><td>Si</td></tr><tr><th>Amortisseur avant réglable</th><td>No</td></tr><tr><th>Taille pneu arrière</th><td>110/70-13</td></tr><tr><th>Taille pneu avant</th><td>100/80-14</td></tr><tr><th>Taille roue arrière</th><td>13 pouces</td></tr><tr><th>Taille roue avant</th><td>14 pouces</td></tr><tr><th>Type frein arrière</th><td>Disque</td></tr><tr><th>Type frein avant</th><td>Disque</td></tr><tr><th>Alarme</th><td>Si</td></tr><tr><th>Freinage couplé</th><td>Si</td></tr><tr><th>Freinage régénératif</th><td>Si</td></tr><tr><th>Homologué 2 places</th><td>Si</td></tr><tr><th>Marche Arrière</th><td>Si</td></tr><tr><th>Modes de conduites</th><td>3 + Marche arrière</td></tr><tr><th>Prise USB</th><td>Si</td></tr><tr><th>Rangement casque sous la selle</th><td>Si</td></tr><tr><th>Régulateur</th><td>Si</td></tr><tr><th>Categoria omologazione</th><td>L3e</td></tr><tr><th>Code National</th><td>MTL</td></tr><tr><th>Couleur</th><td>Blanc, Gris, Noir Mat, Rose, Rouge, Vert</td></tr><tr><th>Dimensioni</th><td>1900 × 690 × 1130 cm</td></tr><tr><th>Marque</th><td>HORWIN</td></tr><tr><th>Modèle</th><td>EK3</td></tr><tr><th>Patente</th><td>Permis B + Formation 7h, Permis moto</td></tr><tr><th>Peso in ordine di marcia</th><td>110 kg</td></tr></table><h2>Note</h2><p>Disponibilita, prezzi e varianti possono variare. Si consiglia di verificare la configurazione selezionata prima dell'acquisto.</p>",,,,,Scooter elettrici > 125,,"https://www.go2roues.com/wp-content/uploads/2022/01/horwin-ek3-rouge-trois-quart-face-gauche.jpg, https://www.go2roues.com/wp-content/uploads/2022/01/horwin-ek3-rouge-cote-gauche.jpg, https://www.go2roues.com/wp-content/uploads/2022/01/horwin-ek3-noir-cote-gauche.jpg, https://www.go2roues.com/wp-content/uploads/2022/01/horwin-ek3-gris-cote-gauche.jpg, https://www.go2roues.com/wp-content/uploads/2022/01/horwin-ek3-blanc-cote-gauche.jpg, https://www.go2roues.com/wp-content/uploads/2022/01/horwin-ek3-gros-plan-arriere-gauche.jpg, https://www.go2roues.com/wp-content/uploads/2022/01/horwin-ek3-batterie.jpg, https://www.go2roues.com/wp-content/uploads/2022/01/horwin-ek1-vide-poche.jpg, https://www.go2roues.com/wp-content/uploads/2022/01/horwin-ek1-plaque.jpg, https://www.go2roues.com/wp-content/uploads/2022/01/horwin-ek3-compteur.jpg, https://www.go2roues.com/wp-content/uploads/2022/01/horwin-ek1-logo-avant.jpg, http://www.go2roues.com/wp-content/uploads/2022/01/horwin-ek3-rouge-trois-quart-face-gauche.jpg",,Colore,,1,1,Finitura,,1,1,HORWIN
variation,horwin-ek3-55-km-blanc,Horwin EK3 - 55-km / blanc,1,visible,,,4990.00,,yes,no,,,https://www.go2roues.com/wp-content/uploads/2022/01/horwin-ek3-blanc-cote-gauche.jpg,www-go2roues-com-shop-horwin-ek3,Colore,Bianco,,,Finitura,,,,HORWIN
variation,horwin-ek3-110-km-blanc,Horwin EK3 - 110-km / blanc,1,visible,,,6490.00,,yes,no,,,https://www.go2roues.com/wp-content/uploads/2022/01/horwin-ek3-blanc-cote-gauche.jpg,www-go2roues-com-shop-horwin-ek3,Colore,Bianco,,,Finitura,,,,HORWIN
variation,horwin-ek3-55-km-rose,Horwin EK3 - 55-km / rose,1,visible,,,4990.00,,yes,no,,,https://www.go2roues.com/wp-content/uploads/2023/06/ek1-rose-1.png,www-go2roues-com-shop-horwin-ek3,Colore,Rose,,,Finitura,,,,HORWIN
variation,horwin-ek3-110-km-gris,Horwin EK3 - 110-km / gris,1,visible,,,4999.00,,yes,no,,,https://www.go2roues.com/wp-content/uploads/2022/01/ek3-gris.jpeg,www-go2roues-com-shop-horwin-ek3,Colore,Grigio,,,Finitura,,,,HORWIN
variation,horwin-ek3-110-km-rouge,Horwin EK3 - 110-km / rouge,1,visible,,,6490.00,,yes,no,,,https://www.go2roues.com/wp-content/uploads/2022/01/horwin-ek3-rouge-trois-quart-face-gauche.jpg,www-go2roues-com-shop-horwin-ek3,Colore,Rosso,,,Finitura,,,,HORWIN
variation,horwin-ek3-110-km-noir-mat,Horwin EK3 - 110-km / noir-mat,1,visible,,,6490.00,,yes,no,,,https://www.go2roues.com/wp-content/uploads/2022/01/horwin-ek3-noir-cote-gauche.jpg,www-go2roues-com-shop-horwin-ek3,Colore,Noir Mat,,,Finitura,,,,HORWIN
variable,www-go2roues-com-shop-horwin-ek1-ds,Horwin EK1 DS,1,visible,"<p><strong>Horwin EK1 DS</strong> di HORWIN. <em>Venduto da Distribuzione Import Export S.R.L.</em>.</p><ul><li>Autonomia dichiarata: 55 km, 110 km</li><li>Velocita massima: 45 km/h</li><li>Tempo di ricarica: 8h</li><li>Peso: 18 kg</li></ul>","<h2>Panoramica</h2><p>Contenuto riscritto e ottimizzato per una boutique italiana: informazioni chiare, valori tecnici organizzati e testo pensato per aiutare la decisione d'acquisto.</p><p><strong>Venditore:</strong> Distribuzione Import Export S.R.L.</p><p><strong>Categoria:</strong> Scooter elettrici > Sans Permis</p><h2>Scheda tecnica</h2><h3>Moteur</h3><table><tr><th>Couple maximal</th><td>145 Nm</td></tr><tr><th>Equivalenza cilindrata</th><td>Équivalent 50 cm3</td></tr><tr><th>Marque du moteur</th><td>Horwin</td></tr><tr><th>Potenza massima</th><td>2 800 W</td></tr><tr><th>Potenza motore</th><td>2 000 W</td></tr><tr><th>Transmission</th><td>Moteur intégré dans la roue arrière</td></tr><tr><th>Velocita massima</th><td>45 km/h</td></tr></table><h3>Batterie</h3><table><tr><th>Autonomia</th><td>55 km, 110 km</td></tr><tr><th>Batteria rimovibile</th><td>Si</td></tr><tr><th>Caricatore incluso</th><td>Si</td></tr><tr><th>Intensité du chargeur</th><td>5A</td></tr><tr><th>Poids de la batterie</th><td>18 kg</td></tr><tr><th>Capacita batteria</th><td>2.59 kWh, 2.59 kWh x 2</td></tr><tr><th>Tempo di ricarica</th><td>8h</td></tr><tr><th>Tipo di batteria</th><td>Lithium</td></tr><tr><th>Voltage & Ampérage de la Batterie</th><td>72V / 36Ah, 72V / 36Ah x 2</td></tr></table><h3>Chassis</h3><table><tr><th>Charge maximale</th><td>170 kg</td></tr><tr><th>Empattement</th><td>1 320 mm</td></tr><tr><th>Garde au sol minimale</th><td>125 mm</td></tr><tr><th>Hauteur de selle</th><td>780 mm</td></tr><tr><th>Hauteur hors tout</th><td>1 130 mm</td></tr><tr><th>Largeur hors tout</th><td>690 mm</td></tr><tr><th>Longueur hors tout</th><td>1 900 mm</td></tr></table><h3>Partie Cycle</h3><table><tr><th>Amortisseur arrière réglable</th><td>Si</td></tr><tr><th>Amortisseur avant réglable</th><td>No</td></tr><tr><th>Taille pneu arrière</th><td>110/70-13</td></tr><tr><th>Taille pneu avant</th><td>100/80-14</td></tr><tr><th>Taille roue arrière</th><td>13 pouces</td></tr><tr><th>Taille roue avant</th><td>14 pouces</td></tr><tr><th>Type frein arrière</th><td>Disque</td></tr><tr><th>Type frein avant</th><td>Disque</td></tr><tr><th>Alarme</th><td>Si</td></tr><tr><th>Freinage couplé</th><td>Si</td></tr><tr><th>Freinage régénératif</th><td>Si</td></tr><tr><th>Homologué 2 places</th><td>No</td></tr><tr><th>Marche Arrière</th><td>Si</td></tr><tr><th>Modes de conduites</th><td>3 + Marche arrière</td></tr><tr><th>Prise USB</th><td>Si</td></tr><tr><th>Rangement casque sous la selle</th><td>Si</td></tr><tr><th>Régulateur</th><td>Si</td></tr><tr><th>Categoria omologazione</th><td>L1e</td></tr><tr><th>Code National</th><td>CL</td></tr><tr><th>Couleur</th><td>Blanc, Noir Mat</td></tr><tr><th>Dimensioni</th><td>1900 × 690 × 1130 cm</td></tr><tr><th>Marque</th><td>HORWIN</td></tr><tr><th>Modèle</th><td>EK1 DS</td></tr><tr><th>Patente</th><td>Permis AM, Sans permis</td></tr><tr><th>Peso in ordine di marcia</th><td>110 kg</td></tr></table><h2>Note</h2><p>Disponibilita, prezzi e varianti possono variare. Si consiglia di verificare la configurazione selezionata prima dell'acquisto.</p>",,,,,Scooter elettrici > Sans Permis,,"https://www.go2roues.com/wp-content/uploads/2023/09/HORWIN-EK1-DS-NOIR-AVANT-GAUCHE.png, https://www.go2roues.com/wp-content/uploads/2023/09/HORWIN-EK1-DS-NOIR-AVANT-DROIT.png, https://www.go2roues.com/wp-content/uploads/2023/09/HORWIN-EK1-DS-NOIR-ARRIERE-DROIT.png, https://www.go2roues.com/wp-content/uploads/2023/09/HORWIN-EK1-DS-NOIR-ROUE-ET-SUPPORT.png, https://www.go2roues.com/wp-content/uploads/2023/09/HORWIN-EK1-DS-NOIR-COTE-GAUCHE.png, https://www.go2roues.com/wp-content/uploads/2022/01/horwin-ek1-ds-blanc-cote-droit.jpg, https://www.go2roues.com/wp-content/uploads/2023/09/HORWIN-EK1-DS-NOIR-COMMODO-GAUCHE.png, https://www.go2roues.com/wp-content/uploads/2023/09/HORWIN-EK1-DS-NOIR-COMMODO-DROIT.png, https://www.go2roues.com/wp-content/uploads/2023/09/HORWIN-EK1-DS-NOIR-VU-ARRIERE.png, https://www.go2roues.com/wp-content/uploads/2023/09/HORWIN-EK1-DS-NOIR-SELLE-TOP-BOX.png, https://www.go2roues.com/wp-content/uploads/2023/09/HORWIN-EK1-DS-NOIR-SELLE.png, https://www.go2roues.com/wp-content/uploads/2022/01/horwin-ek1-vide-poche.jpg, https://www.go2roues.com/wp-content/uploads/2022/01/horwin-ek1-plaque.jpg, https://www.go2roues.com/wp-content/uploads/2022/01/horwin-ek1-logo-avant.jpg, https://www.go2roues.com/wp-content/uploads/2022/01/horwin-ek1-compteur.jpg",,Colore,,1,1,Finitura,,1,1,HORWIN
variation,horwin-ek1-ds-55-km-noir-mat,Horwin EK1 DS - 55-km / noir-mat,1,visible,,,3890.00,,yes,no,,,https://www.go2roues.com/wp-content/uploads/2023/09/HORWIN-EK1-DS-NOIR-AVANT-GAUCHE.png,www-go2roues-com-shop-horwin-ek1-ds,Colore,Noir Mat,,,Finitura,,,,HORWIN
variation,horwin-ek1-ds-110-km-noir-mat,Horwin EK1 DS - 110-km / noir-mat,1,visible,,,3999.00,,yes,no,,,https://www.go2roues.com/wp-content/uploads/2022/01/horwin-ek1-ds-noir-cote-droit.jpg,www-go2roues-com-shop-horwin-ek1-ds,Colore,Noir Mat,,,Finitura,,,,HORWIN
variable,www-go2roues-com-shop-horwin-sk3-plus,Horwin SK3 Plus,1,visible,<p><strong>Horwin SK3 Plus</strong> di HORWIN. <em>Venduto da Distribuzione Import Export S.R.L.</em>.</p><ul><li>Autonomia dichiarata: 130 km</li><li>Velocita massima: 90 km/h</li><li>Tempo di ricarica: Non</li><li>Peso: 18 kg</li></ul>,"<h2>Panoramica</h2><p>Contenuto riscritto e ottimizzato per una boutique italiana: informazioni chiare, valori tecnici organizzati e testo pensato per aiutare la decisione d'acquisto.</p><p><strong>Venditore:</strong> Distribuzione Import Export S.R.L.</p><p><strong>Categoria:</strong> Scooter elettrici > 125</p><h2>Punti di forza</h2><ul><li>vitesse instantanée,</li><li>niveau de batterie,</li><li>odomètre,</li><li>trip partiel,</li><li>mode de conduite sélectionné</li><li>autonomie restante estimée.</li></ul><h2>Scheda tecnica</h2><h3>Moteur</h3><table><tr><th>Equivalenza cilindrata</th><td>Équivalent 125 cm3</td></tr><tr><th>Marque du moteur</th><td>Horwin</td></tr><tr><th>Potenza massima</th><td>8 640 W</td></tr><tr><th>Potenza motore</th><td>3 600 W</td></tr><tr><th>Transmission</th><td>Par courroie</td></tr><tr><th>Velocita massima</th><td>90 km/h</td></tr></table><h3>Batterie</h3><table><tr><th>Autonomia</th><td>130 km</td></tr><tr><th>Batteria rimovibile</th><td>Si</td></tr><tr><th>Caricatore incluso</th><td>Si</td></tr><tr><th>Intensité du chargeur</th><td>8A</td></tr><tr><th>Poids de la batterie</th><td>18 kg</td></tr><tr><th>Capacita batteria</th><td>3.2 kWh X 2</td></tr><tr><th>Recharge compatible T2</th><td>No</td></tr><tr><th>Tempo di ricarica</th><td>4h30</td></tr><tr><th>Tipo di batteria</th><td>Lithium</td></tr><tr><th>Voltage & Ampérage de la Batterie</th><td>72 V / 45 Ah x 2</td></tr></table><h3>Chassis</h3><table><tr><th>Charge maximale</th><td>281 kg</td></tr><tr><th>Empattement</th><td>1 360 mm</td></tr><tr><th>Garde au sol minimale</th><td>155 mm</td></tr><tr><th>Hauteur de selle</th><td>775 mm</td></tr><tr><th>Hauteur hors tout</th><td>1 130 mm</td></tr><tr><th>Largeur hors tout</th><td>750 mm</td></tr><tr><th>Longueur hors tout</th><td>1 993 mm</td></tr></table><h3>Partie Cycle</h3><table><tr><th>Taille pneu arrière</th><td>120/70-14</td></tr><tr><th>Taille pneu avant</th><td>110/70-14</td></tr><tr><th>Taille roue arrière</th><td>14 pouces</td></tr><tr><th>Taille roue avant</th><td>14 pouces</td></tr><tr><th>Type frein arrière</th><td>Disque</td></tr><tr><th>Type frein avant</th><td>Disque</td></tr><tr><th>Freinage couplé</th><td>Oui, CBS</td></tr><tr><th>Homologué 2 places</th><td>Si</td></tr><tr><th>Marche Arrière</th><td>Si</td></tr><tr><th>Modes de conduites</th><td>3 + Marche arrière</td></tr><tr><th>Rangement casque sous la selle</th><td>Si</td></tr><tr><th>Régulateur</th><td>Si</td></tr><tr><th>Categoria omologazione</th><td>L3e</td></tr><tr><th>Code National</th><td>MTL</td></tr><tr><th>Couleur</th><td>Green, Grey, Black</td></tr><tr><th>Dimensioni</th><td>1900 × 690 × 1130 cm</td></tr><tr><th>Keyless</th><td>Si</td></tr><tr><th>Marque</th><td>HORWIN</td></tr><tr><th>Modèle</th><td>SK3 Plus</td></tr><tr><th>Patente</th><td>Permis B + Formation 7h, Permis moto</td></tr></table><h2>Note</h2><p>Disponibilita, prezzi e varianti possono variare. Si consiglia di verificare la configurazione selezionata prima dell'acquisto.</p>",,,,,Scooter elettrici > 125,,"https://www.go2roues.com/wp-content/uploads/2024/10/HORWIN-SK3-PLUS-BLACK-AVANT-DROIT.png, https://www.go2roues.com/wp-content/uploads/2024/10/HORWIN-SK3-PLUS-BLACK-AVANT-GAUCHE.png, https://www.go2roues.com/wp-content/uploads/2024/10/HORWIN-SK3-PLUS-BLACK-ARRIERE-DROIT.png, https://www.go2roues.com/wp-content/uploads/2024/10/HORWIN-SK3-PLUS-BLACK-ARRIERE-GAUCHE.png, https://www.go2roues.com/wp-content/uploads/2024/10/HORWIN-SK3-PLUS-BLACK-AVANT.png, https://www.go2roues.com/wp-content/uploads/2024/10/HORWIN-SK3-PLUS-GREY-AVANT-GAUCHE.png, https://www.go2roues.com/wp-content/uploads/2024/10/HORWIN-SK3-PLUS-GREY-COTE-DROIT.png, https://www.go2roues.com/wp-content/uploads/2024/10/HORWIN-SK3-PLUS-GREEN-AVANT-DROIT.png, https://www.go2roues.com/wp-content/uploads/2024/10/HORWIN-SK3-PLUS-GREEN-COTE-GAUCHE.png, https://www.go2roues.com/wp-content/uploads/2024/10/HORWIN-SK3-PLUS-GREEN-ARRIERE-DROIT.png, https://www.go2roues.com/wp-content/uploads/2024/10/HORWIN-SK3-PLUS-GREEN-AVANT-GAUCHE.png, https://www.go2roues.com/wp-content/uploads/2024/10/HORWIN-SK3-PLUS-GREEN-COTE-DROIT.png, https://www.go2roues.com/wp-content/uploads/2024/10/HORWIN-SK3-PLUS-GREEN-ZOOM-RETRO.png, https://www.go2roues.com/wp-content/uploads/2024/10/HORWIN-SK3-PLUS-GREY-COTE-GAUCHE.png, https://www.go2roues.com/wp-content/uploads/2024/10/HORWIN-SK3-PLUS-GREY-ARRIERE-DROIT.png",,Colore,,1,1,Finitura,,1,1,HORWIN
variation,horwin-sk3-plus-green,Horwin SK3 Plus - green,1,visible,,,5190.00,,yes,no,,,https://www.go2roues.com/wp-content/uploads/2024/10/HORWIN-SK3-PLUS-GREEN-AVANT-DROIT.png,www-go2roues-com-shop-horwin-sk3-plus,Colore,Green,,,Finitura,,,,HORWIN
variation,horwin-sk3-plus-grey,Horwin SK3 Plus - grey,1,visible,,,5190.00,,yes,no,,,https://www.go2roues.com/wp-content/uploads/2024/10/HORWIN-SK3-PLUS-GREY-.png,www-go2roues-com-shop-horwin-sk3-plus,Colore,Grey,,,Finitura,,,,HORWIN
variation,horwin-sk3-plus-black,Horwin SK3 Plus - black,1,visible,,,5190.00,,yes,no,,,https://www.go2roues.com/wp-content/uploads/2024/10/HORWIN-SK3-PLUS-BLACK-AVANT-DROIT.png,www-go2roues-com-shop-horwin-sk3-plus,Colore,Black,,,Finitura,,,,HORWIN
variable,www-go2roues-com-shop-sarkcyber-hc200,Sarkcyber HC200,1,visible,<p><strong>Sarkcyber HC200</strong> di Sarkcyber. <em>Venduto da Distribuzione Import Export S.R.L.</em>.</p><ul><li>Autonomia dichiarata: 99 km</li><li>Velocita massima: 75 km/h</li><li>Tempo di ricarica: 3.5 h</li><li>Peso: 19 kg</li></ul>,"<h2>Panoramica</h2><p>Contenuto riscritto e ottimizzato per una boutique italiana: informazioni chiare, valori tecnici organizzati e testo pensato per aiutare la decisione d'acquisto.</p><p><strong>Venditore:</strong> Distribuzione Import Export S.R.L.</p><p><strong>Categoria:</strong> Scooter elettrici</p><h2>Punti di forza</h2><ul><li>Dans le mode dynamique, le moteur du HC200 se trouvera au maximum de ses capacités : c’est dans ce mode que la vitesse maximale pourra être atteinte 75 km/h.</li><li>Un espace de rangement sous la selle : au côté de la batterie, on pourra loger un casque, petit sac ou un antivol. Mais, en aucun cas, les trois à la fois !</li><li>À l’avant, sur le tablier, on trouve un grand vide-poche (qui ne ferme pas) de 3.6 litres.</li></ul><h2>Scheda tecnica</h2><h3>Moteur</h3><table><tr><th>Equivalenza cilindrata</th><td>Équivalent 125 cm3</td></tr><tr><th>Marque du moteur</th><td>Sarkcyber</td></tr><tr><th>Potenza massima</th><td>4 500 W</td></tr><tr><th>Potenza motore</th><td>3 000 W</td></tr><tr><th>Transmission</th><td>Moteur intégré dans la roue arrière</td></tr><tr><th>Velocita massima</th><td>75 km/h</td></tr></table><h3>Batterie</h3><table><tr><th>Autonomia</th><td>99 km</td></tr><tr><th>Batteria rimovibile</th><td>Si</td></tr><tr><th>Caricatore incluso</th><td>Si</td></tr><tr><th>Poids de la batterie</th><td>19 kg</td></tr><tr><th>Capacita batteria</th><td>2.7 kWh</td></tr><tr><th>Tempo di ricarica</th><td>3.5 h</td></tr><tr><th>Tipo di batteria</th><td>Lithium</td></tr><tr><th>Voltage & Ampérage de la Batterie</th><td>60V / 45Ah</td></tr></table><h3>Chassis</h3><table><tr><th>Empattement</th><td>1 323 mm</td></tr><tr><th>Hauteur de selle</th><td>763 mm</td></tr><tr><th>Hauteur hors tout</th><td>1 111 mm</td></tr><tr><th>Largeur hors tout</th><td>755 mm</td></tr><tr><th>Longueur hors tout</th><td>2 014 mm</td></tr></table><h3>Partie Cycle</h3><table><tr><th>Amortisseur arrière réglable</th><td>No</td></tr><tr><th>Amortisseur avant réglable</th><td>No</td></tr><tr><th>Taille frein arrière</th><td>190 mm</td></tr><tr><th>Taille frein avant</th><td>220 mm</td></tr><tr><th>Taille pneu arrière</th><td>100/80-14</td></tr><tr><th>Taille pneu avant</th><td>90/90-14</td></tr><tr><th>Taille roue arrière</th><td>14 pouces</td></tr><tr><th>Taille roue avant</th><td>14 pouces</td></tr><tr><th>Type frein arrière</th><td>Disque</td></tr><tr><th>Type frein avant</th><td>Disque</td></tr><tr><th>Alarme</th><td>Si</td></tr><tr><th>Freinage couplé</th><td>Non, Oui</td></tr><tr><th>Freinage régénératif</th><td>No</td></tr><tr><th>Homologué 2 places</th><td>Si</td></tr><tr><th>Marche Arrière</th><td>Si</td></tr><tr><th>Modes de conduites</th><td>3</td></tr><tr><th>Prise USB</th><td>Si</td></tr><tr><th>Rangement casque sous la selle</th><td>Si</td></tr><tr><th>Régulateur</th><td>No</td></tr><tr><th>Categoria omologazione</th><td>L3e</td></tr><tr><th>Code National</th><td>MTL</td></tr><tr><th>Couleur</th><td>Diamond Black, Flash Silver, Moonlight White, Nano Grey</td></tr><tr><th>Dimensioni</th><td>194 × 700 × 1171 cm</td></tr><tr><th>Marque</th><td>Sarkcyber</td></tr><tr><th>Modèle</th><td>HC200</td></tr><tr><th>Patente</th><td>Permis B + Formation 7h</td></tr><tr><th>Peso in ordine di marcia</th><td>115 kg</td></tr></table><h2>Note</h2><p>Disponibilita, prezzi e varianti possono variare. Si consiglia di verificare la configurazione selezionata prima dell'acquisto.</p>",,,,,Scooter elettrici,,"https://www.go2roues.com/wp-content/uploads/2023/07/HC200-gris-face-cote-droit.png, https://www.go2roues.com/wp-content/uploads/2023/07/HC200-noir-avant-droit.png, https://www.go2roues.com/wp-content/uploads/2023/07/HC200-gris-face-cote-gauche.png, https://www.go2roues.com/wp-content/uploads/2023/07/HC200-noir-avant-gauche.png, https://www.go2roues.com/wp-content/uploads/2023/07/HC200-gris-face.png, https://www.go2roues.com/wp-content/uploads/2023/07/HC200-noir-avant.png, https://www.go2roues.com/wp-content/uploads/2023/07/HC200-cote-gauche.png, https://www.go2roues.com/wp-content/uploads/2023/07/HC200-noir-cote-gauche.png, https://www.go2roues.com/wp-content/uploads/2023/07/HC200-cote-droit.png, https://www.go2roues.com/wp-content/uploads/2023/07/HC200-noir-cote-droit.png, https://www.go2roues.com/wp-content/uploads/2023/07/HC200-noir-arriere-gauche.png, https://www.go2roues.com/wp-content/uploads/2023/07/HC200-arriere-gauche.png, https://www.go2roues.com/wp-content/uploads/2023/07/HC200-noir-arriere-droit.png, https://www.go2roues.com/wp-content/uploads/2023/07/HC200-arriere-droit.png, https://www.go2roues.com/wp-content/uploads/2023/07/HC200-arriere.png",,Colore,,1,1,Finitura,,1,1,Sarkcyber
variation,sarkcyber-hc200-diamond-black,Sarkcyber HC200 - diamond-black,1,visible,,,4500.00,,yes,no,,,https://www.go2roues.com/wp-content/uploads/2023/07/HC200-noir-avant-droit.png,www-go2roues-com-shop-sarkcyber-hc200,Colore,Diamond Black,,,Finitura,,,,Sarkcyber
variation,sarkcyber-hc200-flash-silver,Sarkcyber HC200 - flash-silver,1,visible,,,4500.00,,yes,no,,,https://www.go2roues.com/wp-content/uploads/2023/07/HC200-gris-face-cote-droit.png,www-go2roues-com-shop-sarkcyber-hc200,Colore,Flash Silver,,,Finitura,,,,Sarkcyber
variable,www-go2roues-com-shop-ebroh-strada-20th,Ebroh Strada 20th,1,visible,"<p><strong>Ebroh Strada 20th</strong> di Ebroh. <em>Venduto da Distribuzione Import Export S.R.L.</em>.</p><ul><li>Autonomia dichiarata: 70 km, 150 km</li><li>Velocita massima: 130 km/h, 90 km/h</li><li>Tempo di ricarica: 5 h</li><li>Peso: 16 kg</li></ul>","<h2>Panoramica</h2><p>Contenuto riscritto e ottimizzato per una boutique italiana: informazioni chiare, valori tecnici organizzati e testo pensato per aiutare la decisione d'acquisto.</p><p><strong>Venditore:</strong> Distribuzione Import Export S.R.L.</p><p><strong>Categoria:</strong> Scooter elettrici > Maxi scooter</p><h2>Scheda tecnica</h2><h3>Moteur</h3><table><tr><th>Equivalenza cilindrata</th><td>Équivalent 125 cm3</td></tr><tr><th>Marque du moteur</th><td>Ebroh</td></tr><tr><th>Potenza massima</th><td>10 000 W, 3 000 W</td></tr><tr><th>Potenza motore</th><td>3 000 W, 5 000 W</td></tr><tr><th>Transmission</th><td>Moteur intégré dans la roue arrière</td></tr><tr><th>Velocita massima</th><td>130 km/h, 90 km/h</td></tr></table><h3>Batterie</h3><table><tr><th>Autonomia</th><td>70 km, 150 km</td></tr><tr><th>Batteria rimovibile</th><td>Si</td></tr><tr><th>Caricatore incluso</th><td>Si</td></tr><tr><th>Intensité du chargeur</th><td>10A, 20A</td></tr><tr><th>Poids de la batterie</th><td>16 kg</td></tr><tr><th>Capacita batteria</th><td>2.88 kWh, 6.1 kWh</td></tr><tr><th>Tempo di ricarica</th><td>5 h</td></tr><tr><th>Tipo di batteria</th><td>Lithium</td></tr><tr><th>Voltage & Ampérage de la Batterie</th><td>72V / 40Ah, 72V / 85Ah</td></tr></table><h3>Chassis</h3><table><tr><th>Charge maximale</th><td>253 kg</td></tr><tr><th>Hauteur de selle</th><td>840 mm</td></tr><tr><th>Hauteur hors tout</th><td>1 360 mm</td></tr><tr><th>Largeur hors tout</th><td>750 mm</td></tr><tr><th>Longueur hors tout</th><td>2 170 mm</td></tr></table><h3>Partie Cycle</h3><table><tr><th>Amortisseur arrière réglable</th><td>No</td></tr><tr><th>Amortisseur avant réglable</th><td>No</td></tr><tr><th>Taille frein arrière</th><td>240 mm</td></tr><tr><th>Taille frein avant</th><td>240 mm</td></tr><tr><th>Taille pneu arrière</th><td>130/60-13</td></tr><tr><th>Taille pneu avant</th><td>130/60-13</td></tr><tr><th>Taille roue arrière</th><td>13 pouces</td></tr><tr><th>Taille roue avant</th><td>13 pouces</td></tr><tr><th>Type frein arrière</th><td>Disque</td></tr><tr><th>Type frein avant</th><td>Disque</td></tr><tr><th>Alarme</th><td>No</td></tr><tr><th>Freinage couplé</th><td>Si</td></tr><tr><th>Freinage régénératif</th><td>Si</td></tr><tr><th>Homologué 2 places</th><td>Si</td></tr><tr><th>Marche Arrière</th><td>Si</td></tr><tr><th>Modes de conduites</th><td>3</td></tr><tr><th>Prise USB</th><td>Si</td></tr><tr><th>Rangement casque sous la selle</th><td>Si</td></tr><tr><th>Régulateur</th><td>No</td></tr><tr><th>Categoria omologazione</th><td>L3e</td></tr><tr><th>Code National</th><td>MTL</td></tr><tr><th>Couleur</th><td>Doré, Blanc, Gris, Noir</td></tr><tr><th>Dimensioni</th><td>192 × 69 × 116 cm</td></tr><tr><th>Marque</th><td>Ebroh</td></tr><tr><th>Modèle</th><td>Strada 20th 10K, Strada 20th XT</td></tr><tr><th>Patente</th><td>Permis A1, Permis B + Formation 7h</td></tr></table><h2>Note</h2><p>Disponibilita, prezzi e varianti possono variare. Si consiglia di verificare la configurazione selezionata prima dell'acquisto.</p>",,,,,Scooter elettrici > Maxi scooter,,"https://www.go2roues.com/wp-content/uploads/2021/11/ebroh-strada-20th-gris-trois-quart-face-droit.jpg, https://www.go2roues.com/wp-content/uploads/2021/11/ebroh-strada-20th-dore-trois-quart-face-droit.jpg, https://www.go2roues.com/wp-content/uploads/2021/11/ebroh-strada-20th-blanc-trois-quart-face-droit.jpg, https://www.go2roues.com/wp-content/uploads/2021/11/ebroh-strada-20th-noir-trois-quart-face-droit.jpg, https://www.go2roues.com/wp-content/uploads/2021/11/ebroh-strada-20th-gris-cote-droit.jpg, https://www.go2roues.com/wp-content/uploads/2021/11/ebroh-strada-20th-gris-vue-devant.jpg, https://www.go2roues.com/wp-content/uploads/2021/11/ebroh-strada-20th-10k-batterie-chargeur.jpg, https://www.go2roues.com/wp-content/uploads/2021/11/ebroh-strada-20th-xt-batterie-amovible.jpg, https://www.go2roues.com/wp-content/uploads/2021/11/ebroh-strada-20th-coffre-batterie.jpg, https://www.go2roues.com/wp-content/uploads/2021/11/ebroh-strada-20th-10k-moteur.jpg, http://www.go2roues.com/wp-content/uploads/2021/11/ebroh-strada-20th-gris-trois-quart-face-droit.jpg",,Colore,,1,1,Finitura,,1,1,Ebroh
variation,ebroh-strada-20th-blanc-strada-20th-xt,Ebroh Strada 20th - blanc / strada-20th-xt,1,visible,,,4950.00,,yes,no,,,https://www.go2roues.com/wp-content/uploads/2021/11/ebroh-strada-20th-blanc-trois-quart-face-droit.jpg,www-go2roues-com-shop-ebroh-strada-20th,Colore,Bianco,,,Finitura,,,,Ebroh
variation,ebroh-strada-20th-gris-strada-20th-xt,Ebroh Strada 20th - gris / strada-20th-xt,1,visible,,,4950.00,,yes,no,,,https://www.go2roues.com/wp-content/uploads/2021/11/ebroh-strada-20th-xt-gris-trois-quart-face-droit.jpg,www-go2roues-com-shop-ebroh-strada-20th,Colore,Grigio,,,Finitura,,,,Ebroh
variation,ebroh-strada-20th-noir-strada-20th-xt,Ebroh Strada 20th - noir / strada-20th-xt,1,visible,,,4950.00,,yes,no,,,https://www.go2roues.com/wp-content/uploads/2021/11/ebroh-strada-20th-noir-trois-quart-face-droit.jpg,www-go2roues-com-shop-ebroh-strada-20th,Colore,Nero,,,Finitura,,,,Ebroh
variation,ebroh-strada-20th-noir-strada-20th-10k,Ebroh Strada 20th - noir / strada-20th-10k,1,visible,,,7404.00,,yes,no,,,https://www.go2roues.com/wp-content/uploads/2021/11/ebroh-strada-20th-noir-trois-quart-face-droit.jpg,www-go2roues-com-shop-ebroh-strada-20th,Colore,Nero,,,Finitura,,,,Ebroh
variation,ebroh-strada-20th-gris-strada-20th-10k,Ebroh Strada 20th - gris / strada-20th-10k,1,visible,,,7404.00,,yes,no,,,https://www.go2roues.com/wp-content/uploads/2021/11/ebroh-strada-20th-gris-trois-quart-face-droit.jpg,www-go2roues-com-shop-ebroh-strada-20th,Colore,Grigio,,,Finitura,,,,Ebroh
variation,ebroh-strada-20th-blanc-strada-20th-10k,Ebroh Strada 20th - blanc / strada-20th-10k,1,visible,,,7404.00,,yes,no,,,https://www.go2roues.com/wp-content/uploads/2021/11/ebroh-strada-20th-blanc-trois-quart-face-droit.jpg,www-go2roues-com-shop-ebroh-strada-20th,Colore,Bianco,,,Finitura,,,,Ebroh
variation,ebroh-strada-20th-dore-strada-20th-10k,Ebroh Strada 20th - dore / strada-20th-10k,1,visible,,,7404.00,,yes,no,,,https://www.go2roues.com/wp-content/uploads/2021/11/ebroh-strada-20th-dore-trois-quart-face-droit.jpg,www-go2roues-com-shop-ebroh-strada-20th,Colore,Dore,,,Finitura,,,,Ebroh
simple,niu-mqi-gt-evo,NIU MQi GT Evo,1,visible,<p><strong>NIU MQi GT Evo</strong> . <em>Venduto da Distribuzione Import Export S.R.L.</em>.</p><ul><li>Autonomia dichiarata: 75 km</li><li>Velocita massima: 100 km/h</li><li>Tempo di ricarica: 4 à 5 h</li><li>Peso: 14 kg par batterie</li></ul>,"<h2>Panoramica</h2><p>Contenuto riscritto e ottimizzato per una boutique italiana: informazioni chiare, valori tecnici organizzati e testo pensato per aiutare la decisione d'acquisto.</p><p><strong>Venditore:</strong> Distribuzione Import Export S.R.L.</p><p><strong>Categoria:</strong> Scooter elettrici > 125</p><h2>Scheda tecnica</h2><h3>Moteur</h3><table><tr><th>Couple maximal</th><td>45 Nm</td></tr><tr><th>Equivalenza cilindrata</th><td>Équivalent 125 cm3</td></tr><tr><th>Marque du moteur</th><td>Niu</td></tr><tr><th>Potenza massima</th><td>6 500 W</td></tr><tr><th>Potenza motore</th><td>5 000 W</td></tr><tr><th>Transmission</th><td>Moteur intégré dans la roue arrière</td></tr><tr><th>Velocita massima</th><td>100 km/h</td></tr></table><h3>Batterie</h3><table><tr><th>Autonomia</th><td>75 km</td></tr><tr><th>Batteria rimovibile</th><td>Si</td></tr><tr><th>Caricatore incluso</th><td>Si</td></tr><tr><th>Intensité du chargeur</th><td>16A</td></tr><tr><th>Poids de la batterie</th><td>14 kg par batterie</td></tr><tr><th>Capacita batteria</th><td>1.87 kWh x 2</td></tr><tr><th>Tempo di ricarica</th><td>4 à 5 h</td></tr><tr><th>Tipo di batteria</th><td>Lithium</td></tr><tr><th>Voltage & Ampérage de la Batterie</th><td>72V / 26Ah x 2</td></tr></table><h3>Chassis</h3><table><tr><th>Charge maximale</th><td>269 kg</td></tr><tr><th>Empattement</th><td>1 389 mm</td></tr><tr><th>Garde au sol minimale</th><td>180 mm</td></tr><tr><th>Hauteur de selle</th><td>816 mm</td></tr><tr><th>Hauteur hors tout</th><td>1 171 mm</td></tr><tr><th>Largeur hors tout</th><td>700 mm</td></tr><tr><th>Longueur hors tout</th><td>1 949 mm</td></tr></table><h3>Partie Cycle</h3><table><tr><th>Amortisseur arrière réglable</th><td>No</td></tr><tr><th>Amortisseur avant réglable</th><td>No</td></tr><tr><th>Taille frein arrière</th><td>180 mm</td></tr><tr><th>Taille frein avant</th><td>220 mm</td></tr><tr><th>Taille pneu arrière</th><td>110/80-14</td></tr><tr><th>Taille pneu avant</th><td>90/90-14</td></tr><tr><th>Taille roue arrière</th><td>14 pouces</td></tr><tr><th>Taille roue avant</th><td>14 pouces</td></tr><tr><th>Type frein arrière</th><td>Disque</td></tr><tr><th>Type frein avant</th><td>Disque</td></tr><tr><th>Alarme</th><td>Si</td></tr><tr><th>Freinage couplé</th><td>Si</td></tr><tr><th>Freinage régénératif</th><td>Si</td></tr><tr><th>Homologué 2 places</th><td>Si</td></tr><tr><th>Marche Arrière</th><td>No</td></tr><tr><th>Modes de conduites</th><td>3</td></tr><tr><th>Prise USB</th><td>Si</td></tr><tr><th>Rangement casque sous la selle</th><td>No</td></tr><tr><th>Régulateur</th><td>Si</td></tr><tr><th>Accélération</th><td>0 à 50 km/h en 3.6 secondes</td></tr><tr><th>Categoria omologazione</th><td>L3e</td></tr><tr><th>Code National</th><td>MTL</td></tr><tr><th>Couleur</th><td>Blanc, Gris, Noir, Orange</td></tr><tr><th>Dimensioni</th><td>194 × 700 × 1171 cm</td></tr><tr><th>Marque</th><td>Niu</td></tr><tr><th>Modèle</th><td>MQi GT Evo</td></tr><tr><th>Patente</th><td>Permis B + Formation 7h</td></tr><tr><th>Peso in ordine di marcia</th><td>115 kg</td></tr></table><h2>Note</h2><p>Disponibilita, prezzi e varianti possono variare. Si consiglia di verificare la configurazione selezionata prima dell'acquisto.</p>",0.00,,yes,no,Scooter elettrici > 125,,"http://www.go2roues.com/wp-content/uploads/2020/12/niu-mqigt-evo-gris-trois-quart-face-droit.jpg, https://www.go2roues.com/wp-content/uploads/2020/12/niu-mqigt-evo-gris-trois-quart-face-droit.jpg, https://www.go2roues.com/wp-content/uploads/2020/12/niu-mqigt-blanc-trois-quart-face-droit.jpg, https://www.go2roues.com/wp-content/uploads/2020/12/niu-mqigt-noir-trois-quart-face-droit.jpg, https://www.go2roues.com/wp-content/uploads/2020/12/niu-mqi-gt-evo-logo.jpg, https://www.go2roues.com/wp-content/uploads/2020/12/niu-mqigt-evo-compteur-bleu.jpg, https://www.go2roues.com/wp-content/uploads/2020/12/niu-mqigt-evo-compteur-vert.jpg, https://www.go2roues.com/wp-content/uploads/2020/12/niu-mqigt-evo-compteur-rouge.jpg, https://www.go2roues.com/wp-content/uploads/2020/12/niu-mqigt-commodo-droit.jpg, https://www.go2roues.com/wp-content/uploads/2020/12/niu-mqigt-commodo-gauche.jpg, https://www.go2roues.com/wp-content/uploads/2020/12/niu-mqigt-selle-biplace-deux-places.jpg, https://www.go2roues.com/wp-content/uploads/2020/12/niu-mqigt-roue-avant-frein-disque-ebs-cbs.jpg, https://www.go2roues.com/wp-content/uploads/2020/12/niu-mqigt-roue-arriere-support-plaque.jpg, https://www.go2roues.com/wp-content/uploads/2020/12/niu-mqigt-cote-droit-gros-plan-avant.jpg, https://www.go2roues.com/wp-content/uploads/2020/12/niu-mqigt-application-4g-gps-antivol.jpg",,,,,,,,,,Niu
simple,bmw-ce-04,BMW CE 04,1,visible,<p><strong>BMW CE 04</strong> . <em>Venduto da Distribuzione Import Export S.R.L.</em>.</p><ul><li>Autonomia dichiarata: 130 km</li><li>Velocita massima: 120 km/h</li><li>Tempo di ricarica: 4 h 20</li><li>Peso: 231 kg</li></ul>,"<h2>Panoramica</h2><p>Contenuto riscritto e ottimizzato per una boutique italiana: informazioni chiare, valori tecnici organizzati e testo pensato per aiutare la decisione d'acquisto.</p><p><strong>Venditore:</strong> Distribuzione Import Export S.R.L.</p><p><strong>Categoria:</strong> Scooter elettrici > Maxi scooter</p><h2>Punti di forza</h2><ul><li>« Blanc Lumineux », modèle de base</li><li>« Magellan Grey Metallic » : gris métallique, qui comporte des éléments en options.</li></ul><h2>Scheda tecnica</h2><h3>Moteur</h3><table><tr><th>Equivalenza cilindrata</th><td>Équivalent 250 cm3, Équivalent 125 cm3</td></tr><tr><th>Marque du moteur</th><td>BMW</td></tr><tr><th>Potenza massima</th><td>23 000 W</td></tr><tr><th>Potenza motore</th><td>11 000 W</td></tr><tr><th>Transmission</th><td>Par courroie</td></tr><tr><th>Velocita massima</th><td>120 km/h</td></tr></table><h3>Batterie</h3><table><tr><th>Autonomia</th><td>130 km</td></tr><tr><th>Batteria rimovibile</th><td>No</td></tr><tr><th>Caricatore incluso</th><td>Si</td></tr><tr><th>Capacita batteria</th><td>6.2 kWh</td></tr><tr><th>Tempo di ricarica</th><td>4 h 20</td></tr><tr><th>Tipo di batteria</th><td>Lithium</td></tr><tr><th>Voltage & Ampérage de la Batterie</th><td>148V / 41Ah, 148V / 57Ah</td></tr></table><h3>Chassis</h3><table><tr><th>Charge maximale</th><td>179 kg</td></tr><tr><th>Empattement</th><td>1 675 mm</td></tr><tr><th>Hauteur de selle</th><td>780 mm</td></tr><tr><th>Hauteur hors tout</th><td>1 150 mm</td></tr><tr><th>Largeur hors tout</th><td>855 mm</td></tr><tr><th>Longueur hors tout</th><td>2 285 mm</td></tr></table><h3>Partie Cycle</h3><table><tr><th>Amortisseur arrière réglable</th><td>No</td></tr><tr><th>Amortisseur avant réglable</th><td>No</td></tr><tr><th>Taille frein arrière</th><td>265 mm</td></tr><tr><th>Taille frein avant</th><td>265 mm</td></tr><tr><th>Taille pneu arrière</th><td>160/60-15</td></tr><tr><th>Taille pneu avant</th><td>120/70-15</td></tr><tr><th>Taille roue arrière</th><td>15 pouces</td></tr><tr><th>Taille roue avant</th><td>15 pouces</td></tr><tr><th>Type frein arrière</th><td>Disque</td></tr><tr><th>Type frein avant</th><td>Double disque</td></tr><tr><th>Alarme</th><td>Si</td></tr><tr><th>Freinage couplé</th><td>ABS</td></tr><tr><th>Freinage régénératif</th><td>No</td></tr><tr><th>Homologué 2 places</th><td>Si</td></tr><tr><th>Marche Arrière</th><td>Si</td></tr><tr><th>Modes de conduites</th><td>3</td></tr><tr><th>Prise USB</th><td>Si</td></tr><tr><th>Rangement casque sous la selle</th><td>Si</td></tr><tr><th>Accélération</th><td>0 à 50 km/h en 2.6 secondes</td></tr><tr><th>Categoria omologazione</th><td>L3e</td></tr><tr><th>Code National</th><td>MTL</td></tr><tr><th>Couleur</th><td>Blanc, Gris Metallique</td></tr><tr><th>Dimensioni</th><td>228 × 85 × 115 cm</td></tr><tr><th>GPS</th><td>Si</td></tr><tr><th>Keyless</th><td>Si</td></tr><tr><th>Marque</th><td>BMW Motorrad</td></tr><tr><th>Modèle</th><td>CE 04</td></tr><tr><th>Patente</th><td>Permis B + Formation 7h, Permis moto</td></tr><tr><th>Peso in ordine di marcia</th><td>231 kg</td></tr></table><h2>Note</h2><p>Disponibilita, prezzi e varianti possono variare. Si consiglia di verificare la configurazione selezionata prima dell'acquisto.</p>",12990.00,,yes,no,Scooter elettrici > Maxi scooter,,"http://www.go2roues.com/wp-content/uploads/2022/11/bmw-ce-04-blanc-trois-quart-face-gauche.jpg, https://www.go2roues.com/wp-content/uploads/2022/11/bmw-ce-04-blanc-trois-quart-face-gauche.jpg, https://www.go2roues.com/wp-content/uploads/2022/11/bmw-ce-04-gris-trois-quart-face-gauche.jpg, https://www.go2roues.com/wp-content/uploads/2022/11/bmw-ce-04-gris-cote-droit.jpg, https://www.go2roues.com/wp-content/uploads/2022/11/bmw-ce-04-blanc-cote-droit.jpg, https://www.go2roues.com/wp-content/uploads/2022/11/bmw-ce-04-blanc-cote-gauche.jpg, https://www.go2roues.com/wp-content/uploads/2022/11/bmw-ce-04-gris-ecran-de-bord.jpg, https://www.go2roues.com/wp-content/uploads/2022/11/bmw-ce-04-gris-coffre-casque.jpg",,,,,,,,,,
variable,www-go2roues-com-shop-niu-uqi-gt,NIU UQi GT,1,visible,"<p><strong>NIU UQi GT</strong> di Niu. <em>Venduto da Distribuzione Import Export S.R.L.</em>.</p><ul><li>Autonomia dichiarata: 50 km, 60 km</li><li>Velocita massima: 45 km/h</li><li>Tempo di ricarica: Non</li><li>Peso: 11 kg</li></ul>","<h2>Panoramica</h2><p>Contenuto riscritto e ottimizzato per una boutique italiana: informazioni chiare, valori tecnici organizzati e testo pensato per aiutare la decisione d'acquisto.</p><p><strong>Venditore:</strong> Distribuzione Import Export S.R.L.</p><p><strong>Categoria:</strong> Scooter elettrici > Sans Permis</p><h2>Punti di forza</h2><ul><li>Elle présente une capacité de 48V / 42 Ah, soit 2 kW pour la version 60 kilomètres.</li><li>Ou, dans sa version moins endurante, la 50 kilomètres, 48V / 31Ah, soit 1.44 kWh.</li><li>L’autonomie restante,</li><li>L’état et la température de la batterie</li><li>La géolocalisation</li><li>L’alarme intégrée et ses différents paramètres.</li></ul><h2>Scheda tecnica</h2><h3>Moteur</h3><table><tr><th>Couple maximal</th><td>24 Nm</td></tr><tr><th>Equivalenza cilindrata</th><td>Équivalent 50 cm3</td></tr><tr><th>Marque du moteur</th><td>Bosch</td></tr><tr><th>Potenza massima</th><td>1 500 W</td></tr><tr><th>Potenza motore</th><td>1 200 W</td></tr><tr><th>Transmission</th><td>Moteur intégré dans la roue arrière</td></tr><tr><th>Velocita massima</th><td>45 km/h</td></tr></table><h3>Batterie</h3><table><tr><th>Autonomia</th><td>50 km, 60 km</td></tr><tr><th>Batteria rimovibile</th><td>Si</td></tr><tr><th>Caricatore incluso</th><td>Si</td></tr><tr><th>Intensité du chargeur</th><td>5.2A</td></tr><tr><th>Poids de la batterie</th><td>11 kg</td></tr><tr><th>Capacita batteria</th><td>1.4 kWh, 2 kWh</td></tr><tr><th>Recharge compatible T2</th><td>No</td></tr><tr><th>Tempo di ricarica</th><td>9 h</td></tr><tr><th>Tipo di batteria</th><td>Lithium</td></tr><tr><th>Voltage & Ampérage de la Batterie</th><td>48V / 31Ah, 48V / 42Ah</td></tr></table><h3>Chassis</h3><table><tr><th>Charge maximale</th><td>227 kg</td></tr><tr><th>Empattement</th><td>1 300 mm</td></tr><tr><th>Garde au sol minimale</th><td>180 mm</td></tr><tr><th>Hauteur de selle</th><td>840 mm</td></tr><tr><th>Hauteur hors tout</th><td>1 128 mm</td></tr><tr><th>Largeur hors tout</th><td>740 mm</td></tr><tr><th>Longueur hors tout</th><td>1 910 mm</td></tr></table><h3>Partie Cycle</h3><table><tr><th>Amortisseur arrière réglable</th><td>No</td></tr><tr><th>Amortisseur avant réglable</th><td>No</td></tr><tr><th>Taille frein arrière</th><td>180 mm</td></tr><tr><th>Taille frein avant</th><td>220 mm</td></tr><tr><th>Taille pneu arrière</th><td>100/80-14</td></tr><tr><th>Taille pneu avant</th><td>90/90-14</td></tr><tr><th>Taille roue arrière</th><td>14 pouces</td></tr><tr><th>Taille roue avant</th><td>14 pouces</td></tr><tr><th>Type frein arrière</th><td>Disque</td></tr><tr><th>Type frein avant</th><td>Disque</td></tr><tr><th>Alarme</th><td>Si</td></tr><tr><th>Freinage couplé</th><td>Si</td></tr><tr><th>Freinage régénératif</th><td>Si</td></tr><tr><th>Homologué 2 places</th><td>Si</td></tr><tr><th>Marche Arrière</th><td>No</td></tr><tr><th>Modes de conduites</th><td>2</td></tr><tr><th>Prise USB</th><td>Si</td></tr><tr><th>Rangement casque sous la selle</th><td>No</td></tr><tr><th>Régulateur</th><td>Si</td></tr><tr><th>Categoria omologazione</th><td>L1e</td></tr><tr><th>Code National</th><td>CL</td></tr><tr><th>Couleur</th><td>Blanc, Bleu, Gris, Noir, Rouge</td></tr><tr><th>Dimensioni</th><td>191 × 74 × 112 cm</td></tr><tr><th>Marque</th><td>Niu</td></tr><tr><th>Modèle</th><td>UQi GT</td></tr><tr><th>Patente</th><td>Permis AM, Sans permis</td></tr><tr><th>Peso in ordine di marcia</th><td>75 kg</td></tr></table><h2>Note</h2><p>Disponibilita, prezzi e varianti possono variare. Si consiglia di verificare la configurazione selezionata prima dell'acquisto.</p>",,,,,Scooter elettrici > Sans Permis,,"https://www.go2roues.com/wp-content/uploads/2020/05/niu-uqi-gt-pro-noir-trois-quart-face-droit.jpg, https://www.go2roues.com/wp-content/uploads/2020/05/niu-uqi-gt-rouge-trois-quart-face-droit.jpg, https://www.go2roues.com/wp-content/uploads/1970/01/niu-uqi-pro-blanc-trois-quart-face-droit.jpg, https://www.go2roues.com/wp-content/uploads/2020/05/niu-uqi-gt-gris-cote-gauche.jpg, https://www.go2roues.com/wp-content/uploads/2020/05/niu-uqi-gt-pro-noir-cote-droit.jpg, https://www.go2roues.com/wp-content/uploads/2020/05/niu-uqi-gt-pro-noir-trois-quart-arriere-droit.jpg, https://www.go2roues.com/wp-content/uploads/2020/05/niu-uqi-gt-pro-noir-vue-arriere.jpg, https://www.go2roues.com/wp-content/uploads/2020/05/niu-uqi-gt-pro-noir-trois-quart-arriere-gauche.jpg, https://www.go2roues.com/wp-content/uploads/2020/05/niu-uqi-gt-pro-noir-cote-gauche.jpg, https://www.go2roues.com/wp-content/uploads/2020/05/niu-uqi-gt-pro-noir-trois-quart-face-gauche.jpg, https://www.go2roues.com/wp-content/uploads/2020/05/niu-uqi-gt-pro-noir-vue-devant.jpg, https://www.go2roues.com/wp-content/uploads/2020/05/niu-uqi-gt-pro-blanc.jpg, http://www.go2roues.com/wp-content/uploads/2020/05/niu-uqi-gt-pro-noir-trois-quart-face-droit.jpg",,Colore,,1,1,Finitura,,1,1,Niu
variation,niu-uqi-gt-noir-50-km,NIU UQi GT - noir / 50-km,1,visible,,,1999.00,,yes,notify,,,https://www.go2roues.com/wp-content/uploads/2020/05/niu-uqi-gt-pro-noir-trois-quart-face-droit.jpg,www-go2roues-com-shop-niu-uqi-gt,Colore,Nero,,,Finitura,,,,Niu
variation,niu-uqi-gt-rouge-50-km,NIU UQi GT - rouge / 50-km,1,visible,,,1999.00,,yes,notify,,,https://www.go2roues.com/wp-content/uploads/2020/05/niu-uqi-gt-rouge-trois-quart-face-droit.jpg,www-go2roues-com-shop-niu-uqi-gt,Colore,Rosso,,,Finitura,,,,Niu
variation,niu-uqi-gt-blanc-50-km,NIU UQi GT - blanc / 50-km,1,visible,,,1999.00,,yes,notify,,,https://www.go2roues.com/wp-content/uploads/2020/05/niu-uqi-gt-blanc-cote-gauche.jpg,www-go2roues-com-shop-niu-uqi-gt,Colore,Bianco,,,Finitura,,,,Niu
variable,www-go2roues-com-shop-niu-mqi-sport,NIU MQi+ Sport,1,visible,"<p><strong>NIU MQi+ Sport</strong> di Niu. <em>Venduto da Distribuzione Import Export S.R.L.</em>.</p><ul><li>Autonomia dichiarata: 60 km, 80 km</li><li>Velocita massima: 45 km/h</li><li>Tempo di ricarica: Non</li><li>Peso: 11 kg</li></ul>","<h2>Panoramica</h2><p>Contenuto riscritto e ottimizzato per una boutique italiana: informazioni chiare, valori tecnici organizzati e testo pensato per aiutare la decisione d'acquisto.</p><p><strong>Venditore:</strong> Distribuzione Import Export S.R.L.</p><p><strong>Categoria:</strong> Scooter elettrici > Sans Permis</p><h2>Punti di forza</h2><ul><li>40 kilomètres pour la version petite autonomie</li><li>60 kilomètres dans sa plus grosse version</li></ul><h2>Scheda tecnica</h2><h3>Moteur</h3><table><tr><th>Couple maximal</th><td>110 Nm</td></tr><tr><th>Equivalenza cilindrata</th><td>Équivalent 50 cm3</td></tr><tr><th>Marque du moteur</th><td>Bosch</td></tr><tr><th>Potenza massima</th><td>1 400 W</td></tr><tr><th>Potenza motore</th><td>1 400 W</td></tr><tr><th>Transmission</th><td>Moteur intégré dans la roue arrière</td></tr><tr><th>Velocita massima</th><td>45 km/h</td></tr></table><h3>Batterie</h3><table><tr><th>Autonomia</th><td>60 km, 80 km</td></tr><tr><th>Batteria rimovibile</th><td>Si</td></tr><tr><th>Caricatore incluso</th><td>Si</td></tr><tr><th>Intensité du chargeur</th><td>5.2A</td></tr><tr><th>Poids de la batterie</th><td>11 kg</td></tr><tr><th>Capacita batteria</th><td>1.48 kWh, 2 kWh</td></tr><tr><th>Recharge compatible T2</th><td>No</td></tr><tr><th>Tempo di ricarica</th><td>7 h, 9 h</td></tr><tr><th>Tipo di batteria</th><td>Lithium</td></tr><tr><th>Voltage & Ampérage de la Batterie</th><td>48V / 31Ah, 48V / 42Ah</td></tr></table><h3>Chassis</h3><table><tr><th>Charge maximale</th><td>221 kg</td></tr><tr><th>Empattement</th><td>1 150 mm</td></tr><tr><th>Garde au sol minimale</th><td>145 mm</td></tr><tr><th>Hauteur de selle</th><td>710 mm</td></tr><tr><th>Hauteur hors tout</th><td>1 130 mm</td></tr><tr><th>Largeur hors tout</th><td>657 mm</td></tr><tr><th>Longueur hors tout</th><td>1 640 mm</td></tr></table><h3>Partie Cycle</h3><table><tr><th>Amortisseur arrière réglable</th><td>No</td></tr><tr><th>Amortisseur avant réglable</th><td>No</td></tr><tr><th>Taille frein arrière</th><td>180 mm</td></tr><tr><th>Taille frein avant</th><td>180 mm</td></tr><tr><th>Taille pneu arrière</th><td>90/90-10</td></tr><tr><th>Taille pneu avant</th><td>90/90-10</td></tr><tr><th>Taille roue arrière</th><td>10 pouces</td></tr><tr><th>Taille roue avant</th><td>10 pouces</td></tr><tr><th>Type frein arrière</th><td>Disque</td></tr><tr><th>Type frein avant</th><td>Disque</td></tr><tr><th>Alarme</th><td>Si</td></tr><tr><th>Freinage couplé</th><td>Si</td></tr><tr><th>Freinage régénératif</th><td>Si</td></tr><tr><th>Homologué 2 places</th><td>Si</td></tr><tr><th>Marche Arrière</th><td>No</td></tr><tr><th>Prise USB</th><td>Si</td></tr><tr><th>Rangement casque sous la selle</th><td>No</td></tr><tr><th>Régulateur</th><td>Si</td></tr><tr><th>Categoria omologazione</th><td>L1e</td></tr><tr><th>Code National</th><td>CL</td></tr><tr><th>Couleur</th><td>Blanc, Bleu, Gris, Noir/Rouge, Rouge</td></tr><tr><th>Dimensioni</th><td>164 × 66 × 110 cm</td></tr><tr><th>Marque</th><td>Niu</td></tr><tr><th>Modèle</th><td>MQi+ Sport</td></tr><tr><th>Patente</th><td>Permis AM, Sans permis</td></tr><tr><th>Peso in ordine di marcia</th><td>72 kg</td></tr></table><h2>Note</h2><p>Disponibilita, prezzi e varianti possono variare. Si consiglia di verificare la configurazione selezionata prima dell'acquisto.</p>",,,,,Scooter elettrici > Sans Permis,,"https://www.go2roues.com/wp-content/uploads/2018/10/niu-mqiplus-sport-bleu-trois-quart-face-droit.jpg, https://www.go2roues.com/wp-content/uploads/2018/10/niu-mqiplus-sport-rouge-trois-quart-face-droit.jpg, https://www.go2roues.com/wp-content/uploads/2018/10/niu-mqiplus-sport-noir-rouge-trois-quart-face-droit.jpg, https://www.go2roues.com/wp-content/uploads/2021/01/niu-mqi-plus-sport-blanc-cote-gauche.jpg, https://www.go2roues.com/wp-content/uploads/2021/01/niu-mqi-plus-sport-gris-cote-gauche.jpg, https://www.go2roues.com/wp-content/uploads/2018/10/niu-mqiplus-sport-bleu-cote-droit.jpg, https://www.go2roues.com/wp-content/uploads/2018/10/niu-mqiplus-sport-bleu-quart-arriere-droit.jpg, https://www.go2roues.com/wp-content/uploads/2018/10/niu-mqiplus-sport-bleu-vue-arriere.jpg, https://www.go2roues.com/wp-content/uploads/2018/10/niu-mqiplus-sport-bleu-trois-quart-arriere-gauche.jpg, https://www.go2roues.com/wp-content/uploads/2018/10/niu-mqiplus-sport-bleu-cote-gauche.jpg, https://www.go2roues.com/wp-content/uploads/2018/10/niu-mqiplus-sport-bleu-trois-quart-face-gauche.jpg, https://www.go2roues.com/wp-content/uploads/2018/10/niu-mqiplus-sport-bleu-vue-devant.jpg, https://www.go2roues.com/wp-content/uploads/2018/10/niu-mqiplus-sport-rouge-coffre-batterie.jpg, https://www.go2roues.com/wp-content/uploads/2018/10/niu-mqiplus-sport-rouge-compteur.jpg, https://www.go2roues.com/wp-content/uploads/2018/10/niu-mqiplus-sport-rouge-feu-avant.jpg",,Colore,,1,1,Finitura,,1,1,Niu
variation,nium-preco-60-km-blanc,NIU MQi+ Sport - 60-km / blanc,1,visible,,,1999.00,,yes,no,,,https://www.go2roues.com/wp-content/uploads/2021/01/niu-mqi-plus-sport-blanc-cote-gauche.jpg,www-go2roues-com-shop-niu-mqi-sport,Colore,Bianco,,,Finitura,,,,Niu
variation,nium-preco-60-km-bleu,NIU MQi+ Sport - 60-km / bleu,1,visible,,,1999.00,,yes,no,,,https://www.go2roues.com/wp-content/uploads/2018/10/niu-mqiplus-sport-bleu-trois-quart-face-droit.jpg,www-go2roues-com-shop-niu-mqi-sport,Colore,Blu,,,Finitura,,,,Niu
variation,nium-preco-60-km-gris,NIU MQi+ Sport - 60-km / gris,1,visible,,,1999.00,,yes,no,,,https://www.go2roues.com/wp-content/uploads/2021/01/niu-mqi-plus-sport-gris-cote-gauche.jpg,www-go2roues-com-shop-niu-mqi-sport,Colore,Grigio,,,Finitura,,,,Niu
variation,nium-preco-60-km-noir-rouge,NIU MQi+ Sport - 60-km / noir-rouge,1,visible,,,1999.00,,yes,no,,,https://www.go2roues.com/wp-content/uploads/2018/10/niu-mqiplus-sport-noir-rouge-trois-quart-face-droit.jpg,www-go2roues-com-shop-niu-mqi-sport,Colore,Noir Rouge,,,Finitura,,,,Niu
variation,nium-preco-60-km-rouge,NIU MQi+ Sport - 60-km / rouge,1,visible,,,1999.00,,yes,no,,,https://www.go2roues.com/wp-content/uploads/2018/10/niu-mqiplus-sport-rouge-trois-quart-face-droit.jpg,www-go2roues-com-shop-niu-mqi-sport,Colore,Rosso,,,Finitura,,,,Niu
variation,nium-preco-80-km-rouge,NIU MQi+ Sport - 80-km / rouge,1,visible,,,2299.00,,yes,no,,,https://www.go2roues.com/wp-content/uploads/2018/10/niu-mqiplus-sport-rouge-trois-quart-face-droit.jpg,www-go2roues-com-shop-niu-mqi-sport,Colore,Rosso,,,Finitura,,,,Niu
variation,nium-preco-80-km-noir-rouge,NIU MQi+ Sport - 80-km / noir-rouge,1,visible,,,2299.00,,yes,no,,,https://www.go2roues.com/wp-content/uploads/2018/10/niu-mqiplus-sport-noir-rouge-trois-quart-face-droit.jpg,www-go2roues-com-shop-niu-mqi-sport,Colore,Noir Rouge,,,Finitura,,,,Niu
variation,nium-preco-80-km-gris,NIU MQi+ Sport - 80-km / gris,1,visible,,,2299.00,,yes,no,,,https://www.go2roues.com/wp-content/uploads/2021/01/niu-mqi-plus-sport-gris-cote-gauche.jpg,www-go2roues-com-shop-niu-mqi-sport,Colore,Grigio,,,Finitura,,,,Niu
variation,nium-preco-80-km-bleu,NIU MQi+ Sport - 80-km / bleu,1,visible,,,2299.00,,yes,no,,,https://www.go2roues.com/wp-content/uploads/2018/10/niu-mqiplus-sport-bleu-trois-quart-face-droit.jpg,www-go2roues-com-shop-niu-mqi-sport,Colore,Blu,,,Finitura,,,,Niu
variation,nium-preco-80-km-blanc,NIU MQi+ Sport - 80-km / blanc,1,visible,,,2299.00,,yes,no,,,https://www.go2roues.com/wp-content/uploads/2021/01/niu-mqi-plus-sport-blanc-cote-gauche.jpg,www-go2roues-com-shop-niu-mqi-sport,Colore,Bianco,,,Finitura,,,,Niu
variable,www-go2roues-com-shop-e-zi-plus,E-ZI Plus,1,visible,"<p><strong>E-ZI Plus</strong> di E-ZI. <em>Venduto da Distribuzione Import Export S.R.L.</em>.</p><ul><li>Autonomia dichiarata: 45 km, 90 km</li><li>Peso: 8,2 kg</li></ul>","<h2>Panoramica</h2><p>Contenuto riscritto e ottimizzato per una boutique italiana: informazioni chiare, valori tecnici organizzati e testo pensato per aiutare la decisione d'acquisto.</p><p><strong>Venditore:</strong> Distribuzione Import Export S.R.L.</p><p><strong>Categoria:</strong> Scooter elettrici > Sans Permis</p><h2>Scheda tecnica</h2><h3>Moteur</h3><table><tr><th>Couple maximal</th><td>22 Nm</td></tr><tr><th>Equivalenza cilindrata</th><td>Équivalent 50 cm3</td></tr><tr><th>Potenza massima</th><td>2 100 W</td></tr><tr><th>Potenza motore</th><td>1 200 W</td></tr></table><h3>Batterie</h3><table><tr><th>Autonomia</th><td>45 km, 90 km</td></tr><tr><th>Batteria rimovibile</th><td>Si</td></tr><tr><th>Caricatore incluso</th><td>Si</td></tr><tr><th>Poids de la batterie</th><td>8,2 kg</td></tr><tr><th>Capacita batteria</th><td>1.2 kWh</td></tr><tr><th>Tipo di batteria</th><td>Lithium</td></tr></table><h3>Chassis</h3><table><tr><th>Empattement</th><td>1 250 mm</td></tr><tr><th>Garde au sol minimale</th><td>204 mm</td></tr><tr><th>Hauteur de selle</th><td>795 mm</td></tr><tr><th>Hauteur hors tout</th><td>1 175 mm</td></tr><tr><th>Largeur hors tout</th><td>665 mm</td></tr><tr><th>Longueur hors tout</th><td>1 740 mm</td></tr></table><h3>Partie Cycle</h3><table><tr><th>Categoria omologazione</th><td>L1e</td></tr><tr><th>Code National</th><td>CL</td></tr><tr><th>Couleur</th><td>Blanc, Noir</td></tr><tr><th>Dimensioni</th><td>174 × 66 × 117 cm</td></tr><tr><th>Marque</th><td>E-ZI</td></tr><tr><th>Modèle</th><td>E-ZI PLUS</td></tr><tr><th>Patente</th><td>Sans permis</td></tr><tr><th>Peso in ordine di marcia</th><td>68 kg</td></tr></table><h2>Note</h2><p>Disponibilita, prezzi e varianti possono variare. Si consiglia di verificare la configurazione selezionata prima dell'acquisto.</p>",,,,,Scooter elettrici > Sans Permis,,"https://www.go2roues.com/wp-content/uploads/2020/01/scooter-electrique-e-zi-keeway-blanc.jpg, https://www.go2roues.com/wp-content/uploads/2020/01/scooter-electrique-keeway-e-zi-blanc-arriere.jpg, https://www.go2roues.com/wp-content/uploads/2020/01/scooter-electrique-keeway-e-zi-noir.jpg, http://www.go2roues.com/wp-content/uploads/2020/01/scooter-electrique-e-zi-keeway-blanc.jpg",,Colore,,1,1,Finitura,,1,1,E-ZI
variation,eziplus2-90-km-blanc,E-ZI Plus - 90-km / blanc,1,visible,,,2999.00,,yes,notify,,,https://www.go2roues.com/wp-content/uploads/2020/01/scooter-electrique-e-zi-keeway-blanc.jpg,www-go2roues-com-shop-e-zi-plus,Colore,Bianco,,,Finitura,,,,E-ZI
variation,eziplus3-45-km-blanc,E-ZI Plus - 45-km / blanc,1,visible,,,2499.00,,yes,notify,,,https://www.go2roues.com/wp-content/uploads/2020/01/scooter-electrique-e-zi-keeway-blanc.jpg,www-go2roues-com-shop-e-zi-plus,Colore,Bianco,,,Finitura,,,,E-ZI
variable,www-go2roues-com-shop-fantic-issimo-city,Fantic Issimo City,1,visible,"<p><strong>Fantic Issimo City</strong> di Fantic. <em>Venduto da Distribuzione Import Export S.R.L.</em>.</p><ul><li>Autonomia dichiarata: 70 km, 140 km</li><li>Velocita massima: 45 km/h, 65 km/h</li><li>Tempo di ricarica: 3 h par batterie</li><li>Peso: 12 kg par batterie</li></ul>","<h2>Panoramica</h2><p>Contenuto riscritto e ottimizzato per una boutique italiana: informazioni chiare, valori tecnici organizzati e testo pensato per aiutare la decisione d'acquisto.</p><p><strong>Venditore:</strong> Distribuzione Import Export S.R.L.</p><p><strong>Categoria:</strong> Scooter elettrici > Sans Permis</p><h2>Scheda tecnica</h2><h3>Moteur</h3><table><tr><th>Equivalenza cilindrata</th><td>Équivalent 50 ou 125 cm3</td></tr><tr><th>Marque du moteur</th><td>Dell'Orto</td></tr><tr><th>Potenza massima</th><td>3 500 W, 4 000 W</td></tr><tr><th>Potenza motore</th><td>2 500W, 3 000 W</td></tr><tr><th>Transmission</th><td>Par chaîne</td></tr><tr><th>Velocita massima</th><td>45 km/h, 65 km/h</td></tr></table><h3>Batterie</h3><table><tr><th>Autonomia</th><td>70 km, 140 km</td></tr><tr><th>Batteria rimovibile</th><td>Si</td></tr><tr><th>Caricatore incluso</th><td>Si</td></tr><tr><th>Intensité du chargeur</th><td>15A</td></tr><tr><th>Poids de la batterie</th><td>12 kg par batterie</td></tr><tr><th>Capacita batteria</th><td>2.2 kWh, 2.2 kWh x 2</td></tr><tr><th>Tempo di ricarica</th><td>3 h par batterie</td></tr><tr><th>Tipo di batteria</th><td>Lithium</td></tr><tr><th>Voltage & Ampérage de la Batterie</th><td>50V / 44Ah, 50V / 44Ah x 2</td></tr></table><h3>Chassis</h3><table><tr><th>Hauteur de selle</th><td>799 mm</td></tr></table><h3>Partie Cycle</h3><table><tr><th>Amortisseur arrière réglable</th><td>No</td></tr><tr><th>Amortisseur avant réglable</th><td>No</td></tr><tr><th>Taille frein arrière</th><td>180 mm</td></tr><tr><th>Taille frein avant</th><td>220 mm</td></tr><tr><th>Taille pneu arrière</th><td>100/80-16</td></tr><tr><th>Taille pneu avant</th><td>90/80-16</td></tr><tr><th>Taille roue arrière</th><td>16 pouces</td></tr><tr><th>Taille roue avant</th><td>16 pouces</td></tr><tr><th>Type frein arrière</th><td>Disque</td></tr><tr><th>Type frein avant</th><td>Disque</td></tr><tr><th>Freinage couplé</th><td>Si</td></tr><tr><th>Homologué 2 places</th><td>Si</td></tr><tr><th>Marche Arrière</th><td>Si</td></tr><tr><th>Modes de conduites</th><td>2</td></tr><tr><th>Prise USB</th><td>Si</td></tr><tr><th>Categoria omologazione</th><td>L1e, L3e</td></tr><tr><th>Code National</th><td>CL</td></tr><tr><th>Couleur</th><td>Blanc, Bleu, Rouge, Vert</td></tr><tr><th>Marque</th><td>Fantic</td></tr><tr><th>Modèle</th><td>Issimo City</td></tr><tr><th>Patente</th><td>Permis A1, Permis AM, Permis B + Formation 7h, Permis moto, Sans permis</td></tr><tr><th>Peso in ordine di marcia</th><td>79 kg</td></tr></table><h2>Note</h2><p>Disponibilita, prezzi e varianti possono variare. Si consiglia di verificare la configurazione selezionata prima dell'acquisto.</p>",,,,,Scooter elettrici > Sans Permis,,"https://www.go2roues.com/wp-content/uploads/2023/04/fantic-issimo-city-blanc-trois-quart-face-droit-1.jpg, https://www.go2roues.com/wp-content/uploads/2023/04/fantic-issimo-city-vert-trois-quart-face-droit.jpg, https://www.go2roues.com/wp-content/uploads/2023/04/fantic-issimo-city-gris-trois-quart-face-droit.jpg, https://www.go2roues.com/wp-content/uploads/2023/04/fantic-issimo-city-rouge-trois-quart-face-gauche.jpg, https://www.go2roues.com/wp-content/uploads/2023/04/fantic-issimo-city-blanc-cote-droit.jpg, https://www.go2roues.com/wp-content/uploads/2023/04/fantic-issimo-city-blanc-trois-quart-arriere-droit.jpg, https://www.go2roues.com/wp-content/uploads/2023/04/fantic-issimo-city-blanc-cote-gauche.jpg, https://www.go2roues.com/wp-content/uploads/2023/04/fantic-issimo-city-blanc-trois-quart-face-gauche.jpg, https://www.go2roues.com/wp-content/uploads/2023/04/fantic-issimo-city-blanc-vue-devant.jpg, https://www.go2roues.com/wp-content/uploads/2023/04/fantic-issimo-city-compteur.jpg, https://www.go2roues.com/wp-content/uploads/2023/04/fantic-issimo-city-train-arriere.jpg, https://www.go2roues.com/wp-content/uploads/2023/04/fantic-issimo-city-tablier.jpg, https://www.go2roues.com/wp-content/uploads/2023/04/fantic-issimo-city-selle-gros-plan.jpg, https://www.go2roues.com/wp-content/uploads/2023/04/fantic-issimo-city-poste-pilotage.jpg, https://www.go2roues.com/wp-content/uploads/2023/04/fantic-issimo-city-lifestyle-parking.jpg",,Colore,,1,1,Finitura,,1,1,Fantic
variation,fantic-issimo-city-140-km-45-km-h-blanc,Fantic Issimo City - 140-km / 45-km-h / blanc,1,visible,,,3380.00,,yes,no,,,https://www.go2roues.com/wp-content/uploads/2023/04/fantic-issimo-city-blanc-trois-quart-face-droit-1.jpg,www-go2roues-com-shop-fantic-issimo-city,Colore,Bianco,,,Finitura,,,,Fantic
variation,fantic-issimo-city-140-km-45-km-h-bleu,Fantic Issimo City - 140-km / 45-km-h / bleu,1,visible,,,3380.00,,yes,no,,,https://www.go2roues.com/wp-content/uploads/2023/04/fantic-issimo-city-gris-trois-quart-face-droit.jpg,www-go2roues-com-shop-fantic-issimo-city,Colore,Blu,,,Finitura,,,,Fantic
variation,fantic-issimo-city-140-km-45-km-h-rouge,Fantic Issimo City - 140-km / 45-km-h / rouge,1,visible,,,3380.00,,yes,no,,,https://www.go2roues.com/wp-content/uploads/2023/04/fantic-issimo-city-rouge-trois-quart-face-gauche.jpg,www-go2roues-com-shop-fantic-issimo-city,Colore,Rosso,,,Finitura,,,,Fantic
variation,fantic-issimo-city-140-km-45-km-h-vert,Fantic Issimo City - 140-km / 45-km-h / vert,1,visible,,,3380.00,,yes,no,,,https://www.go2roues.com/wp-content/uploads/2023/04/fantic-issimo-city-vert-trois-quart-face-droit.jpg,www-go2roues-com-shop-fantic-issimo-city,Colore,Verde,,,Finitura,,,,Fantic
variation,fantic-issimo-city-140-km-65-km-h-blanc,Fantic Issimo City - 140-km / 65-km-h / blanc,1,visible,,,4580.00,,yes,no,,,https://www.go2roues.com/wp-content/uploads/2023/04/fantic-issimo-city-blanc-trois-quart-face-droit-1.jpg,www-go2roues-com-shop-fantic-issimo-city,Colore,Bianco,,,Finitura,,,,Fantic
variation,fantic-issimo-city-140-km-65-km-h-bleu,Fantic Issimo City - 140-km / 65-km-h / bleu,1,visible,,,4580.00,,yes,no,,,https://www.go2roues.com/wp-content/uploads/2023/04/fantic-issimo-city-gris-trois-quart-face-droit.jpg,www-go2roues-com-shop-fantic-issimo-city,Colore,Blu,,,Finitura,,,,Fantic
variation,fantic-issimo-city-140-km-65-km-h-rouge,Fantic Issimo City - 140-km / 65-km-h / rouge,1,visible,,,4580.00,,yes,no,,,https://www.go2roues.com/wp-content/uploads/2023/04/fantic-issimo-city-rouge-trois-quart-face-gauche.jpg,www-go2roues-com-shop-fantic-issimo-city,Colore,Rosso,,,Finitura,,,,Fantic
variation,fantic-issimo-city-140-km-65-km-h-vert,Fantic Issimo City - 140-km / 65-km-h / vert,1,visible,,,4580.00,,yes,no,,,https://www.go2roues.com/wp-content/uploads/2023/04/fantic-issimo-city-vert-trois-quart-face-droit.jpg,www-go2roues-com-shop-fantic-issimo-city,Colore,Verde,,,Finitura,,,,Fantic
variation,fantic-issimo-city-70-km-45-km-h-blanc,Fantic Issimo City - 70-km / 45-km-h / blanc,1,visible,,,2490.00,,yes,no,,,https://www.go2roues.com/wp-content/uploads/2023/04/fantic-issimo-city-blanc-trois-quart-face-droit-1.jpg,www-go2roues-com-shop-fantic-issimo-city,Colore,Bianco,,,Finitura,,,,Fantic
variation,fantic-issimo-city-70-km-45-km-h-bleu,Fantic Issimo City - 70-km / 45-km-h / bleu,1,visible,,,2490.00,,yes,no,,,https://www.go2roues.com/wp-content/uploads/2023/04/fantic-issimo-city-gris-trois-quart-face-droit.jpg,www-go2roues-com-shop-fantic-issimo-city,Colore,Blu,,,Finitura,,,,Fantic
variation,fantic-issimo-city-70-km-45-km-h-rouge,Fantic Issimo City - 70-km / 45-km-h / rouge,1,visible,,,2490.00,,yes,no,,,https://www.go2roues.com/wp-content/uploads/2023/04/fantic-issimo-city-rouge-trois-quart-face-gauche.jpg,www-go2roues-com-shop-fantic-issimo-city,Colore,Rosso,,,Finitura,,,,Fantic
variation,fantic-issimo-city-70-km-45-km-h-vert,Fantic Issimo City - 70-km / 45-km-h / vert,1,visible,,,2490.00,,yes,no,,,https://www.go2roues.com/wp-content/uploads/2023/04/fantic-issimo-city-vert-trois-quart-face-droit.jpg,www-go2roues-com-shop-fantic-issimo-city,Colore,Verde,,,Finitura,,,,Fantic
variation,fantic-issimo-city-70-km-65-km-h-blanc,Fantic Issimo City - 70-km / 65-km-h / blanc,1,visible,,,3680.00,,yes,no,,,https://www.go2roues.com/wp-content/uploads/2023/04/fantic-issimo-city-blanc-trois-quart-face-droit-1.jpg,www-go2roues-com-shop-fantic-issimo-city,Colore,Bianco,,,Finitura,,,,Fantic
variation,fantic-issimo-city-70-km-65-km-h-bleu,Fantic Issimo City - 70-km / 65-km-h / bleu,1,visible,,,3680.00,,yes,no,,,https://www.go2roues.com/wp-content/uploads/2023/04/fantic-issimo-city-gris-trois-quart-face-droit.jpg,www-go2roues-com-shop-fantic-issimo-city,Colore,Blu,,,Finitura,,,,Fantic
variation,fantic-issimo-city-70-km-65-km-h-rouge,Fantic Issimo City - 70-km / 65-km-h / rouge,1,visible,,,3680.00,,yes,no,,,https://www.go2roues.com/wp-content/uploads/2023/04/fantic-issimo-city-rouge-trois-quart-face-gauche.jpg,www-go2roues-com-shop-fantic-issimo-city,Colore,Rosso,,,Finitura,,,,Fantic
variation,fantic-issimo-city-70-km-65-km-h-vert,Fantic Issimo City - 70-km / 65-km-h / vert,1,visible,,,4190.00,,yes,no,,,https://www.go2roues.com/wp-content/uploads/2023/04/fantic-issimo-city-vert-trois-quart-face-droit.jpg,www-go2roues-com-shop-fantic-issimo-city,Colore,Verde,,,Finitura,,,,Fantic
simple,horwin-senmenti-0,Horwin Senmenti 0,1,visible,<p><strong>Horwin Senmenti 0</strong> . <em>Venduto da Distribuzione Import Export S.R.L.</em>.</p><ul><li>Autonomia dichiarata: 300 km</li><li>Velocita massima: 200 km/h</li><li>Tempo di ricarica: Oui</li><li>Peso: 230 kg</li></ul>,"<h2>Panoramica</h2><p>Contenuto riscritto e ottimizzato per una boutique italiana: informazioni chiare, valori tecnici organizzati e testo pensato per aiutare la decisione d'acquisto.</p><p><strong>Venditore:</strong> Distribuzione Import Export S.R.L.</p><p><strong>Categoria:</strong> Scooter elettrici > Maxi scooter</p><h2>Scheda tecnica</h2><h3>Moteur</h3><table><tr><th>Potenza massima</th><td>74 kW</td></tr><tr><th>Potenza motore</th><td>74 kW</td></tr><tr><th>Velocita massima</th><td>200 km/h</td></tr></table><h3>Batterie</h3><table><tr><th>Autonomia</th><td>300 km</td></tr><tr><th>Batteria rimovibile</th><td>No</td></tr><tr><th>Caricatore incluso</th><td>Si</td></tr><tr><th>Capacita batteria</th><td>16,2 kWh</td></tr><tr><th>Recharge compatible T2</th><td>Si</td></tr><tr><th>Tempo di ricarica</th><td>3 à 4h</td></tr><tr><th>Tipo di batteria</th><td>Lithium</td></tr></table><h3>Chassis</h3><table><tr><th>Empattement</th><td>1500 mm</td></tr><tr><th>Hauteur de selle</th><td>792 mm</td></tr><tr><th>Longueur hors tout</th><td>2144 mm</td></tr></table><h3>Partie Cycle</h3><table><tr><th>Taille pneu arrière</th><td>160-80/14</td></tr><tr><th>Taille pneu avant</th><td>120-80/16</td></tr><tr><th>Taille roue arrière</th><td>14 pouces</td></tr><tr><th>Type frein arrière</th><td>Disque</td></tr><tr><th>Type frein avant</th><td>Disque</td></tr><tr><th>Freinage couplé</th><td>ABS</td></tr><tr><th>Homologué 2 places</th><td>Si</td></tr><tr><th>Prise USB</th><td>Si</td></tr><tr><th>Categoria omologazione</th><td>MTT2</td></tr><tr><th>Code National</th><td>CL</td></tr><tr><th>Dimensioni</th><td>2144 × 792 cm</td></tr><tr><th>Marque</th><td>HORWIN</td></tr><tr><th>Modèle</th><td>Senmenti 0</td></tr><tr><th>Patente</th><td>Permis A</td></tr><tr><th>Peso in ordine di marcia</th><td>230 kg</td></tr></table><h2>Note</h2><p>Disponibilita, prezzi e varianti possono variare. Si consiglia di verificare la configurazione selezionata prima dell'acquisto.</p>",0.00,,yes,no,Scooter elettrici > Maxi scooter,,"https://www.go2roues.com/wp-content/uploads/2024/01/horwin-senmenti-0-droit.jpg, https://www.go2roues.com/wp-content/uploads/2024/01/horwin-senmenti-0-avant-droite-2.jpg, https://www.go2roues.com/wp-content/uploads/2024/01/horwin-senmenti-arriere-droit.jpg",,,,,,,,,,Horwin
simple,suzuki-e-address,Suzuki e-Address,1,visible,<p><strong>Suzuki e-Address</strong> . <em>Venduto da Distribuzione Import Export S.R.L.</em>.</p><ul><li>Autonomia dichiarata: 87 km</li></ul>,"<h2>Panoramica</h2><p>Contenuto riscritto e ottimizzato per una boutique italiana: informazioni chiare, valori tecnici organizzati e testo pensato per aiutare la decisione d'acquisto.</p><p><strong>Venditore:</strong> Distribuzione Import Export S.R.L.</p><p><strong>Categoria:</strong> Scooter elettrici</p><h2>Punti di forza</h2><ul><li>Le mode ride a : permettant de délivrer le maximum de puissance, le tout en utilisant un freinage régénératif plus fort pour étendre l’autonomie</li><li>bonus : la marche arrière est disponible, facilitant les manœuvres à basse vitesse.</li></ul><h2>Scheda tecnica</h2><h3>Moteur</h3><table><tr><th>Equivalenza cilindrata</th><td>Équivalent 50 cm3</td></tr><tr><th>Potenza motore</th><td>4 000 W</td></tr></table><h3>Batterie</h3><table><tr><th>Autonomia</th><td>87 km</td></tr><tr><th>Batteria rimovibile</th><td>Si</td></tr><tr><th>Caricatore incluso</th><td>Si</td></tr></table><h3>Partie Cycle</h3><table><tr><th>Estimation de livraison de pré-commande</th><td>September 2025</td></tr><tr><th>Patente</th><td>Permis AM, Sans permis</td></tr></table><h2>Note</h2><p>Disponibilita, prezzi e varianti possono variare. Si consiglia di verificare la configurazione selezionata prima dell'acquisto.</p>",3000.00,,yes,no,Scooter elettrici,,"https://www.go2roues.com/wp-content/uploads/2025/01/sukuzi-e-address-beige-avantdroit.png, https://www.go2roues.com/wp-content/uploads/2025/01/sukuzi-e-address-avant.png, https://www.go2roues.com/wp-content/uploads/2025/01/sukuzi-e-address-noir-cote-droit.png, https://www.go2roues.com/wp-content/uploads/2025/01/sukuzi-e-address-vert-cote-droit.png",,,,,,,,,,
variable,www-go2roues-com-shop-niu-fqi-500,NIU FQi 500,1,visible,<p><strong>NIU FQi 500</strong> di Niu. <em>Venduto da Distribuzione Import Export S.R.L.</em>.</p><ul><li>Autonomia dichiarata: 90 à 100 km</li><li>Velocita massima: 95 km/h</li><li>Tempo di ricarica: 3 h par batterie</li><li>Peso: 127 kg</li></ul>,"<h2>Panoramica</h2><p>Contenuto riscritto e ottimizzato per una boutique italiana: informazioni chiare, valori tecnici organizzati e testo pensato per aiutare la decisione d'acquisto.</p><p><strong>Venditore:</strong> Distribuzione Import Export S.R.L.</p><p><strong>Categoria:</strong> Scooter elettrici > 125</p><h2>Punti di forza</h2><ul><li>Consultation de l’autonomie restante en temps réel</li><li>Localisation GPS du scooter</li><li>Alertes en cas de déplacement non autorisé</li><li>Historique des trajets</li><li>Statistiques de conduite et consommation de batterie</li><li>Mise à jour du logiciel interne (firmware) pour bénéficier des dernières optimisations</li></ul><h2>Scheda tecnica</h2><h3>Moteur</h3><table><tr><th>Equivalenza cilindrata</th><td>Équivalent 125 cm3</td></tr><tr><th>Potenza massima</th><td>6 400 W</td></tr><tr><th>Potenza motore</th><td>5 000 W</td></tr><tr><th>Velocita massima</th><td>95 km/h</td></tr></table><h3>Batterie</h3><table><tr><th>Autonomia</th><td>90 à 100 km</td></tr><tr><th>Batteria rimovibile</th><td>Si</td></tr><tr><th>Caricatore incluso</th><td>Si</td></tr><tr><th>Capacita batteria</th><td>2 kWh x2</td></tr><tr><th>Tempo di ricarica</th><td>3 h par batterie</td></tr><tr><th>Voltage & Ampérage de la Batterie</th><td>72 V 28Ah x2</td></tr></table><h3>Chassis</h3><table><tr><th>Empattement</th><td>1 350 mm</td></tr><tr><th>Garde au sol minimale</th><td>145 mm</td></tr><tr><th>Hauteur de selle</th><td>760 mm</td></tr><tr><th>Hauteur hors tout</th><td>1 134 mm</td></tr><tr><th>Largeur hors tout</th><td>710 mm</td></tr></table><h3>Partie Cycle</h3><table><tr><th>Amortisseur arrière réglable</th><td>No</td></tr><tr><th>Amortisseur avant réglable</th><td>No</td></tr><tr><th>Taille frein arrière</th><td>180 mm</td></tr><tr><th>Taille frein avant</th><td>220 mm</td></tr><tr><th>Type frein arrière</th><td>Disque</td></tr><tr><th>Type frein avant</th><td>Disque</td></tr><tr><th>Alarme</th><td>Si</td></tr><tr><th>Freinage couplé</th><td>No</td></tr><tr><th>Freinage régénératif</th><td>Si</td></tr><tr><th>Homologué 2 places</th><td>Si</td></tr><tr><th>Marche Arrière</th><td>Si</td></tr><tr><th>Prise USB</th><td>Si</td></tr><tr><th>Rangement casque sous la selle</th><td>No</td></tr><tr><th>Accélération</th><td>Le 0 à 48 km/h s'effectue en 2 secondes</td></tr><tr><th>Categoria omologazione</th><td>L3e</td></tr><tr><th>Code National</th><td>MTL</td></tr><tr><th>Couleur</th><td>Gold, Blanc, Bleu, Noir, Rouge</td></tr><tr><th>Dimensioni</th><td>1970 × 710 × 1134 cm</td></tr><tr><th>Marque</th><td>Niu</td></tr><tr><th>Patente</th><td>Permis A1, Permis B + Formation 7h</td></tr><tr><th>Peso in ordine di marcia</th><td>127 kg</td></tr></table><h2>Note</h2><p>Disponibilita, prezzi e varianti possono variare. Si consiglia di verificare la configurazione selezionata prima dell'acquisto.</p>",,,,,Scooter elettrici > 125,,"https://www.go2roues.com/wp-content/uploads/2024/12/NIU-FQi-500-noir-avant-gauche.png, https://www.go2roues.com/wp-content/uploads/2024/12/NIU-FQi-500-noir-avant.png, https://www.go2roues.com/wp-content/uploads/2024/12/NIU-FQi-500-noir-gauche.png, https://www.go2roues.com/wp-content/uploads/2024/12/NIU-FQi-500-rouge-avant-gauche.png, https://www.go2roues.com/wp-content/uploads/2024/12/NIU-FQi-500-rouge-avant.png, https://www.go2roues.com/wp-content/uploads/2024/12/NIU-FQi-500-rouge-cote-gauche.png, https://www.go2roues.com/wp-content/uploads/2024/12/NIU-FQi-500-blanc-avant-gauche.png, https://www.go2roues.com/wp-content/uploads/2024/12/NIU-FQi-500-blanc-avant.png, https://www.go2roues.com/wp-content/uploads/2024/12/NIU-FQi-500-blanc-cote-gauche.png, https://www.go2roues.com/wp-content/uploads/2024/12/NIU-FQi-500-bleu-avant.png, https://www.go2roues.com/wp-content/uploads/2024/12/NIU-FQi-500-bleu-cote-gauche.png, https://www.go2roues.com/wp-content/uploads/2024/12/NIU-FQi-500-bleu-avant-gauche.png, https://www.go2roues.com/wp-content/uploads/2024/12/NIU-FQi-500-gold-avant-gauche.png, https://www.go2roues.com/wp-content/uploads/2024/12/NIU-FQi-500-gold-avant.png, https://www.go2roues.com/wp-content/uploads/2024/12/NIU-FQi-500-gold-cote-gauche.png",,Colore,,1,1,Finitura,,1,1,Niu
variation,niu-fqi-500-gold,NIU FQi 500 - gold,1,visible,,,2999.00,,yes,notify,,,https://www.go2roues.com/wp-content/uploads/2024/12/NIU-FQi-500-gold-avant-gauche.png,www-go2roues-com-shop-niu-fqi-500,Colore,Gold,,,Finitura,,,,Niu
variation,niu-fqi-500-blanc,NIU FQi 500 - blanc,1,visible,,,2999.00,,yes,notify,,,https://www.go2roues.com/wp-content/uploads/2024/12/NIU-FQi-500-blanc-avant-gauche.png,www-go2roues-com-shop-niu-fqi-500,Colore,Bianco,,,Finitura,,,,Niu
variation,niu-fqi-500-noir,NIU FQi 500 - noir,1,visible,,,2999.00,,yes,notify,,,https://www.go2roues.com/wp-content/uploads/2024/12/NIU-FQi-500-noir-avant-gauche.png,www-go2roues-com-shop-niu-fqi-500,Colore,Nero,,,Finitura,,,,Niu
variable,www-go2roues-com-shop-niu-nqi-gts,NIU NQi GTS,1,visible,<p><strong>NIU NQi GTS</strong> di Niu. <em>Venduto da Distribuzione Import Export S.R.L.</em>.</p><ul><li>Autonomia dichiarata: 110 km</li><li>Velocita massima: 80 km/h</li><li>Tempo di ricarica: Non</li><li>Peso: 12 kg par batterie</li></ul>,"<h2>Panoramica</h2><p>Contenuto riscritto e ottimizzato per una boutique italiana: informazioni chiare, valori tecnici organizzati e testo pensato per aiutare la decisione d'acquisto.</p><p><strong>Venditore:</strong> Distribuzione Import Export S.R.L.</p><p><strong>Categoria:</strong> Scooter elettrici > 125</p><h2>Scheda tecnica</h2><h3>Moteur</h3><table><tr><th>Couple maximal</th><td>138 Nm</td></tr><tr><th>Equivalenza cilindrata</th><td>Équivalent 50 ou 125 cm3</td></tr><tr><th>Marque du moteur</th><td>Niu</td></tr><tr><th>Potenza massima</th><td>3 500 W</td></tr><tr><th>Potenza motore</th><td>4 200 W</td></tr><tr><th>Transmission</th><td>Moteur intégré dans la roue arrière</td></tr><tr><th>Velocita massima</th><td>80 km/h</td></tr></table><h3>Batterie</h3><table><tr><th>Autonomia</th><td>110 km</td></tr><tr><th>Batteria rimovibile</th><td>Si</td></tr><tr><th>Caricatore incluso</th><td>Si</td></tr><tr><th>Intensité du chargeur</th><td>5A (une batterie) / 10A (deux batteries)</td></tr><tr><th>Poids de la batterie</th><td>12 kg par batterie</td></tr><tr><th>Capacita batteria</th><td>1.56 kWh x 2, 2.1 kWh x 2</td></tr><tr><th>Recharge compatible T2</th><td>No</td></tr><tr><th>Tempo di ricarica</th><td>3 h par batterie, 6 h</td></tr><tr><th>Tipo di batteria</th><td>Lithium</td></tr><tr><th>Voltage & Ampérage de la Batterie</th><td>60V / 26Ah x 2, 60V / 35Ah x 2</td></tr></table><h3>Chassis</h3><table><tr><th>Charge maximale</th><td>269 kg</td></tr><tr><th>Empattement</th><td>1 325 mm</td></tr><tr><th>Garde au sol minimale</th><td>180 mm</td></tr><tr><th>Hauteur de selle</th><td>815 mm</td></tr><tr><th>Hauteur hors tout</th><td>1 223 mm</td></tr><tr><th>Largeur hors tout</th><td>740 mm</td></tr><tr><th>Longueur hors tout</th><td>1 890 mm</td></tr></table><h3>Partie Cycle</h3><table><tr><th>Amortisseur arrière réglable</th><td>Si</td></tr><tr><th>Amortisseur avant réglable</th><td>No</td></tr><tr><th>Taille frein arrière</th><td>180 mm</td></tr><tr><th>Taille frein avant</th><td>220 mm</td></tr><tr><th>Taille pneu arrière</th><td>110/80-14</td></tr><tr><th>Taille pneu avant</th><td>90/90-14</td></tr><tr><th>Taille roue arrière</th><td>14 pouces</td></tr><tr><th>Taille roue avant</th><td>14 pouces</td></tr><tr><th>Type frein arrière</th><td>Disque</td></tr><tr><th>Type frein avant</th><td>Disque</td></tr><tr><th>Alarme</th><td>Si</td></tr><tr><th>Freinage couplé</th><td>CBS</td></tr><tr><th>Freinage régénératif</th><td>Si</td></tr><tr><th>Homologué 2 places</th><td>Si</td></tr><tr><th>Marche Arrière</th><td>No</td></tr><tr><th>Modes de conduites</th><td>3</td></tr><tr><th>Prise USB</th><td>Si</td></tr><tr><th>Rangement casque sous la selle</th><td>No</td></tr><tr><th>Régulateur</th><td>Si</td></tr><tr><th>Accélération</th><td>0 à 50 km/h en 6.5 secondes</td></tr><tr><th>Categoria omologazione</th><td>L3e</td></tr><tr><th>Code National</th><td>MTL</td></tr><tr><th>Couleur</th><td>Blanc/Rouge, Gris mat, Noir Mat, Noir brillant</td></tr><tr><th>Dimensioni</th><td>1890 × 740 × 1223 cm</td></tr><tr><th>Keyless</th><td>No</td></tr><tr><th>Marque</th><td>Niu</td></tr><tr><th>Patente</th><td>Permis A1, Permis B + Formation 7h, Permis moto</td></tr><tr><th>Peso in ordine di marcia</th><td>114 kg</td></tr></table><h2>Note</h2><p>Disponibilita, prezzi e varianti possono variare. Si consiglia di verificare la configurazione selezionata prima dell'acquisto.</p>",,,,,Scooter elettrici > 125,,"https://www.go2roues.com/wp-content/uploads/2026/05/NIU-NQi-GTS-MY-26-Black-avant-droit.png, https://www.go2roues.com/wp-content/uploads/2026/05/NIU-NQi-GTS-MY-26-Black-face-avant.png, https://www.go2roues.com/wp-content/uploads/2026/05/NIU-NQi-GTS-MY-26-Black-arriere-droit.png, https://www.go2roues.com/wp-content/uploads/2021/01/niu-nqi-gts-2022-compteur-ecran-de-bord.jpg, https://www.go2roues.com/wp-content/uploads/2021/01/niu-nqi-gts-commodo-droit.jpg, https://www.go2roues.com/wp-content/uploads/2021/01/niu-nqi-gts-commodo-gauche.jpg, https://www.go2roues.com/wp-content/uploads/2021/01/niu-nqi-gts-moteur.jpg, https://www.go2roues.com/wp-content/uploads/2021/01/niu-nqi-gts-lifestyle-support-telephone.jpg, https://www.go2roues.com/wp-content/uploads/2021/01/niu-nqi-gts-lifestyle-charge-smartphone-usb.jpg, https://www.go2roues.com/wp-content/uploads/2021/01/niu-nqi-gts-tablier.jpg, http://www.go2roues.com/wp-content/uploads/2026/05/NIU-NQi-GTS-MY-26-Black-avant-droit.png",,Colore,,1,1,Finitura,,1,1,Niu
variation,niu-nqi-gts-noir-mat,NIU NQi GTS - / noir-mat,1,visible,,,2699.00,,yes,no,,,https://www.go2roues.com/wp-content/uploads/2026/05/NIU-NQi-GTS-MY-26-Black-avant-droit.png,www-go2roues-com-shop-niu-nqi-gts,Colore,Noir Mat,,,Finitura,,,,Niu
variation,niu-nqi-gts-110-km-blanc-rouge,NIU NQi GTS - 110-km / blanc-rouge,1,visible,,,4499.00,,yes,no,,,https://www.go2roues.com/wp-content/uploads/2021/01/niu-nqi-gts-blanc-rouge-trois-quart-face-droit.jpg,www-go2roues-com-shop-niu-nqi-gts,Colore,Blanc Rouge,,,Finitura,,,,Niu
variation,niu-nqi-gts-110-km-noir-brillant,NIU NQi GTS - 110-km / noir-brillant,1,visible,,,4499.00,,yes,no,,,https://www.go2roues.com/wp-content/uploads/2021/01/niu-nqi-gts-noir-brillant-trois-quart-face-droit.jpg,www-go2roues-com-shop-niu-nqi-gts,Colore,Noir Brillant,,,Finitura,,,,Niu
variation,niu-nqi-gts-80-km-noir-brillant,NIU NQi GTS - 80-km / noir-brillant,1,visible,,,3499.00,,yes,no,,,https://www.go2roues.com/wp-content/uploads/2021/01/niu-nqi-gts-noir-brillant-trois-quart-face-droit.jpg,www-go2roues-com-shop-niu-nqi-gts,Colore,Noir Brillant,,,Finitura,,,,Niu
variation,niu-nqi-gts-80-km-blanc-rouge,NIU NQi GTS - 80-km / blanc-rouge,1,visible,,,3499.00,,yes,no,,,https://www.go2roues.com/wp-content/uploads/2021/01/niu-nqi-gts-blanc-rouge-trois-quart-face-droit.jpg,www-go2roues-com-shop-niu-nqi-gts,Colore,Blanc Rouge,,,Finitura,,,,Niu
variable,www-go2roues-com-shop-super-soco-cpx,Super Soco CPX / CPX PRO,1,visible,<p><strong>Super Soco CPX / CPX PRO</strong> di Super SOCO. <em>Venduto da Distribuzione Import Export S.R.L.</em>.</p><ul><li>Autonomia dichiarata: 140 km</li><li>Velocita massima: 105 km/h (CPX PRO)</li><li>Tempo di ricarica: Non</li><li>Peso: 19 kg par batterie</li></ul>,"<h2>Panoramica</h2><p>Contenuto riscritto e ottimizzato per una boutique italiana: informazioni chiare, valori tecnici organizzati e testo pensato per aiutare la decisione d'acquisto.</p><p><strong>Venditore:</strong> Distribuzione Import Export S.R.L.</p><p><strong>Categoria:</strong> Scooter elettrici</p><h2>Scheda tecnica</h2><h3>Moteur</h3><table><tr><th>Couple maximal</th><td>171 Nm</td></tr><tr><th>Equivalenza cilindrata</th><td>Équivalent 125 cm3</td></tr><tr><th>Marque du moteur</th><td>Super Soco</td></tr><tr><th>Potenza massima</th><td>4 000 W, 8 000 W</td></tr><tr><th>Potenza motore</th><td>7 000 W, 4 000 W</td></tr><tr><th>Transmission</th><td>Moteur intégré dans la roue arrière</td></tr><tr><th>Velocita massima</th><td>105 km/h (CPX PRO)</td></tr></table><h3>Batterie</h3><table><tr><th>Autonomia</th><td>140 km</td></tr><tr><th>Batteria rimovibile</th><td>Si</td></tr><tr><th>Caricatore incluso</th><td>Si</td></tr><tr><th>Intensité du chargeur</th><td>15A</td></tr><tr><th>Poids de la batterie</th><td>19 kg par batterie</td></tr><tr><th>Capacita batteria</th><td>2.7 kWh x 2</td></tr><tr><th>Recharge compatible T2</th><td>No</td></tr><tr><th>Tempo di ricarica</th><td>3.5 h par batterie</td></tr><tr><th>Tipo di batteria</th><td>Lithium</td></tr><tr><th>Voltage & Ampérage de la Batterie</th><td>60V / 45Ah</td></tr></table><h3>Chassis</h3><table><tr><th>Charge maximale</th><td>200 kg</td></tr><tr><th>Empattement</th><td>1 365 mm</td></tr><tr><th>Garde au sol minimale</th><td>145 mm</td></tr><tr><th>Hauteur de selle</th><td>760 mm</td></tr><tr><th>Hauteur hors tout</th><td>1 132 mm</td></tr><tr><th>Largeur hors tout</th><td>720 mm</td></tr><tr><th>Longueur hors tout</th><td>1 978 mm</td></tr></table><h3>Partie Cycle</h3><table><tr><th>Amortisseur arrière réglable</th><td>Si</td></tr><tr><th>Amortisseur avant réglable</th><td>No</td></tr><tr><th>Taille frein arrière</th><td>180 mm</td></tr><tr><th>Taille frein avant</th><td>240 mm</td></tr><tr><th>Taille pneu arrière</th><td>110/80-14</td></tr><tr><th>Taille pneu avant</th><td>100/80-16</td></tr><tr><th>Taille roue arrière</th><td>14 pouces</td></tr><tr><th>Taille roue avant</th><td>16 pouces</td></tr><tr><th>Type frein arrière</th><td>Disque</td></tr><tr><th>Type frein avant</th><td>Disque</td></tr><tr><th>Alarme</th><td>Si</td></tr><tr><th>Freinage couplé</th><td>ABS, CBS, Freinage couplé</td></tr><tr><th>Freinage régénératif</th><td>No</td></tr><tr><th>Homologué 2 places</th><td>Si</td></tr><tr><th>Marche Arrière</th><td>Si</td></tr><tr><th>Modes de conduites</th><td>3</td></tr><tr><th>Prise USB</th><td>Si</td></tr><tr><th>Rangement casque sous la selle</th><td>No</td></tr><tr><th>Régulateur</th><td>No</td></tr><tr><th>Categoria omologazione</th><td>L1e, L3e</td></tr><tr><th>Code National</th><td>CL</td></tr><tr><th>Couleur</th><td>Blanc, Bleu, Gris, Noir, Rouge</td></tr><tr><th>Dimensioni</th><td>197 × 72 × 113 cm</td></tr><tr><th>GPS</th><td>No</td></tr><tr><th>Keyless</th><td>No</td></tr><tr><th>Marque</th><td>Super SOCO</td></tr><tr><th>Modèle</th><td>CPX</td></tr><tr><th>Patente</th><td>Permis AM, Permis B + Formation 7h, Sans permis</td></tr><tr><th>Peso in ordine di marcia</th><td>135 kg</td></tr></table><h2>Note</h2><p>Disponibilita, prezzi e varianti possono variare. Si consiglia di verificare la configurazione selezionata prima dell'acquisto.</p>",,,,,Scooter elettrici,,"https://www.go2roues.com/wp-content/uploads/2019/11/super-soco-cpx-gris-trois-quart-face-avant.jpg, https://www.go2roues.com/wp-content/uploads/2019/11/super-soco-cpx-noir-trois-quart-face-droit-1.jpg, https://www.go2roues.com/wp-content/uploads/2019/11/super-soco-cpx-noir-vue-arriere-1.jpg, https://www.go2roues.com/wp-content/uploads/2019/11/super-soco-cpx-noir-trois-quart-arriere-gauche-1.jpg, https://www.go2roues.com/wp-content/uploads/2019/11/super-soco-cpx-noir-trois-quart-face-gauche.jpg, https://www.go2roues.com/wp-content/uploads/2019/11/super-soco-cpx-noir-cote-gauche-1.jpg, https://www.go2roues.com/wp-content/uploads/2019/11/super-soco-cpx-noir-vue-devant-1.jpg, https://www.go2roues.com/wp-content/uploads/2019/11/super-soco-cpx-noir-bulle.jpg, https://www.go2roues.com/wp-content/uploads/2019/11/super-soco-cpx-noir-feu-arriere.jpg, https://www.go2roues.com/wp-content/uploads/2019/11/super-soco-cpx-noir-feu-avant.jpg, https://www.go2roues.com/wp-content/uploads/2019/11/super-soco-cpx-noir-moteur.jpg, https://www.go2roues.com/wp-content/uploads/2019/11/super-soco-cpx-noir-tablier.jpg, https://www.go2roues.com/wp-content/uploads/2019/11/super-soco-cpx-vue-avant-parc.jpg, https://www.go2roues.com/wp-content/uploads/2019/11/super-soco-cpx-vue-arriere-parc.jpg, https://www.go2roues.com/wp-content/uploads/2019/11/cpx-pro-rouge.png",,Colore,,1,1,Finitura,,1,1,Super SOCO
variation,supersocovmotocpxpro-noir-cbs,Super Soco CPX / CPX PRO - noir / cbs,1,visible,,,5490.00,,yes,no,,,https://www.go2roues.com/wp-content/uploads/2019/11/super-soco-cpx-noir-trois-face-gauche.jpg,www-go2roues-com-shop-super-soco-cpx,Colore,Nero,,,Finitura,,,,Super SOCO
variation,supsococpx-noir-abs,Super Soco CPX / CPX PRO - noir / abs,1,visible,,,5990.00,,yes,no,,,https://www.go2roues.com/wp-content/uploads/2019/11/super-soco-cpx-gris-trois-quart-face-avant.jpg,www-go2roues-com-shop-super-soco-cpx,Colore,Nero,,,Finitura,,,,Super SOCO
variation,supsococpx-rouge-cbs,Super Soco CPX / CPX PRO - rouge / cbs,1,visible,,,5490.00,,yes,no,,,https://www.go2roues.com/wp-content/uploads/2019/11/cpx-pro-rouge.png,www-go2roues-com-shop-super-soco-cpx,Colore,Rosso,,,Finitura,,,,Super SOCO
variation,supsococpx-blanc-abs,Super Soco CPX / CPX PRO - blanc / abs,1,visible,,,5990.00,,yes,no,,,https://www.go2roues.com/wp-content/uploads/2024/03/CPX-PRO-BLANC.webp,www-go2roues-com-shop-super-soco-cpx,Colore,Bianco,,,Finitura,,,,Super SOCO
variation,supsococpx-bleu-abs,Super Soco CPX / CPX PRO - bleu / abs,1,visible,,,5990.00,,yes,no,,,https://www.go2roues.com/wp-content/uploads/2024/03/CPX-PRO-BLEU.webp,www-go2roues-com-shop-super-soco-cpx,Colore,Blu,,,Finitura,,,,Super SOCO
variation,supsococpx-noir-freinage-couple,Super Soco CPX / CPX PRO - noir / freinage-couple,1,visible,,,4990.00,,yes,no,,,https://www.go2roues.com/wp-content/uploads/2019/11/super-soco-cpx-noir-trois-quart-face-droit-1.jpg,www-go2roues-com-shop-super-soco-cpx,Colore,Nero,,,Finitura,,,,Super SOCO
variable,www-go2roues-com-shop-vmoto-citi-2,VMOTO CITI,1,visible,"<p><strong>VMOTO CITI</strong> di Super SOCO. <em>Venduto da Distribuzione Import Export S.R.L.</em>.</p><ul><li>Autonomia dichiarata: 70 km, 80 km</li><li>Velocita massima: 45 km/h, 85 km/h</li><li>Tempo di ricarica: 3.5 h</li><li>Peso: 19 kg par batterie</li></ul>","<h2>Panoramica</h2><p>Contenuto riscritto e ottimizzato per una boutique italiana: informazioni chiare, valori tecnici organizzati e testo pensato per aiutare la decisione d'acquisto.</p><p><strong>Venditore:</strong> Distribuzione Import Export S.R.L.</p><p><strong>Categoria:</strong> Scooter elettrici</p><h2>Punti di forza</h2><ul><li>Le niveau de la batterie et son pourcentage</li><li>Trip et distance totale parcourue du véhicule</li></ul><h2>Scheda tecnica</h2><h3>Moteur</h3><table><tr><th>Couple maximal</th><td>140 Nm</td></tr><tr><th>Equivalenza cilindrata</th><td>Équivalent 50 cm3</td></tr><tr><th>Potenza massima</th><td>2 400 W, 4 700 W</td></tr><tr><th>Potenza motore</th><td>3 500 W, 2 000 W</td></tr><tr><th>Transmission</th><td>Moteur intégré dans la roue arrière</td></tr><tr><th>Velocita massima</th><td>45 km/h, 85 km/h</td></tr></table><h3>Batterie</h3><table><tr><th>Autonomia</th><td>70 km, 80 km</td></tr><tr><th>Batteria rimovibile</th><td>Si</td></tr><tr><th>Caricatore incluso</th><td>Si</td></tr><tr><th>Poids de la batterie</th><td>19 kg par batterie</td></tr><tr><th>Capacita batteria</th><td>2.7 kWh</td></tr><tr><th>Tempo di ricarica</th><td>3.5 h</td></tr><tr><th>Voltage & Ampérage de la Batterie</th><td>60V / 45Ah</td></tr></table><h3>Chassis</h3><table><tr><th>Empattement</th><td>1 327 mm</td></tr><tr><th>Hauteur de selle</th><td>710 mm</td></tr><tr><th>Hauteur hors tout</th><td>1 160 mm</td></tr><tr><th>Largeur hors tout</th><td>730 mm</td></tr><tr><th>Longueur hors tout</th><td>1 940 mm</td></tr></table><h3>Partie Cycle</h3><table><tr><th>Amortisseur arrière réglable</th><td>No</td></tr><tr><th>Taille pneu arrière</th><td>90/90-14</td></tr><tr><th>Taille pneu avant</th><td>90/80-16</td></tr><tr><th>Taille roue arrière</th><td>14 pouces</td></tr><tr><th>Taille roue avant</th><td>16 pouces</td></tr><tr><th>Type frein arrière</th><td>Disque</td></tr><tr><th>Type frein avant</th><td>Disque</td></tr><tr><th>Alarme</th><td>Si</td></tr><tr><th>Freinage couplé</th><td>CBS</td></tr><tr><th>Homologué 2 places</th><td>Si</td></tr><tr><th>Marche Arrière</th><td>Si</td></tr><tr><th>Modes de conduites</th><td>3 modes + marche arrière</td></tr><tr><th>Prise USB</th><td>Si</td></tr><tr><th>Categoria omologazione</th><td>L1e, L3e</td></tr><tr><th>Code National</th><td>CL</td></tr><tr><th>Couleur</th><td>Bleu Azur, Blanc, Bleu, Noir</td></tr><tr><th>Marque</th><td>Super SOCO, Vmoto</td></tr><tr><th>Patente</th><td>Permis AM</td></tr><tr><th>Peso in ordine di marcia</th><td>110 kg</td></tr></table><h2>Note</h2><p>Disponibilita, prezzi e varianti possono variare. Si consiglia di verificare la configurazione selezionata prima dell'acquisto.</p>",,,,,Scooter elettrici,,"https://www.go2roues.com/wp-content/uploads/2025/01/vmoto-citi-blanc.png, https://www.go2roues.com/wp-content/uploads/2024/01/VMOTO-CITI-cote-gauche.jpg, https://www.go2roues.com/wp-content/uploads/2023/08/F01-noir-cote-droit.png, https://www.go2roues.com/wp-content/uploads/2023/08/F01-bleu-cote-droit.png, https://www.go2roues.com/wp-content/uploads/2023/08/F01-bleu-arriere-droit.png, https://www.go2roues.com/wp-content/uploads/2023/08/F01-noir-arriere-droit.png, https://www.go2roues.com/wp-content/uploads/2025/02/VMOTO-CITI-NOIR-AVANT-DROIT.png, https://www.go2roues.com/wp-content/uploads/2025/02/VMOTO-CITI-NOIR-AV-G.png, https://www.go2roues.com/wp-content/uploads/2025/02/VMOTO-CITI-NOIR-AVANT-D.png, https://www.go2roues.com/wp-content/uploads/2025/02/VMOTO-CITI-NOIR-COTE-DROIT.png, https://www.go2roues.com/wp-content/uploads/2025/02/VMOTO-CITI-NOIR-COTE-GAUCHE.png, https://www.go2roues.com/wp-content/uploads/2025/02/VMOTO-CITI-NOIR-ARRIERE-DROIT.png, https://www.go2roues.com/wp-content/uploads/2025/02/VMOTO-CITI-NOIR-ARR-D.png, https://www.go2roues.com/wp-content/uploads/2025/02/VMOTO-CITI-NOIR-CG.png, https://www.go2roues.com/wp-content/uploads/2025/02/VMOTO-CITI-NOIR-ROUE-ARRIERE-2.png",,Colore,,1,1,Finitura,,1,1,Super SOCO
variation,vmoto-citi-2-85-km-h-bleu-azur,VMOTO CITI - 85-km-h / bleu-azur,1,visible,,,3290.00,,yes,no,,,https://www.go2roues.com/wp-content/uploads/2025/02/CITI-L3-BLEU-AZUR.jpg.jpeg,www-go2roues-com-shop-vmoto-citi-2,Colore,Bleu Azur,,,Finitura,,,,Super SOCO
variation,vmoto-citi-2-85-km-h-blanc,VMOTO CITI - 85-km-h / blanc,1,visible,,,3290.00,,yes,no,,,https://www.go2roues.com/wp-content/uploads/2025/01/vmoto-citi-blanc.png,www-go2roues-com-shop-vmoto-citi-2,Colore,Bianco,,,Finitura,,,,Super SOCO
variation,vmoto-citi-2-85-km-h-noir,VMOTO CITI - 85-km-h / noir,1,visible,,,3590.00,,yes,no,,,https://www.go2roues.com/wp-content/uploads/2024/01/VMOTO-CITI-cote-gauche.jpg,www-go2roues-com-shop-vmoto-citi-2,Colore,Nero,,,Finitura,,,,Super SOCO
variation,vmoto-citi-2-85-km-h-bleu,VMOTO CITI - 85-km-h / bleu,1,visible,,,3590.00,,yes,no,,,https://www.go2roues.com/wp-content/uploads/2024/06/CITI-BLEU-L3.jpeg,www-go2roues-com-shop-vmoto-citi-2,Colore,Blu,,,Finitura,,,,Super SOCO
variation,vmoto-citi-2-45-km-h-blanc,VMOTO CITI - 45-km-h / blanc,1,visible,,,3090.00,,yes,no,,,https://www.go2roues.com/wp-content/uploads/2025/01/vmoto-citi-blanc.png,www-go2roues-com-shop-vmoto-citi-2,Colore,Bianco,,,Finitura,,,,Super SOCO
variation,vmoto-citi-2-45-km-h-noir,VMOTO CITI - 45-km-h / noir,1,visible,,,3090.00,,yes,no,,,https://www.go2roues.com/wp-content/uploads/2024/01/VMOTO-CITI-cote-gauche.jpg,www-go2roues-com-shop-vmoto-citi-2,Colore,Nero,,,Finitura,,,,Super SOCO
variable,www-go2roues-com-shop-vmoto-cpx-explorer,Vmoto CPX Explorer,1,visible,<p><strong>Vmoto CPX Explorer</strong> di Super SOCO. <em>Venduto da Distribuzione Import Export S.R.L.</em>.</p><ul><li>Autonomia dichiarata: 100 km</li><li>Velocita massima: 105 km/h</li><li>Tempo di ricarica: 3.5 h par batterie</li><li>Peso: 19 kg</li></ul>,"<h2>Panoramica</h2><p>Contenuto riscritto e ottimizzato per una boutique italiana: informazioni chiare, valori tecnici organizzati e testo pensato per aiutare la decisione d'acquisto.</p><p><strong>Venditore:</strong> Distribuzione Import Export S.R.L.</p><p><strong>Categoria:</strong> Scooter elettrici</p><h2>Scheda tecnica</h2><h3>Moteur</h3><table><tr><th>Equivalenza cilindrata</th><td>Équivalent 125 cm3</td></tr><tr><th>Marque du moteur</th><td>Vmoto</td></tr><tr><th>Potenza massima</th><td>7 000 W</td></tr><tr><th>Potenza motore</th><td>7 000 W</td></tr><tr><th>Transmission</th><td>Moteur intégré dans la roue arrière</td></tr><tr><th>Velocita massima</th><td>105 km/h</td></tr></table><h3>Batterie</h3><table><tr><th>Autonomia</th><td>100 km</td></tr><tr><th>Batteria rimovibile</th><td>Si</td></tr><tr><th>Caricatore incluso</th><td>Si</td></tr><tr><th>Poids de la batterie</th><td>19 kg</td></tr><tr><th>Capacita batteria</th><td>2.7 kWh</td></tr><tr><th>Tempo di ricarica</th><td>3.5 h par batterie</td></tr><tr><th>Tipo di batteria</th><td>Lithium</td></tr><tr><th>Voltage & Ampérage de la Batterie</th><td>60V / 45Ah</td></tr></table><h3>Chassis</h3><table><tr><th>Garde au sol minimale</th><td>145 mm</td></tr><tr><th>Hauteur de selle</th><td>760 mm</td></tr><tr><th>Hauteur hors tout</th><td>1430 mm</td></tr><tr><th>Largeur hors tout</th><td>760 mm</td></tr><tr><th>Longueur hors tout</th><td>2120 mm</td></tr></table><h3>Partie Cycle</h3><table><tr><th>Amortisseur arrière réglable</th><td>Si</td></tr><tr><th>Amortisseur avant réglable</th><td>No</td></tr><tr><th>Taille frein arrière</th><td>180 mm</td></tr><tr><th>Taille frein avant</th><td>240 mm</td></tr><tr><th>Taille pneu arrière</th><td>110/80-14</td></tr><tr><th>Taille pneu avant</th><td>100/80-16</td></tr><tr><th>Taille roue arrière</th><td>14 pouces</td></tr><tr><th>Taille roue avant</th><td>16 pouces</td></tr><tr><th>Type frein arrière</th><td>Disque</td></tr><tr><th>Type frein avant</th><td>Disque</td></tr><tr><th>Alarme</th><td>Si</td></tr><tr><th>Freinage couplé</th><td>ABS, Oui</td></tr><tr><th>Freinage régénératif</th><td>No</td></tr><tr><th>Homologué 2 places</th><td>Si</td></tr><tr><th>Marche Arrière</th><td>Si</td></tr><tr><th>Modes de conduites</th><td>3</td></tr><tr><th>Prise USB</th><td>Si</td></tr><tr><th>Rangement casque sous la selle</th><td>No</td></tr><tr><th>Régulateur</th><td>Si</td></tr><tr><th>Categoria omologazione</th><td>L3e</td></tr><tr><th>Code National</th><td>MTL</td></tr><tr><th>Couleur</th><td>Turquoise, Blanc, Noir, Rouge</td></tr><tr><th>Dimensioni</th><td>212 × 76 × 143 cm</td></tr><tr><th>Marque</th><td>Super SOCO, Vmoto</td></tr><tr><th>Modèle</th><td>CPX Explorer</td></tr><tr><th>Patente</th><td>Permis A1, Permis B + Formation 7h, Permis A2</td></tr><tr><th>Peso in ordine di marcia</th><td>147 kg</td></tr></table><h2>Note</h2><p>Disponibilita, prezzi e varianti possono variare. Si consiglia di verificare la configurazione selezionata prima dell'acquisto.</p>",,,,,Scooter elettrici,,"https://www.go2roues.com/wp-content/uploads/2023/12/vmoto-cpx-explorer-noir-gauche.jpg, https://www.go2roues.com/wp-content/uploads/2023/12/vmoto-cpx-explorer-trois-quart-avant-gauche.jpg, https://www.go2roues.com/wp-content/uploads/2023/12/vmoto-cpx-explorer-noir.png, https://www.go2roues.com/wp-content/uploads/2024/06/CPX-Explorer-blanc-avg.png, https://www.go2roues.com/wp-content/uploads/2024/06/CPX-Explorer-blanc-avant.png, https://www.go2roues.com/wp-content/uploads/2024/06/CPX-Explorer-blanc-avd.png, https://www.go2roues.com/wp-content/uploads/2024/06/CPX-Explorer-blanc-ard.png, https://www.go2roues.com/wp-content/uploads/2024/06/CPX-Explorer-blanc-cote-gauche.png, https://www.go2roues.com/wp-content/uploads/2024/06/CPX-Explorer-blanc-cote-droit.png, https://www.go2roues.com/wp-content/uploads/2025/01/CPX-explorer-bleu-turquoise-cote-droit.png, https://www.go2roues.com/wp-content/uploads/2025/01/CPX-explorer-bleu-turquoise-av-gauche.png, https://www.go2roues.com/wp-content/uploads/2025/01/CPX-explorer-bleu-turquoise-arriere-gauche.png, https://www.go2roues.com/wp-content/uploads/2025/01/CPX-explorer-bleu-turquoise-cote-gauche.png, https://www.go2roues.com/wp-content/uploads/2025/01/CPX-explorer-bleu-turquoise-arriere-gauche-arriere.png, https://www.go2roues.com/wp-content/uploads/2025/01/CPX-explorer-bleu-turquoise-arriere-gauche-arriere-zoom.png",,Colore,,1,1,Finitura,,1,1,Super SOCO
variation,vmoto-cpx-explorer-turquoise,Vmoto CPX Explorer - turquoise,1,visible,,,5990.00,,yes,no,,,https://www.go2roues.com/wp-content/uploads/2025/01/CPX-explorer-bleu-turquoise-av-gauche.png,www-go2roues-com-shop-vmoto-cpx-explorer,Colore,Turquoise,,,Finitura,,,,Super SOCO
variation,vmoto-cpx-explorer-noir,Vmoto CPX Explorer - noir,1,visible,,,5990.00,,yes,no,,,https://www.go2roues.com/wp-content/uploads/2023/12/vmoto-cpx-explorer-trois-quart-avant-gauche.jpg,www-go2roues-com-shop-vmoto-cpx-explorer,Colore,Nero,,,Finitura,,,,Super SOCO
variation,vmoto-cpx-explorer-blanc,Vmoto CPX Explorer - blanc,1,visible,,,6290.00,,yes,no,,,https://www.go2roues.com/wp-content/uploads/2024/06/CPX-Explorer-blanc-avg.png,www-go2roues-com-shop-vmoto-cpx-explorer,Colore,Bianco,,,Finitura,,,,Super SOCO
variation,vmoto-cpx-explorer-rouge,Vmoto CPX Explorer - rouge,1,visible,,,6290.00,,yes,no,,,https://www.go2roues.com/wp-content/uploads/2024/07/vmoto-cpx-explorer-rouge-trois-quart.jpg,www-go2roues-com-shop-vmoto-cpx-explorer,Colore,Rosso,,,Finitura,,,,Super SOCO
variable,www-go2roues-com-shop-dimentro-dm-e3,Dimentro DM-E3,1,visible,"<p><strong>Dimentro DM-E3</strong> di Dimentro. <em>Venduto da Distribuzione Import Export S.R.L.</em>.</p><ul><li>Autonomia dichiarata: 70 km, 110 km</li><li>Velocita massima: 95 km/h</li><li>Tempo di ricarica: Non</li><li>Peso: NC</li></ul>","<h2>Panoramica</h2><p>Contenuto riscritto e ottimizzato per una boutique italiana: informazioni chiare, valori tecnici organizzati e testo pensato per aiutare la decisione d'acquisto.</p><p><strong>Venditore:</strong> Distribuzione Import Export S.R.L.</p><p><strong>Categoria:</strong> Scooter elettrici</p><h2>Punti di forza</h2><ul><li>Mode éco : pour privilégier l’autonomie</li><li>Mode normal : un usage polyvalent au quotidien</li><li>Mode sport : pour exploiter pleinement la puissance disponible. Attention, ici l’autonomie décroît fortement !</li></ul><h2>Scheda tecnica</h2><h3>Moteur</h3><table><tr><th>Couple maximal</th><td>189 Nm</td></tr><tr><th>Equivalenza cilindrata</th><td>Équivalent 125 cm3</td></tr><tr><th>Potenza massima</th><td>7 000 W</td></tr><tr><th>Potenza motore</th><td>3 500 W</td></tr><tr><th>Velocita massima</th><td>95 km/h</td></tr></table><h3>Batterie</h3><table><tr><th>Autonomia</th><td>70 km, 110 km</td></tr><tr><th>Batteria rimovibile</th><td>Si</td></tr><tr><th>Caricatore incluso</th><td>Si</td></tr><tr><th>Intensité du chargeur</th><td>10A, 15A en option</td></tr><tr><th>Poids de la batterie</th><td>NC</td></tr><tr><th>Capacita batteria</th><td>2,16 kWh, 2,88 kWh</td></tr><tr><th>Recharge compatible T2</th><td>No</td></tr><tr><th>Tempo di ricarica</th><td>2h30 avec chargeur rapide en option, 4 heures</td></tr><tr><th>Tipo di batteria</th><td>Cellules Samsung 18650, Lithium</td></tr><tr><th>Voltage & Ampérage de la Batterie</th><td>72V / 30Ah</td></tr></table><h3>Chassis</h3><table><tr><th>Hauteur de selle</th><td>745 mm</td></tr></table><h3>Partie Cycle</h3><table><tr><th>Amortisseur arrière réglable</th><td>Si</td></tr><tr><th>Amortisseur avant réglable</th><td>No</td></tr><tr><th>Taille pneu arrière</th><td>110/70-13</td></tr><tr><th>Taille pneu avant</th><td>100/80-14</td></tr><tr><th>Type frein arrière</th><td>Disque</td></tr><tr><th>Type frein avant</th><td>Disque</td></tr><tr><th>Alarme</th><td>Si</td></tr><tr><th>Freinage couplé</th><td>Oui, CBS</td></tr><tr><th>Freinage régénératif</th><td>No</td></tr><tr><th>Homologué 2 places</th><td>Si</td></tr><tr><th>Marche Arrière</th><td>Si</td></tr><tr><th>Modes de conduites</th><td>3 + Marche arrière</td></tr><tr><th>Prise USB</th><td>Si</td></tr><tr><th>Rangement casque sous la selle</th><td>Oui avec une batterie</td></tr><tr><th>Régulateur</th><td>Si</td></tr><tr><th>Accélération</th><td>NC</td></tr><tr><th>Categoria omologazione</th><td>L3e</td></tr><tr><th>Code National</th><td>MTL</td></tr><tr><th>Couleur</th><td>Blanc, Bleu, Noir, Rouge</td></tr><tr><th>Keyless</th><td>NFC, Non</td></tr><tr><th>Marque</th><td>Dimentro</td></tr><tr><th>Modèle</th><td>DM-E1</td></tr><tr><th>Patente</th><td>Permis AM, Sans permis</td></tr></table><h2>Note</h2><p>Disponibilita, prezzi e varianti possono variare. Si consiglia di verificare la configurazione selezionata prima dell'acquisto.</p>",,,,,Scooter elettrici,,"https://www.go2roues.com/wp-content/uploads/2026/04/Dimentro-DM-E3-avant-droit.png, https://www.go2roues.com/wp-content/uploads/2026/04/Dimentro-DM-E3-blanc-arriere-droit.png, https://www.go2roues.com/wp-content/uploads/2026/04/Dimentro-DM-E3-blanc-cote-gauche.png, https://www.go2roues.com/wp-content/uploads/2026/04/Dimentro-DM-E3-noir-face.png, https://www.go2roues.com/wp-content/uploads/2026/04/Dimentro-DM-E3-arriere.png, https://www.go2roues.com/wp-content/uploads/2026/04/Dimentro-DM-E3-selle.png, https://www.go2roues.com/wp-content/uploads/2026/04/Dimentro-DM-E3-compteur.png, https://www.go2roues.com/wp-content/uploads/2026/04/Dimentro-DM-E3-cle.png, http://www.go2roues.com/wp-content/uploads/2026/04/Dimentro-DM-E3-avant-droit.png",,Colore,"Bianco, Blu, Nero, Rosso",1,1,Finitura,,1,1,Dimentro
variation,dimentro-dm-e3-70-km-blanc,Dimentro DM-E3 - 70-km / blanc,1,visible,,,3490.00,,yes,notify,,,https://www.go2roues.com/wp-content/uploads/2026/04/Dimentro-DM-E3-avant-droit.png,www-go2roues-com-shop-dimentro-dm-e3,Colore,Bianco,,,Finitura,,,,Dimentro
variation,dimentro-dm-e3-70-km-bleu,Dimentro DM-E3 - 70-km / bleu,1,visible,,,3490.00,,yes,notify,,,https://www.go2roues.com/wp-content/uploads/2026/04/Dimentro-DM-E3-avant-droit.png,www-go2roues-com-shop-dimentro-dm-e3,Colore,Blu,,,Finitura,,,,Dimentro
variation,dimentro-dm-e3-70-km-noir,Dimentro DM-E3 - 70-km / noir,1,visible,,,3490.00,,yes,notify,,,https://www.go2roues.com/wp-content/uploads/2026/04/Dimentro-DM-E3-avant-droit.png,www-go2roues-com-shop-dimentro-dm-e3,Colore,Nero,,,Finitura,,,,Dimentro
variation,dimentro-dm-e3-70-km-rouge,Dimentro DM-E3 - 70-km / rouge,1,visible,,,3490.00,,yes,notify,,,https://www.go2roues.com/wp-content/uploads/2026/04/Dimentro-DM-E3-avant-droit.png,www-go2roues-com-shop-dimentro-dm-e3,Colore,Rosso,,,Finitura,,,,Dimentro
variation,dimentro-dm-e3-110-km-blanc,Dimentro DM-E3 - 110-km / blanc,1,visible,,,3990.00,,yes,notify,,,https://www.go2roues.com/wp-content/uploads/2026/04/Dimentro-DM-E3-avant-droit.png,www-go2roues-com-shop-dimentro-dm-e3,Colore,Bianco,,,Finitura,,,,Dimentro
variation,dimentro-dm-e3-110-km-bleu,Dimentro DM-E3 - 110-km / bleu,1,visible,,,3990.00,,yes,notify,,,https://www.go2roues.com/wp-content/uploads/2026/04/Dimentro-DM-E3-avant-droit.png,www-go2roues-com-shop-dimentro-dm-e3,Colore,Blu,,,Finitura,,,,Dimentro
variation,dimentro-dm-e3-110-km-noir,Dimentro DM-E3 - 110-km / noir,1,visible,,,3990.00,,yes,notify,,,https://www.go2roues.com/wp-content/uploads/2026/04/Dimentro-DM-E3-avant-droit.png,www-go2roues-com-shop-dimentro-dm-e3,Colore,Nero,,,Finitura,,,,Dimentro
variation,dimentro-dm-e3-110-km-rouge,Dimentro DM-E3 - 110-km / rouge,1,visible,,,3990.00,,yes,notify,,,https://www.go2roues.com/wp-content/uploads/2026/04/Dimentro-DM-E3-avant-droit.png,www-go2roues-com-shop-dimentro-dm-e3,Colore,Rosso,,,Finitura,,,,Dimentro
variable,www-go2roues-com-shop-dimentro-dm-e1,Dimentro DM-E1,1,visible,"<p><strong>Dimentro DM-E1</strong> di Dimentro. <em>Venduto da Distribuzione Import Export S.R.L.</em>.</p><ul><li>Autonomia dichiarata: 65 km, 120 km</li><li>Velocita massima: 45 km/h</li><li>Tempo di ricarica: Non</li><li>Peso: NC</li></ul>","<h2>Panoramica</h2><p>Contenuto riscritto e ottimizzato per una boutique italiana: informazioni chiare, valori tecnici organizzati e testo pensato per aiutare la decisione d'acquisto.</p><p><strong>Venditore:</strong> Distribuzione Import Export S.R.L.</p><p><strong>Categoria:</strong> Scooter elettrici > Sans Permis</p><h2>Punti di forza</h2><ul><li>Mode éco : pour maximiser l’autonomie</li><li>Mode normal : le bon équilibre entre performance et consommation</li><li>Mode sport : toute la puissance disponible, au détriment de l’autonomie</li></ul><h2>Scheda tecnica</h2><h3>Moteur</h3><table><tr><th>Couple maximal</th><td>145 Nm</td></tr><tr><th>Equivalenza cilindrata</th><td>Équivalent 50 cm3</td></tr><tr><th>Potenza massima</th><td>4 000 W</td></tr><tr><th>Potenza motore</th><td>2 000 W</td></tr><tr><th>Velocita massima</th><td>45 km/h</td></tr></table><h3>Batterie</h3><table><tr><th>Autonomia</th><td>65 km, 120 km</td></tr><tr><th>Batteria rimovibile</th><td>Si</td></tr><tr><th>Caricatore incluso</th><td>Si</td></tr><tr><th>Intensité du chargeur</th><td>10A, 15A en option</td></tr><tr><th>Poids de la batterie</th><td>NC</td></tr><tr><th>Capacita batteria</th><td>2,16 kWh</td></tr><tr><th>Recharge compatible T2</th><td>No</td></tr><tr><th>Tempo di ricarica</th><td>2h avec le chargeur en option, 3 heures</td></tr><tr><th>Tipo di batteria</th><td>Cellules Samsung 18650, Lithium</td></tr><tr><th>Voltage & Ampérage de la Batterie</th><td>72V / 30Ah</td></tr></table><h3>Chassis</h3><table><tr><th>Hauteur de selle</th><td>745 mm</td></tr></table><h3>Partie Cycle</h3><table><tr><th>Amortisseur arrière réglable</th><td>Si</td></tr><tr><th>Amortisseur avant réglable</th><td>No</td></tr><tr><th>Taille pneu arrière</th><td>110/70-13</td></tr><tr><th>Taille pneu avant</th><td>100/80-14</td></tr><tr><th>Type frein arrière</th><td>Disque</td></tr><tr><th>Type frein avant</th><td>Disque</td></tr><tr><th>Alarme</th><td>Si</td></tr><tr><th>Freinage couplé</th><td>Oui, CBS</td></tr><tr><th>Freinage régénératif</th><td>No</td></tr><tr><th>Homologué 2 places</th><td>Si</td></tr><tr><th>Marche Arrière</th><td>Si</td></tr><tr><th>Modes de conduites</th><td>3 + Marche arrière</td></tr><tr><th>Prise USB</th><td>Si</td></tr><tr><th>Rangement casque sous la selle</th><td>Oui avec une batterie</td></tr><tr><th>Régulateur</th><td>Si</td></tr><tr><th>Accélération</th><td>NC</td></tr><tr><th>Categoria omologazione</th><td>L1e</td></tr><tr><th>Code National</th><td>CL</td></tr><tr><th>Couleur</th><td>Blanc, Bleu, Noir, Rouge</td></tr><tr><th>Keyless</th><td>No</td></tr><tr><th>Marque</th><td>Dimentro</td></tr><tr><th>Modèle</th><td>DM-E1</td></tr><tr><th>Patente</th><td>Permis AM, Sans permis</td></tr></table><h2>Note</h2><p>Disponibilita, prezzi e varianti possono variare. Si consiglia di verificare la configurazione selezionata prima dell'acquisto.</p>",,,,,Scooter elettrici > Sans Permis,,"https://www.go2roues.com/wp-content/uploads/2026/04/Dimentro-DM-E1-blanc-avant-gauche.png, https://www.go2roues.com/wp-content/uploads/2026/04/Dimentro-DM-E1-blanc-avant.png, https://www.go2roues.com/wp-content/uploads/2026/04/Dimentro-DM-E1-blanc-cote-gauche.png, https://www.go2roues.com/wp-content/uploads/2026/04/Dimentro-DM-E1-blanc-arriere-badge.png, https://www.go2roues.com/wp-content/uploads/2026/04/Dimentro-DM-E1-blanc-arriere.png, https://www.go2roues.com/wp-content/uploads/2026/04/Dimentro-DM-E1-blanc-avant-lumineux.png, https://www.go2roues.com/wp-content/uploads/2026/04/Dimentro-DM-E1-blanc-feux-arriere.png, http://www.go2roues.com/wp-content/uploads/2026/04/Dimentro-DM-E1-blanc-avant-gauche.png",,Colore,"Bianco, Blu, Nero, Rosso",1,1,Finitura,,1,1,Dimentro
variation,dimentro-dm-e1-65-km-blanc,Dimentro DM-E1 - 65-km / blanc,1,visible,,,2490.00,,yes,no,,,https://www.go2roues.com/wp-content/uploads/2026/04/Dimentro-DM-E1-blanc-avant-gauche.png,www-go2roues-com-shop-dimentro-dm-e1,Colore,Bianco,,,Finitura,,,,Dimentro
variation,dimentro-dm-e1-65-km-bleu,Dimentro DM-E1 - 65-km / bleu,1,visible,,,2490.00,,yes,no,,,https://www.go2roues.com/wp-content/uploads/2026/04/Dimentro-DM-E1-blanc-avant-gauche.png,www-go2roues-com-shop-dimentro-dm-e1,Colore,Blu,,,Finitura,,,,Dimentro
variation,dimentro-dm-e1-65-km-noir,Dimentro DM-E1 - 65-km / noir,1,visible,,,2490.00,,yes,no,,,https://www.go2roues.com/wp-content/uploads/2026/04/Dimentro-DM-E1-blanc-avant-gauche.png,www-go2roues-com-shop-dimentro-dm-e1,Colore,Nero,,,Finitura,,,,Dimentro
variation,dimentro-dm-e1-65-km-rouge,Dimentro DM-E1 - 65-km / rouge,1,visible,,,2490.00,,yes,no,,,https://www.go2roues.com/wp-content/uploads/2026/04/Dimentro-DM-E1-blanc-avant-gauche.png,www-go2roues-com-shop-dimentro-dm-e1,Colore,Rosso,,,Finitura,,,,Dimentro
variation,dimentro-dm-e1-120-km-blanc,Dimentro DM-E1 - 120-km / blanc,1,visible,,,3580.00,,yes,no,,,https://www.go2roues.com/wp-content/uploads/2026/04/Dimentro-DM-E1-blanc-avant-gauche.png,www-go2roues-com-shop-dimentro-dm-e1,Colore,Bianco,,,Finitura,,,,Dimentro
variation,dimentro-dm-e1-120-km-bleu,Dimentro DM-E1 - 120-km / bleu,1,visible,,,3580.00,,yes,no,,,https://www.go2roues.com/wp-content/uploads/2026/04/Dimentro-DM-E1-blanc-avant-gauche.png,www-go2roues-com-shop-dimentro-dm-e1,Colore,Blu,,,Finitura,,,,Dimentro
variation,dimentro-dm-e1-120-km-noir,Dimentro DM-E1 - 120-km / noir,1,visible,,,3580.00,,yes,no,,,https://www.go2roues.com/wp-content/uploads/2026/04/Dimentro-DM-E1-blanc-avant-gauche.png,www-go2roues-com-shop-dimentro-dm-e1,Colore,Nero,,,Finitura,,,,Dimentro
variation,dimentro-dm-e1-120-km-rouge,Dimentro DM-E1 - 120-km / rouge,1,visible,,,3580.00,,yes,no,,,https://www.go2roues.com/wp-content/uploads/2026/04/Dimentro-DM-E1-blanc-avant-gauche.png,www-go2roues-com-shop-dimentro-dm-e1,Colore,Rosso,,,Finitura,,,,Dimentro
variable,www-go2roues-com-shop-peugeot-kisbee-se,Peugeot Kisbee SE,1,visible,"<p><strong>Peugeot Kisbee SE</strong> di Peugeot Motocycles. <em>Venduto da Distribuzione Import Export S.R.L.</em>.</p><ul><li>Autonomia dichiarata: 56 km, 110 km</li><li>Velocita massima: 45 km/h</li><li>Tempo di ricarica: 7 h</li><li>Peso: 85 kg</li></ul>","<h2>Panoramica</h2><p>Contenuto riscritto e ottimizzato per una boutique italiana: informazioni chiare, valori tecnici organizzati e testo pensato per aiutare la decisione d'acquisto.</p><p><strong>Venditore:</strong> Distribuzione Import Export S.R.L.</p><p><strong>Categoria:</strong> Scooter elettrici</p><h2>Punti di forza</h2><ul><li>Le mode éco : bridant la puissance et donc la vitesse maximale à 31 km/h mais préservant ainsi la totalité de l’autonomie.</li><li>Le mode boost : ici, la puissance maximale du Peugeot Kisbee SE est exploitée avec la vitesse maximale de 45 km/h, au détriment de l’autonomie.</li><li>Avec 1 batterie amovible de 1,6 kWh, le Peugeot Kisbee SE réalise 56 km.</li><li>Avec 2 batteries amovibles de 1,6 kWh, le Peugeot Kisbee SE réalise 110 km.</li></ul><h2>Scheda tecnica</h2><h3>Moteur</h3><table><tr><th>Couple maximal</th><td>137 Nm</td></tr><tr><th>Equivalenza cilindrata</th><td>Équivalent 50 cm3</td></tr><tr><th>Potenza motore</th><td>1 200 W</td></tr><tr><th>Transmission</th><td>Moteur intégré dans la roue arrière</td></tr><tr><th>Velocita massima</th><td>45 km/h</td></tr></table><h3>Batterie</h3><table><tr><th>Autonomia</th><td>56 km, 110 km</td></tr><tr><th>Batteria rimovibile</th><td>Si</td></tr><tr><th>Caricatore incluso</th><td>Si</td></tr><tr><th>Capacita batteria</th><td>1,62 kWh</td></tr><tr><th>Tempo di ricarica</th><td>7 h</td></tr><tr><th>Tipo di batteria</th><td>Lithium</td></tr></table><h3>Chassis</h3><table><tr><th>Empattement</th><td>1274 mm</td></tr><tr><th>Hauteur de selle</th><td>769 mm</td></tr><tr><th>Hauteur hors tout</th><td>1156 mm</td></tr><tr><th>Longueur hors tout</th><td>1 854 mm</td></tr></table><h3>Partie Cycle</h3><table><tr><th>Amortisseur arrière réglable</th><td>No</td></tr><tr><th>Amortisseur avant réglable</th><td>No</td></tr><tr><th>Taille frein arrière</th><td>110 mm</td></tr><tr><th>Taille frein avant</th><td>170 mm</td></tr><tr><th>Type frein arrière</th><td>Tambour</td></tr><tr><th>Type frein avant</th><td>Disque</td></tr><tr><th>Alarme</th><td>No</td></tr><tr><th>Freinage couplé</th><td>No</td></tr><tr><th>Freinage régénératif</th><td>No</td></tr><tr><th>Homologué 2 places</th><td>Si</td></tr><tr><th>Modes de conduites</th><td>2</td></tr><tr><th>Prise USB</th><td>Si</td></tr><tr><th>Rangement casque sous la selle</th><td>Oui avec une batterie</td></tr><tr><th>Categoria omologazione</th><td>L1e</td></tr><tr><th>Code National</th><td>CL</td></tr><tr><th>Couleur</th><td>Mercury Grey, Pearly Black, Sirius White, Yuzu Yellow</td></tr><tr><th>Dimensioni</th><td>1854 × 686 × 1156 cm</td></tr><tr><th>Keyless</th><td>No</td></tr><tr><th>Marque</th><td>Peugeot Motocycles</td></tr><tr><th>Patente</th><td>Permis AM, Sans permis</td></tr><tr><th>Peso in ordine di marcia</th><td>85 kg</td></tr></table><h2>Note</h2><p>Disponibilita, prezzi e varianti possono variare. Si consiglia di verificare la configurazione selezionata prima dell'acquisto.</p>",,,,,Scooter elettrici,,"https://www.go2roues.com/wp-content/uploads/2025/05/Peugeot-Kisbee-SE.png, https://www.go2roues.com/wp-content/uploads/2026/04/PEUGEOT-KISBEE-SE-yuzu-yellow-avant-gauche.png, https://www.go2roues.com/wp-content/uploads/2026/04/PEUGEOT-KISBEE-SE-sirius-white-avant-droit.png, https://www.go2roues.com/wp-content/uploads/2026/04/PEUGEOT-KISBEE-SE-pearly-black-avant-droit.png, https://www.go2roues.com/wp-content/uploads/2026/04/PEUGEOT-KISBEE-SE-mercury-grey.png, https://www.go2roues.com/wp-content/uploads/2026/04/PEUGEOT-KISBEE-SE-pearly-black.png, https://www.go2roues.com/wp-content/uploads/2026/04/PEUGEOT-KISBEE-SE-sirius-white.png, https://www.go2roues.com/wp-content/uploads/2026/04/PEUGEOT-KISBEE-SE-yuzu-yellow-cote-droit.png, https://www.go2roues.com/wp-content/uploads/2026/04/PEUGEOT-KISBEE-SE-yuzu-yellow-arriere-gauche.png, http://www.go2roues.com/wp-content/uploads/2025/05/Peugeot-Kisbee-SE.png",,Colore,"Mercury Grey, Pearly Black, Sirius White, Yuzu Yellow",1,1,Finitura,,1,1,Peugeot Motocycles
variation,peugeot-kisbee-se-mercury-grey-56-km,Peugeot Kisbee SE - mercury-grey / 56-km,1,visible,,,2299.00,,yes,no,,,https://www.go2roues.com/wp-content/uploads/2026/04/PEUGEOT-KISBEE-SE-mercury-grey.png,www-go2roues-com-shop-peugeot-kisbee-se,Colore,Mercury Grey,,,Finitura,,,,Peugeot Motocycles
variation,peugeot-kisbee-se-mercury-grey-110-km,Peugeot Kisbee SE - mercury-grey / 110-km,1,visible,,,2999.00,,yes,no,,,https://www.go2roues.com/wp-content/uploads/2026/04/PEUGEOT-KISBEE-SE-mercury-grey.png,www-go2roues-com-shop-peugeot-kisbee-se,Colore,Mercury Grey,,,Finitura,,,,Peugeot Motocycles
variation,peugeot-kisbee-se-pearly-black-56-km,Peugeot Kisbee SE - pearly-black / 56-km,1,visible,,,2299.00,,yes,no,,,https://www.go2roues.com/wp-content/uploads/2026/04/PEUGEOT-KISBEE-SE-pearly-black-avant-droit.png,www-go2roues-com-shop-peugeot-kisbee-se,Colore,Pearly Black,,,Finitura,,,,Peugeot Motocycles
variation,peugeot-kisbee-se-pearly-black-110-km,Peugeot Kisbee SE - pearly-black / 110-km,1,visible,,,2999.00,,yes,no,,,https://www.go2roues.com/wp-content/uploads/2026/04/PEUGEOT-KISBEE-SE-pearly-black-avant-droit.png,www-go2roues-com-shop-peugeot-kisbee-se,Colore,Pearly Black,,,Finitura,,,,Peugeot Motocycles
variation,peugeot-kisbee-se-sirius-white-56-km,Peugeot Kisbee SE - sirius-white / 56-km,1,visible,,,2299.00,,yes,no,,,https://www.go2roues.com/wp-content/uploads/2026/04/PEUGEOT-KISBEE-SE-sirius-white-avant-droit.png,www-go2roues-com-shop-peugeot-kisbee-se,Colore,Sirius White,,,Finitura,,,,Peugeot Motocycles
variation,peugeot-kisbee-se-sirius-white-110-km,Peugeot Kisbee SE - sirius-white / 110-km,1,visible,,,2999.00,,yes,no,,,https://www.go2roues.com/wp-content/uploads/2026/04/PEUGEOT-KISBEE-SE-sirius-white-avant-droit.png,www-go2roues-com-shop-peugeot-kisbee-se,Colore,Sirius White,,,Finitura,,,,Peugeot Motocycles
variation,peugeot-kisbee-se-yuzu-yellow-56-km,Peugeot Kisbee SE - yuzu-yellow / 56-km,1,visible,,,2299.00,,yes,no,,,https://www.go2roues.com/wp-content/uploads/2026/04/PEUGEOT-KISBEE-SE-yuzu-yellow-avant-droit.png,www-go2roues-com-shop-peugeot-kisbee-se,Colore,Yuzu Yellow,,,Finitura,,,,Peugeot Motocycles
variation,peugeot-kisbee-se-yuzu-yellow-110-km,Peugeot Kisbee SE - yuzu-yellow / 110-km,1,visible,,,2999.00,,yes,no,,,https://www.go2roues.com/wp-content/uploads/2026/04/PEUGEOT-KISBEE-SE-yuzu-yellow-avant-droit.png,www-go2roues-com-shop-peugeot-kisbee-se,Colore,Yuzu Yellow,,,Finitura,,,,Peugeot Motocycles
variable,www-go2roues-com-shop-segway-e150s,Segway E150S,1,visible,"<p><strong>Segway E150S</strong> di Segway Ninebot. <em>Venduto da Distribuzione Import Export S.R.L.</em>.</p><ul><li>Autonomia dichiarata: 114 km, 171 km, 57 km</li><li>Velocita massima: 45 km/h</li><li>Peso: 13 kg / batterie</li></ul>","<h2>Panoramica</h2><p>Contenuto riscritto e ottimizzato per una boutique italiana: informazioni chiare, valori tecnici organizzati e testo pensato per aiutare la decisione d'acquisto.</p><p><strong>Venditore:</strong> Distribuzione Import Export S.R.L.</p><p><strong>Categoria:</strong> Scooter elettrici</p><h2>Punti di forza</h2><ul><li>Le mode Éco : permettant de réaliser l’autonomie maximale grâce à son système de récupération d’énergie optimisée</li><li>Le mode Drive : le meilleur des deux modes ! Ce mode permet de délivrer une puissance convenable tout en gardant un système d’économie d’énergie passif.</li><li>Le mode Sport : ici, toute la puissance du scooter 50cc électrique est délivrée. Néanmoins, l’autonomie réalisable se voit fortement diminuée.</li><li>1 batterie (configuration standard) : jusqu’à 57 km d’autonomie.</li><li>2 batteries : autonomie étendue jusqu’à 114 km.</li><li>3 batteries (option maximale) : autonomie pouvant atteindre 171 km.</li></ul><h2>Scheda tecnica</h2><h3>Moteur</h3><table><tr><th>Couple maximal</th><td>138 Nm</td></tr><tr><th>Equivalenza cilindrata</th><td>Équivalent 50 cm3</td></tr><tr><th>Potenza massima</th><td>3,6 kW</td></tr><tr><th>Potenza motore</th><td>2 200 W</td></tr><tr><th>Velocita massima</th><td>45 km/h</td></tr></table><h3>Batterie</h3><table><tr><th>Autonomia</th><td>114 km, 171 km, 57 km</td></tr><tr><th>Batteria rimovibile</th><td>Si</td></tr><tr><th>Caricatore incluso</th><td>Si</td></tr><tr><th>Poids de la batterie</th><td>13 kg / batterie</td></tr><tr><th>Capacita batteria</th><td>2 kW / batterie</td></tr><tr><th>Tipo di batteria</th><td>Lithium</td></tr><tr><th>Voltage & Ampérage de la Batterie</th><td>74V / 27Ah, 74V / 27Ah x 2, 74v / 27Ah x3</td></tr></table><h3>Chassis</h3><table><tr><th>Empattement</th><td>1 360 mm</td></tr><tr><th>Hauteur de selle</th><td>780 mm</td></tr></table><h3>Partie Cycle</h3><table><tr><th>Amortisseur arrière réglable</th><td>Si</td></tr><tr><th>Amortisseur avant réglable</th><td>No</td></tr><tr><th>Taille frein arrière</th><td>200 mm</td></tr><tr><th>Taille frein avant</th><td>220 mm</td></tr><tr><th>Type frein arrière</th><td>Disque hydraulique</td></tr><tr><th>Type frein avant</th><td>Disque hydraulique</td></tr><tr><th>Freinage couplé</th><td>ABS, Oui, E-ABS</td></tr><tr><th>Homologué 2 places</th><td>Si</td></tr><tr><th>Rangement casque sous la selle</th><td>Si</td></tr><tr><th>Accélération</th><td>De 0 à 45 km/h en 5,2 secondes</td></tr><tr><th>Boîte noire + SOS</th><td>Si</td></tr><tr><th>Categoria omologazione</th><td>L1e</td></tr><tr><th>Code National</th><td>CL</td></tr><tr><th>Couleur</th><td>Glossy Black Chrome, Glossy Blue, Matt Black, Matt Silver</td></tr><tr><th>Dimensioni</th><td>1859 × 691 × 1161 cm</td></tr><tr><th>Espace sous le siège</th><td>34 L</td></tr><tr><th>Marque</th><td>Segway Ninebot</td></tr><tr><th>Patente</th><td>Permis AM, Sans permis</td></tr><tr><th>Régulateur de vitesse</th><td>Si</td></tr><tr><th>Segway AirLock</th><td>Si</td></tr><tr><th>Système de contrôle de traction</th><td>Si</td></tr></table><h2>Note</h2><p>Disponibilita, prezzi e varianti possono variare. Si consiglia di verificare la configurazione selezionata prima dell'acquisto.</p>",,,,,Scooter elettrici,,"https://www.go2roues.com/wp-content/uploads/2025/04/segway-e150s-glossy-blue.jpg, https://www.go2roues.com/wp-content/uploads/2025/04/Segway-eScooter-E150S-Glossy-Blue-02.jpeg, https://www.go2roues.com/wp-content/uploads/2025/04/segway-e150s-matt-black.png, https://www.go2roues.com/wp-content/uploads/2025/04/Segway-eScooter-E150S-Matt-Black-03.jpeg, https://www.go2roues.com/wp-content/uploads/2025/04/Segway-eScooter-E150S-Matt-Black-02.jpeg, https://www.go2roues.com/wp-content/uploads/2025/04/Segway-eScooter-E150S-Matt-Black-04.jpeg, https://www.go2roues.com/wp-content/uploads/2025/04/Segway-eScooter-E150S-Matt-Black-05.jpeg, https://www.go2roues.com/wp-content/uploads/2025/04/segway-e150s-matt-silver.png, https://www.go2roues.com/wp-content/uploads/2025/04/segway-e150s-glossy-black.png, https://www.go2roues.com/wp-content/uploads/2025/04/Segway-eScooter-E150S-Glossy-Black-02.jpeg, https://www.go2roues.com/wp-content/uploads/2025/03/E150S-siege.png, https://www.go2roues.com/wp-content/uploads/2025/03/E150S-roues.png, https://www.go2roues.com/wp-content/uploads/2025/04/segway-e150s-connectivite.png, https://www.go2roues.com/wp-content/uploads/2025/04/segway-e150s.png, https://www.go2roues.com/wp-content/uploads/2025/04/Segway-eScooter-E150S-Glossy-Black-11.jpeg",,Colore,"Glossy Black Chrome, Glossy Blue, Matt Black, Matt Silver",1,1,Finitura,,1,1,Segway Ninebot
variation,segway-e150s-114-km-glossy-black-chrome,Segway E150S - 114-km / glossy-black-chrome,1,visible,,,3599.00,,yes,notify,,,https://www.go2roues.com/wp-content/uploads/2025/04/segway-e150s-glossy-black.png,www-go2roues-com-shop-segway-e150s,Colore,Glossy Black Chrome,,,Finitura,,,,Segway Ninebot
variation,segway-e150s-114-km-glossy-blue,Segway E150S - 114-km / glossy-blue,1,visible,,,3599.00,,yes,notify,,,https://www.go2roues.com/wp-content/uploads/2025/04/segway-e150s-glossy-blue.png,www-go2roues-com-shop-segway-e150s,Colore,Glossy Blue,,,Finitura,,,,Segway Ninebot
variation,segway-e150s-114-km-matt-black,Segway E150S - 114-km / matt-black,1,visible,,,3599.00,,yes,notify,,,https://www.go2roues.com/wp-content/uploads/2025/04/segway-e150s-matt-black.png,www-go2roues-com-shop-segway-e150s,Colore,Matt Black,,,Finitura,,,,Segway Ninebot
variation,segway-e150s-114-km-matt-silver,Segway E150S - 114-km / matt-silver,1,visible,,,3599.00,,yes,notify,,,https://www.go2roues.com/wp-content/uploads/2025/04/segway-e150s-matt-silver.png,www-go2roues-com-shop-segway-e150s,Colore,Matt Silver,,,Finitura,,,,Segway Ninebot
variation,segway-e150s-171-km-glossy-black-chrome,Segway E150S - 171-km / glossy-black-chrome,1,visible,,,4599.00,,yes,notify,,,https://www.go2roues.com/wp-content/uploads/2025/04/segway-e150s-matt-black.png,www-go2roues-com-shop-segway-e150s,Colore,Glossy Black Chrome,,,Finitura,,,,Segway Ninebot
variation,segway-e150s-171-km-glossy-blue,Segway E150S - 171-km / glossy-blue,1,visible,,,4599.00,,yes,notify,,,https://www.go2roues.com/wp-content/uploads/2025/04/segway-e150s-glossy-blue.png,www-go2roues-com-shop-segway-e150s,Colore,Glossy Blue,,,Finitura,,,,Segway Ninebot
variation,segway-e150s-171-km-matt-black,Segway E150S - 171-km / matt-black,1,visible,,,4599.00,,yes,notify,,,https://www.go2roues.com/wp-content/uploads/2025/04/segway-e150s-matt-black.png,www-go2roues-com-shop-segway-e150s,Colore,Matt Black,,,Finitura,,,,Segway Ninebot
variation,segway-e150s-171-km-matt-silver,Segway E150S - 171-km / matt-silver,1,visible,,,4599.00,,yes,notify,,,https://www.go2roues.com/wp-content/uploads/2025/04/segway-e150s-matt-silver.png,www-go2roues-com-shop-segway-e150s,Colore,Matt Silver,,,Finitura,,,,Segway Ninebot
variation,segway-e150s-57-km-glossy-black-chrome,Segway E150S - 57-km / glossy-black-chrome,1,visible,,,2599.00,,yes,notify,,,https://www.go2roues.com/wp-content/uploads/2025/04/segway-e150s-glossy-black.png,www-go2roues-com-shop-segway-e150s,Colore,Glossy Black Chrome,,,Finitura,,,,Segway Ninebot
variation,segway-e150s-57-km-glossy-blue,Segway E150S - 57-km / glossy-blue,1,visible,,,2599.00,,yes,notify,,,https://www.go2roues.com/wp-content/uploads/2025/04/segway-e150s-glossy-blue.png,www-go2roues-com-shop-segway-e150s,Colore,Glossy Blue,,,Finitura,,,,Segway Ninebot
variation,segway-e150s-57-km-matt-black,Segway E150S - 57-km / matt-black,1,visible,,,2499.00,,yes,notify,,,https://www.go2roues.com/wp-content/uploads/2025/04/segway-e150s-matt-black.png,www-go2roues-com-shop-segway-e150s,Colore,Matt Black,,,Finitura,,,,Segway Ninebot
variation,segway-e150s-57-km-matt-silver,Segway E150S - 57-km / matt-silver,1,visible,,,2499.00,,yes,notify,,,https://www.go2roues.com/wp-content/uploads/2025/04/segway-e150s-matt-silver.png,www-go2roues-com-shop-segway-e150s,Colore,Matt Silver,,,Finitura,,,,Segway Ninebot
simple,nerva-lift,Nerva Lift,1,visible,<p><strong>Nerva Lift</strong> . <em>Venduto da Distribuzione Import Export S.R.L.</em>.</p><ul><li>Autonomia dichiarata: 130 km</li><li>Tempo di ricarica: Oui</li></ul>,"<h2>Panoramica</h2><p>Contenuto riscritto e ottimizzato per una boutique italiana: informazioni chiare, valori tecnici organizzati e testo pensato per aiutare la decisione d'acquisto.</p><p><strong>Venditore:</strong> Distribuzione Import Export S.R.L.</p><p><strong>Categoria:</strong> Scooter elettrici</p><h2>Punti di forza</h2><ul><li>Le mode Mixte est spécialement appréciable pour les déplacements périurbains. Il permet d’effectuer 90 km avec une vitesse maximale autorisée de 80-85 km/h.</li><li>Un casque jet à l’avant (avec même une visière).</li><li>Un casque intégral ou modulable à l’arrière, avec une ouverture optimisée pour un accès facile.</li></ul><h2>Scheda tecnica</h2><h3>Moteur</h3><table><tr><th>Equivalenza cilindrata</th><td>Équivalent 125 cm3</td></tr><tr><th>Potenza motore</th><td>6 750 W</td></tr></table><h3>Batterie</h3><table><tr><th>Autonomia</th><td>130 km</td></tr><tr><th>Batteria rimovibile</th><td>No</td></tr><tr><th>Caricatore incluso</th><td>Si</td></tr><tr><th>Recharge compatible T2</th><td>Si</td></tr><tr><th>Tempo di ricarica</th><td>3.5 h</td></tr><tr><th>Voltage & Ampérage de la Batterie</th><td>76,8 V / 54 Ah</td></tr></table><h3>Chassis</h3><table><tr><th>Charge maximale</th><td>360 kg</td></tr><tr><th>Hauteur hors tout</th><td>1 165 mm</td></tr><tr><th>Largeur hors tout</th><td>810 mm</td></tr><tr><th>Longueur hors tout</th><td>1 990 mm</td></tr></table><h3>Partie Cycle</h3><table><tr><th>Taille roue arrière</th><td>14 pouces</td></tr><tr><th>Taille roue avant</th><td>15 pouces</td></tr><tr><th>Freinage couplé</th><td>ABS</td></tr><tr><th>Freinage régénératif</th><td>Si</td></tr><tr><th>Modes de conduites</th><td>3 + Marche arrière</td></tr><tr><th>Marque</th><td>Nerva</td></tr><tr><th>Patente</th><td>Permis AM, Permis B + Formation 7h</td></tr></table><h2>Note</h2><p>Disponibilita, prezzi e varianti possono variare. Si consiglia di verificare la configurazione selezionata prima dell'acquisto.</p>",4990.00,,yes,no,Scooter elettrici,,"http://www.go2roues.com/wp-content/uploads/2025/03/nerva-lift-bleu-avant-droit.png, https://www.go2roues.com/wp-content/uploads/2025/03/nerva-lift-bleu-avant-droit.png, https://www.go2roues.com/wp-content/uploads/2025/03/nerva-lift-bleu-cote-droit.png, https://www.go2roues.com/wp-content/uploads/2025/03/nerva-lift-bleu-arriere-droit.png, https://www.go2roues.com/wp-content/uploads/2025/03/nerva-lift-bleu-siege-arriere.png",,,,,,,,,,
simple,zeeho-ae6,Zeeho AE6 +,1,visible,<p><strong>Zeeho AE6 +</strong> . <em>Venduto da Distribuzione Import Export S.R.L.</em>.</p><ul><li>Autonomia dichiarata: 65 km</li><li>Velocita massima: 45 km/h</li><li>Tempo di ricarica: 4 heures 20</li><li>Peso: 96 kg</li></ul>,"<h2>Panoramica</h2><p>Contenuto riscritto e ottimizzato per una boutique italiana: informazioni chiare, valori tecnici organizzati e testo pensato per aiutare la decisione d'acquisto.</p><p><strong>Venditore:</strong> Distribuzione Import Export S.R.L.</p><p><strong>Categoria:</strong> Scooter elettrici > Sans Permis</p><h2>Punti di forza</h2><ul><li>le mode de conduite « Eco » offrira un frein moteur très présent et les accélérations seront plus douces : l’autonomie est ici préservée à son maximum.</li><li>Le mode « Street » se trouve être un bon intermédiaire : une puissance suffisante pour arpenter les zones 30 tout en conservant une autonomie moyenne.</li><li>Le mode « Sport » n’aura que très peu de frein moteur. Ici, la puissance maximale est délivrée et l’autonomie se retrouve rapidement mangée.</li></ul><h2>Scheda tecnica</h2><h3>Moteur</h3><table><tr><th>Couple maximal</th><td>160 Nm</td></tr><tr><th>Equivalenza cilindrata</th><td>Équivalent 50 cm3</td></tr><tr><th>Potenza massima</th><td>5 500 W</td></tr><tr><th>Potenza motore</th><td>2 500 W</td></tr><tr><th>Transmission</th><td>Moteur latéral</td></tr><tr><th>Velocita massima</th><td>45 km/h</td></tr></table><h3>Batterie</h3><table><tr><th>Autonomia</th><td>65 km</td></tr><tr><th>Batteria rimovibile</th><td>Si</td></tr><tr><th>Caricatore incluso</th><td>Si</td></tr><tr><th>Capacita batteria</th><td>1,86 kWh</td></tr><tr><th>Tempo di ricarica</th><td>4 heures 20</td></tr><tr><th>Tipo di batteria</th><td>Lithium</td></tr><tr><th>Voltage & Ampérage de la Batterie</th><td>60V / 27 Ah</td></tr></table><h3>Chassis</h3><table><tr><th>Garde au sol minimale</th><td>130 mm</td></tr><tr><th>Hauteur de selle</th><td>735 mm</td></tr></table><h3>Partie Cycle</h3><table><tr><th>Amortisseur arrière réglable</th><td>Si</td></tr><tr><th>Amortisseur avant réglable</th><td>No</td></tr><tr><th>Alarme</th><td>Si</td></tr><tr><th>Freinage couplé</th><td>CBS</td></tr><tr><th>Freinage régénératif</th><td>No</td></tr><tr><th>Homologué 2 places</th><td>Si</td></tr><tr><th>Marche Arrière</th><td>Si</td></tr><tr><th>Modes de conduites</th><td>3</td></tr><tr><th>Rangement casque sous la selle</th><td>Si</td></tr><tr><th>Accélération</th><td>0 à 50 km/h en 4,6 secondes</td></tr><tr><th>Categoria omologazione</th><td>L1e</td></tr><tr><th>Code National</th><td>CL</td></tr><tr><th>Couleur</th><td>Noir/Jaune</td></tr><tr><th>Dimensioni</th><td>1780 × 730 × 1090 cm</td></tr><tr><th>Keyless</th><td>Si</td></tr><tr><th>Marque</th><td>Zeeho</td></tr><tr><th>Modèle</th><td>AE6 +</td></tr><tr><th>Patente</th><td>Permis AM, Sans permis</td></tr><tr><th>Peso in ordine di marcia</th><td>96 kg</td></tr></table><h2>Note</h2><p>Disponibilita, prezzi e varianti possono variare. Si consiglia di verificare la configurazione selezionata prima dell'acquisto.</p>",3490.00,,yes,no,Scooter elettrici > Sans Permis,,"http://www.go2roues.com/wp-content/uploads/2024/10/zeeho-ae6-s-plus-noir-jaune-av-gauche-1.png, https://www.go2roues.com/wp-content/uploads/2024/10/zeeho-ae6-s-plus-noir-jaune-av-gauche-1.png, https://www.go2roues.com/wp-content/uploads/2024/10/zeeho-ae6-s-plus-noir-jaune-cote-droit-1.png",,,,,,,,,,
simple,honda-em1e,Honda EM1e,1,visible,<p><strong>Honda EM1e</strong> . <em>Venduto da Distribuzione Import Export S.R.L.</em>.</p><ul><li>Autonomia dichiarata: 48 km</li><li>Velocita massima: 45 km/h</li><li>Peso: 10 kg</li></ul>,"<h2>Panoramica</h2><p>Contenuto riscritto e ottimizzato per una boutique italiana: informazioni chiare, valori tecnici organizzati e testo pensato per aiutare la decisione d'acquisto.</p><p><strong>Venditore:</strong> Distribuzione Import Export S.R.L.</p><p><strong>Categoria:</strong> Scooter elettrici</p><h2>Punti di forza</h2><ul><li>Le mode éco, pour parcourir au maximum 48 km à bas régime.</li><li>Le mode standard, pour accéder à la pleine puissance du véhicule, en espérant atteindre 35 km d’autonomie.</li></ul><h2>Scheda tecnica</h2><h3>Moteur</h3><table><tr><th>Couple maximal</th><td>90 Nm</td></tr><tr><th>Equivalenza cilindrata</th><td>Équivalent 50 cm3</td></tr><tr><th>Potenza massima</th><td>2 300 W</td></tr><tr><th>Potenza motore</th><td>1 700 W</td></tr><tr><th>Velocita massima</th><td>45 km/h</td></tr></table><h3>Batterie</h3><table><tr><th>Autonomia</th><td>48 km</td></tr><tr><th>Batteria rimovibile</th><td>Si</td></tr><tr><th>Caricatore incluso</th><td>Si</td></tr><tr><th>Poids de la batterie</th><td>10 kg</td></tr><tr><th>Capacita batteria</th><td>1.49 kWh</td></tr><tr><th>Tipo di batteria</th><td>Lithium</td></tr><tr><th>Voltage & Ampérage de la Batterie</th><td>50 V / 26.1 Ah</td></tr></table><h3>Chassis</h3><table><tr><th>Empattement</th><td>1 300 mm</td></tr><tr><th>Garde au sol minimale</th><td>135 mm</td></tr><tr><th>Hauteur de selle</th><td>740 mm</td></tr></table><h3>Partie Cycle</h3><table><tr><th>Amortisseur arrière réglable</th><td>No</td></tr><tr><th>Amortisseur avant réglable</th><td>No</td></tr><tr><th>Type frein arrière</th><td>Tambour</td></tr><tr><th>Type frein avant</th><td>Disque</td></tr><tr><th>Alarme</th><td>Si</td></tr><tr><th>Freinage couplé</th><td>No</td></tr><tr><th>Freinage régénératif</th><td>No</td></tr><tr><th>Homologué 2 places</th><td>Si</td></tr><tr><th>Marche Arrière</th><td>No</td></tr><tr><th>Modes de conduites</th><td>2</td></tr><tr><th>Prise USB</th><td>oui : type A</td></tr><tr><th>Rangement casque sous la selle</th><td>No</td></tr><tr><th>Régulateur</th><td>No</td></tr><tr><th>Categoria omologazione</th><td>L1e</td></tr><tr><th>Code National</th><td>CL</td></tr><tr><th>Couleur</th><td>Blanc, Gris</td></tr><tr><th>GPS</th><td>No</td></tr><tr><th>Keyless</th><td>No</td></tr><tr><th>Marque</th><td>Honda</td></tr><tr><th>Patente</th><td>Permis AM, Sans permis</td></tr><tr><th>Peso in ordine di marcia</th><td>95 kg</td></tr></table><h2>Note</h2><p>Disponibilita, prezzi e varianti possono variare. Si consiglia di verificare la configurazione selezionata prima dell'acquisto.</p>",1990.00,,yes,no,Scooter elettrici,,"https://www.go2roues.com/wp-content/uploads/2024/08/Honda-EM1e-gris-2.png, https://www.go2roues.com/wp-content/uploads/2024/08/Honda-EM1e-blanc.png, https://www.go2roues.com/wp-content/uploads/2024/08/Honda-EM1e-gris.png",,,,,,,,,,
variable,www-go2roues-com-shop-askoll-xkp-45-70-80-connect,Askoll XKP 45 / 70 / 80 Connect,1,visible,"<p><strong>Askoll XKP 45 / 70 / 80 Connect</strong> di Askoll. <em>Venduto da Distribuzione Import Export S.R.L.</em>.</p><ul><li>Autonomia dichiarata: 87 km, 101 km, 90 km</li><li>Velocita massima: 45 km/h, 66 km/h, 80 km/h</li><li>Peso: 71 kg</li></ul>","<h2>Panoramica</h2><p>Contenuto riscritto e ottimizzato per una boutique italiana: informazioni chiare, valori tecnici organizzati e testo pensato per aiutare la decisione d'acquisto.</p><p><strong>Venditore:</strong> Distribuzione Import Export S.R.L.</p><p><strong>Categoria:</strong> Scooter elettrici</p><h2>Punti di forza</h2><ul><li>un support de top case,</li><li>un kit saut de vent,</li><li>une chaîne U-mini</li></ul><h2>Scheda tecnica</h2><h3>Moteur</h3><table><tr><th>Couple maximal</th><td>158 Nm</td></tr><tr><th>Equivalenza cilindrata</th><td>Équivalent 50 cm3</td></tr><tr><th>Potenza motore</th><td>2 700 W, 4 100 W</td></tr><tr><th>Transmission</th><td>Poulie avec courroie silencieuse</td></tr><tr><th>Velocita massima</th><td>45 km/h, 66 km/h, 80 km/h</td></tr></table><h3>Batterie</h3><table><tr><th>Autonomia</th><td>87 km, 101 km, 90 km</td></tr><tr><th>Batteria rimovibile</th><td>Si</td></tr><tr><th>Caricatore incluso</th><td>Si</td></tr><tr><th>Capacita batteria</th><td>1.40 kWh x 2</td></tr><tr><th>Tipo di batteria</th><td>Lithium</td></tr><tr><th>Voltage & Ampérage de la Batterie</th><td>54 V / 21.6 Ah</td></tr></table><h3>Chassis</h3><table><tr><th>Charge maximale</th><td>260 kg</td></tr><tr><th>Empattement</th><td>1245 mm</td></tr><tr><th>Hauteur de selle</th><td>760 mm</td></tr></table><h3>Partie Cycle</h3><table><tr><th>Amortisseur arrière réglable</th><td>No</td></tr><tr><th>Amortisseur avant réglable</th><td>No</td></tr><tr><th>Alarme</th><td>No</td></tr><tr><th>Modes de conduites</th><td>2 + marche arrière</td></tr><tr><th>Rangement casque sous la selle</th><td>No</td></tr><tr><th>Categoria omologazione</th><td>L1e</td></tr><tr><th>Code National</th><td>CL</td></tr><tr><th>Couleur</th><td>Anthracite, Gris Nuit</td></tr><tr><th>Marque</th><td>Askoll</td></tr><tr><th>Modèle</th><td>XKP 45 Connect, XKP 70 Connect, XKP 80 Connect</td></tr><tr><th>Patente</th><td>Permis A1, Permis AM, Permis B + Formation 7h</td></tr><tr><th>Peso in ordine di marcia</th><td>71 kg</td></tr></table><h2>Note</h2><p>Disponibilita, prezzi e varianti possono variare. Si consiglia di verificare la configurazione selezionata prima dell'acquisto.</p>",,,,,Scooter elettrici,,"https://www.go2roues.com/wp-content/uploads/2024/07/Askoll-XKP-45-Connect-noir-cote-gauche.jpg, https://www.go2roues.com/wp-content/uploads/2024/07/Askoll-XKP-45-Connect-cote-gauche-gris.jpg, https://www.go2roues.com/wp-content/uploads/2024/07/Askoll-XKP-45-Connect-phare-avant-gris.jpg, https://www.go2roues.com/wp-content/uploads/2024/07/Askoll-XKP-45-Connect-noir-avant.jpg, https://www.go2roues.com/wp-content/uploads/2024/07/Askoll-XKP-45-Connect-arriere-giris.jpg, https://www.go2roues.com/wp-content/uploads/2024/07/Askoll-XKP-45-Connect-noir-avant-gauche-phare.jpg, https://www.go2roues.com/wp-content/uploads/2024/07/Askoll-XKP-45-Connect-commodo-gauche-noir.jpg, https://www.go2roues.com/wp-content/uploads/2024/07/Askoll-XKP-80-Connect-noir-avant-gauche.png, https://www.go2roues.com/wp-content/uploads/2024/07/Askoll-XKP-80-Connect-gris-phare-cote-gauche.png, https://www.go2roues.com/wp-content/uploads/2024/07/Askoll-XKP-80-Connect-gris-cote-droit.png, https://www.go2roues.com/wp-content/uploads/2024/07/Askoll-XKP-80-Connect-gris-avant.png, https://www.go2roues.com/wp-content/uploads/2024/07/Askoll-XKP-80-Connect-gris-avant-phare.png, https://www.go2roues.com/wp-content/uploads/2024/07/Askoll-XKP-80-Connect-gris-avant-droit.png, https://www.go2roues.com/wp-content/uploads/2024/07/Askoll-XKP-80-Connect-gris-avant-cote-gauche.png, https://www.go2roues.com/wp-content/uploads/2024/07/Askoll-XKP-80-Connect-gris-arrriere-droit.png",,Colore,"Anthracite, Gris Nuit",1,1,Finitura,,1,1,Askoll
variation,askoll-xkp-45-70-80-connect-anthracite-xkp--1081kd,Askoll XKP 45 / 70 / 80 Connect - anthracite / xkp-45-connect,1,visible,,,3990.00,,yes,no,,,https://www.go2roues.com/wp-content/uploads/2024/07/Askoll-XKP-45-Connect-noir-cote-gauche.jpg,www-go2roues-com-shop-askoll-xkp-45-70-80-connect,Colore,Anthracite,,,Finitura,,,,Askoll
variation,askoll-xkp-45-70-80-connect-gris-nuit-xkp-4-1pmxd1,Askoll XKP 45 / 70 / 80 Connect - gris-nuit / xkp-45-connect,1,visible,,,3990.00,,yes,no,,,https://www.go2roues.com/wp-content/uploads/2024/07/Askoll-XKP-45-Connect-cote-gauche-gris.jpg,www-go2roues-com-shop-askoll-xkp-45-70-80-connect,Colore,Gris Nuit,,,Finitura,,,,Askoll
variation,askoll-xkp-45-70-80-connect-anthracite-xkp--xvdo03,Askoll XKP 45 / 70 / 80 Connect - anthracite / xkp-70-connect,1,visible,,,4790.00,,yes,no,,,https://www.go2roues.com/wp-content/uploads/2024/07/Askoll-XKP-80-Connect-noir-cote-droit.png,www-go2roues-com-shop-askoll-xkp-45-70-80-connect,Colore,Anthracite,,,Finitura,,,,Askoll
variation,askoll-xkp-45-70-80-connect-gris-nuit-xkp-7-1na9gn,Askoll XKP 45 / 70 / 80 Connect - gris-nuit / xkp-70-connect,1,visible,,,4790.00,,yes,no,,,https://www.go2roues.com/wp-content/uploads/2024/07/Askoll-XKP-80-Connect-gris-avant-droit.png,www-go2roues-com-shop-askoll-xkp-45-70-80-connect,Colore,Gris Nuit,,,Finitura,,,,Askoll
variation,askoll-xkp-45-70-80-connect-anthracite-xkp--umdp7m,Askoll XKP 45 / 70 / 80 Connect - anthracite / xkp-80-connect,1,visible,,,5390.00,,yes,no,,,https://www.go2roues.com/wp-content/uploads/2024/07/Askoll-XKP-80-Connect-noir-cote-droit.png,www-go2roues-com-shop-askoll-xkp-45-70-80-connect,Colore,Anthracite,,,Finitura,,,,Askoll
variation,askoll-xkp-45-70-80-connect-gris-nuit-xkp-8-1k19hv,Askoll XKP 45 / 70 / 80 Connect - gris-nuit / xkp-80-connect,1,visible,,,5390.00,,yes,no,,,https://www.go2roues.com/wp-content/uploads/2024/07/Askoll-XKP-80-Connect-gris-avant-droit.png,www-go2roues-com-shop-askoll-xkp-45-70-80-connect,Colore,Gris Nuit,,,Finitura,,,,Askoll
variable,www-go2roues-com-shop-askoll-es-pro-45,Askoll eS Pro 45 - 40 KG,1,visible,"<p><strong>Askoll eS Pro 45 - 40 KG</strong> di Askoll. <em>Venduto da Distribuzione Import Export S.R.L.</em>.</p><ul><li>Autonomia dichiarata: 81 km, 40 km</li><li>Velocita massima: 45 km/h</li><li>Tempo di ricarica: 3 h par batterie</li><li>Peso: 2 x 7.6 kg</li></ul>","<h2>Panoramica</h2><p>Contenuto riscritto e ottimizzato per una boutique italiana: informazioni chiare, valori tecnici organizzati e testo pensato per aiutare la decisione d'acquisto.</p><p><strong>Venditore:</strong> Distribuzione Import Export S.R.L.</p><p><strong>Categoria:</strong> Scooter elettrici</p><h2>Scheda tecnica</h2><h3>Moteur</h3><table><tr><th>Couple maximal</th><td>130 Nm</td></tr><tr><th>Equivalenza cilindrata</th><td>Équivalent 50 cm3</td></tr><tr><th>Potenza motore</th><td>2 200 W</td></tr><tr><th>Transmission</th><td>Poulie avec courroie silencieuse</td></tr><tr><th>Velocita massima</th><td>45 km/h</td></tr></table><h3>Batterie</h3><table><tr><th>Autonomia</th><td>81 km, 40 km</td></tr><tr><th>Batteria rimovibile</th><td>Si</td></tr><tr><th>Caricatore incluso</th><td>Si</td></tr><tr><th>Poids de la batterie</th><td>2 x 7.6 kg</td></tr><tr><th>Capacita batteria</th><td>1.40 kWh x 2</td></tr><tr><th>Tempo di ricarica</th><td>3 h par batterie</td></tr><tr><th>Tipo di batteria</th><td>Lithium</td></tr><tr><th>Voltage & Ampérage de la Batterie</th><td>54 V / 26.1 Ah</td></tr></table><h3>Chassis</h3><table><tr><th>Charge maximale</th><td>245 kg</td></tr><tr><th>Empattement</th><td>1245 mm</td></tr><tr><th>Hauteur de selle</th><td>760 mm</td></tr></table><h3>Partie Cycle</h3><table><tr><th>Amortisseur arrière réglable</th><td>No</td></tr><tr><th>Amortisseur avant réglable</th><td>No</td></tr><tr><th>Taille frein arrière</th><td>140 mm</td></tr><tr><th>Taille frein avant</th><td>190 mm</td></tr><tr><th>Taille pneu arrière</th><td>90 / 80 – 16”</td></tr><tr><th>Taille pneu avant</th><td>80 / 80 – 16”</td></tr><tr><th>Type frein arrière</th><td>Tambour</td></tr><tr><th>Type frein avant</th><td>Disque</td></tr><tr><th>Alarme</th><td>No</td></tr><tr><th>Freinage couplé</th><td>CBS</td></tr><tr><th>Freinage régénératif</th><td>Si</td></tr><tr><th>Homologué 2 places</th><td>No</td></tr><tr><th>Marche Arrière</th><td>Si</td></tr><tr><th>Rangement casque sous la selle</th><td>No</td></tr><tr><th>Categoria omologazione</th><td>L1e</td></tr><tr><th>Code National</th><td>CL</td></tr><tr><th>Couleur</th><td>Glossy Black, Glossy White</td></tr><tr><th>GPS</th><td>No</td></tr><tr><th>Keyless</th><td>No</td></tr><tr><th>Marque</th><td>Askoll</td></tr><tr><th>Patente</th><td>Permis AM, Sans permis</td></tr><tr><th>Peso in ordine di marcia</th><td>65 kg</td></tr></table><h2>Note</h2><p>Disponibilita, prezzi e varianti possono variare. Si consiglia di verificare la configurazione selezionata prima dell'acquisto.</p>",,,,,Scooter elettrici,,"https://www.go2roues.com/wp-content/uploads/2024/07/Askoll-eS-Pro-45-noir-cote-gauche.png, https://www.go2roues.com/wp-content/uploads/2024/07/Askoll-eS-Pro-45-blanc-cote-gauche.png, https://www.go2roues.com/wp-content/uploads/2025/01/Askoll-eS-Pro-45-batterie.png, https://www.go2roues.com/wp-content/uploads/2025/01/Askoll-eS-Pro-45-compteur.png, https://www.go2roues.com/wp-content/uploads/2025/01/Askoll-eS-Pro-45-homme-qui-livre-panier-avant.png, https://www.go2roues.com/wp-content/uploads/2025/01/Askoll-eS-Pro-45-phare-avant-zoom.png, https://www.go2roues.com/wp-content/uploads/2025/01/Askoll-eS-Pro-45-phare-avant.png",,Colore,"Glossy Black, Glossy White",1,1,Finitura,,1,1,Askoll
variation,askoll-es-pro-45-81-km-glossy-black,Askoll eS Pro 45 - 40 KG - 81-km / glossy-black,1,visible,,,4590.00,,yes,no,,,https://www.go2roues.com/wp-content/uploads/2024/07/Askoll-eS-Pro-45-noir-cote-gauche.png,www-go2roues-com-shop-askoll-es-pro-45,Colore,Glossy Black,,,Finitura,,,,Askoll
variation,askoll-es-pro-45-81-km-glossy-white,Askoll eS Pro 45 - 40 KG - 81-km / glossy-white,1,visible,,,4590.00,,yes,no,,,https://www.go2roues.com/wp-content/uploads/2024/07/Askoll-eS-Pro-45-blanc-cote-gauche.png,www-go2roues-com-shop-askoll-es-pro-45,Colore,Glossy White,,,Finitura,,,,Askoll
variation,askoll-es-pro-45-40-km-glossy-black,Askoll eS Pro 45 - 40 KG - 40-km / glossy-black,1,visible,,,3490.00,,yes,no,,,https://www.go2roues.com/wp-content/uploads/2024/07/Askoll-eS-Pro-45-noir-cote-gauche.png,www-go2roues-com-shop-askoll-es-pro-45,Colore,Glossy Black,,,Finitura,,,,Askoll
variation,askoll-es-pro-45-40-km-glossy-white,Askoll eS Pro 45 - 40 KG - 40-km / glossy-white,1,visible,,,3490.00,,yes,no,,,https://www.go2roues.com/wp-content/uploads/2024/07/Askoll-eS-Pro-45-blanc-cote-gauche.png,www-go2roues-com-shop-askoll-es-pro-45,Colore,Glossy White,,,Finitura,,,,Askoll
variable,www-go2roues-com-shop-askoll-es-2-city,Askoll eS 2 City,1,visible,"<p><strong>Askoll eS 2 City</strong> di Askoll. <em>Venduto da Distribuzione Import Export S.R.L.</em>.</p><ul><li>Autonomia dichiarata: 42 km, 84 km</li><li>Velocita massima: 45 km/h</li><li>Tempo di ricarica: 3 h par batterie</li><li>Peso: 7.6 kg</li></ul>","<h2>Panoramica</h2><p>Contenuto riscritto e ottimizzato per una boutique italiana: informazioni chiare, valori tecnici organizzati e testo pensato per aiutare la decisione d'acquisto.</p><p><strong>Venditore:</strong> Distribuzione Import Export S.R.L.</p><p><strong>Categoria:</strong> Scooter elettrici</p><h2>Punti di forza</h2><ul><li>petit panier à placer à l’avant</li><li>support de smartphone</li><li>répartiteur de charge complet</li><li>saut de vent</li></ul><h2>Scheda tecnica</h2><h3>Moteur</h3><table><tr><th>Couple maximal</th><td>130 Nm</td></tr><tr><th>Equivalenza cilindrata</th><td>Équivalent 50 cm3</td></tr><tr><th>Potenza motore</th><td>2 200 W</td></tr><tr><th>Transmission</th><td>Poulie avec courroie silencieuse</td></tr><tr><th>Velocita massima</th><td>45 km/h</td></tr></table><h3>Batterie</h3><table><tr><th>Autonomia</th><td>42 km, 84 km</td></tr><tr><th>Batteria rimovibile</th><td>Si</td></tr><tr><th>Caricatore incluso</th><td>Si</td></tr><tr><th>Poids de la batterie</th><td>7.6 kg</td></tr><tr><th>Capacita batteria</th><td>1.4 kWh</td></tr><tr><th>Tempo di ricarica</th><td>3 h par batterie</td></tr><tr><th>Tipo di batteria</th><td>Lithium</td></tr><tr><th>Voltage & Ampérage de la Batterie</th><td>54V / 26.1Ah</td></tr></table><h3>Chassis</h3><table><tr><th>Charge maximale</th><td>245 kg</td></tr><tr><th>Empattement</th><td>1 245 mm</td></tr><tr><th>Hauteur de selle</th><td>760 mm</td></tr></table><h3>Partie Cycle</h3><table><tr><th>Taille frein arrière</th><td>140 mm</td></tr><tr><th>Taille frein avant</th><td>190 mm</td></tr><tr><th>Taille pneu arrière</th><td>90 / 80 – 16”</td></tr><tr><th>Taille pneu avant</th><td>80 / 80 – 16”</td></tr><tr><th>Taille roue arrière</th><td>16 pouces</td></tr><tr><th>Taille roue avant</th><td>16 pouces</td></tr><tr><th>Type frein arrière</th><td>Tambour</td></tr><tr><th>Type frein avant</th><td>Disque</td></tr><tr><th>Freinage couplé</th><td>No</td></tr><tr><th>Freinage régénératif</th><td>Si</td></tr><tr><th>Homologué 2 places</th><td>Si</td></tr><tr><th>Marche Arrière</th><td>No</td></tr><tr><th>Categoria omologazione</th><td>L1e</td></tr><tr><th>Code National</th><td>CL</td></tr><tr><th>Couleur</th><td>Azure, Glossy White, Grey Black</td></tr><tr><th>Marque</th><td>Askoll</td></tr><tr><th>Patente</th><td>Permis A1, Sans permis</td></tr><tr><th>Peso in ordine di marcia</th><td>67 kg</td></tr></table><h2>Note</h2><p>Disponibilita, prezzi e varianti possono variare. Si consiglia di verificare la configurazione selezionata prima dell'acquisto.</p>",,,,,Scooter elettrici,,"https://www.go2roues.com/wp-content/uploads/2024/07/Askoll-eS-2-City-Grey-Black-avant-droit.png, https://www.go2roues.com/wp-content/uploads/2024/07/Askoll-eS-2-City-Grey-Black-trois-quart-gauche.png, https://www.go2roues.com/wp-content/uploads/2024/07/Askoll-eS-2-City-Grey-Black-cote-gauche.png, https://www.go2roues.com/wp-content/uploads/2024/07/Askoll-eS-2-City-Grey-Black-avant-gauche.png, https://www.go2roues.com/wp-content/uploads/2024/07/Askoll-eS-2-City-Grey-Black-arriere-gauche.png, https://www.go2roues.com/wp-content/uploads/2024/07/Askoll-eS-2-City-Grey-Black-arriere-droit.png, https://www.go2roues.com/wp-content/uploads/2024/07/Askoll-eS-2-City-Grey-Black-cote-droit.png, https://www.go2roues.com/wp-content/uploads/2024/07/Askoll-eS-2-City-Azure-avant-droit.png, https://www.go2roues.com/wp-content/uploads/2024/07/Askoll-eS-2-City-Azure-avant-3-quart-gauche.png, https://www.go2roues.com/wp-content/uploads/2024/07/Askoll-eS-2-City-Azure-avant-gauche.png, https://www.go2roues.com/wp-content/uploads/2024/07/Askoll-eS-2-City-Azure-arriere-gauche.png, https://www.go2roues.com/wp-content/uploads/2024/07/Askoll-eS-2-City-Azure-arriere-droit.png, https://www.go2roues.com/wp-content/uploads/2024/07/Askoll-eS-2-City-Azure-cote-gauche.png, https://www.go2roues.com/wp-content/uploads/2024/07/Askoll-eS-2-City-Azure-cote-droit.png, https://www.go2roues.com/wp-content/uploads/2024/07/Askoll-eS-2-City-Blanc-avant-droit.png",,Colore,"Azure, Glossy White, Grey Black",1,1,Finitura,,1,1,Askoll
variation,askoll-es-2-city-84-km-azure,Askoll eS 2 City - 84-km / azure,1,visible,,,3580.00,,yes,no,,,https://www.go2roues.com/wp-content/uploads/2024/07/Askoll-eS-2-City-Azure-avant-gauche.png,www-go2roues-com-shop-askoll-es-2-city,Colore,Azure,,,Finitura,,,,Askoll
variation,askoll-es-2-city-84-km-glossy-white,Askoll eS 2 City - 84-km / glossy-white,1,visible,,,3580.00,,yes,no,,,https://www.go2roues.com/wp-content/uploads/2024/07/Askoll-eS-2-City-Blanc-trois-quart-avant-droit.png,www-go2roues-com-shop-askoll-es-2-city,Colore,Glossy White,,,Finitura,,,,Askoll
variation,askoll-es-2-city-84-km-grey-black,Askoll eS 2 City - 84-km / grey-black,1,visible,,,3580.00,,yes,no,,,https://www.go2roues.com/wp-content/uploads/2024/07/Askoll-eS-2-City-Grey-Black-avant-gauche.png,www-go2roues-com-shop-askoll-es-2-city,Colore,Grey Black,,,Finitura,,,,Askoll
variation,askoll-es-2-city-42-km-azure,Askoll eS 2 City - 42-km / azure,1,visible,,,2490.00,,yes,no,,,https://www.go2roues.com/wp-content/uploads/2024/07/Askoll-eS-2-City-Azure-avant-droit.png,www-go2roues-com-shop-askoll-es-2-city,Colore,Azure,,,Finitura,,,,Askoll
variation,askoll-es-2-city-42-km-glossy-white,Askoll eS 2 City - 42-km / glossy-white,1,visible,,,2490.00,,yes,no,,,https://www.go2roues.com/wp-content/uploads/2024/07/Askoll-eS-2-City-Grey-Black-avant-droit.png,www-go2roues-com-shop-askoll-es-2-city,Colore,Glossy White,,,Finitura,,,,Askoll
variation,askoll-es-2-city-42-km-grey-black,Askoll eS 2 City - 42-km / grey-black,1,visible,,,2490.00,,yes,no,,,https://www.go2roues.com/wp-content/uploads/2024/07/Askoll-eS-2-City-Grey-Black-avant-droit.png,www-go2roues-com-shop-askoll-es-2-city,Colore,Grey Black,,,Finitura,,,,Askoll
variable,www-go2roues-com-shop-sym-e-xpro,SYM E-Xpro,1,visible,"<p><strong>SYM E-Xpro</strong> di Sym. <em>Venduto da Distribuzione Import Export S.R.L.</em>.</p><ul><li>Autonomia dichiarata: 76 km</li><li>Tempo di ricarica: 2 à 3 heures par batterie</li><li>Peso: 8,6 kg</li></ul>","<h2>Panoramica</h2><p>Contenuto riscritto e ottimizzato per una boutique italiana: informazioni chiare, valori tecnici organizzati e testo pensato per aiutare la decisione d'acquisto.</p><p><strong>Venditore:</strong> Distribuzione Import Export S.R.L.</p><p><strong>Categoria:</strong> Scooter elettrici</p><h2>Punti di forza</h2><ul><li>la vitesse</li><li>l’autonomie restante</li><li>le mode de conduite sélectionné</li><li>le trip, l’heure…</li></ul><h2>Scheda tecnica</h2><h3>Moteur</h3><table><tr><th>Couple maximal</th><td>30 Nm</td></tr><tr><th>Equivalenza cilindrata</th><td>Équivalent 50 cm3</td></tr><tr><th>Marque du moteur</th><td>Bosch</td></tr><tr><th>Potenza motore</th><td>1 500 W</td></tr></table><h3>Batterie</h3><table><tr><th>Autonomia</th><td>76 km</td></tr><tr><th>Batteria rimovibile</th><td>Si</td></tr><tr><th>Caricatore incluso</th><td>Si</td></tr><tr><th>Poids de la batterie</th><td>8,6 kg</td></tr><tr><th>Capacita batteria</th><td>1.34 kWh x2</td></tr><tr><th>Tempo di ricarica</th><td>2 à 3 heures par batterie</td></tr><tr><th>Voltage & Ampérage de la Batterie</th><td>2 x 60V 22,4Ah</td></tr></table><h3>Chassis</h3><table><tr><th>Charge maximale</th><td>219 kg</td></tr><tr><th>Hauteur de selle</th><td>780 mm</td></tr></table><h3>Partie Cycle</h3><table><tr><th>Taille frein arrière</th><td>Disque Ø 220 mm</td></tr><tr><th>Taille frein avant</th><td>Disque Ø 226 mm</td></tr><tr><th>Taille pneu arrière</th><td>120/70 – 12'</td></tr><tr><th>Taille pneu avant</th><td>110/70 – 12'</td></tr><tr><th>Alarme</th><td>No</td></tr><tr><th>Homologué 2 places</th><td>No</td></tr><tr><th>Couleur</th><td>Blanc, Noir</td></tr><tr><th>Dimensioni</th><td>1870 × 690 × 1120 cm</td></tr><tr><th>Marque</th><td>Sym</td></tr><tr><th>Patente</th><td>Permis AM, Sans permis</td></tr><tr><th>Peso in ordine di marcia</th><td>97 kg</td></tr></table><h2>Note</h2><p>Disponibilita, prezzi e varianti possono variare. Si consiglia di verificare la configurazione selezionata prima dell'acquisto.</p>",,,,,Scooter elettrici,,"https://www.go2roues.com/wp-content/uploads/2024/06/SYM-E-XPRO-AVANT-DROIT-NOIR.jpg, https://www.go2roues.com/wp-content/uploads/2024/06/SYM-XEPRO-AVANT-GAUCHE-NOIR.jpg, https://www.go2roues.com/wp-content/uploads/2024/06/SYM-XEPRO-ARRIERE-GAUCHE-NOIR.jpg, https://www.go2roues.com/wp-content/uploads/2024/06/SYM-E-XPRO-ARRIERE-DROIT-NOIR.jpg, https://www.go2roues.com/wp-content/uploads/2024/06/SYM-E-XPRO-COTE-DROIT-NOIR.png, https://www.go2roues.com/wp-content/uploads/2024/06/SYM-XEPRO-AVANT-NOIR.jpg, https://www.go2roues.com/wp-content/uploads/2024/06/SYM-SUPPORT-DE-TOP-CASE.jpg, https://www.go2roues.com/wp-content/uploads/2024/06/SYM-E-XPRO-AVANT-DROIT-BLANC.jpg, https://www.go2roues.com/wp-content/uploads/2024/06/SYM-E-XPRO-AVANT-GAUCHE-BLANC.jpg, https://www.go2roues.com/wp-content/uploads/2024/06/SYM-E-XPRO-COTE-GAUCHE-BLANC.png, https://www.go2roues.com/wp-content/uploads/2024/06/SYM-E-XPRO-ARRIERE-DROIT-BLANC.jpg, https://www.go2roues.com/wp-content/uploads/2024/06/SYM-E-XPRO-ARRIERE-GAUCHE-BLANC.jpg, http://www.go2roues.com/wp-content/uploads/2024/06/SYM-E-XPRO-AVANT-DROIT-NOIR.jpg",,Colore,"Bianco, Nero",1,1,Finitura,,1,1,Sym
variation,sym-e-xpro-blanc,SYM E-Xpro - blanc,1,visible,,,2999.00,,yes,no,,,https://www.go2roues.com/wp-content/uploads/2024/06/SYM-E-XPRO-AVANT-DROIT-BLANC.jpg,www-go2roues-com-shop-sym-e-xpro,Colore,Bianco,,,Finitura,,,,Sym
variation,sym-e-xpro-noir,SYM E-Xpro - noir,1,visible,,,2999.00,,yes,no,,,https://www.go2roues.com/wp-content/uploads/2024/06/SYM-E-XPRO-AVANT-DROIT-NOIR.jpg,www-go2roues-com-shop-sym-e-xpro,Colore,Nero,,,Finitura,,,,Sym
variable,www-go2roues-com-shop-sym-e-mio,SYM E-Mio,1,visible,<p><strong>SYM E-Mio</strong> di Sym. <em>Venduto da Distribuzione Import Export S.R.L.</em>.</p><ul><li>Autonomia dichiarata: 56 km</li><li>Tempo di ricarica: Non</li><li>Peso: 15 kg</li></ul>,"<h2>Panoramica</h2><p>Contenuto riscritto e ottimizzato per una boutique italiana: informazioni chiare, valori tecnici organizzati e testo pensato per aiutare la decisione d'acquisto.</p><p><strong>Venditore:</strong> Distribuzione Import Export S.R.L.</p><p><strong>Categoria:</strong> Scooter elettrici</p><h2>Punti di forza</h2><ul><li>le mode éco permettant d’accéder à 25 km/h : idéal pour les zones 30</li><li>le mode boost permettant d’accéder à la puissance maximale de 45 km/h</li></ul><h2>Scheda tecnica</h2><h3>Moteur</h3><table><tr><th>Couple maximal</th><td>31 Nm</td></tr><tr><th>Equivalenza cilindrata</th><td>Équivalent 50 cm3</td></tr><tr><th>Potenza motore</th><td>2 000 W</td></tr></table><h3>Batterie</h3><table><tr><th>Autonomia</th><td>56 km</td></tr><tr><th>Batteria rimovibile</th><td>Si</td></tr><tr><th>Caricatore incluso</th><td>Si</td></tr><tr><th>Poids de la batterie</th><td>15 kg</td></tr><tr><th>Capacita batteria</th><td>2,11 kWh</td></tr><tr><th>Recharge compatible T2</th><td>No</td></tr><tr><th>Voltage & Ampérage de la Batterie</th><td>60V 35,2Ah</td></tr></table><h3>Chassis</h3><table><tr><th>Charge maximale</th><td>235 kg</td></tr><tr><th>Hauteur de selle</th><td>765 mm</td></tr></table><h3>Partie Cycle</h3><table><tr><th>Amortisseur arrière réglable</th><td>No</td></tr><tr><th>Taille pneu arrière</th><td>100/80-10</td></tr><tr><th>Taille pneu avant</th><td>100/80-10</td></tr><tr><th>Alarme</th><td>No</td></tr><tr><th>Freinage couplé</th><td>No</td></tr><tr><th>Homologué 2 places</th><td>Si</td></tr><tr><th>Rangement casque sous la selle</th><td>Oui avec une batterie</td></tr><tr><th>Couleur</th><td>Blanc, Bleu, Noir</td></tr><tr><th>Dimensioni</th><td>1770 × 690 × 1045 cm</td></tr><tr><th>GPS</th><td>No</td></tr><tr><th>Marque</th><td>Sym</td></tr><tr><th>Patente</th><td>Permis AM, Sans permis</td></tr><tr><th>Peso in ordine di marcia</th><td>70 kg</td></tr></table><h2>Note</h2><p>Disponibilita, prezzi e varianti possono variare. Si consiglia di verificare la configurazione selezionata prima dell'acquisto.</p>",,,,,Scooter elettrici,,"https://www.go2roues.com/wp-content/uploads/2024/06/SYM-E-MIO-AVANT-DROIT-NOIT.jpg, https://www.go2roues.com/wp-content/uploads/2024/06/SYM-E-MIO-NOIR-AVANT-GAUCHE.jpg, https://www.go2roues.com/wp-content/uploads/2024/06/SYM-E-MIO-NOIR-AVANT.jpg, https://www.go2roues.com/wp-content/uploads/2024/06/SYM-E-MIO-COTE-GAUCHE-NOIR.jpg, https://www.go2roues.com/wp-content/uploads/2024/06/SYM-E-MIO-ARRIERE-GAUCHE-NOIR.jpg, https://www.go2roues.com/wp-content/uploads/2024/06/SYM-E-MIO-ARRIERE-DROIT-NOIR.jpg, https://www.go2roues.com/wp-content/uploads/2024/06/SYM-E-MIO-AVANT-DROIT-BLANC.jpg, https://www.go2roues.com/wp-content/uploads/2024/06/SYM-E-MIO-AVANT-GAUHCHE-BLANC.jpg, https://www.go2roues.com/wp-content/uploads/2024/06/SYM-E-MIO-AVANT-BLANC.jpg, https://www.go2roues.com/wp-content/uploads/2024/06/SYM-E-MIO-ARRIERE-GAUCHE-BLANC.jpg, https://www.go2roues.com/wp-content/uploads/2024/06/SYM-E-MIO-ARRIERE-DROIT-BLANC.jpg, https://www.go2roues.com/wp-content/uploads/2024/06/SYM-E-MIO-AVANT-GAUCHE-BLEU.jpg, https://www.go2roues.com/wp-content/uploads/2024/06/SYM-E-MIO-ARRIERE-GAUCHE-BLEU.jpg, http://www.go2roues.com/wp-content/uploads/2024/06/SYM-E-MIO-AVANT-DROIT-NOIT.jpg",,Colore,"Bianco, Blu, Nero",1,1,Finitura,,1,1,Sym
variation,sym-e-mio-bleu,SYM E-Mio - bleu,1,visible,,,1999.00,,yes,notify,,,https://www.go2roues.com/wp-content/uploads/2024/06/SYM-E-MIO-AVANT-DROIT-BLEU.jpg,www-go2roues-com-shop-sym-e-mio,Colore,Blu,,,Finitura,,,,Sym
variation,sym-e-mio-blanc,SYM E-Mio - blanc,1,visible,,,1999.00,,yes,notify,,,https://www.go2roues.com/wp-content/uploads/2024/06/SYM-E-MIO-AVANT-DROIT-BLANC.jpg,www-go2roues-com-shop-sym-e-mio,Colore,Bianco,,,Finitura,,,,Sym
variation,sym-e-mio-noir,SYM E-Mio - noir,1,visible,,,1999.00,,yes,notify,,,https://www.go2roues.com/wp-content/uploads/2024/06/SYM-E-MIO-AVANT-DROIT-NOIT.jpg,www-go2roues-com-shop-sym-e-mio,Colore,Nero,,,Finitura,,,,Sym
variable,www-go2roues-com-shop-sym-e-fiddle,SYM E-Fiddle,1,visible,"<p><strong>SYM E-Fiddle</strong> di Sym. <em>Venduto da Distribuzione Import Export S.R.L.</em>.</p><ul><li>Autonomia dichiarata: 60 km, 120 km</li><li>Tempo di ricarica: 2 à 3 heures par batterie</li><li>Peso: 15 kg</li></ul>","<h2>Panoramica</h2><p>Contenuto riscritto e ottimizzato per una boutique italiana: informazioni chiare, valori tecnici organizzati e testo pensato per aiutare la decisione d'acquisto.</p><p><strong>Venditore:</strong> Distribuzione Import Export S.R.L.</p><p><strong>Categoria:</strong> Scooter elettrici > Sans Permis</p><h2>Punti di forza</h2><ul><li>mode de conduite</li><li>autonomie restante</li></ul><h2>Scheda tecnica</h2><h3>Moteur</h3><table><tr><th>Couple maximal</th><td>40 Nm</td></tr><tr><th>Equivalenza cilindrata</th><td>Équivalent 50 cm3</td></tr><tr><th>Marque du moteur</th><td>ZHEJIANG</td></tr><tr><th>Potenza motore</th><td>2 000 W</td></tr><tr><th>Transmission</th><td>Moteur intégré dans la roue arrière</td></tr></table><h3>Batterie</h3><table><tr><th>Autonomia</th><td>60 km, 120 km</td></tr><tr><th>Batteria rimovibile</th><td>Si</td></tr><tr><th>Caricatore incluso</th><td>Si</td></tr><tr><th>Poids de la batterie</th><td>15 kg</td></tr><tr><th>Capacita batteria</th><td>2.1 kWh par batterie</td></tr><tr><th>Tempo di ricarica</th><td>2 à 3 heures par batterie</td></tr><tr><th>Voltage & Ampérage de la Batterie</th><td>60V 35,2 Ah</td></tr></table><h3>Chassis</h3><table><tr><th>Charge maximale</th><td>275 kg</td></tr><tr><th>Hauteur de selle</th><td>780 mm</td></tr></table><h3>Partie Cycle</h3><table><tr><th>Amortisseur arrière réglable</th><td>No</td></tr><tr><th>Amortisseur avant réglable</th><td>No</td></tr><tr><th>Taille frein arrière</th><td>Disque Ø 220 mm</td></tr><tr><th>Taille frein avant</th><td>Disque Ø 226 mm</td></tr><tr><th>Taille pneu arrière</th><td>120/70-12</td></tr><tr><th>Taille pneu avant</th><td>110/70-12</td></tr><tr><th>Alarme</th><td>No</td></tr><tr><th>Freinage couplé</th><td>No</td></tr><tr><th>Freinage régénératif</th><td>No</td></tr><tr><th>Marche Arrière</th><td>Si</td></tr><tr><th>Modes de conduites</th><td>2 + marche arrière</td></tr><tr><th>Prise USB</th><td>Si</td></tr><tr><th>Rangement casque sous la selle</th><td>Oui avec une batterie</td></tr><tr><th>Categoria omologazione</th><td>L1e</td></tr><tr><th>Code National</th><td>CL</td></tr><tr><th>Couleur</th><td>Blanc, Bleu, Noir</td></tr><tr><th>Dimensioni</th><td>1860 × 680 × 1115 cm</td></tr><tr><th>Keyless</th><td>No</td></tr><tr><th>Marque</th><td>Sym</td></tr><tr><th>Patente</th><td>Permis AM, Sans permis</td></tr><tr><th>Peso in ordine di marcia</th><td>95 kg</td></tr></table><h2>Note</h2><p>Disponibilita, prezzi e varianti possono variare. Si consiglia di verificare la configurazione selezionata prima dell'acquisto.</p>",,,,,Scooter elettrici > Sans Permis,,"https://www.go2roues.com/wp-content/uploads/2024/06/e-fiddle-sym-avant-droit.png, https://www.go2roues.com/wp-content/uploads/2024/06/e-fiddle-sym-avant-gauche.png, https://www.go2roues.com/wp-content/uploads/2024/06/e-fiddle-sym-arriere-gauche.png, https://www.go2roues.com/wp-content/uploads/2024/06/e-fiddle-sym-arriere-droit.png, https://www.go2roues.com/wp-content/uploads/2024/06/e-fiddle-sym-cote-gauche-2.png, https://www.go2roues.com/wp-content/uploads/2024/06/e-fiddle-sym-guidon.png, https://www.go2roues.com/wp-content/uploads/2024/06/e-fiddle-sym-guidon-2.png, https://www.go2roues.com/wp-content/uploads/2024/06/e-fiddle-sym-cote-droit.png, https://www.go2roues.com/wp-content/uploads/2024/06/SYM-E-FIDDLE-AVANT-GAUCHE-BLEU.jpg, https://www.go2roues.com/wp-content/uploads/2024/06/e-fiddle-sym-serrure.png, https://www.go2roues.com/wp-content/uploads/2024/06/e-fiddle-sym-phare-arriere.png, https://www.go2roues.com/wp-content/uploads/2024/06/e-fiddle-sym-compteur.png, https://www.go2roues.com/wp-content/uploads/2024/06/SYM-E-FIDDLE-AVANT-GAUCHE-BLANC.jpg, https://www.go2roues.com/wp-content/uploads/2024/06/SYM-E-FIDDLE-ARRIERE-BLANC.jpg, https://www.go2roues.com/wp-content/uploads/2024/06/SYM-E-FIDDLE-AVANT-BLANC.jpg",,Colore,"Bianco, Blu, Nero",1,1,Finitura,,1,1,Sym
variation,sym-e-fiddle-blanc-60-km,SYM E-Fiddle - blanc / 60-km,1,visible,,,2099.00,,yes,notify,,,https://www.go2roues.com/wp-content/uploads/2024/06/SYM-E-FIDDLE-AVANT-GAUCHE-BLANC.jpg,www-go2roues-com-shop-sym-e-fiddle,Colore,Bianco,,,Finitura,,,,Sym
variation,sym-e-fiddle-blanc-120-km,SYM E-Fiddle - blanc / 120-km,1,visible,,,2999.00,,yes,notify,,,https://www.go2roues.com/wp-content/uploads/2024/06/SYM-E-FIDDLE-AVANT-GAUCHE-BLANC.jpg,www-go2roues-com-shop-sym-e-fiddle,Colore,Bianco,,,Finitura,,,,Sym
variation,sym-e-fiddle-bleu-60-km,SYM E-Fiddle - bleu / 60-km,1,visible,,,2099.00,,yes,notify,,,https://www.go2roues.com/wp-content/uploads/2024/06/SYM-E-FIDDLE-AVANT-GAUCHE-BLEU.jpg,www-go2roues-com-shop-sym-e-fiddle,Colore,Blu,,,Finitura,,,,Sym
variation,sym-e-fiddle-bleu-120-km,SYM E-Fiddle - bleu / 120-km,1,visible,,,2999.00,,yes,notify,,,https://www.go2roues.com/wp-content/uploads/2024/06/SYM-E-FIDDLE-AVANT-GAUCHE-BLEU.jpg,www-go2roues-com-shop-sym-e-fiddle,Colore,Blu,,,Finitura,,,,Sym
variation,sym-e-fiddle-noir-60-km,SYM E-Fiddle - noir / 60-km,1,visible,,,2099.00,,yes,notify,,,https://www.go2roues.com/wp-content/uploads/2024/06/e-fiddle-sym-avant-droit.png,www-go2roues-com-shop-sym-e-fiddle,Colore,Nero,,,Finitura,,,,Sym
variation,sym-e-fiddle-noir-120-km,SYM E-Fiddle - noir / 120-km,1,visible,,,2999.00,,yes,notify,,,https://www.go2roues.com/wp-content/uploads/2024/06/e-fiddle-sym-avant-droit.png,www-go2roues-com-shop-sym-e-fiddle,Colore,Nero,,,Finitura,,,,Sym
variable,www-go2roues-com-shop-peugeot-e-streetzone,PEUGEOT E-STREETZONE,1,visible,"<p><strong>PEUGEOT E-STREETZONE</strong> di Peugeot Motocycles. <em>Venduto da Distribuzione Import Export S.R.L.</em>.</p><ul><li>Autonomia dichiarata: 60 km, 110 km</li><li>Peso: 11 kg par batterie</li></ul>","<h2>Panoramica</h2><p>Contenuto riscritto e ottimizzato per una boutique italiana: informazioni chiare, valori tecnici organizzati e testo pensato per aiutare la decisione d'acquisto.</p><p><strong>Venditore:</strong> Distribuzione Import Export S.R.L.</p><p><strong>Categoria:</strong> Scooter elettrici > Sans Permis</p><h2>Punti di forza</h2><ul><li>Une batterie de 48V / 32Ah, soit 1.53 kWh, proposant jusqu’à 60 kilomètres en mode éco, selon le constructeur</li><li>Deux batteries de 48V / 32Ah, soit 1.53 kWh x2, proposant jusqu’à 110 kilomètres selon le constructeur</li><li>Classiquement, le mode eco limitera la puissance du moteur pour économiser l’autonomie de la batterie, sa vitesse maximale sera de 28 km/h.</li><li>Le mode boost permettra au moteur d’accéder au 45 km/h au détriment de l’autonomie maximale.</li><li>avec une batterie, vous pouvez facilement ranger votre casque jet</li><li>avec deux batteries, vous pouvez espérer ranger un antivol SRA ou une veste de pluie.</li></ul><h2>Scheda tecnica</h2><h3>Moteur</h3><table><tr><th>Couple maximal</th><td>95,3 Nm</td></tr><tr><th>Equivalenza cilindrata</th><td>Équivalent 50 cm3</td></tr><tr><th>Potenza massima</th><td>2 100 W</td></tr><tr><th>Potenza motore</th><td>1 200 W</td></tr></table><h3>Batterie</h3><table><tr><th>Autonomia</th><td>60 km, 110 km</td></tr><tr><th>Batteria rimovibile</th><td>Si</td></tr><tr><th>Caricatore incluso</th><td>Si</td></tr><tr><th>Poids de la batterie</th><td>11 kg par batterie</td></tr></table><h3>Partie Cycle</h3><table><tr><th>Amortisseur arrière réglable</th><td>Si</td></tr><tr><th>Amortisseur avant réglable</th><td>No</td></tr><tr><th>Homologué 2 places</th><td>Si</td></tr><tr><th>Modes de conduites</th><td>2</td></tr><tr><th>Couleur</th><td>Curacao Blue, Icy White, Mad Black, Rouge Cherry</td></tr><tr><th>Dimensioni</th><td>1832 × 686 × 1099 cm</td></tr><tr><th>Marque</th><td>Peugeot Motocycles</td></tr><tr><th>Patente</th><td>Permis AM</td></tr><tr><th>Peso in ordine di marcia</th><td>90 kg</td></tr></table><h2>Note</h2><p>Disponibilita, prezzi e varianti possono variare. Si consiglia di verificare la configurazione selezionata prima dell'acquisto.</p>",,,,,Scooter elettrici > Sans Permis,,"https://www.go2roues.com/wp-content/uploads/2024/09/peugeot-e-streetzone-avant-droit-noir.png, https://www.go2roues.com/wp-content/uploads/2022/10/peugeot-e-streetzone-gros-plan-arriere.jpg, https://www.go2roues.com/wp-content/uploads/2024/09/peugeot-e-streetzone-avant-droit-bleu.png, https://www.go2roues.com/wp-content/uploads/2024/09/peugeot-e-streetzone-avant-droit-blanc.png, https://www.go2roues.com/wp-content/uploads/2024/09/peugeot-e-streetzone-avant-droit-rouge.png, https://www.go2roues.com/wp-content/uploads/2024/09/peugeot-e-streetzone-avant-rouge.png, https://www.go2roues.com/wp-content/uploads/2024/09/peugeot-e-streetzone-face-blanc.png, https://www.go2roues.com/wp-content/uploads/2024/09/peugeot-e-streetzone-cote-droit-noir.png, https://www.go2roues.com/wp-content/uploads/2024/09/peugeot-e-streetzone-cote-droit-bleu.png, https://www.go2roues.com/wp-content/uploads/2024/09/peugeot-e-streetzone-arriere-gauche-noir.png, https://www.go2roues.com/wp-content/uploads/2024/09/peugeot-e-streetzone-arriere-gauche-bleu.png, https://www.go2roues.com/wp-content/uploads/2024/09/varriere-gauche-blanc.png, https://www.go2roues.com/wp-content/uploads/2024/09/peugeot-e-streetzone-sous-selle-2-batteries.png, https://www.go2roues.com/wp-content/uploads/2024/09/peugeot-e-streetzone-sous-selle-1-batterie.png, http://www.go2roues.com/wp-content/uploads/2024/09/peugeot-e-streetzone-avant-droit-noir.png",,Colore,"Curacao Blue, Icy White, Mad Black, Rouge Cherry",1,1,Finitura,,1,1,Peugeot Motocycles
variation,peugeot-e-streetzone-curacao-blue-110-km,PEUGEOT E-STREETZONE - curacao-blue / 110-km,1,visible,,,4000.00,,yes,notify,,,https://www.go2roues.com/wp-content/uploads/2024/09/peugeot-e-streetzone-avant-droit-bleu.png,www-go2roues-com-shop-peugeot-e-streetzone,Colore,Curacao Blue,,,Finitura,,,,Peugeot Motocycles
variation,peugeot-e-streetzone-curacao-blue-60-km,PEUGEOT E-STREETZONE - curacao-blue / 60-km,1,visible,,,2999.00,,yes,notify,,,https://www.go2roues.com/wp-content/uploads/2024/09/peugeot-e-streetzone-avant-droit-bleu.png,www-go2roues-com-shop-peugeot-e-streetzone,Colore,Curacao Blue,,,Finitura,,,,Peugeot Motocycles
variation,peugeot-e-streetzone-icy-white-110-km,PEUGEOT E-STREETZONE - icy-white / 110-km,1,visible,,,4000.00,,yes,notify,,,https://www.go2roues.com/wp-content/uploads/2024/09/peugeot-e-streetzone-avant-droit-blanc.png,www-go2roues-com-shop-peugeot-e-streetzone,Colore,Icy White,,,Finitura,,,,Peugeot Motocycles
variation,peugeot-e-streetzone-icy-white-60-km,PEUGEOT E-STREETZONE - icy-white / 60-km,1,visible,,,2999.00,,yes,notify,,,https://www.go2roues.com/wp-content/uploads/2024/09/peugeot-e-streetzone-avant-droit-blanc.png,www-go2roues-com-shop-peugeot-e-streetzone,Colore,Icy White,,,Finitura,,,,Peugeot Motocycles
variation,peugeot-e-streetzone-mad-black-110-km,PEUGEOT E-STREETZONE - mad-black / 110-km,1,visible,,,4000.00,,yes,notify,,,https://www.go2roues.com/wp-content/uploads/2024/09/peugeot-e-streetzone-avant-droit-noir.png,www-go2roues-com-shop-peugeot-e-streetzone,Colore,Mad Black,,,Finitura,,,,Peugeot Motocycles
variation,peugeot-e-streetzone-mad-black-60-km,PEUGEOT E-STREETZONE - mad-black / 60-km,1,visible,,,2999.00,,yes,notify,,,https://www.go2roues.com/wp-content/uploads/2024/09/peugeot-e-streetzone-avant-droit-noir.png,www-go2roues-com-shop-peugeot-e-streetzone,Colore,Mad Black,,,Finitura,,,,Peugeot Motocycles
variation,peugeot-e-streetzone-rouge-cherry-110-km,PEUGEOT E-STREETZONE - rouge-cherry / 110-km,1,visible,,,4000.00,,yes,notify,,,https://www.go2roues.com/wp-content/uploads/2024/09/peugeot-e-streetzone-avant-droit-rouge.png,www-go2roues-com-shop-peugeot-e-streetzone,Colore,Rouge Cherry,,,Finitura,,,,Peugeot Motocycles
variation,peugeot-e-streetzone-rouge-cherry-60-km,PEUGEOT E-STREETZONE - rouge-cherry / 60-km,1,visible,,,2999.00,,yes,notify,,,https://www.go2roues.com/wp-content/uploads/2024/09/peugeot-e-streetzone-avant-droit-rouge.png,www-go2roues-com-shop-peugeot-e-streetzone,Colore,Rouge Cherry,,,Finitura,,,,Peugeot Motocycles
variable,www-go2roues-com-shop-kymco-i-one,Kymco I-One,1,visible,"<p><strong>Kymco I-One</strong> di Kymco. <em>Venduto da Distribuzione Import Export S.R.L.</em>.</p><ul><li>Autonomia dichiarata: 45 km, 90 km</li><li>Velocita massima: 45 km/h</li><li>Tempo di ricarica: 8h</li><li>Peso: 96,2 kg</li></ul>","<h2>Panoramica</h2><p>Contenuto riscritto e ottimizzato per una boutique italiana: informazioni chiare, valori tecnici organizzati e testo pensato per aiutare la decisione d'acquisto.</p><p><strong>Venditore:</strong> Distribuzione Import Export S.R.L.</p><p><strong>Categoria:</strong> Scooter elettrici</p><h2>Punti di forza</h2><ul><li>Le mode éco, parfait pour les zones 30</li><li>Le mode normal, pour atteindre la vitesse maximale de 45 km/h</li></ul><h2>Scheda tecnica</h2><h3>Moteur</h3><table><tr><th>Couple maximal</th><td>17,4 Nm</td></tr><tr><th>Equivalenza cilindrata</th><td>Équivalent 50 cm3</td></tr><tr><th>Potenza motore</th><td>3 600 W</td></tr><tr><th>Velocita massima</th><td>45 km/h</td></tr></table><h3>Batterie</h3><table><tr><th>Autonomia</th><td>45 km, 90 km</td></tr><tr><th>Batteria rimovibile</th><td>Si</td></tr><tr><th>Caricatore incluso</th><td>Si</td></tr><tr><th>Capacita batteria</th><td>1.74 kWh</td></tr><tr><th>Tempo di ricarica</th><td>8h</td></tr></table><h3>Chassis</h3><table><tr><th>Empattement</th><td>1 270 mm</td></tr><tr><th>Hauteur de selle</th><td>760 mm</td></tr></table><h3>Partie Cycle</h3><table><tr><th>Amortisseur arrière réglable</th><td>Si</td></tr><tr><th>Amortisseur avant réglable</th><td>No</td></tr><tr><th>Taille pneu arrière</th><td>110/70-12</td></tr><tr><th>Taille pneu avant</th><td>90/90-12</td></tr><tr><th>Freinage couplé</th><td>No</td></tr><tr><th>Freinage régénératif</th><td>No</td></tr><tr><th>Marche Arrière</th><td>Si</td></tr><tr><th>Modes de conduites</th><td>2 + marche arrière</td></tr><tr><th>Prise USB</th><td>No</td></tr><tr><th>Rangement casque sous la selle</th><td>No</td></tr><tr><th>Régulateur</th><td>No</td></tr><tr><th>Couleur</th><td>Blanc, Gris</td></tr><tr><th>Dimensioni</th><td>1808 × 700 × 1115 cm</td></tr><tr><th>Marque</th><td>Kymco</td></tr><tr><th>Patente</th><td>Permis AM, Sans permis</td></tr><tr><th>Peso in ordine di marcia</th><td>96,2 kg</td></tr></table><h2>Note</h2><p>Disponibilita, prezzi e varianti possono variare. Si consiglia di verificare la configurazione selezionata prima dell'acquisto.</p>",,,,,Scooter elettrici,,"https://www.go2roues.com/wp-content/uploads/2023/09/kymco-i-one-blanc.png, https://www.go2roues.com/wp-content/uploads/2023/09/kymco-i-one-gris.png",,Colore,"Bianco, Grigio",1,1,Finitura,,1,1,Kymco
variation,kymco-i-one-blanc-45-km,Kymco I-One - blanc / 45-km,1,visible,,,3999.00,,yes,no,,,https://www.go2roues.com/wp-content/uploads/2023/09/kymco-i-one-blanc.png,www-go2roues-com-shop-kymco-i-one,Colore,Bianco,,,Finitura,,,,Kymco
variation,kymco-i-one-blanc-90-km,Kymco I-One - blanc / 90-km,1,visible,,,4999.00,,yes,no,,,https://www.go2roues.com/wp-content/uploads/2023/09/kymco-i-one-blanc.png,www-go2roues-com-shop-kymco-i-one,Colore,Bianco,,,Finitura,,,,Kymco
variation,kymco-i-one-gris-45-km,Kymco I-One - gris / 45-km,1,visible,,,3999.00,,yes,no,,,https://www.go2roues.com/wp-content/uploads/2023/09/kymco-i-one-gris.png,www-go2roues-com-shop-kymco-i-one,Colore,Grigio,,,Finitura,,,,Kymco
variation,kymco-i-one-gris-90-km,Kymco I-One - gris / 90-km,1,visible,,,4999.00,,yes,no,,,https://www.go2roues.com/wp-content/uploads/2023/09/kymco-i-one-gris.png,www-go2roues-com-shop-kymco-i-one,Colore,Grigio,,,Finitura,,,,Kymco
variable,www-go2roues-com-shop-seat-mo,SEAT MÓ,1,visible,"<p><strong>SEAT MÓ</strong> di Seat. <em>Venduto da Distribuzione Import Export S.R.L.</em>.</p><ul><li>Autonomia dichiarata: 130 km, 170 km</li><li>Velocita massima: 45 km/h, 95 km/h</li><li>Tempo di ricarica: 6 à 8 H</li><li>Peso: 41 kg</li></ul>","<h2>Panoramica</h2><p>Contenuto riscritto e ottimizzato per una boutique italiana: informazioni chiare, valori tecnici organizzati e testo pensato per aiutare la decisione d'acquisto.</p><p><strong>Venditore:</strong> Distribuzione Import Export S.R.L.</p><p><strong>Categoria:</strong> Scooter elettrici</p><h2>Punti di forza</h2><ul><li>Une marche arrière</li><li>Un coffre immense capable d’accueillir 2 casques intégraux</li><li>Un port USB</li><li>Un écran de bord digital très lisible</li><li>Un crochet à sac</li><li>Une selle biplace</li><li>Un freinage couplé et régénératif.</li></ul><h2>Scheda tecnica</h2><h3>Moteur</h3><table><tr><th>Couple maximal</th><td>240 Nm</td></tr><tr><th>Equivalenza cilindrata</th><td>Équivalent 125 cm3, Équivalent 50 cm3</td></tr><tr><th>Potenza massima</th><td>4 000 W, 9 000 W</td></tr><tr><th>Potenza motore</th><td>4 000 W, 7 000 W</td></tr><tr><th>Transmission</th><td>Moteur intégré dans la roue arrière</td></tr><tr><th>Velocita massima</th><td>45 km/h, 95 km/h</td></tr></table><h3>Batterie</h3><table><tr><th>Autonomia</th><td>130 km, 170 km</td></tr><tr><th>Batteria rimovibile</th><td>Si</td></tr><tr><th>Caricatore incluso</th><td>Si</td></tr><tr><th>Poids de la batterie</th><td>41 kg</td></tr><tr><th>Capacita batteria</th><td>5,6 kWh</td></tr><tr><th>Tempo di ricarica</th><td>6 à 8 H</td></tr><tr><th>Tipo di batteria</th><td>Lithium</td></tr></table><h3>Chassis</h3><table><tr><th>Empattement</th><td>1 427 mm</td></tr><tr><th>Garde au sol minimale</th><td>177 mm</td></tr><tr><th>Hauteur de selle</th><td>775 mm</td></tr><tr><th>Hauteur hors tout</th><td>1 313 mm</td></tr><tr><th>Largeur hors tout</th><td>705 mm</td></tr><tr><th>Longueur hors tout</th><td>2 000 mm</td></tr></table><h3>Partie Cycle</h3><table><tr><th>Amortisseur arrière réglable</th><td>Si</td></tr><tr><th>Amortisseur avant réglable</th><td>No</td></tr><tr><th>Taille frein arrière</th><td>240 mm</td></tr><tr><th>Taille frein avant</th><td>260 mm</td></tr><tr><th>Taille pneu arrière</th><td>140/70-14</td></tr><tr><th>Taille pneu avant</th><td>120/70-15</td></tr><tr><th>Type frein arrière</th><td>Disque</td></tr><tr><th>Type frein avant</th><td>Disque</td></tr><tr><th>Alarme</th><td>Si</td></tr><tr><th>Freinage couplé</th><td>Si</td></tr><tr><th>Freinage régénératif</th><td>Si</td></tr><tr><th>Homologué 2 places</th><td>Si</td></tr><tr><th>Modes de conduites</th><td>3 + Marche arrière</td></tr><tr><th>Prise USB</th><td>Si</td></tr><tr><th>Rangement casque sous la selle</th><td>Si</td></tr><tr><th>Régulateur</th><td>No</td></tr><tr><th>Accélération</th><td>0 à 50 km/h en 3.9 secondes</td></tr><tr><th>Categoria omologazione</th><td>L3e</td></tr><tr><th>Code National</th><td>MTL</td></tr><tr><th>Couleur</th><td>Blanc, Bleu, Gris, Rouge</td></tr><tr><th>Dimensioni</th><td>2026 × 722 × 1093 cm</td></tr><tr><th>Marque</th><td>Seat</td></tr><tr><th>Patente</th><td>Permis B + Formation 7h, Permis moto</td></tr><tr><th>Peso in ordine di marcia</th><td>155 kg</td></tr></table><h2>Note</h2><p>Disponibilita, prezzi e varianti possono variare. Si consiglia di verificare la configurazione selezionata prima dell'acquisto.</p>",,,,,Scooter elettrici,,"https://www.go2roues.com/wp-content/uploads/2023/07/seat-mo-rouge-avantcote-droit.png, https://www.go2roues.com/wp-content/uploads/2023/07/seat-mo-rouge-cote-droit.png, https://www.go2roues.com/wp-content/uploads/2023/07/seat-mo-rouge-cote-gauche.png, https://www.go2roues.com/wp-content/uploads/2023/07/seat-mo-rouge-face.png, https://www.go2roues.com/wp-content/uploads/2023/07/seat-mo-gris-cote-gauche.png, https://www.go2roues.com/wp-content/uploads/2023/07/seat-mo-gris-avant-cote-droit.png, https://www.go2roues.com/wp-content/uploads/2023/07/seat-mo-bleu-cote-gauche.png, https://www.go2roues.com/wp-content/uploads/2023/07/seat-mo-bleu-avant-cote-droit.png, https://www.go2roues.com/wp-content/uploads/2023/07/seat-mo-blanc-avant-cote-gauche.png, https://www.go2roues.com/wp-content/uploads/2023/07/seat-mo-blanc-avant-cote-droit.png",,Colore,"Bianco, Blu, Grigio, Rosso",1,1,Finitura,,1,1,Seat
variation,seat-mo-45-km-h-blanc,SEAT MÓ - 45-km-h / blanc,1,visible,,,5900.00,,yes,no,,,https://www.go2roues.com/wp-content/uploads/2023/07/seat-mo-blanc-avant-cote-droit.png,www-go2roues-com-shop-seat-mo,Colore,Bianco,,,Finitura,,,,Seat
variation,seat-mo-45-km-h-bleu,SEAT MÓ - 45-km-h / bleu,1,visible,,,5900.00,,yes,no,,,https://www.go2roues.com/wp-content/uploads/2023/07/seat-mo-bleu-avant-cote-droit.png,www-go2roues-com-shop-seat-mo,Colore,Blu,,,Finitura,,,,Seat
variation,seat-mo-45-km-h-gris,SEAT MÓ - 45-km-h / gris,1,visible,,,5900.00,,yes,no,,,https://www.go2roues.com/wp-content/uploads/2023/07/seat-mo-gris-avant-cote-droit.png,www-go2roues-com-shop-seat-mo,Colore,Grigio,,,Finitura,,,,Seat
variation,seat-mo-45-km-h-rouge,SEAT MÓ - 45-km-h / rouge,1,visible,,,5900.00,,yes,no,,,https://www.go2roues.com/wp-content/uploads/2023/07/seat-mo-rouge-avantcote-droit.png,www-go2roues-com-shop-seat-mo,Colore,Rosso,,,Finitura,,,,Seat
variation,seat-mo-95-km-h-blanc,SEAT MÓ - 95-km-h / blanc,1,visible,,,7275.00,,yes,no,,,https://www.go2roues.com/wp-content/uploads/2023/07/seat-mo-blanc-avant-cote-droit.png,www-go2roues-com-shop-seat-mo,Colore,Bianco,,,Finitura,,,,Seat
variation,seat-mo-95-km-h-bleu,SEAT MÓ - 95-km-h / bleu,1,visible,,,7275.00,,yes,no,,,https://www.go2roues.com/wp-content/uploads/2023/07/seat-mo-bleu-avant-cote-droit.png,www-go2roues-com-shop-seat-mo,Colore,Blu,,,Finitura,,,,Seat
variation,seat-mo-95-km-h-gris,SEAT MÓ - 95-km-h / gris,1,visible,,,7275.00,,yes,no,,,https://www.go2roues.com/wp-content/uploads/2023/07/seat-mo-gris-avant-cote-droit.png,www-go2roues-com-shop-seat-mo,Colore,Grigio,,,Finitura,,,,Seat
variation,seat-mo-95-km-h-rouge,SEAT MÓ - 95-km-h / rouge,1,visible,,,7275.00,,yes,no,,,https://www.go2roues.com/wp-content/uploads/2023/07/seat-mo-rouge-avantcote-droit.png,www-go2roues-com-shop-seat-mo,Colore,Rosso,,,Finitura,,,,Seat
variable,www-go2roues-com-shop-sarkcyber-hc10,Sarkcyber HC10,1,visible,"<p><strong>Sarkcyber HC10</strong> di Sarkcyber. <em>Venduto da Distribuzione Import Export S.R.L.</em>.</p><ul><li>Autonomia dichiarata: 150 km, 180 km</li><li>Velocita massima: 125 km/h, 90 km/h</li><li>Tempo di ricarica: 3 h par batterie, 3.5 h</li><li>Peso: 115 kg</li></ul>","<h2>Panoramica</h2><p>Contenuto riscritto e ottimizzato per una boutique italiana: informazioni chiare, valori tecnici organizzati e testo pensato per aiutare la decisione d'acquisto.</p><p><strong>Venditore:</strong> Distribuzione Import Export S.R.L.</p><p><strong>Categoria:</strong> Scooter elettrici > Maxi scooter</p><h2>Scheda tecnica</h2><h3>Moteur</h3><table><tr><th>Couple maximal</th><td>47,5 Nm / 71,9 Nm</td></tr><tr><th>Equivalenza cilindrata</th><td>Équivalent 125 cm3</td></tr><tr><th>Marque du moteur</th><td>Sarkcyber</td></tr><tr><th>Potenza massima</th><td>18 000 W, 6 500 W</td></tr><tr><th>Potenza motore</th><td>11 000 W, 4 000 W</td></tr><tr><th>Transmission</th><td>Par courroie</td></tr><tr><th>Velocita massima</th><td>125 km/h, 90 km/h</td></tr></table><h3>Batterie</h3><table><tr><th>Autonomia</th><td>150 km, 180 km</td></tr><tr><th>Batteria rimovibile</th><td>Si</td></tr><tr><th>Caricatore incluso</th><td>Si</td></tr><tr><th>Capacita batteria</th><td>2.7 kWh x 2, 7.2 kWh</td></tr><tr><th>Tempo di ricarica</th><td>3 h par batterie, 3.5 h</td></tr><tr><th>Tipo di batteria</th><td>Lithium</td></tr><tr><th>Voltage & Ampérage de la Batterie</th><td>60V / 45AH x2, 72V / 100Ah</td></tr></table><h3>Chassis</h3><table><tr><th>Empattement</th><td>1 370 mm</td></tr><tr><th>Hauteur de selle</th><td>770 mm</td></tr><tr><th>Hauteur hors tout</th><td>1 150 mm</td></tr><tr><th>Largeur hors tout</th><td>756 mm</td></tr><tr><th>Longueur hors tout</th><td>2 012 mm</td></tr></table><h3>Partie Cycle</h3><table><tr><th>Amortisseur arrière réglable</th><td>No</td></tr><tr><th>Amortisseur avant réglable</th><td>No</td></tr><tr><th>Taille frein arrière</th><td>220 mm</td></tr><tr><th>Taille frein avant</th><td>260 mm</td></tr><tr><th>Taille pneu arrière</th><td>120/70-14, 140/60-14</td></tr><tr><th>Taille pneu avant</th><td>100/80-14, 120/70-14</td></tr><tr><th>Taille roue arrière</th><td>14 pouces</td></tr><tr><th>Taille roue avant</th><td>14 pouces</td></tr><tr><th>Type frein arrière</th><td>Disque</td></tr><tr><th>Type frein avant</th><td>Disque</td></tr><tr><th>Alarme</th><td>Si</td></tr><tr><th>Freinage couplé</th><td>ABS, Oui</td></tr><tr><th>Homologué 2 places</th><td>Si</td></tr><tr><th>Prise USB</th><td>Si</td></tr><tr><th>Rangement casque sous la selle</th><td>Si</td></tr><tr><th>Accélération</th><td>0 à 50 km/h en 2.6 secondes</td></tr><tr><th>Categoria omologazione</th><td>L3e</td></tr><tr><th>Code National</th><td>MTL</td></tr><tr><th>Couleur</th><td>Gris Foncé, Gris, Noir</td></tr><tr><th>Dimensioni</th><td>194 × 700 × 1171 cm</td></tr><tr><th>Marque</th><td>Sarkcyber</td></tr><tr><th>Modèle</th><td>HC10</td></tr><tr><th>Patente</th><td>Permis A1, Permis B + Formation 7h</td></tr><tr><th>Peso in ordine di marcia</th><td>115 kg</td></tr></table><h2>Note</h2><p>Disponibilita, prezzi e varianti possono variare. Si consiglia di verificare la configurazione selezionata prima dell'acquisto.</p>",,,,,Scooter elettrici > Maxi scooter,,"https://www.go2roues.com/wp-content/uploads/2023/03/sarkcyber-hc-10-gris-trois-quart-face-droit.jpg, https://www.go2roues.com/wp-content/uploads/2023/03/sarkcyber-hc-10-noir-cote-droit.jpg, https://www.go2roues.com/wp-content/uploads/2023/03/sarkcyber-hc-10-gris-fonce-cote-droit.jpg, https://www.go2roues.com/wp-content/uploads/2023/03/sarkcyber-hc-10-gris-clair-cote-droit.jpg, https://www.go2roues.com/wp-content/uploads/2023/03/sarkcyber-hc-10-selle.jpg, https://www.go2roues.com/wp-content/uploads/2023/03/sarkcyber-hc-10-compteur.jpg, https://www.go2roues.com/wp-content/uploads/2023/03/sarkcyber-hc-10-marchepied.jpg, https://www.go2roues.com/wp-content/uploads/2023/03/sarkcyber-hc-10-logo-abs.jpg, https://www.go2roues.com/wp-content/uploads/2023/03/sarkcyber-hc-10-feu-arriere.jpg, https://www.go2roues.com/wp-content/uploads/2023/03/sarkcyber-hc-10-face-avant-gros-plan.jpg, https://www.go2roues.com/wp-content/uploads/2023/03/sarkcyber-hc-10-roue-arriere.jpg, https://www.go2roues.com/wp-content/uploads/2023/03/sarkcyber-hc-10-noir-eicma-trois-quart-face-droit.jpg, https://www.go2roues.com/wp-content/uploads/2023/03/sarkcyber-hc-10-eicma-compteur.jpg, https://www.go2roues.com/wp-content/uploads/2023/03/sarkcyber-hc-10-courroie.jpg, http://www.go2roues.com/wp-content/uploads/2023/03/sarkcyber-hc-10-gris-trois-quart-face-droit.jpg",,Colore,"Gris Foncé, Grigio, Nero",1,1,Finitura,,1,1,Sarkcyber
variation,sarkcyber-hc10-gris-fonce-125-km-h,Sarkcyber HC10 - gris-fonce / 125-km-h,1,visible,,,9900.00,,yes,no,,,https://www.go2roues.com/wp-content/uploads/2023/03/sarkcyber-hc-10-gris-trois-quart-face-droit.jpg,www-go2roues-com-shop-sarkcyber-hc10,Colore,Gris Fonce,,,Finitura,,,,Sarkcyber
variation,sarkcyber-hc10-gris-fonce-90-km-h,Sarkcyber HC10 - gris-fonce / 90-km-h,1,visible,,,7499.00,,yes,no,,,https://www.go2roues.com/wp-content/uploads/2023/03/sarkcyber-hc-10-gris-trois-quart-face-droit.jpg,www-go2roues-com-shop-sarkcyber-hc10,Colore,Gris Fonce,,,Finitura,,,,Sarkcyber
variation,sarkcyber-hc10-gris-125-km-h,Sarkcyber HC10 - gris / 125-km-h,1,visible,,,9900.00,,yes,no,,,https://www.go2roues.com/wp-content/uploads/2023/03/sarkcyber-hc-10-gris-trois-quart-face-droit.jpg,www-go2roues-com-shop-sarkcyber-hc10,Colore,Grigio,,,Finitura,,,,Sarkcyber
variation,sarkcyber-hc10-gris-90-km-h,Sarkcyber HC10 - gris / 90-km-h,1,visible,,,7499.00,,yes,no,,,https://www.go2roues.com/wp-content/uploads/2023/03/sarkcyber-hc-10-gris-trois-quart-face-droit.jpg,www-go2roues-com-shop-sarkcyber-hc10,Colore,Grigio,,,Finitura,,,,Sarkcyber
variation,sarkcyber-hc10-noir-125-km-h,Sarkcyber HC10 - noir / 125-km-h,1,visible,,,9900.00,,yes,no,,,https://www.go2roues.com/wp-content/uploads/2023/03/sarkcyber-hc-10-gris-trois-quart-face-droit.jpg,www-go2roues-com-shop-sarkcyber-hc10,Colore,Nero,,,Finitura,,,,Sarkcyber
variation,sarkcyber-hc10-noir-90-km-h,Sarkcyber HC10 - noir / 90-km-h,1,visible,,,7499.00,,yes,no,,,https://www.go2roues.com/wp-content/uploads/2023/03/sarkcyber-hc-10-gris-trois-quart-face-droit.jpg,www-go2roues-com-shop-sarkcyber-hc10,Colore,Nero,,,Finitura,,,,Sarkcyber
variable,www-go2roues-com-shop-segway-ninebot-b110s,Segway B110s,1,visible,<p><strong>Segway B110s</strong> di Segway Ninebot. <em>Venduto da Distribuzione Import Export S.R.L.</em>.</p><ul><li>Autonomia dichiarata: 56 km</li><li>Velocita massima: 45 km/h</li><li>Tempo di ricarica: Non</li><li>Peso: 11 kg</li></ul>,"<h2>Panoramica</h2><p>Contenuto riscritto e ottimizzato per una boutique italiana: informazioni chiare, valori tecnici organizzati e testo pensato per aiutare la decisione d'acquisto.</p><p><strong>Venditore:</strong> Distribuzione Import Export S.R.L.</p><p><strong>Categoria:</strong> Scooter elettrici > Sans Permis</p><h2>Scheda tecnica</h2><h3>Moteur</h3><table><tr><th>Couple maximal</th><td>100 Nm</td></tr><tr><th>Equivalenza cilindrata</th><td>Équivalent 50 cm3</td></tr><tr><th>Marque du moteur</th><td>QS Motor</td></tr><tr><th>Potenza massima</th><td>1 200 W</td></tr><tr><th>Potenza motore</th><td>1 200 W</td></tr><tr><th>Transmission</th><td>Moteur intégré dans la roue arrière</td></tr><tr><th>Velocita massima</th><td>45 km/h</td></tr></table><h3>Batterie</h3><table><tr><th>Autonomia</th><td>56 km</td></tr><tr><th>Batteria rimovibile</th><td>Si</td></tr><tr><th>Caricatore incluso</th><td>Si</td></tr><tr><th>Poids de la batterie</th><td>11 kg</td></tr><tr><th>Capacita batteria</th><td>1.44 kWh</td></tr><tr><th>Recharge compatible T2</th><td>No</td></tr><tr><th>Tempo di ricarica</th><td>4 h</td></tr><tr><th>Tipo di batteria</th><td>Lithium</td></tr><tr><th>Voltage & Ampérage de la Batterie</th><td>48V / 30Ah</td></tr></table><h3>Chassis</h3><table><tr><th>Charge maximale</th><td>132 kg</td></tr><tr><th>Hauteur de selle</th><td>770 mm</td></tr><tr><th>Hauteur hors tout</th><td>1 175 mm</td></tr><tr><th>Largeur hors tout</th><td>675 mm</td></tr><tr><th>Longueur hors tout</th><td>1 866 mm</td></tr></table><h3>Partie Cycle</h3><table><tr><th>Amortisseur arrière réglable</th><td>No</td></tr><tr><th>Amortisseur avant réglable</th><td>No</td></tr><tr><th>Taille frein arrière</th><td>155 mm</td></tr><tr><th>Taille frein avant</th><td>180 mm</td></tr><tr><th>Taille pneu arrière</th><td>2.5-10</td></tr><tr><th>Taille pneu avant</th><td>2.5-12</td></tr><tr><th>Taille roue arrière</th><td>10 pouces</td></tr><tr><th>Taille roue avant</th><td>12 pouces</td></tr><tr><th>Type frein arrière</th><td>Disque</td></tr><tr><th>Type frein avant</th><td>Disque</td></tr><tr><th>Alarme</th><td>Si</td></tr><tr><th>Freinage couplé</th><td>Si</td></tr><tr><th>Freinage régénératif</th><td>Si</td></tr><tr><th>Homologué 2 places</th><td>No</td></tr><tr><th>Marche Arrière</th><td>No</td></tr><tr><th>Modes de conduites</th><td>Si</td></tr><tr><th>Prise USB</th><td>Si</td></tr><tr><th>Régulateur</th><td>Si</td></tr><tr><th>Categoria omologazione</th><td>L1e</td></tr><tr><th>Code National</th><td>CL</td></tr><tr><th>Couleur</th><td>Blanc, Gris, Jaune, Orange, Rouge</td></tr><tr><th>Dimensioni</th><td>185 × 67 × 116 cm</td></tr><tr><th>Marque</th><td>Segway Ninebot</td></tr><tr><th>Modèle</th><td>B110S</td></tr><tr><th>Patente</th><td>Sans permis</td></tr><tr><th>Peso in ordine di marcia</th><td>75 kg</td></tr></table><h2>Note</h2><p>Disponibilita, prezzi e varianti possono variare. Si consiglia di verificare la configurazione selezionata prima dell'acquisto.</p>",,,,,Scooter elettrici > Sans Permis,,"https://www.go2roues.com/wp-content/uploads/2023/02/segway-ninebot-b110s-yellow-trois-quart-face-droit.jpg, https://www.go2roues.com/wp-content/uploads/2023/02/segway-ninebot-b110s-yellow-cote-droit.jpg, https://www.go2roues.com/wp-content/uploads/2023/02/segway-ninebot-b110s-yellow-trois-quart-arriere-droit.jpg, https://www.go2roues.com/wp-content/uploads/2023/02/segway-ninebot-b110s-yellow-vue-arriere.jpg, https://www.go2roues.com/wp-content/uploads/2023/02/segway-ninebot-b110s-yellow-trois-quart-arriere-gauche.jpg, https://www.go2roues.com/wp-content/uploads/2023/02/segway-ninebot-b110s-yellow-cote-gauche.jpg, https://www.go2roues.com/wp-content/uploads/2023/02/segway-ninebot-b110s-yellow-trois-quart-face-gauche.jpg, https://www.go2roues.com/wp-content/uploads/2023/02/segway-ninebot-b110s-yellow-vue-devant.jpg, https://www.go2roues.com/wp-content/uploads/2023/02/segway-ninebot-b110s-lifestyle-roue-avant.jpg, https://www.go2roues.com/wp-content/uploads/2023/02/segway-ninebot-b110s-lifestyle-matin.jpg, https://www.go2roues.com/wp-content/uploads/2023/02/segway-ninebot-b110s-lifestyle-logo.jpg, https://www.go2roues.com/wp-content/uploads/2023/02/segway-ninebot-b110s-lifestyle-jeune-fille.jpg, https://www.go2roues.com/wp-content/uploads/2023/02/segway-ninebot-b110s-lifestyle-couple.jpg, https://www.go2roues.com/wp-content/uploads/2023/02/segway-ninebot-b110s-lifestyle-batterie-extraction.jpg, https://www.go2roues.com/wp-content/uploads/2023/02/segway-ninebot-b110s-compteur.jpg",,Colore,"Bianco, Grigio, Giallo, Arancione, Rosso",1,1,Finitura,,1,1,Segway Ninebot
variation,segway-ninebot-b110s-rouge,Segway B110s - rouge,1,visible,,,1999.00,,yes,no,,,https://www.go2roues.com/wp-content/uploads/2023/02/segway-ninebot-b110s-red-trois-quart-face-droit.jpg,www-go2roues-com-shop-segway-ninebot-b110s,Colore,Rosso,,,Finitura,,,,Segway Ninebot
variation,segway-ninebot-b110s-orange,Segway B110s - orange,1,visible,,,1999.00,,yes,no,,,https://www.go2roues.com/wp-content/uploads/2023/02/segway-ninebot-b110s-orange-trois-quart-face-droit.jpg,www-go2roues-com-shop-segway-ninebot-b110s,Colore,Arancione,,,Finitura,,,,Segway Ninebot
variation,segway-ninebot-b110s-jaune,Segway B110s - jaune,1,visible,,,1999.00,,yes,no,,,https://www.go2roues.com/wp-content/uploads/2023/02/segway-ninebot-b110s-yellow-trois-quart-face-droit.jpg,www-go2roues-com-shop-segway-ninebot-b110s,Colore,Giallo,,,Finitura,,,,Segway Ninebot
variation,segway-ninebot-b110s-gris,Segway B110s - gris,1,visible,,,1999.00,,yes,no,,,https://www.go2roues.com/wp-content/uploads/2023/02/segway-ninebot-b110s-dark-grey-trois-quart-face-droit.jpg,www-go2roues-com-shop-segway-ninebot-b110s,Colore,Grigio,,,Finitura,,,,Segway Ninebot
variation,segway-ninebot-b110s-blanc,Segway B110s - blanc,1,visible,,,1999.00,,yes,no,,,https://www.go2roues.com/wp-content/uploads/2023/02/segway-ninebot-b110s-white-trois-quart-face-droit.jpg,www-go2roues-com-shop-segway-ninebot-b110s,Colore,Bianco,,,Finitura,,,,Segway Ninebot
variable,www-go2roues-com-shop-peugeot-e-ludix,Peugeot E-Ludix,1,visible,<p><strong>Peugeot E-Ludix</strong> di Peugeot Motocycles. <em>Venduto da Distribuzione Import Export S.R.L.</em>.</p><ul><li>Autonomia dichiarata: 50 km</li><li>Velocita massima: 45 km/h</li><li>Tempo di ricarica: 4.5 h</li><li>Peso: 11 kg</li></ul>,"<h2>Panoramica</h2><p>Contenuto riscritto e ottimizzato per una boutique italiana: informazioni chiare, valori tecnici organizzati e testo pensato per aiutare la decisione d'acquisto.</p><p><strong>Venditore:</strong> Distribuzione Import Export S.R.L.</p><p><strong>Categoria:</strong> Scooter elettrici > Sans Permis</p><h2>Punti di forza</h2><ul><li>Le mode Go est un mode économique : les accélérations sont limitées afin d’optimiser l’autonomie.</li><li>Le mode Cruise est un mode « normal » : les performances sont à mi-chemin entre le mode Go et Boost.</li><li>les classiques odomètres,</li><li>vitesse instantanée,</li><li>état de charge de la batterie exprimé en pourcentage</li><li>affichage du mode de conduite sélectionné.</li><li>estimation de l’autonomie restante exprimée en kilomètre,</li><li>température extérieure,</li></ul><h2>Scheda tecnica</h2><h3>Moteur</h3><table><tr><th>Couple maximal</th><td>35 Nm</td></tr><tr><th>Equivalenza cilindrata</th><td>Équivalent 50 cm3</td></tr><tr><th>Marque du moteur</th><td>Bosch</td></tr><tr><th>Potenza massima</th><td>2 500 W</td></tr><tr><th>Potenza motore</th><td>2 500 W</td></tr><tr><th>Velocita massima</th><td>45 km/h</td></tr></table><h3>Batterie</h3><table><tr><th>Autonomia</th><td>50 km</td></tr><tr><th>Batteria rimovibile</th><td>Si</td></tr><tr><th>Caricatore incluso</th><td>Si</td></tr><tr><th>Intensité du chargeur</th><td>3A</td></tr><tr><th>Poids de la batterie</th><td>11 kg</td></tr><tr><th>Capacita batteria</th><td>1.6 kWh</td></tr><tr><th>Tempo di ricarica</th><td>4.5 h</td></tr><tr><th>Tipo di batteria</th><td>Lithium</td></tr><tr><th>Voltage & Ampérage de la Batterie</th><td>48V / 33Ah</td></tr></table><h3>Chassis</h3><table><tr><th>Charge maximale</th><td>142 kg</td></tr><tr><th>Empattement</th><td>1 220 mm</td></tr><tr><th>Hauteur de selle</th><td>811 mm</td></tr><tr><th>Hauteur hors tout</th><td>1 134 mm</td></tr><tr><th>Largeur hors tout</th><td>670 mm</td></tr><tr><th>Longueur hors tout</th><td>1 770 mm</td></tr></table><h3>Partie Cycle</h3><table><tr><th>Amortisseur arrière réglable</th><td>No</td></tr><tr><th>Amortisseur avant réglable</th><td>No</td></tr><tr><th>Taille frein arrière</th><td>110 mm</td></tr><tr><th>Taille frein avant</th><td>200 mm</td></tr><tr><th>Taille pneu arrière</th><td>100/70-14</td></tr><tr><th>Taille pneu avant</th><td>80/80-14</td></tr><tr><th>Taille roue arrière</th><td>14 pouces</td></tr><tr><th>Taille roue avant</th><td>14 pouces</td></tr><tr><th>Type frein arrière</th><td>Tambour</td></tr><tr><th>Type frein avant</th><td>Disque</td></tr><tr><th>Alarme</th><td>No</td></tr><tr><th>Freinage couplé</th><td>No</td></tr><tr><th>Freinage régénératif</th><td>Si</td></tr><tr><th>Homologué 2 places</th><td>Si</td></tr><tr><th>Marche Arrière</th><td>Si</td></tr><tr><th>Modes de conduites</th><td>3</td></tr><tr><th>Prise USB</th><td>No</td></tr><tr><th>Régulateur</th><td>No</td></tr><tr><th>Categoria omologazione</th><td>L1e</td></tr><tr><th>Code National</th><td>CL</td></tr><tr><th>Couleur</th><td>Innocent White, Serious Black</td></tr><tr><th>Dimensioni</th><td>177 × 67 × 113 cm</td></tr><tr><th>Marque</th><td>Peugeot Motocycles</td></tr><tr><th>Modèle</th><td>E-Ludix</td></tr><tr><th>Patente</th><td>Sans permis</td></tr><tr><th>Peso in ordine di marcia</th><td>77 kg</td></tr></table><h2>Note</h2><p>Disponibilita, prezzi e varianti possono variare. Si consiglia di verificare la configurazione selezionata prima dell'acquisto.</p>",,,,,Scooter elettrici > Sans Permis,,"https://www.go2roues.com/wp-content/uploads/2023/02/peugeot-e-ludix-innocent-white-trois-quart-face-droit.jpg, https://www.go2roues.com/wp-content/uploads/2023/02/peugeot-e-ludix-serious-black-trois-quart-face-droit.jpg, https://www.go2roues.com/wp-content/uploads/2023/02/peugeot-e-ludix-lifestyle-rue.jpg, https://www.go2roues.com/wp-content/uploads/2023/02/peugeot-e-ludix-lifestyle-nice-promenade-anglais.jpg, https://www.go2roues.com/wp-content/uploads/2023/02/peugeot-e-ludix-lifestyle-jeune-femme.jpg, https://www.go2roues.com/wp-content/uploads/2023/02/peugeot-e-ludix-lifestyle-couple.jpg, http://www.go2roues.com/wp-content/uploads/2023/02/peugeot-e-ludix-innocent-white-trois-quart-face-droit.jpg",,Colore,"Innocent White, Serious Black",1,1,Finitura,,1,1,Peugeot Motocycles
variation,peugeot-e-ludix-innocent-white,Peugeot E-Ludix - innocent-white,1,visible,,,2999.00,,yes,no,,,https://www.go2roues.com/wp-content/uploads/2023/02/peugeot-e-ludix-innocent-white-trois-quart-face-droit.jpg,www-go2roues-com-shop-peugeot-e-ludix,Colore,Innocent White,,,Finitura,,,,Peugeot Motocycles
variation,peugeot-e-ludix-serious-black,Peugeot E-Ludix - serious-black,1,visible,,,2999.00,,yes,no,,,https://www.go2roues.com/wp-content/uploads/2023/02/peugeot-e-ludix-serious-black-trois-quart-face-droit.jpg,www-go2roues-com-shop-peugeot-e-ludix,Colore,Serious Black,,,Finitura,,,,Peugeot Motocycles
simple,segway-ninebot-e110s-steel-grey,Segway E110s - steel-grey,1,visible,<p><strong>Segway E110s</strong> di Segway Ninebot. <em>Venduto da Distribuzione Import Export S.R.L.</em>.</p><ul><li>Autonomia dichiarata: 40 km</li><li>Velocita massima: 45 km/h</li><li>Tempo di ricarica: 4 h</li><li>Peso: 11 kg par batterie</li></ul>,"<h2>Panoramica</h2><p>Contenuto riscritto e ottimizzato per una boutique italiana: informazioni chiare, valori tecnici organizzati e testo pensato per aiutare la decisione d'acquisto.</p><p><strong>Venditore:</strong> Distribuzione Import Export S.R.L.</p><p><strong>Categoria:</strong> Scooter elettrici > Sans Permis</p><h2>Punti di forza</h2><ul><li>le modes de conduite sélectionné,</li><li>le niveau de batterie,</li><li>le taux de charge de la batterie,</li><li>la vitesse instantanée,</li><li>et l’heure.</li></ul><h2>Scheda tecnica</h2><h3>Moteur</h3><table><tr><th>Couple maximal</th><td>88 Nm</td></tr><tr><th>Equivalenza cilindrata</th><td>Équivalent 50 cm3</td></tr><tr><th>Marque du moteur</th><td>QS Motor</td></tr><tr><th>Potenza massima</th><td>1 500 W</td></tr><tr><th>Potenza motore</th><td>1 500 W</td></tr><tr><th>Transmission</th><td>Moteur intégré dans la roue arrière</td></tr><tr><th>Velocita massima</th><td>45 km/h</td></tr></table><h3>Batterie</h3><table><tr><th>Autonomia</th><td>40 km</td></tr><tr><th>Batteria rimovibile</th><td>Si</td></tr><tr><th>Caricatore incluso</th><td>Si</td></tr><tr><th>Intensité du chargeur</th><td>8A</td></tr><tr><th>Poids de la batterie</th><td>11 kg par batterie</td></tr><tr><th>Capacita batteria</th><td>1.44 kWh</td></tr><tr><th>Tempo di ricarica</th><td>4 h</td></tr><tr><th>Tipo di batteria</th><td>Lithium</td></tr><tr><th>Voltage & Ampérage de la Batterie</th><td>48V / 30Ah</td></tr></table><h3>Chassis</h3><table><tr><th>Charge maximale</th><td>230 kg</td></tr><tr><th>Empattement</th><td>1 345 mm</td></tr><tr><th>Hauteur de selle</th><td>770 mm</td></tr><tr><th>Hauteur hors tout</th><td>1 175 mm</td></tr><tr><th>Largeur hors tout</th><td>675 mm</td></tr><tr><th>Longueur hors tout</th><td>1 866 mm</td></tr></table><h3>Partie Cycle</h3><table><tr><th>Amortisseur arrière réglable</th><td>No</td></tr><tr><th>Amortisseur avant réglable</th><td>No</td></tr><tr><th>Taille frein arrière</th><td>180 mm</td></tr><tr><th>Taille frein avant</th><td>220 mm</td></tr><tr><th>Taille pneu arrière</th><td>90/80-12</td></tr><tr><th>Taille pneu avant</th><td>80/90-12</td></tr><tr><th>Taille roue arrière</th><td>12 pouces</td></tr><tr><th>Taille roue avant</th><td>12 pouces</td></tr><tr><th>Type frein arrière</th><td>Disque</td></tr><tr><th>Type frein avant</th><td>Disque</td></tr><tr><th>Alarme</th><td>Si</td></tr><tr><th>Freinage couplé</th><td>Si</td></tr><tr><th>Freinage régénératif</th><td>Si</td></tr><tr><th>Homologué 2 places</th><td>Si</td></tr><tr><th>Marche Arrière</th><td>No</td></tr><tr><th>Modes de conduites</th><td>2</td></tr><tr><th>Prise USB</th><td>Si</td></tr><tr><th>Régulateur</th><td>Si</td></tr><tr><th>Categoria omologazione</th><td>L1e</td></tr><tr><th>Code National</th><td>CL</td></tr><tr><th>Couleur</th><td>Artic White, Intense Red, Phantom Black, Steel Grey, Stone Grey</td></tr><tr><th>Dimensioni</th><td>185 × 67 × 116 cm</td></tr><tr><th>Marque</th><td>Segway Ninebot</td></tr><tr><th>Modèle</th><td>E110S</td></tr><tr><th>Patente</th><td>Sans permis</td></tr><tr><th>Peso in ordine di marcia</th><td>90 kg</td></tr></table><h2>Note</h2><p>Disponibilita, prezzi e varianti possono variare. Si consiglia di verificare la configurazione selezionata prima dell'acquisto.</p>",2399.00,,yes,notify,Scooter elettrici > Sans Permis,,"https://www.go2roues.com/wp-content/uploads/2023/02/segway-ninebot-e110s-artic-white-trois-quart-face-droit.jpg, https://www.go2roues.com/wp-content/uploads/2023/02/segway-ninebot-e110s-steel-grey-trois-quart-face-droit.jpg, https://www.go2roues.com/wp-content/uploads/2023/02/segway-ninebot-e110s-phantom-black-trois-quart-face-droit-2.jpg, https://www.go2roues.com/wp-content/uploads/2023/02/segway-ninebot-e110s-stone-grey-trois-quart-face-droit.jpg, https://www.go2roues.com/wp-content/uploads/2023/02/segway-ninebot-e110s-intense-red-trois-quart-face-droit.jpg, https://www.go2roues.com/wp-content/uploads/2023/02/segway-ninebot-e110s-artic-white-trois-quart-arriere-droit.jpg, https://www.go2roues.com/wp-content/uploads/2023/02/segway-ninebot-e110s-artic-white-trois-quart-face-gauche.jpg, https://www.go2roues.com/wp-content/uploads/2023/02/segway-ninebot-e110s-artic-white-trois-quart-arriere-gauche.jpg, https://www.go2roues.com/wp-content/uploads/2023/02/segway-e110s-compteur.jpg, https://www.go2roues.com/wp-content/uploads/2023/02/segway-e110s-poignee.jpg, https://www.go2roues.com/wp-content/uploads/2023/02/segway-ninebot-e110s-lifestyle-couple.jpg, https://www.go2roues.com/wp-content/uploads/2023/02/segway-ninebot-e110s-lifestyle-logo.jpg, https://www.go2roues.com/wp-content/uploads/2023/02/segway-ninebot-e110s-lifestyle-avant.jpg, https://www.go2roues.com/wp-content/uploads/2023/02/segway-e110s-phare.jpg, https://www.go2roues.com/wp-content/uploads/2023/02/segway-e110s-lifestyle-coffre-selle.jpg",,,,,,,,,,Segway Ninebot
variable,www-go2roues-com-shop-felo-fw-06,Felo FW-06,1,visible,<p><strong>Felo FW-06</strong> di Felo. <em>Venduto da Distribuzione Import Export S.R.L.</em>.</p><ul><li>Autonomia dichiarata: 140 km</li><li>Velocita massima: 110 km/h</li><li>Tempo di ricarica: 7 h 30</li><li>Peso: 125 kg</li></ul>,"<h2>Panoramica</h2><p>Contenuto riscritto e ottimizzato per una boutique italiana: informazioni chiare, valori tecnici organizzati e testo pensato per aiutare la decisione d'acquisto.</p><p><strong>Venditore:</strong> Distribuzione Import Export S.R.L.</p><p><strong>Categoria:</strong> Scooter elettrici > 125</p><h2>Scheda tecnica</h2><h3>Moteur</h3><table><tr><th>Equivalenza cilindrata</th><td>Équivalent 125 cm3</td></tr><tr><th>Marque du moteur</th><td>Felo</td></tr><tr><th>Potenza massima</th><td>10 000 W</td></tr><tr><th>Potenza motore</th><td>5 000 W</td></tr><tr><th>Transmission</th><td>Par courroie</td></tr><tr><th>Velocita massima</th><td>110 km/h</td></tr></table><h3>Batterie</h3><table><tr><th>Autonomia</th><td>140 km</td></tr><tr><th>Batteria rimovibile</th><td>No</td></tr><tr><th>Caricatore incluso</th><td>Si</td></tr><tr><th>Capacita batteria</th><td>5.56 kWh</td></tr><tr><th>Tempo di ricarica</th><td>7 h 30</td></tr><tr><th>Tipo di batteria</th><td>Lithium</td></tr><tr><th>Voltage & Ampérage de la Batterie</th><td>96V / 58Ah</td></tr></table><h3>Chassis</h3><table><tr><th>Charge maximale</th><td>150 kg</td></tr><tr><th>Empattement</th><td>1 240 mm</td></tr><tr><th>Hauteur de selle</th><td>800 mm</td></tr><tr><th>Hauteur hors tout</th><td>1 095 mm</td></tr><tr><th>Largeur hors tout</th><td>755 mm</td></tr><tr><th>Longueur hors tout</th><td>1 830 mm</td></tr></table><h3>Partie Cycle</h3><table><tr><th>Taille pneu arrière</th><td>140/70-14</td></tr><tr><th>Taille pneu avant</th><td>110/80-14</td></tr><tr><th>Taille roue arrière</th><td>14 pouces</td></tr><tr><th>Taille roue avant</th><td>14 pouces</td></tr><tr><th>Type frein arrière</th><td>Disque</td></tr><tr><th>Type frein avant</th><td>Disque</td></tr><tr><th>Alarme</th><td>Si</td></tr><tr><th>Freinage couplé</th><td>ABS</td></tr><tr><th>Freinage régénératif</th><td>No</td></tr><tr><th>Homologué 2 places</th><td>Si</td></tr><tr><th>Marche Arrière</th><td>No</td></tr><tr><th>Modes de conduites</th><td>2</td></tr><tr><th>Prise USB</th><td>Si</td></tr><tr><th>Rangement casque sous la selle</th><td>No</td></tr><tr><th>Categoria omologazione</th><td>L3e</td></tr><tr><th>Code National</th><td>MTL</td></tr><tr><th>Couleur</th><td>Classic Sci-Fi Green, Graffiti Space Gray, Noire Météorite</td></tr><tr><th>Dimensioni</th><td>183 × 75 × 109 cm</td></tr><tr><th>Marque</th><td>Felo</td></tr><tr><th>Modèle</th><td>FW-06</td></tr><tr><th>Patente</th><td>Permis B + Formation 7h, Permis moto</td></tr><tr><th>Peso in ordine di marcia</th><td>125 kg</td></tr></table><h2>Note</h2><p>Disponibilita, prezzi e varianti possono variare. Si consiglia di verificare la configurazione selezionata prima dell'acquisto.</p>",,,,,Scooter elettrici > 125,,"https://www.go2roues.com/wp-content/uploads/2022/11/felo-fw-06-classic-sci-fi-green-trois-quart-face-droit.jpg, https://www.go2roues.com/wp-content/uploads/2022/11/felo-fw-06-graffity-space-grey-trois-quart-face-droit.jpg, https://www.go2roues.com/wp-content/uploads/2023/08/felo-fw-06-noir-face-avant-droit.png, https://www.go2roues.com/wp-content/uploads/2022/11/felo-fw-06-classic-sci-fi-green-cote-droit-2.jpg, https://www.go2roues.com/wp-content/uploads/2022/11/felo-fw-06-classic-sci-fi-green-trois-quart-arriere-droit.jpg, https://www.go2roues.com/wp-content/uploads/2023/08/felo-fw-06-noir-arriere-droit.png, https://www.go2roues.com/wp-content/uploads/2022/11/felo-fw-06-classic-sci-fi-green-vue-arriere.jpg, https://www.go2roues.com/wp-content/uploads/2022/11/felo-fw-06-classic-sci-fi-green-trois-quart-arriere-gauche.jpg, https://www.go2roues.com/wp-content/uploads/2022/11/felo-fw-06-classic-sci-fi-green-cote-gauche-2.jpg, https://www.go2roues.com/wp-content/uploads/2022/11/felo-fw-06-classic-sci-fi-green-trois-quart-face-gauche.jpg, https://www.go2roues.com/wp-content/uploads/2022/11/felo-fw-06-classic-sci-fi-green-vue-avant.jpg, https://www.go2roues.com/wp-content/uploads/2022/11/felo-fw-06-parking.jpg, https://www.go2roues.com/wp-content/uploads/2022/11/felo-fw-06-compteur.jpg, http://www.go2roues.com/wp-content/uploads/2022/11/felo-fw-06-classic-sci-fi-green-trois-quart-face-droit.jpg",,Colore,"Classic Sci-Fi Green, Graffiti Space Gray, Noire Météorite",1,1,Finitura,,1,1,Felo
variation,felo-fw-06-noire-meteorite,Felo FW-06 - noire-meteorite,1,visible,,,5490.00,,yes,no,,,https://www.go2roues.com/wp-content/uploads/2023/08/felo-fw-06-noir-face-avant-droit.png,www-go2roues-com-shop-felo-fw-06,Colore,Noire Meteorite,,,Finitura,,,,Felo
variation,felo-fw-06-classic-sci-fi-green,Felo FW-06 - classic-sci-fi-green,1,visible,,,5490.00,,yes,no,,,https://www.go2roues.com/wp-content/uploads/2022/11/felo-fw-06-classic-sci-fi-green-trois-quart-face-droit.jpg,www-go2roues-com-shop-felo-fw-06,Colore,Classic Sci Fi Green,,,Finitura,,,,Felo
variation,felo-fw-06-graffiti-space-gray,Felo FW-06 - graffiti-space-gray,1,visible,,,5490.00,,yes,no,,,https://www.go2roues.com/wp-content/uploads/2022/11/felo-fw-06-graffity-space-grey-trois-quart-face-droit.jpg,www-go2roues-com-shop-felo-fw-06,Colore,Graffiti Space Gray,,,Finitura,,,,Felo
variable,www-go2roues-com-shop-yadea-g5-pro,Yadea G5 Pro,1,visible,"<p><strong>Yadea G5 Pro</strong> di Yadea. <em>Venduto da Distribuzione Import Export S.R.L.</em>.</p><ul><li>Autonomia dichiarata: 60 km, 110 km</li><li>Velocita massima: 45 km/h</li><li>Tempo di ricarica: 5 h</li><li>Peso: 11 kg</li></ul>","<h2>Panoramica</h2><p>Contenuto riscritto e ottimizzato per una boutique italiana: informazioni chiare, valori tecnici organizzati e testo pensato per aiutare la decisione d'acquisto.</p><p><strong>Venditore:</strong> Distribuzione Import Export S.R.L.</p><p><strong>Categoria:</strong> Scooter elettrici > Sans Permis</p><h2>Scheda tecnica</h2><h3>Moteur</h3><table><tr><th>Couple maximal</th><td>67 Nm</td></tr><tr><th>Equivalenza cilindrata</th><td>Équivalent 50 cm3</td></tr><tr><th>Marque du moteur</th><td>Yadea</td></tr><tr><th>Potenza massima</th><td>3 100 W</td></tr><tr><th>Potenza motore</th><td>3 100 W</td></tr><tr><th>Transmission</th><td>Par courroie</td></tr><tr><th>Velocita massima</th><td>45 km/h</td></tr></table><h3>Batterie</h3><table><tr><th>Autonomia</th><td>60 km, 110 km</td></tr><tr><th>Batteria rimovibile</th><td>Si</td></tr><tr><th>Caricatore incluso</th><td>Si</td></tr><tr><th>Intensité du chargeur</th><td>4A</td></tr><tr><th>Poids de la batterie</th><td>11 kg</td></tr><tr><th>Capacita batteria</th><td>1.92 kWh, 1.92 kWh x 2</td></tr><tr><th>Tempo di ricarica</th><td>5 h</td></tr><tr><th>Tipo di batteria</th><td>Lithium</td></tr><tr><th>Voltage & Ampérage de la Batterie</th><td>60V / 32Ah, 60V / 32Ah x 2</td></tr></table><h3>Chassis</h3><table><tr><th>Empattement</th><td>1 270 mm</td></tr><tr><th>Hauteur de selle</th><td>770 mm</td></tr><tr><th>Hauteur hors tout</th><td>1 150 mm</td></tr><tr><th>Largeur hors tout</th><td>700 mm</td></tr><tr><th>Longueur hors tout</th><td>1 810 mm</td></tr></table><h3>Partie Cycle</h3><table><tr><th>Amortisseur arrière réglable</th><td>Si</td></tr><tr><th>Amortisseur avant réglable</th><td>No</td></tr><tr><th>Taille frein arrière</th><td>220 mm</td></tr><tr><th>Taille frein avant</th><td>220 mm</td></tr><tr><th>Taille pneu arrière</th><td>100/80-12</td></tr><tr><th>Taille pneu avant</th><td>90/90-12</td></tr><tr><th>Taille roue arrière</th><td>12 pouces</td></tr><tr><th>Taille roue avant</th><td>12 pouces</td></tr><tr><th>Type frein arrière</th><td>Disque</td></tr><tr><th>Type frein avant</th><td>Disque</td></tr><tr><th>Alarme</th><td>Si</td></tr><tr><th>Homologué 2 places</th><td>Si</td></tr><tr><th>Marche Arrière</th><td>No</td></tr><tr><th>Modes de conduites</th><td>2</td></tr><tr><th>Prise USB</th><td>Si</td></tr><tr><th>Rangement casque sous la selle</th><td>No</td></tr><tr><th>Régulateur</th><td>No</td></tr><tr><th>Categoria omologazione</th><td>L1e</td></tr><tr><th>Code National</th><td>CL</td></tr><tr><th>Couleur</th><td>Blanc, Noir</td></tr><tr><th>Dimensioni</th><td>181 × 70 × 115 cm</td></tr><tr><th>Marque</th><td>Yadea</td></tr><tr><th>Modèle</th><td>Yadea G5 Pro</td></tr><tr><th>Patente</th><td>Sans permis</td></tr><tr><th>Peso in ordine di marcia</th><td>101 kg</td></tr></table><h2>Note</h2><p>Disponibilita, prezzi e varianti possono variare. Si consiglia di verificare la configurazione selezionata prima dell'acquisto.</p>",,,,,Scooter elettrici > Sans Permis,,"https://www.go2roues.com/wp-content/uploads/2022/12/yadea-g5-pro-noir-trois-quart-face-droit.jpg, https://www.go2roues.com/wp-content/uploads/2022/12/yadea-g5-pro-blanc-trois-quart-face-droit.jpg, https://www.go2roues.com/wp-content/uploads/2020/03/yadea-g5-pro-batterie.jpg, https://www.go2roues.com/wp-content/uploads/2020/03/yadea-g5-pro-grande-ville-parking.jpg, https://www.go2roues.com/wp-content/uploads/2020/03/yadea-g5-poste-de-pilotage2.jpg, https://www.go2roues.com/wp-content/uploads/2022/12/yadea-g5-pro-lifestyle-trottoir-paris.jpg, https://www.go2roues.com/wp-content/uploads/2022/12/yadea-g5-pro-lifestyle-boutique-paris.jpg, https://www.go2roues.com/wp-content/uploads/2022/12/yadea-g5-pro-feu-arriere.jpg, https://www.go2roues.com/wp-content/uploads/2022/07/yadea-g5-pro-occasion-600-km-commodo-gauche.jpg, https://www.go2roues.com/wp-content/uploads/2022/07/yadea-g5-pro-occasion-600-km-commodo-droit.jpg",,Colore,"Bianco, Nero",1,1,Finitura,,1,1,Yadea
variation,yadg5pro-4-110-km-noir,Yadea G5 Pro - 110-km / noir,1,visible,,,3790.00,,yes,no,,,https://www.go2roues.com/wp-content/uploads/2022/12/yadea-g5-pro-noir-trois-quart-face-droit.jpg,www-go2roues-com-shop-yadea-g5-pro,Colore,Nero,,,Finitura,,,,Yadea
variation,yadg5pro-4-60-km-noir,Yadea G5 Pro - 60-km / noir,1,visible,,,3190.00,,yes,no,,,https://www.go2roues.com/wp-content/uploads/2022/12/yadea-g5-pro-noir-trois-quart-face-droit.jpg,www-go2roues-com-shop-yadea-g5-pro,Colore,Nero,,,Finitura,,,,Yadea
variation,yadg5pro-4-60-km-blanc,Yadea G5 Pro - 60-km / blanc,1,visible,,,3190.00,,yes,no,,,https://www.go2roues.com/wp-content/uploads/2022/12/yadea-g5-pro-blanc-trois-quart-face-droit.jpg,www-go2roues-com-shop-yadea-g5-pro,Colore,Bianco,,,Finitura,,,,Yadea
variation,yadg5pro-4-110-km-blanc,Yadea G5 Pro - 110-km / blanc,1,visible,,,3790.00,,yes,no,,,https://www.go2roues.com/wp-content/uploads/2022/12/yadea-g5-pro-blanc-trois-quart-face-droit.jpg,www-go2roues-com-shop-yadea-g5-pro,Colore,Bianco,,,Finitura,,,,Yadea
variable,www-go2roues-com-shop-ray-7-7,Ray 7.7,1,visible,<p><strong>Ray 7.7</strong> di Ray. <em>Venduto da Distribuzione Import Export S.R.L.</em>.</p><ul><li>Autonomia dichiarata: 150 km</li><li>Velocita massima: 125 km/h</li><li>Tempo di ricarica: Oui</li><li>Peso: 165 kg</li></ul>,"<h2>Panoramica</h2><p>Contenuto riscritto e ottimizzato per una boutique italiana: informazioni chiare, valori tecnici organizzati e testo pensato per aiutare la decisione d'acquisto.</p><p><strong>Venditore:</strong> Distribuzione Import Export S.R.L.</p><p><strong>Categoria:</strong> Scooter elettrici > 125</p><h2>Punti di forza</h2><ul><li>Le mode City présente une accélération et une régénération moyenne.</li><li>Le mode Sport, l’accélération sera à son maximum, tout comme la régénération.</li><li>Le mode Flow est différent : l’accélération est moyenne, et il n’y existe aucune régénération.</li></ul><h2>Scheda tecnica</h2><h3>Moteur</h3><table><tr><th>Couple maximal</th><td>290 Nm</td></tr><tr><th>Equivalenza cilindrata</th><td>Équivalent 125 cm3</td></tr><tr><th>Marque du moteur</th><td>Ray</td></tr><tr><th>Potenza massima</th><td>17 500 W</td></tr><tr><th>Potenza motore</th><td>10 700 W</td></tr><tr><th>Transmission</th><td>Par courroie</td></tr><tr><th>Velocita massima</th><td>125 km/h</td></tr></table><h3>Batterie</h3><table><tr><th>Autonomia</th><td>150 km</td></tr><tr><th>Batteria rimovibile</th><td>No</td></tr><tr><th>Caricatore incluso</th><td>Si</td></tr><tr><th>Capacita batteria</th><td>7.7 kWh</td></tr><tr><th>Recharge compatible T2</th><td>Si</td></tr><tr><th>Tempo di ricarica</th><td>2 h 30, 4 h</td></tr><tr><th>Tipo di batteria</th><td>Lithium</td></tr><tr><th>Voltage & Ampérage de la Batterie</th><td>89V / 87Ah</td></tr></table><h3>Chassis</h3><table><tr><th>Empattement</th><td>1 452 mm</td></tr><tr><th>Hauteur de selle</th><td>770 – 785 – 800 mm</td></tr><tr><th>Hauteur hors tout</th><td>1 106 mm</td></tr><tr><th>Largeur hors tout</th><td>730 mm</td></tr><tr><th>Longueur hors tout</th><td>2 050 mm</td></tr></table><h3>Partie Cycle</h3><table><tr><th>Amortisseur arrière réglable</th><td>Si</td></tr><tr><th>Amortisseur avant réglable</th><td>No</td></tr><tr><th>Taille frein arrière</th><td>220 mm</td></tr><tr><th>Taille frein avant</th><td>260 mm</td></tr><tr><th>Taille pneu arrière</th><td>140/60-14</td></tr><tr><th>Taille pneu avant</th><td>120/70-15</td></tr><tr><th>Taille roue arrière</th><td>14 pouces</td></tr><tr><th>Taille roue avant</th><td>15 pouces</td></tr><tr><th>Type frein arrière</th><td>Disque</td></tr><tr><th>Type frein avant</th><td>Disque</td></tr><tr><th>Alarme</th><td>Si</td></tr><tr><th>Freinage couplé</th><td>Si</td></tr><tr><th>Freinage régénératif</th><td>Si</td></tr><tr><th>Homologué 2 places</th><td>Si</td></tr><tr><th>Marche Arrière</th><td>Si</td></tr><tr><th>Modes de conduites</th><td>3 + Marche arrière</td></tr><tr><th>Prise USB</th><td>Si</td></tr><tr><th>Rangement casque sous la selle</th><td>Si</td></tr><tr><th>Régulateur</th><td>No</td></tr><tr><th>Accélération</th><td>0 à 50 km/h en 2,8 secondes</td></tr><tr><th>Categoria omologazione</th><td>L3e</td></tr><tr><th>Code National</th><td>MTL</td></tr><tr><th>Couleur</th><td>Cobalt, Noir Carbone, Electric Blue, Blanc, Gris mat</td></tr><tr><th>Dimensioni</th><td>2050 × 730 × 1106 cm</td></tr><tr><th>GPS</th><td>No</td></tr><tr><th>Keyless</th><td>No</td></tr><tr><th>Marque</th><td>Ray</td></tr><tr><th>Modèle</th><td>7.7, 7.7 – Chargeur 1.8 kWh, 7.7 – Chargeur 3.3 kWh, 7.7 – Chargeur Rapide, 7.7 – Chargeur 1.8 kW + T2</td></tr><tr><th>Patente</th><td>Permis B + Formation 7h, Permis moto</td></tr><tr><th>Peso in ordine di marcia</th><td>165 kg</td></tr></table><h2>Note</h2><p>Disponibilita, prezzi e varianti possono variare. Si consiglia di verificare la configurazione selezionata prima dell'acquisto.</p>",,,,,Scooter elettrici > 125,,"https://www.go2roues.com/wp-content/uploads/2022/06/ray-7-7-cobalt-trois-quart-face-droit.jpg, https://www.go2roues.com/wp-content/uploads/2022/06/ray-7-7-noir-carbone-trois-quart-face-droit.jpg, https://www.go2roues.com/wp-content/uploads/2022/06/ray-7-7-gris-mat-trois-quart-face-droit.jpg, https://www.go2roues.com/wp-content/uploads/2022/06/ray-7-7-blanc-trois-quart-face-droit.jpg, https://www.go2roues.com/wp-content/uploads/2022/06/ray-7-7-cobalt-vue-devant.jpg, https://www.go2roues.com/wp-content/uploads/2022/06/ray-7-7-cobalt-trois-quart-face-gauche.jpg, https://www.go2roues.com/wp-content/uploads/2022/06/ray-7-7-cobalt-trois-quart-arriere-gauche.jpg, https://www.go2roues.com/wp-content/uploads/2022/06/ray-7-7-cobalt-trois-quart-arriere-droit.jpg, https://www.go2roues.com/wp-content/uploads/2023/08/electric-blue-.png, https://www.go2roues.com/wp-content/uploads/2022/06/ray-7-7-prise-type-2.jpg, https://www.go2roues.com/wp-content/uploads/2022/06/ray-7-7-prise-220v.jpg, https://www.go2roues.com/wp-content/uploads/2022/06/ray-7-7-gros-plan-phare-avant.jpg, https://www.go2roues.com/wp-content/uploads/2022/06/ray-7-7-commodo-gauche.jpg, https://www.go2roues.com/wp-content/uploads/2022/06/ray-7-7-cobalt-crochet-sac.jpg, https://www.go2roues.com/wp-content/uploads/2022/06/ray-7-7-boite-telephone.jpg",,Colore,"Cobalt, Noir Carbone, Electric Blue, Bianco, Gris Mat",1,1,Finitura,,1,1,Ray
variation,ray-7-7-blanc-7-7-chargeur-1-8-kwh,Ray 7.7 - blanc / 7-7-chargeur-1-8-kwh /,1,visible,,,9995.00,,yes,no,,,https://www.go2roues.com/wp-content/uploads/2022/06/ray-7-7-blanc-trois-quart-face-droit.jpg,www-go2roues-com-shop-ray-7-7,Colore,Bianco,,,Finitura,,,,Ray
variation,ray-7-7-noir-carbone-7-7-chargeur-1-8-kwh,Ray 7.7 - noir-carbone / 7-7-chargeur-1-8-kwh /,1,visible,,,9995.00,,yes,no,,,https://www.go2roues.com/wp-content/uploads/2022/06/ray-7-7-noir-carbone-trois-quart-face-droit.jpg,www-go2roues-com-shop-ray-7-7,Colore,Noir Carbone,,,Finitura,,,,Ray
variation,ray-7-7-noir-carbone-7-7-chargeur-1-8-kw-t2,Ray 7.7 - noir-carbone / 7-7-chargeur-1-8-kw-t2 /,1,visible,,,10390.00,,yes,no,,,https://www.go2roues.com/wp-content/uploads/2022/06/ray-7-7-noir-carbone-trois-quart-face-droit.jpg,www-go2roues-com-shop-ray-7-7,Colore,Noir Carbone,,,Finitura,,,,Ray
variation,ray-7-7-blanc-7-7-chargeur-1-8-kw-t2,Ray 7.7 - blanc / 7-7-chargeur-1-8-kw-t2 /,1,visible,,,10009.00,,yes,no,,,https://www.go2roues.com/wp-content/uploads/2022/06/ray-7-7-blanc-trois-quart-face-droit.jpg,www-go2roues-com-shop-ray-7-7,Colore,Bianco,,,Finitura,,,,Ray
variation,ray-7-7-cobalt-7-7-chargeur-rapide,Ray 7.7 - cobalt / 7-7-chargeur-rapide /,1,visible,,,11990.00,,yes,no,,,https://www.go2roues.com/wp-content/uploads/2022/06/ray-7-7-cobalt-trois-quart-face-droit.jpg,www-go2roues-com-shop-ray-7-7,Colore,Cobalt,,,Finitura,,,,Ray
variation,ray-7-7-electric-blue-7-7-chargeur-rapide,Ray 7.7 - electric-blue / 7-7-chargeur-rapide /,1,visible,,,11990.00,,yes,no,,,https://www.go2roues.com/wp-content/uploads/2023/08/electric-blue-.png,www-go2roues-com-shop-ray-7-7,Colore,Electric Blue,,,Finitura,,,,Ray
variation,ray-7-7-blanc-7-7-chargeur-rapide,Ray 7.7 - blanc / 7-7-chargeur-rapide /,1,visible,,,10999.00,,yes,no,,,https://www.go2roues.com/wp-content/uploads/2022/06/ray-7-7-blanc-trois-quart-face-droit.jpg,www-go2roues-com-shop-ray-7-7,Colore,Bianco,,,Finitura,,,,Ray
variable,www-go2roues-com-shop-askoll-espro,Askoll eSpro - 30 KG,1,visible,"<p><strong>Askoll eSpro - 30 KG</strong> di Askoll. <em>Venduto da Distribuzione Import Export S.R.L.</em>.</p><ul><li>Autonomia dichiarata: 85 km</li><li>Velocita massima: 45 km/h, 66 km/h</li><li>Tempo di ricarica: 6 h</li><li>Peso: 8 kg par batterie</li></ul>","<h2>Panoramica</h2><p>Contenuto riscritto e ottimizzato per una boutique italiana: informazioni chiare, valori tecnici organizzati e testo pensato per aiutare la decisione d'acquisto.</p><p><strong>Venditore:</strong> Distribuzione Import Export S.R.L.</p><p><strong>Categoria:</strong> Scooter elettrici</p><h2>Scheda tecnica</h2><h3>Moteur</h3><table><tr><th>Couple maximal</th><td>130 Nm</td></tr><tr><th>Equivalenza cilindrata</th><td>Équivalent 125 cm3, Équivalent 50 cm3</td></tr><tr><th>Marque du moteur</th><td>Askoll</td></tr><tr><th>Potenza massima</th><td>2 200 W, 2 700 W</td></tr><tr><th>Potenza motore</th><td>2 700 W, 2 200 W</td></tr><tr><th>Transmission</th><td>Par courroie</td></tr><tr><th>Velocita massima</th><td>45 km/h, 66 km/h</td></tr></table><h3>Batterie</h3><table><tr><th>Autonomia</th><td>85 km</td></tr><tr><th>Batteria rimovibile</th><td>Si</td></tr><tr><th>Caricatore incluso</th><td>Si</td></tr><tr><th>Poids de la batterie</th><td>8 kg par batterie</td></tr><tr><th>Capacita batteria</th><td>1.40 kWh, 1.40 kWh x 2</td></tr><tr><th>Tempo di ricarica</th><td>6 h</td></tr><tr><th>Tipo di batteria</th><td>Lithium</td></tr><tr><th>Voltage & Ampérage de la Batterie</th><td>54V / 26.1Ah, 54V / 26.1Ah x 2</td></tr></table><h3>Chassis</h3><table><tr><th>Charge maximale</th><td>235 kg, 245 kg</td></tr><tr><th>Empattement</th><td>1 245 mm</td></tr><tr><th>Garde au sol minimale</th><td>150 mm</td></tr><tr><th>Hauteur de selle</th><td>760 mm</td></tr><tr><th>Hauteur hors tout</th><td>1 130 mm</td></tr><tr><th>Largeur hors tout</th><td>735 mm</td></tr><tr><th>Longueur hors tout</th><td>1 740 mm</td></tr></table><h3>Partie Cycle</h3><table><tr><th>Amortisseur arrière réglable</th><td>No</td></tr><tr><th>Amortisseur avant réglable</th><td>No</td></tr><tr><th>Taille frein arrière</th><td>190 mm, 220 mm</td></tr><tr><th>Taille frein avant</th><td>190 mm, 220 mm</td></tr><tr><th>Taille pneu arrière</th><td>90/80-16</td></tr><tr><th>Taille pneu avant</th><td>80/80-16</td></tr><tr><th>Taille roue arrière</th><td>16 pouces</td></tr><tr><th>Taille roue avant</th><td>16 pouces</td></tr><tr><th>Type frein arrière</th><td>Disque</td></tr><tr><th>Type frein avant</th><td>Disque</td></tr><tr><th>Alarme</th><td>No</td></tr><tr><th>Freinage couplé</th><td>Non, Oui</td></tr><tr><th>Freinage régénératif</th><td>Non, Oui</td></tr><tr><th>Homologué 2 places</th><td>No</td></tr><tr><th>Marche Arrière</th><td>No</td></tr><tr><th>Modes de conduites</th><td>3</td></tr><tr><th>Prise USB</th><td>No</td></tr><tr><th>Rangement casque sous la selle</th><td>No</td></tr><tr><th>Régulateur</th><td>No</td></tr><tr><th>Categoria omologazione</th><td>L1e, L3e</td></tr><tr><th>Code National</th><td>CL</td></tr><tr><th>Couleur</th><td>Blanc</td></tr><tr><th>Dimensioni</th><td>73 × 113 cm</td></tr><tr><th>Marque</th><td>Askoll</td></tr><tr><th>Modèle</th><td>eSpro 45, eSpro 70</td></tr><tr><th>Patente</th><td>Permis B + Formation 7h, Sans permis</td></tr><tr><th>Peso in ordine di marcia</th><td>67 kg</td></tr></table><h2>Note</h2><p>Disponibilita, prezzi e varianti possono variare. Si consiglia di verificare la configurazione selezionata prima dell'acquisto.</p>",,,,,Scooter elettrici,,"https://www.go2roues.com/wp-content/uploads/2022/07/askoll-es-pro-blanc-trois-quart-face-droit.jpg, https://www.go2roues.com/wp-content/uploads/2022/07/askoll-es-pro-vue-devant.jpg, https://www.go2roues.com/wp-content/uploads/2022/07/askoll-es-pro-blanc-trois-quart-face-gauche.jpg, https://www.go2roues.com/wp-content/uploads/2022/07/askoll-es-pro-blanc-trois-quart-arriere-gauche.jpg, https://www.go2roues.com/wp-content/uploads/2023/01/askoll-espro-blanc-batterie-portee.jpg, https://www.go2roues.com/wp-content/uploads/2023/01/askoll-espro-commodo-gauche.jpg, https://www.go2roues.com/wp-content/uploads/2023/01/askoll-espro-commodo-droit.jpg, https://www.go2roues.com/wp-content/uploads/2023/01/askoll-espro-blanc-face-avant.jpg, https://www.go2roues.com/wp-content/uploads/2023/01/askoll-espro-blanc-support-top-case.jpg, https://www.go2roues.com/wp-content/uploads/2023/01/askoll-espro-blanc-compteur.jpg, https://www.go2roues.com/wp-content/uploads/2023/01/askoll-espro-blanc-batteries.jpg, https://www.go2roues.com/wp-content/uploads/2022/07/askoll-espro-caracteristiques2.jpg",,Colore,,1,1,Finitura,,1,1,Askoll
variation,askoll-espro-66-km-h,Askoll eSpro - 30 KG - 66-km-h,1,visible,,,4090.00,,yes,notify,,,https://www.go2roues.com/wp-content/uploads/2022/07/askoll-es-pro-blanc-trois-quart-face-droit.jpg,www-go2roues-com-shop-askoll-espro,Colore,,,,Finitura,,,,Askoll
variation,askoll-espro-45-km-h,Askoll eSpro - 30 KG - 45-km-h,1,visible,,,3490.00,,yes,notify,,,https://www.go2roues.com/wp-content/uploads/2022/07/askoll-es-pro-blanc-trois-quart-face-droit.jpg,www-go2roues-com-shop-askoll-espro,Colore,,,,Finitura,,,,Askoll
variable,www-go2roues-com-shop-askoll-ngs2,Askoll NGS2,1,visible,"<p><strong>Askoll NGS2</strong> di Askoll. <em>Venduto da Distribuzione Import Export S.R.L.</em>.</p><ul><li>Autonomia dichiarata: 43 km, 87 km</li><li>Velocita massima: 45 km/h</li><li>Tempo di ricarica: 6 h</li><li>Peso: 8 kg par batterie</li></ul>","<h2>Panoramica</h2><p>Contenuto riscritto e ottimizzato per una boutique italiana: informazioni chiare, valori tecnici organizzati e testo pensato per aiutare la decisione d'acquisto.</p><p><strong>Venditore:</strong> Distribuzione Import Export S.R.L.</p><p><strong>Categoria:</strong> Scooter elettrici > Sans Permis</p><h2>Scheda tecnica</h2><h3>Moteur</h3><table><tr><th>Couple maximal</th><td>130 Nm</td></tr><tr><th>Equivalenza cilindrata</th><td>Équivalent 50 cm3</td></tr><tr><th>Marque du moteur</th><td>Askoll</td></tr><tr><th>Potenza massima</th><td>2 200 W, 2 700 W</td></tr><tr><th>Potenza motore</th><td>2 700 W</td></tr><tr><th>Transmission</th><td>Par courroie</td></tr><tr><th>Velocita massima</th><td>45 km/h</td></tr></table><h3>Batterie</h3><table><tr><th>Autonomia</th><td>43 km, 87 km</td></tr><tr><th>Batteria rimovibile</th><td>Si</td></tr><tr><th>Caricatore incluso</th><td>Si</td></tr><tr><th>Poids de la batterie</th><td>8 kg par batterie</td></tr><tr><th>Capacita batteria</th><td>1.40 kWh x 2</td></tr><tr><th>Tempo di ricarica</th><td>6 h</td></tr><tr><th>Tipo di batteria</th><td>Lithium</td></tr><tr><th>Voltage & Ampérage de la Batterie</th><td>54V / 26.1Ah, 54V / 26.1Ah x 2</td></tr></table><h3>Chassis</h3><table><tr><th>Charge maximale</th><td>170 kg</td></tr><tr><th>Empattement</th><td>1 245 mm</td></tr><tr><th>Garde au sol minimale</th><td>150 mm</td></tr><tr><th>Hauteur de selle</th><td>760 mm</td></tr><tr><th>Hauteur hors tout</th><td>1 130 mm</td></tr><tr><th>Largeur hors tout</th><td>735 mm</td></tr><tr><th>Longueur hors tout</th><td>1 740 mm</td></tr></table><h3>Partie Cycle</h3><table><tr><th>Amortisseur arrière réglable</th><td>No</td></tr><tr><th>Amortisseur avant réglable</th><td>No</td></tr><tr><th>Taille frein arrière</th><td>190 mm</td></tr><tr><th>Taille frein avant</th><td>190 mm</td></tr><tr><th>Taille pneu arrière</th><td>90/80-16</td></tr><tr><th>Taille pneu avant</th><td>80/80-16</td></tr><tr><th>Taille roue arrière</th><td>16 pouces</td></tr><tr><th>Taille roue avant</th><td>16 pouces</td></tr><tr><th>Type frein arrière</th><td>Disque</td></tr><tr><th>Type frein avant</th><td>Disque</td></tr><tr><th>Alarme</th><td>No</td></tr><tr><th>Freinage couplé</th><td>Si</td></tr><tr><th>Freinage régénératif</th><td>Si</td></tr><tr><th>Homologué 2 places</th><td>Si</td></tr><tr><th>Marche Arrière</th><td>Si</td></tr><tr><th>Modes de conduites</th><td>3</td></tr><tr><th>Prise USB</th><td>No</td></tr><tr><th>Rangement casque sous la selle</th><td>No</td></tr><tr><th>Régulateur</th><td>No</td></tr><tr><th>Categoria omologazione</th><td>L1e</td></tr><tr><th>Code National</th><td>CL</td></tr><tr><th>Couleur</th><td>Anthracite, Azure, Blanc 1.4, Silver Satin, Titanium Mat 1.4</td></tr><tr><th>Dimensioni</th><td>175 × 70 × 113 cm</td></tr><tr><th>Marque</th><td>Askoll</td></tr><tr><th>Modèle</th><td>NGS2</td></tr><tr><th>Patente</th><td>Sans permis</td></tr><tr><th>Peso in ordine di marcia</th><td>89 kg</td></tr></table><h2>Note</h2><p>Disponibilita, prezzi e varianti possono variare. Si consiglia di verificare la configurazione selezionata prima dell'acquisto.</p>",,,,,Scooter elettrici > Sans Permis,,"https://www.go2roues.com/wp-content/uploads/2022/05/askoll-ngs2-azure-trois-quart-face-droit.jpg, https://www.go2roues.com/wp-content/uploads/2022/05/askoll-ngs2-silver-satin-trois-quart-face-droit.jpg, https://www.go2roues.com/wp-content/uploads/2022/05/askoll-ngs2-titanium-matt-trois-quart-face-droit.jpg, https://www.go2roues.com/wp-content/uploads/2021/04/askoll-ngs2-1.4-blanc-trois-quart-face-droit.jpg, https://www.go2roues.com/wp-content/uploads/2021/04/askoll-ngs2-1.4-titanium-mat-trois-quart-face-droit.jpg, https://www.go2roues.com/wp-content/uploads/2022/07/askoll-ngs2-zone-30.jpg, https://www.go2roues.com/wp-content/uploads/2022/07/askoll-ngs2-vue-haut.jpg, https://www.go2roues.com/wp-content/uploads/2022/07/askoll-ngs2-vieille-pierre.jpg, https://www.go2roues.com/wp-content/uploads/2022/07/askoll-ngs2-pont.jpg, https://www.go2roues.com/wp-content/uploads/2022/07/askoll-ngs2-pave.jpg, https://www.go2roues.com/wp-content/uploads/2022/07/askoll-ngs2-couple.jpg",,Colore,"Anthracite, Azure, Blanc 1.4, Silver Satin, Titanium Mat 1.4",1,1,Finitura,,1,1,Askoll
variation,asko-ngs2-87-km-anthracite,Askoll NGS2 - 87-km / anthracite,1,visible,,,3790.00,,yes,notify,,,https://www.go2roues.com/wp-content/uploads/2022/05/askoll-ngs2-titanium-matt-trois-quart-face-droit.jpg,www-go2roues-com-shop-askoll-ngs2,Colore,Anthracite,,,Finitura,,,,Askoll
variation,asko-ngs2-87-km-azure,Askoll NGS2 - 87-km / azure,1,visible,,,3790.00,,yes,notify,,,https://www.go2roues.com/wp-content/uploads/2022/05/askoll-ngs2-azure-trois-quart-face-droit.jpg,www-go2roues-com-shop-askoll-ngs2,Colore,Azure,,,Finitura,,,,Askoll
variation,asko-ngs2-87-km-silver-satin,Askoll NGS2 - 87-km / silver-satin,1,visible,,,3790.00,,yes,notify,,,https://www.go2roues.com/wp-content/uploads/2022/05/askoll-ngs2-silver-satin-trois-quart-face-droit.jpg,www-go2roues-com-shop-askoll-ngs2,Colore,Silver Satin,,,Finitura,,,,Askoll
variation,asko-ngs2-43-km-blanc-1-4,Askoll NGS2 - 43-km / blanc-1-4,1,visible,,,2990.00,,yes,notify,,,https://www.go2roues.com/wp-content/uploads/2021/04/askoll-ngs2-1.4-blanc-trois-quart-face-droit.jpg,www-go2roues-com-shop-askoll-ngs2,Colore,Blanc 1 4,,,Finitura,,,,Askoll
variable,www-go2roues-com-shop-askoll-ngs3,Askoll NGS3,1,visible,<p><strong>Askoll NGS3</strong> di Askoll. <em>Venduto da Distribuzione Import Export S.R.L.</em>.</p><ul><li>Autonomia dichiarata: 92 km</li><li>Velocita massima: 66 km/h</li><li>Tempo di ricarica: 6 h</li><li>Peso: 8 kg par batterie</li></ul>,"<h2>Panoramica</h2><p>Contenuto riscritto e ottimizzato per una boutique italiana: informazioni chiare, valori tecnici organizzati e testo pensato per aiutare la decisione d'acquisto.</p><p><strong>Venditore:</strong> Distribuzione Import Export S.R.L.</p><p><strong>Categoria:</strong> Scooter elettrici > 125</p><h2>Scheda tecnica</h2><h3>Moteur</h3><table><tr><th>Couple maximal</th><td>130 Nm</td></tr><tr><th>Equivalenza cilindrata</th><td>Équivalent 125 cm3</td></tr><tr><th>Marque du moteur</th><td>Askoll</td></tr><tr><th>Potenza massima</th><td>2 700 W</td></tr><tr><th>Potenza motore</th><td>2 700 W</td></tr><tr><th>Transmission</th><td>Par courroie</td></tr><tr><th>Velocita massima</th><td>66 km/h</td></tr></table><h3>Batterie</h3><table><tr><th>Autonomia</th><td>92 km</td></tr><tr><th>Batteria rimovibile</th><td>Si</td></tr><tr><th>Caricatore incluso</th><td>Si</td></tr><tr><th>Poids de la batterie</th><td>8 kg par batterie</td></tr><tr><th>Capacita batteria</th><td>1.40 kWh x 2</td></tr><tr><th>Tempo di ricarica</th><td>6 h</td></tr><tr><th>Tipo di batteria</th><td>Lithium</td></tr><tr><th>Voltage & Ampérage de la Batterie</th><td>54V / 26.1Ah x 2</td></tr></table><h3>Chassis</h3><table><tr><th>Charge maximale</th><td>170 kg</td></tr><tr><th>Empattement</th><td>1 245 mm</td></tr><tr><th>Garde au sol minimale</th><td>150 mm</td></tr><tr><th>Hauteur de selle</th><td>760 mm</td></tr><tr><th>Hauteur hors tout</th><td>1 130 mm</td></tr><tr><th>Largeur hors tout</th><td>735 mm</td></tr><tr><th>Longueur hors tout</th><td>1 740 mm</td></tr></table><h3>Partie Cycle</h3><table><tr><th>Amortisseur arrière réglable</th><td>No</td></tr><tr><th>Amortisseur avant réglable</th><td>No</td></tr><tr><th>Taille frein arrière</th><td>190 mm</td></tr><tr><th>Taille frein avant</th><td>220 mm</td></tr><tr><th>Taille pneu arrière</th><td>90/80-16</td></tr><tr><th>Taille pneu avant</th><td>80/80-16</td></tr><tr><th>Taille roue arrière</th><td>16 pouces</td></tr><tr><th>Taille roue avant</th><td>16 pouces</td></tr><tr><th>Type frein arrière</th><td>Disque</td></tr><tr><th>Type frein avant</th><td>Disque</td></tr><tr><th>Alarme</th><td>No</td></tr><tr><th>Freinage couplé</th><td>Si</td></tr><tr><th>Freinage régénératif</th><td>Si</td></tr><tr><th>Homologué 2 places</th><td>Si</td></tr><tr><th>Marche Arrière</th><td>Si</td></tr><tr><th>Modes de conduites</th><td>3</td></tr><tr><th>Prise USB</th><td>No</td></tr><tr><th>Rangement casque sous la selle</th><td>No</td></tr><tr><th>Régulateur</th><td>No</td></tr><tr><th>Categoria omologazione</th><td>L3e</td></tr><tr><th>Code National</th><td>MTL</td></tr><tr><th>Couleur</th><td>Bleu Pétrole, Gold, Titanium Mat</td></tr><tr><th>Dimensioni</th><td>175 × 70 × 113 cm</td></tr><tr><th>Marque</th><td>Askoll</td></tr><tr><th>Modèle</th><td>NGS3</td></tr><tr><th>Patente</th><td>Permis B + Formation 7h, Permis moto</td></tr><tr><th>Peso in ordine di marcia</th><td>88 kg</td></tr></table><h2>Note</h2><p>Disponibilita, prezzi e varianti possono variare. Si consiglia di verificare la configurazione selezionata prima dell'acquisto.</p>",,,,,Scooter elettrici > 125,,"https://www.go2roues.com/wp-content/uploads/2022/05/askoll-ngs3-gold-trois-quart-face-droit.jpg, https://www.go2roues.com/wp-content/uploads/2022/05/askoll-ngs3-titanium-mat-trois-quart-face-droit.jpg, https://www.go2roues.com/wp-content/uploads/2022/05/askoll-ngs3-bleu-petrole-trois-quart-face-droit.jpg, https://www.go2roues.com/wp-content/uploads/2022/05/askoll-ngs3-gold-trois-quart-face-gauche.jpg, https://www.go2roues.com/wp-content/uploads/2022/07/askoll-ngs3-zone-30.jpg, https://www.go2roues.com/wp-content/uploads/2022/07/askoll-ngs3-jardin-public.jpg, https://www.go2roues.com/wp-content/uploads/2022/07/askoll-ngs3-gold-vieille-ville.jpg, https://www.go2roues.com/wp-content/uploads/2022/07/askoll-ngs3-couple.jpg, https://www.go2roues.com/wp-content/uploads/2022/07/askoll-ngs3-casque.jpg, http://www.go2roues.com/wp-content/uploads/2022/05/askoll-ngs3-gold-trois-quart-face-droit.jpg",,Colore,"Bleu Pétrole, Gold, Titanium Mat",1,1,Finitura,,1,1,Askoll
variation,asko-es3-1-1-gold,Askoll NGS3 - gold,1,visible,,,4490.00,,yes,notify,,,https://www.go2roues.com/wp-content/uploads/2022/05/askoll-ngs3-gold-trois-quart-face-droit.jpg,www-go2roues-com-shop-askoll-ngs3,Colore,Gold,,,Finitura,,,,Askoll
variation,asko-es3-1-1-bleu-petrole,Askoll NGS3 - bleu-petrole,1,visible,,,4490.00,,yes,notify,,,https://www.go2roues.com/wp-content/uploads/2022/05/askoll-ngs3-bleu-petrole-trois-quart-face-droit.jpg,www-go2roues-com-shop-askoll-ngs3,Colore,Bleu Petrole,,,Finitura,,,,Askoll
variation,asko-es3-1-1-titanium-mat,Askoll NGS3 - titanium-mat,1,visible,,,4490.00,,yes,notify,,,https://www.go2roues.com/wp-content/uploads/2022/05/askoll-ngs3-titanium-mat-trois-quart-face-droit.jpg,www-go2roues-com-shop-askoll-ngs3,Colore,Titanium Mat,,,Finitura,,,,Askoll
variable,www-go2roues-com-shop-yadea-c-umi,Yadea C-Umi,1,visible,<p><strong>Yadea C-Umi</strong> di Yadea. <em>Venduto da Distribuzione Import Export S.R.L.</em>.</p><ul><li>Autonomia dichiarata: 45 km</li><li>Velocita massima: 45 km/h</li><li>Tempo di ricarica: 5 h</li><li>Peso: 11 kg</li></ul>,"<h2>Panoramica</h2><p>Contenuto riscritto e ottimizzato per una boutique italiana: informazioni chiare, valori tecnici organizzati e testo pensato per aiutare la decisione d'acquisto.</p><p><strong>Venditore:</strong> Distribuzione Import Export S.R.L.</p><p><strong>Categoria:</strong> Scooter elettrici > Sans Permis</p><h2>Scheda tecnica</h2><h3>Moteur</h3><table><tr><th>Couple maximal</th><td>29 Nm</td></tr><tr><th>Equivalenza cilindrata</th><td>Équivalent 50 cm3</td></tr><tr><th>Marque du moteur</th><td>Yadea</td></tr><tr><th>Potenza massima</th><td>1 200 W</td></tr><tr><th>Potenza motore</th><td>1 200 W</td></tr><tr><th>Transmission</th><td>Moteur intégré dans la roue arrière</td></tr><tr><th>Velocita massima</th><td>45 km/h</td></tr></table><h3>Batterie</h3><table><tr><th>Autonomia</th><td>45 km</td></tr><tr><th>Batteria rimovibile</th><td>Si</td></tr><tr><th>Caricatore incluso</th><td>Si</td></tr><tr><th>Poids de la batterie</th><td>11 kg</td></tr><tr><th>Capacita batteria</th><td>1.34 kWh</td></tr><tr><th>Tempo di ricarica</th><td>5 h</td></tr><tr><th>Tipo di batteria</th><td>Lithium</td></tr><tr><th>Voltage & Ampérage de la Batterie</th><td>48V / 28Ah</td></tr></table><h3>Chassis</h3><table><tr><th>Hauteur de selle</th><td>720 mm</td></tr><tr><th>Hauteur hors tout</th><td>1 030 mm</td></tr><tr><th>Largeur hors tout</th><td>725 mm</td></tr><tr><th>Longueur hors tout</th><td>1 720 mm</td></tr></table><h3>Partie Cycle</h3><table><tr><th>Amortisseur arrière réglable</th><td>No</td></tr><tr><th>Amortisseur avant réglable</th><td>No</td></tr><tr><th>Taille pneu arrière</th><td>3.00-10</td></tr><tr><th>Taille pneu avant</th><td>3.00-10</td></tr><tr><th>Taille roue arrière</th><td>10 pouces</td></tr><tr><th>Taille roue avant</th><td>10 pouces</td></tr><tr><th>Type frein arrière</th><td>Tambour</td></tr><tr><th>Type frein avant</th><td>Disque</td></tr><tr><th>Alarme</th><td>Si</td></tr><tr><th>Freinage couplé</th><td>No</td></tr><tr><th>Freinage régénératif</th><td>No</td></tr><tr><th>Homologué 2 places</th><td>Si</td></tr><tr><th>Marche Arrière</th><td>No</td></tr><tr><th>Modes de conduites</th><td>Si</td></tr><tr><th>Prise USB</th><td>Si</td></tr><tr><th>Rangement casque sous la selle</th><td>No</td></tr><tr><th>Régulateur</th><td>No</td></tr><tr><th>Categoria omologazione</th><td>L1e</td></tr><tr><th>Code National</th><td>CL</td></tr><tr><th>Couleur</th><td>Blanc/Noir, Blanc/Rouge, Gris, Noir</td></tr><tr><th>Dimensioni</th><td>172 × 72 × 103 cm</td></tr><tr><th>Marque</th><td>Yadea</td></tr><tr><th>Modèle</th><td>Yadea C-Umi</td></tr><tr><th>Patente</th><td>Sans permis</td></tr><tr><th>Peso in ordine di marcia</th><td>60 kg</td></tr></table><h2>Note</h2><p>Disponibilita, prezzi e varianti possono variare. Si consiglia di verificare la configurazione selezionata prima dell'acquisto.</p>",,,,,Scooter elettrici > Sans Permis,,"https://www.go2roues.com/wp-content/uploads/2022/06/yadea-c-umi-blanc-noir-trois-quart-face-droit.jpg, https://www.go2roues.com/wp-content/uploads/2022/02/yadea-c-umi-noir-trois-quart-face-droit-1.jpg, https://www.go2roues.com/wp-content/uploads/2022/09/yadea-c-umi-gris-trois-quart-face-gauche.jpg, https://www.go2roues.com/wp-content/uploads/2022/02/yadea-c-umi-commodo-gauche.jpg, https://www.go2roues.com/wp-content/uploads/2022/02/yadea-c-umi-commodo-droit.jpg, https://www.go2roues.com/wp-content/uploads/2022/02/yadea-c-umi-phare-allume.jpg, https://www.go2roues.com/wp-content/uploads/2022/02/yadea-c-umi-noir-top-case.jpg, https://www.go2roues.com/wp-content/uploads/2022/02/yadea-c-umi-lifestyle-noir-seine.jpg, https://www.go2roues.com/wp-content/uploads/2022/02/yadea-c-umi-lifestyle-noir-virage.jpg",,Colore,"Blanc/Noir, Blanc/Rouge, Grigio, Nero",1,1,Finitura,,1,1,Yadea
variation,yadcumi-gris,Yadea C-Umi - gris,1,visible,,,1590.00,,yes,notify,,,https://www.go2roues.com/wp-content/uploads/2022/09/yadea-c-umi-gris-trois-quart-face-gauche.jpg,www-go2roues-com-shop-yadea-c-umi,Colore,Grigio,,,Finitura,,,,Yadea
variation,yadcumi-blanc-noir,Yadea C-Umi - blanc-noir,1,visible,,,1590.00,,yes,notify,,,https://www.go2roues.com/wp-content/uploads/2022/06/yadea-c-umi-blanc-noir-trois-quart-face-droit.jpg,www-go2roues-com-shop-yadea-c-umi,Colore,Blanc Noir,,,Finitura,,,,Yadea
variation,yadcumi-noir,Yadea C-Umi - noir,1,visible,,,1590.00,,yes,notify,,,https://www.go2roues.com/wp-content/uploads/2022/02/yadea-c-umi-noir-trois-quart-face-droit-1.jpg,www-go2roues-com-shop-yadea-c-umi,Colore,Nero,,,Finitura,,,,Yadea
simple,yadea-c-line,Yadea C-Line,1,visible,<p><strong>Yadea C-Line</strong> . <em>Venduto da Distribuzione Import Export S.R.L.</em>.</p><ul><li>Autonomia dichiarata: 46 km</li><li>Velocita massima: 45 km/h</li><li>Tempo di ricarica: 5 h</li><li>Peso: 11 kg</li></ul>,"<h2>Panoramica</h2><p>Contenuto riscritto e ottimizzato per una boutique italiana: informazioni chiare, valori tecnici organizzati e testo pensato per aiutare la decisione d'acquisto.</p><p><strong>Venditore:</strong> Distribuzione Import Export S.R.L.</p><p><strong>Categoria:</strong> Scooter elettrici > Sans Permis</p><h2>Scheda tecnica</h2><h3>Moteur</h3><table><tr><th>Couple maximal</th><td>29 Nm</td></tr><tr><th>Equivalenza cilindrata</th><td>Équivalent 50 cm3</td></tr><tr><th>Marque du moteur</th><td>Yadea</td></tr><tr><th>Potenza massima</th><td>1 200 W</td></tr><tr><th>Potenza motore</th><td>1 200 W</td></tr><tr><th>Transmission</th><td>Moteur intégré dans la roue arrière</td></tr><tr><th>Velocita massima</th><td>45 km/h</td></tr></table><h3>Batterie</h3><table><tr><th>Autonomia</th><td>46 km</td></tr><tr><th>Batteria rimovibile</th><td>Si</td></tr><tr><th>Caricatore incluso</th><td>Si</td></tr><tr><th>Poids de la batterie</th><td>11 kg</td></tr><tr><th>Capacita batteria</th><td>1.34 kWh</td></tr><tr><th>Tempo di ricarica</th><td>5 h</td></tr><tr><th>Tipo di batteria</th><td>Lithium</td></tr><tr><th>Voltage & Ampérage de la Batterie</th><td>48V / 28Ah</td></tr></table><h3>Chassis</h3><table><tr><th>Hauteur de selle</th><td>700 mm</td></tr><tr><th>Hauteur hors tout</th><td>1 050 mm</td></tr><tr><th>Largeur hors tout</th><td>680 mm</td></tr><tr><th>Longueur hors tout</th><td>1 680 mm</td></tr></table><h3>Partie Cycle</h3><table><tr><th>Amortisseur arrière réglable</th><td>No</td></tr><tr><th>Amortisseur avant réglable</th><td>No</td></tr><tr><th>Taille pneu arrière</th><td>3.00-10</td></tr><tr><th>Taille pneu avant</th><td>3.00-10</td></tr><tr><th>Taille roue arrière</th><td>10 pouces</td></tr><tr><th>Taille roue avant</th><td>10 pouces</td></tr><tr><th>Type frein arrière</th><td>Tambour</td></tr><tr><th>Type frein avant</th><td>Disque</td></tr><tr><th>Alarme</th><td>Si</td></tr><tr><th>Freinage couplé</th><td>No</td></tr><tr><th>Freinage régénératif</th><td>No</td></tr><tr><th>Homologué 2 places</th><td>Si</td></tr><tr><th>Marche Arrière</th><td>No</td></tr><tr><th>Modes de conduites</th><td>Si</td></tr><tr><th>Prise USB</th><td>Si</td></tr><tr><th>Rangement casque sous la selle</th><td>No</td></tr><tr><th>Régulateur</th><td>No</td></tr><tr><th>Categoria omologazione</th><td>L1e</td></tr><tr><th>Code National</th><td>CL</td></tr><tr><th>Couleur</th><td>Noir</td></tr><tr><th>Dimensioni</th><td>168 × 68 × 105 cm</td></tr><tr><th>Marque</th><td>Yadea</td></tr><tr><th>Modèle</th><td>Yadea C-Line</td></tr><tr><th>Patente</th><td>Sans permis</td></tr><tr><th>Peso in ordine di marcia</th><td>60 kg</td></tr></table><h2>Note</h2><p>Disponibilita, prezzi e varianti possono variare. Si consiglia di verificare la configurazione selezionata prima dell'acquisto.</p>",1590.00,,yes,no,Scooter elettrici > Sans Permis,,"https://www.go2roues.com/wp-content/uploads/2022/02/yadea-c-line-noir-trois-quart-face-droit.jpg, https://www.go2roues.com/wp-content/uploads/2022/02/yadea-c-line-noir-vue-arriere.jpg, https://www.go2roues.com/wp-content/uploads/2022/02/yadea-c-line-noir-vue-devant.jpg, https://www.go2roues.com/wp-content/uploads/2022/02/yadea-c-line-batterie.jpg, https://www.go2roues.com/wp-content/uploads/2022/02/yadea-c-line-commodo-gauche.jpg, https://www.go2roues.com/wp-content/uploads/2022/02/yadea-c-line-feu-arriere.jpg",,,,,,,,,,
variable,www-go2roues-com-shop-yadea-c1s,Yadea C1S,1,visible,<p><strong>Yadea C1S</strong> di Yadea. <em>Venduto da Distribuzione Import Export S.R.L.</em>.</p><ul><li>Autonomia dichiarata: 76 km</li><li>Velocita massima: 45 km/h</li><li>Tempo di ricarica: 5 h</li><li>Peso: 11 kg</li></ul>,"<h2>Panoramica</h2><p>Contenuto riscritto e ottimizzato per una boutique italiana: informazioni chiare, valori tecnici organizzati e testo pensato per aiutare la decisione d'acquisto.</p><p><strong>Venditore:</strong> Distribuzione Import Export S.R.L.</p><p><strong>Categoria:</strong> Scooter elettrici > Sans Permis</p><h2>Scheda tecnica</h2><h3>Moteur</h3><table><tr><th>Couple maximal</th><td>44 Nm</td></tr><tr><th>Equivalenza cilindrata</th><td>Équivalent 50 cm3</td></tr><tr><th>Marque du moteur</th><td>Yadea</td></tr><tr><th>Potenza massima</th><td>2 200 W</td></tr><tr><th>Potenza motore</th><td>2 200 W</td></tr><tr><th>Transmission</th><td>Moteur intégré dans la roue arrière</td></tr><tr><th>Velocita massima</th><td>45 km/h</td></tr></table><h3>Batterie</h3><table><tr><th>Autonomia</th><td>76 km</td></tr><tr><th>Batteria rimovibile</th><td>Si</td></tr><tr><th>Caricatore incluso</th><td>Si</td></tr><tr><th>Poids de la batterie</th><td>11 kg</td></tr><tr><th>Capacita batteria</th><td>1.92 kWh</td></tr><tr><th>Tempo di ricarica</th><td>5 h</td></tr><tr><th>Tipo di batteria</th><td>Lithium</td></tr><tr><th>Voltage & Ampérage de la Batterie</th><td>60V / 32Ah</td></tr></table><h3>Chassis</h3><table><tr><th>Hauteur de selle</th><td>800 mm</td></tr><tr><th>Hauteur hors tout</th><td>1 210 mm</td></tr><tr><th>Largeur hors tout</th><td>720 mm</td></tr><tr><th>Longueur hors tout</th><td>1 790 mm</td></tr></table><h3>Partie Cycle</h3><table><tr><th>Amortisseur arrière réglable</th><td>Si</td></tr><tr><th>Amortisseur avant réglable</th><td>No</td></tr><tr><th>Taille pneu arrière</th><td>100/80-12</td></tr><tr><th>Taille pneu avant</th><td>90/90-12</td></tr><tr><th>Taille roue arrière</th><td>12 pouces</td></tr><tr><th>Taille roue avant</th><td>12 pouces</td></tr><tr><th>Type frein arrière</th><td>Disque</td></tr><tr><th>Type frein avant</th><td>Disque</td></tr><tr><th>Alarme</th><td>Si</td></tr><tr><th>Homologué 2 places</th><td>Si</td></tr><tr><th>Marche Arrière</th><td>No</td></tr><tr><th>Modes de conduites</th><td>2</td></tr><tr><th>Prise USB</th><td>Si</td></tr><tr><th>Rangement casque sous la selle</th><td>Si</td></tr><tr><th>Régulateur</th><td>No</td></tr><tr><th>Categoria omologazione</th><td>L1e</td></tr><tr><th>Code National</th><td>CL</td></tr><tr><th>Couleur</th><td>Bleu, Gris</td></tr><tr><th>Dimensioni</th><td>181 × 70 × 115 cm</td></tr><tr><th>Marque</th><td>Yadea</td></tr><tr><th>Modèle</th><td>Yadea C1S</td></tr><tr><th>Patente</th><td>Sans permis</td></tr><tr><th>Peso in ordine di marcia</th><td>101 kg</td></tr></table><h2>Note</h2><p>Disponibilita, prezzi e varianti possono variare. Si consiglia di verificare la configurazione selezionata prima dell'acquisto.</p>",,,,,Scooter elettrici > Sans Permis,,"https://www.go2roues.com/wp-content/uploads/2022/02/yadea-c1s-gris-trois-quart-face-droit.jpg, https://www.go2roues.com/wp-content/uploads/2022/02/yadea-c1s-bleu-trois-quart-face-droit.jpg, https://www.go2roues.com/wp-content/uploads/2022/02/yadea-c1s-gris-trois-quart-arriere-gauche.jpg, https://www.go2roues.com/wp-content/uploads/2022/02/yadea-c1s-gris-cote-gauche.jpg, https://www.go2roues.com/wp-content/uploads/2022/02/yadea-c1s-vue-dessus.jpg, https://www.go2roues.com/wp-content/uploads/2022/02/yadea-c1s-coffre.jpg, https://www.go2roues.com/wp-content/uploads/2022/02/yadea-c1s-bleu-lifestyle.jpg, https://www.go2roues.com/wp-content/uploads/2022/02/yadea-c1s-gris-couple.jpg, https://www.go2roues.com/wp-content/uploads/2022/02/yadea-c1s-ecran-bord.jpg",,Colore,"Blu, Grigio",1,1,Finitura,,1,1,Yadea
variation,yadg5pro-6-gris,Yadea C1S - gris,1,visible,,,2790.00,,yes,no,,,https://www.go2roues.com/wp-content/uploads/2022/02/yadea-c1s-gris-trois-quart-face-droit.jpg,www-go2roues-com-shop-yadea-c1s,Colore,Grigio,,,Finitura,,,,Yadea
variation,yadg5pro-6-bleu,Yadea C1S - bleu,1,visible,,,2790.00,,yes,no,,,https://www.go2roues.com/wp-content/uploads/2022/02/yadea-c1s-bleu-trois-quart-face-droit.jpg,www-go2roues-com-shop-yadea-c1s,Colore,Blu,,,Finitura,,,,Yadea
variable,www-go2roues-com-shop-askoll-es2-evolution,Askoll eS2 Evolution,1,visible,"<p><strong>Askoll eS2 Evolution</strong> di Askoll. <em>Venduto da Distribuzione Import Export S.R.L.</em>.</p><ul><li>Autonomia dichiarata: 42 km, 80 km</li><li>Velocita massima: 45 km/h</li><li>Tempo di ricarica: 6 h</li><li>Peso: 8 kg par batterie</li></ul>","<h2>Panoramica</h2><p>Contenuto riscritto e ottimizzato per una boutique italiana: informazioni chiare, valori tecnici organizzati e testo pensato per aiutare la decisione d'acquisto.</p><p><strong>Venditore:</strong> Distribuzione Import Export S.R.L.</p><p><strong>Categoria:</strong> Scooter elettrici > Sans Permis</p><h2>Scheda tecnica</h2><h3>Moteur</h3><table><tr><th>Couple maximal</th><td>130 Nm</td></tr><tr><th>Equivalenza cilindrata</th><td>Équivalent 50 cm3</td></tr><tr><th>Marque du moteur</th><td>Askoll</td></tr><tr><th>Potenza massima</th><td>2 200 W</td></tr><tr><th>Potenza motore</th><td>2 200 W</td></tr><tr><th>Transmission</th><td>Par courroie</td></tr><tr><th>Velocita massima</th><td>45 km/h</td></tr></table><h3>Batterie</h3><table><tr><th>Autonomia</th><td>42 km, 80 km</td></tr><tr><th>Batteria rimovibile</th><td>Si</td></tr><tr><th>Caricatore incluso</th><td>Si</td></tr><tr><th>Poids de la batterie</th><td>8 kg par batterie</td></tr><tr><th>Capacita batteria</th><td>1.40 kWh, 1.40 kWh x 2</td></tr><tr><th>Tempo di ricarica</th><td>6 h</td></tr><tr><th>Tipo di batteria</th><td>Lithium</td></tr><tr><th>Voltage & Ampérage de la Batterie</th><td>54V / 26.1Ah, 54V / 26.1Ah x 2</td></tr></table><h3>Chassis</h3><table><tr><th>Charge maximale</th><td>160 kg</td></tr><tr><th>Empattement</th><td>1 245 mm</td></tr><tr><th>Garde au sol minimale</th><td>150 mm</td></tr><tr><th>Hauteur de selle</th><td>760 mm</td></tr><tr><th>Hauteur hors tout</th><td>1 130 mm</td></tr><tr><th>Largeur hors tout</th><td>735 mm</td></tr><tr><th>Longueur hors tout</th><td>1 740 mm</td></tr></table><h3>Partie Cycle</h3><table><tr><th>Amortisseur arrière réglable</th><td>No</td></tr><tr><th>Amortisseur avant réglable</th><td>No</td></tr><tr><th>Taille frein arrière</th><td>190 mm</td></tr><tr><th>Taille frein avant</th><td>190 mm</td></tr><tr><th>Taille pneu arrière</th><td>90/80-16</td></tr><tr><th>Taille pneu avant</th><td>80/80-16</td></tr><tr><th>Taille roue arrière</th><td>16 pouces</td></tr><tr><th>Taille roue avant</th><td>16 pouces</td></tr><tr><th>Type frein arrière</th><td>Disque</td></tr><tr><th>Type frein avant</th><td>Disque</td></tr><tr><th>Alarme</th><td>No</td></tr><tr><th>Freinage couplé</th><td>No</td></tr><tr><th>Freinage régénératif</th><td>No</td></tr><tr><th>Homologué 2 places</th><td>Si</td></tr><tr><th>Marche Arrière</th><td>Si</td></tr><tr><th>Modes de conduites</th><td>3</td></tr><tr><th>Prise USB</th><td>No</td></tr><tr><th>Rangement casque sous la selle</th><td>No</td></tr><tr><th>Régulateur</th><td>No</td></tr><tr><th>Categoria omologazione</th><td>L1e</td></tr><tr><th>Code National</th><td>CL</td></tr><tr><th>Couleur</th><td>Anthracite, Argent, Argent-Noir, Blanc 1.4, Bleu Pétrole, Silver Satin, Titane, Blanc, Bleu</td></tr><tr><th>Dimensioni</th><td>73 × 113 cm</td></tr><tr><th>Marque</th><td>Askoll</td></tr><tr><th>Modèle</th><td>eS2 EVOlution</td></tr><tr><th>Patente</th><td>Sans permis</td></tr><tr><th>Peso in ordine di marcia</th><td>67 kg</td></tr></table><h2>Note</h2><p>Disponibilita, prezzi e varianti possono variare. Si consiglia di verificare la configurazione selezionata prima dell'acquisto.</p>",,,,,Scooter elettrici > Sans Permis,,"https://www.go2roues.com/wp-content/uploads/2022/05/askoll-es2-evolution-anthracite-trois-quart-face-droit.jpg, https://www.go2roues.com/wp-content/uploads/2021/04/askoll-es2-1.4-blanc-trois-quart-face-gauche.jpg, https://www.go2roues.com/wp-content/uploads/2022/05/askoll-es2-evolution-bleu-petrole-trois-quart-face-droit.jpg, https://www.go2roues.com/wp-content/uploads/2022/05/askoll-es2-evolution-silver-satin-trois-quart-face-droit.jpg, https://www.go2roues.com/wp-content/uploads/2022/05/askoll-es2-evolution-anthracite-trois-quart-face-gauche.jpg, https://www.go2roues.com/wp-content/uploads/2022/05/askoll-es2-evolution-anthracite-cote-gauche.jpg, https://www.go2roues.com/wp-content/uploads/2022/05/askoll-es2-evolution-anthracite-vue-devant.jpg, https://www.go2roues.com/wp-content/uploads/2022/07/askoll-es2-jeune-fille-iphone.jpg, https://www.go2roues.com/wp-content/uploads/2022/07/askoll-es2-roule.jpg, https://www.go2roues.com/wp-content/uploads/2022/07/askoll-es2-jeune-fille-pont-top-case.jpg",,Colore,"Anthracite, Argent, Argent-Noir, Blanc 1.4, Bleu Pétrole, Silver Satin, Titane, Bianco, Blu",1,1,Finitura,,1,1,Askoll
variation,askoll-es2-evolution-anthracite,Askoll eS2 Evolution - anthracite,1,visible,,,3490.00,,yes,notify,,,https://www.go2roues.com/wp-content/uploads/2022/05/askoll-es2-evolution-anthracite-trois-quart-face-droit.jpg,www-go2roues-com-shop-askoll-es2-evolution,Colore,Anthracite,,,Finitura,,,,Askoll
variation,askoll-es2-evolution-bleu-petrole,Askoll eS2 Evolution - bleu-petrole,1,visible,,,3490.00,,yes,notify,,,https://www.go2roues.com/wp-content/uploads/2022/05/askoll-es2-evolution-bleu-petrole-trois-quart-face-droit.jpg,www-go2roues-com-shop-askoll-es2-evolution,Colore,Bleu Petrole,,,Finitura,,,,Askoll
variation,askoll-es2-evolution-silver-satin,Askoll eS2 Evolution - silver-satin,1,visible,,,3490.00,,yes,notify,,,https://www.go2roues.com/wp-content/uploads/2022/05/askoll-es2-evolution-silver-satin-trois-quart-face-droit.jpg,www-go2roues-com-shop-askoll-es2-evolution,Colore,Silver Satin,,,Finitura,,,,Askoll
simple,yadea-y1s,Yadea Y1S,1,visible,<p><strong>Yadea Y1S</strong> . <em>Venduto da Distribuzione Import Export S.R.L.</em>.</p><ul><li>Autonomia dichiarata: 85 km</li><li>Velocita massima: 45 km/h</li><li>Tempo di ricarica: 3.5 h par batterie</li><li>Peso: 11 kg par batterie</li></ul>,"<h2>Panoramica</h2><p>Contenuto riscritto e ottimizzato per una boutique italiana: informazioni chiare, valori tecnici organizzati e testo pensato per aiutare la decisione d'acquisto.</p><p><strong>Venditore:</strong> Distribuzione Import Export S.R.L.</p><p><strong>Categoria:</strong> Scooter elettrici > Sans Permis</p><h2>Scheda tecnica</h2><h3>Moteur</h3><table><tr><th>Couple maximal</th><td>130 Nm</td></tr><tr><th>Equivalenza cilindrata</th><td>Équivalent 50 cm3</td></tr><tr><th>Marque du moteur</th><td>Yadea</td></tr><tr><th>Potenza massima</th><td>2 700 W</td></tr><tr><th>Potenza motore</th><td>1 800 W</td></tr><tr><th>Transmission</th><td>Moteur intégré dans la roue arrière</td></tr><tr><th>Velocita massima</th><td>45 km/h</td></tr></table><h3>Batterie</h3><table><tr><th>Autonomia</th><td>85 km</td></tr><tr><th>Batteria rimovibile</th><td>Si</td></tr><tr><th>Caricatore incluso</th><td>Si</td></tr><tr><th>Intensité du chargeur</th><td>12A</td></tr><tr><th>Poids de la batterie</th><td>11 kg par batterie</td></tr><tr><th>Capacita batteria</th><td>1.44 kWh x 2</td></tr><tr><th>Tempo di ricarica</th><td>3.5 h par batterie</td></tr><tr><th>Tipo di batteria</th><td>Lithium</td></tr><tr><th>Voltage & Ampérage de la Batterie</th><td>60V / 24Ah x 2</td></tr></table><h3>Chassis</h3><table><tr><th>Hauteur de selle</th><td>820 mm</td></tr><tr><th>Hauteur hors tout</th><td>1 125 mm</td></tr><tr><th>Largeur hors tout</th><td>670 mm</td></tr><tr><th>Longueur hors tout</th><td>1 915 mm</td></tr></table><h3>Partie Cycle</h3><table><tr><th>Amortisseur arrière réglable</th><td>Si</td></tr><tr><th>Amortisseur avant réglable</th><td>No</td></tr><tr><th>Taille pneu arrière</th><td>100/90-14</td></tr><tr><th>Taille pneu avant</th><td>90/90-14</td></tr><tr><th>Taille roue arrière</th><td>14 pouces</td></tr><tr><th>Taille roue avant</th><td>14 pouces</td></tr><tr><th>Type frein arrière</th><td>Disque</td></tr><tr><th>Type frein avant</th><td>Disque</td></tr><tr><th>Alarme</th><td>Si</td></tr><tr><th>Freinage couplé</th><td>Si</td></tr><tr><th>Homologué 2 places</th><td>Si</td></tr><tr><th>Marche Arrière</th><td>No</td></tr><tr><th>Modes de conduites</th><td>2</td></tr><tr><th>Prise USB</th><td>Si</td></tr><tr><th>Rangement casque sous la selle</th><td>No</td></tr><tr><th>Régulateur</th><td>Si</td></tr><tr><th>Categoria omologazione</th><td>L1e</td></tr><tr><th>Code National</th><td>CL</td></tr><tr><th>Dimensioni</th><td>191 × 67 × 112 cm</td></tr><tr><th>Marque</th><td>Yadea</td></tr><tr><th>Modèle</th><td>Yadea Y1S</td></tr><tr><th>Patente</th><td>Sans permis</td></tr><tr><th>Peso in ordine di marcia</th><td>103,5 kg</td></tr></table><h2>Note</h2><p>Disponibilita, prezzi e varianti possono variare. Si consiglia di verificare la configurazione selezionata prima dell'acquisto.</p>",5090.00,,yes,no,Scooter elettrici > Sans Permis,,"https://www.go2roues.com/wp-content/uploads/2022/02/yadea-y1s-trois-quart-face-droit.jpg, https://www.go2roues.com/wp-content/uploads/2022/02/yadea-y1s-trois-quart-arriere-droit.jpg, https://www.go2roues.com/wp-content/uploads/2022/02/yadea-y1s-vue-arriere.jpg, https://www.go2roues.com/wp-content/uploads/2022/02/yadea-y1s-cote-gauche.jpg, https://www.go2roues.com/wp-content/uploads/2022/02/yadea-y1s-trois-quart-face-gauche.jpg, https://www.go2roues.com/wp-content/uploads/2022/02/yadea-y1s-vue-devant.jpg, https://www.go2roues.com/wp-content/uploads/2022/02/yadea-y1s-vue-avant-gros-plan.jpg, https://www.go2roues.com/wp-content/uploads/2022/02/yadea-y1s-vue-avant-gros-plan-trois-quart.jpg, https://www.go2roues.com/wp-content/uploads/2022/02/yadea-y1s-roue-avant.jpg",,,,,,,,,,
variable,www-go2roues-com-shop-motron-voltz,Motron Voltz,1,visible,<p><strong>Motron Voltz</strong> di Motron Motorcycles. <em>Venduto da Distribuzione Import Export S.R.L.</em>.</p><ul><li>Autonomia dichiarata: 45 km</li><li>Velocita massima: 45 km/h</li><li>Tempo di ricarica: 5 à 6 h</li><li>Peso: 9 kg</li></ul>,"<h2>Panoramica</h2><p>Contenuto riscritto e ottimizzato per una boutique italiana: informazioni chiare, valori tecnici organizzati e testo pensato per aiutare la decisione d'acquisto.</p><p><strong>Venditore:</strong> Distribuzione Import Export S.R.L.</p><p><strong>Categoria:</strong> Scooter elettrici > Sans Permis</p><h2>Scheda tecnica</h2><h3>Moteur</h3><table><tr><th>Couple maximal</th><td>47,5 Nm</td></tr><tr><th>Equivalenza cilindrata</th><td>Équivalent 50 cm3</td></tr><tr><th>Marque du moteur</th><td>Bosch</td></tr><tr><th>Potenza massima</th><td>2 000 W</td></tr><tr><th>Potenza motore</th><td>2 000 W</td></tr><tr><th>Transmission</th><td>Moteur intégré dans la roue arrière</td></tr><tr><th>Velocita massima</th><td>45 km/h</td></tr></table><h3>Batterie</h3><table><tr><th>Autonomia</th><td>45 km</td></tr><tr><th>Batteria rimovibile</th><td>Si</td></tr><tr><th>Caricatore incluso</th><td>Si</td></tr><tr><th>Poids de la batterie</th><td>9 kg</td></tr><tr><th>Capacita batteria</th><td>1.24 kWh</td></tr><tr><th>Tempo di ricarica</th><td>5 à 6 h</td></tr><tr><th>Tipo di batteria</th><td>Lithium</td></tr><tr><th>Voltage & Ampérage de la Batterie</th><td>48V / 26Ah</td></tr></table><h3>Chassis</h3><table><tr><th>Charge maximale</th><td>224 kg</td></tr><tr><th>Hauteur hors tout</th><td>1 140 mm</td></tr><tr><th>Largeur hors tout</th><td>700 mm</td></tr><tr><th>Longueur hors tout</th><td>1 670 mm</td></tr></table><h3>Partie Cycle</h3><table><tr><th>Amortisseur arrière réglable</th><td>No</td></tr><tr><th>Amortisseur avant réglable</th><td>No</td></tr><tr><th>Taille frein arrière</th><td>110 mm</td></tr><tr><th>Taille frein avant</th><td>180 mm</td></tr><tr><th>Taille pneu arrière</th><td>3.00-10</td></tr><tr><th>Taille pneu avant</th><td>3.00-10</td></tr><tr><th>Taille roue arrière</th><td>10 pouces</td></tr><tr><th>Taille roue avant</th><td>10 pouces</td></tr><tr><th>Type frein arrière</th><td>Tambour</td></tr><tr><th>Type frein avant</th><td>Disque</td></tr><tr><th>Alarme</th><td>No</td></tr><tr><th>Freinage couplé</th><td>No</td></tr><tr><th>Freinage régénératif</th><td>No</td></tr><tr><th>Homologué 2 places</th><td>Si</td></tr><tr><th>Marche Arrière</th><td>No</td></tr><tr><th>Modes de conduites</th><td>3</td></tr><tr><th>Prise USB</th><td>Si</td></tr><tr><th>Rangement casque sous la selle</th><td>No</td></tr><tr><th>Régulateur</th><td>No</td></tr><tr><th>Categoria omologazione</th><td>L1e</td></tr><tr><th>Code National</th><td>CL</td></tr><tr><th>Couleur</th><td>Blanc, Noir</td></tr><tr><th>Dimensioni</th><td>167 × 70 × 112 cm</td></tr><tr><th>Marque</th><td>Motron Motorcycles</td></tr><tr><th>Modèle</th><td>Voltz</td></tr><tr><th>Patente</th><td>Sans permis</td></tr><tr><th>Peso in ordine di marcia</th><td>64 kg</td></tr></table><h2>Note</h2><p>Disponibilita, prezzi e varianti possono variare. Si consiglia di verificare la configurazione selezionata prima dell'acquisto.</p>",,,,,Scooter elettrici > Sans Permis,,"https://www.go2roues.com/wp-content/uploads/2021/03/motron-voltz-blanc-cote-gauche.jpg, https://www.go2roues.com/wp-content/uploads/2021/03/motron-voltz-noir-cote-gauche.jpg",,Colore,"Bianco, Nero",1,1,Finitura,,1,1,Motron Motorcycles
variation,motron-voltz-blanc,Motron Voltz - blanc,1,visible,,,1999.00,,yes,no,,,https://www.go2roues.com/wp-content/uploads/2021/03/motron-voltz-blanc-cote-gauche.jpg,www-go2roues-com-shop-motron-voltz,Colore,Bianco,,,Finitura,,,,Motron Motorcycles
variation,motron-voltz-noir,Motron Voltz - noir,1,visible,,,1999.00,,yes,no,,,https://www.go2roues.com/wp-content/uploads/2021/03/motron-voltz-noir-cote-gauche.jpg,www-go2roues-com-shop-motron-voltz,Colore,Nero,,,Finitura,,,,Motron Motorcycles
variable,www-go2roues-com-shop-motron-whizz,Motron Whizz,1,visible,<p><strong>Motron Whizz</strong> di Motron Motorcycles. <em>Venduto da Distribuzione Import Export S.R.L.</em>.</p><ul><li>Autonomia dichiarata: 45 km</li><li>Velocita massima: 45 km/h</li><li>Tempo di ricarica: 5 à 6 h</li><li>Peso: 9 kg</li></ul>,"<h2>Panoramica</h2><p>Contenuto riscritto e ottimizzato per una boutique italiana: informazioni chiare, valori tecnici organizzati e testo pensato per aiutare la decisione d'acquisto.</p><p><strong>Venditore:</strong> Distribuzione Import Export S.R.L.</p><p><strong>Categoria:</strong> Scooter elettrici > Sans Permis</p><h2>Scheda tecnica</h2><h3>Moteur</h3><table><tr><th>Couple maximal</th><td>45 Nm</td></tr><tr><th>Equivalenza cilindrata</th><td>Équivalent 50 cm3</td></tr><tr><th>Marque du moteur</th><td>Bosch</td></tr><tr><th>Potenza massima</th><td>2 000 W</td></tr><tr><th>Potenza motore</th><td>2 000 W</td></tr><tr><th>Transmission</th><td>Moteur intégré dans la roue arrière</td></tr><tr><th>Velocita massima</th><td>45 km/h</td></tr></table><h3>Batterie</h3><table><tr><th>Autonomia</th><td>45 km</td></tr><tr><th>Batteria rimovibile</th><td>Si</td></tr><tr><th>Caricatore incluso</th><td>Si</td></tr><tr><th>Poids de la batterie</th><td>9 kg</td></tr><tr><th>Capacita batteria</th><td>1.44 kWh</td></tr><tr><th>Tempo di ricarica</th><td>5 à 6 h</td></tr><tr><th>Tipo di batteria</th><td>Lithium</td></tr><tr><th>Voltage & Ampérage de la Batterie</th><td>60V / 24Ah</td></tr></table><h3>Chassis</h3><table><tr><th>Charge maximale</th><td>237 kg</td></tr><tr><th>Hauteur hors tout</th><td>1 150 mm</td></tr><tr><th>Largeur hors tout</th><td>690 mm</td></tr><tr><th>Longueur hors tout</th><td>1 800 mm</td></tr></table><h3>Partie Cycle</h3><table><tr><th>Amortisseur arrière réglable</th><td>Si</td></tr><tr><th>Amortisseur avant réglable</th><td>No</td></tr><tr><th>Taille frein arrière</th><td>190 mm</td></tr><tr><th>Taille frein avant</th><td>200 mm</td></tr><tr><th>Taille pneu arrière</th><td>90/90-12</td></tr><tr><th>Taille pneu avant</th><td>90/90-12</td></tr><tr><th>Taille roue arrière</th><td>12 pouces</td></tr><tr><th>Taille roue avant</th><td>12 pouces</td></tr><tr><th>Type frein arrière</th><td>Disque</td></tr><tr><th>Type frein avant</th><td>Disque</td></tr><tr><th>Alarme</th><td>No</td></tr><tr><th>Freinage couplé</th><td>Si</td></tr><tr><th>Freinage régénératif</th><td>Si</td></tr><tr><th>Homologué 2 places</th><td>Si</td></tr><tr><th>Marche Arrière</th><td>No</td></tr><tr><th>Modes de conduites</th><td>3</td></tr><tr><th>Prise USB</th><td>Si</td></tr><tr><th>Rangement casque sous la selle</th><td>No</td></tr><tr><th>Régulateur</th><td>No</td></tr><tr><th>Categoria omologazione</th><td>L1e</td></tr><tr><th>Code National</th><td>CL</td></tr><tr><th>Couleur</th><td>Blanc, Noir</td></tr><tr><th>Dimensioni</th><td>180 × 69 × 115 cm</td></tr><tr><th>Marque</th><td>Motron Motorcycles</td></tr><tr><th>Modèle</th><td>Whizz</td></tr><tr><th>Patente</th><td>Sans permis</td></tr><tr><th>Peso in ordine di marcia</th><td>87 kg</td></tr></table><h2>Note</h2><p>Disponibilita, prezzi e varianti possono variare. Si consiglia di verificare la configurazione selezionata prima dell'acquisto.</p>",,,,,Scooter elettrici > Sans Permis,,"https://www.go2roues.com/wp-content/uploads/2021/03/motron-whizz-noir-trois-quart-face-droit.jpg, https://www.go2roues.com/wp-content/uploads/2021/02/motron-whizz-blanc-cote-gauche.jpg, https://www.go2roues.com/wp-content/uploads/2021/03/motron-whizz-noir-cote-droit.jpg, https://www.go2roues.com/wp-content/uploads/2021/03/motron-whizz-noir-trois-quart-arriere-droit.jpg, https://www.go2roues.com/wp-content/uploads/2021/03/motron-whizz-noir-vue-arriere.jpg, https://www.go2roues.com/wp-content/uploads/2021/03/motron-whizz-noir-trois-quart-arriere-gauche.jpg, https://www.go2roues.com/wp-content/uploads/2021/03/motron-whizz-noir-cote-gauche.jpg, https://www.go2roues.com/wp-content/uploads/2021/03/motron-whizz-noir-trois-quart-face-gauche.jpg, https://www.go2roues.com/wp-content/uploads/2021/03/motron-whizz-noir-vue-devant.jpg, https://www.go2roues.com/wp-content/uploads/2021/03/motron-whizz-noir-moteur.jpg, https://www.go2roues.com/wp-content/uploads/2021/03/motron-whizz-noir-commodo-gauche.jpg, https://www.go2roues.com/wp-content/uploads/2021/03/motron-whizz-noir-commodo-droit.jpg, https://www.go2roues.com/wp-content/uploads/2021/03/motron-whizz-noir-coffre.jpg, https://www.go2roues.com/wp-content/uploads/2021/03/motron-whizz-port-usb.jpg, https://www.go2roues.com/wp-content/uploads/2021/03/motron-whizz-paris.jpg",,Colore,"Bianco, Nero",1,1,Finitura,,1,1,Motron Motorcycles
variation,motron-whizz-noir,Motron Whizz - noir,1,visible,,,2499.00,,yes,no,,,https://www.go2roues.com/wp-content/uploads/2021/03/motron-whizz-noir-trois-quart-face-droit.jpg,www-go2roues-com-shop-motron-whizz,Colore,Nero,,,Finitura,,,,Motron Motorcycles
variation,motron-whizz-blanc,Motron Whizz - blanc,1,visible,,,2499.00,,yes,no,,,https://www.go2roues.com/wp-content/uploads/2021/02/motron-whizz-blanc-cote-gauche.jpg,www-go2roues-com-shop-motron-whizz,Colore,Bianco,,,Finitura,,,,Motron Motorcycles
variable,www-go2roues-com-shop-motron-cubertino,Motron Cubertino,1,visible,<p><strong>Motron Cubertino</strong> di Motron Motorcycles. <em>Venduto da Distribuzione Import Export S.R.L.</em>.</p><ul><li>Autonomia dichiarata: 56 km</li><li>Velocita massima: 45 km/h</li><li>Tempo di ricarica: Non</li><li>Peso: 10 kg</li></ul>,"<h2>Panoramica</h2><p>Contenuto riscritto e ottimizzato per una boutique italiana: informazioni chiare, valori tecnici organizzati e testo pensato per aiutare la decisione d'acquisto.</p><p><strong>Venditore:</strong> Distribuzione Import Export S.R.L.</p><p><strong>Categoria:</strong> Scooter elettrici > Sans Permis</p><h2>Scheda tecnica</h2><h3>Moteur</h3><table><tr><th>Couple maximal</th><td>32 Nm</td></tr><tr><th>Equivalenza cilindrata</th><td>Équivalent 50 cm3</td></tr><tr><th>Marque du moteur</th><td>Bosch</td></tr><tr><th>Potenza massima</th><td>1 500 W</td></tr><tr><th>Potenza motore</th><td>1 500 W</td></tr><tr><th>Transmission</th><td>Moteur intégré dans la roue arrière</td></tr><tr><th>Velocita massima</th><td>45 km/h</td></tr></table><h3>Batterie</h3><table><tr><th>Autonomia</th><td>56 km</td></tr><tr><th>Batteria rimovibile</th><td>Si</td></tr><tr><th>Caricatore incluso</th><td>Si</td></tr><tr><th>Poids de la batterie</th><td>10 kg</td></tr><tr><th>Capacita batteria</th><td>1.56 kWh</td></tr><tr><th>Recharge compatible T2</th><td>No</td></tr><tr><th>Tempo di ricarica</th><td>5 à 6 h</td></tr><tr><th>Tipo di batteria</th><td>Lithium</td></tr><tr><th>Voltage & Ampérage de la Batterie</th><td>60V / 26Ah</td></tr></table><h3>Chassis</h3><table><tr><th>Charge maximale</th><td>228 kg</td></tr><tr><th>Hauteur hors tout</th><td>1 020 mm</td></tr><tr><th>Largeur hors tout</th><td>680 mm</td></tr><tr><th>Longueur hors tout</th><td>1 890 mm</td></tr></table><h3>Partie Cycle</h3><table><tr><th>Amortisseur arrière réglable</th><td>No</td></tr><tr><th>Amortisseur avant réglable</th><td>No</td></tr><tr><th>Taille frein arrière</th><td>110 mm</td></tr><tr><th>Taille frein avant</th><td>110 mm</td></tr><tr><th>Taille pneu arrière</th><td>80/90-17</td></tr><tr><th>Taille pneu avant</th><td>70/90-17</td></tr><tr><th>Taille roue arrière</th><td>17 pouces</td></tr><tr><th>Taille roue avant</th><td>17 pouces</td></tr><tr><th>Type frein arrière</th><td>Tambour</td></tr><tr><th>Type frein avant</th><td>Tambour</td></tr><tr><th>Alarme</th><td>No</td></tr><tr><th>Freinage couplé</th><td>No</td></tr><tr><th>Freinage régénératif</th><td>No</td></tr><tr><th>Homologué 2 places</th><td>Si</td></tr><tr><th>Marche Arrière</th><td>No</td></tr><tr><th>Modes de conduites</th><td>Si</td></tr><tr><th>Prise USB</th><td>Si</td></tr><tr><th>Rangement casque sous la selle</th><td>No</td></tr><tr><th>Régulateur</th><td>No</td></tr><tr><th>Categoria omologazione</th><td>L1e</td></tr><tr><th>Code National</th><td>CL</td></tr><tr><th>Couleur</th><td>Blanc, Gris</td></tr><tr><th>Dimensioni</th><td>189 × 68 × 102 cm</td></tr><tr><th>Marque</th><td>Motron Motorcycles</td></tr><tr><th>Modèle</th><td>Cubertino</td></tr><tr><th>Patente</th><td>Sans permis</td></tr><tr><th>Peso in ordine di marcia</th><td>78 kg</td></tr></table><h2>Note</h2><p>Disponibilita, prezzi e varianti possono variare. Si consiglia di verificare la configurazione selezionata prima dell'acquisto.</p>",,,,,Scooter elettrici > Sans Permis,,"https://www.go2roues.com/wp-content/uploads/2021/03/motron-cubertino-blanc-trois-quart-face-droit.jpg, https://www.go2roues.com/wp-content/uploads/2021/02/motron-cubertino-gris-cote-gauche.jpg, https://www.go2roues.com/wp-content/uploads/2021/03/motron-cubertino-cote-droit.jpg, https://www.go2roues.com/wp-content/uploads/2021/03/motron-cubertino-blanc-trois-quart-arriere-droite.jpg, https://www.go2roues.com/wp-content/uploads/2021/03/motron-cubertino-blanc-vue-arriere.jpg, https://www.go2roues.com/wp-content/uploads/2021/03/motron-cubertino-blanc-trois-quart-arriere-gauche.jpg, https://www.go2roues.com/wp-content/uploads/2021/03/motron-cubertino-cote-gauche.jpg, https://www.go2roues.com/wp-content/uploads/2021/03/motron-cubertino-blanc-trois-quart-face-gauche.jpg, https://www.go2roues.com/wp-content/uploads/2021/03/motron-cubertino-blanc-vue-devant.jpg, https://www.go2roues.com/wp-content/uploads/2021/03/motron-cubertino-compteur.jpg, https://www.go2roues.com/wp-content/uploads/2021/03/motron-cubertino-port-usb.jpg, https://www.go2roues.com/wp-content/uploads/2021/03/motron-cubertino-commodo-gauche.jpg, https://www.go2roues.com/wp-content/uploads/2021/03/motron-cubertino-commodo-droit.jpg, https://www.go2roues.com/wp-content/uploads/2021/03/motron-cubertino-jeune-femme-assise.jpg, https://www.go2roues.com/wp-content/uploads/2021/03/motron-cubertino-homme-roule.jpg",,Colore,"Bianco, Grigio",1,1,Finitura,,1,1,Motron Motorcycles
variation,motron-cubertino-blanc,Motron Cubertino - blanc,1,visible,,,2599.00,,yes,no,,,https://www.go2roues.com/wp-content/uploads/2021/03/motron-cubertino-blanc-trois-quart-face-droit.jpg,www-go2roues-com-shop-motron-cubertino,Colore,Bianco,,,Finitura,,,,Motron Motorcycles
variation,motron-cubertino-gris,Motron Cubertino - gris,1,visible,,,2599.00,,yes,no,,,https://www.go2roues.com/wp-content/uploads/2021/02/motron-cubertino-gris-cote-gauche.jpg,www-go2roues-com-shop-motron-cubertino,Colore,Grigio,,,Finitura,,,,Motron Motorcycles
variable,www-go2roues-com-shop-rider-3rs-plus,Rider 3RS+,1,visible,<p><strong>Rider 3RS+</strong> di Rider. <em>Venduto da Distribuzione Import Export S.R.L.</em>.</p><ul><li>Autonomia dichiarata: 140 km</li><li>Velocita massima: 100 km/h</li><li>Tempo di ricarica: 5 h</li><li>Peso: 14 kg</li></ul>,"<h2>Panoramica</h2><p>Contenuto riscritto e ottimizzato per una boutique italiana: informazioni chiare, valori tecnici organizzati e testo pensato per aiutare la decisione d'acquisto.</p><p><strong>Venditore:</strong> Distribuzione Import Export S.R.L.</p><p><strong>Categoria:</strong> Scooter elettrici > Scooter 3 Roues</p><h2>Punti di forza</h2><ul><li>Sur voie rapide et à une allure soutenue, l’autonomie avoisinera les 70 kilomètres.</li></ul><h2>Scheda tecnica</h2><h3>Moteur</h3><table><tr><th>Couple maximal</th><td>65 Nm</td></tr><tr><th>Equivalenza cilindrata</th><td>Équivalent 125 cm3</td></tr><tr><th>Marque du moteur</th><td>Zhihui</td></tr><tr><th>Potenza massima</th><td>9 000 W</td></tr><tr><th>Potenza motore</th><td>5 000 W</td></tr><tr><th>Transmission</th><td>Par courroie</td></tr><tr><th>Velocita massima</th><td>100 km/h</td></tr></table><h3>Batterie</h3><table><tr><th>Autonomia</th><td>140 km</td></tr><tr><th>Batteria rimovibile</th><td>Si</td></tr><tr><th>Caricatore incluso</th><td>Si</td></tr><tr><th>Intensité du chargeur</th><td>12A</td></tr><tr><th>Poids de la batterie</th><td>14 kg</td></tr><tr><th>Capacita batteria</th><td>2.4 kWh x 2</td></tr><tr><th>Tempo di ricarica</th><td>5 h</td></tr><tr><th>Tipo di batteria</th><td>Lithium</td></tr><tr><th>Voltage & Ampérage de la Batterie</th><td>60V / 40Ah x 2</td></tr></table><h3>Chassis</h3><table><tr><th>Charge maximale</th><td>200 kg</td></tr><tr><th>Empattement</th><td>1 460 mm</td></tr><tr><th>Garde au sol minimale</th><td>155 mm</td></tr><tr><th>Hauteur de selle</th><td>800 mm</td></tr><tr><th>Hauteur hors tout</th><td>1 330 mm</td></tr><tr><th>Largeur hors tout</th><td>760 mm</td></tr><tr><th>Longueur hors tout</th><td>1 975 mm</td></tr></table><h3>Partie Cycle</h3><table><tr><th>Amortisseur arrière réglable</th><td>No</td></tr><tr><th>Amortisseur avant réglable</th><td>No</td></tr><tr><th>Taille frein arrière</th><td>220 mm</td></tr><tr><th>Taille frein avant</th><td>260 mm</td></tr><tr><th>Taille pneu arrière</th><td>130/70-12</td></tr><tr><th>Taille pneu avant</th><td>80/80-14</td></tr><tr><th>Taille roue arrière</th><td>12 pouces</td></tr><tr><th>Taille roue avant</th><td>14 pouces</td></tr><tr><th>Type frein arrière</th><td>Disque</td></tr><tr><th>Type frein avant</th><td>Disque</td></tr><tr><th>Alarme</th><td>No</td></tr><tr><th>Freinage couplé</th><td>ABS</td></tr><tr><th>Freinage régénératif</th><td>Si</td></tr><tr><th>Homologué 2 places</th><td>Si</td></tr><tr><th>Marche Arrière</th><td>Si</td></tr><tr><th>Modes de conduites</th><td>3</td></tr><tr><th>Prise USB</th><td>Si</td></tr><tr><th>Rangement casque sous la selle</th><td>Si</td></tr><tr><th>Régulateur</th><td>No</td></tr><tr><th>Categoria omologazione</th><td>L3e</td></tr><tr><th>Code National</th><td>MTL</td></tr><tr><th>Couleur</th><td>Bleu, Gris, Noir</td></tr><tr><th>Dimensioni</th><td>197 × 76 × 133 cm</td></tr><tr><th>Marque</th><td>Rider</td></tr><tr><th>Modèle</th><td>3RS+</td></tr><tr><th>Patente</th><td>Permis A1, Permis B + Formation 7h, Permis moto</td></tr><tr><th>Peso in ordine di marcia</th><td>140 kg</td></tr></table><h2>Note</h2><p>Disponibilita, prezzi e varianti possono variare. Si consiglia di verificare la configurazione selezionata prima dell'acquisto.</p>",,,,,Scooter elettrici > Scooter 3 Roues,,"https://www.go2roues.com/wp-content/uploads/2021/09/rider-3rs-plus-bleu-trois-quart-face-droit.jpg, https://www.go2roues.com/wp-content/uploads/2021/09/rider-3rs-plus-noir-trois-quart-face-droit.jpg, https://www.go2roues.com/wp-content/uploads/2021/09/rider-3rs-plus-gris-trois-quart-face-droit.jpg, https://www.go2roues.com/wp-content/uploads/2021/09/rider-3rs-plus-bleu-vue-arriere.jpg, https://www.go2roues.com/wp-content/uploads/2021/09/rider-3rs-plus-bleu-cote-gauche.jpg, https://www.go2roues.com/wp-content/uploads/2021/09/rider-3rs-plus-bleu-trois-quart-face-gauche.jpg, https://www.go2roues.com/wp-content/uploads/2021/09/rider-3rs-plus-phare-avant.jpg, https://www.go2roues.com/wp-content/uploads/2021/09/rider-3rs-plus-dosseret-passager.jpg, https://www.go2roues.com/wp-content/uploads/2021/09/rider-3rs-plus-coffre.jpg, https://www.go2roues.com/wp-content/uploads/2021/09/rider-3rs-plus-train-avant.jpg, https://www.go2roues.com/wp-content/uploads/2020/08/rider-3R-compteur-gros-plan.jpg, https://www.go2roues.com/wp-content/uploads/2021/09/rider-3rs-plus-contact.jpg, https://www.go2roues.com/wp-content/uploads/2021/02/rider-3RS-commodo-droit-2.jpg, https://www.go2roues.com/wp-content/uploads/2021/02/rider-3RS-commodo-gauche.jpg, https://www.go2roues.com/wp-content/uploads/2021/02/rider-3rs-plus-gris-paris-homme.jpg",,Colore,"Blu, Grigio, Nero",1,1,Finitura,,1,1,Rider
variation,rider-3rs-plus-noir,Rider 3RS+ - noir,1,visible,,,8190.00,,yes,no,,,https://www.go2roues.com/wp-content/uploads/2021/09/rider-3rs-plus-noir-trois-quart-face-droit.jpg,www-go2roues-com-shop-rider-3rs-plus,Colore,Nero,,,Finitura,,,,Rider
variation,rider-3rs-plus-bleu,Rider 3RS+ - bleu,1,visible,,,8190.00,,yes,no,,,https://www.go2roues.com/wp-content/uploads/2021/09/rider-3rs-plus-bleu-trois-quart-face-droit.jpg,www-go2roues-com-shop-rider-3rs-plus,Colore,Blu,,,Finitura,,,,Rider
variation,rider-3rs-plus-gris,Rider 3RS+ - gris,1,visible,,,8190.00,,yes,no,,,https://www.go2roues.com/wp-content/uploads/2021/09/rider-3rs-plus-gris-trois-quart-face-droit.jpg,www-go2roues-com-shop-rider-3rs-plus,Colore,Grigio,,,Finitura,,,,Rider
variable,www-go2roues-com-shop-askoll-es3-evolution,Askoll eS3 Evolution,1,visible,<p><strong>Askoll eS3 Evolution</strong> di Askoll. <em>Venduto da Distribuzione Import Export S.R.L.</em>.</p><ul><li>Autonomia dichiarata: 87 km</li><li>Velocita massima: 66 km/h</li><li>Tempo di ricarica: 6 h</li><li>Peso: 8 kg par batterie</li></ul>,"<h2>Panoramica</h2><p>Contenuto riscritto e ottimizzato per una boutique italiana: informazioni chiare, valori tecnici organizzati e testo pensato per aiutare la decisione d'acquisto.</p><p><strong>Venditore:</strong> Distribuzione Import Export S.R.L.</p><p><strong>Categoria:</strong> Scooter elettrici > 125</p><h2>Scheda tecnica</h2><h3>Moteur</h3><table><tr><th>Couple maximal</th><td>130 Nm</td></tr><tr><th>Equivalenza cilindrata</th><td>Équivalent 125 cm3</td></tr><tr><th>Marque du moteur</th><td>Askoll</td></tr><tr><th>Potenza massima</th><td>2 700 W</td></tr><tr><th>Potenza motore</th><td>2 700 W</td></tr><tr><th>Transmission</th><td>Par courroie</td></tr><tr><th>Velocita massima</th><td>66 km/h</td></tr></table><h3>Batterie</h3><table><tr><th>Autonomia</th><td>87 km</td></tr><tr><th>Batteria rimovibile</th><td>Si</td></tr><tr><th>Caricatore incluso</th><td>Si</td></tr><tr><th>Poids de la batterie</th><td>8 kg par batterie</td></tr><tr><th>Capacita batteria</th><td>1.40 kWh x 2</td></tr><tr><th>Tempo di ricarica</th><td>6 h</td></tr><tr><th>Tipo di batteria</th><td>Lithium</td></tr><tr><th>Voltage & Ampérage de la Batterie</th><td>54V / 26.1Ah x 2</td></tr></table><h3>Chassis</h3><table><tr><th>Charge maximale</th><td>162 kg</td></tr><tr><th>Empattement</th><td>1 245 mm</td></tr><tr><th>Garde au sol minimale</th><td>150 mm</td></tr><tr><th>Hauteur de selle</th><td>760 mm</td></tr><tr><th>Hauteur hors tout</th><td>1 130 mm</td></tr><tr><th>Largeur hors tout</th><td>735 mm</td></tr><tr><th>Longueur hors tout</th><td>1 740 mm</td></tr></table><h3>Partie Cycle</h3><table><tr><th>Amortisseur arrière réglable</th><td>No</td></tr><tr><th>Amortisseur avant réglable</th><td>No</td></tr><tr><th>Taille frein arrière</th><td>190 mm</td></tr><tr><th>Taille frein avant</th><td>220 mm</td></tr><tr><th>Taille pneu arrière</th><td>90/80-16</td></tr><tr><th>Taille pneu avant</th><td>80/80-16</td></tr><tr><th>Taille roue arrière</th><td>16 pouces</td></tr><tr><th>Taille roue avant</th><td>16 pouces</td></tr><tr><th>Type frein arrière</th><td>Disque</td></tr><tr><th>Type frein avant</th><td>Disque</td></tr><tr><th>Alarme</th><td>No</td></tr><tr><th>Freinage couplé</th><td>Si</td></tr><tr><th>Freinage régénératif</th><td>No</td></tr><tr><th>Homologué 2 places</th><td>Si</td></tr><tr><th>Marche Arrière</th><td>Si</td></tr><tr><th>Modes de conduites</th><td>3</td></tr><tr><th>Prise USB</th><td>No</td></tr><tr><th>Rangement casque sous la selle</th><td>No</td></tr><tr><th>Régulateur</th><td>No</td></tr><tr><th>Categoria omologazione</th><td>L3e</td></tr><tr><th>Code National</th><td>MTL</td></tr><tr><th>Couleur</th><td>Azure, Titanium Mat, Blanc brillant, Blue, Metallic, Silver, Titanium, White</td></tr><tr><th>Dimensioni</th><td>175 × 70 × 113 cm</td></tr><tr><th>Marque</th><td>Askoll</td></tr><tr><th>Modèle</th><td>Es3 Evolution</td></tr><tr><th>Patente</th><td>Permis B + Formation 7h, Permis moto</td></tr><tr><th>Peso in ordine di marcia</th><td>70 kg</td></tr></table><h2>Note</h2><p>Disponibilita, prezzi e varianti possono variare. Si consiglia di verificare la configurazione selezionata prima dell'acquisto.</p>",,,,,Scooter elettrici > 125,,"https://www.go2roues.com/wp-content/uploads/2022/05/askoll-es3-evolution-glossy-white-trois-quart-face-droit.jpg, https://www.go2roues.com/wp-content/uploads/2022/05/askoll-es3-evolution-azure-trois-quart-face-droit.jpg, https://www.go2roues.com/wp-content/uploads/2022/05/askoll-es3-evolution-titanium-matt-trois-quart-face-droit.jpg, https://www.go2roues.com/wp-content/uploads/2022/05/askoll-es3-evolution-glossy-white-trois-quart-face-gauche.jpg, https://www.go2roues.com/wp-content/uploads/2020/01/scooter-electrique-askoll-es3-evolution-batteries.jpg, https://www.go2roues.com/wp-content/uploads/2022/07/askoll-es3-vitesse.jpg, https://www.go2roues.com/wp-content/uploads/2022/07/askoll-es3-petite-rue.jpg, https://www.go2roues.com/wp-content/uploads/2022/07/askoll-es3-parking-immeuble.jpg, https://www.go2roues.com/wp-content/uploads/2022/07/askoll-es3-jardin.jpg, https://www.go2roues.com/wp-content/uploads/2022/07/askoll-es3-arret.jpg",,Colore,"Azure, Titanium Mat, Blanc Brillant, Blue, Metallic, Silver, Titanium, White",1,1,Finitura,,1,1,Askoll
variation,asko-es3-1-azure,Askoll eS3 Evolution - azure,1,visible,,,3990.00,,yes,notify,,,https://www.go2roues.com/wp-content/uploads/2022/05/askoll-es3-evolution-azure-trois-quart-face-droit.jpg,www-go2roues-com-shop-askoll-es3-evolution,Colore,Azure,,,Finitura,,,,Askoll
variation,asko-es3-1-titanium-mat,Askoll eS3 Evolution - titanium-mat,1,visible,,,3990.00,,yes,notify,,,https://www.go2roues.com/wp-content/uploads/2022/05/askoll-es3-evolution-titanium-matt-trois-quart-face-droit.jpg,www-go2roues-com-shop-askoll-es3-evolution,Colore,Titanium Mat,,,Finitura,,,,Askoll
variation,asko-es3-1-blanc-brillant,Askoll eS3 Evolution - blanc-brillant,1,visible,,,3990.00,,yes,notify,,,https://www.go2roues.com/wp-content/uploads/2022/05/askoll-es3-evolution-glossy-white-trois-quart-face-droit.jpg,www-go2roues-com-shop-askoll-es3-evolution,Colore,Blanc Brillant,,,Finitura,,,,Askoll
variable,www-go2roues-com-shop-yadea-g5,Yadea G5,1,visible,<p><strong>Yadea G5</strong> di Yadea. <em>Venduto da Distribuzione Import Export S.R.L.</em>.</p><ul><li>Autonomia dichiarata: 55 km</li><li>Velocita massima: 45 km/h</li><li>Tempo di ricarica: 5 h</li><li>Peso: 11 kg</li></ul>,"<h2>Panoramica</h2><p>Contenuto riscritto e ottimizzato per una boutique italiana: informazioni chiare, valori tecnici organizzati e testo pensato per aiutare la decisione d'acquisto.</p><p><strong>Venditore:</strong> Distribuzione Import Export S.R.L.</p><p><strong>Categoria:</strong> Scooter elettrici > Sans Permis</p><h2>Scheda tecnica</h2><h3>Moteur</h3><table><tr><th>Couple maximal</th><td>44 Nm</td></tr><tr><th>Equivalenza cilindrata</th><td>Équivalent 50 cm3</td></tr><tr><th>Marque du moteur</th><td>Yadea</td></tr><tr><th>Potenza massima</th><td>2 300 W</td></tr><tr><th>Potenza motore</th><td>2 300 W</td></tr><tr><th>Transmission</th><td>Par courroie</td></tr><tr><th>Velocita massima</th><td>45 km/h</td></tr></table><h3>Batterie</h3><table><tr><th>Autonomia</th><td>55 km</td></tr><tr><th>Batteria rimovibile</th><td>Si</td></tr><tr><th>Caricatore incluso</th><td>Si</td></tr><tr><th>Intensité du chargeur</th><td>4A</td></tr><tr><th>Poids de la batterie</th><td>11 kg</td></tr><tr><th>Capacita batteria</th><td>1.56 kWh</td></tr><tr><th>Tempo di ricarica</th><td>5 h</td></tr><tr><th>Tipo di batteria</th><td>Lithium</td></tr><tr><th>Voltage & Ampérage de la Batterie</th><td>60V / 26Ah</td></tr></table><h3>Chassis</h3><table><tr><th>Empattement</th><td>1 270 mm</td></tr><tr><th>Hauteur de selle</th><td>770 mm</td></tr><tr><th>Hauteur hors tout</th><td>1 150 mm</td></tr><tr><th>Largeur hors tout</th><td>700 mm</td></tr><tr><th>Longueur hors tout</th><td>1 810 mm</td></tr></table><h3>Partie Cycle</h3><table><tr><th>Amortisseur arrière réglable</th><td>Si</td></tr><tr><th>Amortisseur avant réglable</th><td>No</td></tr><tr><th>Taille frein arrière</th><td>220 mm</td></tr><tr><th>Taille frein avant</th><td>220 mm</td></tr><tr><th>Taille pneu arrière</th><td>100/80-12</td></tr><tr><th>Taille pneu avant</th><td>90/90-12</td></tr><tr><th>Taille roue arrière</th><td>12 pouces</td></tr><tr><th>Taille roue avant</th><td>12 pouces</td></tr><tr><th>Type frein arrière</th><td>Disque</td></tr><tr><th>Type frein avant</th><td>Disque</td></tr><tr><th>Alarme</th><td>Si</td></tr><tr><th>Homologué 2 places</th><td>Si</td></tr><tr><th>Marche Arrière</th><td>No</td></tr><tr><th>Modes de conduites</th><td>2</td></tr><tr><th>Prise USB</th><td>Si</td></tr><tr><th>Rangement casque sous la selle</th><td>Si</td></tr><tr><th>Régulateur</th><td>No</td></tr><tr><th>Categoria omologazione</th><td>L1e</td></tr><tr><th>Code National</th><td>CL</td></tr><tr><th>Couleur</th><td>Blanc, Gris, Noir, Rouge</td></tr><tr><th>Dimensioni</th><td>181 × 70 × 115 cm</td></tr><tr><th>Marque</th><td>Yadea</td></tr><tr><th>Modèle</th><td>Yadea G5</td></tr><tr><th>Patente</th><td>Sans permis</td></tr><tr><th>Peso in ordine di marcia</th><td>101 kg</td></tr></table><h2>Note</h2><p>Disponibilita, prezzi e varianti possono variare. Si consiglia di verificare la configurazione selezionata prima dell'acquisto.</p>",,,,,Scooter elettrici > Sans Permis,,"https://www.go2roues.com/wp-content/uploads/2020/03/yadea-g5-pro-gris-trois-quart-face-droit.jpg, https://www.go2roues.com/wp-content/uploads/2020/03/yadea-g5-pro-noir-trois-quart-face-droit.jpg, https://www.go2roues.com/wp-content/uploads/2020/03/yadea-g5-pro-batterie.jpg, https://www.go2roues.com/wp-content/uploads/2020/03/yadea-g5-feu-arriere.jpg, https://www.go2roues.com/wp-content/uploads/2020/03/yadea-g5-vue-devant.jpg, https://www.go2roues.com/wp-content/uploads/2020/03/yadea-g5-selle.jpg, https://www.go2roues.com/wp-content/uploads/2020/03/yadea-g5-pro-balade-soir.jpg, https://www.go2roues.com/wp-content/uploads/2020/03/yadea-g5-pro-grande-ville-parking.jpg, https://www.go2roues.com/wp-content/uploads/2020/03/yadea-g5-poste-de-pilotage2.jpg, http://www.go2roues.com/wp-content/uploads/2020/03/yadea-g5-pro-gris-trois-quart-face-droit.jpg",,Colore,"Bianco, Grigio, Nero, Rosso",1,1,Finitura,,1,1,Yadea
variation,yadg5pro-noir,Yadea G5 - noir,1,visible,,,2690.00,,yes,no,,,https://www.go2roues.com/wp-content/uploads/2020/03/yadea-g5-pro-noir-trois-quart-face-droit.jpg,www-go2roues-com-shop-yadea-g5,Colore,Nero,,,Finitura,,,,Yadea
variation,yadg5pro-gris,Yadea G5 - gris,1,visible,,,2690.00,,yes,no,,,https://www.go2roues.com/wp-content/uploads/2020/03/yadea-g5-pro-gris-trois-quart-face-droit.jpg,www-go2roues-com-shop-yadea-g5,Colore,Grigio,,,Finitura,,,,Yadea
variable,www-go2roues-com-shop-silence-s02-2026,Silence S02 2026,1,visible,"<p><strong>Silence S02 2026</strong> di Silence. <em>Venduto da Distribuzione Import Export S.R.L.</em>.</p><ul><li>Autonomia dichiarata: 138 km, 152 km</li><li>Velocita massima: 50 km/h, 85 km/h</li><li>Tempo di ricarica: 7-9 heures</li><li>Peso: 41 kg</li></ul>","<h2>Panoramica</h2><p>Contenuto riscritto e ottimizzato per una boutique italiana: informazioni chiare, valori tecnici organizzati e testo pensato per aiutare la decisione d'acquisto.</p><p><strong>Venditore:</strong> Distribuzione Import Export S.R.L.</p><p><strong>Categoria:</strong> Scooter elettrici</p><h2>Punti di forza</h2><ul><li>Design modernisé pour une silhouette plus actuelle</li><li>Roue avant agrandie, améliorant la stabilité et la sécurité</li><li>Pare-brise désormais de série pour plus de confort au quotidien</li><li>Connectivité via l’application MySilence avec un nouveau compteur numérique</li><li>jusqu’à 152 km d’autonomie (WMTC) en version équivalent 50 cc,</li><li>et 138 km en version 125 cc. De quoi voir venir, même en usage intensif.</li><li>La version équivalent 50 cm3, équipée d’un moteur de 2 kW (2,9 kW max), atteint 50 km/h. Le 0 à 50 km/h s’effectue en 9,68 secondes.</li><li>niveau de batterie,</li></ul><h2>Scheda tecnica</h2><h3>Moteur</h3><table><tr><th>Equivalenza cilindrata</th><td>Équivalent 125 cm3, Équivalent 50 cm3</td></tr><tr><th>Potenza massima</th><td>2,9 kW, 6,3 kW</td></tr><tr><th>Potenza motore</th><td>4 000 W, 2 000 W</td></tr><tr><th>Velocita massima</th><td>50 km/h, 85 km/h</td></tr></table><h3>Batterie</h3><table><tr><th>Autonomia</th><td>138 km, 152 km</td></tr><tr><th>Batteria rimovibile</th><td>Si</td></tr><tr><th>Caricatore incluso</th><td>Si</td></tr><tr><th>Poids de la batterie</th><td>41 kg</td></tr><tr><th>Capacita batteria</th><td>5,6 kWh</td></tr><tr><th>Tempo di ricarica</th><td>7-9 heures</td></tr><tr><th>Tipo di batteria</th><td>Lithium</td></tr></table><h3>Chassis</h3><table><tr><th>Empattement</th><td>1407 mm</td></tr><tr><th>Garde au sol minimale</th><td>177 mm</td></tr><tr><th>Hauteur de selle</th><td>770 mm</td></tr><tr><th>Hauteur hors tout</th><td>1271 mm</td></tr><tr><th>Largeur hors tout</th><td>800 mm</td></tr><tr><th>Longueur hors tout</th><td>2026 mm</td></tr></table><h3>Partie Cycle</h3><table><tr><th>Amortisseur arrière réglable</th><td>No</td></tr><tr><th>Taille roue arrière</th><td>14 pouces</td></tr><tr><th>Taille roue avant</th><td>16 pouces</td></tr><tr><th>Type frein arrière</th><td>Disque</td></tr><tr><th>Type frein avant</th><td>Disque</td></tr><tr><th>Freinage couplé</th><td>ABS, CBS</td></tr><tr><th>Modes de conduites</th><td>3</td></tr><tr><th>Accélération</th><td>125 cc : 4.65s, 50 cc : 9.68s</td></tr><tr><th>Categoria omologazione</th><td>L1e, L3e</td></tr><tr><th>Code National</th><td>CL</td></tr><tr><th>Couleur</th><td>Blanc, Gris, Vert</td></tr><tr><th>Dimensioni</th><td>190 × 80 × 108 cm</td></tr><tr><th>Marque</th><td>Silence</td></tr><tr><th>Modèle</th><td>S02 2026</td></tr><tr><th>Patente</th><td>Sans permis</td></tr><tr><th>Peso in ordine di marcia</th><td>132 kg</td></tr></table><h2>Note</h2><p>Disponibilita, prezzi e varianti possono variare. Si consiglia di verificare la configurazione selezionata prima dell'acquisto.</p>",,,,,Scooter elettrici,,"https://www.go2roues.com/wp-content/uploads/2019/05/SILENCE-S02-2026-AV-GAUCHE-GRIS.png, https://www.go2roues.com/wp-content/uploads/2019/05/SILENCE-S02-2026-AV-GAUCHE-BLANC.png, https://www.go2roues.com/wp-content/uploads/2019/05/SILENCE-S02-2026-AV-GAUCHE-VERT.png, https://www.go2roues.com/wp-content/uploads/2019/05/SILENCE-S02-2026-COTE-GAUCHE-GRIS.png, https://www.go2roues.com/wp-content/uploads/2019/05/SILENCE-S02-2026-BATTERIE.png, https://www.go2roues.com/wp-content/uploads/2019/05/silence-s02-2026-blanc-eicma-exposition.png, https://www.go2roues.com/wp-content/uploads/2019/05/SILENCE-S02-2026-devant-GRIS.png, https://www.go2roues.com/wp-content/uploads/2019/05/silence-s02-2026-ecran-eicma-exposition.png, https://www.go2roues.com/wp-content/uploads/2019/05/silence-s02-2026-gris-eicma-exposition.png, https://www.go2roues.com/wp-content/uploads/2019/05/silence-s02-2026-gris-eicma-exposition-cote.png, http://www.go2roues.com/wp-content/uploads/2019/05/SILENCE-S02-2026-AV-GAUCHE-GRIS.png",,Colore,"Bianco, Grigio, Verde",1,1,Finitura,,1,1,Silence
variation,ss-blanc-85-km-h-abs,Silence S02 2026 - blanc / 85-km-h / abs,1,visible,,,3990.00,,yes,notify,,,https://www.go2roues.com/wp-content/uploads/2019/05/SILENCE-S02-2026-AV-GAUCHE-BLANC.png,www-go2roues-com-shop-silence-s02-2026,Colore,Bianco,,,Finitura,,,,Silence
variation,ss-blanc-85-km-h-cbs,Silence S02 2026 - blanc / 85-km-h / cbs,1,visible,,,3790.00,,yes,notify,,,https://www.go2roues.com/wp-content/uploads/2019/05/SILENCE-S02-2026-AV-GAUCHE-BLANC.png,www-go2roues-com-shop-silence-s02-2026,Colore,Bianco,,,Finitura,,,,Silence
variation,ss-gris-85-km-h-abs,Silence S02 2026 - gris / 85-km-h / abs,1,visible,,,3990.00,,yes,notify,,,https://www.go2roues.com/wp-content/uploads/2019/05/SILENCE-S02-2026-AV-GAUCHE-GRIS.png,www-go2roues-com-shop-silence-s02-2026,Colore,Grigio,,,Finitura,,,,Silence
variation,ss-gris-85-km-h-cbs,Silence S02 2026 - gris / 85-km-h / cbs,1,visible,,,3790.00,,yes,notify,,,https://www.go2roues.com/wp-content/uploads/2019/05/SILENCE-S02-2026-AV-GAUCHE-GRIS.png,www-go2roues-com-shop-silence-s02-2026,Colore,Grigio,,,Finitura,,,,Silence
variation,ss-vert-85-km-h-abs,Silence S02 2026 - vert / 85-km-h / abs,1,visible,,,3990.00,,yes,notify,,,https://www.go2roues.com/wp-content/uploads/2019/05/SILENCE-S02-2026-AV-GAUCHE-VERT.png,www-go2roues-com-shop-silence-s02-2026,Colore,Verde,,,Finitura,,,,Silence
variation,ss-vert-85-km-h-cbs,Silence S02 2026 - vert / 85-km-h / cbs,1,visible,,,3790.00,,yes,notify,,,https://www.go2roues.com/wp-content/uploads/2019/05/SILENCE-S02-2026-AV-GAUCHE-VERT.png,www-go2roues-com-shop-silence-s02-2026,Colore,Verde,,,Finitura,,,,Silence
simple,zeeho-ae8-s,Zeeho AE8 S+,1,visible,<p><strong>Zeeho AE8 S+</strong> . <em>Venduto da Distribuzione Import Export S.R.L.</em>.</p><ul><li>Autonomia dichiarata: 120 km</li><li>Velocita massima: 100 km/h</li><li>Tempo di ricarica: Non</li><li>Peso: 13 kg par batterie</li></ul>,"<h2>Panoramica</h2><p>Contenuto riscritto e ottimizzato per una boutique italiana: informazioni chiare, valori tecnici organizzati e testo pensato per aiutare la decisione d'acquisto.</p><p><strong>Venditore:</strong> Distribuzione Import Export S.R.L.</p><p><strong>Categoria:</strong> Scooter elettrici > 125</p><h2>Punti di forza</h2><ul><li>clignotants,</li><li>feux de croisement,</li><li>feux de route,</li><li>régulateur de vitesse,</li><li>mode de conduite sélectionné,</li><li>niveau de batterie,</li><li>odomètre,</li><li>vitesse instantanée,</li></ul><h2>Scheda tecnica</h2><h3>Moteur</h3><table><tr><th>Couple maximal</th><td>218 N.m</td></tr><tr><th>Equivalenza cilindrata</th><td>Équivalent 125 cm3</td></tr><tr><th>Marque du moteur</th><td>Zeeho</td></tr><tr><th>Potenza massima</th><td>12 500 W</td></tr><tr><th>Potenza motore</th><td>5 500 W</td></tr><tr><th>Transmission</th><td>Par courroie</td></tr><tr><th>Velocita massima</th><td>100 km/h</td></tr></table><h3>Batterie</h3><table><tr><th>Autonomia</th><td>120 km</td></tr><tr><th>Batteria rimovibile</th><td>Si</td></tr><tr><th>Caricatore incluso</th><td>Si</td></tr><tr><th>Poids de la batterie</th><td>13 kg par batterie</td></tr><tr><th>Capacita batteria</th><td>1,86 kWh x 2</td></tr><tr><th>Recharge compatible T2</th><td>No</td></tr><tr><th>Tempo di ricarica</th><td>2,5 h</td></tr><tr><th>Tipo di batteria</th><td>Lithium</td></tr><tr><th>Voltage & Ampérage de la Batterie</th><td>69 V / 27 Ah</td></tr></table><h3>Chassis</h3><table><tr><th>Empattement</th><td>1 380 mm</td></tr><tr><th>Hauteur de selle</th><td>780 mm</td></tr><tr><th>Hauteur hors tout</th><td>1 090 mm</td></tr><tr><th>Largeur hors tout</th><td>735 mm</td></tr><tr><th>Longueur hors tout</th><td>1 900 mm</td></tr></table><h3>Partie Cycle</h3><table><tr><th>Amortisseur arrière réglable</th><td>Si</td></tr><tr><th>Amortisseur avant réglable</th><td>No</td></tr><tr><th>Taille frein arrière</th><td>180 mm</td></tr><tr><th>Taille frein avant</th><td>220 mm</td></tr><tr><th>Taille pneu arrière</th><td>120/70-12</td></tr><tr><th>Taille pneu avant</th><td>100/80-12</td></tr><tr><th>Taille roue arrière</th><td>12 pouces</td></tr><tr><th>Taille roue avant</th><td>12 pouces</td></tr><tr><th>Type frein arrière</th><td>Disque</td></tr><tr><th>Type frein avant</th><td>Disque</td></tr><tr><th>Alarme</th><td>Si</td></tr><tr><th>Freinage couplé</th><td>ABS</td></tr><tr><th>Freinage régénératif</th><td>Si</td></tr><tr><th>Homologué 2 places</th><td>Si</td></tr><tr><th>Marche Arrière</th><td>Si</td></tr><tr><th>Modes de conduites</th><td>3 + Marche arrière</td></tr><tr><th>Prise USB</th><td>Si</td></tr><tr><th>Régulateur</th><td>Si</td></tr><tr><th>Accélération</th><td>0 à 50 km/h en 2.6 secondes</td></tr><tr><th>Categoria omologazione</th><td>L3e</td></tr><tr><th>Code National</th><td>MTL</td></tr><tr><th>Couleur</th><td>Starship Silver</td></tr><tr><th>Dimensioni</th><td>185 × 67 × 116 cm</td></tr><tr><th>Marque</th><td>Zeeho</td></tr><tr><th>Modèle</th><td>AE8 S+</td></tr><tr><th>Patente</th><td>Permis B + Formation 7h, Permis moto</td></tr><tr><th>Peso in ordine di marcia</th><td>159 kg</td></tr></table><h2>Note</h2><p>Disponibilita, prezzi e varianti possono variare. Si consiglia di verificare la configurazione selezionata prima dell'acquisto.</p>",5990.00,,yes,no,Scooter elettrici > 125,,"http://www.go2roues.com/wp-content/uploads/2024/10/ZEEHO-AE8S-GRIS-AVANT-DROIT.png, https://www.go2roues.com/wp-content/uploads/2024/10/ZEEHO-AE8S-GRIS-AVANT-DROIT.png, https://www.go2roues.com/wp-content/uploads/2024/04/AES8S-Starship-Silver-avg.jpg, https://www.go2roues.com/wp-content/uploads/2024/04/AES8S-Starship-Silver-cote-gauche.jpg, https://www.go2roues.com/wp-content/uploads/2024/10/ZEEHO-AE8S-GRIS-COMPTEUR.png, https://www.go2roues.com/wp-content/uploads/2024/10/ZEEHO-AE8S-GRIS-COTE-GAUCHE-2.png, https://www.go2roues.com/wp-content/uploads/2024/10/ZEEHO-AE8S-GRIS-COTE-GAUCHE.png, https://www.go2roues.com/wp-content/uploads/2024/10/ZEEHO-AE8S-GRIS-ROUE-ARRIERE.png, https://www.go2roues.com/wp-content/uploads/2024/10/ZEEHO-AE8S-GRIS-ARRIERE-DROIT.png, https://www.go2roues.com/wp-content/uploads/2024/10/ZEEHO-AE8S-GRIS-ARRIERE-GAUCHE.png, https://www.go2roues.com/wp-content/uploads/2024/10/ZEEHO-AE8S-GRIS-ZOOM-ARRIERE.png, https://www.go2roues.com/wp-content/uploads/2024/10/ZEEHO-AE8S-GRIS-ARRIERE.png, https://www.go2roues.com/wp-content/uploads/2024/10/ZEEHO-AE8S-GRIS-COTE-DROIT-2.png, https://www.go2roues.com/wp-content/uploads/2024/04/AE8-city-4.jpg, https://www.go2roues.com/wp-content/uploads/2024/04/AE8-city-2.jpg",,,,,,,,,,
variable,www-go2roues-com-shop-segway-e300se,Segway E300SE,1,visible,"<p><strong>Segway E300SE</strong> di Segway Ninebot. <em>Venduto da Distribuzione Import Export S.R.L.</em>.</p><ul><li>Autonomia dichiarata: 125 km, 85 km</li><li>Velocita massima: 105 km/h</li><li>Tempo di ricarica: 3 h par batterie</li><li>Peso: 12,6 kg par batterie</li></ul>","<h2>Panoramica</h2><p>Contenuto riscritto e ottimizzato per una boutique italiana: informazioni chiare, valori tecnici organizzati e testo pensato per aiutare la decisione d'acquisto.</p><p><strong>Venditore:</strong> Distribuzione Import Export S.R.L.</p><p><strong>Categoria:</strong> Scooter elettrici > 125</p><h2>Scheda tecnica</h2><h3>Moteur</h3><table><tr><th>Couple maximal</th><td>200 Nm</td></tr><tr><th>Equivalenza cilindrata</th><td>Équivalent 125 cm3</td></tr><tr><th>Marque du moteur</th><td>Segway Ninebot</td></tr><tr><th>Potenza massima</th><td>10 000 W</td></tr><tr><th>Potenza motore</th><td>7 800 W</td></tr><tr><th>Transmission</th><td>Moteur intégré dans la roue arrière</td></tr><tr><th>Velocita massima</th><td>105 km/h</td></tr></table><h3>Batterie</h3><table><tr><th>Autonomia</th><td>125 km, 85 km</td></tr><tr><th>Batteria rimovibile</th><td>Si</td></tr><tr><th>Caricatore incluso</th><td>Si</td></tr><tr><th>Poids de la batterie</th><td>12,6 kg par batterie</td></tr><tr><th>Capacita batteria</th><td>1.99 kWh x 2, 1.99 kWh x 3</td></tr><tr><th>Tempo di ricarica</th><td>3 h par batterie</td></tr><tr><th>Tipo di batteria</th><td>Lithium</td></tr><tr><th>Voltage & Ampérage de la Batterie</th><td>74V / 27Ah x 2</td></tr></table><h3>Chassis</h3><table><tr><th>Charge maximale</th><td>280 kg</td></tr><tr><th>Empattement</th><td>1 360 mm</td></tr><tr><th>Hauteur de selle</th><td>780 mm</td></tr><tr><th>Hauteur hors tout</th><td>1 175 mm</td></tr><tr><th>Largeur hors tout</th><td>680 mm</td></tr><tr><th>Longueur hors tout</th><td>1 855 mm</td></tr></table><h3>Partie Cycle</h3><table><tr><th>Amortisseur arrière réglable</th><td>Si</td></tr><tr><th>Amortisseur avant réglable</th><td>No</td></tr><tr><th>Taille frein arrière</th><td>180 mm</td></tr><tr><th>Taille frein avant</th><td>220 mm</td></tr><tr><th>Taille pneu arrière</th><td>120/70-12</td></tr><tr><th>Taille pneu avant</th><td>100/70-12</td></tr><tr><th>Taille roue arrière</th><td>12 pouces</td></tr><tr><th>Taille roue avant</th><td>12 pouces</td></tr><tr><th>Type frein arrière</th><td>Disque</td></tr><tr><th>Type frein avant</th><td>Disque</td></tr><tr><th>Alarme</th><td>Si</td></tr><tr><th>Freinage couplé</th><td>ABS</td></tr><tr><th>Freinage régénératif</th><td>Si</td></tr><tr><th>Homologué 2 places</th><td>Si</td></tr><tr><th>Marche Arrière</th><td>Si</td></tr><tr><th>Modes de conduites</th><td>2, 5</td></tr><tr><th>Prise USB</th><td>Si</td></tr><tr><th>Régulateur</th><td>Si</td></tr><tr><th>Accélération</th><td>0 à 50 km/h en 2.9 secondes</td></tr><tr><th>Categoria omologazione</th><td>L3e</td></tr><tr><th>Code National</th><td>MTL</td></tr><tr><th>Couleur</th><td>Noir</td></tr><tr><th>Dimensioni</th><td>185 × 67 × 116 cm</td></tr><tr><th>Keyless</th><td>Si</td></tr><tr><th>Marque</th><td>Segway Ninebot</td></tr><tr><th>Modèle</th><td>E300SE</td></tr><tr><th>Patente</th><td>Permis B + Formation 7h, Permis moto</td></tr><tr><th>Peso in ordine di marcia</th><td>100 kg</td></tr></table><h2>Note</h2><p>Disponibilita, prezzi e varianti possono variare. Si consiglia di verificare la configurazione selezionata prima dell'acquisto.</p>",,,,,Scooter elettrici > 125,,"https://www.go2roues.com/wp-content/uploads/2023/08/segway-E300SE-avant-droit.png, https://www.go2roues.com/wp-content/uploads/2023/08/segway-E300SE-arriere-droit.png, https://www.go2roues.com/wp-content/uploads/2023/08/segway-E300SE-arriere-gauche.png, https://www.go2roues.com/wp-content/uploads/2023/08/segway-E300SE-avant-gauche.png, https://www.go2roues.com/wp-content/uploads/2023/08/segway-E300SE-cote-droit.png, https://www.go2roues.com/wp-content/uploads/2023/08/segway-E300SE-cote-gauche.png, https://www.go2roues.com/wp-content/uploads/2023/08/segway-E300SE-siege-zoom.png, https://www.go2roues.com/wp-content/uploads/2023/08/segway-E300SE-siege.png, https://www.go2roues.com/wp-content/uploads/2023/08/segway-E300SE-sous-selle.png, https://www.go2roues.com/wp-content/uploads/2023/02/segway-e300se-lifestyle-vue-arriere.jpg, https://www.go2roues.com/wp-content/uploads/2023/02/segway-e300se-lifestyle-parking.jpg, https://www.go2roues.com/wp-content/uploads/2023/02/segway-e300se-lifestyle-frein-avant.jpg, https://www.go2roues.com/wp-content/uploads/2023/02/segway-e300se-lifestyle-coffre.jpg, https://www.go2roues.com/wp-content/uploads/2023/02/segway-e300se-compteur.jpg, http://www.go2roues.com/wp-content/uploads/2023/08/segway-E300SE-avant-droit.png",,Colore,,1,1,Finitura,,1,1,Segway Ninebot
variation,segway-e300se-125-km,Segway E300SE - 125-km,1,visible,,,5799.00,5259.00,yes,notify,,,https://www.go2roues.com/wp-content/uploads/2023/08/segway-E300SE-avant-droit.png,www-go2roues-com-shop-segway-e300se,Colore,,,,Finitura,,,,Segway Ninebot
variation,segway-e300se-85-km,Segway E300SE - 85-km,1,visible,,,4399.00,4259.00,yes,notify,,,https://www.go2roues.com/wp-content/uploads/2023/08/segway-E300SE-avant-gauche.png,www-go2roues-com-shop-segway-e300se,Colore,,,,Finitura,,,,Segway Ninebot
variable,www-go2roues-com-shop-nerva-exe,NERVA EXE,1,visible,<p><strong>NERVA EXE</strong> di Nerva. <em>Venduto da Distribuzione Import Export S.R.L.</em>.</p><ul><li>Autonomia dichiarata: 150 km</li><li>Velocita massima: 110 km/h</li><li>Tempo di ricarica: Oui</li><li>Peso: 202 kg</li></ul>,"<h2>Panoramica</h2><p>Contenuto riscritto e ottimizzato per una boutique italiana: informazioni chiare, valori tecnici organizzati e testo pensato per aiutare la decisione d'acquisto.</p><p><strong>Venditore:</strong> Distribuzione Import Export S.R.L.</p><p><strong>Categoria:</strong> Scooter elettrici > Maxi scooter</p><h2>Punti di forza</h2><ul><li>À l’avant, il est composé d’un double frein à disque, chacun de ces disques font 260 mm de diamètre avec un étrier à double piston à ancrage radical.</li><li>À l’arrière, c’est un disque de 230 mm de diamètre que l’on retrouve avec un étrier à piston unique.</li></ul><h2>Scheda tecnica</h2><h3>Moteur</h3><table><tr><th>Couple maximal</th><td>48 Nm</td></tr><tr><th>Equivalenza cilindrata</th><td>Équivalent 125 cm3</td></tr><tr><th>Potenza massima</th><td>12 000 W</td></tr><tr><th>Potenza motore</th><td>9 000 W</td></tr><tr><th>Velocita massima</th><td>110 km/h</td></tr></table><h3>Batterie</h3><table><tr><th>Autonomia</th><td>150 km</td></tr><tr><th>Batteria rimovibile</th><td>No</td></tr><tr><th>Caricatore incluso</th><td>Si</td></tr><tr><th>Capacita batteria</th><td>5.76 kWh</td></tr><tr><th>Recharge compatible T2</th><td>Si</td></tr><tr><th>Tempo di ricarica</th><td>4 h 20</td></tr><tr><th>Tipo di batteria</th><td>Lithium</td></tr></table><h3>Chassis</h3><table><tr><th>Empattement</th><td>1 617 mm</td></tr><tr><th>Hauteur de selle</th><td>800 mm</td></tr><tr><th>Hauteur hors tout</th><td>1 291 mm</td></tr><tr><th>Largeur hors tout</th><td>786 mm</td></tr><tr><th>Longueur hors tout</th><td>2 227 mm</td></tr></table><h3>Partie Cycle</h3><table><tr><th>Amortisseur arrière réglable</th><td>Si</td></tr><tr><th>Amortisseur avant réglable</th><td>No</td></tr><tr><th>Taille pneu arrière</th><td>120/70-14</td></tr><tr><th>Taille pneu avant</th><td>120/70-15</td></tr><tr><th>Type frein arrière</th><td>Disque</td></tr><tr><th>Alarme</th><td>No</td></tr><tr><th>Freinage régénératif</th><td>Si</td></tr><tr><th>Homologué 2 places</th><td>Si</td></tr><tr><th>Marche Arrière</th><td>Si</td></tr><tr><th>Modes de conduites</th><td>3 + Marche arrière</td></tr><tr><th>Prise USB</th><td>Si</td></tr><tr><th>Rangement casque sous la selle</th><td>Si</td></tr><tr><th>Accélération</th><td>0 à 100 km/h en 10 secondes</td></tr><tr><th>Categoria omologazione</th><td>L3e</td></tr><tr><th>Code National</th><td>MTL</td></tr><tr><th>Couleur</th><td>Blanc, Gris</td></tr><tr><th>Marque</th><td>Nerva</td></tr><tr><th>Patente</th><td>Permis A1, Permis B + Formation 7h</td></tr><tr><th>Peso in ordine di marcia</th><td>202 kg</td></tr></table><h2>Note</h2><p>Disponibilita, prezzi e varianti possono variare. Si consiglia di verificare la configurazione selezionata prima dell'acquisto.</p>",,,,,Scooter elettrici > Maxi scooter,,"https://www.go2roues.com/wp-content/uploads/2023/07/nerva-gris-face-droit.png, https://www.go2roues.com/wp-content/uploads/2023/07/nerva-gris-cote-droit.png, https://www.go2roues.com/wp-content/uploads/2023/07/nerva-gris-arriere-droit.png, https://www.go2roues.com/wp-content/uploads/2023/07/blanc-face-droit.png, https://www.go2roues.com/wp-content/uploads/2023/07/blanc-cote-droit.png, https://www.go2roues.com/wp-content/uploads/2023/07/blanc-arriere-droit.png, http://www.go2roues.com/wp-content/uploads/2023/07/nerva-gris-face-droit.png",,Colore,"Bianco, Grigio",1,1,Finitura,,1,1,Nerva
variation,nerva-exe-blanc,NERVA EXE - blanc,1,visible,,,6690.00,,yes,no,,,https://www.go2roues.com/wp-content/uploads/2023/07/blanc-face-droit.png,www-go2roues-com-shop-nerva-exe,Colore,Bianco,,,Finitura,,,,Nerva
variation,nerva-exe-gris,NERVA EXE - gris,1,visible,,,6690.00,,yes,no,,,https://www.go2roues.com/wp-content/uploads/2023/07/nerva-gris-face-droit.png,www-go2roues-com-shop-nerva-exe,Colore,Grigio,,,Finitura,,,,Nerva
variable,www-go2roues-com-shop-murtas-motorcycles-mx2,Murtas Motorcycles MX2,1,visible,<p><strong>Murtas Motorcycles MX2</strong> di Murtas Motorcycles. <em>Venduto da Distribuzione Import Export S.R.L.</em>.</p><ul><li>Autonomia dichiarata: 200 km</li><li>Velocita massima: 115 km/h</li><li>Tempo di ricarica: 2 h 30</li><li>Peso: 19 kg</li></ul>,"<h2>Panoramica</h2><p>Contenuto riscritto e ottimizzato per una boutique italiana: informazioni chiare, valori tecnici organizzati e testo pensato per aiutare la decisione d'acquisto.</p><p><strong>Venditore:</strong> Distribuzione Import Export S.R.L.</p><p><strong>Categoria:</strong> Scooter elettrici > 125</p><h2>Scheda tecnica</h2><h3>Moteur</h3><table><tr><th>Couple maximal</th><td>180 Nm</td></tr><tr><th>Equivalenza cilindrata</th><td>Équivalent 125 cm3</td></tr><tr><th>Marque du moteur</th><td>OKLA</td></tr><tr><th>Potenza massima</th><td>11 000 W</td></tr><tr><th>Potenza motore</th><td>7 000 W</td></tr><tr><th>Transmission</th><td>Moteur intégré dans la roue arrière</td></tr><tr><th>Velocita massima</th><td>115 km/h</td></tr></table><h3>Batterie</h3><table><tr><th>Autonomia</th><td>200 km</td></tr><tr><th>Batteria rimovibile</th><td>Si</td></tr><tr><th>Caricatore incluso</th><td>Si</td></tr><tr><th>Intensité du chargeur</th><td>18A</td></tr><tr><th>Poids de la batterie</th><td>19 kg</td></tr><tr><th>Capacita batteria</th><td>2.88 kWh, 2.88 kWh x 2</td></tr><tr><th>Tempo di ricarica</th><td>2 h 30</td></tr><tr><th>Tipo di batteria</th><td>Lithium</td></tr><tr><th>Voltage & Ampérage de la Batterie</th><td>72V / 40Ah, 72V / 40Ah x 2</td></tr></table><h3>Chassis</h3><table><tr><th>Charge maximale</th><td>200 kg</td></tr><tr><th>Empattement</th><td>1 480 mm</td></tr><tr><th>Garde au sol minimale</th><td>150 mm</td></tr><tr><th>Hauteur de selle</th><td>760 mm</td></tr><tr><th>Hauteur hors tout</th><td>1 400 mm</td></tr><tr><th>Largeur hors tout</th><td>700 mm</td></tr><tr><th>Longueur hors tout</th><td>2 100 mm</td></tr></table><h3>Partie Cycle</h3><table><tr><th>Amortisseur arrière réglable</th><td>Si</td></tr><tr><th>Amortisseur avant réglable</th><td>No</td></tr><tr><th>Taille frein arrière</th><td>220 mm</td></tr><tr><th>Taille frein avant</th><td>240 mm</td></tr><tr><th>Taille pneu arrière</th><td>110/80-14</td></tr><tr><th>Taille pneu avant</th><td>100/80-16</td></tr><tr><th>Taille roue arrière</th><td>14 pouces</td></tr><tr><th>Taille roue avant</th><td>16 pouces</td></tr><tr><th>Type frein arrière</th><td>Disque</td></tr><tr><th>Type frein avant</th><td>Disque</td></tr><tr><th>Alarme</th><td>Si</td></tr><tr><th>Freinage couplé</th><td>Si</td></tr><tr><th>Freinage régénératif</th><td>Si</td></tr><tr><th>Homologué 2 places</th><td>Si</td></tr><tr><th>Marche Arrière</th><td>Si</td></tr><tr><th>Modes de conduites</th><td>3</td></tr><tr><th>Prise USB</th><td>Si</td></tr><tr><th>Rangement casque sous la selle</th><td>No</td></tr><tr><th>Régulateur</th><td>No</td></tr><tr><th>Categoria omologazione</th><td>L3e</td></tr><tr><th>Code National</th><td>MTL</td></tr><tr><th>Couleur</th><td>Noir Mat, Rouge</td></tr><tr><th>Dimensioni</th><td>210 × 70 × 140 cm</td></tr><tr><th>Marque</th><td>Murtas Motorcycles</td></tr><tr><th>Modèle</th><td>MX2</td></tr><tr><th>Patente</th><td>Permis B + Formation 7h</td></tr><tr><th>Peso in ordine di marcia</th><td>126 kg</td></tr></table><h2>Note</h2><p>Disponibilita, prezzi e varianti possono variare. Si consiglia di verificare la configurazione selezionata prima dell'acquisto.</p>",,,,,Scooter elettrici > 125,,"https://www.go2roues.com/wp-content/uploads/2023/10/murtas-mx2-rouge-avd.jpeg, https://www.go2roues.com/wp-content/uploads/2023/10/murtas-mx2-noir-mat-avd.png, https://www.go2roues.com/wp-content/uploads/2023/10/murtas-mx2-rouge-avant.jpeg, https://www.go2roues.com/wp-content/uploads/2023/10/murtas-mx2-rouge-avg.jpeg, https://www.go2roues.com/wp-content/uploads/2023/10/murtas-mx2-rouge-cote-gauche.jpeg, https://www.go2roues.com/wp-content/uploads/2023/10/murtas-mx2-rouge-arg.jpeg, https://www.go2roues.com/wp-content/uploads/2023/10/murtas-mx2-rouge-arriere.jpeg, https://www.go2roues.com/wp-content/uploads/2023/10/murtas-mx2-rouge-ard.jpeg, https://www.go2roues.com/wp-content/uploads/2023/10/murtas-mx2-rouge-cote-droit.jpeg, https://www.go2roues.com/wp-content/uploads/2023/10/murtas-mx2-rouge-compteur.jpeg, https://www.go2roues.com/wp-content/uploads/2023/10/murtas-mx2-11.jpg, https://www.go2roues.com/wp-content/uploads/2023/10/murtas-mx2.jpg, https://www.go2roues.com/wp-content/uploads/2023/02/murtas-motorcycles-mx2-compteur-1.jpg, https://www.go2roues.com/wp-content/uploads/2023/02/murtas-motorcycles-mx2-compteur.jpg, https://www.go2roues.com/wp-content/uploads/2023/02/murtas-motorcycles-mx2-commodo-droit.jpg",,Colore,"Noir Mat, Rosso",1,1,Finitura,,1,1,Murtas Motorcycles
variation,murtasmotormx-rouge,Murtas Motorcycles MX2 - rouge,1,visible,,,4999.00,,yes,notify,,,https://www.go2roues.com/wp-content/uploads/2023/10/murtas-mx2-rouge-avd.jpeg,www-go2roues-com-shop-murtas-motorcycles-mx2,Colore,Rosso,,,Finitura,,,,Murtas Motorcycles
variation,murtasmotormx-noir-mat,Murtas Motorcycles MX2 - noir-mat,1,visible,,,4999.00,,yes,notify,,,https://www.go2roues.com/wp-content/uploads/2023/10/murtas-mx2-noir-mat-avd.png,www-go2roues-com-shop-murtas-motorcycles-mx2,Colore,Noir Mat,,,Finitura,,,,Murtas Motorcycles
variable,www-go2roues-com-shop-segway-ninebot-e125s,Segway E125S,1,visible,<p><strong>Segway E125S</strong> di Segway Ninebot. <em>Venduto da Distribuzione Import Export S.R.L.</em>.</p><ul><li>Autonomia dichiarata: 81 km</li><li>Velocita massima: 45 km/h</li><li>Tempo di ricarica: 2 h par batterie</li><li>Peso: 11 kg par batterie</li></ul>,"<h2>Panoramica</h2><p>Contenuto riscritto e ottimizzato per una boutique italiana: informazioni chiare, valori tecnici organizzati e testo pensato per aiutare la decisione d'acquisto.</p><p><strong>Venditore:</strong> Distribuzione Import Export S.R.L.</p><p><strong>Categoria:</strong> Scooter elettrici > Sans Permis</p><h2>Scheda tecnica</h2><h3>Moteur</h3><table><tr><th>Couple maximal</th><td>120 Nm</td></tr><tr><th>Equivalenza cilindrata</th><td>Équivalent 50 cm3</td></tr><tr><th>Marque du moteur</th><td>QS Motor</td></tr><tr><th>Potenza massima</th><td>3 000 W</td></tr><tr><th>Potenza motore</th><td>3 000 W</td></tr><tr><th>Transmission</th><td>Moteur intégré dans la roue arrière</td></tr><tr><th>Velocita massima</th><td>45 km/h</td></tr></table><h3>Batterie</h3><table><tr><th>Autonomia</th><td>81 km</td></tr><tr><th>Batteria rimovibile</th><td>Si</td></tr><tr><th>Caricatore incluso</th><td>Si</td></tr><tr><th>Intensité du chargeur</th><td>20A</td></tr><tr><th>Poids de la batterie</th><td>11 kg par batterie</td></tr><tr><th>Capacita batteria</th><td>1.44 kWh x 2</td></tr><tr><th>Tempo di ricarica</th><td>2 h par batterie</td></tr><tr><th>Tipo di batteria</th><td>Lithium</td></tr><tr><th>Voltage & Ampérage de la Batterie</th><td>48V / 30Ah x 2</td></tr></table><h3>Chassis</h3><table><tr><th>Charge maximale</th><td>255 kg</td></tr><tr><th>Empattement</th><td>1 365 mm</td></tr><tr><th>Hauteur de selle</th><td>770 mm</td></tr><tr><th>Hauteur hors tout</th><td>1 175 mm</td></tr><tr><th>Largeur hors tout</th><td>675 mm</td></tr><tr><th>Longueur hors tout</th><td>1 866 mm</td></tr></table><h3>Partie Cycle</h3><table><tr><th>Amortisseur arrière réglable</th><td>No</td></tr><tr><th>Amortisseur avant réglable</th><td>No</td></tr><tr><th>Taille frein arrière</th><td>180 mm</td></tr><tr><th>Taille frein avant</th><td>220 mm</td></tr><tr><th>Taille pneu arrière</th><td>120/70-12</td></tr><tr><th>Taille pneu avant</th><td>100/70-12</td></tr><tr><th>Taille roue arrière</th><td>12 pouces</td></tr><tr><th>Taille roue avant</th><td>12 pouces</td></tr><tr><th>Type frein arrière</th><td>Disque</td></tr><tr><th>Type frein avant</th><td>Disque</td></tr><tr><th>Alarme</th><td>Si</td></tr><tr><th>Freinage couplé</th><td>ABS</td></tr><tr><th>Freinage régénératif</th><td>Si</td></tr><tr><th>Homologué 2 places</th><td>Si</td></tr><tr><th>Marche Arrière</th><td>No</td></tr><tr><th>Modes de conduites</th><td>3</td></tr><tr><th>Prise USB</th><td>Si</td></tr><tr><th>Rangement casque sous la selle</th><td>Si</td></tr><tr><th>Régulateur</th><td>Si</td></tr><tr><th>Categoria omologazione</th><td>L1e</td></tr><tr><th>Code National</th><td>CL</td></tr><tr><th>Couleur</th><td>Artic White, Atlantic Blue, Phantom Black, Red Ruby, Noir Mat</td></tr><tr><th>Dimensioni</th><td>185 × 67 × 116 cm</td></tr><tr><th>Marque</th><td>Segway Ninebot</td></tr><tr><th>Modèle</th><td>E125S</td></tr><tr><th>Patente</th><td>Sans permis</td></tr><tr><th>Peso in ordine di marcia</th><td>90 kg</td></tr></table><h2>Note</h2><p>Disponibilita, prezzi e varianti possono variare. Si consiglia di verificare la configurazione selezionata prima dell'acquisto.</p>",,,,,Scooter elettrici > Sans Permis,,"https://www.go2roues.com/wp-content/uploads/2023/09/segway-e125s-roue-2.png, https://www.go2roues.com/wp-content/uploads/2023/09/segway-e125s-roue-3.png, https://www.go2roues.com/wp-content/uploads/2023/09/segway-e125s-arriere-droit-1.png, https://www.go2roues.com/wp-content/uploads/2023/09/segway-e125s-commodo-droit.png, https://www.go2roues.com/wp-content/uploads/2023/09/segway-e125s-commodo-gauche.png, https://www.go2roues.com/wp-content/uploads/2023/09/segway-e125s-cles.png, https://www.go2roues.com/wp-content/uploads/2023/09/segway-e125s-de-dos.png, https://www.go2roues.com/wp-content/uploads/2023/09/segway-e125s-selle.png, https://www.go2roues.com/wp-content/uploads/2023/02/segway-e125s-rouge-rubis-trois-quart-face-droit.jpg, https://www.go2roues.com/wp-content/uploads/2023/02/segway-e125s-phantom-black-trois-quart-face-droit.jpg, https://www.go2roues.com/wp-content/uploads/2023/02/segway-e125s-artic-white-trois-quart-face-droit.jpg, https://www.go2roues.com/wp-content/uploads/2023/02/segway-e125s-atlantic-blue-cote-droit.jpg, https://www.go2roues.com/wp-content/uploads/2023/02/segway-e125s-atlantic-blue-trois-quart-arriere-droit.jpg, https://www.go2roues.com/wp-content/uploads/2023/02/segway-e125s-atlantic-blue-trois-quart-arriere-gauche.jpg, https://www.go2roues.com/wp-content/uploads/2023/02/segway-e125s-atlantic-blue-cote-gauche.jpg",,Colore,"Artic White, Atlantic Blue, Phantom Black, Red Ruby, Noir Mat",1,1,Finitura,,1,1,Segway Ninebot
variation,segway-ninebot-e125s-phantom-black,Segway E125S - phantom-black,1,visible,,,3899.00,,yes,notify,,,https://www.go2roues.com/wp-content/uploads/2023/02/segway-e125s-phantom-black-trois-quart-face-droit.jpg,www-go2roues-com-shop-segway-ninebot-e125s,Colore,Phantom Black,,,Finitura,,,,Segway Ninebot
variation,segway-ninebot-e125s-red-ruby,Segway E125S - red-ruby,1,visible,,,3899.00,,yes,notify,,,https://www.go2roues.com/wp-content/uploads/2023/02/segway-e125s-rouge-rubis-trois-quart-face-droit.jpg,www-go2roues-com-shop-segway-ninebot-e125s,Colore,Red Ruby,,,Finitura,,,,Segway Ninebot
simple,silences01-13-120-km-h,Silence S01 Plus - 120-km-h,1,visible,"<p><strong>Silence S01 Plus</strong> di Silence. <em>Venduto da Distribuzione Import Export S.R.L.</em>.</p><ul><li>Autonomia dichiarata: 130 km</li><li>Velocita massima: 100 km/h, 120 km/h</li><li>Tempo di ricarica: 6 h</li><li>Peso: 41 kg</li></ul>","<h2>Panoramica</h2><p>Contenuto riscritto e ottimizzato per una boutique italiana: informazioni chiare, valori tecnici organizzati e testo pensato per aiutare la decisione d'acquisto.</p><p><strong>Venditore:</strong> Distribuzione Import Export S.R.L.</p><p><strong>Categoria:</strong> Scooter elettrici > 125</p><h2>Punti di forza</h2><ul><li>le mode Eco limite la vitesse à 45 km/h , l’accélération se fait plus douce : ceci allonge donc l’autonomie. Ce mode est tout indiqué pour les zones 30.</li><li>Le mode City équilibre la puissance et l’autonomie : parfait en ville, notamment lorsque la limitation de vitesse atteint les 50 km/h.</li></ul><h2>Scheda tecnica</h2><h3>Moteur</h3><table><tr><th>Couple maximal</th><td>165 Nm</td></tr><tr><th>Equivalenza cilindrata</th><td>Équivalent 125 cm3</td></tr><tr><th>Marque du moteur</th><td>Silence</td></tr><tr><th>Potenza massima</th><td>9 000 W</td></tr><tr><th>Potenza motore</th><td>7 500 W</td></tr><tr><th>Transmission</th><td>Moteur intégré dans la roue arrière</td></tr><tr><th>Velocita massima</th><td>100 km/h, 120 km/h</td></tr></table><h3>Batterie</h3><table><tr><th>Autonomia</th><td>130 km</td></tr><tr><th>Batteria rimovibile</th><td>Si</td></tr><tr><th>Caricatore incluso</th><td>Si</td></tr><tr><th>Poids de la batterie</th><td>41 kg</td></tr><tr><th>Capacita batteria</th><td>5.6 kWh</td></tr><tr><th>Tempo di ricarica</th><td>6 h</td></tr><tr><th>Tipo di batteria</th><td>Lithium</td></tr></table><h3>Chassis</h3><table><tr><th>Charge maximale</th><td>175 kg</td></tr><tr><th>Empattement</th><td>1 450 mm</td></tr><tr><th>Garde au sol minimale</th><td>177 mm</td></tr><tr><th>Hauteur hors tout</th><td>1313 mm</td></tr><tr><th>Largeur hors tout</th><td>705 mm</td></tr><tr><th>Longueur hors tout</th><td>2 000 mm</td></tr></table><h3>Partie Cycle</h3><table><tr><th>Amortisseur arrière réglable</th><td>Si</td></tr><tr><th>Amortisseur avant réglable</th><td>No</td></tr><tr><th>Taille frein arrière</th><td>240 mm</td></tr><tr><th>Taille frein avant</th><td>260 mm</td></tr><tr><th>Taille pneu arrière</th><td>140/70-14</td></tr><tr><th>Taille pneu avant</th><td>120/70-15</td></tr><tr><th>Taille roue arrière</th><td>14 pouces</td></tr><tr><th>Taille roue avant</th><td>15 pouces</td></tr><tr><th>Type frein arrière</th><td>Disque</td></tr><tr><th>Type frein avant</th><td>Disque</td></tr><tr><th>Alarme</th><td>Si</td></tr><tr><th>Freinage couplé</th><td>Si</td></tr><tr><th>Freinage régénératif</th><td>Si</td></tr><tr><th>Homologué 2 places</th><td>Si</td></tr><tr><th>Marche Arrière</th><td>Si</td></tr><tr><th>Modes de conduites</th><td>3</td></tr><tr><th>Prise USB</th><td>Si</td></tr><tr><th>Rangement casque sous la selle</th><td>Si</td></tr><tr><th>Régulateur</th><td>No</td></tr><tr><th>Accélération</th><td>0 à 50 km/h en 3 secondes</td></tr><tr><th>Categoria omologazione</th><td>L3e</td></tr><tr><th>Code National</th><td>MTL</td></tr><tr><th>Couleur</th><td>Gris</td></tr><tr><th>Dimensioni</th><td>200 × 70 × 131 cm</td></tr><tr><th>Marque</th><td>Silence</td></tr><tr><th>Modèle</th><td>S01+</td></tr><tr><th>Patente</th><td>Permis B + Formation 7h, Permis moto</td></tr><tr><th>Peso in ordine di marcia</th><td>155 kg</td></tr></table><h2>Note</h2><p>Disponibilita, prezzi e varianti possono variare. Si consiglia di verificare la configurazione selezionata prima dell'acquisto.</p>",5995.00,,yes,notify,Scooter elettrici > 125,,"https://www.go2roues.com/wp-content/uploads/2021/12/silence-S01-plus-trois-quart-face-droit4.jpg, https://www.go2roues.com/wp-content/uploads/2023/09/SILENCE-S01-PLUS-AVANT-DROIT.png, https://www.go2roues.com/wp-content/uploads/2023/09/SILENCE-S01-PLUS-AVANT-GAUCHE.png, https://www.go2roues.com/wp-content/uploads/2023/09/SILENCE-S01-PLUS-AVANT.png, https://www.go2roues.com/wp-content/uploads/2023/09/SILENCE-S01-PLUS-COTE-DROIT.png, https://www.go2roues.com/wp-content/uploads/2023/09/SILENCE-S01-PLUS-COTE-GAUCHE.png, https://www.go2roues.com/wp-content/uploads/2023/09/SILENCE-S01-PLUS-ARRIERE-DROIT.png, https://www.go2roues.com/wp-content/uploads/2023/09/SILENCE-S01-PLUS-ARRIERE-GAUCHE.png, https://www.go2roues.com/wp-content/uploads/2023/09/SILENCE-S01-PLUS-ROUES.png, https://www.go2roues.com/wp-content/uploads/2023/09/SILENCE-S01-PLUS-COMMODO-GAUCHE.png, https://www.go2roues.com/wp-content/uploads/2023/09/SILENCE-S01-PLUS-COMMODO-DROIT.png, https://www.go2roues.com/wp-content/uploads/2019/05/silence-s01-plus-eicma-moteur.jpg, https://www.go2roues.com/wp-content/uploads/2019/05/silence-s01-plus-eicma-cote-gauche.jpg, https://www.go2roues.com/wp-content/uploads/2019/05/silence-s01-plus-eicma-cote-droit-gros-plan.jpg, https://www.go2roues.com/wp-content/uploads/2019/05/silence-s01-plus-eicma-batterie.jpg",,,,,,,,,,Silence
variable,www-go2roues-com-shop-segway-e250s,Segway E250S,1,visible,"<p><strong>Segway E250S</strong> di Segway Ninebot. <em>Venduto da Distribuzione Import Export S.R.L.</em>.</p><ul><li>Autonomia dichiarata: 105 km, 160 km</li><li>Velocita massima: 90 km/h</li><li>Tempo di ricarica: 2 h 30</li></ul>","<h2>Panoramica</h2><p>Contenuto riscritto e ottimizzato per una boutique italiana: informazioni chiare, valori tecnici organizzati e testo pensato per aiutare la decisione d'acquisto.</p><p><strong>Venditore:</strong> Distribuzione Import Export S.R.L.</p><p><strong>Categoria:</strong> Scooter elettrici</p><h2>Punti di forza</h2><ul><li>Mode Drive : le meilleur des deux mondes…La puissance suffisante pour rouler en périphérie avec le maintien d’une récupération d’énergie passive.</li><li>Mode Sport : le mode le plus dynamique. Ici, toute la puissance du moteur est délivré, pour une accélération maximale.</li><li>votre vitesse,</li><li>votre autonomie restante,</li><li>l’état de vos batteries</li><li>le mode de conduite sélectionné.</li></ul><h2>Scheda tecnica</h2><h3>Moteur</h3><table><tr><th>Couple maximal</th><td>235 Nm</td></tr><tr><th>Equivalenza cilindrata</th><td>Équivalent 125 cm3</td></tr><tr><th>Potenza massima</th><td>7 500 W</td></tr><tr><th>Potenza motore</th><td>5 000 W</td></tr><tr><th>Velocita massima</th><td>90 km/h</td></tr></table><h3>Batterie</h3><table><tr><th>Autonomia</th><td>105 km, 160 km</td></tr><tr><th>Batteria rimovibile</th><td>Si</td></tr><tr><th>Caricatore incluso</th><td>Si</td></tr><tr><th>Tempo di ricarica</th><td>2 h 30</td></tr><tr><th>Voltage & Ampérage de la Batterie</th><td>74V / 27Ah x 2, 74v / 27Ah x3</td></tr></table><h3>Partie Cycle</h3><table><tr><th>Amortisseur arrière réglable</th><td>Si</td></tr><tr><th>Type frein arrière</th><td>Disque hydraulique</td></tr><tr><th>Type frein avant</th><td>Disque hydraulique</td></tr><tr><th>Freinage couplé</th><td>ABS</td></tr><tr><th>Marche Arrière</th><td>Si</td></tr><tr><th>Modes de conduites</th><td>3 + Marche arrière</td></tr><tr><th>Rangement casque sous la selle</th><td>Si</td></tr><tr><th>Accélération</th><td>0 à 50 km/h en 4,3 sec</td></tr><tr><th>Aide au démarrage en côte</th><td>Si</td></tr><tr><th>Couleur</th><td>Matt Black, Matt Silver</td></tr><tr><th>Espace sous selle</th><td>34 L</td></tr><tr><th>Marque</th><td>Segway Ninebot</td></tr><tr><th>Patente</th><td>Permis A1, Permis B + Formation 7h</td></tr><tr><th>Régulateur de vitesse</th><td>Si</td></tr><tr><th>Système de contrôle de traction</th><td>Si</td></tr></table><h2>Note</h2><p>Disponibilita, prezzi e varianti possono variare. Si consiglia di verificare la configurazione selezionata prima dell'acquisto.</p>",,,,,Scooter elettrici,,"https://www.go2roues.com/wp-content/uploads/2025/03/SEGWAY-E250S-AVANT-DROIT.png, https://www.go2roues.com/wp-content/uploads/2025/04/segway-e250s-gris-av-gauche.png, https://www.go2roues.com/wp-content/uploads/2025/04/segway-e250s-noir-av-gauche.png, https://www.go2roues.com/wp-content/uploads/2025/04/segway-e250s-arriere-droit.png, https://www.go2roues.com/wp-content/uploads/2025/04/segway-e250s-avant.png, https://www.go2roues.com/wp-content/uploads/2025/04/segway-e250s-cote-gauche.png, https://www.go2roues.com/wp-content/uploads/2025/04/Segway-eScooter-E250S-Matt-Black-05.jpeg, https://www.go2roues.com/wp-content/uploads/2025/04/Segway-eScooter-E250S-Matt-Black-04.jpeg, https://www.go2roues.com/wp-content/uploads/2025/04/Segway-eScooter-E250S-Matt-Black-03.jpeg, https://www.go2roues.com/wp-content/uploads/2025/04/Segway-eScooter-E250S-Matt-Grey09.jpeg, https://www.go2roues.com/wp-content/uploads/2025/04/Segway-eScooter-E250S-Matt-Grey-10.jpeg, http://www.go2roues.com/wp-content/uploads/2025/03/SEGWAY-E250S-AVANT-DROIT.png",,Colore,"Matt Black, Matt Silver",1,1,Finitura,,1,1,Segway Ninebot
variation,segway-e250s-105-km-matt-black,Segway E250S - 105-km / matt-black,1,visible,,,3999.00,,yes,notify,,,https://www.go2roues.com/wp-content/uploads/2025/04/segway-e250s-noir-av-gauche.png,www-go2roues-com-shop-segway-e250s,Colore,Matt Black,,,Finitura,,,,Segway Ninebot
variation,segway-e250s-105-km-matt-silver,Segway E250S - 105-km / matt-silver,1,visible,,,3999.00,,yes,notify,,,https://www.go2roues.com/wp-content/uploads/2025/04/segway-e250s-gris-av-gauche.png,www-go2roues-com-shop-segway-e250s,Colore,Matt Silver,,,Finitura,,,,Segway Ninebot
variation,segway-e250s-160-km-matt-black,Segway E250S - 160-km / matt-black,1,visible,,,4999.00,,yes,notify,,,https://www.go2roues.com/wp-content/uploads/2025/04/segway-e250s-noir-av-gauche.png,www-go2roues-com-shop-segway-e250s,Colore,Matt Black,,,Finitura,,,,Segway Ninebot
variation,segway-e250s-160-km-matt-silver,Segway E250S - 160-km / matt-silver,1,visible,,,4999.00,,yes,notify,,,https://www.go2roues.com/wp-content/uploads/2025/04/segway-e250s-gris-av-gauche.png,www-go2roues-com-shop-segway-e250s,Colore,Matt Silver,,,Finitura,,,,Segway Ninebot
variable,www-go2roues-com-shop-ator-e-xdv,ATOR E-XDV,1,visible,<p><strong>ATOR E-XDV</strong> di Ator. <em>Venduto da Distribuzione Import Export S.R.L.</em>.</p><ul><li>Autonomia dichiarata: 170 km</li><li>Velocita massima: 115 km/h</li><li>Tempo di ricarica: 3 à 4h</li><li>Peso: 19 kg</li></ul>,"<h2>Panoramica</h2><p>Contenuto riscritto e ottimizzato per una boutique italiana: informazioni chiare, valori tecnici organizzati e testo pensato per aiutare la decisione d'acquisto.</p><p><strong>Venditore:</strong> Distribuzione Import Export S.R.L.</p><p><strong>Categoria:</strong> Scooter elettrici</p><h2>Punti di forza</h2><ul><li>Le mode Éco, pour maximiser l’autonomie et rouler à basse vitesse,</li><li>Le mode Standard, pour un usage équilibré,</li><li>Le mode Sport pour libérer les 17 000 W de puissance moteur.</li><li>170 km d’autonomie en mode Éco,</li><li>120 km d’autonomie en mode Standard,</li><li>90 km d’autonomie en mode Sport.</li><li>Le démarrage sans clé (Keyless), permettant au scooter de s’activer automatique à votre approche</li><li>Deux ports USB</li></ul><h2>Scheda tecnica</h2><h3>Moteur</h3><table><tr><th>Couple maximal</th><td>180 Nm</td></tr><tr><th>Equivalenza cilindrata</th><td>Équivalent 125 cm3</td></tr><tr><th>Potenza massima</th><td>17 000 W</td></tr><tr><th>Potenza motore</th><td>6 600 W</td></tr><tr><th>Velocita massima</th><td>115 km/h</td></tr></table><h3>Batterie</h3><table><tr><th>Autonomia</th><td>170 km</td></tr><tr><th>Batteria rimovibile</th><td>Si</td></tr><tr><th>Caricatore incluso</th><td>Si</td></tr><tr><th>Poids de la batterie</th><td>19 kg</td></tr><tr><th>Capacita batteria</th><td>6.5 kWh</td></tr><tr><th>Tempo di ricarica</th><td>3 à 4h</td></tr><tr><th>Tipo di batteria</th><td>Lithium</td></tr><tr><th>Voltage & Ampérage de la Batterie</th><td>72V / 45Ah x 2</td></tr></table><h3>Chassis</h3><table><tr><th>Empattement</th><td>1 340 mm</td></tr><tr><th>Hauteur de selle</th><td>800 mm</td></tr><tr><th>Hauteur hors tout</th><td>1 240 mm</td></tr><tr><th>Largeur hors tout</th><td>725 mm</td></tr><tr><th>Longueur hors tout</th><td>1 935 mm</td></tr></table><h3>Partie Cycle</h3><table><tr><th>Amortisseur arrière réglable</th><td>Si</td></tr><tr><th>Amortisseur avant réglable</th><td>No</td></tr><tr><th>Taille pneu arrière</th><td>130/70-13</td></tr><tr><th>Taille pneu avant</th><td>110/80-14</td></tr><tr><th>Type frein arrière</th><td>Disque</td></tr><tr><th>Alarme</th><td>Si</td></tr><tr><th>Freinage couplé</th><td>ABS</td></tr><tr><th>Freinage régénératif</th><td>Si</td></tr><tr><th>Homologué 2 places</th><td>Si</td></tr><tr><th>Marche Arrière</th><td>Si</td></tr><tr><th>Modes de conduites</th><td>3 + Marche arrière</td></tr><tr><th>Prise USB</th><td>Si</td></tr><tr><th>Accélération</th><td>0 à 50 km/h en 2.9 secondes</td></tr><tr><th>Categoria omologazione</th><td>L3e</td></tr><tr><th>Code National</th><td>MTL</td></tr><tr><th>Couleur</th><td>Gris Nardo, Noir</td></tr><tr><th>Dimensioni</th><td>193,5 × 72,5 × 124 cm</td></tr><tr><th>Marque</th><td>Ator</td></tr><tr><th>Patente</th><td>Permis A1, Permis B + Formation 7h</td></tr></table><h2>Note</h2><p>Disponibilita, prezzi e varianti possono variare. Si consiglia di verificare la configurazione selezionata prima dell'acquisto.</p>",,,,,Scooter elettrici,,"https://www.go2roues.com/wp-content/uploads/2025/07/ATOR-E-XDV-Gris.png, http://www.go2roues.com/wp-content/uploads/2025/07/ATOR-E-XDV-Gris.png",,Colore,"Gris Nardo, Nero",1,1,Finitura,,1,1,Ator
variation,ator-e-xdv-gris-nardo,ATOR E-XDV - gris-nardo,1,visible,,,7790.00,,yes,no,,,https://www.go2roues.com/wp-content/uploads/2025/07/ATOR-E-XDV-Gris.png,www-go2roues-com-shop-ator-e-xdv,Colore,Gris Nardo,,,Finitura,,,,Ator
variation,ator-e-xdv-noir,ATOR E-XDV - noir,1,visible,,,7790.00,,yes,no,,,https://www.go2roues.com/wp-content/uploads/2025/07/Ator-E-XDV-Noir.png,www-go2roues-com-shop-ator-e-xdv,Colore,Nero,,,Finitura,,,,Ator
variable,www-go2roues-com-shop-silence-s01,Silence S01,1,visible,"<p><strong>Silence S01</strong> di Silence. <em>Venduto da Distribuzione Import Export S.R.L.</em>.</p><ul><li>Autonomia dichiarata: 130 km</li><li>Velocita massima: 120 km/h, 45 km/h, 95 km/h</li><li>Tempo di ricarica: 6 h</li><li>Peso: 41 kg</li></ul>","<h2>Panoramica</h2><p>Contenuto riscritto e ottimizzato per una boutique italiana: informazioni chiare, valori tecnici organizzati e testo pensato per aiutare la decisione d'acquisto.</p><p><strong>Venditore:</strong> Distribuzione Import Export S.R.L.</p><p><strong>Categoria:</strong> Scooter elettrici</p><h2>Punti di forza</h2><ul><li>Le mode City équilibre la puissance et l’autonomie.</li></ul><h2>Scheda tecnica</h2><h3>Moteur</h3><table><tr><th>Couple maximal</th><td>165 Nm</td></tr><tr><th>Equivalenza cilindrata</th><td>Équivalent 125 cm3</td></tr><tr><th>Marque du moteur</th><td>Silence</td></tr><tr><th>Potenza massima</th><td>9 000 W, 4 000 W</td></tr><tr><th>Potenza motore</th><td>4 000 W, 7 000 W</td></tr><tr><th>Transmission</th><td>Moteur intégré dans la roue arrière</td></tr><tr><th>Velocita massima</th><td>120 km/h, 45 km/h, 95 km/h</td></tr></table><h3>Batterie</h3><table><tr><th>Autonomia</th><td>130 km</td></tr><tr><th>Batteria rimovibile</th><td>Si</td></tr><tr><th>Caricatore incluso</th><td>Si</td></tr><tr><th>Poids de la batterie</th><td>41 kg</td></tr><tr><th>Capacita batteria</th><td>5.6 kWh</td></tr><tr><th>Tempo di ricarica</th><td>6 h</td></tr><tr><th>Tipo di batteria</th><td>Lithium</td></tr></table><h3>Chassis</h3><table><tr><th>Charge maximale</th><td>175 kg</td></tr><tr><th>Empattement</th><td>1 450 mm</td></tr><tr><th>Garde au sol minimale</th><td>177 mm</td></tr><tr><th>Hauteur hors tout</th><td>1313 mm</td></tr><tr><th>Largeur hors tout</th><td>705 mm</td></tr><tr><th>Longueur hors tout</th><td>2 000 mm</td></tr></table><h3>Partie Cycle</h3><table><tr><th>Amortisseur arrière réglable</th><td>Si</td></tr><tr><th>Amortisseur avant réglable</th><td>No</td></tr><tr><th>Taille frein arrière</th><td>240 mm</td></tr><tr><th>Taille frein avant</th><td>260 mm</td></tr><tr><th>Taille pneu arrière</th><td>140/70-14</td></tr><tr><th>Taille pneu avant</th><td>120/70-15</td></tr><tr><th>Taille roue arrière</th><td>14 pouces</td></tr><tr><th>Taille roue avant</th><td>15 pouces</td></tr><tr><th>Type frein arrière</th><td>Disque</td></tr><tr><th>Type frein avant</th><td>Disque</td></tr><tr><th>Alarme</th><td>Si</td></tr><tr><th>Freinage couplé</th><td>Si</td></tr><tr><th>Freinage régénératif</th><td>Si</td></tr><tr><th>Homologué 2 places</th><td>Si</td></tr><tr><th>Marche Arrière</th><td>Si</td></tr><tr><th>Modes de conduites</th><td>3</td></tr><tr><th>Prise USB</th><td>Si</td></tr><tr><th>Rangement casque sous la selle</th><td>Si</td></tr><tr><th>Régulateur</th><td>No</td></tr><tr><th>Accélération</th><td>0 à 50 km/h en 3.8 secondes</td></tr><tr><th>Categoria omologazione</th><td>L3e</td></tr><tr><th>Code National</th><td>MTL</td></tr><tr><th>Couleur</th><td>Blanc Basic, Blanc Connecté, Blanc Standard, Gris Plus, Noir Connecté, Noir Standard, Vert Connecté, Vert Standard, Rouge Connecté, Blanc, Noir, Vert</td></tr><tr><th>Dimensioni</th><td>200 × 70 × 131 cm</td></tr><tr><th>Marque</th><td>Silence</td></tr><tr><th>Modèle</th><td>S01</td></tr><tr><th>Patente</th><td>Permis B + Formation 7h, Permis moto</td></tr><tr><th>Peso in ordine di marcia</th><td>155 kg</td></tr></table><h2>Note</h2><p>Disponibilita, prezzi e varianti possono variare. Si consiglia di verificare la configurazione selezionata prima dell'acquisto.</p>",,,,,Scooter elettrici,,"https://www.go2roues.com/wp-content/uploads/2019/05/silence-S01-noir-trois-quart-face-droit.jpg, https://www.go2roues.com/wp-content/uploads/2019/05/silence-S01-vert-trois-quart-face-droit.jpg, https://www.go2roues.com/wp-content/uploads/2019/05/silence-S01-rouge-trois-quart-face-droit.jpg, https://www.go2roues.com/wp-content/uploads/2021/07/silence-s01-connected-blanc-trois-quart-face-gauche.jpg, https://www.go2roues.com/wp-content/uploads/2019/05/silence-S01-noir-cote-droit.jpg, https://www.go2roues.com/wp-content/uploads/2019/05/silence-S01-noir-trois-quart-arriere-droit.jpg, https://www.go2roues.com/wp-content/uploads/2019/05/silence-S01-noir-vue-arriere.jpg, https://www.go2roues.com/wp-content/uploads/2019/05/silence-S01-noir-trois-quart-arriere-gauche.jpg, https://www.go2roues.com/wp-content/uploads/2019/05/silence-S01-noir-cote-gauche.jpg, https://www.go2roues.com/wp-content/uploads/2019/05/silence-S01-noir-trois-quart-face-gauche.jpg, https://www.go2roues.com/wp-content/uploads/2019/05/silence-S01-noir-vue-devant.jpg, https://www.go2roues.com/wp-content/uploads/2019/05/S01-120-KM_H-NOIR.png, https://www.go2roues.com/wp-content/uploads/2019/05/S01-120-KM_H-ROUGE.png, https://www.go2roues.com/wp-content/uploads/2019/05/S01-120-KM_H-BLANC.png, https://www.go2roues.com/wp-content/uploads/2019/05/silence-S01-noir-phare-avant.jpg",,Colore,"Blanc Basic, Blanc Connecté, Blanc Standard, Gris Plus, Noir Connecté, Noir Standard, Vert Connecté, Vert Standard, Rouge Connecté, Bianco, Nero, Verde",1,1,Finitura,,1,1,Silence
variation,silences01-noir-connecte-120-km-h,Silence S01 - noir-connecte / 120-km-h,1,visible,,,4995.00,,yes,no,,,https://www.go2roues.com/wp-content/uploads/2019/05/S01-120-KM_H-NOIR.png,www-go2roues-com-shop-silence-s01,Colore,Noir Connecte,,,Finitura,,,,Silence
variation,silences01-blanc-connecte-120-km-h,Silence S01 - blanc-connecte / 120-km-h,1,visible,,,4995.00,,yes,no,,,https://www.go2roues.com/wp-content/uploads/2019/05/S01-120-KM_H-BLANC.png,www-go2roues-com-shop-silence-s01,Colore,Blanc Connecte,,,Finitura,,,,Silence
variation,silences01-rouge-connecte-120-km-h,Silence S01 - rouge-connecte / 120-km-h,1,visible,,,4995.00,,yes,no,,,https://www.go2roues.com/wp-content/uploads/2019/05/S01-120-KM_H-ROUGE.png,www-go2roues-com-shop-silence-s01,Colore,Rouge Connecte,,,Finitura,,,,Silence
variation,silences01-noir-connecte-45-km-h,Silence S01 - noir-connecte / 45-km-h,1,visible,,,5540.00,,yes,no,,,https://www.go2roues.com/wp-content/uploads/2019/05/silence-S01-noir-trois-quart-face-droit.jpg,www-go2roues-com-shop-silence-s01,Colore,Noir Connecte,,,Finitura,,,,Silence
variable,www-go2roues-com-shop-silence-s02-hs,Silence S02 HS,1,visible,"<p><strong>Silence S02 HS</strong> di Silence. <em>Venduto da Distribuzione Import Export S.R.L.</em>.</p><ul><li>Autonomia dichiarata: 133 km</li><li>Velocita massima: 45 km/h, 90 km/h</li><li>Tempo di ricarica: 5 h</li><li>Peso: 41 kg</li></ul>","<h2>Panoramica</h2><p>Contenuto riscritto e ottimizzato per una boutique italiana: informazioni chiare, valori tecnici organizzati e testo pensato per aiutare la decisione d'acquisto.</p><p><strong>Venditore:</strong> Distribuzione Import Export S.R.L.</p><p><strong>Categoria:</strong> Scooter elettrici</p><h2>Punti di forza</h2><ul><li>La version 125 cm3 demandera le permis B et la formation des 7 heures. La puissance de son moteur est de 7 000 Watts.</li><li>Sur voie rapide, on pourra atteindre une autonomie de 70 à 75 kilomètres selon les conditions et la vitesse moyenne.</li><li>Le mode Eco, qui allonge l’autonomie,</li><li>Le mode City qui est un compromis entre puissance et autonomie,</li><li>Le mode Sport qui privilégie la puissance immédiate.</li><li>Suivre vos trajets</li><li>Planifier vos déplacements</li><li>Localiser votre scooter</li></ul><h2>Scheda tecnica</h2><h3>Moteur</h3><table><tr><th>Equivalenza cilindrata</th><td>Équivalent 125 cm3, Équivalent 50 cm3</td></tr><tr><th>Marque du moteur</th><td>Silence</td></tr><tr><th>Potenza massima</th><td>3 900 W, 9 000 W</td></tr><tr><th>Potenza motore</th><td>3 900 W, 7 000 W</td></tr><tr><th>Transmission</th><td>Moteur intégré dans la roue arrière</td></tr><tr><th>Velocita massima</th><td>45 km/h, 90 km/h</td></tr></table><h3>Batterie</h3><table><tr><th>Autonomia</th><td>133 km</td></tr><tr><th>Batteria rimovibile</th><td>Si</td></tr><tr><th>Caricatore incluso</th><td>Si</td></tr><tr><th>Poids de la batterie</th><td>41 kg</td></tr><tr><th>Capacita batteria</th><td>5.6 kWh</td></tr><tr><th>Tempo di ricarica</th><td>5 h</td></tr><tr><th>Tipo di batteria</th><td>Lithium</td></tr></table><h3>Chassis</h3><table><tr><th>Charge maximale</th><td>170 kg</td></tr><tr><th>Empattement</th><td>1 476 mm</td></tr><tr><th>Garde au sol minimale</th><td>175 mm</td></tr><tr><th>Hauteur de selle</th><td>750 mm</td></tr><tr><th>Hauteur hors tout</th><td>1 078 mm</td></tr><tr><th>Largeur hors tout</th><td>766 mm</td></tr><tr><th>Longueur hors tout</th><td>1 971 mm</td></tr></table><h3>Partie Cycle</h3><table><tr><th>Amortisseur arrière réglable</th><td>Si</td></tr><tr><th>Amortisseur avant réglable</th><td>No</td></tr><tr><th>Taille frein arrière</th><td>220 mm</td></tr><tr><th>Taille frein avant</th><td>240 mm</td></tr><tr><th>Taille pneu arrière</th><td>120/70-14</td></tr><tr><th>Taille pneu avant</th><td>120/70-13</td></tr><tr><th>Taille roue arrière</th><td>14 pouces</td></tr><tr><th>Taille roue avant</th><td>13 pouces</td></tr><tr><th>Type frein arrière</th><td>Disque</td></tr><tr><th>Type frein avant</th><td>Disque</td></tr><tr><th>Alarme</th><td>Si</td></tr><tr><th>Freinage couplé</th><td>Si</td></tr><tr><th>Freinage régénératif</th><td>Si</td></tr><tr><th>Homologué 2 places</th><td>Si</td></tr><tr><th>Marche Arrière</th><td>Si</td></tr><tr><th>Modes de conduites</th><td>3 + Marche arrière</td></tr><tr><th>Prise USB</th><td>Si</td></tr><tr><th>Rangement casque sous la selle</th><td>No</td></tr><tr><th>Régulateur</th><td>No</td></tr><tr><th>Accélération</th><td>0 à 50 km/h en 3.9 secondes</td></tr><tr><th>Capacité d'emport</th><td>Top Case 47L de série</td></tr><tr><th>Categoria omologazione</th><td>L3e</td></tr><tr><th>Code National</th><td>MTL</td></tr><tr><th>Couleur</th><td>Blanc, Gris, Gris / Vert, Vert / Noir</td></tr><tr><th>Dimensioni</th><td>197 × 76 × 107 cm</td></tr><tr><th>Marque</th><td>Silence</td></tr><tr><th>Modèle</th><td>S02 HS</td></tr><tr><th>Patente</th><td>Permis AM, Permis B + Formation 7h, Sans permis</td></tr><tr><th>Peso in ordine di marcia</th><td>105 kg</td></tr></table><h2>Note</h2><p>Disponibilita, prezzi e varianti possono variare. Si consiglia di verificare la configurazione selezionata prima dell'acquisto.</p>",,,,,Scooter elettrici,,"https://www.go2roues.com/wp-content/uploads/2020/06/silence-s02-ls.jpg, https://www.go2roues.com/wp-content/uploads/2020/11/silence-s02-hs-gris-vert-trois-quart-face-droit.jpg, https://www.go2roues.com/wp-content/uploads/2020/06/silence-S02-ls-blanc-trois-quart-face-droit.jpg, https://www.go2roues.com/wp-content/uploads/2020/11/silence-s02-hs-vert-noir-lifestyle-2.jpg, https://www.go2roues.com/wp-content/uploads/2020/11/silence-s02-hs-compteur-support-telephone.jpg, https://www.go2roues.com/wp-content/uploads/2020/11/silence-s02-hs-batterie-trolley-amovible.jpg, https://www.go2roues.com/wp-content/uploads/2020/06/silence-s02-batterie-trolley-trois-quart-face-gauche.jpg, https://www.go2roues.com/wp-content/uploads/2020/06/silence-s02-batterie-trolley-poignee-ouverte.jpg, https://www.go2roues.com/wp-content/uploads/2020/06/silence-s02-batterie-trolley-poignee-fermee.jpg, https://www.go2roues.com/wp-content/uploads/2020/11/silence-s02-hs-top-case.jpg, https://www.go2roues.com/wp-content/uploads/2020/11/silence-s02-hs-vert-noir-lifestyle-1.jpg, https://www.go2roues.com/wp-content/uploads/2020/11/silence-s02-hs-lifestyle-passager.jpg, http://www.go2roues.com/wp-content/uploads/2020/06/silence-s02-ls.jpg",,Colore,"Bianco, Grigio, Gris / Vert, Vert / Noir",1,1,Finitura,,1,1,Silence
variation,silence-s02-hs-gris-45-km-h,Silence S02 HS - gris / 45-km-h,1,visible,,,4070.00,,yes,no,,,https://www.go2roues.com/wp-content/uploads/2026/01/silence-s02-HS-gris.webp,www-go2roues-com-shop-silence-s02-hs,Colore,Grigio,,,Finitura,,,,Silence
variation,silence-s02-hs-blanc-45-km-h,Silence S02 HS - blanc / 45-km-h,1,visible,,,4070.00,1950.00,yes,no,,,https://www.go2roues.com/wp-content/uploads/2020/06/silence-S02-ls-blanc-trois-quart-face-droit.jpg,www-go2roues-com-shop-silence-s02-hs,Colore,Bianco,,,Finitura,,,,Silence
variable,www-go2roues-com-shop-nerva-exe-ii,NERVA EXE II,1,visible,<p><strong>NERVA EXE II</strong> di Nerva. <em>Venduto da Distribuzione Import Export S.R.L.</em>.</p><ul><li>Autonomia dichiarata: 180 km</li><li>Velocita massima: 150 km/h</li><li>Tempo di ricarica: Oui</li><li>Peso: 230 kg</li></ul>,"<h2>Panoramica</h2><p>Contenuto riscritto e ottimizzato per una boutique italiana: informazioni chiare, valori tecnici organizzati e testo pensato per aiutare la decisione d'acquisto.</p><p><strong>Venditore:</strong> Distribuzione Import Export S.R.L.</p><p><strong>Categoria:</strong> Scooter elettrici > Maxi scooter</p><h2>Punti di forza</h2><ul><li>À l’avant : un disque de 260 mm avec étrier à double piston.</li><li>À l’arrière : un disque de 230 mm avec étrier à simple piston</li><li>Prise d’appels (avec un casque compatible).</li><li>Navigation simplifiée directement sur l’écran du scooter.</li><li>Système de diagnostic à distance, un vrai plus pour suivre l’état du véhicule et anticiper son entretien.</li></ul><h2>Scheda tecnica</h2><h3>Moteur</h3><table><tr><th>Couple maximal</th><td>48 Nm</td></tr><tr><th>Equivalenza cilindrata</th><td>Équivalent 125 cm3</td></tr><tr><th>Potenza massima</th><td>19 000 W</td></tr><tr><th>Potenza motore</th><td>11 000 W</td></tr><tr><th>Velocita massima</th><td>150 km/h</td></tr></table><h3>Batterie</h3><table><tr><th>Autonomia</th><td>180 km</td></tr><tr><th>Batteria rimovibile</th><td>No</td></tr><tr><th>Caricatore incluso</th><td>Si</td></tr><tr><th>Capacita batteria</th><td>7,83 kWh</td></tr><tr><th>Recharge compatible T2</th><td>Si</td></tr><tr><th>Tempo di ricarica</th><td>4 h 20</td></tr><tr><th>Tipo di batteria</th><td>Lithium</td></tr></table><h3>Chassis</h3><table><tr><th>Empattement</th><td>1 617 mm</td></tr><tr><th>Hauteur de selle</th><td>800 mm</td></tr><tr><th>Hauteur hors tout</th><td>1 291 mm</td></tr><tr><th>Largeur hors tout</th><td>786 mm</td></tr><tr><th>Longueur hors tout</th><td>2 227 mm</td></tr></table><h3>Partie Cycle</h3><table><tr><th>Amortisseur arrière réglable</th><td>Si</td></tr><tr><th>Amortisseur avant réglable</th><td>No</td></tr><tr><th>Taille pneu arrière</th><td>120/70-14</td></tr><tr><th>Taille pneu avant</th><td>120/70-15</td></tr><tr><th>Type frein arrière</th><td>Disque</td></tr><tr><th>Alarme</th><td>No</td></tr><tr><th>Freinage régénératif</th><td>Si</td></tr><tr><th>Homologué 2 places</th><td>Si</td></tr><tr><th>Marche Arrière</th><td>Si</td></tr><tr><th>Modes de conduites</th><td>3 + Marche arrière</td></tr><tr><th>Prise USB</th><td>Si</td></tr><tr><th>Rangement casque sous la selle</th><td>Si</td></tr><tr><th>Accélération</th><td>0 à 50 km/h : en 4,5 secondes​, 0 à 80 km/h : en 10,5 secondes​</td></tr><tr><th>Categoria omologazione</th><td>L3e</td></tr><tr><th>Code National</th><td>MTL</td></tr><tr><th>Couleur</th><td>Blanc, Gris</td></tr><tr><th>Dimensioni</th><td>2235 × 792 × 1630 cm</td></tr><tr><th>Marque</th><td>Nerva</td></tr><tr><th>Patente</th><td>Permis A1, Permis B + Formation 7h</td></tr><tr><th>Peso in ordine di marcia</th><td>230 kg</td></tr></table><h2>Note</h2><p>Disponibilita, prezzi e varianti possono variare. Si consiglia di verificare la configurazione selezionata prima dell'acquisto.</p>",,,,,Scooter elettrici > Maxi scooter,,"https://www.go2roues.com/wp-content/uploads/2025/03/NERVA-EXE-BLANC-AVANT-DROIT-1.png, https://www.go2roues.com/wp-content/uploads/2025/03/NERVA-EXE-BLANC-ARRIERE-DROIT-1.png, https://www.go2roues.com/wp-content/uploads/2025/03/NERVA-EXE-BLANC-COTE-DROIT-1.png, https://www.go2roues.com/wp-content/uploads/2025/03/NERVA-EXE-BLANC-ROUE-AVANT.png, https://www.go2roues.com/wp-content/uploads/2025/03/NERVA-EXE-BLANC-SCOOTER-EN-VILLE.png, https://www.go2roues.com/wp-content/uploads/2025/03/NERVA-EXE-BLANC-SIEGE.png, https://www.go2roues.com/wp-content/uploads/2025/03/NERVA-EXE-BLANC-SOUS-SELLE.png, https://www.go2roues.com/wp-content/uploads/2025/03/NERVA-EXE-BLANC-COMPTEUR.png, https://www.go2roues.com/wp-content/uploads/2025/03/NERVA-EXE-BLANC-ROUE.png, http://www.go2roues.com/wp-content/uploads/2025/03/NERVA-EXE-BLANC-AVANT-DROIT-1.png",,Colore,"Bianco, Grigio",1,1,Finitura,,1,1,Nerva
variation,nerva-exe-ii-blanc,NERVA EXE II - blanc,1,visible,,,7790.00,,yes,no,,,https://www.go2roues.com/wp-content/uploads/2025/03/NERVA-EXE-BLANC-AVANT-DROIT-1.png,www-go2roues-com-shop-nerva-exe-ii,Colore,Bianco,,,Finitura,,,,Nerva
variation,nerva-exe-ii-gris,NERVA EXE II - gris,1,visible,,,7790.00,,yes,no,,,https://www.go2roues.com/wp-content/uploads/2025/03/NERVA-EXE-BLANC-AVANT-DROIT-1.png,www-go2roues-com-shop-nerva-exe-ii,Colore,Grigio,,,Finitura,,,,Nerva
variable,www-go2roues-com-shop-niu-nqix-150,NIU NQiX 150,1,visible,"<p><strong>NIU NQiX 150</strong> di Niu. <em>Venduto da Distribuzione Import Export S.R.L.</em>.</p><ul><li>Autonomia dichiarata: 70 km, 110 km</li><li>Velocita massima: 45 km/h</li><li>Tempo di ricarica: 3 h</li><li>Peso: 15 kg</li></ul>","<h2>Panoramica</h2><p>Contenuto riscritto e ottimizzato per una boutique italiana: informazioni chiare, valori tecnici organizzati e testo pensato per aiutare la decisione d'acquisto.</p><p><strong>Venditore:</strong> Distribuzione Import Export S.R.L.</p><p><strong>Categoria:</strong> Scooter elettrici</p><h2>Punti di forza</h2><ul><li>Consultation de l’autonomie restante en temps réel</li><li>Localisation GPS du scooter + navigation intégrée</li><li>Alertes en cas de déplacement non autorisé</li><li>Historique des trajets</li><li>Statistiques de conduite et consommation de batterie</li><li>Surveillance de l’état de la batterie et diagnostics via la fonction Smart Check</li><li>Mise à jour du logiciel interne (firmware) pour bénéficier des dernières optimisations</li></ul><h2>Scheda tecnica</h2><h3>Moteur</h3><table><tr><th>Couple maximal</th><td>information non communiquée</td></tr><tr><th>Equivalenza cilindrata</th><td>Équivalent 50 cm3</td></tr><tr><th>Potenza massima</th><td>3 800 W</td></tr><tr><th>Potenza motore</th><td>3 300 W</td></tr><tr><th>Velocita massima</th><td>45 km/h</td></tr></table><h3>Batterie</h3><table><tr><th>Autonomia</th><td>70 km, 110 km</td></tr><tr><th>Batteria rimovibile</th><td>Si</td></tr><tr><th>Caricatore incluso</th><td>Si</td></tr><tr><th>Poids de la batterie</th><td>15 kg</td></tr><tr><th>Tempo di ricarica</th><td>3 h</td></tr><tr><th>Voltage & Ampérage de la Batterie</th><td>72V / 28Ah</td></tr></table><h3>Chassis</h3><table><tr><th>Empattement</th><td>1 350 mm</td></tr><tr><th>Garde au sol minimale</th><td>170 mm</td></tr><tr><th>Hauteur de selle</th><td>810 mm</td></tr><tr><th>Hauteur hors tout</th><td>1180 mm</td></tr><tr><th>Largeur hors tout</th><td>745 mm</td></tr></table><h3>Partie Cycle</h3><table><tr><th>Amortisseur arrière réglable</th><td>Si</td></tr><tr><th>Amortisseur avant réglable</th><td>No</td></tr><tr><th>Taille frein arrière</th><td>200 mm</td></tr><tr><th>Taille frein avant</th><td>240 mm</td></tr><tr><th>Taille pneu arrière</th><td>110/80-14</td></tr><tr><th>Taille pneu avant</th><td>90/90-14</td></tr><tr><th>Alarme</th><td>Si</td></tr><tr><th>Freinage couplé</th><td>CBS</td></tr><tr><th>Freinage régénératif</th><td>Si</td></tr><tr><th>Homologué 2 places</th><td>Si</td></tr><tr><th>Prise USB</th><td>USB A+C</td></tr><tr><th>Rangement casque sous la selle</th><td>Si</td></tr><tr><th>Categoria omologazione</th><td>L1e</td></tr><tr><th>Code National</th><td>CL</td></tr><tr><th>Couleur</th><td>Édition spéciale 10ème anniversaire, Blanc, Gris, Noir</td></tr><tr><th>Dimensioni</th><td>193 × 745 × 118 cm</td></tr><tr><th>Marque</th><td>Niu</td></tr><tr><th>Patente</th><td>Permis AM, Sans permis</td></tr><tr><th>Peso in ordine di marcia</th><td>117 kg</td></tr></table><h2>Note</h2><p>Disponibilita, prezzi e varianti possono variare. Si consiglia di verificare la configurazione selezionata prima dell'acquisto.</p>",,,,,Scooter elettrici,,"https://www.go2roues.com/wp-content/uploads/2024/11/NIU-NQIX-150-avant-gauche-gris.png, https://www.go2roues.com/wp-content/uploads/2024/11/NIU-NQIX-150-avant-gauche-blanc.png, https://www.go2roues.com/wp-content/uploads/2024/11/NIU-NQIX-150-avant-gauche-noir.png, https://www.go2roues.com/wp-content/uploads/2024/11/NIU-NQIX-150-avant-gris.png, https://www.go2roues.com/wp-content/uploads/2024/11/NIU-NQIX-150-avant-blanc.png, https://www.go2roues.com/wp-content/uploads/2024/11/NIU-NQIX-150-avant-noir.png, https://www.go2roues.com/wp-content/uploads/2024/11/NIU-NQIX-150-arriere-gauche-gris.png, https://www.go2roues.com/wp-content/uploads/2024/11/NIU-NQIX-150-arriere-gauche-blanc.png, https://www.go2roues.com/wp-content/uploads/2024/11/NIU-NQIX-150-arriere-gauche-noir.png, https://www.go2roues.com/wp-content/uploads/2024/11/NIU-NQIX-150-arriere-gris.png, https://www.go2roues.com/wp-content/uploads/2024/11/NIU-NQIX-150-arriere-blanc.png, https://www.go2roues.com/wp-content/uploads/2024/11/NIU-NQIX-150-arriere-noir.png, https://www.go2roues.com/wp-content/uploads/2024/11/NIU-NQIX-150-cote-gauche-gris.png, https://www.go2roues.com/wp-content/uploads/2024/11/NIU-NQIX-150-cote-gauche-blanc.png, https://www.go2roues.com/wp-content/uploads/2024/11/NIU-NQIX-150-cote-gauche-noir.png",,Colore,,1,1,Finitura,,1,1,Niu
variation,niu-nqix-150-blanc,NIU NQiX 150 - blanc,1,visible,,,2699.00,,yes,no,,,https://www.go2roues.com/wp-content/uploads/2024/11/NIU-NQIX-150-avant-gauche-blanc.png,www-go2roues-com-shop-niu-nqix-150,Colore,Bianco,,,Finitura,,,,Niu
variation,niu-nqix-150-gris,NIU NQiX 150 - gris,1,visible,,,2699.00,,yes,no,,,https://www.go2roues.com/wp-content/uploads/2024/11/NIU-NQIX-150-avant-gauche-gris.png,www-go2roues-com-shop-niu-nqix-150,Colore,Grigio,,,Finitura,,,,Niu
variation,niu-nqix-150-noir,NIU NQiX 150 - noir,1,visible,,,2699.00,,yes,no,,,https://www.go2roues.com/wp-content/uploads/2024/11/NIU-NQIX-150-avant-gauche-noir.png,www-go2roues-com-shop-niu-nqix-150,Colore,Nero,,,Finitura,,,,Niu
variable,www-go2roues-com-shop-niu-nqix-300,NIU NQiX 300,1,visible,"<p><strong>NIU NQiX 300</strong> di Niu. <em>Venduto da Distribuzione Import Export S.R.L.</em>.</p><ul><li>Autonomia dichiarata: 110 km</li><li>Velocita massima: 80 km/h</li><li>Tempo di ricarica: Non</li><li>Peso: 15,4 kg x2</li></ul>","<h2>Panoramica</h2><p>Contenuto riscritto e ottimizzato per una boutique italiana: informazioni chiare, valori tecnici organizzati e testo pensato per aiutare la decisione d'acquisto.</p><p><strong>Venditore:</strong> Distribuzione Import Export S.R.L.</p><p><strong>Categoria:</strong> Scooter elettrici > 125</p><h2>Punti di forza</h2><ul><li>Consultation de l’autonomie restante en temps réel</li><li>Localisation GPS du scooter & navigation intégrée</li><li>Alertes en cas de déplacement non autorisé</li><li>Historique des trajets</li><li>Surveillance de l’état de la batterie et diagnostics via la fonction Smart Check</li><li>Statistiques de conduite et consommation de batterie</li><li>Mise à jour du logiciel interne (firmware) pour bénéficier des dernières optimisations</li></ul><h2>Scheda tecnica</h2><h3>Moteur</h3><table><tr><th>Couple maximal</th><td>190 Nm</td></tr><tr><th>Equivalenza cilindrata</th><td>Équivalent 125 cm3</td></tr><tr><th>Potenza motore</th><td>4 100 W</td></tr><tr><th>Velocita massima</th><td>80 km/h</td></tr></table><h3>Batterie</h3><table><tr><th>Autonomia</th><td>110 km</td></tr><tr><th>Batteria rimovibile</th><td>Si</td></tr><tr><th>Caricatore incluso</th><td>Si</td></tr><tr><th>Poids de la batterie</th><td>15,4 kg x2</td></tr><tr><th>Capacita batteria</th><td>4 032 Wh</td></tr><tr><th>Recharge compatible T2</th><td>No</td></tr><tr><th>Tempo di ricarica</th><td>3 h par batterie</td></tr><tr><th>Tipo di batteria</th><td>Lithium</td></tr><tr><th>Voltage & Ampérage de la Batterie</th><td>72 V 28Ah x2</td></tr></table><h3>Chassis</h3><table><tr><th>Charge maximale</th><td>150 kg</td></tr><tr><th>Empattement</th><td>1 350 mm</td></tr><tr><th>Garde au sol minimale</th><td>170 mm</td></tr><tr><th>Hauteur de selle</th><td>810 mm</td></tr><tr><th>Hauteur hors tout</th><td>1 180 mm</td></tr><tr><th>Largeur hors tout</th><td>745 mm</td></tr><tr><th>Longueur hors tout</th><td>1 930 mm</td></tr></table><h3>Partie Cycle</h3><table><tr><th>Taille frein arrière</th><td>220 mm</td></tr><tr><th>Taille frein avant</th><td>240 mm</td></tr><tr><th>Taille pneu arrière</th><td>110/80-14</td></tr><tr><th>Taille pneu avant</th><td>90/90-14</td></tr><tr><th>Type frein arrière</th><td>Disque</td></tr><tr><th>Type frein avant</th><td>Disque</td></tr><tr><th>Alarme</th><td>Si</td></tr><tr><th>Freinage couplé</th><td>CBS</td></tr><tr><th>Freinage régénératif</th><td>Si</td></tr><tr><th>Homologué 2 places</th><td>Si</td></tr><tr><th>Marche Arrière</th><td>Si</td></tr><tr><th>Modes de conduites</th><td>4</td></tr><tr><th>Prise USB</th><td>USB A+C</td></tr><tr><th>Rangement casque sous la selle</th><td>Si</td></tr><tr><th>Régulateur</th><td>No</td></tr><tr><th>Categoria omologazione</th><td>L3e</td></tr><tr><th>Code National</th><td>MTL</td></tr><tr><th>Couleur</th><td>Blanc, Gris, Noir</td></tr><tr><th>GPS</th><td>Si</td></tr><tr><th>Marque</th><td>Niu</td></tr><tr><th>Modèle</th><td>NQiX 300</td></tr><tr><th>Patente</th><td>Permis A1, Permis B + Formation 7h</td></tr></table><h2>Note</h2><p>Disponibilita, prezzi e varianti possono variare. Si consiglia di verificare la configurazione selezionata prima dell'acquisto.</p>",,,,,Scooter elettrici > 125,,"https://www.go2roues.com/wp-content/uploads/2025/06/NIU-NQiX-300-GRIS-AV-G.png, https://www.go2roues.com/wp-content/uploads/2025/06/NIU-NQiX-300-BLANC-AV-GAUCHE.png, https://www.go2roues.com/wp-content/uploads/2025/06/NIU-NQiX-300-BLANC-ARR.png, https://www.go2roues.com/wp-content/uploads/2025/06/NIU-NQiX-300-BLANC-ARR-GAUCHE.png, https://www.go2roues.com/wp-content/uploads/2025/06/NIU-NQiX-300-GRIS-ARR-G.png, https://www.go2roues.com/wp-content/uploads/2025/06/NIU-NQiX-300-GRIS-ARR.png, https://www.go2roues.com/wp-content/uploads/2025/06/NIU-NQiX-300-GRIS-AV.png, https://www.go2roues.com/wp-content/uploads/2025/06/NIU-NQiX-300-GRIS-COTE-G.png, https://www.go2roues.com/wp-content/uploads/2025/06/NIU-NQiX-300-NOIR-ARR-GAUCHE.png, https://www.go2roues.com/wp-content/uploads/2025/06/NIU-NQiX-300-NOIR-ARR.png, http://www.go2roues.com/wp-content/uploads/2025/06/NIU-NQiX-300-GRIS-AV-G.png",,Colore,,1,1,Finitura,,1,1,Niu
variation,niu-nqix-300-blanc,NIU NQiX 300 - blanc,1,visible,,,3599.00,,yes,no,,,https://www.go2roues.com/wp-content/uploads/2025/06/NIU-NQiX-300-BLANC-AV-GAUCHE.png,www-go2roues-com-shop-niu-nqix-300,Colore,Bianco,,,Finitura,,,,Niu
variation,niu-nqix-300-gris,NIU NQiX 300 - gris,1,visible,,,3599.00,,yes,no,,,https://www.go2roues.com/wp-content/uploads/2025/06/NIU-NQiX-300-GRIS-AV-G.png,www-go2roues-com-shop-niu-nqix-300,Colore,Grigio,,,Finitura,,,,Niu
variation,niu-nqix-300-noir,NIU NQiX 300 - noir,1,visible,,,3599.00,,yes,no,,,https://www.go2roues.com/wp-content/uploads/2025/06/NIU-NQiX-300-NOIR-ARR-GAUCHE.png,www-go2roues-com-shop-niu-nqix-300,Colore,Nero,,,Finitura,,,,Niu
variable,www-go2roues-com-shop-niu-nqix-500,NIU NQiX 500,1,visible,<p><strong>NIU NQiX 500</strong> di Niu. <em>Venduto da Distribuzione Import Export S.R.L.</em>.</p><ul><li>Autonomia dichiarata: 100 km</li><li>Velocita massima: 100 km/h</li><li>Tempo di ricarica: Non</li><li>Peso: 15 kg</li></ul>,"<h2>Panoramica</h2><p>Contenuto riscritto e ottimizzato per una boutique italiana: informazioni chiare, valori tecnici organizzati e testo pensato per aiutare la decisione d'acquisto.</p><p><strong>Venditore:</strong> Distribuzione Import Export S.R.L.</p><p><strong>Categoria:</strong> Scooter elettrici > 125</p><h2>Punti di forza</h2><ul><li>Consultation de l’autonomie restante en temps réel</li><li>Localisation GPS du scooter & navigation intégrée</li><li>Alertes en cas de déplacement non autorisé</li><li>Historique des trajets</li><li>Surveillance de l’état de la batterie et diagnostics via la fonction Smart Check</li><li>Statistiques de conduite et consommation de batterie</li><li>Mise à jour du logiciel interne (firmware) pour bénéficier des dernières optimisations</li></ul><h2>Scheda tecnica</h2><h3>Moteur</h3><table><tr><th>Equivalenza cilindrata</th><td>Équivalent 125 cm3</td></tr><tr><th>Potenza massima</th><td>9 900 W</td></tr><tr><th>Potenza motore</th><td>9 000 W</td></tr><tr><th>Velocita massima</th><td>100 km/h</td></tr></table><h3>Batterie</h3><table><tr><th>Autonomia</th><td>100 km</td></tr><tr><th>Batteria rimovibile</th><td>Si</td></tr><tr><th>Caricatore incluso</th><td>Si</td></tr><tr><th>Poids de la batterie</th><td>15 kg</td></tr><tr><th>Capacita batteria</th><td>4 032 kWh</td></tr><tr><th>Recharge compatible T2</th><td>No</td></tr><tr><th>Tempo di ricarica</th><td>3 h par batterie</td></tr><tr><th>Tipo di batteria</th><td>Lithium</td></tr><tr><th>Voltage & Ampérage de la Batterie</th><td>72 V 28Ah x2</td></tr></table><h3>Chassis</h3><table><tr><th>Empattement</th><td>1 350 mm</td></tr><tr><th>Garde au sol minimale</th><td>170 mm</td></tr><tr><th>Hauteur de selle</th><td>810 mm</td></tr><tr><th>Hauteur hors tout</th><td>1180 mm</td></tr></table><h3>Partie Cycle</h3><table><tr><th>Amortisseur arrière réglable</th><td>Si</td></tr><tr><th>Amortisseur avant réglable</th><td>No</td></tr><tr><th>Taille frein arrière</th><td>200 mm</td></tr><tr><th>Taille frein avant</th><td>240 mm</td></tr><tr><th>Taille pneu arrière</th><td>110/80-14</td></tr><tr><th>Taille pneu avant</th><td>90/90-14</td></tr><tr><th>Type frein arrière</th><td>Disque</td></tr><tr><th>Type frein avant</th><td>Disque</td></tr><tr><th>Alarme</th><td>Si</td></tr><tr><th>Freinage couplé</th><td>ABS, Oui</td></tr><tr><th>Freinage régénératif</th><td>Si</td></tr><tr><th>Homologué 2 places</th><td>Si</td></tr><tr><th>Marche Arrière</th><td>Si</td></tr><tr><th>Prise USB</th><td>USB A+C</td></tr><tr><th>Rangement casque sous la selle</th><td>Si</td></tr><tr><th>Categoria omologazione</th><td>L3e</td></tr><tr><th>Code National</th><td>MTL</td></tr><tr><th>Couleur</th><td>Blanc, Gris, Noir</td></tr><tr><th>Marque</th><td>Niu</td></tr><tr><th>Modèle</th><td>NIU NQiX 500</td></tr><tr><th>Patente</th><td>Permis A1, Permis B + Formation 7h</td></tr></table><h2>Note</h2><p>Disponibilita, prezzi e varianti possono variare. Si consiglia di verificare la configurazione selezionata prima dell'acquisto.</p>",,,,,Scooter elettrici > 125,,"https://www.go2roues.com/wp-content/uploads/2024/11/NIU-NQIX500-NOIR-AVANT-GAUCHE-2.png, https://www.go2roues.com/wp-content/uploads/2024/11/NIU-NQIX500-GRIS-AVANT-GAUCHE.png, https://www.go2roues.com/wp-content/uploads/2024/11/NIU-NQIX500-NOIR-AVANT-GAUCHE.png, https://www.go2roues.com/wp-content/uploads/2024/11/NIU-NQIX500-BLANC-COTE-GAUCHE.png, https://www.go2roues.com/wp-content/uploads/2024/11/NIU-NQIX500-GRIS-COTE-GAUCHE.png, https://www.go2roues.com/wp-content/uploads/2024/11/NIU-NQIX500-NOIR-COTE-GAUCHE.png, https://www.go2roues.com/wp-content/uploads/2024/11/NIU-NQIX500-BLANC-ARRIERE-GAUCHE.png, https://www.go2roues.com/wp-content/uploads/2024/11/NIU-NQIX500-GRIS-ARRIERE-GAUCHE.png, https://www.go2roues.com/wp-content/uploads/2024/11/NIU-NQIX500-NOIR-ARRIERE-GAUCHE.png, https://www.go2roues.com/wp-content/uploads/2024/11/NIU-NQIX500-BLANC-ARRIERE.png, https://www.go2roues.com/wp-content/uploads/2024/11/NIU-NQIX500-NOIR-ARRIERE.png, https://www.go2roues.com/wp-content/uploads/2024/11/NIU-NQIX500-GRIS-ARRIERE.png, https://www.go2roues.com/wp-content/uploads/2024/11/NIU-NQIX500-NOIR-AVANT.png, https://www.go2roues.com/wp-content/uploads/2024/11/NIU-NQIX500-BLANC-AVANT.png, https://www.go2roues.com/wp-content/uploads/2024/11/NIU-NQIX500-GRIS-AVANT.png",,Colore,,1,1,Finitura,,1,1,Niu
variation,niu-nqix-500-blanc,NIU NQiX 500 - blanc,1,visible,,,4599.00,,yes,notify,,,https://www.go2roues.com/wp-content/uploads/2024/11/NIU-NQIX500-NOIR-AVANT-GAUCHE-2.png,www-go2roues-com-shop-niu-nqix-500,Colore,Bianco,,,Finitura,,,,Niu
variation,niu-nqix-500-gris,NIU NQiX 500 - gris,1,visible,,,4599.00,,yes,notify,,,https://www.go2roues.com/wp-content/uploads/2024/11/NIU-NQIX500-GRIS-AVANT-GAUCHE.png,www-go2roues-com-shop-niu-nqix-500,Colore,Grigio,,,Finitura,,,,Niu
variation,niu-nqix-500-noir,NIU NQiX 500 - noir,1,visible,,,4599.00,,yes,notify,,,https://www.go2roues.com/wp-content/uploads/2024/11/NIU-NQIX500-NOIR-AVANT-GAUCHE.png,www-go2roues-com-shop-niu-nqix-500,Colore,Nero,,,Finitura,,,,Niu
variable,www-go2roues-com-shop-niu-nqi-sport,NIU NQi Sport,1,visible,"<p><strong>NIU NQi Sport</strong> di Niu. <em>Venduto da Distribuzione Import Export S.R.L.</em>.</p><ul><li>Autonomia dichiarata: 120-130 km, 60-70 km</li><li>Velocita massima: 45 km/h</li><li>Tempo di ricarica: 7 h</li><li>Peso: 15,4 kg</li></ul>","<h2>Panoramica</h2><p>Contenuto riscritto e ottimizzato per una boutique italiana: informazioni chiare, valori tecnici organizzati e testo pensato per aiutare la decisione d'acquisto.</p><p><strong>Venditore:</strong> Distribuzione Import Export S.R.L.</p><p><strong>Categoria:</strong> Scooter elettrici > Sans Permis</p><h2>Punti di forza</h2><ul><li>Le NQi Sport embarque une batterie amovible 72V 28Ah de 15,4 kg, logée sous le plancher. Avec une seule batterie, l’autonomie atteint 60 à 70 km en mode éco.</li><li>Pour aller plus loin, une seconde batterie identique est disponible en option : ensemble, elles portent l’autonomie à 120-130 km, en centre-ville.</li><li>Pour en savoir plus sur l’autonomie de ce scooter électrique, vous pouvez utiliser notre simulateur d’autonomie.</li><li>Au niveau de batterie restante</li><li>À la localisation en temps réel du scooter électrique</li><li>De recevoir des alertes si le scooter est déplacé</li><li>Surveillance de l’état de la batterie et diagnostics via la fonction Smart Check</li><li>D’enregistrer vos itinéraires…</li></ul><h2>Scheda tecnica</h2><h3>Moteur</h3><table><tr><th>Couple maximal</th><td>110 Nm</td></tr><tr><th>Equivalenza cilindrata</th><td>Équivalent 50 cm3</td></tr><tr><th>Marque du moteur</th><td>Bosch</td></tr><tr><th>Potenza massima</th><td>3 800 W</td></tr><tr><th>Potenza motore</th><td>3 300 W</td></tr><tr><th>Transmission</th><td>Moteur intégré dans la roue arrière</td></tr><tr><th>Velocita massima</th><td>45 km/h</td></tr></table><h3>Batterie</h3><table><tr><th>Autonomia</th><td>120-130 km, 60-70 km</td></tr><tr><th>Batteria rimovibile</th><td>Si</td></tr><tr><th>Caricatore incluso</th><td>Si</td></tr><tr><th>Intensité du chargeur</th><td>4A</td></tr><tr><th>Poids de la batterie</th><td>15,4 kg</td></tr><tr><th>Capacita batteria</th><td>2.1 kWh</td></tr><tr><th>Tempo di ricarica</th><td>7 h</td></tr><tr><th>Tipo di batteria</th><td>Lithium</td></tr><tr><th>Voltage & Ampérage de la Batterie</th><td>72 V / 28 Ah</td></tr></table><h3>Chassis</h3><table><tr><th>Charge maximale</th><td>269 kg</td></tr><tr><th>Empattement</th><td>1 280 mm</td></tr><tr><th>Garde au sol minimale</th><td>145 mm</td></tr><tr><th>Hauteur de selle</th><td>780 mm</td></tr><tr><th>Hauteur hors tout</th><td>1 130 mm</td></tr><tr><th>Largeur hors tout</th><td>700 mm</td></tr><tr><th>Longueur hors tout</th><td>1 800 mm</td></tr></table><h3>Partie Cycle</h3><table><tr><th>Amortisseur arrière réglable</th><td>Si</td></tr><tr><th>Amortisseur avant réglable</th><td>No</td></tr><tr><th>Taille frein arrière</th><td>180 mm</td></tr><tr><th>Taille frein avant</th><td>220 mm</td></tr><tr><th>Taille pneu arrière</th><td>120/70-12</td></tr><tr><th>Taille pneu avant</th><td>90/90-12</td></tr><tr><th>Taille roue arrière</th><td>12 pouces</td></tr><tr><th>Taille roue avant</th><td>12 pouces</td></tr><tr><th>Type frein arrière</th><td>Disque</td></tr><tr><th>Type frein avant</th><td>Disque</td></tr><tr><th>Alarme</th><td>Si</td></tr><tr><th>Freinage couplé</th><td>E-ABS</td></tr><tr><th>Freinage régénératif</th><td>Si</td></tr><tr><th>Homologué 2 places</th><td>Si</td></tr><tr><th>Marche Arrière</th><td>No</td></tr><tr><th>Prise USB</th><td>Si</td></tr><tr><th>Rangement casque sous la selle</th><td>Si</td></tr><tr><th>Régulateur</th><td>Si</td></tr><tr><th>Categoria omologazione</th><td>L1e</td></tr><tr><th>Code National</th><td>CL</td></tr><tr><th>Couleur</th><td>Blue Billion, Blanc, Bleu mat, Bleu, Gris mat, Noir, Noir Mat, Rouge</td></tr><tr><th>Dimensioni</th><td>180 × 70 × 113 cm</td></tr><tr><th>Marque</th><td>Niu</td></tr><tr><th>Modèle</th><td>NQi Sport</td></tr><tr><th>Patente</th><td>Permis AM, Sans permis</td></tr><tr><th>Peso in ordine di marcia</th><td>99 kg</td></tr></table><h2>Note</h2><p>Disponibilita, prezzi e varianti possono variare. Si consiglia di verificare la configurazione selezionata prima dell'acquisto.</p>",,,,,Scooter elettrici > Sans Permis,,"https://www.go2roues.com/wp-content/uploads/2018/05/niu-nqisport-n1s-gris-mat-trois-quart-face-droit.jpg, https://www.go2roues.com/wp-content/uploads/2018/05/niu-nqi-sport-blanc-trois-quart-face-droit.jpg, https://www.go2roues.com/wp-content/uploads/2018/05/niu-nqisport-n1s-noir-trois-quart-face-droit.jpg, https://www.go2roues.com/wp-content/uploads/2018/05/niu-nqisport-n1s-noir-mat-trois-quart-face-droit.jpg, https://www.go2roues.com/wp-content/uploads/2021/01/niu-nqi-sport-rouge-cote-droit.jpg, https://www.go2roues.com/wp-content/uploads/2018/05/niu-nqisport-n1s-gris-mat-cote-droit.jpg, https://www.go2roues.com/wp-content/uploads/2018/05/niu-nqisport-n1s-gris-mat-quart-arriere-droit.jpg, https://www.go2roues.com/wp-content/uploads/2018/05/niu-nqisport-n1s-gris-mat-vue-arriere.jpg, https://www.go2roues.com/wp-content/uploads/2018/05/niu-nqisport-n1s-gris-mat-trois-quart-arriere-gauche.jpg, https://www.go2roues.com/wp-content/uploads/2018/05/niu-nqisport-n1s-gris-mat-cote-gauche.jpg, https://www.go2roues.com/wp-content/uploads/2024/04/NQI-Sport-bleu-mat-cote-gauche.jpg, https://www.go2roues.com/wp-content/uploads/2018/05/niu-nqisport-n1s-gris-mat-trois-quart-face-gauche.jpg, https://www.go2roues.com/wp-content/uploads/2018/05/niu-nqisport-n1s-gris-mat-vue-devant.jpg, https://www.go2roues.com/wp-content/uploads/2018/05/niu-nqisport-n1s-gris-mat-phare.jpg, https://www.go2roues.com/wp-content/uploads/2018/05/niu-nqisport-n1s-coffre-deux.jpg",,Colore,,1,1,Finitura,,1,1,Niu
variation,nin1sc9550b-2-bleu-mat-55-km,NIU NQi Sport - bleu-mat / 55-km,1,visible,,,1999.00,,yes,notify,,,https://www.go2roues.com/wp-content/uploads/2024/04/NQI-Sport-bleu-mat-avd.jpg,www-go2roues-com-shop-niu-nqi-sport,Colore,Bleu Mat,,,Finitura,,,,Niu
variation,nin1sc9550b-2-rouge-55-km,NIU NQi Sport - rouge / 55-km,1,visible,,,1999.00,,yes,notify,,,https://www.go2roues.com/wp-content/uploads/2021/01/niu-nqi-sport-rouge-cote-droit.jpg,www-go2roues-com-shop-niu-nqi-sport,Colore,Rosso,,,Finitura,,,,Niu
variation,nin1sc9550b-2-noir-mat-55-km,NIU NQi Sport - noir-mat / 55-km,1,visible,,,1999.00,,yes,notify,,,https://www.go2roues.com/wp-content/uploads/2018/05/niu-nqisport-n1s-noir-mat-trois-quart-face-droit.jpg,www-go2roues-com-shop-niu-nqi-sport,Colore,Noir Mat,,,Finitura,,,,Niu
variation,nin1sc9550b-2-blanc-55-km,NIU NQi Sport - blanc / 55-km,1,visible,,,1999.00,,yes,notify,,,https://www.go2roues.com/wp-content/uploads/2018/05/niu-nqi-sport-blanc-trois-quart-face-droit.jpg,www-go2roues-com-shop-niu-nqi-sport,Colore,Bianco,,,Finitura,,,,Niu
variation,nin1sc9550b-2-gris-mat-55-km,NIU NQi Sport - gris-mat / 55-km,1,visible,,,1999.00,,yes,notify,,,https://www.go2roues.com/wp-content/uploads/2018/05/niu-nqisport-n1s-gris-mat-trois-quart-face-droit.jpg,www-go2roues-com-shop-niu-nqi-sport,Colore,Gris Mat,,,Finitura,,,,Niu
variation,nin1sc9550b-2-noir-55-km,NIU NQi Sport - noir / 55-km,1,visible,,,1999.00,,yes,notify,,,https://www.go2roues.com/wp-content/uploads/2018/05/niu-nqisport-n1s-noir-trois-quart-face-droit.jpg,www-go2roues-com-shop-niu-nqi-sport,Colore,Nero,,,Finitura,,,,Niu
variation,nin1sc9550b-2-blanc-80-km,NIU NQi Sport - blanc / 80-km,1,visible,,,2499.00,,yes,notify,,,https://www.go2roues.com/wp-content/uploads/2018/05/niu-nqi-sport-blanc-trois-quart-face-droit.jpg,www-go2roues-com-shop-niu-nqi-sport,Colore,Bianco,,,Finitura,,,,Niu
variation,nin1sc9550b-2-noir-80-km,NIU NQi Sport - noir / 80-km,1,visible,,,2499.00,,yes,notify,,,https://www.go2roues.com/wp-content/uploads/2018/05/niu-nqisport-n1s-noir-trois-quart-face-droit.jpg,www-go2roues-com-shop-niu-nqi-sport,Colore,Nero,,,Finitura,,,,Niu
variation,nin1sc9550b-2-gris-mat-80-km,NIU NQi Sport - gris-mat / 80-km,1,visible,,,2499.00,,yes,notify,,,https://www.go2roues.com/wp-content/uploads/2018/05/niu-nqisport-n1s-gris-mat-trois-quart-face-droit.jpg,www-go2roues-com-shop-niu-nqi-sport,Colore,Gris Mat,,,Finitura,,,,Niu
variation,nin1sc9550b-2-noir-mat-80-km,NIU NQi Sport - noir-mat / 80-km,1,visible,,,2499.00,,yes,notify,,,https://www.go2roues.com/wp-content/uploads/2018/05/niu-nqisport-n1s-noir-mat-trois-quart-face-droit.jpg,www-go2roues-com-shop-niu-nqi-sport,Colore,Noir Mat,,,Finitura,,,,Niu
variation,nin1sc9550b-2-rouge-80-km,NIU NQi Sport - rouge / 80-km,1,visible,,,2499.00,,yes,notify,,,https://www.go2roues.com/wp-content/uploads/2021/01/niu-nqi-sport-rouge-cote-droit.jpg,www-go2roues-com-shop-niu-nqi-sport,Colore,Rosso,,,Finitura,,,,Niu
variable,www-go2roues-com-shop-pink-mobility-pink-start-start-pro,Pink Mobility Pink Start,1,visible,"<p><strong>Pink Mobility Pink Start</strong> di Pink Mobility. <em>Venduto da Distribuzione Import Export S.R.L.</em>.</p><ul><li>Autonomia dichiarata: 70 km, 140 km</li><li>Velocita massima: 45 km/h</li><li>Tempo di ricarica: 4h30, 9h00</li><li>Peso: 87 kg</li></ul>","<h2>Panoramica</h2><p>Contenuto riscritto e ottimizzato per una boutique italiana: informazioni chiare, valori tecnici organizzati e testo pensato per aiutare la decisione d'acquisto.</p><p><strong>Venditore:</strong> Distribuzione Import Export S.R.L.</p><p><strong>Categoria:</strong> Scooter elettrici</p><h2>Punti di forza</h2><ul><li>Face Faucon : un regard acéré et plongeant</li><li>Face Hibou : une signature douce et arrondie</li><li>Face Lynx : des lignes tendues et féline</li><li>Face Puma : un design musclé et compact</li><li>Un meilleur suivi qualité,</li><li>Une logistique optimisée,</li><li>Un véritable engagement pour l’emploi</li><li>Le savoir-faire industriel français.</li></ul><h2>Scheda tecnica</h2><h3>Moteur</h3><table><tr><th>Equivalenza cilindrata</th><td>Équivalent 50 cm3</td></tr><tr><th>Potenza motore</th><td>2 000 W</td></tr><tr><th>Velocita massima</th><td>45 km/h</td></tr></table><h3>Batterie</h3><table><tr><th>Autonomia</th><td>70 km, 140 km</td></tr><tr><th>Batteria rimovibile</th><td>Si</td></tr><tr><th>Caricatore incluso</th><td>Si</td></tr><tr><th>Intensité du chargeur</th><td>7A</td></tr><tr><th>Capacita batteria</th><td>1,8 kWh, 3,6 kWh</td></tr><tr><th>Tempo di ricarica</th><td>4h30, 9h00</td></tr></table><h3>Chassis</h3><table><tr><th>Charge maximale</th><td>223 kg</td></tr><tr><th>Empattement</th><td>1 320 mm</td></tr></table><h3>Partie Cycle</h3><table><tr><th>Taille roue arrière</th><td>90/90-12</td></tr><tr><th>Taille roue avant</th><td>90/90-12</td></tr><tr><th>Type frein arrière</th><td>Tambour</td></tr><tr><th>Type frein avant</th><td>Disque</td></tr><tr><th>Couleur</th><td>Blanc, Noir, Rouge</td></tr><tr><th>Dimensioni</th><td>1900 × 700 × 1120 cm</td></tr><tr><th>Finition</th><td>Gris Orage Brillant, Noir Mat</td></tr><tr><th>Marque</th><td>Pink Mobility</td></tr><tr><th>Modèle</th><td>Faucon, Hibou, Lynx, Puma</td></tr><tr><th>Patente</th><td>Permis AM, Sans permis</td></tr><tr><th>Peso in ordine di marcia</th><td>87 kg</td></tr></table><h2>Note</h2><p>Disponibilita, prezzi e varianti possono variare. Si consiglia di verificare la configurazione selezionata prima dell'acquisto.</p>",,,,,Scooter elettrici,,"https://www.go2roues.com/wp-content/uploads/2025/03/pink-mobility-pink-start-linx-habillage-rouge.png, https://www.go2roues.com/wp-content/uploads/2025/03/pink-mobility-pink-start-avant-droit-hibou.png, https://www.go2roues.com/wp-content/uploads/2025/03/pink-mobility-pink-start-avant-droit-linx.png, https://www.go2roues.com/wp-content/uploads/2026/01/pink-mobility-reseau.jpg, https://www.go2roues.com/wp-content/uploads/2025/03/pink-mobility-pink-start-face-avant-faucon.png, https://www.go2roues.com/wp-content/uploads/2025/03/pink-mobility-pink-start-avant-hibou.png, https://www.go2roues.com/wp-content/uploads/2025/03/pink-mobility-pink-start-avant-linx.png, https://www.go2roues.com/wp-content/uploads/2025/03/pink-mobility-pink-start-cote-gauche.png, https://www.go2roues.com/wp-content/uploads/2025/03/pink-mobility-pink-start-commodo-droit.png, https://www.go2roues.com/wp-content/uploads/2025/03/pink-mobility-pink-start-commodo-gauche.png, https://www.go2roues.com/wp-content/uploads/2025/03/pink-mobility-pink-start-sous-selle.png, https://www.go2roues.com/wp-content/uploads/2025/03/pink-mobility-pink-start-batterie.png, https://www.go2roues.com/wp-content/uploads/2025/03/pink-mobility-pink-start-serrure.png, https://www.go2roues.com/wp-content/uploads/2025/03/pink-mobility-pink-start-cle.png, https://www.go2roues.com/wp-content/uploads/2025/03/pink-mobility-pink-start-selle.png",,Colore,"Bianco, Nero, Rosso",1,1,Finitura,"Gris Orage Brillant, Noir Mat",1,1,Pink Mobility
variation,pink-mobility-pink-start-start-pro-70-km-fa-1sjd2i,Pink Mobility Pink Start - 70-km / faucon / gris-orage-brillant / blanc,1,visible,,,1899.00,,yes,notify,,,https://www.go2roues.com/wp-content/uploads/2025/03/pink-mobility-pink-start-linx-habillage-rouge.png,www-go2roues-com-shop-pink-mobility-pink-start-start-pro,Colore,Bianco,,,Finitura,gris orage brillant,,,Pink Mobility
variation,pink-mobility-pink-start-start-pro-70-km-fa-1rybok,Pink Mobility Pink Start - 70-km / faucon / gris-orage-brillant / noir,1,visible,,,1899.00,,yes,notify,,,https://www.go2roues.com/wp-content/uploads/2025/03/pink-mobility-pink-start-linx-habillage-rouge.png,www-go2roues-com-shop-pink-mobility-pink-start-start-pro,Colore,Nero,,,Finitura,gris orage brillant,,,Pink Mobility
variation,pink-mobility-pink-start-start-pro-70-km-fa-1ss83n,Pink Mobility Pink Start - 70-km / faucon / gris-orage-brillant / rouge,1,visible,,,1899.00,,yes,notify,,,https://www.go2roues.com/wp-content/uploads/2025/03/pink-mobility-pink-start-linx-habillage-rouge.png,www-go2roues-com-shop-pink-mobility-pink-start-start-pro,Colore,Rosso,,,Finitura,gris orage brillant,,,Pink Mobility
variation,pink-mobility-pink-start-start-pro-70-km-hi-11qq41,Pink Mobility Pink Start - 70-km / hibou / gris-orage-brillant / blanc,1,visible,,,1899.00,,yes,notify,,,https://www.go2roues.com/wp-content/uploads/2025/03/pink-mobility-pink-start-linx-habillage-rouge.png,www-go2roues-com-shop-pink-mobility-pink-start-start-pro,Colore,Bianco,,,Finitura,gris orage brillant,,,Pink Mobility
variation,pink-mobility-pink-start-start-pro-70-km-hi-16gti8,Pink Mobility Pink Start - 70-km / hibou / gris-orage-brillant / noir,1,visible,,,1899.00,,yes,notify,,,https://www.go2roues.com/wp-content/uploads/2025/03/pink-mobility-pink-start-linx-habillage-rouge.png,www-go2roues-com-shop-pink-mobility-pink-start-start-pro,Colore,Nero,,,Finitura,gris orage brillant,,,Pink Mobility
variation,pink-mobility-pink-start-start-pro-70-km-hi-11zl55,Pink Mobility Pink Start - 70-km / hibou / gris-orage-brillant / rouge,1,visible,,,1899.00,,yes,notify,,,https://www.go2roues.com/wp-content/uploads/2025/03/pink-mobility-pink-start-linx-habillage-rouge.png,www-go2roues-com-shop-pink-mobility-pink-start-start-pro,Colore,Rosso,,,Finitura,gris orage brillant,,,Pink Mobility
variation,pink-mobility-pink-start-start-pro-70-km-ly-n12yyh,Pink Mobility Pink Start - 70-km / lynx / gris-orage-brillant / blanc,1,visible,,,1899.00,,yes,notify,,,https://www.go2roues.com/wp-content/uploads/2025/03/pink-mobility-pink-start-linx-habillage-rouge.png,www-go2roues-com-shop-pink-mobility-pink-start-start-pro,Colore,Bianco,,,Finitura,gris orage brillant,,,Pink Mobility
variation,pink-mobility-pink-start-start-pro-70-km-ly-1hg66s,Pink Mobility Pink Start - 70-km / lynx / gris-orage-brillant / noir,1,visible,,,1899.00,,yes,notify,,,https://www.go2roues.com/wp-content/uploads/2025/03/pink-mobility-pink-start-linx-habillage-rouge.png,www-go2roues-com-shop-pink-mobility-pink-start-start-pro,Colore,Nero,,,Finitura,gris orage brillant,,,Pink Mobility
variation,pink-mobility-pink-start-start-pro-70-km-ly-n9y02r,Pink Mobility Pink Start - 70-km / lynx / gris-orage-brillant / rouge,1,visible,,,1899.00,,yes,notify,,,https://www.go2roues.com/wp-content/uploads/2025/03/pink-mobility-pink-start-linx-habillage-rouge.png,www-go2roues-com-shop-pink-mobility-pink-start-start-pro,Colore,Rosso,,,Finitura,gris orage brillant,,,Pink Mobility
variation,pink-mobility-pink-start-start-pro-70-km-pu-16jsdh,Pink Mobility Pink Start - 70-km / puma / gris-orage-brillant / blanc,1,visible,,,1899.00,,yes,notify,,,https://www.go2roues.com/wp-content/uploads/2025/03/pink-mobility-pink-start-linx-habillage-rouge.png,www-go2roues-com-shop-pink-mobility-pink-start-start-pro,Colore,Bianco,,,Finitura,gris orage brillant,,,Pink Mobility
variation,pink-mobility-pink-start-start-pro-70-km-pu-hf1fiz,Pink Mobility Pink Start - 70-km / puma / gris-orage-brillant / noir,1,visible,,,1899.00,,yes,notify,,,https://www.go2roues.com/wp-content/uploads/2025/03/pink-mobility-pink-start-linx-habillage-rouge.png,www-go2roues-com-shop-pink-mobility-pink-start-start-pro,Colore,Nero,,,Finitura,gris orage brillant,,,Pink Mobility
variation,pink-mobility-pink-start-start-pro-70-km-pu-16snel,Pink Mobility Pink Start - 70-km / puma / gris-orage-brillant / rouge,1,visible,,,1899.00,,yes,notify,,,https://www.go2roues.com/wp-content/uploads/2025/03/pink-mobility-pink-start-linx-habillage-rouge.png,www-go2roues-com-shop-pink-mobility-pink-start-start-pro,Colore,Rosso,,,Finitura,gris orage brillant,,,Pink Mobility
variation,pink-mobility-pink-start-start-pro-140-km-f-jeldju,Pink Mobility Pink Start - 140-km / faucon / gris-orage-brillant / blanc,1,visible,,,2399.00,,yes,notify,,,https://www.go2roues.com/wp-content/uploads/2025/03/pink-mobility-pink-start-linx-habillage-rouge.png,www-go2roues-com-shop-pink-mobility-pink-start-start-pro,Colore,Bianco,,,Finitura,gris orage brillant,,,Pink Mobility
variation,pink-mobility-pink-start-start-pro-140-km-f-pu41uk,Pink Mobility Pink Start - 140-km / faucon / gris-orage-brillant / noir,1,visible,,,2399.00,,yes,notify,,,https://www.go2roues.com/wp-content/uploads/2025/03/pink-mobility-pink-start-linx-habillage-rouge.png,www-go2roues-com-shop-pink-mobility-pink-start-start-pro,Colore,Nero,,,Finitura,gris orage brillant,,,Pink Mobility
variation,pink-mobility-pink-start-start-pro-140-km-f-jngeo4,Pink Mobility Pink Start - 140-km / faucon / gris-orage-brillant / rouge,1,visible,,,2399.00,,yes,notify,,,https://www.go2roues.com/wp-content/uploads/2025/03/pink-mobility-pink-start-linx-habillage-rouge.png,www-go2roues-com-shop-pink-mobility-pink-start-start-pro,Colore,Rosso,,,Finitura,gris orage brillant,,,Pink Mobility
variation,pink-mobility-pink-start-start-pro-140-km-h-1ynmja,Pink Mobility Pink Start - 140-km / hibou / gris-orage-brillant / blanc,1,visible,,,2399.00,,yes,notify,,,https://www.go2roues.com/wp-content/uploads/2025/03/pink-mobility-pink-start-linx-habillage-rouge.png,www-go2roues-com-shop-pink-mobility-pink-start-start-pro,Colore,Bianco,,,Finitura,gris orage brillant,,,Pink Mobility
variation,pink-mobility-pink-start-start-pro-140-km-h-ibogvj,Pink Mobility Pink Start - 140-km / hibou / gris-orage-brillant / noir,1,visible,,,2399.00,,yes,notify,,,https://www.go2roues.com/wp-content/uploads/2025/03/pink-mobility-pink-start-linx-habillage-rouge.png,www-go2roues-com-shop-pink-mobility-pink-start-start-pro,Colore,Nero,,,Finitura,gris orage brillant,,,Pink Mobility
variation,pink-mobility-pink-start-start-pro-140-km-h-1ywhke,Pink Mobility Pink Start - 140-km / hibou / gris-orage-brillant / rouge,1,visible,,,2399.00,,yes,notify,,,https://www.go2roues.com/wp-content/uploads/2025/03/pink-mobility-pink-start-linx-habillage-rouge.png,www-go2roues-com-shop-pink-mobility-pink-start-start-pro,Colore,Rosso,,,Finitura,gris orage brillant,,,Pink Mobility
variation,pink-mobility-pink-start-start-pro-140-km-l-1xx1zk,Pink Mobility Pink Start - 140-km / lynx / gris-orage-brillant / blanc,1,visible,,,2399.00,,yes,notify,,,https://www.go2roues.com/wp-content/uploads/2025/03/pink-mobility-pink-start-linx-habillage-rouge.png,www-go2roues-com-shop-pink-mobility-pink-start-start-pro,Colore,Bianco,,,Finitura,gris orage brillant,,,Pink Mobility
variation,pink-mobility-pink-start-start-pro-140-km-l-19so7p,Pink Mobility Pink Start - 140-km / lynx / gris-orage-brillant / noir,1,visible,,,2399.00,,yes,notify,,,https://www.go2roues.com/wp-content/uploads/2025/03/pink-mobility-pink-start-linx-habillage-rouge.png,www-go2roues-com-shop-pink-mobility-pink-start-start-pro,Colore,Nero,,,Finitura,gris orage brillant,,,Pink Mobility
variation,pink-mobility-pink-start-start-pro-140-km-l-1y5x0o,Pink Mobility Pink Start - 140-km / lynx / gris-orage-brillant / rouge,1,visible,,,2399.00,,yes,notify,,,https://www.go2roues.com/wp-content/uploads/2025/03/pink-mobility-pink-start-linx-habillage-rouge.png,www-go2roues-com-shop-pink-mobility-pink-start-start-pro,Colore,Rosso,,,Finitura,gris orage brillant,,,Pink Mobility
variation,pink-mobility-pink-start-start-pro-140-km-p-ienc3v,Pink Mobility Pink Start - 140-km / puma / gris-orage-brillant / blanc,1,visible,,,2399.00,,yes,notify,,,https://www.go2roues.com/wp-content/uploads/2025/03/pink-mobility-pink-start-linx-habillage-rouge.png,www-go2roues-com-shop-pink-mobility-pink-start-start-pro,Colore,Bianco,,,Finitura,gris orage brillant,,,Pink Mobility
variation,pink-mobility-pink-start-start-pro-140-km-p-9rjggb,Pink Mobility Pink Start - 140-km / puma / gris-orage-brillant / noir,1,visible,,,2399.00,,yes,notify,,,https://www.go2roues.com/wp-content/uploads/2025/03/pink-mobility-pink-start-linx-habillage-rouge.png,www-go2roues-com-shop-pink-mobility-pink-start-start-pro,Colore,Nero,,,Finitura,gris orage brillant,,,Pink Mobility
variation,pink-mobility-pink-start-start-pro-140-km-p-inid85,Pink Mobility Pink Start - 140-km / puma / gris-orage-brillant / rouge,1,visible,,,2399.00,,yes,notify,,,https://www.go2roues.com/wp-content/uploads/2025/03/pink-mobility-pink-start-linx-habillage-rouge.png,www-go2roues-com-shop-pink-mobility-pink-start-start-pro,Colore,Rosso,,,Finitura,gris orage brillant,,,Pink Mobility
variation,pink-mobility-pink-start-start-pro-70-km-fa-xv6i6g,Pink Mobility Pink Start - 70-km / faucon / noir-mat / blanc,1,visible,,,1899.00,,yes,notify,,,https://www.go2roues.com/wp-content/uploads/2025/03/pink-mobility-pink-start-face-avant-linx-2.png,www-go2roues-com-shop-pink-mobility-pink-start-start-pro,Colore,Bianco,,,Finitura,noir mat,,,Pink Mobility
variation,pink-mobility-pink-start-start-pro-70-km-fa-7z07am,Pink Mobility Pink Start - 70-km / faucon / noir-mat / noir,1,visible,,,1899.00,,yes,notify,,,https://www.go2roues.com/wp-content/uploads/2025/03/pink-mobility-pink-start-face-avant-linx-2.png,www-go2roues-com-shop-pink-mobility-pink-start-start-pro,Colore,Nero,,,Finitura,noir mat,,,Pink Mobility
variation,pink-mobility-pink-start-start-pro-70-km-fa-y41jaq,Pink Mobility Pink Start - 70-km / faucon / noir-mat / rouge,1,visible,,,1899.00,,yes,notify,,,https://www.go2roues.com/wp-content/uploads/2025/03/pink-mobility-pink-start-faucon-habillage-rouge.png,www-go2roues-com-shop-pink-mobility-pink-start-start-pro,Colore,Rosso,,,Finitura,noir mat,,,Pink Mobility
variation,pink-mobility-pink-start-start-pro-70-km-hi-bs7lx7,Pink Mobility Pink Start - 70-km / hibou / noir-mat / blanc,1,visible,,,1899.00,,yes,notify,,,https://www.go2roues.com/wp-content/uploads/2025/03/pink-mobility-pink-start-face-avant-hiboux.png,www-go2roues-com-shop-pink-mobility-pink-start-start-pro,Colore,Bianco,,,Finitura,noir mat,,,Pink Mobility
variation,pink-mobility-pink-start-start-pro-70-km-hi-1jdlkd,Pink Mobility Pink Start - 70-km / hibou / noir-mat / noir,1,visible,,,1899.00,,yes,notify,,,https://www.go2roues.com/wp-content/uploads/2025/03/pink-mobility-pink-start-hibou-habillage-noir.png,www-go2roues-com-shop-pink-mobility-pink-start-start-pro,Colore,Nero,,,Finitura,noir mat,,,Pink Mobility
variation,pink-mobility-pink-start-start-pro-70-km-hi-c12n1h,Pink Mobility Pink Start - 70-km / hibou / noir-mat / rouge,1,visible,,,1899.00,,yes,notify,,,https://www.go2roues.com/wp-content/uploads/2025/03/pink-mobility-pink-start-hiboux-habillage-rouge.png,www-go2roues-com-shop-pink-mobility-pink-start-start-pro,Colore,Rosso,,,Finitura,noir mat,,,Pink Mobility
variation,pink-mobility-pink-start-start-pro-70-km-ly-1pvz5o,Pink Mobility Pink Start - 70-km / lynx / noir-mat / blanc,1,visible,,,1899.00,,yes,notify,,,https://www.go2roues.com/wp-content/uploads/2025/03/pink-mobility-pink-start-face-avant-linx.png,www-go2roues-com-shop-pink-mobility-pink-start-start-pro,Colore,Bianco,,,Finitura,noir mat,,,Pink Mobility
variation,pink-mobility-pink-start-start-pro-70-km-ly-vsf7j1,Pink Mobility Pink Start - 70-km / lynx / noir-mat / noir,1,visible,,,1899.00,,yes,notify,,,https://www.go2roues.com/wp-content/uploads/2025/03/pink-mobility-pink-start-linx-habillage-noir.png,www-go2roues-com-shop-pink-mobility-pink-start-start-pro,Colore,Nero,,,Finitura,noir mat,,,Pink Mobility
variation,pink-mobility-pink-start-start-pro-70-km-ly-1q4u6s,Pink Mobility Pink Start - 70-km / lynx / noir-mat / rouge,1,visible,,,1899.00,,yes,notify,,,https://www.go2roues.com/wp-content/uploads/2025/03/pink-mobility-pink-start-linx-habillage-rouge.png,www-go2roues-com-shop-pink-mobility-pink-start-start-pro,Colore,Rosso,,,Finitura,noir mat,,,Pink Mobility
variation,pink-mobility-pink-start-start-pro-70-km-pu-updud3,Pink Mobility Pink Start - 70-km / puma / noir-mat / blanc,1,visible,,,1899.00,,yes,notify,,,https://www.go2roues.com/wp-content/uploads/2025/03/pink-mobility-pink-start-face-avant-puma.png,www-go2roues-com-shop-pink-mobility-pink-start-start-pro,Colore,Bianco,,,Finitura,noir mat,,,Pink Mobility
variation,pink-mobility-pink-start-start-pro-70-km-pu-lm9cpr,Pink Mobility Pink Start - 70-km / puma / noir-mat / noir,1,visible,,,1899.00,,yes,notify,,,https://www.go2roues.com/wp-content/uploads/2025/03/pink-mobility-pink-start-puma-habillage-noir.png,www-go2roues-com-shop-pink-mobility-pink-start-start-pro,Colore,Nero,,,Finitura,noir mat,,,Pink Mobility
variation,pink-mobility-pink-start-start-pro-70-km-pu-uy8vhd,Pink Mobility Pink Start - 70-km / puma / noir-mat / rouge,1,visible,,,1899.00,,yes,notify,,,https://www.go2roues.com/wp-content/uploads/2025/03/pink-mobility-pink-start-puma-habillage-rouge.png,www-go2roues-com-shop-pink-mobility-pink-start-start-pro,Colore,Rosso,,,Finitura,noir mat,,,Pink Mobility
variation,pink-mobility-pink-start-start-pro-140-km-f-1r5wlh,Pink Mobility Pink Start - 140-km / faucon / noir-mat / blanc,1,visible,,,2399.00,,yes,notify,,,https://www.go2roues.com/wp-content/uploads/2025/03/pink-mobility-pink-start-face-avant-linx-2.png,www-go2roues-com-shop-pink-mobility-pink-start-start-pro,Colore,Bianco,,,Finitura,noir mat,,,Pink Mobility
variation,pink-mobility-pink-start-start-pro-140-km-f-1whpcj,Pink Mobility Pink Start - 140-km / faucon / noir-mat / noir,1,visible,,,2399.00,,yes,notify,,,https://www.go2roues.com/wp-content/uploads/2025/03/pink-mobility-pink-start-faucon-habillage-noir.png,www-go2roues-com-shop-pink-mobility-pink-start-start-pro,Colore,Nero,,,Finitura,noir mat,,,Pink Mobility
variation,pink-mobility-pink-start-start-pro-140-km-f-1rerml,Pink Mobility Pink Start - 140-km / faucon / noir-mat / rouge,1,visible,,,2399.00,,yes,notify,,,https://www.go2roues.com/wp-content/uploads/2025/03/pink-mobility-pink-start-faucon-habillage-rouge.png,www-go2roues-com-shop-pink-mobility-pink-start-start-pro,Colore,Rosso,,,Finitura,noir mat,,,Pink Mobility
variation,pink-mobility-pink-start-start-pro-140-km-h-19sp6z,Pink Mobility Pink Start - 140-km / hibou / noir-mat / blanc,1,visible,,,2399.00,,yes,notify,,,https://www.go2roues.com/wp-content/uploads/2025/03/pink-mobility-pink-start-face-avant-hiboux.png,www-go2roues-com-shop-pink-mobility-pink-start-start-pro,Colore,Bianco,,,Finitura,noir mat,,,Pink Mobility
variation,pink-mobility-pink-start-start-pro-140-km-h-dsm7pn,Pink Mobility Pink Start - 140-km / hibou / noir-mat / noir,1,visible,,,2399.00,,yes,notify,,,https://www.go2roues.com/wp-content/uploads/2025/03/pink-mobility-pink-start-hibou-habillage-noir.png,www-go2roues-com-shop-pink-mobility-pink-start-start-pro,Colore,Nero,,,Finitura,noir mat,,,Pink Mobility
variation,pink-mobility-pink-start-start-pro-140-km-h-1inqb9,Pink Mobility Pink Start - 140-km / hibou / noir-mat / rouge,1,visible,,,2399.00,,yes,notify,,,https://www.go2roues.com/wp-content/uploads/2025/03/pink-mobility-pink-start-hiboux-habillage-rouge.png,www-go2roues-com-shop-pink-mobility-pink-start-start-pro,Colore,Rosso,,,Finitura,noir mat,,,Pink Mobility
variation,pink-mobility-pink-start-start-pro-140-km-l-kazt0p,Pink Mobility Pink Start - 140-km / lynx / noir-mat / blanc,1,visible,,,2399.00,,yes,notify,,,https://www.go2roues.com/wp-content/uploads/2025/03/pink-mobility-pink-start-face-avant-linx.png,www-go2roues-com-shop-pink-mobility-pink-start-start-pro,Colore,Bianco,,,Finitura,noir mat,,,Pink Mobility
variation,pink-mobility-pink-start-start-pro-140-km-l-2ya6ct,Pink Mobility Pink Start - 140-km / lynx / noir-mat / noir,1,visible,,,2399.00,,yes,notify,,,https://www.go2roues.com/wp-content/uploads/2025/03/pink-mobility-pink-start-linx-habillage-noir.png,www-go2roues-com-shop-pink-mobility-pink-start-start-pro,Colore,Nero,,,Finitura,noir mat,,,Pink Mobility
variation,pink-mobility-pink-start-start-pro-140-km-l-kjuu4z,Pink Mobility Pink Start - 140-km / lynx / noir-mat / rouge,1,visible,,,2399.00,,yes,notify,,,https://www.go2roues.com/wp-content/uploads/2025/03/pink-mobility-pink-start-linx-habillage-rouge.png,www-go2roues-com-shop-pink-mobility-pink-start-start-pro,Colore,Rosso,,,Finitura,noir mat,,,Pink Mobility
variation,pink-mobility-pink-start-start-pro-140-km-p-1o5ijo,Pink Mobility Pink Start - 140-km / puma / noir-mat / blanc,1,visible,,,2399.00,,yes,notify,,,https://www.go2roues.com/wp-content/uploads/2025/03/pink-mobility-pink-start-face-avant-puma.png,www-go2roues-com-shop-pink-mobility-pink-start-start-pro,Colore,Bianco,,,Finitura,noir mat,,,Pink Mobility
variation,pink-mobility-pink-start-start-pro-140-km-p-1rt8di,Pink Mobility Pink Start - 140-km / puma / noir-mat / noir,1,visible,,,2399.00,,yes,notify,,,https://www.go2roues.com/wp-content/uploads/2025/03/pink-mobility-pink-start-puma-habillage-noir.png,www-go2roues-com-shop-pink-mobility-pink-start-start-pro,Colore,Nero,,,Finitura,noir mat,,,Pink Mobility
variation,pink-mobility-pink-start-start-pro-140-km-p-1oedks,Pink Mobility Pink Start - 140-km / puma / noir-mat / rouge,1,visible,,,2399.00,,yes,notify,,,https://www.go2roues.com/wp-content/uploads/2025/03/pink-mobility-pink-start-puma-habillage-rouge.png,www-go2roues-com-shop-pink-mobility-pink-start-start-pro,Colore,Rosso,,,Finitura,noir mat,,,Pink Mobility
variable,www-go2roues-com-shop-pink-mobility-pink-up-s,Pink Mobility Pink Up-S,1,visible,"<p><strong>Pink Mobility Pink Up-S</strong> di Pink Mobility. <em>Venduto da Distribuzione Import Export S.R.L.</em>.</p><ul><li>Autonomia dichiarata: 65 km, 90 km, 110 km</li><li>Velocita massima: 45 km/h</li><li>Tempo di ricarica: 4 h</li><li>Peso: 11,6 kg, 8 kg</li></ul>","<h2>Panoramica</h2><p>Contenuto riscritto e ottimizzato per una boutique italiana: informazioni chiare, valori tecnici organizzati e testo pensato per aiutare la decisione d'acquisto.</p><p><strong>Venditore:</strong> Distribuzione Import Export S.R.L.</p><p><strong>Categoria:</strong> Scooter elettrici</p><h2>Punti di forza</h2><ul><li>La version Pink Up-S dispose d’une batterie de 2.1 kWh autorisant 60 km d’autonomie.</li><li>La version Pink Up-S Pro s’équipe d’une batterie de 4.2 kWh autorisant une autonomie de 110 km.</li><li>Caisson de livraison sur mesure</li><li>Pare-brise</li><li>Panier avant</li><li>Sacoches</li><li>Housse de protection de selle</li><li>Support de téléphone</li></ul><h2>Scheda tecnica</h2><h3>Moteur</h3><table><tr><th>Equivalenza cilindrata</th><td>Équivalent 50 cm3</td></tr><tr><th>Potenza motore</th><td>3 000 W, 2 000 W</td></tr><tr><th>Velocita massima</th><td>45 km/h</td></tr></table><h3>Batterie</h3><table><tr><th>Autonomia</th><td>65 km, 90 km, 110 km</td></tr><tr><th>Batteria rimovibile</th><td>Si</td></tr><tr><th>Caricatore incluso</th><td>Si</td></tr><tr><th>Poids de la batterie</th><td>11,6 kg, 8 kg</td></tr><tr><th>Tempo di ricarica</th><td>4 h</td></tr><tr><th>Tipo di batteria</th><td>Lithium</td></tr><tr><th>Voltage & Ampérage de la Batterie</th><td>72V 58Ah ou 72V 29Ah</td></tr></table><h3>Chassis</h3><table><tr><th>Charge maximale</th><td>250 kg</td></tr><tr><th>Empattement</th><td>1 400 mm</td></tr></table><h3>Partie Cycle</h3><table><tr><th>Taille roue arrière</th><td>120/70-12</td></tr><tr><th>Taille roue avant</th><td>90/90-12</td></tr><tr><th>Freinage couplé</th><td>Si</td></tr><tr><th>Marche Arrière</th><td>Si</td></tr><tr><th>Modes de conduites</th><td>3 + Marche arrière</td></tr><tr><th>Prise USB</th><td>Si</td></tr><tr><th>Rangement casque sous la selle</th><td>No</td></tr><tr><th>Categoria omologazione</th><td>L1e</td></tr><tr><th>Code National</th><td>CL</td></tr><tr><th>Couleur</th><td>Blanc, Jaune, Noir</td></tr><tr><th>Dimensioni</th><td>1950 × 730 × 1100 cm</td></tr><tr><th>Marque</th><td>Pink Mobility</td></tr><tr><th>Modèle</th><td>Pink Up-S, Pink Up-S Max, Pink Up-S Pro</td></tr><tr><th>Patente</th><td>Permis AM, Sans permis</td></tr><tr><th>Peso in ordine di marcia</th><td>121 kg</td></tr></table><h2>Note</h2><p>Disponibilita, prezzi e varianti possono variare. Si consiglia di verificare la configurazione selezionata prima dell'acquisto.</p>",,,,,Scooter elettrici,,"https://www.go2roues.com/wp-content/uploads/2025/01/pink-up-s-noir-avd.jpg, https://www.go2roues.com/wp-content/uploads/2025/01/pink-mobility-pink-up-s-noir-avant-cote-gauche-panier.png, https://www.go2roues.com/wp-content/uploads/2025/01/pink-mobility-pink-up-s-noir-avant-gauche.png, https://www.go2roues.com/wp-content/uploads/2025/01/pink-mobility-pink-up-s-blanc-avant-gauche.png, https://www.go2roues.com/wp-content/uploads/2025/01/pink-mobility-pink-up-s-blanc-avant-gauche-panier.png, https://www.go2roues.com/wp-content/uploads/2025/01/pink-mobility-pink-up-s-noir-cote-gauche-caisson.png, https://www.go2roues.com/wp-content/uploads/2025/01/pink-mobility-pink-up-s-noir-cote-gauche-panier.png, https://www.go2roues.com/wp-content/uploads/2025/01/pink-mobility-pink-up-s-noir-cote-gauche.png, https://www.go2roues.com/wp-content/uploads/2025/01/pink-mobility-pink-up-s-blanc-cote-gauche-caisson-panier.png, https://www.go2roues.com/wp-content/uploads/2025/01/pink-mobility-pink-up-s-blanc-cote-gauche-panier.png, https://www.go2roues.com/wp-content/uploads/2026/01/pink-mobility-reseau.jpg, https://www.go2roues.com/wp-content/uploads/2025/01/pink-mobility-pink-up-s-blanc-arriere.png, https://www.go2roues.com/wp-content/uploads/2025/01/pink-mobility-pink-up-s-blanc-avantcaisson.png, https://www.go2roues.com/wp-content/uploads/2025/01/pink-mobility-pink-up-s-blanc-arriere-caisson.png, https://www.go2roues.com/wp-content/uploads/2025/01/pink-mobility-pink-up-s-noir-arriere.png",,Colore,"Bianco, Giallo, Nero",1,1,Finitura,,1,1,Pink Mobility
variation,pink-mobility-pink-up-s-blanc-pink-up-s,Pink Mobility Pink Up-S - blanc / pink-up-s,1,visible,,,3330.00,,yes,no,,,https://www.go2roues.com/wp-content/uploads/2025/01/pink-up-s-noir-avd.jpg,www-go2roues-com-shop-pink-mobility-pink-up-s,Colore,Bianco,,,Finitura,,,,Pink Mobility
variation,pink-mobility-pink-up-s-blanc-pink-up-s-pro,Pink Mobility Pink Up-S - blanc / pink-up-s-pro,1,visible,,,4428.00,,yes,no,,,https://www.go2roues.com/wp-content/uploads/2025/01/pink-up-s-noir-avd.jpg,www-go2roues-com-shop-pink-mobility-pink-up-s,Colore,Bianco,,,Finitura,,,,Pink Mobility
variation,pink-mobility-pink-up-s-blanc-pink-up-s-max,Pink Mobility Pink Up-S - blanc / pink-up-s-max,1,visible,,,4668.00,,yes,no,,,https://www.go2roues.com/wp-content/uploads/2025/01/pink-up-s-noir-avd.jpg,www-go2roues-com-shop-pink-mobility-pink-up-s,Colore,Bianco,,,Finitura,,,,Pink Mobility
variation,pink-mobility-pink-up-s-noir-pink-up-s,Pink Mobility Pink Up-S - noir / pink-up-s,1,visible,,,3330.00,,yes,no,,,https://www.go2roues.com/wp-content/uploads/2025/01/pink-up-s-noir-avd.jpg,www-go2roues-com-shop-pink-mobility-pink-up-s,Colore,Nero,,,Finitura,,,,Pink Mobility
variation,pink-mobility-pink-up-s-noir-pink-up-s-pro,Pink Mobility Pink Up-S - noir / pink-up-s-pro,1,visible,,,4428.00,,yes,no,,,https://www.go2roues.com/wp-content/uploads/2025/01/pink-up-s-noir-avd.jpg,www-go2roues-com-shop-pink-mobility-pink-up-s,Colore,Nero,,,Finitura,,,,Pink Mobility
variation,pink-mobility-pink-up-s-noir-pink-up-s-max,Pink Mobility Pink Up-S - noir / pink-up-s-max,1,visible,,,4668.00,,yes,no,,,https://www.go2roues.com/wp-content/uploads/2025/01/pink-up-s-noir-avd.jpg,www-go2roues-com-shop-pink-mobility-pink-up-s,Colore,Nero,,,Finitura,,,,Pink Mobility
variable,www-go2roues-com-shop-pink-mobility-pink-pop-plus,Pink Mobility Pink Pop Plus,1,visible,"<p><strong>Pink Mobility Pink Pop Plus</strong> di Pink Mobility. <em>Venduto da Distribuzione Import Export S.R.L.</em>.</p><ul><li>Autonomia dichiarata: 120 km</li><li>Velocita massima: 90 km/h</li><li>Tempo di ricarica: 4 h par batterie, 8 h</li><li>Peso: 2×11,6 kg</li></ul>","<h2>Panoramica</h2><p>Contenuto riscritto e ottimizzato per una boutique italiana: informazioni chiare, valori tecnici organizzati e testo pensato per aiutare la decisione d'acquisto.</p><p><strong>Venditore:</strong> Distribuzione Import Export S.R.L.</p><p><strong>Categoria:</strong> Scooter elettrici > 125</p><h2>Punti di forza</h2><ul><li>Un meilleur suivi qualité, Une logistique optimisée, Un véritable engagement pour l’emploi Le savoir-faire industriel français.</li><li>Un meilleur suivi qualité,</li><li>Une logistique optimisée,</li><li>Un véritable engagement pour l’emploi</li><li>Le savoir-faire industriel français.</li></ul><h2>Scheda tecnica</h2><h3>Moteur</h3><table><tr><th>Equivalenza cilindrata</th><td>Équivalent 125 cm3</td></tr><tr><th>Marque du moteur</th><td>Pink Mobility</td></tr><tr><th>Potenza massima</th><td>6 000 W</td></tr><tr><th>Potenza motore</th><td>6 000 W</td></tr><tr><th>Transmission</th><td>Moteur intégré dans la roue arrière</td></tr><tr><th>Velocita massima</th><td>90 km/h</td></tr></table><h3>Batterie</h3><table><tr><th>Autonomia</th><td>120 km</td></tr><tr><th>Batteria rimovibile</th><td>Si</td></tr><tr><th>Caricatore incluso</th><td>Si</td></tr><tr><th>Intensité du chargeur</th><td>10A</td></tr><tr><th>Poids de la batterie</th><td>2×11,6 kg</td></tr><tr><th>Capacita batteria</th><td>2.08 kWh x 2</td></tr><tr><th>Tempo di ricarica</th><td>4 h par batterie, 8 h</td></tr><tr><th>Tipo di batteria</th><td>Lithium</td></tr><tr><th>Voltage & Ampérage de la Batterie</th><td>72V/29Ah x 2</td></tr></table><h3>Chassis</h3><table><tr><th>Charge maximale</th><td>314 kg</td></tr><tr><th>Empattement</th><td>1 380 mm</td></tr><tr><th>Hauteur de selle</th><td>710 mm</td></tr><tr><th>Hauteur hors tout</th><td>1 150 mm</td></tr><tr><th>Largeur hors tout</th><td>720 mm</td></tr><tr><th>Longueur hors tout</th><td>1 920 mm</td></tr></table><h3>Partie Cycle</h3><table><tr><th>Amortisseur arrière réglable</th><td>Si</td></tr><tr><th>Amortisseur avant réglable</th><td>No</td></tr><tr><th>Taille pneu arrière</th><td>120/70-12</td></tr><tr><th>Taille pneu avant</th><td>120/70-12</td></tr><tr><th>Taille roue arrière</th><td>12 pouces</td></tr><tr><th>Taille roue avant</th><td>12 pouces</td></tr><tr><th>Type frein arrière</th><td>Disque</td></tr><tr><th>Type frein avant</th><td>Disque</td></tr><tr><th>Alarme</th><td>Si</td></tr><tr><th>Freinage couplé</th><td>Si</td></tr><tr><th>Homologué 2 places</th><td>Si</td></tr><tr><th>Marche Arrière</th><td>Si</td></tr><tr><th>Prise USB</th><td>No</td></tr><tr><th>Rangement casque sous la selle</th><td>No</td></tr><tr><th>Régulateur</th><td>No</td></tr><tr><th>Categoria omologazione</th><td>L3e</td></tr><tr><th>Code National</th><td>MTL</td></tr><tr><th>Couleur</th><td>Bleu Cendré, Bleu Nuit, RS, Gris, Orange, Vert</td></tr><tr><th>Dimensioni</th><td>192 × 72 × 115 cm</td></tr><tr><th>Keyless</th><td>No</td></tr><tr><th>Marque</th><td>Pink Mobility</td></tr><tr><th>Modèle</th><td>Pink Pop Plus</td></tr><tr><th>Patente</th><td>Permis B + Formation 7h</td></tr><tr><th>Peso in ordine di marcia</th><td>109 kg</td></tr></table><h2>Note</h2><p>Disponibilita, prezzi e varianti possono variare. Si consiglia di verificare la configurazione selezionata prima dell'acquisto.</p>",,,,,Scooter elettrici > 125,,"https://www.go2roues.com/wp-content/uploads/2022/12/pink-mobility-pink-pop-plus-bleu-nuit-trois-quart-face-droit.jpg, https://www.go2roues.com/wp-content/uploads/2022/12/pink-pop-vert-trois-quart-face-droit-1.jpg, https://www.go2roues.com/wp-content/uploads/2022/12/pink-mobility-pink-pop-plus-gris-orage-trois-quart-face-droit.jpg, https://www.go2roues.com/wp-content/uploads/2022/12/pink-mobility-pink-pop-plus-orange-trois-quart-face-droit.jpg, https://www.go2roues.com/wp-content/uploads/2022/12/pink-pop-bleu-trois-quart-face-droit.jpg, https://www.go2roues.com/wp-content/uploads/2026/01/pink-mobility-reseau.jpg, https://www.go2roues.com/wp-content/uploads/2022/12/pink-pop-plus-lifestyle-couple.jpg, https://www.go2roues.com/wp-content/uploads/2022/12/pink-mobility-pink-pop-selle.jpg, https://www.go2roues.com/wp-content/uploads/2022/12/pink-mobility-pink-pop-repose-pied.jpg, https://www.go2roues.com/wp-content/uploads/2022/12/pink-mobility-pink-pop-port-usb.jpg, https://www.go2roues.com/wp-content/uploads/2022/12/pink-mobility-pink-pop-feu-arriere.jpg, https://www.go2roues.com/wp-content/uploads/2022/12/pink-mobility-pink-pop-crochet-sac.jpg, https://www.go2roues.com/wp-content/uploads/2022/12/pink-mobility-pink-pop-contacteur-clef.jpg, https://www.go2roues.com/wp-content/uploads/2022/12/pink-mobility-pink-pop-compteur.jpg, https://www.go2roues.com/wp-content/uploads/2022/12/pink-mobility-pink-pop-commodo-gauche.jpg",,Colore,"Bleu Cendré, Bleu Nuit, Rs, Grigio, Arancione, Verde",1,1,Finitura,,1,1,Pink Mobility
variation,pinkmobpopplus-bleunuit-bleu-nuit,Pink Mobility Pink Pop Plus - bleu-nuit,1,visible,,,4290.00,3690.00,yes,no,,,https://www.go2roues.com/wp-content/uploads/2022/12/pink-mobility-pink-pop-plus-bleu-nuit-trois-quart-face-droit.jpg,www-go2roues-com-shop-pink-mobility-pink-pop-plus,Colore,Bleu Nuit,,,Finitura,,,,Pink Mobility
variation,pinkmobpopplus-vert-vert,Pink Mobility Pink Pop Plus - vert,1,visible,,,4290.00,3690.00,yes,no,,,https://www.go2roues.com/wp-content/uploads/2022/12/pink-pop-vert-trois-quart-face-droit-1.jpg,www-go2roues-com-shop-pink-mobility-pink-pop-plus,Colore,Verde,,,Finitura,,,,Pink Mobility
variable,www-go2roues-com-shop-pink-mobility-pink-pop,Pink Mobility Pink Pop,1,visible,"<p><strong>Pink Mobility Pink Pop</strong> di Pink Mobility. <em>Venduto da Distribuzione Import Export S.R.L.</em>.</p><ul><li>Autonomia dichiarata: 70 km, 140 km</li><li>Velocita massima: 45 km/h</li><li>Tempo di ricarica: 4 h</li><li>Peso: 11,6 kg</li></ul>","<h2>Panoramica</h2><p>Contenuto riscritto e ottimizzato per una boutique italiana: informazioni chiare, valori tecnici organizzati e testo pensato per aiutare la decisione d'acquisto.</p><p><strong>Venditore:</strong> Distribuzione Import Export S.R.L.</p><p><strong>Categoria:</strong> Scooter elettrici > Sans Permis</p><h2>Punti di forza</h2><ul><li>Un meilleur suivi qualité, Une logistique optimisée, Un véritable engagement pour l’emploi Le savoir-faire industriel français.</li><li>Un meilleur suivi qualité,</li><li>Une logistique optimisée,</li><li>Un véritable engagement pour l’emploi</li><li>Le savoir-faire industriel français.</li></ul><h2>Scheda tecnica</h2><h3>Moteur</h3><table><tr><th>Equivalenza cilindrata</th><td>Équivalent 50 cm3</td></tr><tr><th>Marque du moteur</th><td>Pink Mobility</td></tr><tr><th>Potenza massima</th><td>4 200 W</td></tr><tr><th>Potenza motore</th><td>3 000 W</td></tr><tr><th>Transmission</th><td>Moteur intégré dans la roue arrière</td></tr><tr><th>Velocita massima</th><td>45 km/h</td></tr></table><h3>Batterie</h3><table><tr><th>Autonomia</th><td>70 km, 140 km</td></tr><tr><th>Batteria rimovibile</th><td>Si</td></tr><tr><th>Caricatore incluso</th><td>Si</td></tr><tr><th>Intensité du chargeur</th><td>10A</td></tr><tr><th>Poids de la batterie</th><td>11,6 kg</td></tr><tr><th>Capacita batteria</th><td>2.1 kWh</td></tr><tr><th>Tempo di ricarica</th><td>4 h</td></tr><tr><th>Tipo di batteria</th><td>Lithium</td></tr><tr><th>Voltage & Ampérage de la Batterie</th><td>72V/29Ah</td></tr></table><h3>Chassis</h3><table><tr><th>Charge maximale</th><td>314 kg</td></tr><tr><th>Empattement</th><td>1 380 mm</td></tr><tr><th>Hauteur de selle</th><td>710 mm</td></tr><tr><th>Hauteur hors tout</th><td>1 150 mm</td></tr><tr><th>Largeur hors tout</th><td>720 mm</td></tr><tr><th>Longueur hors tout</th><td>1 920 mm</td></tr></table><h3>Partie Cycle</h3><table><tr><th>Amortisseur arrière réglable</th><td>Si</td></tr><tr><th>Amortisseur avant réglable</th><td>No</td></tr><tr><th>Taille pneu arrière</th><td>120/70-12</td></tr><tr><th>Taille pneu avant</th><td>120/70-12</td></tr><tr><th>Taille roue arrière</th><td>12 pouces</td></tr><tr><th>Taille roue avant</th><td>12 pouces</td></tr><tr><th>Type frein arrière</th><td>Disque</td></tr><tr><th>Type frein avant</th><td>Disque</td></tr><tr><th>Alarme</th><td>Si</td></tr><tr><th>Freinage couplé</th><td>No</td></tr><tr><th>Homologué 2 places</th><td>Si</td></tr><tr><th>Marche Arrière</th><td>Si</td></tr><tr><th>Prise USB</th><td>Si</td></tr><tr><th>Rangement casque sous la selle</th><td>No</td></tr><tr><th>Categoria omologazione</th><td>L1e</td></tr><tr><th>Code National</th><td>CL</td></tr><tr><th>Couleur</th><td>Bleu Cendré, Bleu Nuit, Gris Orage, Noir Mat, Vert</td></tr><tr><th>Dimensioni</th><td>178 × 66 × 108 cm</td></tr><tr><th>Marque</th><td>Pink Mobility</td></tr><tr><th>Modèle</th><td>Pink Pop</td></tr><tr><th>Patente</th><td>Sans permis</td></tr><tr><th>Peso in ordine di marcia</th><td>70 kg</td></tr></table><h2>Note</h2><p>Disponibilita, prezzi e varianti possono variare. Si consiglia di verificare la configurazione selezionata prima dell'acquisto.</p>",,,,,Scooter elettrici > Sans Permis,,"https://www.go2roues.com/wp-content/uploads/2022/12/pink-pop-vert-trois-quart-face-droit-1.jpg, https://www.go2roues.com/wp-content/uploads/2022/12/pink-pop-bleu-trois-quart-face-droit.jpg, https://www.go2roues.com/wp-content/uploads/2022/12/pink-mobility-pink-pop-plus-gris-orage-trois-quart-face-droit.jpg, https://www.go2roues.com/wp-content/uploads/2026/01/pink-mobility-reseau.jpg, https://www.go2roues.com/wp-content/uploads/2022/12/pink-mobility-pink-pop-selle.jpg, https://www.go2roues.com/wp-content/uploads/2022/12/pink-mobility-pink-pop-repose-pied.jpg, https://www.go2roues.com/wp-content/uploads/2022/12/pink-mobility-pink-pop-port-usb.jpg, https://www.go2roues.com/wp-content/uploads/2022/12/pink-mobility-pink-pop-feu-arriere.jpg, https://www.go2roues.com/wp-content/uploads/2022/12/pink-mobility-pink-pop-crochet-sac.jpg, https://www.go2roues.com/wp-content/uploads/2022/12/pink-mobility-pink-pop-contacteur-clef.jpg, https://www.go2roues.com/wp-content/uploads/2022/12/pink-mobility-pink-pop-compteur.jpg, https://www.go2roues.com/wp-content/uploads/2022/12/pink-mobility-pink-pop-commodo-gauche.jpg, https://www.go2roues.com/wp-content/uploads/2022/12/pink-mobility-pink-pop-commodo-droit.jpg, https://www.go2roues.com/wp-content/uploads/2022/12/pink-mobility-pink-pop-boite-gant.jpg, https://www.go2roues.com/wp-content/uploads/2022/12/pink-mobility-pink-pop-batteries.jpg",,Colore,"Bleu Cendré, Bleu Nuit, Gris Orage, Noir Mat, Verde",1,1,Finitura,,1,1,Pink Mobility
variation,pinkmobpop-140-km-noir-mat,Pink Mobility Pink Pop - 140-km / noir-mat,1,visible,,,4098.00,3590.00,yes,notify,,,https://www.go2roues.com/wp-content/uploads/2026/04/1H9A7773.jpg,www-go2roues-com-shop-pink-mobility-pink-pop,Colore,Noir Mat,,,Finitura,,,,Pink Mobility
variation,pinkmobpop-140-km-bleu-cendre,Pink Mobility Pink Pop - 140-km / bleu-cendre,1,visible,,,4098.00,,yes,notify,,,https://www.go2roues.com/wp-content/uploads/2022/12/pink-pop-bleu-trois-quart-face-droit.jpg,www-go2roues-com-shop-pink-mobility-pink-pop,Colore,Bleu Cendre,,,Finitura,,,,Pink Mobility
variation,pinkmobpop-140-km-vert,Pink Mobility Pink Pop - 140-km / vert,1,visible,,,4098.00,3590.00,yes,notify,,,https://www.go2roues.com/wp-content/uploads/2022/12/pink-pop-vert-trois-quart-face-droit-1.jpg,www-go2roues-com-shop-pink-mobility-pink-pop,Colore,Verde,,,Finitura,,,,Pink Mobility
variation,pinkmobpop-140-km-bleu-nuit,Pink Mobility Pink Pop - 140-km / bleu-nuit,1,visible,,,4098.00,3590.00,yes,notify,,,https://www.go2roues.com/wp-content/uploads/2022/12/pink-mobility-pink-pop-plus-bleu-nuit-trois-quart-face-droit.jpg,www-go2roues-com-shop-pink-mobility-pink-pop,Colore,Bleu Nuit,,,Finitura,,,,Pink Mobility
variation,pinkmobpop-140-km-gris-orage,Pink Mobility Pink Pop - 140-km / gris-orage,1,visible,,,4098.00,3590.00,yes,notify,,,https://www.go2roues.com/wp-content/uploads/2022/12/pink-pop-gris-trois-quart-face-droit.jpg,www-go2roues-com-shop-pink-mobility-pink-pop,Colore,Gris Orage,,,Finitura,,,,Pink Mobility
variation,pinkmobpop-70-km-noir-mat,Pink Mobility Pink Pop - 70-km / noir-mat,1,visible,,,2990.00,2490.00,yes,notify,,,https://www.go2roues.com/wp-content/uploads/2026/04/1H9A7773.jpg,www-go2roues-com-shop-pink-mobility-pink-pop,Colore,Noir Mat,,,Finitura,,,,Pink Mobility
variation,pinkmobpop-70-km-bleu-nuit,Pink Mobility Pink Pop - 70-km / bleu-nuit,1,visible,,,2990.00,2490.00,yes,notify,,,https://www.go2roues.com/wp-content/uploads/2022/12/pink-mobility-pink-pop-plus-bleu-nuit-trois-quart-face-droit.jpg,www-go2roues-com-shop-pink-mobility-pink-pop,Colore,Bleu Nuit,,,Finitura,,,,Pink Mobility
variation,pinkmobpop-70-km-gris-orage,Pink Mobility Pink Pop - 70-km / gris-orage,1,visible,,,2990.00,2490.00,yes,notify,,,https://www.go2roues.com/wp-content/uploads/2022/12/pink-mobility-pink-pop-plus-gris-orage-trois-quart-face-droit.jpg,www-go2roues-com-shop-pink-mobility-pink-pop,Colore,Gris Orage,,,Finitura,,,,Pink Mobility
variation,pinkmobpop-70-km-bleu-cendre,Pink Mobility Pink Pop - 70-km / bleu-cendre,1,visible,,,2990.00,,yes,notify,,,https://www.go2roues.com/wp-content/uploads/2022/12/pink-pop-bleu-trois-quart-face-droit.jpg,www-go2roues-com-shop-pink-mobility-pink-pop,Colore,Bleu Cendre,,,Finitura,,,,Pink Mobility
variation,pinkmobpop-70-km-vert,Pink Mobility Pink Pop - 70-km / vert,1,visible,,,2990.00,2490.00,yes,notify,,,https://www.go2roues.com/wp-content/uploads/2022/12/pink-pop-vert-trois-quart-face-droit-1.jpg,www-go2roues-com-shop-pink-mobility-pink-pop,Colore,Verde,,,Finitura,,,,Pink Mobility
variable,www-go2roues-com-shop-pink-mobility-pink-fly,Pink Mobility Pink Fly,1,visible,"<p><strong>Pink Mobility Pink Fly</strong> di Pink Mobility. <em>Venduto da Distribuzione Import Export S.R.L.</em>.</p><ul><li>Autonomia dichiarata: 230 km, 190 km</li><li>Velocita massima: 130 km/h</li><li>Tempo di ricarica: 6 h</li><li>Peso: 197 kg</li></ul>","<h2>Panoramica</h2><p>Contenuto riscritto e ottimizzato per una boutique italiana: informazioni chiare, valori tecnici organizzati e testo pensato per aiutare la decisione d'acquisto.</p><p><strong>Venditore:</strong> Distribuzione Import Export S.R.L.</p><p><strong>Categoria:</strong> Scooter elettrici > Maxi scooter</p><h2>Punti di forza</h2><ul><li>Un meilleur suivi qualité, Une logistique optimisée, Un véritable engagement pour l’emploi Le savoir-faire industriel français.</li><li>Un meilleur suivi qualité,</li><li>Une logistique optimisée,</li><li>Un véritable engagement pour l’emploi</li><li>Le savoir-faire industriel français.</li></ul><h2>Scheda tecnica</h2><h3>Moteur</h3><table><tr><th>Equivalenza cilindrata</th><td>Équivalent 125 cm3</td></tr><tr><th>Marque du moteur</th><td>Pink Mobility</td></tr><tr><th>Potenza massima</th><td>19 000 W</td></tr><tr><th>Potenza motore</th><td>7 000 W</td></tr><tr><th>Transmission</th><td>Moteur intégré dans la roue arrière</td></tr><tr><th>Velocita massima</th><td>130 km/h</td></tr></table><h3>Batterie</h3><table><tr><th>Autonomia</th><td>230 km, 190 km</td></tr><tr><th>Batteria rimovibile</th><td>No</td></tr><tr><th>Caricatore incluso</th><td>Si</td></tr><tr><th>Intensité du chargeur</th><td>18A</td></tr><tr><th>Capacita batteria</th><td>10,5 kWh</td></tr><tr><th>Tempo di ricarica</th><td>6 h</td></tr><tr><th>Tipo di batteria</th><td>Lithium</td></tr><tr><th>Voltage & Ampérage de la Batterie</th><td>72V 114Ah</td></tr></table><h3>Chassis</h3><table><tr><th>Charge maximale</th><td>328 kg</td></tr><tr><th>Empattement</th><td>1 580 mm</td></tr><tr><th>Hauteur de selle</th><td>840 mm</td></tr><tr><th>Hauteur hors tout</th><td>1 400 mm</td></tr><tr><th>Largeur hors tout</th><td>785 mm</td></tr><tr><th>Longueur hors tout</th><td>2 200 mm</td></tr></table><h3>Partie Cycle</h3><table><tr><th>Amortisseur arrière réglable</th><td>Si</td></tr><tr><th>Amortisseur avant réglable</th><td>No</td></tr><tr><th>Taille pneu arrière</th><td>120/80-14</td></tr><tr><th>Taille pneu avant</th><td>110/80-14</td></tr><tr><th>Taille roue arrière</th><td>14 pouces</td></tr><tr><th>Taille roue avant</th><td>14 pouces</td></tr><tr><th>Type frein arrière</th><td>Disque</td></tr><tr><th>Type frein avant</th><td>ABS avant</td></tr><tr><th>Alarme</th><td>Si</td></tr><tr><th>Freinage couplé</th><td>ABS, Oui</td></tr><tr><th>Freinage régénératif</th><td>Si</td></tr><tr><th>Homologué 2 places</th><td>Si</td></tr><tr><th>Marche Arrière</th><td>Si</td></tr><tr><th>Modes de conduites</th><td>3 + Marche arrière</td></tr><tr><th>Prise USB</th><td>Si</td></tr><tr><th>Rangement casque sous la selle</th><td>Si</td></tr><tr><th>Régulateur</th><td>No</td></tr><tr><th>Accélération</th><td>0 à 100 km/h en 10 secondes, 0 à 50 km/h en 4.2 secondes</td></tr><tr><th>Categoria omologazione</th><td>L3e</td></tr><tr><th>Code National</th><td>MTL</td></tr><tr><th>Couleur</th><td>Bleu, Gris, Noir, Orange, Rouge, Vert</td></tr><tr><th>Dimensioni</th><td>217 × 78 × 132 cm</td></tr><tr><th>Finition</th><td>Phase 1, Phase 2, Phase 3, Phase 3 Long Range</td></tr><tr><th>Marque</th><td>Pink Mobility</td></tr><tr><th>Modèle</th><td>Pink Fly</td></tr><tr><th>Patente</th><td>Permis A1, Permis B + Formation 7h, Permis moto</td></tr><tr><th>Peso in ordine di marcia</th><td>197 kg</td></tr></table><h2>Note</h2><p>Disponibilita, prezzi e varianti possono variare. Si consiglia di verificare la configurazione selezionata prima dell'acquisto.</p>",,,,,Scooter elettrici > Maxi scooter,,"https://www.go2roues.com/wp-content/uploads/2020/12/pink-mobility-pink-fly-bleu-trois-quart-face-droit-1.jpg, https://www.go2roues.com/wp-content/uploads/2020/12/pink-mobility-pink-fly-vert-trois-quart-face-droit-1.jpg, https://www.go2roues.com/wp-content/uploads/2020/12/pink-mobility-pink-fly-rouge-trois-quart-face-droit-1.jpg, https://www.go2roues.com/wp-content/uploads/2020/12/pink-mobility-pink-fly-orange-2023-trois-quart-face-gauche.jpg, https://www.go2roues.com/wp-content/uploads/2020/12/pink-mobility-pink-fly-gris-orage-2023-trois-quart-face-gauche.jpg, https://www.go2roues.com/wp-content/uploads/2026/01/pink-mobility-reseau.jpg, https://www.go2roues.com/wp-content/uploads/2020/12/pink-fly-coffre.jpg, https://www.go2roues.com/wp-content/uploads/2020/12/pink-mobility-pink-fly-lifestyle-logo.jpg, https://www.go2roues.com/wp-content/uploads/2020/12/pink-mobility-pink-fly-lifestyle-departementale.jpg, https://www.go2roues.com/wp-content/uploads/2020/12/pink-mobility-pink-fly-lifestyle-clef.jpg, https://www.go2roues.com/wp-content/uploads/2020/12/pink-mobility-pink-fly-cable-de-charge.jpg, https://www.go2roues.com/wp-content/uploads/2020/12/pink-fly-couple-roule.jpg, https://www.go2roues.com/wp-content/uploads/2020/12/pink-fly-couple-parking.jpg, https://www.go2roues.com/wp-content/uploads/2020/12/PINK-FLY-PHASE-3-ABS.png, https://www.go2roues.com/wp-content/uploads/2020/12/PINK-FLY-PHASE-3-T2.png",,Colore,"Blu, Grigio, Nero, Arancione, Rosso, Verde",1,1,Finitura,"Fase 1, Fase 2, Fase 3, Fase 3 Long Range",1,1,Pink Mobility
variation,pink-mobility-pink-fly-phase-3-long-range-vert,Pink Mobility Pink Fly - phase-3-long-range / vert,1,visible,,,8390.00,7990.00,yes,no,,,https://www.go2roues.com/wp-content/uploads/2020/12/pink-mobility-pink-fly-vert-trois-quart-face-droit.jpg,www-go2roues-com-shop-pink-mobility-pink-fly,Colore,Verde,,,Finitura,fase 3 long range,,,Pink Mobility
variation,pink-mobility-pink-fly-phase-3-long-range-rouge,Pink Mobility Pink Fly - phase-3-long-range / rouge,1,visible,,,8390.00,7990.00,yes,no,,,https://www.go2roues.com/wp-content/uploads/2020/12/pink-mobility-pink-fly-rouge-trois-quart-face-droit-1.jpg,www-go2roues-com-shop-pink-mobility-pink-fly,Colore,Rosso,,,Finitura,fase 3 long range,,,Pink Mobility
variation,pink-mobility-pink-fly-phase-3-long-range-orange,Pink Mobility Pink Fly - phase-3-long-range / orange,1,visible,,,8390.00,7990.00,yes,no,,,https://www.go2roues.com/wp-content/uploads/2020/12/pink-mobility-pink-fly-orange-trois-quart-face-droit-1.jpg,www-go2roues-com-shop-pink-mobility-pink-fly,Colore,Arancione,,,Finitura,fase 3 long range,,,Pink Mobility
variation,pink-mobility-pink-fly-phase-3-long-range-noir,Pink Mobility Pink Fly - phase-3-long-range / noir,1,visible,,,8390.00,7990.00,yes,no,,,https://www.go2roues.com/wp-content/uploads/2020/12/pink-mobility-pink-fly-noir-trois-quart-face-droit-1.jpg,www-go2roues-com-shop-pink-mobility-pink-fly,Colore,Nero,,,Finitura,fase 3 long range,,,Pink Mobility
variation,pink-mobility-pink-fly-phase-3-long-range-gris,Pink Mobility Pink Fly - phase-3-long-range / gris,1,visible,,,8390.00,7990.00,yes,no,,,https://www.go2roues.com/wp-content/uploads/2020/12/pink-mobility-pink-fly-gris-trois-quart-face-droit-1.jpg,www-go2roues-com-shop-pink-mobility-pink-fly,Colore,Grigio,,,Finitura,fase 3 long range,,,Pink Mobility
variation,pink-mobility-pink-fly-phase-3-long-range-bleu,Pink Mobility Pink Fly - phase-3-long-range / bleu,1,visible,,,8390.00,7990.00,yes,no,,,https://www.go2roues.com/wp-content/uploads/2020/12/pink-mobility-pink-fly-bleu-trois-quart-face-droit-1.jpg,www-go2roues-com-shop-pink-mobility-pink-fly,Colore,Blu,,,Finitura,fase 3 long range,,,Pink Mobility
variation,pink-mobility-pink-fly-phase-2-bleu,Pink Mobility Pink Fly - phase-2 / bleu,1,visible,,,6990.00,5490.00,yes,no,,,https://www.go2roues.com/wp-content/uploads/2020/12/pink-mobility-pink-fly-bleu-trois-quart-face-droit-1.jpg,www-go2roues-com-shop-pink-mobility-pink-fly,Colore,Blu,,,Finitura,fase 2,,,Pink Mobility
variable,www-go2roues-com-shop-pink-mobility-pink-style-plus,Pink Mobility Pink Style Plus,1,visible,"<p><strong>Pink Mobility Pink Style Plus</strong> di Pink Mobility. <em>Venduto da Distribuzione Import Export S.R.L.</em>.</p><ul><li>Autonomia dichiarata: 120 km</li><li>Velocita massima: 85 km/h</li><li>Tempo di ricarica: 3h à 80%, 4h à 100%</li><li>Peso: 2×11,6 kg</li></ul>","<h2>Panoramica</h2><p>Contenuto riscritto e ottimizzato per una boutique italiana: informazioni chiare, valori tecnici organizzati e testo pensato per aiutare la decisione d'acquisto.</p><p><strong>Venditore:</strong> Distribuzione Import Export S.R.L.</p><p><strong>Categoria:</strong> Scooter elettrici > 125</p><h2>Punti di forza</h2><ul><li>Un meilleur suivi qualité, Une logistique optimisée, Un véritable engagement pour l’emploi Le savoir-faire industriel français.</li><li>Un meilleur suivi qualité,</li><li>Une logistique optimisée,</li><li>Un véritable engagement pour l’emploi</li><li>Le savoir-faire industriel français.</li></ul><h2>Scheda tecnica</h2><h3>Moteur</h3><table><tr><th>Equivalenza cilindrata</th><td>Équivalent 125 cm3</td></tr><tr><th>Marque du moteur</th><td>Pink Mobility</td></tr><tr><th>Potenza massima</th><td>6 000 W</td></tr><tr><th>Potenza motore</th><td>3 000 W</td></tr><tr><th>Transmission</th><td>Moteur intégré dans la roue arrière</td></tr><tr><th>Velocita massima</th><td>85 km/h</td></tr></table><h3>Batterie</h3><table><tr><th>Autonomia</th><td>120 km</td></tr><tr><th>Batteria rimovibile</th><td>Si</td></tr><tr><th>Caricatore incluso</th><td>Si</td></tr><tr><th>Intensité du chargeur</th><td>10A</td></tr><tr><th>Poids de la batterie</th><td>2×11,6 kg</td></tr><tr><th>Capacita batteria</th><td>2.08 kWh x 2</td></tr><tr><th>Tempo di ricarica</th><td>3h à 80%, 4h à 100%</td></tr><tr><th>Tipo di batteria</th><td>Lithium</td></tr><tr><th>Voltage & Ampérage de la Batterie</th><td>72V / 29Ah x 2</td></tr></table><h3>Chassis</h3><table><tr><th>Charge maximale</th><td>251 kg</td></tr><tr><th>Empattement</th><td>1 300 mm</td></tr><tr><th>Garde au sol minimale</th><td>130 mm</td></tr><tr><th>Hauteur de selle</th><td>750 mm</td></tr><tr><th>Hauteur hors tout</th><td>1 140 mm</td></tr><tr><th>Largeur hors tout</th><td>780 mm</td></tr><tr><th>Longueur hors tout</th><td>1 900 mm</td></tr></table><h3>Partie Cycle</h3><table><tr><th>Amortisseur arrière réglable</th><td>No</td></tr><tr><th>Amortisseur avant réglable</th><td>No</td></tr><tr><th>Taille pneu arrière</th><td>120/70-12</td></tr><tr><th>Taille pneu avant</th><td>120/70-12</td></tr><tr><th>Taille roue arrière</th><td>12 pouces</td></tr><tr><th>Taille roue avant</th><td>12 pouces</td></tr><tr><th>Type frein arrière</th><td>Disque</td></tr><tr><th>Type frein avant</th><td>Disque</td></tr><tr><th>Alarme</th><td>Si</td></tr><tr><th>Freinage couplé</th><td>ABS</td></tr><tr><th>Freinage régénératif</th><td>No</td></tr><tr><th>Homologué 2 places</th><td>Si</td></tr><tr><th>Marche Arrière</th><td>Si</td></tr><tr><th>Modes de conduites</th><td>3 + Marche arrière</td></tr><tr><th>Prise USB</th><td>Si</td></tr><tr><th>Rangement casque sous la selle</th><td>No</td></tr><tr><th>Régulateur</th><td>No</td></tr><tr><th>Categoria omologazione</th><td>L3e</td></tr><tr><th>Code National</th><td>MTL</td></tr><tr><th>Couleur</th><td>Gris Orage, Bleu Diesel Mat, Gris anthracite mat, Noir Mat, Sable</td></tr><tr><th>Marque</th><td>Pink Mobility</td></tr><tr><th>Modèle</th><td>Pink Style Plus</td></tr><tr><th>Patente</th><td>Permis B + Formation 7h</td></tr><tr><th>Peso in ordine di marcia</th><td>106 kg</td></tr></table><h2>Note</h2><p>Disponibilita, prezzi e varianti possono variare. Si consiglia di verificare la configurazione selezionata prima dell'acquisto.</p>",,,,,Scooter elettrici > 125,,"https://www.go2roues.com/wp-content/uploads/2020/08/PS-BLEU-AVD.jpg, https://www.go2roues.com/wp-content/uploads/2026/01/PinkStyle-Bleu-037-FACE.jpg, https://www.go2roues.com/wp-content/uploads/2026/01/PinkStyle-Bleu-010-PROFIL.jpg, https://www.go2roues.com/wp-content/uploads/2026/01/PinkStyle-Bleu-002_DOS.jpg, https://www.go2roues.com/wp-content/uploads/2026/01/PinkStyle-Sable-025_3QUART.jpg, https://www.go2roues.com/wp-content/uploads/2026/01/PinkStyle-Sable-037-PROFIL.jpg, https://www.go2roues.com/wp-content/uploads/2026/01/PinkStyle-Gris-037-PROFIL.jpg, https://www.go2roues.com/wp-content/uploads/2026/01/PinkStyle-Sable-025_3QUART-.jpg, https://www.go2roues.com/wp-content/uploads/2026/01/PinkStyle-NOIR-026-3QUART-1.jpg, https://www.go2roues.com/wp-content/uploads/2026/01/PinkStyle-NOIR-010-PROFIL.jpg, https://www.go2roues.com/wp-content/uploads/2026/01/16_pinkstyleplus_Sable_selle_127.jpg, https://www.go2roues.com/wp-content/uploads/2026/01/BD-Style-ABS-Roue-AV.jpg, https://www.go2roues.com/wp-content/uploads/2026/01/BD-Style-ABS-Roue-AR.jpg, https://www.go2roues.com/wp-content/uploads/2026/01/pink-mobility-reseau.jpg, http://www.go2roues.com/wp-content/uploads/2020/08/PS-BLEU-AVD.jpg",,Colore,"Gris Orage, Bleu Diesel Mat, Gris Anthracite Mat, Noir Mat, Sable",1,1,Finitura,,1,1,Pink Mobility
variation,pink-mobility-pink-style-plus-noir-mat,Pink Mobility Pink Style Plus - noir-mat,1,visible,,,4190.00,3790.00,yes,notify,,,https://www.go2roues.com/wp-content/uploads/2026/01/PinkStyle-NOIR-026-3QUART-1.jpg,www-go2roues-com-shop-pink-mobility-pink-style-plus,Colore,Noir Mat,,,Finitura,,,,Pink Mobility
variation,pink-mobility-pink-style-plus-bleu-diesel-mat,Pink Mobility Pink Style Plus - bleu-diesel-mat,1,visible,,,4190.00,3790.00,yes,notify,,,https://www.go2roues.com/wp-content/uploads/2020/08/PS-BLEU-AVD.jpg,www-go2roues-com-shop-pink-mobility-pink-style-plus,Colore,Bleu Diesel Mat,,,Finitura,,,,Pink Mobility
variation,pink-mobility-pink-style-plus-sable,Pink Mobility Pink Style Plus - sable,1,visible,,,4190.00,3790.00,yes,notify,,,https://www.go2roues.com/wp-content/uploads/2026/01/PinkStyle-Sable-025_3QUART.jpg,www-go2roues-com-shop-pink-mobility-pink-style-plus,Colore,Sable,,,Finitura,,,,Pink Mobility
variable,www-go2roues-com-shop-pink-mobility-pink-me,Pink Mobility Pink Me,1,visible,"<p><strong>Pink Mobility Pink Me</strong> di Pink Mobility. <em>Venduto da Distribuzione Import Export S.R.L.</em>.</p><ul><li>Autonomia dichiarata: 50 km, 100 km</li><li>Velocita massima: 45 km/h</li><li>Tempo di ricarica: 6 h</li><li>Peso: 9 kg</li></ul>","<h2>Panoramica</h2><p>Contenuto riscritto e ottimizzato per una boutique italiana: informazioni chiare, valori tecnici organizzati e testo pensato per aiutare la decisione d'acquisto.</p><p><strong>Venditore:</strong> Distribuzione Import Export S.R.L.</p><p><strong>Categoria:</strong> Scooter elettrici</p><h2>Punti di forza</h2><ul><li>Un meilleur suivi qualité, Une logistique optimisée, Un véritable engagement pour l’emploi Le savoir-faire industriel français.</li><li>Un meilleur suivi qualité,</li><li>Une logistique optimisée,</li><li>Un véritable engagement pour l’emploi</li><li>Le savoir-faire industriel français.</li></ul><h2>Scheda tecnica</h2><h3>Moteur</h3><table><tr><th>Couple maximal</th><td>110 Nm</td></tr><tr><th>Equivalenza cilindrata</th><td>Équivalent 50 cm3</td></tr><tr><th>Marque du moteur</th><td>Bosch</td></tr><tr><th>Potenza massima</th><td>2 000 W</td></tr><tr><th>Potenza motore</th><td>1 900 W</td></tr><tr><th>Transmission</th><td>Moteur intégré dans la roue arrière</td></tr><tr><th>Velocita massima</th><td>45 km/h</td></tr></table><h3>Batterie</h3><table><tr><th>Autonomia</th><td>50 km, 100 km</td></tr><tr><th>Batteria rimovibile</th><td>Si</td></tr><tr><th>Caricatore incluso</th><td>Si</td></tr><tr><th>Intensité du chargeur</th><td>4A</td></tr><tr><th>Poids de la batterie</th><td>9 kg</td></tr><tr><th>Capacita batteria</th><td>1.44 kWh, 1.44 kWh x 2</td></tr><tr><th>Tempo di ricarica</th><td>6 h</td></tr><tr><th>Tipo di batteria</th><td>Lithium</td></tr><tr><th>Voltage & Ampérage de la Batterie</th><td>60V / 24Ah, 60V / 24Ah x 2</td></tr></table><h3>Chassis</h3><table><tr><th>Charge maximale</th><td>231 kg</td></tr><tr><th>Empattement</th><td>1 225 mm</td></tr><tr><th>Garde au sol minimale</th><td>145 mm</td></tr><tr><th>Hauteur de selle</th><td>730 mm</td></tr><tr><th>Hauteur hors tout</th><td>1 090 mm</td></tr><tr><th>Largeur hors tout</th><td>750 mm</td></tr><tr><th>Longueur hors tout</th><td>1 680 mm</td></tr></table><h3>Partie Cycle</h3><table><tr><th>Amortisseur arrière réglable</th><td>Si</td></tr><tr><th>Amortisseur avant réglable</th><td>No</td></tr><tr><th>Taille pneu arrière</th><td>100/80-10</td></tr><tr><th>Taille pneu avant</th><td>3.0-10</td></tr><tr><th>Taille roue arrière</th><td>10 pouces</td></tr><tr><th>Taille roue avant</th><td>10 pouces</td></tr><tr><th>Type frein arrière</th><td>Tambour</td></tr><tr><th>Type frein avant</th><td>Disque</td></tr><tr><th>Freinage couplé</th><td>No</td></tr><tr><th>Freinage régénératif</th><td>Si</td></tr><tr><th>Homologué 2 places</th><td>Si</td></tr><tr><th>Marche Arrière</th><td>No</td></tr><tr><th>Prise USB</th><td>Si</td></tr><tr><th>Rangement casque sous la selle</th><td>No</td></tr><tr><th>Régulateur</th><td>Si</td></tr><tr><th>Categoria omologazione</th><td>L1e</td></tr><tr><th>Code National</th><td>CL</td></tr><tr><th>Couleur</th><td>Gris/Vert, Noir/Orange, Noir/Vert, Rouge/Gris, Blanc, Gris, Gris/Bleu, Gris/Orange, Noir, Noir/Bleu</td></tr><tr><th>Dimensioni</th><td>178 × 66 × 108 cm</td></tr><tr><th>Marque</th><td>Pink Mobility</td></tr><tr><th>Modèle</th><td>Pink Me</td></tr><tr><th>Patente</th><td>Sans permis</td></tr><tr><th>Peso in ordine di marcia</th><td>70 kg</td></tr></table><h2>Note</h2><p>Disponibilita, prezzi e varianti possono variare. Si consiglia di verificare la configurazione selezionata prima dell'acquisto.</p>",,,,,Scooter elettrici,,"https://www.go2roues.com/wp-content/uploads/2019/04/pink-me-gris-2023-trois-quart-face-droit.jpg, https://www.go2roues.com/wp-content/uploads/2019/04/pink-me-noir-2023-trois-quart-face-gauche.jpg, https://www.go2roues.com/wp-content/uploads/2019/04/pink-me-rouge-gris-2023-trois-quart-face-gauche.jpg, https://www.go2roues.com/wp-content/uploads/2026/01/pink-mobility-reseau.jpg, https://www.go2roues.com/wp-content/uploads/2019/04/pink-me-gris-2023-cote-gauche.jpg, https://www.go2roues.com/wp-content/uploads/2019/04/pink-me-gris-2023-vue-devant.jpg, https://www.go2roues.com/wp-content/uploads/2019/04/pink-mobility-pink-me-coffre-batterie.jpg, https://www.go2roues.com/wp-content/uploads/2019/04/pink-mobility-pink-me-commodo-gauche.jpg, https://www.go2roues.com/wp-content/uploads/2019/04/pink-mobility-pink-me-compteur.jpg, https://www.go2roues.com/wp-content/uploads/2019/04/pink-mobility-pink-me-gris-phare.jpg, https://www.go2roues.com/wp-content/uploads/2019/04/pink-mobility-pink-me-moteur.jpg, https://www.go2roues.com/wp-content/uploads/2019/04/pink-me-lifestyle-village.jpg, https://www.go2roues.com/wp-content/uploads/2019/04/pink-me-lifestyle-jeune-fille.jpg, http://www.go2roues.com/wp-content/uploads/2019/04/pink-me-gris-2023-trois-quart-face-droit.jpg",,Colore,"Gris/Vert, Noir/Orange, Noir/Vert, Rouge/Gris, Bianco, Grigio, Gris/Bleu, Gris/Orange, Nero, Noir/Bleu",1,1,Finitura,,1,1,Pink Mobility
variation,pinkmobpinkme-50-km-noir,Pink Mobility Pink Me - 50-km / noir,1,visible,,,2380.00,1790.00,yes,notify,,,https://www.go2roues.com/wp-content/uploads/2019/04/pink-me-noir-2023-trois-quart-face-gauche.jpg,www-go2roues-com-shop-pink-mobility-pink-me,Colore,Nero,,,Finitura,,,,Pink Mobility
variation,pinkmobpinkme-50-km-gris,Pink Mobility Pink Me - 50-km / gris,1,visible,,,2380.00,1790.00,yes,notify,,,https://www.go2roues.com/wp-content/uploads/2019/04/pink-me-gris-2023-trois-quart-face-droit.jpg,www-go2roues-com-shop-pink-mobility-pink-me,Colore,Grigio,,,Finitura,,,,Pink Mobility
variation,pinkmobpinkme-50-km-rouge-gris,Pink Mobility Pink Me - 50-km / rouge-gris,1,visible,,,2380.00,1790.00,yes,notify,,,https://www.go2roues.com/wp-content/uploads/2022/06/pink-me-rouge-gris-trois-quart-face-droit.jpg,www-go2roues-com-shop-pink-mobility-pink-me,Colore,Rouge Gris,,,Finitura,,,,Pink Mobility
variation,pinkmobpinkme-100-km-noir,Pink Mobility Pink Me - 100-km / noir,1,visible,,,3079.00,2690.00,yes,notify,,,https://www.go2roues.com/wp-content/uploads/2019/04/pink-me-noir-2023-trois-quart-face-gauche.jpg,www-go2roues-com-shop-pink-mobility-pink-me,Colore,Nero,,,Finitura,,,,Pink Mobility
variation,pinkmobpinkme-100-km-gris,Pink Mobility Pink Me - 100-km / gris,1,visible,,,3079.00,2690.00,yes,notify,,,https://www.go2roues.com/wp-content/uploads/2019/04/pink-me-gris-2023-trois-quart-face-droit.jpg,www-go2roues-com-shop-pink-mobility-pink-me,Colore,Grigio,,,Finitura,,,,Pink Mobility
variation,pinkmobpinkme-100-km-rouge-gris,Pink Mobility Pink Me - 100-km / rouge-gris,1,visible,,,3079.00,2690.00,yes,notify,,,https://www.go2roues.com/wp-content/uploads/2019/04/pink-me-rouge-gris-2023-trois-quart-face-gauche.jpg,www-go2roues-com-shop-pink-mobility-pink-me,Colore,Rouge Gris,,,Finitura,,,,Pink Mobility
variable,www-go2roues-com-shop-pink-mobility-pink-up,Pink Mobility Pink Up,1,visible,<p><strong>Pink Mobility Pink Up</strong> di Pink Mobility. <em>Venduto da Distribuzione Import Export S.R.L.</em>.</p><ul><li>Autonomia dichiarata: 80 km</li><li>Velocita massima: 45 km/h</li><li>Tempo di ricarica: 4 h</li><li>Peso: 8 kg</li></ul>,"<h2>Panoramica</h2><p>Contenuto riscritto e ottimizzato per una boutique italiana: informazioni chiare, valori tecnici organizzati e testo pensato per aiutare la decisione d'acquisto.</p><p><strong>Venditore:</strong> Distribuzione Import Export S.R.L.</p><p><strong>Categoria:</strong> Scooter elettrici > Sans Permis</p><h2>Punti di forza</h2><ul><li>Un meilleur suivi qualité, Une logistique optimisée, Un véritable engagement pour l’emploi Le savoir-faire industriel français.</li><li>Un meilleur suivi qualité,</li><li>Une logistique optimisée,</li><li>Un véritable engagement pour l’emploi</li><li>Le savoir-faire industriel français.</li></ul><h2>Scheda tecnica</h2><h3>Moteur</h3><table><tr><th>Equivalenza cilindrata</th><td>Équivalent 50 cm3</td></tr><tr><th>Marque du moteur</th><td>Pink Mobility</td></tr><tr><th>Potenza massima</th><td>3 000 W</td></tr><tr><th>Potenza motore</th><td>2 000 W</td></tr><tr><th>Transmission</th><td>Moteur intégré dans la roue arrière</td></tr><tr><th>Velocita massima</th><td>45 km/h</td></tr></table><h3>Batterie</h3><table><tr><th>Autonomia</th><td>80 km</td></tr><tr><th>Batteria rimovibile</th><td>Si</td></tr><tr><th>Caricatore incluso</th><td>Si</td></tr><tr><th>Intensité du chargeur</th><td>5A</td></tr><tr><th>Poids de la batterie</th><td>8 kg</td></tr><tr><th>Capacita batteria</th><td>3.2 kWh</td></tr><tr><th>Tempo di ricarica</th><td>4 h</td></tr><tr><th>Tipo di batteria</th><td>Lithium</td></tr><tr><th>Voltage & Ampérage de la Batterie</th><td>60V / 26Ah x 2</td></tr></table><h3>Chassis</h3><table><tr><th>Charge maximale</th><td>247 kg</td></tr><tr><th>Empattement</th><td>1 395 mm</td></tr><tr><th>Garde au sol minimale</th><td>130 mm</td></tr><tr><th>Hauteur de selle</th><td>750 mm</td></tr><tr><th>Hauteur hors tout</th><td>1 125 mm</td></tr><tr><th>Largeur hors tout</th><td>700 mm</td></tr><tr><th>Longueur hors tout</th><td>1 870 mm</td></tr></table><h3>Partie Cycle</h3><table><tr><th>Amortisseur arrière réglable</th><td>No</td></tr><tr><th>Amortisseur avant réglable</th><td>No</td></tr><tr><th>Taille pneu arrière</th><td>120/70-12</td></tr><tr><th>Taille pneu avant</th><td>90/90-12</td></tr><tr><th>Taille roue arrière</th><td>12 pouces</td></tr><tr><th>Taille roue avant</th><td>12 pouces</td></tr><tr><th>Type frein arrière</th><td>Disque</td></tr><tr><th>Type frein avant</th><td>Disque</td></tr><tr><th>Alarme</th><td>No</td></tr><tr><th>Freinage couplé</th><td>No</td></tr><tr><th>Freinage régénératif</th><td>Si</td></tr><tr><th>Homologué 2 places</th><td>No</td></tr><tr><th>Marche Arrière</th><td>Si</td></tr><tr><th>Prise USB</th><td>Si</td></tr><tr><th>Rangement casque sous la selle</th><td>No</td></tr><tr><th>Régulateur</th><td>No</td></tr><tr><th>Categoria omologazione</th><td>L1e</td></tr><tr><th>Code National</th><td>CL</td></tr><tr><th>Couleur</th><td>Blanc, Noir, Rouge</td></tr><tr><th>Dimensioni</th><td>187 × 70 × 112 cm</td></tr><tr><th>Marque</th><td>Pink Mobility</td></tr><tr><th>Modèle</th><td>Pink Up</td></tr><tr><th>Patente</th><td>Sans permis</td></tr><tr><th>Peso in ordine di marcia</th><td>99 kg</td></tr></table><h2>Note</h2><p>Disponibilita, prezzi e varianti possono variare. Si consiglia di verificare la configurazione selezionata prima dell'acquisto.</p>",,,,,Scooter elettrici > Sans Permis,,"https://www.go2roues.com/wp-content/uploads/2018/05/pink-mobility-pink-up-blanc-trois-quart-face-droite.jpg, https://www.go2roues.com/wp-content/uploads/2018/05/pink-mobility-pink-up-noir-trois-quart-face-droite.jpg, https://www.go2roues.com/wp-content/uploads/2018/05/pink-mobility-pink-up-rouge-trois-quart-face-droite.jpg, https://www.go2roues.com/wp-content/uploads/2018/05/pink-mobility-pink-up-blanc-cote-gauche.jpg, https://www.go2roues.com/wp-content/uploads/2018/05/pink-mobility-pink-up-compteur.jpg, https://www.go2roues.com/wp-content/uploads/2018/05/pink-mobility-pink-up-blanc-vue-devant.jpg, https://www.go2roues.com/wp-content/uploads/2018/05/pink-mobility-pink-up-blanc-vue-arriere.jpg, https://www.go2roues.com/wp-content/uploads/2018/05/pink-mobility-pink-up-batterie-main-branchement.jpg, https://www.go2roues.com/wp-content/uploads/2026/01/pink-mobility-reseau.jpg, http://www.go2roues.com/wp-content/uploads/2018/05/pink-mobility-pink-up-blanc-trois-quart-face-droite.jpg",,Colore,"Bianco, Nero, Rosso",1,1,Finitura,,1,1,Pink Mobility
variation,pipisc9912n-1-blanc,Pink Mobility Pink Up - blanc,1,visible,,,3948.00,,yes,no,,,https://www.go2roues.com/wp-content/uploads/2018/05/pink-mobility-pink-up-blanc-trois-quart-face-droite.jpg,www-go2roues-com-shop-pink-mobility-pink-up,Colore,Bianco,,,Finitura,,,,Pink Mobility
variation,pipisc9912n-1-noir,Pink Mobility Pink Up - noir,1,visible,,,3948.00,,yes,no,,,https://www.go2roues.com/wp-content/uploads/2018/05/pink-mobility-pink-up-noir-trois-quart-face-droite.jpg,www-go2roues-com-shop-pink-mobility-pink-up,Colore,Nero,,,Finitura,,,,Pink Mobility
variation,pipisc9912n-1-rouge,Pink Mobility Pink Up - rouge,1,visible,,,3948.00,,yes,no,,,https://www.go2roues.com/wp-content/uploads/2018/05/pink-mobility-pink-up-rouge-trois-quart-face-droite.jpg,www-go2roues-com-shop-pink-mobility-pink-up,Colore,Rosso,,,Finitura,,,,Pink Mobility
variable,www-go2roues-com-shop-pink-mobility-pink-style,Pink Mobility Pink Style,1,visible,"<p><strong>Pink Mobility Pink Style</strong> di Pink Mobility. <em>Venduto da Distribuzione Import Export S.R.L.</em>.</p><ul><li>Autonomia dichiarata: 60 km, 120 km</li><li>Velocita massima: 45 km/h</li><li>Tempo di ricarica: Non</li><li>Peso: 11,6 kg par batterie</li></ul>","<h2>Panoramica</h2><p>Contenuto riscritto e ottimizzato per una boutique italiana: informazioni chiare, valori tecnici organizzati e testo pensato per aiutare la decisione d'acquisto.</p><p><strong>Venditore:</strong> Distribuzione Import Export S.R.L.</p><p><strong>Categoria:</strong> Scooter elettrici > Sans Permis</p><h2>Punti di forza</h2><ul><li>Le second mode permet d’atteindre les 30 km/h et permettra de circuler sereinement en zone 30, par exemple.</li><li>Le mode 3 libèrera toute la puissance du moteur et permettra d’atteindre les 45 km/h.</li><li>Un meilleur suivi qualité, Une logistique optimisée, Un véritable engagement pour l’emploi Le savoir-faire industriel français.</li><li>Un meilleur suivi qualité,</li><li>Une logistique optimisée,</li><li>Un véritable engagement pour l’emploi</li><li>Le savoir-faire industriel français.</li></ul><h2>Scheda tecnica</h2><h3>Moteur</h3><table><tr><th>Equivalenza cilindrata</th><td>Équivalent 50 cm3</td></tr><tr><th>Marque du moteur</th><td>Pink Mobility</td></tr><tr><th>Potenza massima</th><td>4 200 W</td></tr><tr><th>Potenza motore</th><td>3 000 W</td></tr><tr><th>Transmission</th><td>Moteur intégré dans la roue arrière</td></tr><tr><th>Velocita massima</th><td>45 km/h</td></tr></table><h3>Batterie</h3><table><tr><th>Autonomia</th><td>60 km, 120 km</td></tr><tr><th>Batteria rimovibile</th><td>Si</td></tr><tr><th>Caricatore incluso</th><td>Si</td></tr><tr><th>Intensité du chargeur</th><td>5A</td></tr><tr><th>Poids de la batterie</th><td>11,6 kg par batterie</td></tr><tr><th>Capacita batteria</th><td>2.1 kWh, 2.1 kWh x 2</td></tr><tr><th>Recharge compatible T2</th><td>No</td></tr><tr><th>Tempo di ricarica</th><td>4 h</td></tr><tr><th>Tipo di batteria</th><td>Lithium</td></tr><tr><th>Voltage & Ampérage de la Batterie</th><td>72V / 29Ah</td></tr></table><h3>Chassis</h3><table><tr><th>Charge maximale</th><td>251 kg</td></tr><tr><th>Empattement</th><td>1 300 mm</td></tr><tr><th>Garde au sol minimale</th><td>130 mm</td></tr><tr><th>Hauteur de selle</th><td>750 mm</td></tr><tr><th>Hauteur hors tout</th><td>1 140 mm</td></tr><tr><th>Largeur hors tout</th><td>780 mm</td></tr><tr><th>Longueur hors tout</th><td>1 900 mm</td></tr></table><h3>Partie Cycle</h3><table><tr><th>Amortisseur arrière réglable</th><td>No</td></tr><tr><th>Amortisseur avant réglable</th><td>No</td></tr><tr><th>Taille pneu arrière</th><td>120/70-12</td></tr><tr><th>Taille pneu avant</th><td>120/70-12</td></tr><tr><th>Taille roue arrière</th><td>12 pouces</td></tr><tr><th>Taille roue avant</th><td>12 pouces</td></tr><tr><th>Type frein arrière</th><td>Disque</td></tr><tr><th>Type frein avant</th><td>Disque</td></tr><tr><th>Alarme</th><td>No</td></tr><tr><th>Freinage couplé</th><td>No</td></tr><tr><th>Freinage régénératif</th><td>No</td></tr><tr><th>Homologué 2 places</th><td>Si</td></tr><tr><th>Marche Arrière</th><td>No</td></tr><tr><th>Prise USB</th><td>Si</td></tr><tr><th>Rangement casque sous la selle</th><td>No</td></tr><tr><th>Régulateur</th><td>No</td></tr><tr><th>Categoria omologazione</th><td>L1e</td></tr><tr><th>Code National</th><td>CL</td></tr><tr><th>Couleur</th><td>Gris Orage, Bleu Lagon, Bleu Diesel Mat, Gris anthracite mat, Gris Anthracite, Noir Mat, Rouge, Vert Menthol</td></tr><tr><th>Dimensioni</th><td>190 × 72 × 103 cm</td></tr><tr><th>Marque</th><td>Pink Mobility</td></tr><tr><th>Modèle</th><td>Pink Style</td></tr><tr><th>Patente</th><td>Sans permis</td></tr><tr><th>Peso in ordine di marcia</th><td>99 kg</td></tr></table><h2>Note</h2><p>Disponibilita, prezzi e varianti possono variare. Si consiglia di verificare la configurazione selezionata prima dell'acquisto.</p>",,,,,Scooter elettrici > Sans Permis,,"https://www.go2roues.com/wp-content/uploads/2020/08/pink-mobility-pink-style-plus-bleu-diesel-trois-quart-face-droit.jpg, https://www.go2roues.com/wp-content/uploads/2018/05/pink-mobility-pink-style-noir-2023-trois-quart-face-gauche.jpg, https://www.go2roues.com/wp-content/uploads/2018/05/pink-mobility-pink-style-gris-orange-2023-trois-quart-face-gauche.jpg, https://www.go2roues.com/wp-content/uploads/2018/05/pink-mobility-pink-style-bleu-diesel-2023-vue-devant.jpg, https://www.go2roues.com/wp-content/uploads/2018/05/pink-mobility-pink-style-bleu-diesel-2023-cote-gauche.jpg, https://www.go2roues.com/wp-content/uploads/2018/05/pink-mobility-pink-style-bleu-diesel-2023-vue-arriere.jpg, https://www.go2roues.com/wp-content/uploads/2026/01/pink-mobility-reseau.jpg, https://www.go2roues.com/wp-content/uploads/2020/08/pink-mobility-pink-style-plus-bleu-diesel-compteur.jpg, https://www.go2roues.com/wp-content/uploads/2020/08/pink-mobility-pink-style-plus-bleu-diesel-commodo-gauche.jpg, https://www.go2roues.com/wp-content/uploads/2020/08/pink-mobility-pink-style-plus-bleu-diesel-commodo-droit.jpg, https://www.go2roues.com/wp-content/uploads/2020/08/pink-mobility-pink-style-plus-bleu-diesel-vue-arriere-gros-plan.jpg, https://www.go2roues.com/wp-content/uploads/2020/08/pink-mobility-pink-style-plus-bleu-diesel-tablier-gros-plan.jpg, https://www.go2roues.com/wp-content/uploads/2020/08/pink-mobility-pink-style-plus-bleu-diesel-moteur.jpg, https://www.go2roues.com/wp-content/uploads/2018/05/pink-mobility-pink-style-lifestyle-jeune-fille-rue.jpg, https://www.go2roues.com/wp-content/uploads/2018/05/pink-mobility-pink-style-lifestyle-batterie-insertion-carre.jpg",,Colore,"Gris Orage, Bleu Lagon, Bleu Diesel Mat, Gris Anthracite Mat, Gris Anthracite, Noir Mat, Rosso, Vert Menthol",1,1,Finitura,,1,1,Pink Mobility
variation,pipisc99elr-1-bleu-lagon-60-km,Pink Mobility Pink Style - bleu-lagon / 60-km,1,visible,,,2890.00,2190.00,yes,notify,,,https://www.go2roues.com/wp-content/uploads/2020/08/pink-mobility-pink-style-plus-bleu-diesel-trois-quart-face-droit.jpg,www-go2roues-com-shop-pink-mobility-pink-style,Colore,Bleu Lagon,,,Finitura,,,,Pink Mobility
variation,pipisc99elr-1-bleu-lagon-120-km,Pink Mobility Pink Style - bleu-lagon / 120-km,1,visible,,,3989.00,3289.00,yes,notify,,,https://www.go2roues.com/wp-content/uploads/2020/08/pink-mobility-pink-style-plus-bleu-diesel-trois-quart-face-droit.jpg,www-go2roues-com-shop-pink-mobility-pink-style,Colore,Bleu Lagon,,,Finitura,,,,Pink Mobility
variation,pipisc99elr-1-gris-orage-60-km,Pink Mobility Pink Style - gris-orage / 60-km,1,visible,,,2890.00,2190.00,yes,notify,,,https://www.go2roues.com/wp-content/uploads/2018/05/pink-mobility-pink-style-gris-orange-2023-trois-quart-face-gauche.jpg,www-go2roues-com-shop-pink-mobility-pink-style,Colore,Gris Orage,,,Finitura,,,,Pink Mobility
variation,pipisc99elr-1-gris-orage-120-km,Pink Mobility Pink Style - gris-orage / 120-km,1,visible,,,3989.00,3289.00,yes,notify,,,https://www.go2roues.com/wp-content/uploads/2018/05/pink-mobility-pink-style-gris-orange-2023-trois-quart-face-gauche.jpg,www-go2roues-com-shop-pink-mobility-pink-style,Colore,Gris Orage,,,Finitura,,,,Pink Mobility
variation,pipisc99elr-1-bleu-diesel-mat-60-km,Pink Mobility Pink Style - bleu-diesel-mat / 60-km,1,visible,,,2890.00,2190.00,yes,notify,,,https://www.go2roues.com/wp-content/uploads/2018/05/pink-mobility-pink-style-bleu-diesel-2023-trois-quart-face-droit.jpg,www-go2roues-com-shop-pink-mobility-pink-style,Colore,Bleu Diesel Mat,,,Finitura,,,,Pink Mobility
variation,pipisc99elr-1-bleu-diesel-mat-120-km,Pink Mobility Pink Style - bleu-diesel-mat / 120-km,1,visible,,,3989.00,3289.00,yes,notify,,,https://www.go2roues.com/wp-content/uploads/2018/05/pink-mobility-pink-style-bleu-diesel-2023-trois-quart-face-droit.jpg,www-go2roues-com-shop-pink-mobility-pink-style,Colore,Bleu Diesel Mat,,,Finitura,,,,Pink Mobility
variable,www-go2roues-com-shop-pink-mobility-blast,Pink Mobility Blast,1,visible,<p><strong>Pink Mobility Blast</strong> di Pink Mobility. <em>Venduto da Distribuzione Import Export S.R.L.</em>.</p><ul><li>Autonomia dichiarata: 150 km</li><li>Velocita massima: 130 km/h</li><li>Tempo di ricarica: 2 à 3 h</li><li>Peso: 18 kg</li></ul>,"<h2>Panoramica</h2><p>Contenuto riscritto e ottimizzato per una boutique italiana: informazioni chiare, valori tecnici organizzati e testo pensato per aiutare la decisione d'acquisto.</p><p><strong>Venditore:</strong> Distribuzione Import Export S.R.L.</p><p><strong>Categoria:</strong> Scooter elettrici</p><h2>Punti di forza</h2><ul><li>Vitesse max : 130 km/h (Mode Sport) pour doubler sereinement.</li><li>Autonomie : Jusqu’à 150 km (Mode Éco) / Env. 100 km (Usage mixte réel).</li><li>Pratique : 2 Batteries amovibles (recharge sur prise 220V classique).</li><li>Sécurité & Tech : ABS de série, écran tactile 7 pouces et démarrage sans clé.</li><li>Moteur hub QS Motor (sans entretien) affichant 11 kW en pic pour des relances instantanées.</li><li>0 à 50 km/h en 3,32 s : en ville, vous partez devant.</li><li>Traction Control (TCS) anti-patinage + ABS : sérénité sur sol gras, pavés, pluie.</li><li>Énergie embarquée : 6,7 kWh (74 V) : jusqu’à 150 km d’autonomie réelle en mode Éco.</li></ul><h2>Scheda tecnica</h2><h3>Moteur</h3><table><tr><th>Couple maximal</th><td>239 Nm</td></tr><tr><th>Equivalenza cilindrata</th><td>Équivalent 125 cm3</td></tr><tr><th>Potenza massima</th><td>11 000 W</td></tr><tr><th>Potenza motore</th><td>6 000 W</td></tr><tr><th>Velocita massima</th><td>130 km/h</td></tr></table><h3>Batterie</h3><table><tr><th>Autonomia</th><td>150 km</td></tr><tr><th>Batteria rimovibile</th><td>Si</td></tr><tr><th>Caricatore incluso</th><td>Si</td></tr><tr><th>Poids de la batterie</th><td>18 kg</td></tr><tr><th>Capacita batteria</th><td>6.7 kWh</td></tr><tr><th>Tempo di ricarica</th><td>2 à 3 h</td></tr><tr><th>Tipo di batteria</th><td>Lithium</td></tr><tr><th>Voltage & Ampérage de la Batterie</th><td>74V / 45 Ah</td></tr></table><h3>Chassis</h3><table><tr><th>Empattement</th><td>1410 mm</td></tr><tr><th>Hauteur de selle</th><td>800 mm</td></tr><tr><th>Hauteur hors tout</th><td>1135 mm</td></tr><tr><th>Largeur hors tout</th><td>775 mm</td></tr><tr><th>Longueur hors tout</th><td>1 955 mm</td></tr></table><h3>Partie Cycle</h3><table><tr><th>Taille pneu arrière</th><td>130/70-13</td></tr><tr><th>Taille pneu avant</th><td>110/70/13</td></tr><tr><th>Type frein arrière</th><td>Disque</td></tr><tr><th>Alarme</th><td>Si</td></tr><tr><th>Freinage couplé</th><td>ABS</td></tr><tr><th>Freinage régénératif</th><td>Si</td></tr><tr><th>Homologué 2 places</th><td>Si</td></tr><tr><th>Marche Arrière</th><td>Si</td></tr><tr><th>Modes de conduites</th><td>3 + Marche arrière</td></tr><tr><th>Prise USB</th><td>Si</td></tr><tr><th>Accélération</th><td>0 à 50 km/h en 3,3 secondes</td></tr><tr><th>Categoria omologazione</th><td>L3e</td></tr><tr><th>Code National</th><td>MTL</td></tr><tr><th>Couleur</th><td>Gris Orage, Noir brillant, Vert</td></tr><tr><th>Dimensioni</th><td>193,5 × 72,5 × 124 cm</td></tr><tr><th>Marque</th><td>Pink Mobility</td></tr><tr><th>Modèle</th><td>Blast</td></tr><tr><th>Patente</th><td>Permis A1, Permis B + Formation 7h</td></tr><tr><th>Peso in ordine di marcia</th><td>144 kg</td></tr></table><h2>Note</h2><p>Disponibilita, prezzi e varianti possono variare. Si consiglia di verificare la configurazione selezionata prima dell'acquisto.</p>",,,,,Scooter elettrici,,"https://www.go2roues.com/wp-content/uploads/2025/11/pink-blast-3-quarts-avant-droit-noir.jpg, https://www.go2roues.com/wp-content/uploads/2025/11/pink-blast-noir-profil-gauche.jpg, https://www.go2roues.com/wp-content/uploads/2025/11/pink-blast-arriere-noir.jpg, https://www.go2roues.com/wp-content/uploads/2025/11/pink-blast-noir-face-avant.jpg, https://www.go2roues.com/wp-content/uploads/2025/11/top-case-pink-blast-45-litres.jpg, https://www.go2roues.com/wp-content/uploads/2025/11/pink-blast-tableau-bord.jpg, https://www.go2roues.com/wp-content/uploads/2026/01/pink-mobility-reseau.jpg, https://www.go2roues.com/wp-content/uploads/2025/11/pink-blast-roue-arriere-frein-abs.jpg, https://www.go2roues.com/wp-content/uploads/2025/11/pink-blast-batterie-selle.jpg, https://www.go2roues.com/wp-content/uploads/2025/11/pink-blast-boite-gants.jpg, https://www.go2roues.com/wp-content/uploads/2025/11/pink-blast-prise-chargeur-t2.jpg, https://www.go2roues.com/wp-content/uploads/2025/11/pink-blast-dashcam.jpg, https://www.go2roues.com/wp-content/uploads/2025/11/pink-blast-support-top-case.jpg, https://www.go2roues.com/wp-content/uploads/2025/11/pink-blast-commodos-droit.jpg, https://www.go2roues.com/wp-content/uploads/2025/11/Baptiste-Henry-Agence-Oblique-PINK-58.jpg",,Colore,"Gris Orage, Noir Brillant, Verde",1,1,Finitura,,1,1,Pink Mobility
variation,pink-mobility-blast-vert,Pink Mobility Blast - vert,1,visible,,,5890.00,5490.00,yes,notify,,,https://www.go2roues.com/wp-content/uploads/2026/01/pink-blast-vert-avant-droit-trois-quart.jpg,www-go2roues-com-shop-pink-mobility-blast,Colore,Verde,,,Finitura,,,,Pink Mobility
variation,pink-mobility-blast-gris-orage,Pink Mobility Blast - gris-orage,1,visible,,,5890.00,5490.00,yes,notify,,,https://www.go2roues.com/wp-content/uploads/2025/11/PBL-avd-gris.jpg,www-go2roues-com-shop-pink-mobility-blast,Colore,Gris Orage,,,Finitura,,,,Pink Mobility
variation,pink-mobility-blast-noir-brillant,Pink Mobility Blast - noir-brillant,1,visible,,,5890.00,5490.00,yes,notify,,,https://www.go2roues.com/wp-content/uploads/2025/11/pink-blast-3-quarts-avant-droit-noir.jpg,www-go2roues-com-shop-pink-mobility-blast,Colore,Noir Brillant,,,Finitura,,,,Pink Mobility
